date,asset,episode,log_growth,cost_fraction,turnover,event,price,quantity_change,equity_after
2021-01-01,ETH,1,-0.0004620663056338762,0.0004619595694388897,0.3185928065095791,entry,736.42,0.00043262378331601414,0.9995380404305612
2021-01-01,ETH,1,-0.00010472500758769067,0.00010471952411549739,0.0,funding,736.42,0.0,0.9994333692826319
2021-01-01,ETH,1,0.005430719688698029,0.0,0.0,mark,749.0,0.0,1.0048757764767473
2021-01-01,ETH,1,-0.015056289508182911,0.0,0.0,mark,714.29,0.0,0.9898594049578484
2021-01-01,ETH,1,0.006369427695623933,0.0,0.0,mark,728.91,0.0,0.9961843646699285
2021-01-02,ETH,1,0.0,0.0,0.0,mark,728.91,0.0,0.9961843646699285
2021-01-02,ETH,1,-0.00010400594971984643,0.00010400054128855808,0.0,funding,728.91,0.0,0.9960807609567797
2021-01-02,ETH,1,-0.00609912606389895,0.0,0.0,mark,714.91,0.0,0.9900240279903555
2021-01-02,ETH,1,0.0313083689957333,0.0,0.0,mark,787.69,0.0,1.021510386940095
2021-01-02,ETH,1,-0.005576255129624614,0.0,0.0,mark,774.56,0.0,1.0158300366651556
2021-01-03,ETH,1,-5.110715252113465e-05,0.0,0.0,mark,774.44,0.0,1.0157781218111577
2021-01-03,ETH,1,-0.00010837119600194633,0.00010836532405615739,0.0,funding,774.44,0.0,1.0156680466858186
2021-01-03,ETH,1,0.09603041452562219,0.0,0.0,mark,1011.07,0.0,1.118039812531887
2021-01-03,ETH,1,-0.09847409125355878,0.0,0.0,mark,768.71,0.0,1.0131891124074177
2021-01-03,ETH,1,0.08570487066860219,0.0,0.0,mark,978.28,0.0,1.1038540786769548
2021-01-04,ETH,1,1.9595866558254774e-05,0.0,0.0,mark,978.33,0.0,1.1038757098661207
2021-01-04,ETH,1,-0.0001259777831982966,0.00012596984833047789,0.0,funding,978.33,0.0,1.103736654810373
2021-01-04,ETH,1,-0.035235627383348685,0.0,0.0,mark,890.0,0.0,1.0655229960300696
2021-01-04,ETH,1,0.10510866687138919,0.0,0.0,mark,1162.97,0.0,1.183616310161842
2021-01-04,ETH,1,-0.04544108829167069,0.0,0.0,mark,1041.43,0.0,1.1310352155376135
2021-01-05,ETH,1,7.650020487305013e-06,0.0,0.0,mark,1041.45,0.0,1.13104386801328
2021-01-05,ETH,1,-0.0003032534163585457,0.00030320743968877573,0.20910857909570738,resize,1041.45,-0.0002270977734266357,1.1307009270978838
2021-01-05,ETH,1,-6.219593399051748e-05,6.219399986362159e-05,0.0,funding,1041.45,0.0,1.1306306042845782
2021-01-05,ETH,1,0.01679104334024744,0.0,0.0,mark,1134.6,0.0,1.1497753521057739
2021-01-05,ETH,1,-0.02904507700198268,0.0,0.0,mark,974.45,0.0,1.1168603616219899
2021-01-05,ETH,1,0.022761867202494613,0.0,0.0,mark,1099.56,0.0,1.14257372071925
2021-01-06,ETH,1,0.00010792209690979029,0.0,0.0,mark,1100.16,0.0,1.1426970363251836
2021-01-06,ETH,1,-6.501247191598565e-05,6.501035865101518e-05,0.0,funding,1100.16,0.0,1.1426227491810226
2021-01-06,ETH,1,-0.007746441565145514,0.0,0.0,mark,1057.26,0.0,1.1338056833567682
2021-01-06,ETH,1,0.02783998079953019,0.0,0.0,mark,1213.0,0.0,1.16581430413694
2021-01-06,ETH,1,-0.0008077524400790921,0.0,0.0,mark,1208.42,0.0,1.1648729950116465
2021-01-07,ETH,1,5.82223205016592e-05,0.0,0.0,mark,1208.75,0.0,1.16494081859491
2021-01-07,ETH,1,-7.006572997384334e-05,7.00632754278859e-05,0.0,funding,1208.75,0.0,1.1648591990254795
2021-01-07,ETH,1,0.014059884594646096,0.0,0.0,mark,1289.0,0.0,1.181352661319102
2021-01-07,ETH,1,-0.027872940489366012,0.0,0.0,mark,1131.0,0.0,1.1488795517565804
2021-01-07,ETH,1,0.016653207464621678,0.0,0.0,mark,1224.87,0.0,1.1681722783048962
2021-01-08,ETH,1,-1.7593825372758457e-06,0.0,0.0,mark,1224.86,0.0,1.1681702230447972
2021-01-08,ETH,1,-7.08033012459906e-05,7.0800794751409e-05,0.0,funding,1224.86,0.0,1.1680875156646007
2021-01-08,ETH,1,0.008565449413145423,0.0,0.0,mark,1273.75,0.0,1.1781356822880924
2021-01-08,ETH,1,-0.03709611096659609,0.0,0.0,mark,1065.0,0.0,1.1352321277236848
2021-01-08,ETH,1,0.02713439686242847,0.0,0.0,mark,1216.93,0.0,1.166457694406178
2021-01-09,ETH,1,-3.700199398597275e-05,0.0,0.0,mark,1216.72,0.0,1.1664145339441012
2021-01-09,ETH,1,-7.043861891275147e-05,7.043613817144049e-05,0.0,funding,1216.72,0.0,1.1663323762088231
2021-01-09,ETH,1,0.015327236608059906,0.0,0.0,mark,1304.37,0.0,1.184346730975627
2021-01-09,ETH,1,-0.02335249459610721,0.0,0.0,mark,1171.36,0.0,1.1570097164002409
2021-01-09,ETH,1,0.01841713820578602,0.0,0.0,mark,1276.0,0.0,1.1785159580750655
2021-01-10,ETH,1,0.0,0.0,0.0,mark,1276.0,0.0,1.1785159580750655
2021-01-10,ETH,1,-7.311203884626533e-05,7.310936622623543e-05,0.0,funding,1276.0,0.0,1.178429797520283
2021-01-10,ETH,1,0.0125359298795725,0.0,0.0,mark,1348.33,0.0,1.1932954938155818
2021-01-10,ETH,1,-0.031196058600916253,0.0,0.0,mark,1170.0,0.0,1.1566440404720089
2021-01-10,ETH,1,0.01485957079706281,0.0,0.0,mark,1254.25,0.0,1.173959606805189
2021-01-11,ETH,1,-1.7507092119836245e-06,0.0,0.0,mark,1254.24,0.0,1.17395755154509
2021-01-11,ETH,1,-7.214425141757051e-05,7.214164908373027e-05,0.0,funding,1254.24,0.0,1.1738728603113673
2021-01-11,ETH,1,0.0010079739658206551,0.0,0.0,mark,1260.0,0.0,1.1750566901283301
2021-01-11,ETH,1,-0.062240388884831785,0.0,0.0,mark,915.0,0.0,1.1041502167164945
2021-01-11,ETH,1,0.031515974781437424,0.0,0.0,mark,1087.01,0.0,1.1395027456775664
2021-01-12,ETH,1,-1.803648091531804e-06,0.0,0.0,mark,1087.0,0.0,1.1395006904174674
2021-01-12,ETH,1,-6.441496144685937e-05,6.441288684777946e-05,0.0,funding,1087.0,0.0,1.1394272918884325
2021-01-12,ETH,1,0.01130321007680379,0.0,0.0,mark,1150.02,0.0,1.152379541031661
2021-01-12,ETH,1,-0.025961093429184248,0.0,0.0,mark,1006.33,0.0,1.1228475086706562
2021-01-12,ETH,1,0.007990632962604756,0.0,0.0,mark,1050.16,0.0,1.1318557136841076
2021-01-13,ETH,1,3.631598541888228e-05,0.0,0.0,mark,1050.36,0.0,1.1318968188860854
2021-01-13,ETH,1,-6.266178385558697e-05,6.265982064707126e-05,0.0,funding,1050.36,0.0,1.131825894434423
2021-01-13,ETH,1,-0.011483942735147532,0.0,0.0,mark,987.48,0.0,1.118902418932579
2021-01-13,ETH,1,0.027210447687823047,0.0,0.0,mark,1137.65,0.0,1.1497662598376668
2021-01-13,ETH,1,-0.001388098672972602,0.0,0.0,mark,1129.89,0.0,1.1481713780009253
2021-01-14,ETH,1,-1.790045051956832e-05,0.0,0.0,mark,1129.79,0.0,1.1481508253999364
2021-01-14,ETH,1,-6.644633399990684e-05,6.644412649102623e-05,0.0,funding,1129.79,0.0,1.1480745375212627
2021-01-14,ETH,1,0.02086202663951218,0.0,0.0,mark,1247.55,0.0,1.172277280445836
2021-01-14,ETH,1,-0.02860581825648559,0.0,0.0,mark,1086.7,0.0,1.1392184217551293
2021-01-14,ETH,1,0.025809031261045542,0.0,0.0,mark,1231.62,0.0,1.169003251108298
2021-01-15,ETH,1,4.746839289738948e-05,0.0,0.0,mark,1231.89,0.0,1.169058743130968
2021-01-15,ETH,1,-7.115556296268043e-05,7.115303146561874e-05,0.0,funding,1231.89,0.0,1.1689755610574328
2021-01-15,ETH,1,0.004401552485175425,0.0,0.0,mark,1256.98,0.0,1.1741322086455572
2021-01-15,ETH,1,-0.033382492801831844,0.0,0.0,mark,1069.42,0.0,1.1355837502307053
2021-01-15,ETH,1,0.017778650526727228,0.0,0.0,mark,1168.53,0.0,1.1559534330708416
2021-01-16,ETH,1,-8.889930924888023e-06,0.0,0.0,mark,1168.48,0.0,1.155943156770347
2021-01-16,ETH,1,-6.825860987939014e-05,6.825628031340577e-05,0.0,funding,1168.48,0.0,1.1558642563902122
2021-01-16,ETH,1,0.02276896002613764,0.0,0.0,mark,1298.0,0.0,1.1824839851910844
2021-01-16,ETH,1,-0.02574461382218288,0.0,0.0,mark,1151.77,0.0,1.1524299167649605
2021-01-16,ETH,1,0.013473473590524252,0.0,0.0,mark,1227.83,0.0,1.1680622250771466
2021-01-17,ETH,1,0.0,0.0,0.0,mark,1227.83,0.0,1.1680622250771466
2021-01-17,ETH,1,-7.188277161563045e-05,7.18801881112155e-05,0.0495725435249762,resize,1227.83,-4.715947280365963e-05,1.1679782645446826
2021-01-17,ETH,1,-5.469779242562961e-05,5.469629652859992e-05,0.0,funding,1227.83,0.0,1.167914380459186
2021-01-17,ETH,1,0.005569730650200825,0.0,0.0,mark,1269.02,0.0,1.174437498121747
2021-01-17,ETH,1,-0.014125835223860194,0.0,0.0,mark,1165.0,0.0,1.1579642109340904
2021-01-17,ETH,1,0.009182369934285641,0.0,0.0,mark,1232.45,0.0,1.1686460338605222
2021-01-18,ETH,1,6.775618792224395e-06,0.0,0.0,mark,1232.5,0.0,1.1686539521873764
2021-01-18,ETH,1,-5.4874092792400456e-05,5.48725872368364e-05,0.0,funding,1232.5,0.0,1.1685898251214353
2021-01-18,ETH,1,0.0038211119679346043,0.0,0.0,mark,1260.75,0.0,1.1730636797941068
2021-01-18,ETH,1,-0.010609225270842081,0.0,0.0,mark,1182.58,0.0,1.160684167590116
2021-01-18,ETH,1,0.010298671288937916,0.0,0.0,mark,1258.45,0.0,1.1726994367588095
2021-01-19,ETH,1,9.453066021626333e-06,0.0,0.0,mark,1258.52,0.0,1.1727105224164054
2021-01-19,ETH,1,-5.583877300715897e-05,5.5837214051817545e-05,0.0,funding,1258.52,0.0,1.1726450415279444
2021-01-19,ETH,1,0.023989355961977384,0.0,0.0,mark,1438.3,0.0,1.2011161775652148
2021-01-19,ETH,1,-0.02493921337497056,0.0,0.0,mark,1251.49,0.0,1.1715317247722317
2021-01-19,ETH,1,0.015275569730401844,0.0,0.0,mark,1365.36,0.0,1.1895649223501825
2021-01-20,ETH,1,0.0,0.0,0.0,mark,1365.36,0.0,1.1895649223501825
2021-01-20,ETH,1,-5.9720912672254426e-05,5.9719129414067016e-05,0.0,funding,1365.36,0.0,1.1894938825686383
2021-01-20,ETH,1,0.0056516731090322896,0.0,0.0,mark,1407.93,0.0,1.1962355460523775
2021-01-20,ETH,1,-0.023102984304936774,0.0,0.0,mark,1235.42,0.0,1.16891573473972
2021-01-20,ETH,1,0.01899850568517065,0.0,0.0,mark,1376.99,0.0,1.1913356853949453
2021-01-21,ETH,1,-3.589226185362037e-05,0.0,0.0,mark,1376.72,0.0,1.1912929264299321
2021-01-21,ETH,1,-6.013046431552483e-05,6.012865651535086e-05,0.0,funding,1376.72,0.0,1.1912212955867496
2021-01-21,ETH,1,0.0017639487126541143,0.0,0.0,mark,1390.0,0.0,1.193324403199248
2021-01-21,ETH,1,-0.041180346270908504,0.0,0.0,mark,1086.0,0.0,1.1451809759251894
2021-01-21,ETH,1,0.003445763162180974,0.0,0.0,mark,1110.96,0.0,1.149133804690849
2021-01-22,ETH,1,0.0001405602331206258,0.0,0.0,mark,1111.98,0.0,1.1492953385586764
2021-01-22,ETH,1,-5.0342027696267216e-05,5.0340760557648e-05,0.0,funding,1111.98,0.0,1.149237482157228
2021-01-22,ETH,1,-0.009647006824476372,0.0,0.0,mark,1042.31,0.0,1.1382040855184659
2021-01-22,ETH,1,0.03169969394634895,0.0,0.0,mark,1273.79,0.0,1.174862771523068
2021-01-22,ETH,1,-0.005564997948583192,0.0,0.0,mark,1232.62,0.0,1.168342821191249
2021-01-23,ETH,1,-1.3554809559877821e-06,0.0,0.0,mark,1232.61,0.0,1.1683412375258782
2021-01-23,ETH,1,-5.4893679558437765e-05,5.4892172928006735e-05,0.0,funding,1232.61,0.0,1.168277104736629
2021-01-23,ETH,1,0.005384657356012188,0.0,0.0,mark,1272.44,0.0,1.1745848439087532
2021-01-23,ETH,1,-0.010373327222091331,0.0,0.0,mark,1195.9,0.0,1.1624634691602123
2021-01-23,ETH,1,0.005122860934177582,0.0,0.0,mark,1233.6,0.0,1.1684338876083438
2021-01-24,ETH,1,-1.8975421530359365e-05,0.0,0.0,mark,1233.46,0.0,1.1684117162931518
2021-01-24,ETH,1,-5.492822136048914e-05,5.492671283331092e-05,0.0,funding,1233.46,0.0,1.1683475392783398
2021-01-24,ETH,1,0.02216794816607366,0.0,0.0,mark,1398.83,0.0,1.194536613516205
2021-01-24,ETH,1,-0.02399408329885619,0.0,0.0,mark,1220.0,0.0,1.166215925689166
2021-01-24,ETH,1,0.02315585360889873,0.0,0.0,mark,1392.51,0.0,1.1935357370018234
2021-01-25,ETH,1,-4.246070410842234e-05,0.0,0.0,mark,1392.19,0.0,1.193485059709956
2021-01-25,ETH,1,-6.069447294836835e-05,6.069263107620581e-05,0.0,funding,1392.19,0.0,1.1934126239615321
2021-01-25,ETH,1,0.010928994692139335,0.0,0.0,mark,1475.0,0.0,1.2065269568976005
2021-01-25,ETH,1,-0.024086178348900547,0.0,0.0,mark,1293.69,0.0,1.1778135200585889
2021-01-25,ETH,1,0.003247262733643118,0.0,0.0,mark,1317.88,0.0,1.1816444065906924
2021-01-26,ETH,1,-3.752690924852404e-05,0.0,0.0,mark,1317.6,0.0,1.1816000639603084
2021-01-26,ETH,1,-5.802032017170496e-05,5.8018637025526776e-05,0.0,funding,1317.6,0.0,1.1815315091350882
2021-01-26,ETH,1,0.008128265120395073,0.0,0.0,mark,1378.49,0.0,1.1911744475782375
2021-01-26,ETH,1,-0.0179664154111822,0.0,0.0,mark,1244.56,0.0,1.1699644172663473
2021-01-26,ETH,1,0.016300495648283637,0.0,0.0,mark,1365.97,0.0,1.1891916985339244
2021-01-27,ETH,1,7.590491959001173e-05,0.0,0.0,mark,1366.54,0.0,1.1892819674600632
2021-01-27,ETH,1,-5.978674902340638e-05,5.97849618313666e-05,0.0,funding,1366.54,0.0,1.1892108662830319
2021-01-27,ETH,1,0.0009796470178958156,0.0,0.0,mark,1373.9,0.0,1.1903764439959827
2021-01-27,ETH,1,-0.02245444001361971,0.0,0.0,mark,1207.0,0.0,1.1639450689563762
2021-01-27,ETH,1,0.004348537894949067,0.0,0.0,mark,1239.03,0.0,1.1690175491392318
2021-01-28,ETH,1,-1.3547068639506904e-05,0.0,0.0,mark,1238.93,0.0,1.1690017124855232
2021-01-28,ETH,1,-5.514397111496876e-05,5.514245071417451e-05,0.0,funding,1238.93,0.0,1.1689372508662077
2021-01-28,ETH,1,0.016269384473332357,0.0,0.0,mark,1360.0,0.0,1.1881106875111758
2021-01-28,ETH,1,-0.01921361037606413,0.0,0.0,mark,1217.23,0.0,1.1655006970114477
2021-01-28,ETH,1,0.0151653239543923,0.0,0.0,mark,1329.69,0.0,1.1833105977721077
2021-01-29,ETH,1,-3.3458921686716766e-05,0.0,0.0,mark,1329.44,0.0,1.1832710061378362
2021-01-29,ETH,1,-5.8459036675232665e-05,5.845732797903055e-05,0.0,funding,1329.44,0.0,1.1832018352765423
2021-01-29,ETH,1,-0.005918740356788265,0.0,0.0,mark,1285.35,0.0,1.1762194546564329
2021-01-29,ETH,1,0.020199349629199025,0.0,0.0,mark,1436.9,0.0,1.2002199033517735
2021-01-29,ETH,1,-0.0076026383905159955,0.0,0.0,mark,1379.5,0.0,1.1911296641230533
2021-01-30,ETH,1,7.97726277112204e-06,0.0,0.0,mark,1379.56,0.0,1.1911391661152784
2021-01-30,ETH,1,-6.026228792341087e-05,6.0260472188249454e-05,0.0,funding,1379.56,0.0,1.1910673875066864
2021-01-30,ETH,1,0.0035093466531089393,0.0,0.0,mark,1406.0,0.0,1.1952545987472327
2021-01-30,ETH,1,-0.010601358566020711,0.0,0.0,mark,1326.41,0.0,1.1826502060605804
2021-01-30,ETH,1,0.0068912193444783535,0.0,0.0,mark,1378.05,0.0,1.190828254035687
2021-01-31,ETH,1,-1.3298865042592786e-06,0.0,0.0,mark,1378.04,0.0,1.190826670370316
2021-01-31,ETH,1,-6.0211685932244676e-05,6.020987324509048e-05,0.0,funding,1378.04,0.0,1.1907549708474363
2021-01-31,ETH,1,0.00035902675792093253,0.0,0.0,mark,1380.74,0.0,1.1911825604975677
2021-01-31,ETH,1,-0.013332868942741393,0.0,0.0,mark,1281.12,0.0,1.1754060860730884
2021-01-31,ETH,1,0.004225731872598105,0.0,0.0,mark,1312.55,0.0,1.1803835463336925
2021-02-01,ETH,1,-1.341662207612269e-05,0.0,0.0,mark,1312.45,0.0,1.1803677096799838
2021-02-01,ETH,1,-5.7853874796315136e-05,5.7852201293077395e-05,0.0,funding,1312.45,0.0,1.1802994228096435
2021-02-01,ETH,1,0.008755381382150802,0.0,0.0,mark,1377.99,0.0,1.1906787656502416
2021-02-01,ETH,1,-0.01446873709697325,0.0,0.0,mark,1269.99,0.0,1.1735751796449838
2021-02-01,ETH,1,0.013960527892854657,0.0,0.0,mark,1374.17,0.0,1.190073805478574
2021-02-02,ETH,1,-1.064588628609573e-05,0.0,0.0,mark,1374.09,0.0,1.190061136155607
2021-02-02,ETH,1,-0.0002651764241865008,0.00026514126802617427,0.18285604691460294,rotation,1374.09,-0.00015836653708571882,1.1897456018369381
2021-02-02,DOGE,2,-2.136788772851978e-05,2.136765943675039e-05,0.014736316852931301,entry,0.0348233,0.503469463349268,1.1897201797581016
2021-02-02,DOGE,2,-4.841615577765931e-06,4.8416038571694695e-06,0.0,funding,0.0348233,0.0,1.1897144196042904
2021-02-02,DOGE,2,0.00019917340910865307,0.0,0.0,mark,0.035294,0.0,1.1899514026806888
2021-02-02,DOGE,2,-0.00276412669975611,0.0,0.0,mark,0.02877,0.0,1.1866667679017981
2021-02-02,DOGE,2,0.0010935568668722587,0.0,0.0,mark,0.0313489,0.0,1.1879651653008296
2021-02-03,DOGE,2,0.0,0.0,0.0,mark,0.0313489,0.0,1.1879651653008296
2021-02-03,DOGE,2,-4.364994536349681e-06,4.364985009776084e-06,0.0,funding,0.0313489,0.0,1.187959979850691
2021-02-03,DOGE,2,0.003568337137126307,0.0,0.0,mark,0.0397836,0.0,1.1922065937332031
2021-02-03,DOGE,2,-0.003804469632874702,0.0,0.0,mark,0.0307918,0.0,1.1876794970126592
2021-02-03,DOGE,2,0.0027380569368964866,0.0,0.0,mark,0.0372597,0.0,1.1909358871546558
2021-02-04,DOGE,2,-1.1414345002566818e-05,0.0,0.0,mark,0.0372327,0.0,1.1909222934791455
2021-02-04,DOGE,2,-5.171379208112162e-06,5.1713658366490774e-06,0.0,funding,0.0372327,0.0,1.190916134784283
2021-02-04,DOGE,2,0.009495286016260217,0.0,0.0,mark,0.0598,0.0,1.2022780812045248
2021-02-04,DOGE,2,-0.01008563056747596,0.0,0.0,mark,0.0358367,0.0,1.1902132914134473
2021-02-04,DOGE,2,0.0071953857577307465,0.0,0.0,mark,0.0529081,0.0,1.198808220010068
2021-02-05,DOGE,2,-3.914243458967903e-05,0.0,0.0,mark,0.0528149,0.0,1.1987612966560839
2021-02-05,DOGE,2,-7.287683238329264e-06,7.287656683342892e-06,0.0,funding,0.0528149,0.0,1.1987525604953086
2021-02-05,DOGE,2,-0.0040667908948496595,0.0,0.0,mark,0.0431516,0.0,1.1938873840301256
2021-02-05,DOGE,2,0.004707119428648676,0.0,0.0,mark,0.05434,0.0,1.1995204017738625
2021-02-05,DOGE,2,-0.003203729618790722,0.0,0.0,mark,0.0467193,0.0,1.1956836120345167
2021-02-06,DOGE,2,1.4063721924431665e-05,0.0,0.0,mark,0.0467527,0.0,1.1957004279145926
2021-02-06,DOGE,2,-6.467700080206013e-06,6.4676791645637285e-06,0.0,funding,0.0467527,0.0,1.1956926945078479
2021-02-06,DOGE,2,0.005088538383485108,0.0,0.0,mark,0.0588683,0.0,1.2017925291380023
2021-02-06,DOGE,2,-0.0060716287329725515,0.0,0.0,mark,0.0444191,0.0,1.194517798168176
2021-02-06,DOGE,2,0.00556358642798067,0.0,0.0,mark,0.0576559,0.0,1.2011821227606376
2021-02-07,DOGE,2,8.382896194077798e-07,0.0,0.0,mark,0.0576579,0.0,1.2011831296995643
2021-02-07,DOGE,2,-7.939908119404376e-06,7.939876598524325e-06,0.0,funding,0.0576579,0.0,1.2011735924537423
2021-02-07,DOGE,2,0.012346634020123697,0.0,0.0,mark,0.087297,0.0,1.2160959742248976
2021-02-07,DOGE,2,-0.014240166118165695,0.0,0.0,mark,0.0531446,0.0,1.198901283724808
2021-02-07,DOGE,2,0.01035244234346258,0.0,0.0,mark,0.0779247,0.0,1.2113773073735492
2021-02-08,DOGE,2,2.5102974703027194e-05,0.0,0.0,mark,0.0779851,0.0,1.2114077169291355
2021-02-08,DOGE,2,-2.5665469197371757e-05,2.5665139841961418e-05,0.01770009644273201,resize,0.0779851,-0.2749503869471924,1.2113766259806749
2021-02-08,DOGE,2,-4.833335864765864e-06,4.83332418421545e-06,0.0,funding,0.0779851,0.0,1.2113707710047323
2021-02-08,DOGE,2,-0.0029781740330311122,0.0,0.0,mark,0.0622214,0.0,1.2077684648400528
2021-02-08,DOGE,2,0.004367597671786974,0.0,0.0,mark,0.0853555,0.0,1.213055048005446
2021-02-08,DOGE,2,-0.001254570399346494,0.0,0.0,mark,0.0787,0.0,1.2115341392924521
2021-02-09,DOGE,2,7.242966145523943e-06,0.0,0.0,mark,0.0787384,0.0,1.211542914424986
2021-02-09,DOGE,2,-4.879353966086736e-06,4.8793420620914105e-06,0.0,funding,0.0787384,0.0,1.2115370028926837
2021-02-09,DOGE,2,0.0009542780696769717,0.0,0.0,mark,0.0838001,0.0,1.2126936979017082
2021-02-09,DOGE,2,-0.003927256581840891,0.0,0.0,mark,0.063,0.0,1.2079404782606373
2021-02-09,DOGE,2,0.001325675187717368,0.0,0.0,mark,0.0700121,0.0,1.2095428768762764
2021-02-10,DOGE,2,1.889301142115703e-08,0.0,0.0,mark,0.0700122,0.0,1.209542899728184
2021-02-10,DOGE,2,-4.345771361173604e-06,4.345761918273499e-06,0.0,funding,0.0700122,0.0,1.2095376433427119
2021-02-10,DOGE,2,0.0021962513222873255,0.0,0.0,mark,0.0816496,0.0,1.2121970112424334
2021-02-10,DOGE,2,-0.002954567463831922,0.0,0.0,mark,0.066,0.0,1.2086207791043715
2021-02-10,DOGE,2,0.001238180025727499,0.0,0.0,mark,0.0725527,0.0,1.2101181960563114
2021-02-11,DOGE,2,-7.553612065793887e-08,0.0,0.0,mark,0.0725523,0.0,1.2101181046486809
2021-02-11,DOGE,2,-4.501299240169894e-06,4.501289109257512e-06,0.0,funding,0.0725523,0.0,1.2101126575572354
2021-02-11,DOGE,2,0.0005682315294308609,0.0,0.0,mark,0.0755622,0.0,1.210800477125298
2021-02-11,DOGE,2,-0.0014282628570928696,0.0,0.0,mark,0.068,0.0,1.2090723701657302
2021-02-11,DOGE,2,0.0002991480095106756,0.0,0.0,mark,0.069583,0.0,1.2094341158636748
2021-02-12,DOGE,2,4.3457824999236873e-07,0.0,0.0,mark,0.0695853,0.0,1.2094346414575505
2021-02-12,DOGE,2,-4.319659550345849e-06,4.319650220708957e-06,0.0,funding,0.0695853,0.0,1.2094294171229347
2021-02-12,DOGE,2,0.0006412156109055969,0.0,0.0,mark,0.07298,0.0,1.2102051708315968
2021-02-12,DOGE,2,-0.00230255833850643,0.0,0.0,mark,0.0608,0.0,1.2074218084810195
2021-02-12,DOGE,2,0.0016957684315384322,0.0,0.0,mark,0.0697675,0.0,1.2094710532986552
2021-02-13,DOGE,2,1.9838820578293806e-06,0.0,0.0,mark,0.069778,0.0,1.2094734527489575
2021-02-13,DOGE,2,-4.331482850423714e-06,4.331473469551808e-06,0.0,funding,0.069778,0.0,1.2094682139467847
2021-02-13,DOGE,2,0.0003647800355838306,0.0,0.0,mark,0.071709,0.0,1.2099094842833171
2021-02-13,DOGE,2,-0.0011544905289445524,0.0,0.0,mark,0.0656,0.0,1.2085134612455768
2021-02-13,DOGE,2,0.00012110548241028923,0.0,0.0,mark,0.0662405,0.0,1.2086598277140124
2021-02-14,DOGE,2,-6.239250862818643e-07,0.0,0.0,mark,0.0662372,0.0,1.2086590736010603
2021-02-14,DOGE,2,-4.1144569613832445e-06,4.11444849704384e-06,0.0,funding,0.0662372,0.0,1.2086541006355516
2021-02-14,DOGE,2,4.331478008431443e-05,0.0,0.0,mark,0.0664663,0.0,1.2087064543559554
2021-02-14,DOGE,2,-0.0020644620670036257,0.0,0.0,mark,0.055558,0.0,1.2062136997148385
2021-02-14,DOGE,2,0.0013480429791964327,0.0,0.0,mark,0.0626783,0.0,1.2078408240945442
2021-02-15,DOGE,2,1.797363718418667e-06,0.0,0.0,mark,0.0626878,0.0,1.20784299502577
2021-02-15,DOGE,2,-3.896609378895831e-06,3.896601787100113e-06,0.0,funding,0.0626878,0.0,1.2078382885425971
2021-02-15,DOGE,2,0.00028606240269993217,0.0,0.0,mark,0.0642,0.0,1.2081838550899324
2021-02-15,DOGE,2,-0.003164914473021933,0.0,0.0,mark,0.0474935,0.0,1.204366101140021
2021-02-15,DOGE,2,0.0017074546143505864,0.0,0.0,mark,0.0565,0.0,1.2064242582016365
2021-02-16,DOGE,2,-6.762263404355026e-06,0.0,0.0,mark,0.0564643,0.0,1.2064161000706088
2021-02-16,DOGE,2,-3.5139135176641163e-06,3.5139073437495123e-06,0.0,funding,0.0564643,0.0,1.206411860836215
2021-02-16,DOGE,2,-0.0011113788659141658,0.0,0.0,mark,0.0506003,0.0,1.2050718249721932
2021-02-16,DOGE,2,0.0017515854860618437,0.0,0.0,mark,0.0598452,0.0,1.2071844609816227
2021-02-16,DOGE,2,-0.001206412012026496,0.0,0.0,mark,0.053476,0.0,1.2057289772802027
2021-02-17,DOGE,2,8.926716253066791e-06,0.0,0.0,mark,0.0535231,0.0,1.2057397405287011
2021-02-17,DOGE,2,-3.3327434945365538e-06,3.332737940890001e-06,0.0,funding,0.0535231,0.0,1.205735722114121
2021-02-17,DOGE,2,-0.0010852687766798397,0.0,0.0,mark,0.0478,0.0,1.2044278845879641
2021-02-17,DOGE,2,0.001385793960533692,0.0,0.0,mark,0.055109,0.0,1.2060981305173868
2021-02-17,DOGE,2,-0.00105975392271262,0.0,0.0,mark,0.0495187,0.0,1.2048206403245763
2021-02-18,DOGE,2,-3.793419571225365e-06,0.0,0.0,mark,0.0494987,0.0,1.2048160699430481
2021-02-18,DOGE,2,-3.0845171754902546e-06,3.084512418413793e-06,0.0,funding,0.0494987,0.0,1.2048123536729185
2021-02-18,DOGE,2,0.0028529546334529173,0.0,0.0,mark,0.0645617,0.0,1.2082545365207629
2021-02-18,DOGE,2,-0.002966517662001907,0.0,0.0,mark,0.0489,0.0,1.2046755393018764
2021-02-18,DOGE,2,0.001876033720179603,0.0,0.0,mark,0.0587991,0.0,1.2069376724910883
2021-02-19,DOGE,2,0.0,0.0,0.0,mark,0.0587991,0.0,1.2069376724910883
2021-02-19,DOGE,2,-3.657632866730954e-06,3.6576261775310464e-06,0.0,funding,0.0587991,0.0,1.2069332579642627
2021-02-19,DOGE,2,0.00017415742941941917,0.0,0.0,mark,0.059719,0.0,1.2071434726626449
2021-02-19,DOGE,2,-0.0011480213217243997,0.0,0.0,mark,0.0536581,0.0,1.2057584413924796
2021-02-19,DOGE,2,0.0002605413649019578,0.0,0.0,mark,0.055033,0.0,1.2060726322706248
2021-02-20,DOGE,2,0.0,0.0,0.0,mark,0.055033,0.0,1.2060726322706248
2021-02-20,DOGE,2,-3.425815348416154e-06,3.425809480348432e-06,0.0,funding,0.055033,0.0,1.2060685004955671
2021-02-20,DOGE,2,0.0010731752295332238,0.0,0.0,mark,0.0607,0.0,1.2073635181015376
2021-02-20,DOGE,2,-0.0018376174990172443,0.0,0.0,mark,0.051,0.0,1.2051468830604375
2021-02-20,DOGE,2,0.0006010641171153696,0.0,0.0,mark,0.0541708,0.0,1.2058714713478933
2021-02-21,DOGE,2,-2.672028784621802e-06,0.0,0.0,mark,0.0541567,0.0,1.2058682492289161
2021-02-21,DOGE,2,-3.3718368026173273e-06,3.3718311180831376e-06,0.0,funding,0.0541567,0.0,1.2058641832448291
2021-02-21,DOGE,2,-0.00017184028887001394,0.0,0.0,mark,0.05325,0.0,1.2056569849982555
2021-02-21,DOGE,2,0.001278570849630341,0.0,0.0,mark,0.06,0.0,1.2071994887639694
2021-02-21,DOGE,2,-0.0007540075121796391,0.0,0.0,mark,0.0560183,0.0,1.2062895943574592
2021-02-22,DOGE,2,-4.963331100609457e-06,0.0,0.0,mark,0.0559921,0.0,1.2062836071576575
2021-02-22,DOGE,2,-3.4849100143777432e-06,3.4849039420748527e-06,0.0,funding,0.0559921,0.0,1.2062794033751596
2021-02-22,DOGE,2,0.0009111003340384683,0.0,0.0,mark,0.0608037,0.0,1.2073789457631758
2021-02-22,DOGE,2,-0.0027867732526312217,0.0,0.0,mark,0.0461003,0.0,1.2040189383752056
2021-02-22,DOGE,2,0.0014140117112319106,0.0,0.0,mark,0.0535557,0.0,1.2057226394974137
2021-02-23,DOGE,2,1.0158688141992055e-05,0.0,0.0,mark,0.0536093,0.0,1.2057348881199088
2021-02-23,DOGE,2,-3.3381243860086618e-06,3.3381188145734745e-06,0.0,funding,0.0536093,0.0,1.2057308632335935
2021-02-23,DOGE,2,-0.002329368604242858,0.0,0.0,mark,0.0413332,0.0,1.202925540199774
2021-02-23,DOGE,2,0.002380217521912089,0.0,0.0,mark,0.0538776,0.0,1.2057921749017921
2021-02-23,DOGE,2,-0.001179761666296746,0.0,0.0,mark,0.0476562,0.0,1.2043704663198642
2021-02-24,DOGE,2,6.7927231515767075e-06,0.0,0.0,mark,0.047692,0.0,1.2043786473027993
2021-02-24,DOGE,2,-2.9730116786608106e-06,2.973007259286668e-06,0.0,funding,0.047692,0.0,1.204375066676338
2021-02-24,DOGE,2,0.0024435298917553387,0.0,0.0,mark,0.060586,0.0,1.2073215916474664
2021-02-24,DOGE,2,-0.0027829578676026078,0.0,0.0,mark,0.0459034,0.0,1.2039663374562852
2021-02-24,DOGE,2,0.0020644097596730676,0.0,0.0,mark,0.0567911,0.0,1.206454384604428
2021-02-25,DOGE,2,-7.57655119590384e-08,0.0,0.0,mark,0.0567907,0.0,1.2064542931967974
2021-02-25,DOGE,2,-3.5341143510261363e-06,3.5341081061124925e-06,0.0,funding,0.0567907,0.0,1.2064500294569003
2021-02-25,DOGE,2,0.0002479696006517859,0.0,0.0,mark,0.0581,0.0,1.2067492294836335
2021-02-25,DOGE,2,-0.0016298500515613172,0.0,0.0,mark,0.0495002,0.0,1.204784011130391
2021-02-25,DOGE,2,7.844707594324493e-05,0.0,0.0,mark,0.0499138,0.0,1.2048785266203907
2021-02-26,DOGE,2,3.603567971994678e-07,0.0,0.0,mark,0.0499157,0.0,1.204878960806636
2021-02-26,DOGE,2,-3.1103402602098215e-06,3.110335423103711e-06,0.0,funding,0.0499157,0.0,1.2048752132289235
2021-02-26,DOGE,2,0.000509586838761656,0.0,0.0,mark,0.0526032,0.0,1.205489358246754
2021-02-26,DOGE,2,-0.0007970989022011908,0.0,0.0,mark,0.0484,0.0,1.2045288468648208
2021-02-26,DOGE,2,0.00039392576519943045,0.0,0.0,mark,0.0504768,0.0,1.2050034352826926
2021-02-27,DOGE,2,-7.775318725174593e-07,0.0,0.0,mark,0.0504727,0.0,1.2050024983544794
2021-02-27,DOGE,2,-3.144725589864979e-06,3.1447206451996575e-06,0.0,funding,0.0504727,0.0,1.2049987089582452
2021-02-27,DOGE,2,0.0003085577782488234,0.0,0.0,mark,0.0521,0.0,1.2053705780512742
2021-02-27,DOGE,2,-0.0005689140516238558,0.0,0.0,mark,0.0491,0.0,1.204685020822068
2021-02-27,DOGE,2,0.00018445842859274897,0.0,0.0,mark,0.0500725,0.0,1.2049072556238691
2021-02-28,DOGE,2,-3.793140405077239e-07,0.0,0.0,mark,0.0500705,0.0,1.2049067985857163
2021-02-28,DOGE,2,-3.119914068470094e-06,3.119909201451985e-06,0.0,funding,0.0500705,0.0,1.2049030393859084
2021-02-28,DOGE,2,3.2639548528434246e-05,0.0,0.0,mark,0.0502426,0.0,1.2049423675189572
2021-02-28,DOGE,2,-0.0010600495222614376,0.0,0.0,mark,0.0446561,0.0,1.203665745698637
2021-02-28,DOGE,2,0.0006646618685074651,0.0,0.0,mark,0.0481582,0.0,1.2044660423561047
2021-03-01,DOGE,2,-2.561310467718054e-06,0.0,0.0,mark,0.0481447,0.0,1.2044629573485732
2021-03-01,DOGE,2,-3.0010219370629917e-06,3.001017433926013e-06,0.0,funding,0.0481447,0.0,1.2044593427342396
2021-03-01,DOGE,2,0.0008269268795189696,0.0,0.0,mark,0.052505,0.0,1.2054557544630755
2021-03-01,DOGE,2,-0.000881152473104085,0.0,0.0,mark,0.0478589,0.0,1.2043940319822037
2021-03-01,DOGE,2,0.0005186845057925997,0.0,0.0,mark,0.0505933,0.0,1.2050188945447176
2021-03-02,DOGE,2,-3.394551262838824e-06,0.0,0.0,mark,0.0505754,0.0,1.20501480405325
2021-03-02,DOGE,2,-3.151092192611908e-06,3.1510872280456106e-06,0.0,funding,0.0505754,0.0,1.2050110069464914
2021-03-02,DOGE,2,0.0003630200979159347,0.0,0.0,mark,0.05249,0.0,1.205448529570171
2021-03-02,DOGE,2,-0.0006427791926768908,0.0,0.0,mark,0.0491004,0.0,1.2046739413087983
2021-03-02,DOGE,2,0.00023966825670858514,0.0,0.0,mark,0.050364,0.0,1.20496269801374
2021-03-03,DOGE,2,7.225572517805996e-06,0.0,0.0,mark,0.0504021,0.0,1.2049714045905509
2021-03-03,DOGE,2,-3.140407851229847e-06,3.1404029201654328e-06,0.0,funding,0.0504021,0.0,1.2049676204948332
2021-03-03,DOGE,2,0.00034037826159704867,0.0,0.0,mark,0.0521972,0.0,1.2053778350888826
2021-03-03,DOGE,2,-0.0004250594481360848,0.0,0.0,mark,0.0499556,0.0,1.2048655867272198
2021-03-03,DOGE,2,8.705177726753102e-05,0.0,0.0,mark,0.0504146,0.0,1.2049704769832883
2021-03-04,DOGE,2,3.622251779357511e-06,0.0,0.0,mark,0.0504337,0.0,1.2049748416976476
2021-03-04,DOGE,2,-3.142367794710328e-06,3.1423628575136776e-06,0.0,funding,0.0504337,0.0,1.2049710552294608
2021-03-04,DOGE,2,0.0001365744012664051,0.0,0.0,mark,0.0511539,0.0,1.2051356346682855
2021-03-04,DOGE,2,-0.000664633993978946,0.0,0.0,mark,0.04765,0.0,1.2043349266764802
2021-03-04,DOGE,2,0.0004432458834539271,0.0,0.0,mark,0.0499865,0.0,1.2048688614984937
2021-03-05,DOGE,2,1.8966302570695677e-08,0.0,0.0,mark,0.0499866,0.0,1.2048688843504014
2021-03-05,DOGE,2,-3.1147842272473483e-06,3.1147793763583724e-06,0.0,funding,0.0499866,0.0,1.2048651314496492
2021-03-05,DOGE,2,0.00020716707243159356,0.0,0.0,mark,0.051079,0.0,1.205114765688711
2021-03-05,DOGE,2,-0.0005904558522724043,0.0,0.0,mark,0.0479661,0.0,1.2044034086557789
2021-03-05,DOGE,2,0.00029640010310374586,0.0,0.0,mark,0.0495285,0.0,1.2047604468607496
2021-03-06,DOGE,2,-7.207846220721099e-07,0.0,0.0,mark,0.0495247,0.0,1.2047595784882592
2021-03-06,DOGE,2,-3.0862820810506277e-06,3.0862773183717497e-06,0.0,funding,0.0495247,0.0,1.204755860266098
2021-03-06,DOGE,2,0.0005793828949452982,0.0,0.0,mark,0.0525801,0.0,1.2054540774521367
2021-03-06,DOGE,2,-0.0006629787252292568,0.0,0.0,mark,0.049084,0.0,1.2046551519091275
2021-03-06,DOGE,2,0.00035558009951310065,0.0,0.0,mark,0.0509588,0.0,1.2050835794735661
2021-03-07,DOGE,2,-6.561193030238961e-06,0.0,0.0,mark,0.0509242,0.0,1.2050756727135226
2021-03-07,DOGE,2,-3.172663894964515e-06,3.1726588620615892e-06,0.0,funding,0.0509242,0.0,1.20507184941951
2021-03-07,DOGE,2,0.00029339208967641355,0.0,0.0,mark,0.0524716,0.0,1.2054254598383347
2021-03-07,DOGE,2,-0.00038737766947949387,0.0,0.0,mark,0.0504286,0.0,1.2049585953652453
2021-03-07,DOGE,2,0.0002955241445792422,0.0,0.0,mark,0.0519871,0.0,1.205314742345818
2021-03-08,DOGE,2,-7.394149109627644e-06,0.0,0.0,mark,0.0519481,0.0,1.2053058301018382
2021-03-08,DOGE,2,-3.2358366886548337e-06,3.235831453328435e-06,0.0,funding,0.0519481,0.0,1.2053019299353223
2021-03-08,DOGE,2,0.0021073811969305072,0.0,0.0,mark,0.063075,0.0,1.2078446388465405
2021-03-08,DOGE,2,-0.002182766963192425,0.0,0.0,mark,0.0515505,0.0,1.2052110707505448
2021-03-08,DOGE,2,0.0021636201696524898,0.0,0.0,mark,0.0629738,0.0,1.2078215127160086
2021-03-09,DOGE,2,-2.951514619685992e-06,0.0,0.0,mark,0.0629582,0.0,1.2078179478184168
2021-03-09,DOGE,2,-3.91349835345302e-06,3.913490695730691e-06,0.0,funding,0.0629582,0.0,1.207813221034116
2021-03-09,DOGE,2,-0.001317363477461446,0.0,0.0,mark,0.056,0.0,1.206223139596695
2021-03-09,DOGE,2,0.0013257450322277835,0.0,0.0,mark,0.0630025,0.0,1.2078233444292004
2021-03-09,DOGE,2,-0.0009636388729613213,0.0,0.0,mark,0.0579117,0.0,1.2066599995150527
2021-03-10,DOGE,2,5.965499344202628e-06,0.0,0.0,mark,0.0579432,0.0,1.2066671978659593
2021-03-10,DOGE,2,-3.6051989300881083e-06,3.605192431398235e-06,0.0,funding,0.0579432,0.0,1.2066628475985104
2021-03-10,DOGE,2,0.0001545229970521634,0.0,0.0,mark,0.0587592,0.0,1.2068493191648544
2021-03-10,DOGE,2,-0.0008068125210572393,0.0,0.0,mark,0.0545,0.0,1.2058760107146427
2021-03-10,DOGE,2,0.0002594360706464625,0.0,0.0,mark,0.0558692,0.0,1.2061888990340524
2021-03-11,DOGE,2,2.6334274689541557e-06,0.0,0.0,mark,0.0558831,0.0,1.2061920754492144
2021-03-11,DOGE,2,-3.4783898546909924e-06,3.478383805049598e-06,0.0,funding,0.0558831,0.0,1.2061878798502332
2021-03-11,DOGE,2,0.0002077922827114812,0.0,0.0,mark,0.05698,0.0,1.2064385424251387
2021-03-11,DOGE,2,-0.000514454279186764,0.0,0.0,mark,0.0542647,0.0,1.2058180445769842
2021-03-11,DOGE,2,0.0003152821901741845,0.0,0.0,mark,0.0559286,0.0,1.2061982774682096
2021-03-12,DOGE,2,-3.201777556756072e-06,0.0,0.0,mark,0.0559117,0.0,1.2061944154958184
2021-03-12,DOGE,2,-3.4801632856016304e-06,3.480157229865248e-06,0.0,funding,0.0559117,0.0,1.2061902177496027
2021-03-12,DOGE,2,-0.0003525815442742444,0.0,0.0,mark,0.054051,0.0,1.2057650123041412
2021-03-12,DOGE,2,0.000558744446269351,0.0,0.0,mark,0.057,0.0,1.2064389150604509
2021-03-12,DOGE,2,-0.0003271563478429446,0.0,0.0,mark,0.0552731,0.0,1.206044285467412
2021-03-13,DOGE,2,7.200168254089285e-07,0.0,0.0,mark,0.0552769,0.0,1.2060451538399024
2021-03-13,DOGE,2,-3.4410765983426684e-06,3.4410706778056183e-06,0.0,funding,0.0552769,0.0,1.2060410037532874
2021-03-13,DOGE,2,0.0014622932429898489,0.0,0.0,mark,0.063,0.0,1.2078058794322482
2021-03-13,DOGE,2,-0.0015785262297497793,0.0,0.0,mark,0.0546635,0.0,1.2059008301518221
2021-03-13,DOGE,2,0.0015386416897024452,0.0,0.0,mark,0.0627892,0.0,1.2077577076109425
2021-03-14,DOGE,2,-9.460469011595461e-08,0.0,0.0,mark,0.0627887,0.0,1.2077575933514042
2021-03-14,DOGE,2,-3.903157208619293e-06,3.903149591296336e-06,0.0,funding,0.0627887,0.0,1.2077528792928474
2021-03-14,DOGE,2,0.00016842067203317451,0.0,0.0,mark,0.0636789,0.0,1.2079563069746604
2021-03-14,DOGE,2,-0.0010427075658159621,0.0,0.0,mark,0.05817,0.0,1.206697418234669
2021-03-14,DOGE,2,9.658110177719634e-06,0.0,0.0,mark,0.058221,0.0,1.2067090727075656
2021-03-15,DOGE,2,0.0,0.0,0.0,mark,0.058221,0.0,1.2067090727075656
2021-03-15,DOGE,2,-3.6223578415489143e-06,3.6223512808530936e-06,0.0,funding,0.058221,0.0,1.2067047015834105
2021-03-15,DOGE,2,0.0002941499896506291,0.0,0.0,mark,0.0597745,0.0,1.207059705968601
2021-03-15,DOGE,2,-0.000904311303029534,0.0,0.0,mark,0.055,0.0,1.2059686416383193
2021-03-15,DOGE,2,0.00037305529339142385,0.0,0.0,mark,0.0569691,0.0,1.2064186185516625
2021-03-16,DOGE,2,8.732195661214036e-06,0.0,0.0,mark,0.0570152,0.0,1.2064291532810847
2021-03-16,DOGE,2,-3.5481590619720883e-06,3.5481527673031565e-06,0.0,funding,0.0570152,0.0,1.206424872686146
2021-03-16,DOGE,2,0.0004029064811511156,0.0,0.0,mark,0.0591427,0.0,1.2069110470211915
2021-03-16,DOGE,2,-0.00073414047420971,0.0,0.0,mark,0.0552668,0.0,1.2060253299329646
2021-03-16,DOGE,2,0.0006409798199599561,0.0,0.0,mark,0.0586507,0.0,1.2067986156356016
2021-03-17,DOGE,2,-2.2344474706453906e-06,0.0,0.0,mark,0.0586389,0.0,1.2067959191105
2021-03-17,DOGE,2,-3.6480959778098304e-06,3.6480893235138667e-06,0.0,funding,0.0586389,0.0,1.2067915166111918
2021-03-17,DOGE,2,6.049896387013273e-05,0.0,0.0,mark,0.0589584,0.0,1.2068645284561021
2021-03-17,DOGE,2,-0.0004596566238592429,0.0,0.0,mark,0.0565314,0.0,1.2063099126576744
2021-03-17,DOGE,2,0.000257714032848588,0.0,0.0,mark,0.057892,0.0,1.206620835713027
2021-03-18,DOGE,2,9.469381718936028e-08,0.0,0.0,mark,0.0578925,0.0,1.2066209499725653
2021-03-18,DOGE,2,-3.602182455139165e-06,3.602175967164581e-06,0.0,funding,0.0578925,0.0,1.2066166035115777
2021-03-18,DOGE,2,-0.00018995557406079522,0.0,0.0,mark,0.0568896,0.0,1.206387421729854
2021-03-18,DOGE,2,0.00045451497961435805,0.0,0.0,mark,0.0592896,0.0,1.206935867513219
2021-03-18,DOGE,2,-0.00036759195253201275,0.0,0.0,mark,0.0573485,0.0,1.2064922891340149
2021-03-19,DOGE,2,2.7274689133107234e-06,0.0,0.0,mark,0.0573629,0.0,1.2064955798087151
2021-03-19,DOGE,2,-3.569600556698188e-06,3.5695941856115375e-06,0.0,funding,0.0573629,0.0,1.2064912731091084
2021-03-19,DOGE,2,0.0004804315634320065,0.0,0.0,mark,0.0599,0.0,1.2070710488578482
2021-03-19,DOGE,2,-0.0006677357155922269,0.0,0.0,mark,0.0563741,0.0,1.2062653134463621
2021-03-19,DOGE,2,0.0003547836044889931,0.0,0.0,mark,0.0582472,0.0,1.206693352528371
2021-03-20,DOGE,2,2.8785150383091054e-06,0.0,0.0,mark,0.0582624,0.0,1.2066968260183322
2021-03-20,DOGE,2,-3.6249704348320105e-06,3.624963864703655e-06,0.0,funding,0.0582624,0.0,1.2066924517859423
2021-03-20,DOGE,2,0.0004473206276324696,0.0,0.0,mark,0.060625,0.0,1.2072323509558498
2021-03-20,DOGE,2,-0.0005026958211337083,0.0,0.0,mark,0.05797,0.0,1.2066256328080023
2021-03-20,DOGE,2,0.00016070080207688164,0.0,0.0,mark,0.0588186,0.0,1.206819554096237
2021-03-21,DOGE,2,3.9764777152505995e-06,0.0,0.0,mark,0.0588396,0.0,1.2068243529968414
2021-03-21,DOGE,2,-3.660495882706237e-06,3.6604891831104114e-06,0.0,funding,0.0588396,0.0,1.2068199354293514
2021-03-21,DOGE,2,0.0001355510581025878,0.0,0.0,mark,0.0595555,0.0,1.2069835322361477
2021-03-21,DOGE,2,-0.0005407801021625735,0.0,0.0,mark,0.0567,0.0,1.2063309960134816
2021-03-21,DOGE,2,0.00014738706935290934,0.0,0.0,mark,0.0574781,0.0,1.2065088067068301
2021-03-22,DOGE,2,2.026633892771106e-06,0.0,0.0,mark,0.0574888,0.0,1.2065112518609475
2021-03-22,DOGE,2,-3.5773886548286396e-06,3.5773822559170563e-06,0.0,funding,0.0574888,0.0,1.2065069357090035
2021-03-22,DOGE,2,9.25960727384517e-05,0.0,0.0,mark,0.0579777,0.0,1.2066186586854564
2021-03-22,DOGE,2,-0.0006733683766046362,0.0,0.0,mark,0.0544234,0.0,1.2058064333322005
2021-03-22,DOGE,2,8.804505114619894e-05,0.0,0.0,mark,0.054888,0.0,1.2059126032950969
2021-03-23,DOGE,2,3.979475490023229e-07,0.0,0.0,mark,0.0548901,0.0,1.2059130831851572
2021-03-23,DOGE,2,-3.4173718578184244e-06,3.417366018705508e-06,0.0,funding,0.0548901,0.0,1.2059089621387653
2021-03-23,DOGE,2,0.00023023426701261957,0.0,0.0,mark,0.0561052,0.0,1.2061866356685014
2021-03-23,DOGE,2,-0.0006650025869753955,0.0,0.0,mark,0.0525963,0.0,1.2053847850813142
2021-03-23,DOGE,2,0.00014348420721337654,0.0,0.0,mark,0.0533532,0.0,1.2055577511702429
2021-03-24,DOGE,2,1.3306647827853654e-05,0.0,0.0,mark,0.0534234,0.0,1.2055737932094064
2021-03-24,DOGE,2,-3.326993324478299e-06,3.3269877899913387e-06,0.0,funding,0.0534234,0.0,1.2055697822801164
2021-03-24,DOGE,2,0.000639744383986095,0.0,0.0,mark,0.0567995,0.0,1.2063412855339575
2021-03-24,DOGE,2,-0.0011466231668182069,0.0,0.0,mark,0.05075,0.0,1.204958859381263
2021-03-24,DOGE,2,0.0001421506830454238,0.0,0.0,mark,0.0514996,0.0,1.205130157280934
2021-03-25,DOGE,2,0.0,0.0,0.0,mark,0.0514996,0.0,1.205130157280934
2021-03-25,DOGE,2,-3.20836728798752e-06,3.208362141279808e-06,0.0,funding,0.0514996,0.0,1.2051262907869622
2021-03-25,DOGE,2,0.00018016308203071133,0.0,0.0,mark,0.0524498,0.0,1.2053434296133594
2021-03-25,DOGE,2,-0.0005442666612046164,0.0,0.0,mark,0.0495798,0.0,1.2046875798640855
2021-03-25,DOGE,2,0.0003198067789202589,0.0,0.0,mark,0.051266,0.0,1.2050729087307146
2021-03-26,DOGE,2,0.0,0.0,0.0,mark,0.051266,0.0,1.2050729087307146
2021-03-26,DOGE,2,-3.193965973597587e-06,3.193960872809642e-06,0.0,funding,0.051266,0.0,1.2050690597749951
2021-03-26,DOGE,2,0.000525520460821729,0.0,0.0,mark,0.054038,0.0,1.2057025146547817
2021-03-26,DOGE,2,-0.0005319679532555068,0.0,0.0,mark,0.051232,0.0,1.2050612901263975
2021-03-26,DOGE,2,0.0005116878353833085,0.0,0.0,mark,0.053931,0.0,1.2056780631136068
2021-03-27,DOGE,2,-2.0280344078469888e-06,0.0,0.0,mark,0.0539203,0.0,1.2056756179594894
2021-03-27,DOGE,2,-3.35765470547454e-06,3.3576490686301946e-06,0.0,funding,0.0539203,0.0,1.2056715697238738
2021-03-27,DOGE,2,0.0002898923506167306,0.0,0.0,mark,0.05545,0.0,1.206021135355046
2021-03-27,DOGE,2,-0.0003911669666839853,0.0,0.0,mark,0.053386,0.0,1.2055494719813522
2021-03-27,DOGE,2,0.00019901394375505634,0.0,0.0,mark,0.054436,0.0,1.2057894170115744
2021-03-28,DOGE,2,-2.653258743860063e-06,0.0,0.0,mark,0.054422,0.0,1.2057862177445047
2021-03-28,DOGE,2,-3.3885851232279785e-06,3.3885793819886582e-06,0.0,funding,0.054422,0.0,1.2057821318421882
2021-03-28,DOGE,2,9.058615835418715e-05,0.0,0.0,mark,0.0549,0.0,1.2058913639607083
2021-03-28,DOGE,2,-0.0003696734278087918,0.0,0.0,mark,0.0529496,0.0,1.2054456603540937
2021-03-28,DOGE,2,0.0001357245380150591,0.0,0.0,mark,0.0536656,0.0,1.2056092800127975
2021-03-29,DOGE,2,-4.1700249099726284e-07,0.0,0.0,mark,0.0536634,0.0,1.2056087772708295
2021-03-29,DOGE,2,-3.3418426031715216e-06,3.3418370192177117e-06,0.0,funding,0.0536634,0.0,1.205604748322787
2021-03-29,DOGE,2,0.00019879635945981735,0.0,0.0,mark,0.0547123,0.0,1.2058444419820251
2021-03-29,DOGE,2,-0.0002862572897103035,0.0,0.0,mark,0.053202,0.0,1.205499309620935
2021-03-29,DOGE,2,0.0001747625871969192,0.0,0.0,mark,0.054124,0.0,1.2057100042093778
2021-03-30,DOGE,2,0.0,0.0,0.0,mark,0.054124,0.0,1.2057100042093778
2021-03-30,DOGE,2,-3.370243147477355e-06,3.370237468234653e-06,0.0,funding,0.054124,0.0,1.2057059406803459
2021-03-30,DOGE,2,0.0002847682115248013,0.0,0.0,mark,0.0556267,0.0,1.2060493362964553
2021-03-30,DOGE,2,-0.00043564654885189566,0.0,0.0,mark,0.053328,0.0,1.2055240394955298
2021-03-30,DOGE,2,0.00012743303431242555,0.0,0.0,mark,0.0540003,0.0,1.205677672870595
2021-03-31,DOGE,2,2.0848935291954666e-07,0.0,0.0,mark,0.0540014,0.0,1.205677924241579
2021-03-31,DOGE,2,-3.362698435314118e-06,3.3626927813997047e-06,0.0,funding,0.0540014,0.0,1.2056738699171263
2021-03-31,DOGE,2,9.449838042198439e-05,0.0,0.0,mark,0.0545,0.0,1.2057878095286203
2021-03-31,DOGE,2,-0.0005986026885577902,0.0,0.0,mark,0.0513424,0.0,1.205066237692973
2021-03-31,DOGE,2,0.0004602256705096784,0.0,0.0,mark,0.0537699,0.0,1.205620967750939
2021-04-01,DOGE,2,2.5778047300314373e-06,0.0,0.0,mark,0.0537835,0.0,1.2056240756103782
2021-04-01,DOGE,2,-3.3492792409322554e-06,3.349273632135162e-06,0.0,funding,0.0537835,0.0,1.2056200376454516
2021-04-01,DOGE,2,0.0033241087363026344,0.0,0.0,mark,0.07135,0.0,1.2096343180010687
2021-04-01,DOGE,2,-0.003377865102306192,0.0,0.0,mark,0.0534999,0.0,1.205555229635384
2021-04-01,DOGE,2,0.0016385165523839053,0.0,0.0,mark,0.062151,0.0,1.207532171017246
2021-04-02,DOGE,2,-1.892447128036816e-08,0.0,0.0,mark,0.0621509,0.0,1.2075321481653383
2021-04-02,DOGE,2,-3.864230649565906e-06,3.864223183484899e-06,0.0,funding,0.0621509,0.0,1.2075274819916166
2021-04-02,DOGE,2,0.00014269980842402882,0.0,0.0,mark,0.062905,0.0,1.2076998082271315
2021-04-02,DOGE,2,-0.001080074283249394,0.0,0.0,mark,0.0572,0.0,1.2063961068962576
2021-04-02,DOGE,2,7.290622519179991e-05,0.0,0.0,mark,0.0575849,0.0,1.2064840638887648
2021-04-03,DOGE,2,7.19754370429157e-07,0.0,0.0,mark,0.0575887,0.0,1.2064849322612552
2021-04-03,DOGE,2,-3.583683377572603e-06,3.5836769562076886e-06,0.0,funding,0.0575887,0.0,1.2064806086090054
2021-04-03,DOGE,2,0.00037172311511404803,0.0,0.0,mark,0.0595516,0.0,1.206929168704075
2021-04-03,DOGE,2,-0.0007674213407018979,0.0,0.0,mark,0.0555,0.0,1.2060033008141244
2021-04-03,DOGE,2,2.141173906474356e-06,0.0,0.0,mark,0.0555113,0.0,1.2060058830796878
2021-04-04,DOGE,2,-2.141173906434074e-06,0.0,0.0,mark,0.0555,0.0,1.2060033008141244
2021-04-04,DOGE,2,-3.4550848597892128e-06,3.4550788910057526e-06,0.0,funding,0.0555,0.0,1.2059991339775773
2021-04-04,DOGE,2,0.0005149073358490395,0.0,0.0,mark,0.0582181,0.0,1.2066202716791459
2021-04-04,DOGE,2,-0.0005932815163705521,0.0,0.0,mark,0.0550864,0.0,1.2059046184875775
2021-04-04,DOGE,2,0.00043725173089649696,0.0,0.0,mark,0.0573943,0.0,1.2064320176640058
2021-04-05,DOGE,2,-2.595020161066662e-06,0.0,0.0,mark,0.0573806,0.0,1.2064288869526592
2021-04-05,DOGE,2,-3.5708993941544286e-06,3.570893018435475e-06,0.0,funding,0.0573806,0.0,1.2064245789241694
2021-04-05,DOGE,2,-0.00021768443492839367,0.0,0.0,mark,0.0562315,0.0,1.2061619876534757
2021-04-05,DOGE,2,0.0008475486262841317,0.0,0.0,mark,0.0607069,0.0,1.2071847019280055
2021-04-05,DOGE,2,-0.0001339760053707783,0.0,0.0,mark,0.0599992,0.0,1.2070229789776359
2021-04-06,DOGE,2,-4.032620941239047e-06,0.0,0.0,mark,0.0599779,0.0,1.2070181115213086
2021-04-06,DOGE,2,-3.730712314074747e-06,3.7307053550128446e-06,0.0,funding,0.0599779,0.0,1.2070136084923764
2021-04-06,DOGE,2,0.0011394907279873106,0.0,0.0,mark,0.066,0.0,1.2083897732223774
2021-04-06,DOGE,2,-0.0015158469956979297,0.0,0.0,mark,0.0579904,0.0,1.2065594268280273
2021-04-06,DOGE,2,0.0012141136536481954,0.0,0.0,mark,0.0644047,0.0,1.2080252167397931
2021-04-07,DOGE,2,0.0,0.0,0.0,mark,0.0644047,0.0,1.2080252167397931
2021-04-07,DOGE,2,-4.002726462033744e-06,4.00271845125454e-06,0.0,funding,0.0644047,0.0,1.2080203813549686
2021-04-07,DOGE,2,0.0005740175465510924,0.0,0.0,mark,0.06744,0.0,1.2087140053075718
2021-04-07,DOGE,2,-0.00195173253241241,0.0,0.0,mark,0.0571267,0.0,1.2063572195169143
2021-04-07,DOGE,2,0.00031254693533827864,0.0,0.0,mark,0.0587769,0.0,1.206734321696793
2021-04-08,DOGE,2,1.8936983135483215e-08,0.0,0.0,mark,0.058777,0.0,1.2067343445487007
2021-04-08,DOGE,2,-3.656874180506853e-06,3.656867494226235e-06,0.0,funding,0.058777,0.0,1.206729931681102
2021-04-08,DOGE,2,-2.7478040179200906e-05,0.0,0.0,mark,0.0586319,0.0,1.206696773563116
2021-04-08,DOGE,2,0.0006989497921102211,0.0,0.0,mark,0.062324,0.0,1.2075404888451
2021-04-08,DOGE,2,-0.00010223451432184245,0.0,0.0,mark,0.0617838,0.0,1.2074170428400277
2021-04-09,DOGE,2,-1.8926275725884235e-08,0.0,0.0,mark,0.0617837,0.0,1.20741701998812
2021-04-09,DOGE,2,-3.841766236278582e-06,3.841758856650905e-06,0.0,funding,0.0617837,0.0,1.2074123813830897
2021-04-09,DOGE,2,0.00047107939954759104,0.0,0.0,mark,0.0642733,0.0,1.2079813024757002
2021-04-09,DOGE,2,-0.0007195185834485252,0.0,0.0,mark,0.0604712,0.0,1.2071124500953119
2021-04-09,DOGE,2,0.00021136177962498469,0.0,0.0,mark,0.0615878,0.0,1.2073676144960224
2021-04-10,DOGE,2,4.258577262710364e-06,0.0,0.0,mark,0.0616103,0.0,1.2073727561752414
2021-04-10,DOGE,2,-3.831124496041642e-06,3.831117157292692e-06,0.0,funding,0.0616103,0.0,1.20736813058876
2021-04-10,DOGE,2,0.0007835563950060418,0.0,0.0,mark,0.0657518,0.0,1.2083145423436792
2021-04-10,DOGE,2,-0.0009095805831381072,0.0,0.0,mark,0.0609445,0.0,1.2072159825876916
2021-04-10,DOGE,2,0.0005246239550135615,0.0,0.0,mark,0.0637167,0.0,1.2078494831712934
2021-04-11,DOGE,2,0.0,0.0,0.0,mark,0.0637167,0.0,1.2078494831712934
2021-04-11,DOGE,2,-3.9605435998508055e-06,3.9605357569123165e-06,0.0,funding,0.0637167,0.0,1.2078446994402263
2021-04-11,DOGE,2,0.0030759953282435454,0.0,0.0,mark,0.08,0.0,1.2115657441170042
2021-04-11,DOGE,2,-0.003136691164835266,0.0,0.0,mark,0.0633959,0.0,1.2077713905205165
2021-04-11,DOGE,2,0.0020666737055079214,0.0,0.0,mark,0.07433,0.0,1.2102700409538045
2021-04-12,DOGE,2,6.608578880938157e-07,0.0,0.0,mark,0.0743335,0.0,1.210270840770572
2021-04-12,DOGE,2,-4.6112269257164825e-06,4.611216294058882e-06,0.0,funding,0.0743335,0.0,1.2102652599499508
2021-04-12,DOGE,2,0.00021628576207783802,0.0,0.0,mark,0.0754791,0.0,1.210527051403877
2021-04-12,DOGE,2,-0.0013183588193927396,0.0,0.0,mark,0.0685,0.0,1.2089321939177593
2021-04-12,DOGE,2,0.0004222506325493908,0.0,0.0,mark,0.0707343,0.0,1.2094427740901645
2021-04-13,DOGE,2,-6.461965652060916e-06,0.0,0.0,mark,0.0707001,0.0,1.2094349587377515
2021-04-13,DOGE,2,-4.388862196970182e-06,4.3888525658628515e-06,0.0,funding,0.0707001,0.0,1.2094296507060296
2021-04-13,DOGE,2,0.004811375021682884,0.0,0.0,mark,0.0962255,0.0,1.2152626915388232
2021-04-13,DOGE,2,-0.004822560794230769,0.0,0.0,mark,0.0706409,0.0,1.2094161223767066
2021-04-13,DOGE,2,0.0044796094327686576,0.0,0.0,mark,0.094402,0.0,1.214845987003004
2021-04-14,DOGE,2,-1.6929486413592046e-07,0.0,0.0,mark,0.0944011,0.0,1.214845781335835
2021-04-14,DOGE,2,-5.834056804677103e-06,5.83403978657268e-06,0.0,funding,0.0944011,0.0,1.2148386938772122
2021-04-14,DOGE,2,0.009546664253779494,0.0,0.0,mark,0.1453955,0.0,1.2264918870668902
2021-04-14,DOGE,2,-0.00997622249151487,0.0,0.0,mark,0.092118,0.0,1.2143169619738785
2021-04-14,DOGE,2,0.005501531774387125,0.0,0.0,mark,0.1214329,0.0,1.2210159758466976
2021-04-15,DOGE,2,-1.871548794549032e-07,0.0,0.0,mark,0.1214319,0.0,1.2210157473276213
2021-04-15,DOGE,2,-7.466664338584754e-06,7.4666364631087764e-06,0.0,funding,0.1214319,0.0,1.2210066304469203
2021-04-15,DOGE,2,0.013100895924510175,0.0,0.0,mark,0.1918922,0.0,1.2371081531259334
2021-04-15,DOGE,2,-0.013408646938632314,0.0,0.0,mark,0.1197878,0.0,1.2206309222334075
2021-04-15,DOGE,2,0.011646284902770872,0.0,0.0,mark,0.1823599,0.0,1.2349298407339457
2021-04-16,DOGE,2,2.5980149232534847e-05,0.0,0.0,mark,0.1825003,0.0,1.2349619248122725
2021-04-16,DOGE,2,-1.1094964205604156e-05,1.1094902656735847e-05,0.0,funding,0.1825003,0.0,1.234948223029932
2021-04-16,DOGE,2,0.04831297093507003,0.0,0.0,mark,0.45,0.0,1.2960770074117642
2021-04-16,DOGE,2,-0.048942372200284114,0.0,0.0,mark,0.1791,0.0,1.234171189614442
2021-04-16,DOGE,2,0.03392144171078998,0.0,0.0,mark,0.3654434,0.0,1.2767542112760646
2021-04-17,DOGE,2,-1.0363250002387131e-05,0.0,0.0,mark,0.3653855,0.0,1.276740980021541
2021-04-17,DOGE,2,-2.148654848598288e-05,2.148631765169165e-05,0.0,funding,0.3653855,0.0,1.2767135475592852
2021-04-17,DOGE,2,-0.024347687032806074,0.0,0.0,mark,0.231,0.0,1.246003897217454
2021-04-17,DOGE,2,0.027183251345557873,0.0,0.0,mark,0.38125,0.0,1.2803388884468658
2021-04-17,DOGE,2,-0.017827238083188115,0.0,0.0,mark,0.2822532,0.0,1.2577162311441048
2021-04-18,DOGE,2,4.384172122987833e-05,0.0,0.0,mark,0.2824945,0.0,1.2577713727972406
2021-04-18,DOGE,2,-1.68626347889927e-05,1.6862492615518526e-05,0.0,funding,0.2824945,0.0,1.2577501636367547
2021-04-18,DOGE,2,0.01236985671207647,0.0,0.0,mark,0.351,0.0,1.2734049772252172
2021-04-18,DOGE,2,-0.020175521743947027,0.0,0.0,mark,0.2397,0.0,1.2479708040216662
2021-04-18,DOGE,2,0.015017243685291722,0.0,0.0,mark,0.3223299,0.0,1.266853312452862
2021-04-19,DOGE,2,4.7872559973598746e-05,0.0,0.0,mark,0.3225953,0.0,1.2669139614157392
2021-04-19,DOGE,2,-1.911738764408309e-05,1.9117204908071654e-05,0.0,funding,0.3225953,0.0,1.266889741561938
2021-04-19,DOGE,2,0.020169055061065175,0.0,0.0,mark,0.435546,0.0,1.292701131204906
2021-04-19,DOGE,2,-0.02280519810302069,0.0,0.0,mark,0.308,0.0,1.2635544370861267
2021-04-19,DOGE,2,0.01808421766783054,0.0,0.0,mark,0.408903,0.0,1.2866126974523253
2021-04-20,DOGE,2,-5.86122906006302e-07,0.0,0.0,mark,0.4088997,0.0,1.2866119433393732
2021-04-20,DOGE,2,-3.365936686420947e-05,3.365880039396096e-05,0.02321296578893859,resize,0.4088997,-0.07304010989584162,1.2865686375247878
2021-04-20,DOGE,2,-1.623491515850338e-05,1.6234783372967044e-05,0.0,funding,0.4088997,0.0,1.2865477503616631
2021-04-20,DOGE,2,0.0018981848996281936,0.0,0.0,mark,0.4246216,0.0,1.2889921751251774
2021-04-20,DOGE,2,-0.018826659608188526,0.0,0.0,mark,0.27,0.0,1.264951768557637
2021-04-20,DOGE,2,0.005799453351480121,0.0,0.0,mark,0.3173205,0.0,1.2723091109921953
2021-04-21,DOGE,2,0.0,0.0,0.0,mark,0.3173205,0.0,1.2723091109921953
2021-04-21,DOGE,2,-1.2740043938295717e-05,1.2739962784186375e-05,0.0,funding,0.3173205,0.0,1.2722929018214713
2021-04-21,DOGE,2,0.003700866282233178,0.0,0.0,mark,0.347661,0.0,1.2770102114047537
2021-04-21,DOGE,2,-0.006309074341007988,0.0,0.0,mark,0.2960052,0.0,1.268978821006701
2021-04-21,DOGE,2,0.0012024394157871862,0.0,0.0,mark,0.3058251,0.0,1.2705056089098956
2021-04-22,DOGE,2,-2.1660515848599413e-06,0.0,0.0,mark,0.3058074,0.0,1.2705028569321883
2021-04-22,DOGE,2,-1.2295258979127834e-05,1.2295183392697062e-05,0.0,funding,0.3058074,0.0,1.2704872358665613
2021-04-22,DOGE,2,0.00043940975804520867,0.0,0.0,mark,0.3093988,0.0,1.2710456230268719
2021-04-22,DOGE,2,-0.006922815739095751,0.0,0.0,mark,0.253,0.0,1.26227679589068
2021-04-22,DOGE,2,0.0009432482593583525,0.0,0.0,mark,0.2606615,0.0,1.2634679979925676
2021-04-23,DOGE,2,1.2305730580976546e-08,0.0,0.0,mark,0.2606616,0.0,1.2634680135404643
2021-04-23,DOGE,2,-1.0538474769122031e-05,1.053841923955691e-05,0.0,funding,0.2606616,0.0,1.2634546985848418
2021-04-23,DOGE,2,0.0010870500780991346,0.0,0.0,mark,0.2695,0.0,1.2648288838824104
2021-04-23,DOGE,2,-0.013585604750323834,0.0,0.0,mark,0.1597278,0.0,1.2477616156752949
2021-04-23,DOGE,2,0.01116295727634924,0.0,0.0,mark,0.2498155,0.0,1.2617683581662185
2021-04-24,DOGE,2,2.2697431289772284e-05,0.0,0.0,mark,0.2499997,0.0,1.2617969973918488
2021-04-24,DOGE,2,-1.0120800453579541e-05,1.012074923852902e-05,0.0,funding,0.2499997,0.0,1.2617842270608484
2021-04-24,DOGE,2,-0.0027392289740106046,0.0,0.0,mark,0.2278,0.0,1.2583326406481
2021-04-24,DOGE,2,0.007654793197020651,0.0,0.0,mark,0.28999,0.0,1.2680018775751225
2021-04-24,DOGE,2,-0.0024541287371629508,0.0,0.0,mark,0.27,0.0,1.264893853034663
2021-04-25,DOGE,2,9.858022174795975e-06,0.0,0.0,mark,0.2700802,0.0,1.2649063224477768
2021-04-25,DOGE,2,-1.0906851953557088e-05,1.0906792474044074e-05,0.0,funding,0.2700802,0.0,1.2648925263770188
2021-04-25,DOGE,2,0.0023591963888846966,0.0,0.0,mark,0.289296,0.0,1.2678801791016092
2021-04-25,DOGE,2,-0.008039417406181559,0.0,0.0,mark,0.224,0.0,1.257728024504618
2021-04-25,DOGE,2,0.003404842644833726,0.0,0.0,mark,0.25159,0.0,1.262017689190525
2021-04-26,DOGE,2,0.0,0.0,0.0,mark,0.25159,0.0,1.262017689190525
2021-04-26,DOGE,2,-1.018340018056102e-05,1.0183348329940745e-05,0.0,funding,0.25159,0.0,1.2620048376247974
2021-04-26,DOGE,2,0.0035885288397190696,0.0,0.0,mark,0.28077,0.0,1.2665417138674493
2021-04-26,DOGE,2,-0.004154176681045587,0.0,0.0,mark,0.247,0.0,1.2612911891685337
2021-04-26,DOGE,2,0.003029074644638974,0.0,0.0,mark,0.27161,0.0,1.265117526534252
2021-04-27,DOGE,2,0.0,0.0,0.0,mark,0.27161,0.0,1.265117526534252
2021-04-27,DOGE,2,-1.0966800197090755e-05,1.0966740061916423e-05,0.0,funding,0.27161,0.0,1.2651036523191908
2021-04-27,DOGE,2,0.001023218371244444,0.0,0.0,mark,0.27994,0.0,1.2663987921101876
2021-04-27,DOGE,2,-0.001909707235899782,0.0,0.0,mark,0.2644,0.0,1.2639826489706807
2021-04-27,DOGE,2,0.0009737427826281735,0.0,0.0,mark,0.27232,0.0,1.2652140423854101
2021-04-28,DOGE,2,-6.144392923189723e-06,0.0,0.0,mark,0.27227,0.0,1.2652062684370848
2021-04-28,DOGE,2,-1.0992678083615891e-05,1.0992617664433632e-05,0.0,funding,0.27227,0.0,1.2651923605083093
2021-04-28,DOGE,2,0.009263390423410595,0.0,0.0,mark,0.348,0.0,1.2769667826418263
2021-04-28,DOGE,2,-0.011374402352868044,0.0,0.0,mark,0.25511,0.0,1.2625243414430622
2021-04-28,DOGE,2,0.00833928251919994,0.0,0.0,mark,0.32311,0.0,1.2730969111654862
2021-04-29,DOGE,2,1.2212583012656711e-05,0.0,0.0,mark,0.32321,0.0,1.2731124590621368
2021-04-29,DOGE,2,-1.2968313583806398e-05,1.2968229495536751e-05,0.0,funding,0.32321,0.0,1.273095949047594
2021-04-29,DOGE,2,-0.0033898690941884936,0.0,0.0,mark,0.2955,0.0,1.2687876268857061
2021-04-29,DOGE,2,0.003735427852777903,0.0,0.0,mark,0.32604,0.0,1.2735359545228064
2021-04-29,DOGE,2,-0.002597666077093705,0.0,0.0,mark,0.30479,0.0,1.270232026484549
2021-04-30,DOGE,2,0.0,0.0,0.0,mark,0.30479,0.0,1.270232026484549
2021-04-30,DOGE,2,-1.22569660629397e-05,1.225689094661808e-05,0.0,funding,0.30479,0.0,1.2702164573891235
2021-04-30,DOGE,2,0.004300567255770237,0.0,0.0,mark,0.34,0.0,1.275690871799808
2021-04-30,DOGE,2,-0.0046262136380084175,0.0,0.0,mark,0.30213,0.0,1.269802883338217
2021-04-30,DOGE,2,0.004316594965032956,0.0,0.0,mark,0.33746,0.0,1.2752959552248821
2021-05-01,DOGE,2,0.0,0.0,0.0,mark,0.33746,0.0,1.2752959552248821
2021-05-01,DOGE,2,-1.3516894423296014e-05,1.3516803070411402e-05,0.0,funding,0.33746,0.0,1.2752787173005988
2021-05-01,DOGE,2,0.007293274168646121,0.0,0.0,mark,0.3975,0.0,1.284613674449633
2021-05-01,DOGE,2,-0.008500987758004458,0.0,0.0,mark,0.32756,0.0,1.2737394755321871
2021-05-01,DOGE,2,0.007698225513042955,0.0,0.0,mark,0.39087,0.0,1.2835828489016967
2021-05-02,DOGE,2,-1.2112896397887206e-06,0.0,0.0,mark,0.39086,0.0,1.2835812941120317
2021-05-02,DOGE,2,-1.5554780699111437e-05,1.5554659724211486e-05,0.0,funding,0.39086,0.0,1.2835613284417735
2021-05-02,DOGE,2,0.001105314228328298,0.0,0.0,mark,0.39999,0.0,1.2849808514059755
2021-05-02,DOGE,2,-0.004607277343829832,0.0,0.0,mark,0.362,0.0,1.2790742054684037
2021-05-02,DOGE,2,0.001453966136597909,0.0,0.0,mark,0.37397,0.0,1.2809352886974832
2021-05-03,DOGE,2,7.525230437721347e-05,0.0,0.0,mark,0.37459,0.0,1.281031685656717
2021-05-03,DOGE,2,-1.4936959983180658e-05,1.4936848427475723e-05,0.0,funding,0.37459,0.0,1.2810125510805976
2021-05-03,DOGE,2,-8.86054347171051e-05,0.0,0.0,mark,0.37386,0.0,1.280899051435048
2021-05-03,DOGE,2,0.008947029717044825,0.0,0.0,mark,0.4479,0.0,1.2924107141151695
2021-05-03,DOGE,2,-0.0007798578252545951,0.0,0.0,mark,0.44142,0.0,1.291403210412209
2021-05-04,DOGE,2,0.0,0.0,0.0,mark,0.44142,0.0,1.291403210412209
2021-05-04,DOGE,2,-1.746049705505869e-05,1.7460344621441446e-05,0.0,funding,0.44142,0.0,1.29138066206711
2021-05-04,DOGE,2,0.02031283540119443,0.0,0.0,mark,0.61186,0.0,1.3178804971184326
2021-05-04,DOGE,2,-0.025566308720112486,0.0,0.0,mark,0.3979,0.0,1.2846142174447588
2021-05-04,DOGE,2,0.016878640885180245,0.0,0.0,mark,0.53854,0.0,1.3064807792941955
2021-05-05,DOGE,2,0.0,0.0,0.0,mark,0.53854,0.0,1.3064807792941955
2021-05-05,DOGE,2,-2.4405828299692006e-05,2.4405530479854113e-05,0.01683140033093387,resize,0.53854,-0.040832437740875444,1.306448893937715
2021-05-05,DOGE,2,-1.5526760115784748e-05,1.5526639576311617e-05,0.0,funding,0.53854,0.0,1.306428609176614
2021-05-05,DOGE,2,0.01377794192201016,0.0,0.0,mark,0.69663,0.0,1.3245530789091295
2021-05-05,DOGE,2,-0.01569812341899925,0.0,0.0,mark,0.51668,0.0,1.3039224360578032
2021-05-05,DOGE,2,0.01200146478341367,0.0,0.0,mark,0.654,0.0,1.3196656973878622
2021-05-06,DOGE,2,0.0,0.0,0.0,mark,0.654,0.0,1.3196656973878622
2021-05-06,DOGE,2,-1.866679701683329e-05,1.866662279334989e-05,0.0,funding,0.654,0.0,1.3196410636860758
2021-05-06,DOGE,2,0.0009551912603347702,0.0,0.0,mark,0.665,0.0,1.3209021755024948
2021-05-06,DOGE,2,-0.010908546186734957,0.0,0.0,mark,0.54,0.0,1.306571359406825
2021-05-06,DOGE,2,0.003596379743331356,0.0,0.0,mark,0.58106,0.0,1.3112787458779305
2021-05-07,DOGE,2,-6.120194960049219e-06,0.0,0.0,mark,0.58099,0.0,1.3112707206209169
2021-05-07,DOGE,2,-1.6689058948660768e-05,1.668891968712496e-05,0.0,funding,0.58099,0.0,1.3112488369291724
2021-05-07,DOGE,2,0.013203156447325018,0.0,0.0,mark,0.733,0.0,1.3286762557667946
2021-05-07,DOGE,2,-0.018798762063941574,0.0,0.0,mark,0.51717,0.0,1.3039320954633673
2021-05-07,DOGE,2,0.015065962344001642,0.0,0.0,mark,0.68982,0.0,1.3237258186547065
2021-05-08,DOGE,2,0.0,0.0,0.0,mark,0.68982,0.0,1.3237258186547065
2021-05-08,DOGE,2,-1.9628808394132395e-05,1.9628615750293e-05,0.0,funding,0.68982,0.0,1.3236998357492533
2021-05-08,DOGE,2,0.0043323944649717155,0.0,0.0,mark,0.73995,0.0,1.3294470662362607
2021-05-08,DOGE,2,-0.012142181938980536,0.0,0.0,mark,0.6,0.0,1.3134022845355489
2021-05-08,DOGE,2,0.0032314762828883465,0.0,0.0,mark,0.63708,0.0,1.3176533778221684
2021-05-09,DOGE,2,0.0,0.0,0.0,mark,0.63708,0.0,1.3176533778221684
2021-05-09,DOGE,2,-1.8211624098477774e-05,1.8211458267858776e-05,0.0,funding,0.63708,0.0,1.3176293814326667
2021-05-09,DOGE,2,-0.019423524288578575,0.0,0.0,mark,0.416,0.0,1.2922833268532212
2021-05-09,DOGE,2,0.024891030990078968,0.0,0.0,mark,0.70009,0.0,1.3248532592101718
2021-05-09,DOGE,2,-0.01126608012087504,0.0,0.0,mark,0.57063,0.0,1.3100111195962085
2021-05-10,DOGE,2,1.6627843106920682e-05,0.0,0.0,mark,0.57082,0.0,1.310032902436674
2021-05-10,DOGE,2,-1.6412414360793383e-05,1.6412279677775176e-05,0.0,funding,0.57082,0.0,1.310011401810292
2021-05-10,DOGE,2,0.0001557657648698413,0.0,0.0,mark,0.5726,0.0,1.3102154726314943
2021-05-10,DOGE,2,-0.013581122082962194,0.0,0.0,mark,0.41844,0.0,1.2925415637570266
2021-05-10,DOGE,2,0.0028608661386775197,0.0,0.0,mark,0.45074,0.0,1.2962446466361477
2021-05-11,DOGE,2,-2.1227056951772635e-05,0.0,0.0,mark,0.4505,0.0,1.296217131469244
2021-05-11,DOGE,2,-1.3090969536409884e-05,1.3090883850074118e-05,0.0,funding,0.4505,0.0,1.2962001628413315
2021-05-11,DOGE,2,0.00863056964683621,0.0,0.0,mark,0.5485,0.0,1.3074355226603367
2021-05-11,DOGE,2,-0.009303001749577175,0.0,0.0,mark,0.4429,0.0,1.2953288492227149
2021-05-11,DOGE,2,0.004447341788048462,0.0,0.0,mark,0.49326,0.0,1.3011024484113383
2021-05-12,DOGE,2,2.379074344979922e-05,0.0,0.0,mark,0.49353,0.0,1.3011334029741048
2021-05-12,DOGE,2,-1.4287188163236337e-05,1.4287086101796993e-05,0.0,funding,0.49353,0.0,1.3011148135691466
2021-05-12,DOGE,2,0.0025054664222410867,0.0,0.0,mark,0.522,0.0,1.3043788002430963
2021-05-12,DOGE,2,-0.01237876684163672,0.0,0.0,mark,0.38203,0.0,1.288331725611809
2021-05-12,DOGE,2,0.0008512561939713569,0.0,0.0,mark,0.3916,0.0,1.2894288928920934
2021-05-13,DOGE,2,-1.6004403521902285e-05,0.0,0.0,mark,0.39142,0.0,1.2894082565169156
2021-05-13,DOGE,2,-1.1434231478069074e-05,1.1434166107509272e-05,0.0,funding,0.39142,0.0,1.2893935132087302
2021-05-13,DOGE,2,0.011367841674880683,0.0,0.0,mark,0.52,0.0,1.30413476387738
2021-05-13,DOGE,2,-0.01491472295647063,0.0,0.0,mark,0.3516,0.0,1.2848282884332936
2021-05-13,DOGE,2,0.012225458648348628,0.0,0.0,mark,0.48945,0.0,1.3006323124235981
2021-05-14,DOGE,2,-1.5866543292173626e-05,0.0,0.0,mark,0.48927,0.0,1.3006116760484203
2021-05-14,DOGE,2,-1.4169546379855118e-05,1.4169445992287802e-05,0.0,funding,0.48927,0.0,1.3005932471015196
2021-05-14,DOGE,2,-0.0022194187770391595,0.0,0.0,mark,0.46412,0.0,1.2977098869030708
2021-05-14,DOGE,2,0.011059519866468087,0.0,0.0,mark,0.59,0.0,1.312141591944054
2021-05-14,DOGE,2,-0.0026500545040551338,0.0,0.0,mark,0.55971,0.0,1.3086689485877514
2021-05-15,DOGE,2,1.6644896482585603e-05,0.0,0.0,mark,0.5599,0.0,1.3086907314282168
2021-05-15,DOGE,2,-1.611494662704181e-05,1.6114816781966594e-05,0.0,funding,0.5599,0.0,1.3086696421168555
2021-05-15,DOGE,2,0.00036349634132147894,0.0,0.0,mark,0.56405,0.0,1.3091454252112318
2021-05-15,DOGE,2,-0.006498007078711868,0.0,0.0,mark,0.49009,0.0,1.300666167943746
2021-05-15,DOGE,2,0.0016258245291389307,0.0,0.0,mark,0.50855,0.0,1.3027825428647544
2021-05-16,DOGE,2,-1.496032917004745e-05,0.0,0.0,mark,0.50838,0.0,1.3027630529548642
2021-05-16,DOGE,2,-1.469867361863647e-05,1.4698565593659151e-05,0.0,funding,0.50838,0.0,1.3027439042066773
2021-05-16,DOGE,2,-0.005150910177034135,0.0,0.0,mark,0.45,0.0,1.2960508398573556
2021-05-16,DOGE,2,0.008710484912921035,0.0,0.0,mark,0.5489,0.0,1.3073893815522495
2021-05-16,DOGE,2,-0.0030915036135903207,0.0,0.0,mark,0.5137,0.0,1.3033538237397089
2021-05-17,DOGE,2,8.796266696553468e-07,0.0,0.0,mark,0.51371,0.0,1.3033549702049965
2021-05-17,DOGE,2,-1.4846034399138677e-05,1.4845924197264506e-05,0.0,funding,0.51371,0.0,1.3033356206959066
2021-05-17,DOGE,2,0.00021900621251973783,0.0,0.0,mark,0.5162,0.0,1.3036210905525323
2021-05-17,DOGE,2,-0.0053481200689576,0.0,0.0,mark,0.45555,0.0,1.2966677785829133
2021-05-17,DOGE,2,0.002820917304084625,0.0,0.0,mark,0.4875,0.0,1.3003307351769664
2021-05-18,DOGE,2,-4.408370054064799e-06,0.0,0.0,mark,0.48745,0.0,1.3003250028505282
2021-05-18,DOGE,2,-1.4119949998102418e-05,1.411985031204932e-05,0.0,funding,0.48745,0.0,1.300306642456131
2021-05-18,DOGE,2,0.002457769542684478,0.0,0.0,mark,0.51536,0.0,1.303506427073972
2021-05-18,DOGE,2,-0.004189140147815571,0.0,0.0,mark,0.46783,0.0,1.2980572775617545
2021-05-18,DOGE,2,0.0006983801336344602,0.0,0.0,mark,0.47574,0.0,1.2989641316042884
2021-05-19,DOGE,2,0.0,0.0,0.0,mark,0.47574,0.0,1.2989641316042884
2021-05-19,DOGE,2,-1.3795182049115374e-05,1.3795086895924729e-05,0.0,funding,0.47574,0.0,1.298946212281218
2021-05-19,DOGE,2,0.00032298376326311265,0.0,0.0,mark,0.4794,0.0,1.2993658185764994
2021-05-19,DOGE,2,-0.023956627915468764,0.0,0.0,mark,0.21111,0.0,1.2686073013740413
2021-05-19,DOGE,2,0.010637834854491322,0.0,0.0,mark,0.32945,0.0,1.2821745715881339
2021-05-20,DOGE,2,2.414194588039756e-05,0.0,0.0,mark,0.32972,0.0,1.2822055261509004
2021-05-20,DOGE,2,-9.685937924454508e-06,9.685891015904392e-06,0.0,funding,0.32972,0.0,1.2821931068479142
2021-05-20,DOGE,2,0.009369516816925688,0.0,0.0,mark,0.435,0.0,1.294263093396331
2021-05-20,DOGE,2,-0.012566716537176554,0.0,0.0,mark,0.29402,0.0,1.2781002257709908
2021-05-20,DOGE,2,0.009246526849629021,0.0,0.0,mark,0.39758,0.0,1.2899730202899313
2021-05-21,DOGE,2,-9.776312846149686e-06,0.0,0.0,mark,0.39747,0.0,1.2899604091717671
2021-05-21,DOGE,2,-1.1605996224038627e-05,1.1605928874709315e-05,0.0,funding,0.39747,0.0,1.289945437983007
2021-05-21,DOGE,2,0.0012887749834023402,0.0,0.0,mark,0.41198,0.0,1.2916089591153925
2021-05-21,DOGE,2,-0.008773499205356824,0.0,0.0,mark,0.31357,0.0,1.2803265942195936
2021-05-21,DOGE,2,0.00395095820983066,0.0,0.0,mark,0.35778,0.0,1.28539511725631
2021-05-22,DOGE,2,0.0,0.0,0.0,mark,0.35778,0.0,1.28539511725631
2021-05-22,DOGE,2,-1.0484159555750283e-05,1.0484104597198605e-05,0.0,funding,0.35778,0.0,1.285381641039452
2021-05-22,DOGE,2,0.0005546241309306531,0.0,0.0,mark,0.364,0.0,1.2860947424483726
2021-05-22,DOGE,2,-0.004223594678148837,0.0,0.0,mark,0.31672,0.0,1.2806742545683465
2021-05-22,DOGE,2,0.002259626756649427,0.0,0.0,mark,0.34199,0.0,1.283571372350247
2021-05-23,DOGE,2,0.0,0.0,0.0,mark,0.34199,0.0,1.283571372350247
2021-05-23,DOGE,2,-1.0035695954523321e-05,1.0035645597001756e-05,0.0,funding,0.34199,0.0,1.2835584908828557
2021-05-23,DOGE,2,-0.008446770961112711,0.0,0.0,mark,0.24782,0.0,1.2727622272690218
2021-05-23,DOGE,2,0.009245859220451473,0.0,0.0,mark,0.35094,0.0,1.2845845773153055
2021-05-23,DOGE,2,-0.003989297330809129,0.0,0.0,mark,0.30633,0.0,1.2794701956670829
2021-05-24,DOGE,2,-8.960509029452663e-06,0.0,0.0,mark,0.30623,0.0,1.2794587310142063
2021-05-24,DOGE,2,-9.015199483003808e-06,9.015158846279445e-06,0.0,funding,0.30623,0.0,1.279447196490509
2021-05-24,DOGE,2,0.006143316351909245,0.0,0.0,mark,0.375,0.0,1.2873314382737027
2021-05-24,DOGE,2,-0.007140235161530401,0.0,0.0,mark,0.29511,0.0,1.2781723270906382
2021-05-24,DOGE,2,0.0063285919781829285,0.0,0.0,mark,0.36589,0.0,1.2862870083966502
2021-05-25,DOGE,2,0.0,0.0,0.0,mark,0.36589,0.0,1.2862870083966502
2021-05-25,DOGE,2,-1.0714376782105776e-05,1.0714319383400077e-05,0.0,funding,0.36589,0.0,1.2862732267068235
2021-05-25,DOGE,2,-0.003972416453677096,0.0,0.0,mark,0.32141,0.0,1.2811737491073403
2021-05-25,DOGE,2,0.005229261519468819,0.0,0.0,mark,0.38,0.0,1.2878908892277026
2021-05-25,DOGE,2,-0.003033015240525587,0.0,0.0,mark,0.34598,0.0,1.283990614319105
2021-05-26,DOGE,2,-8.928926634207022e-07,0.0,0.0,mark,0.34597,0.0,1.2839894678538175
2021-05-26,DOGE,2,-1.0149183747410129e-05,1.0149132244568292e-05,0.0,funding,0.34597,0.0,1.2839764364749076
2021-05-26,DOGE,2,0.0018501663918734045,0.0,0.0,mark,0.36671,0.0,1.2863542054815011
2021-05-26,DOGE,2,-0.0027121883760180634,0.0,0.0,mark,0.33632,0.0,1.282870097472322
2021-05-26,DOGE,2,0.0014752576760767436,0.0,0.0,mark,0.35284,0.0,1.2847640581275257
2021-05-27,DOGE,2,6.246463619552264e-06,0.0,0.0,mark,0.35291,0.0,1.2847720833845393
2021-05-27,DOGE,2,-1.0346466389291096e-05,1.0346412864919284e-05,0.0,funding,0.35291,0.0,1.2847587906021274
2021-05-27,DOGE,2,1.606232204456648e-05,0.0,0.0,mark,0.35309,0.0,1.2847794269773052
2021-05-27,DOGE,2,-0.0023308399457780877,0.0,0.0,mark,0.327,0.0,1.281788299041817
2021-05-27,DOGE,2,0.0006285841553675471,0.0,0.0,mark,0.33403,0.0,1.2825942641390375
2021-05-28,DOGE,2,8.938639499306763e-07,0.0,0.0,mark,0.33404,0.0,1.2825954106043251
2021-05-28,DOGE,2,-9.809861025852036e-06,9.809812909363805e-06,0.0,funding,0.33404,0.0,1.2825828285833087
2021-05-28,DOGE,2,0.0012060001204518762,0.0,0.0,mark,0.34754,0.0,1.284130556721641
2021-05-28,DOGE,2,-0.004206757908292347,0.0,0.0,mark,0.30052,0.0,1.2787398769390939
2021-05-28,DOGE,2,0.0009597535948180474,0.0,0.0,mark,0.31123,0.0,1.2799677412621708
2021-05-29,DOGE,2,-8.956989805555044e-07,0.0,0.0,mark,0.31122,0.0,1.2799665947968832
2021-05-29,DOGE,2,-9.158466960324118e-06,9.158425021645909e-06,0.0,funding,0.31122,0.0,1.2799548723187946
2021-05-29,DOGE,2,0.0006017344186776223,0.0,0.0,mark,0.31794,0.0,1.2807252969920977
2021-05-29,DOGE,2,-0.003402050727562761,0.0,0.0,mark,0.28,0.0,1.27637560769074
2021-05-29,DOGE,2,0.002045845981101637,0.0,0.0,mark,0.3028,0.0,1.27898954854659
2021-05-30,DOGE,2,-6.27470505976219e-06,0.0,0.0,mark,0.30273,0.0,1.2789815232895765
2021-05-30,DOGE,2,-8.915486723395552e-06,8.915446980527776e-06,0.0,funding,0.30273,0.0,1.2789701205976165
2021-05-30,DOGE,2,0.0007222353016740644,0.0,0.0,mark,0.31079,0.0,1.2798941716194654
2021-05-30,DOGE,2,-0.002175454243720325,0.0,0.0,mark,0.28653,0.0,1.2771128468316177
2021-05-30,DOGE,2,0.0013689540511892695,0.0,0.0,mark,0.30179,0.0,1.2788623528605771
2021-05-31,DOGE,2,0.0,0.0,0.0,mark,0.30179,0.0,1.2788623528605771
2021-05-31,DOGE,2,-8.888631537508299e-06,8.88859203376709e-06,0.0,funding,0.30179,0.0,1.2788509855748553
2021-05-31,DOGE,2,0.0025177317141916204,0.0,0.0,mark,0.32991,0.0,1.2820748459637372
2021-05-31,DOGE,2,-0.00322889376285624,0.0,0.0,mark,0.29386,0.0,1.277941838601746
2021-05-31,DOGE,2,0.0028407241387138323,0.0,0.0,mark,0.32557,0.0,1.2815772800288956
2021-06-01,DOGE,2,8.945732674561551e-07,0.0,0.0,mark,0.32558,0.0,1.2815784264941832
2021-06-01,DOGE,2,-9.568999676210928e-06,9.568953893527015e-06,0.0,funding,0.32558,0.0,1.2815661631293092
2021-06-01,DOGE,2,0.005280168231933441,0.0,0.0,mark,0.38476,0.0,1.288350944701643
2021-06-01,DOGE,2,-0.006566508724557593,0.0,0.0,mark,0.31121,0.0,1.279918692510951
2021-06-01,DOGE,2,0.0052575430091378215,0.0,0.0,mark,0.37006,0.0,1.2866656407287922
2021-06-02,DOGE,2,8.910355111959328e-07,0.0,0.0,mark,0.37007,0.0,1.2866667871940798
2021-06-02,DOGE,2,-1.0833581958836564e-05,1.0833523275852534e-05,0.0,funding,0.37007,0.0,1.2866528480594925
2021-06-02,DOGE,2,-0.0016917421127250342,0.0,0.0,mark,0.3511,0.0,1.2844780034088137
2021-06-02,DOGE,2,0.008641742208326385,0.0,0.0,mark,0.44834,0.0,1.295626231865957
2021-06-02,DOGE,2,-0.002211086848496683,0.0,0.0,mark,0.42338,0.0,1.2927646545079736
2021-06-03,DOGE,2,5.320978881305239e-06,0.0,0.0,mark,0.42344,0.0,1.2927715332996996
2021-06-03,DOGE,2,-1.2337430263511842e-05,1.233735415782066e-05,0.0,funding,0.42344,0.0,1.2927555839194482
2021-06-03,DOGE,2,0.0016446189344025957,0.0,0.0,mark,0.442,0.0,1.2948834234933333
2021-06-03,DOGE,2,-0.005752009790426037,0.0,0.0,mark,0.37722,0.0,1.2874566213599135
2021-06-03,DOGE,2,0.0020957931454132963,0.0,0.0,mark,0.40078,0.0,1.2901576935776253
2021-06-04,DOGE,2,0.0,0.0,0.0,mark,0.40078,0.0,1.2901576935776253
2021-06-04,DOGE,2,-1.1700858205098444e-05,1.17007897503886e-05,0.0,funding,0.40078,0.0,1.290142597713708
2021-06-04,DOGE,2,0.0001519449639484039,0.0,0.0,mark,0.40249,0.0,1.2903386432778967
2021-06-04,DOGE,2,-0.004674643211038411,0.0,0.0,mark,0.35,0.0,1.284320846983003
2021-06-04,DOGE,2,0.002343170151167678,0.0,0.0,mark,0.37628,0.0,1.2873337577589565
2021-06-05,DOGE,2,0.0,0.0,0.0,mark,0.37628,0.0,1.2873337577589565
2021-06-05,DOGE,2,-1.100966994050518e-05,1.1009609334214788e-05,0.0,funding,0.37628,0.0,1.2873195847172008
2021-06-05,DOGE,2,0.00166578369651158,0.0,0.0,mark,0.395,0.0,1.2894657677356882
2021-06-05,DOGE,2,-0.003139894395624234,0.0,0.0,mark,0.35974,0.0,1.2854233311314216
2021-06-05,DOGE,2,0.0010305018498816762,0.0,0.0,mark,0.3713,0.0,1.2867486450039491
2021-06-06,DOGE,2,0.0,0.0,0.0,mark,0.3713,0.0,1.2867486450039491
2021-06-06,DOGE,2,-1.0868898198742964e-05,1.0868839132471142e-05,0.0,funding,0.3713,0.0,1.2867346595399227
2021-06-06,DOGE,2,0.0005104059101199822,0.0,0.0,mark,0.37703,0.0,1.2873915841497483
2021-06-06,DOGE,2,-0.0009524336946029558,0.0,0.0,mark,0.36634,0.0,1.2861660127572465
2021-06-06,DOGE,2,0.00045361056288552206,0.0,0.0,mark,0.37143,0.0,1.286749563588662
2021-06-07,DOGE,2,0.0,0.0,0.0,mark,0.37143,0.0,1.286749563588662
2021-06-07,DOGE,2,-1.0872695889110754e-05,1.0872636781662209e-05,0.0,funding,0.37143,0.0,1.2867355732280283
2021-06-07,DOGE,2,0.0007623945874778468,0.0,0.0,mark,0.37999,0.0,1.2877169475142598
2021-06-07,DOGE,2,-0.004684182761351566,0.0,0.0,mark,0.3275,0.0,1.281699151219366
2021-06-07,DOGE,2,0.00035415476794762246,0.0,0.0,mark,0.33146,0.0,1.282153151473277
2021-06-08,DOGE,2,3.5766811040635957e-06,0.0,0.0,mark,0.3315,0.0,1.2821577373344275
2021-06-08,DOGE,2,-9.738590875017797e-06,9.738543455083698e-06,0.0,funding,0.3315,0.0,1.2821452509855862
2021-06-08,DOGE,2,0.0009232589039567296,0.0,0.0,mark,0.34183,0.0,1.2833295496277324
2021-06-08,DOGE,2,-0.00416901953367902,0.0,0.0,mark,0.29526,0.0,1.2779904607831296
2021-06-08,DOGE,2,0.0027413173745019295,0.0,0.0,mark,0.32586,0.0,1.2814986445633496
2021-06-09,DOGE,2,5.3677569565187075e-06,0.0,0.0,mark,0.32592,0.0,1.2815055233550756
2021-06-09,DOGE,2,-9.579537475260673e-06,9.579491591697495e-06,0.0,funding,0.32592,0.0,1.28149324718369
2021-06-09,DOGE,2,0.0025803661545724214,0.0,0.0,mark,0.3548,0.0,1.2848042389344334
2021-06-09,DOGE,2,-0.003802285522433208,0.0,0.0,mark,0.31227,0.0,1.2799283220660427
2021-06-09,DOGE,2,0.0027648638155798777,0.0,0.0,mark,0.34318,0.0,1.2834720462701799
2021-06-10,DOGE,2,4.466255150448752e-06,0.0,0.0,mark,0.34323,0.0,1.283477778596618
2021-06-10,DOGE,2,-1.0072818415608334e-05,1.0072767684958832e-05,0.0,funding,0.34323,0.0,1.2834648504231254
2021-06-10,DOGE,2,0.00017149083693285546,0.0,0.0,mark,0.34515,0.0,1.283684971758355
2021-06-10,DOGE,2,-0.0020249312993409208,0.0,0.0,mark,0.3225,0.0,1.2810882278818196
2021-06-10,DOGE,2,0.00031853906112522636,0.0,0.0,mark,0.32606,0.0,1.2814963695242243
2021-06-11,DOGE,2,6.2623914322550135e-06,0.0,0.0,mark,0.32613,0.0,1.281504394781238
2021-06-11,DOGE,2,-9.585718329143076e-06,9.585672386269254e-06,0.0,funding,0.32613,0.0,1.281492110699948
2021-06-11,DOGE,2,0.0006859482881491541,0.0,0.0,mark,0.3338,0.0,1.2823714495755782
2021-06-11,DOGE,2,-0.0020682167213113083,0.0,0.0,mark,0.31069,0.0,1.2797219682958108
2021-06-11,DOGE,2,0.000717335004367097,0.0,0.0,mark,0.3187,0.0,1.2806402869912212
2021-06-12,DOGE,2,3.5809063530808425e-06,0.0,0.0,mark,0.31874,0.0,1.2806448728523718
2021-06-12,DOGE,2,-9.374795873008637e-06,9.374751929668092e-06,0.0,funding,0.31874,0.0,1.2806328671243787
2021-06-12,DOGE,2,-0.0016790762102525498,0.0,0.0,mark,0.3,0.0,1.2784843911753159
2021-06-12,DOGE,2,0.0017309983981980772,0.0,0.0,mark,0.31932,0.0,1.2806993621110625
2021-06-12,DOGE,2,-0.000641159316794985,0.0,0.0,mark,0.31216,0.0,1.2798784929651026
2021-06-13,DOGE,2,4.478795161125881e-06,0.0,0.0,mark,0.31221,0.0,1.2798842252915408
2021-06-13,DOGE,2,-9.188191736745305e-06,9.188149525443055e-06,0.0,funding,0.31221,0.0,1.2798724655239035
2021-06-13,DOGE,2,0.0015922980121083708,0.0,0.0,mark,0.33,0.0,1.2819120272706392
2021-06-13,DOGE,2,-0.0020196693496873446,0.0,0.0,mark,0.30744,0.0,1.2793256015816927
2021-06-13,DOGE,2,0.0014775523505478842,0.0,0.0,mark,0.32394,0.0,1.281217269306321
2021-06-14,DOGE,2,-1.7896516712311785e-06,0.0,0.0,mark,0.32392,0.0,1.2812149763757457
2021-06-14,DOGE,2,-9.522911676046396e-06,9.522866333362578e-06,0.0,funding,0.32392,0.0,1.2812027755367814
2021-06-14,DOGE,2,0.0012385793372067066,0.0,0.0,mark,0.33777,0.0,1.2827906299601817
2021-06-14,DOGE,2,-0.0015894162550879557,0.0,0.0,mark,0.32,0.0,1.2807533611440212
2021-06-14,DOGE,2,0.0006863438132737369,0.0,0.0,mark,0.32767,0.0,1.2816327000196515
2021-06-15,DOGE,2,1.789068369120684e-06,0.0,0.0,mark,0.32769,0.0,1.2816349929502269
2021-06-15,DOGE,2,-9.630589115364565e-06,9.6305427414945e-06,0.0,funding,0.32769,0.0,1.2816226501096484
2021-06-15,DOGE,2,0.0002683265969596249,0.0,0.0,mark,0.33069,0.0,1.2819665896959445
2021-06-15,DOGE,2,-0.0012769839539039758,0.0,0.0,mark,0.31642,0.0,1.2803305837304628
2021-06-15,DOGE,2,0.00034558194961760446,0.0,0.0,mark,0.32028,0.0,1.280773119331497
2021-06-16,DOGE,2,-2.685409639806743e-06,0.0,0.0,mark,0.32025,0.0,1.280769679935634
2021-06-16,DOGE,2,-9.418290395681958e-06,9.418246043839323e-06,0.0,funding,0.32025,0.0,1.280757617331663
2021-06-16,DOGE,2,0.0001083068222892234,0.0,0.0,mark,0.32146,0.0,1.2808963396314692
2021-06-16,DOGE,2,-0.0014698555015641677,0.0,0.0,mark,0.30505,0.0,1.2790149900944296
2021-06-16,DOGE,2,0.00024198948267303684,0.0,0.0,mark,0.30775,0.0,1.2793245357220961
2021-06-17,DOGE,2,-8.961493110655046e-07,0.0,0.0,mark,0.30774,0.0,1.2793233892568086
2021-06-17,DOGE,2,-9.060611480588613e-06,9.060570433420087e-06,0.0,funding,0.30774,0.0,1.2793117978571331
2021-06-17,DOGE,2,0.0005724809563671689,0.0,0.0,mark,0.31413,0.0,1.2800443891759437
2021-06-17,DOGE,2,-0.0010332122025318521,0.0,0.0,mark,0.3026,0.0,1.2787225146992791
2021-06-17,DOGE,2,0.00032181713403367534,0.0,0.0,mark,0.30619,0.0,1.2791340957375468
2021-06-18,DOGE,2,0.0,0.0,0.0,mark,0.30619,0.0,1.2791340957375468
2021-06-18,DOGE,2,-9.016309611343002e-06,9.01626896457245e-06,0.0,funding,0.30619,0.0,1.2791225627204978
2021-06-18,DOGE,2,0.00013174601155244424,0.0,0.0,mark,0.30766,0.0,1.279291093117783
2021-06-18,DOGE,2,-0.0024818900246923944,0.0,0.0,mark,0.28,0.0,1.276119970132133
2021-06-18,DOGE,2,0.0011923631226328597,0.0,0.0,mark,0.29328,0.0,1.277642476034137
2021-06-19,DOGE,2,-6.281320767532612e-06,0.0,0.0,mark,0.29321,0.0,1.2776344507771233
2021-06-19,DOGE,2,-8.64422320608689e-06,8.644185844821505e-06,0.0,funding,0.29321,0.0,1.277623406667489
2021-06-19,DOGE,2,0.00042166188135136514,0.0,0.0,mark,0.29791,0.0,1.2781622453526862
2021-06-19,DOGE,2,-0.0011065684086842365,0.0,0.0,mark,0.28558,0.0,1.2767486536530093
2021-06-19,DOGE,2,8.081579616895158e-06,0.0,0.0,mark,0.28567,0.0,1.276758971840598
2021-06-20,DOGE,2,-3.5918050999180664e-06,0.0,0.0,mark,0.28563,0.0,1.2767543859794475
2021-06-20,DOGE,2,-8.426558157544984e-06,8.426522654187696e-06,0.0,funding,0.28563,0.0,1.2767436273796902
2021-06-20,DOGE,2,0.0003815603896484576,0.0,0.0,mark,0.28988,0.0,1.277230875126943
2021-06-20,DOGE,2,-0.003126798376592501,0.0,0.0,mark,0.2551,0.0,1.2732434688564838
2021-06-20,DOGE,2,0.0022880716310949684,0.0,0.0,mark,0.28054,0.0,1.2761600765482746
2021-06-21,DOGE,2,0.0,0.0,0.0,mark,0.28054,0.0,1.2761600765482746
2021-06-21,DOGE,2,-8.280248447929614e-06,8.280214166780378e-06,0.0,funding,0.28054,0.0,1.2761495096695297
2021-06-21,DOGE,2,7.546094710541512e-05,0.0,0.0,mark,0.28138,0.0,1.2762458127536926
2021-06-21,DOGE,2,-0.010518650748281526,0.0,0.0,mark,0.1649,0.0,1.2628917850831036
2021-06-21,DOGE,2,0.0012547131964037537,0.0,0.0,mark,0.17873,0.0,1.2644773465759285
2021-06-22,DOGE,2,0.0,0.0,0.0,mark,0.17873,0.0,1.2644773465759285
2021-06-22,DOGE,2,-5.324017685608962e-06,5.324003513026392e-06,0.0,funding,0.17873,0.0,1.2644706144940931
2021-06-22,DOGE,2,-0.001407244337976865,0.0,0.0,mark,0.16322,0.0,1.2626924468329424
2021-06-22,DOGE,2,0.004907228726476885,0.0,0.0,mark,0.2174,0.0,1.2689039957614494
2021-06-22,DOGE,2,-0.0024134702127409854,0.0,0.0,mark,0.19072,0.0,1.2658452263739897
2021-06-23,DOGE,2,2.7170708698800705e-06,0.0,0.0,mark,0.19075,0.0,1.2658486657698527
2021-06-23,DOGE,2,-5.675915512011987e-06,5.675899404095473e-06,0.0,funding,0.19075,0.0,1.265841480940165
2021-06-23,DOGE,2,-0.0009323938761047055,0.0,0.0,mark,0.18046,0.0,1.2646617681591694
2021-06-23,DOGE,2,0.0061491469332101735,0.0,0.0,mark,0.2485,0.0,1.2724623179763643
2021-06-23,DOGE,2,-0.0012459325885425265,0.0,0.0,mark,0.23468,0.0,1.270877902948827
2021-06-24,DOGE,2,6.31471493559281e-06,0.0,0.0,mark,0.23475,0.0,1.2708859282058407
2021-06-24,DOGE,2,-6.957488096384416e-06,6.957463893111296e-06,0.0,funding,0.23475,0.0,1.2708770860628829
2021-06-24,DOGE,2,0.0031326113892177856,0.0,0.0,mark,0.26953,0.0,1.274864492333342
2021-06-24,DOGE,2,-0.004283457950402065,0.0,0.0,mark,0.222,0.0,1.2694153428211246
2021-06-24,DOGE,2,0.003765336143002295,0.0,0.0,mark,0.26377,0.0,1.2742041283276535
2021-06-25,DOGE,2,-2.69925393304397e-06,0.0,0.0,mark,0.26374,0.0,1.2742006889317905
2021-06-25,DOGE,2,-7.79635831044107e-06,7.796327918935527e-06,0.0,funding,0.26374,0.0,1.274190754845385
2021-06-25,DOGE,2,0.0023231777429239364,0.0,0.0,mark,0.28959,0.0,1.2771543676139696
2021-06-25,DOGE,2,-0.005466474002624651,0.0,0.0,mark,0.22886,0.0,1.2701918839220494
2021-06-25,DOGE,2,0.0007750262898099615,0.0,0.0,mark,0.23745,0.0,1.2711766976041439
2021-06-26,DOGE,2,2.7056751564299784e-06,0.0,0.0,mark,0.23748,0.0,1.2711801370000069
2021-06-26,DOGE,2,-7.0367707332549465e-06,7.036745975302316e-06,0.0,funding,0.23748,0.0,1.271171192028294
2021-06-26,DOGE,2,0.0016148945020732323,0.0,0.0,mark,0.2554,0.0,1.2732256578237693
2021-06-26,DOGE,2,-0.0022382994985488867,0.0,0.0,mark,0.23057,0.0,1.2703789845145255
2021-06-26,DOGE,2,0.001376205436754021,0.0,0.0,mark,0.24583,0.0,1.2721284905434849
2021-06-27,DOGE,2,0.0,0.0,0.0,mark,0.24583,0.0,1.2721284905434849
2021-06-27,DOGE,2,-7.278760235175168e-06,7.278733745019268e-06,0.0,funding,0.24583,0.0,1.2721192310589127
2021-06-27,DOGE,2,-0.000523748690081047,0.0,0.0,mark,0.24002,0.0,1.271453134726786
2021-06-27,DOGE,2,0.0024774965063190497,0.0,0.0,mark,0.26753,0.0,1.2746070607331208
2021-06-27,DOGE,2,-0.0002725752417886754,0.0,0.0,mark,0.2645,0.0,1.2742596817509617
2021-06-28,DOGE,2,1.0796472165105933e-05,0.0,0.0,mark,0.26462,0.0,1.2742734393344135
2021-06-28,DOGE,2,-7.821925298449608e-06,7.821894707350012e-06,0.0,funding,0.26462,0.0,1.2742634721017427
2021-06-28,DOGE,2,0.00024559017733034795,0.0,0.0,mark,0.26735,0.0,1.2745764571252722
2021-06-28,DOGE,2,-0.001516785774669663,0.0,0.0,mark,0.2505,0.0,1.272644663115576
2021-06-28,DOGE,2,0.0005916850956022702,0.0,0.0,mark,0.25707,0.0,1.2733978908095642
2021-06-29,DOGE,2,1.8006379054451877e-06,0.0,0.0,mark,0.25709,0.0,1.2734001837401396
2021-06-29,DOGE,2,-7.604555934428766e-06,7.604527019906728e-06,0.0,funding,0.25709,0.0,1.2733905001340353
2021-06-29,DOGE,2,0.00167679916513787,0.0,0.0,mark,0.27573,0.0,1.2755275114302216
2021-06-29,DOGE,2,-0.0020919351419491044,0.0,0.0,mark,0.25248,0.0,1.2728619796364269
2021-06-29,DOGE,2,0.0009911780255010883,0.0,0.0,mark,0.26349,0.0,1.2741242379181335
2021-06-30,DOGE,2,0.0,0.0,0.0,mark,0.26349,0.0,1.2741242379181335
2021-06-30,DOGE,2,-7.789435450052931e-06,7.78940511248074e-06,0.0,funding,0.26349,0.0,1.2741143132482806
2021-06-30,DOGE,2,3.779145381866858e-05,0.0,0.0,mark,0.26391,0.0,1.274162464790362
2021-06-30,DOGE,2,-0.002353892110525047,0.0,0.0,mark,0.23778,0.0,1.2711667509937232
2021-06-30,DOGE,2,0.0014537075485532268,0.0,0.0,mark,0.25391,0.0,1.2730159995027084
2021-07-01,DOGE,2,-9.005902552262704e-07,0.0,0.0,mark,0.2539,0.0,1.2730148530374208
2021-07-01,DOGE,2,-7.512470724168072e-06,7.512442505686354e-06,0.0,funding,0.2539,0.0,1.2730052895865285
2021-07-01,DOGE,2,0.0006752200574547105,0.0,0.0,mark,0.2614,0.0,1.2738651385522686
2021-07-01,DOGE,2,-0.002092864192025077,0.0,0.0,mark,0.23817,0.0,1.2712018996890493
2021-07-01,DOGE,2,0.000508528210605747,0.0,0.0,mark,0.24381,0.0,1.2718485061112859
2021-07-02,DOGE,2,-9.014169524601696e-07,0.0,0.0,mark,0.2438,0.0,1.2718473596459983
2021-07-02,DOGE,2,-7.220249542261999e-06,7.220223476337169e-06,0.0,funding,0.2438,0.0,1.2718381766238338
2021-07-02,DOGE,2,0.0004830465070798001,0.0,0.0,mark,0.24916,0.0,1.2724526820180162
2021-07-02,DOGE,2,-0.0009708357690878425,0.0,0.0,mark,0.23839,0.0,1.2712179389032132
2021-07-02,DOGE,2,0.0006004608977235969,0.0,0.0,mark,0.24505,0.0,1.2719814847847906
2021-07-03,DOGE,2,-6.3092760597408535e-06,0.0,0.0,mark,0.24498,0.0,1.271973459527777
2021-07-03,DOGE,2,-7.25447665132025e-06,7.2544503377175355e-06,0.0,funding,0.24498,0.0,1.271964232059484
2021-07-03,DOGE,2,-0.00026863376978494385,0.0,0.0,mark,0.242,0.0,1.2716225854037633
2021-07-03,DOGE,2,0.0007561369034101014,0.0,0.0,mark,0.25039,0.0,1.2725844697801045
2021-07-03,DOGE,2,-0.00036312670307962725,0.0,0.0,mark,0.24636,0.0,1.27212244426918
2021-07-04,DOGE,2,-1.8024464957628763e-06,0.0,0.0,mark,0.24634,0.0,1.2721201513386047
2021-07-04,DOGE,2,-7.2939086522713125e-06,7.293882051788757e-06,0.0,funding,0.24634,0.0,1.2721108726442651
2021-07-04,DOGE,2,-0.0002794205306702436,0.0,0.0,mark,0.24324,0.0,1.2717554684050925
2021-07-04,DOGE,2,0.0008794600728519962,0.0,0.0,mark,0.253,0.0,1.2728744185258423
2021-07-04,DOGE,2,-0.0005919284993748052,0.0,0.0,mark,0.24643,0.0,1.272121190831854
2021-07-05,DOGE,2,-6.308583164402615e-06,0.0,0.0,mark,0.24636,0.0,1.2721131655748403
2021-07-05,DOGE,2,-7.2945408943676e-06,7.294514289212563e-06,0.0,funding,0.24636,0.0,1.2721038861271765
2021-07-05,DOGE,2,0.00023789789400591117,0.0,0.0,mark,0.249,0.0,1.272406552963117
2021-07-05,DOGE,2,-0.002122353498877348,0.0,0.0,mark,0.22547,0.0,1.2697089201412681
2021-07-05,DOGE,2,0.0005082235318947681,0.0,0.0,mark,0.2311,0.0,1.270354380098217
2021-07-06,DOGE,2,6.317317270157728e-06,0.0,0.0,mark,0.23117,0.0,1.2703624053552307
2021-07-06,DOGE,2,-6.854207687241461e-06,6.854184197206794e-06,0.0,funding,0.23117,0.0,1.2703536980573071
2021-07-06,DOGE,2,0.0010039530284280584,0.0,0.0,mark,0.2423,0.0,1.2716297139224655
2021-07-06,DOGE,2,-0.0011718278835656667,0.0,0.0,mark,0.22931,0.0,1.2701404555138034
2021-07-06,DOGE,2,0.0004385813800820296,0.0,0.0,mark,0.23417,0.0,1.270697637643603
2021-07-07,DOGE,2,9.022325504440408e-07,0.0,0.0,mark,0.23418,0.0,1.2706987841088906
2021-07-07,DOGE,2,-6.941616646509403e-06,6.9415925536215665e-06,0.0,funding,0.23418,0.0,1.270689963435673
2021-07-07,DOGE,2,0.0004005136361514747,0.0,0.0,mark,0.23862,0.0,1.2711989940233912
2021-07-07,DOGE,2,-0.0016048245616800516,0.0,0.0,mark,0.22084,0.0,1.269160578741943
2021-07-07,DOGE,2,0.00027276713789448087,0.0,0.0,mark,0.22386,0.0,1.2695068112588146
2021-07-08,DOGE,2,0.0,0.0,0.0,mark,0.22386,0.0,1.2695068112588146
2021-07-08,DOGE,2,-6.6419383109483145e-06,6.64191625333638e-06,0.0,funding,0.22386,0.0,1.2694983793008912
2021-07-08,DOGE,2,8.57894207087293e-05,0.0,0.0,mark,0.22481,0.0,1.2696072935032183
2021-07-08,DOGE,2,-0.0021089394453008004,0.0,0.0,mark,0.20148,0.0,1.2669325899871224
2021-07-08,DOGE,2,0.0004903432570094448,0.0,0.0,mark,0.2069,0.0,1.2675539741730306
2021-07-09,DOGE,2,1.6280338048914223e-05,0.0,0.0,mark,0.20708,0.0,1.2675746105482084
2021-07-09,DOGE,2,-6.153438891387007e-06,6.153419959076572e-06,0.0,funding,0.20708,0.0,1.2675668106293003
2021-07-09,DOGE,2,0.002058243495893528,0.0,0.0,mark,0.22986,0.0,1.2701784585545752
2021-07-09,DOGE,2,-0.0031324159276446507,0.0,0.0,mark,0.19521,0.0,1.2662059563328556
2021-07-09,DOGE,2,0.002208627786034193,0.0,0.0,mark,0.21963,0.0,1.2690056245653056
2021-07-10,DOGE,2,2.7103041433007217e-06,0.0,0.0,mark,0.21966,0.0,1.2690090639611686
2021-07-10,DOGE,2,-6.519879995820835e-06,6.51985874137708e-06,0.0,funding,0.21966,0.0,1.26900079020133
2021-07-10,DOGE,2,0.0007640177799089434,0.0,0.0,mark,0.22812,0.0,1.269970699834685
2021-07-10,DOGE,2,-0.0016642484889072032,0.0,0.0,mark,0.2097,0.0,1.267858910774827
2021-07-10,DOGE,2,0.00036615544236013334,0.0,0.0,mark,0.21375,0.0,1.2683232292163267
2021-07-11,DOGE,2,9.039216053689535e-07,0.0,0.0,mark,0.21376,0.0,1.2683243756816143
2021-07-11,DOGE,2,-6.348182615032468e-06,6.348162465299349e-06,0.0,funding,0.21376,0.0,1.2683163241524187
2021-07-11,DOGE,2,0.0004889049384010262,0.0,0.0,mark,0.21917,0.0,1.2689365618730393
2021-07-11,DOGE,2,-0.0007736824682357279,0.0,0.0,mark,0.21061,0.0,1.2679551875868078
2021-07-11,DOGE,2,0.00048452543155576446,0.0,0.0,mark,0.21597,0.0,1.2685696929809902
2021-07-12,DOGE,2,0.0,0.0,0.0,mark,0.21597,0.0,1.2685696929809902
2021-07-12,DOGE,2,-6.412574451733463e-06,6.412553891319271e-06,0.0,funding,0.21597,0.0,1.2685615582094691
2021-07-12,DOGE,2,-0.0010878053315171838,0.0,0.0,mark,0.20394,0.0,1.2671823604684218
2021-07-12,DOGE,2,0.001361604758906495,0.0,0.0,mark,0.219,0.0,1.268908937191628
2021-07-12,DOGE,2,-0.0010169598036725079,0.0,0.0,mark,0.20775,0.0,1.2676191637430176
2021-07-13,DOGE,2,9.044236644200861e-07,0.0,0.0,mark,0.20776,0.0,1.2676203102083052
2021-07-13,DOGE,2,-6.173422769873079e-06,6.173403714353803e-06,0.0,funding,0.20776,0.0,1.2676124846763739
2021-07-13,DOGE,2,0.00010581257579995358,0.0,0.0,mark,0.20893,0.0,1.2677466211150294
2021-07-13,DOGE,2,-0.0010350926403216425,0.0,0.0,mark,0.19749,0.0,1.2664350648259537
2021-07-13,DOGE,2,0.00022448168700536417,0.0,0.0,mark,0.19997,0.0,1.2667193882172918
2021-07-14,DOGE,2,-1.8101346454445551e-06,0.0,0.0,mark,0.19995,0.0,1.2667170952867164
2021-07-14,DOGE,2,-5.945590568894758e-06,5.945572893917541e-06,0.0,funding,0.19995,0.0,1.2667095639278905
2021-07-14,DOGE,2,-0.001150104490916256,0.0,0.0,mark,0.18725,0.0,1.2652535530125704
2021-07-14,DOGE,2,0.0015880641577154667,0.0,0.0,mark,0.20479,0.0,1.2672644531271147
2021-07-14,DOGE,2,-0.0006497693012604559,0.0,0.0,mark,0.19761,0.0,1.2664412910505793
2021-07-15,DOGE,2,-1.8105321323192397e-06,0.0,0.0,mark,0.19759,0.0,1.266438998120004
2021-07-15,DOGE,2,-5.876705035544624e-06,5.876687767698031e-06,0.0,funding,0.19759,0.0,1.2664315556534351
2021-07-15,DOGE,2,0.00029869521399736223,0.0,0.0,mark,0.20089,0.0,1.2668098891983608
2021-07-15,DOGE,2,-0.0018460967496623643,0.0,0.0,mark,0.18051,0.0,1.2644733929421228
2021-07-15,DOGE,2,0.00043782773438265187,0.0,0.0,mark,0.18534,0.0,1.2650271356760594
2021-07-16,DOGE,2,0.0,0.0,0.0,mark,0.18534,0.0,1.2650271356760594
2021-07-16,DOGE,2,-5.518517787910736e-06,5.518502560970052e-06,0.0,funding,0.18534,0.0,1.2650201546205715
2021-07-16,DOGE,2,0.0002709416789777676,0.0,0.0,mark,0.18833,0.0,1.26536294774158
2021-07-16,DOGE,2,-0.0015550614466888445,0.0,0.0,mark,0.17118,0.0,1.263396759773254
2021-07-16,DOGE,2,7.622262225050068e-05,0.0,0.0,mark,0.17202,0.0,1.263493062857417
2021-07-17,DOGE,2,9.073771760664992e-07,0.0,0.0,mark,0.17203,0.0,1.2634942093227046
2021-07-17,DOGE,2,-5.128424642819296e-06,5.128411492453246e-06,0.0,funding,0.17203,0.0,1.2634877296044809
2021-07-17,DOGE,2,0.0030143103758592453,0.0,0.0,mark,0.2053,0.0,1.2673020196165043
2021-07-17,DOGE,2,-0.0033038069482752854,0.0,0.0,mark,0.16884,0.0,1.2631220071777194
2021-07-17,DOGE,2,0.001677733476393002,0.0,0.0,mark,0.18734,0.0,1.2652429679598785
2021-07-18,DOGE,2,3.624483957705184e-06,0.0,0.0,mark,0.18738,0.0,1.265247553821029
2021-07-18,DOGE,2,-5.578287206991694e-06,5.57827164842393e-06,0.0,funding,0.18738,0.0,1.2652404959264714
2021-07-18,DOGE,2,0.000785301426565887,0.0,0.0,mark,0.19605,0.0,1.266234481330867
2021-07-18,DOGE,2,-0.0014370171921376173,0.0,0.0,mark,0.18019,0.0,1.2644161873846484
2021-07-18,DOGE,2,0.00012511886024190914,0.0,0.0,mark,0.18157,0.0,1.2645743995943446
2021-07-19,DOGE,2,-9.066021007953701e-07,0.0,0.0,mark,0.18156,0.0,1.264573253129057
2021-07-19,DOGE,2,-5.4079079137727004e-06,5.40789329097612e-06,0.0,funding,0.18156,0.0,1.2645664144518454
2021-07-19,DOGE,2,0.000247473200179688,0.0,0.0,mark,0.18429,0.0,1.2648793994753749
2021-07-19,DOGE,2,-0.001273372240655916,0.0,0.0,mark,0.17025,0.0,1.2632697622115092
2021-07-19,DOGE,2,0.0003057935395057464,0.0,0.0,mark,0.17362,0.0,1.2636561210134485
2021-07-20,DOGE,2,0.0,0.0,0.0,mark,0.17362,0.0,1.2636561210134485
2021-07-20,DOGE,2,-5.1751614316730155e-06,5.175148040654743e-06,0.0,funding,0.17362,0.0,1.2636495814059499
2021-07-20,DOGE,2,0.0005759475111041327,0.0,0.0,mark,0.17997,0.0,1.2643775868636098
2021-07-20,DOGE,2,-0.001823307523268929,0.0,0.0,mark,0.15988,0.0,1.2620743381007138
2021-07-20,DOGE,2,0.0009615306294742962,0.0,0.0,mark,0.17047,0.0,1.263288444840339
2021-07-21,DOGE,2,9.075241461469078e-07,0.0,0.0,mark,0.17048,0.0,1.2632895913056266
2021-07-21,DOGE,2,-5.083040311066001e-06,5.083027392431866e-06,0.0,funding,0.17048,0.0,1.2632831699700293
2021-07-21,DOGE,2,0.00397974983853329,0.0,0.0,mark,0.21442,0.0,1.2683207384439792
2021-07-21,DOGE,2,-0.004172164358687553,0.0,0.0,mark,0.16836,0.0,1.2630401193290468
2021-07-21,DOGE,2,0.0020040142203384902,0.0,0.0,mark,0.19046,0.0,1.2655738076147611
2021-07-22,DOGE,2,-9.058861679441496e-07,0.0,0.0,mark,0.19045,0.0,1.2655726611494735
2021-07-22,DOGE,2,-5.668224650739609e-06,5.668208586299502e-06,0.0,funding,0.19045,0.0,1.265565487619649
2021-07-22,DOGE,2,0.0005442927654031736,0.0,0.0,mark,0.19646,0.0,1.2662545132575287
2021-07-22,DOGE,2,-0.0009184960482407526,0.0,0.0,mark,0.18632,0.0,1.2650919974558479
2021-07-22,DOGE,2,0.0004448603401926755,0.0,0.0,mark,0.19123,0.0,1.265654911912086
2021-07-23,DOGE,2,-3.6233173951312535e-06,0.0,0.0,mark,0.19119,0.0,1.2656503260509353
2021-07-23,DOGE,2,-5.689899619084702e-06,5.689883431617519e-06,0.0,funding,0.19119,0.0,1.2656431246481148
2021-07-23,DOGE,2,0.000776905542232528,0.0,0.0,mark,0.19977,0.0,1.2666267918649217
2021-07-23,DOGE,2,-0.0015263127687455602,0.0,0.0,mark,0.18292,0.0,1.2646949978552253
2021-07-23,DOGE,2,0.0010845104464199714,0.0,0.0,mark,0.19489,0.0,1.2660673168045466
2021-07-24,DOGE,2,9.055322362059741e-07,0.0,0.0,mark,0.1949,0.0,1.2660684632698342
2021-07-24,DOGE,2,-5.798395551702829e-06,5.798378740981727e-06,0.0,funding,0.1949,0.0,1.2660611221253721
2021-07-24,DOGE,2,0.0008689379578241327,0.0,0.0,mark,0.2045,0.0,1.2671617288015196
2021-07-24,DOGE,2,-0.0012067603430492356,0.0,0.0,mark,0.19117,0.0,1.2656334905730773
2021-07-24,DOGE,2,0.0005171026547752396,0.0,0.0,mark,0.19688,0.0,1.2662881222523275
2021-07-25,DOGE,2,9.053743366556243e-07,0.0,0.0,mark,0.19689,0.0,1.266289268717615
2021-07-25,DOGE,2,-5.856578051293471e-06,5.856560901617747e-06,0.0,funding,0.19689,0.0,1.2662818526173938
2021-07-25,DOGE,2,0.000350320392339804,0.0,0.0,mark,0.20076,0.0,1.2667255346837156
2021-07-25,DOGE,2,-0.0008792016952473027,0.0,0.0,mark,0.19105,0.0,1.265612316889404
2021-07-25,DOGE,2,0.000623036310021078,0.0,0.0,mark,0.19793,0.0,1.2664010850073097
2021-07-26,DOGE,2,-4.5264801804796674e-06,0.0,0.0,mark,0.19788,0.0,1.2663953526808716
2021-07-26,DOGE,2,-5.885533050712383e-06,5.885515731013414e-06,0.0,funding,0.19788,0.0,1.2663878992911017
2021-07-26,DOGE,2,0.0031870159003160948,0.0,0.0,mark,0.23314,0.0,1.2704303358953684
2021-07-26,DOGE,2,-0.0032856988413551428,0.0,0.0,mark,0.19679,0.0,1.2662629345747476
2021-07-26,DOGE,2,0.0006181921319404587,0.0,0.0,mark,0.20362,0.0,1.267045970366215
2021-07-27,DOGE,2,9.048328125428227e-07,0.0,0.0,mark,0.20363,0.0,1.2670471168315025
2021-07-27,DOGE,2,-6.0534399979532e-06,6.0534216758182765e-06,0.0,funding,0.20363,0.0,1.267039446861021
2021-07-27,DOGE,2,0.0005309988310387377,0.0,0.0,mark,0.2095,0.0,1.2677124219848737
2021-07-27,DOGE,2,-0.0013067457084772233,0.0,0.0,mark,0.19506,0.0,1.2660569261095018
2021-07-27,DOGE,2,0.000976600714434814,0.0,0.0,mark,0.20585,0.0,1.26729396215488
2021-07-28,DOGE,2,9.04655749450071e-07,0.0,0.0,mark,0.20586,0.0,1.2672951086201676
2021-07-28,DOGE,2,-6.118535296145396e-06,6.118516577859861e-06,0.0,funding,0.20586,0.0,1.2672873546540364
2021-07-28,DOGE,2,0.0007234669350002662,0.0,0.0,mark,0.21386,0.0,1.2682045268841593
2021-07-28,DOGE,2,-0.0011080217387695757,0.0,0.0,mark,0.20161,0.0,1.2668001069067836
2021-07-28,DOGE,2,0.0003736988143382332,0.0,0.0,mark,0.20574,0.0,1.2672735970705844
2021-07-29,DOGE,2,-2.7140157723372832e-06,0.0,0.0,mark,0.20571,0.0,1.2672701576747214
2021-07-29,DOGE,2,-6.114197387226607e-06,6.114178695526121e-06,0.0,funding,0.20571,0.0,1.2672624093585219
2021-07-29,DOGE,2,8.413157836864784e-05,0.0,0.0,mark,0.20664,0.0,1.2673690306302736
2021-07-29,DOGE,2,-0.0005736825564595309,0.0,0.0,mark,0.2003,0.0,1.2666421716379013
2021-07-29,DOGE,2,0.0004271262005701472,0.0,0.0,mark,0.20502,0.0,1.2671833032536737
2021-07-30,DOGE,2,9.047347499624521e-07,0.0,0.0,mark,0.20503,0.0,1.2671844497189613
2021-07-30,DOGE,2,-6.094398262708442e-06,6.094379691906221e-06,0.0,funding,0.20503,0.0,1.267176727015785
2021-07-30,DOGE,2,0.0005083345743261929,0.0,0.0,mark,0.21065,0.0,1.2678210405074464
2021-07-30,DOGE,2,-0.0013374198773244343,0.0,0.0,mark,0.19587,0.0,1.2661265648122944
2021-07-30,DOGE,2,0.00116378303163715,0.0,0.0,mark,0.20873,0.0,1.2676009191722168
2021-07-31,DOGE,2,-9.044374997797278e-07,0.0,0.0,mark,0.20872,0.0,1.2675997727069293
2021-07-31,DOGE,2,-6.2020489764397e-06,6.202029743897139e-06,0.0,funding,0.20872,0.0,1.2675919110154357
2021-07-31,DOGE,2,0.0005226317577528834,0.0,0.0,mark,0.2145,0.0,1.2682545679516994
2021-07-31,DOGE,2,-0.0008808555454445372,0.0,0.0,mark,0.20476,0.0,1.2671379107615248
2021-07-31,DOGE,2,0.0002614436481963957,0.0,0.0,mark,0.20765,0.0,1.2674692392296567
2021-08-01,DOGE,2,-9.045314637014281e-07,0.0,0.0,mark,0.20764,0.0,1.2674680927643691
2021-08-01,DOGE,2,-6.1705980299828684e-06,6.170578991926015e-06,0.0,funding,0.20764,0.0,1.267460271752383
2021-08-01,DOGE,2,0.0009357583068122164,0.0,0.0,mark,0.21799,0.0,1.2686468633251045
2021-08-01,DOGE,2,-0.0015528432083839032,0.0,0.0,mark,0.20082,0.0,1.2666783824262033
2021-08-01,DOGE,2,0.000309494866140187,0.0,0.0,mark,0.20424,0.0,1.2670704735545808
2021-08-02,DOGE,2,-3.6192694448191244e-06,0.0,0.0,mark,0.2042,0.0,1.2670658876934302
2021-08-02,DOGE,2,-2.6791144608823493e-05,2.679078572932764e-05,0.018476403951260437,rotation,0.2042,-0.11464652876535852,1.267031942002728
2021-08-02,SOL,3,-0.00027879948783714095,0.00027876062687149186,0.19224870818723575,entry,34.178,0.007126960444788727,1.2666787433843092
2021-08-02,SOL,3,-6.318140107765965e-05,6.317940517485828e-05,0.0,funding,34.178,0.0,1.2665987153747544
2021-08-02,SOL,3,0.009921397215762866,0.0,0.0,mark,35.95,0.0,1.2792276892829202
2021-08-02,SOL,3,-0.016571891611546923,0.0,0.0,mark,33.0,0.0,1.2582031559707934
2021-08-02,SOL,3,0.0009455069358181881,0.0,0.0,mark,33.167,0.0,1.2593933583650732
2021-08-03,SOL,3,5.65888230725624e-05,0.0,0.0,mark,33.177,0.0,1.259464627969521
2021-08-03,SOL,3,-6.168220663060336e-05,6.168030432244186e-05,0.0,funding,33.177,0.0,1.2593869438079845
2021-08-03,SOL,3,-0.0048218168583956085,0.0,0.0,mark,32.327,0.0,1.253329027429914
2021-08-03,SOL,3,0.020113944983362626,0.0,0.0,mark,35.9,0.0,1.278793657099144
2021-08-03,SOL,3,-0.010054251662908995,0.0,0.0,mark,34.105,0.0,1.2660007631007484
2021-08-04,SOL,3,-6.192649689887407e-05,0.0,0.0,mark,34.094,0.0,1.2659223665358557
2021-08-04,SOL,3,-6.306377261097462e-05,6.306178413304712e-05,0.0,funding,34.094,0.0,1.265842535212848
2021-08-04,SOL,3,0.014332655770009872,0.0,0.0,mark,36.658,0.0,1.2841160617932863
2021-08-04,SOL,3,-0.019175082371331933,0.0,0.0,mark,33.236,0.0,1.2597276031512192
2021-08-04,SOL,3,0.014178639582547841,0.0,0.0,mark,35.76,0.0,1.277716051313866
2021-08-05,SOL,3,-1.6733812027050744e-05,0.0,0.0,mark,35.757,0.0,1.2776946704325316
2021-08-05,SOL,3,-6.553051647116925e-05,6.552836939375041e-05,0.0,funding,35.757,0.0,1.277610945184195
2021-08-05,SOL,3,0.01390453966239113,0.0,0.0,mark,38.267,0.0,1.2954996159006147
2021-08-05,SOL,3,-0.015339204136574967,0.0,0.0,mark,35.5,0.0,1.2757793163498843
2021-08-05,SOL,3,0.010298311918924894,0.0,0.0,mark,37.353,0.0,1.2889855740540779
2021-08-06,SOL,3,5.5291082268240505e-06,0.0,0.0,mark,37.354,0.0,1.2889927010145226
2021-08-06,SOL,3,-6.78573290280111e-05,6.785502677150117e-05,0.0,funding,37.354,0.0,1.2889052363802869
2021-08-06,SOL,3,0.016702493476285517,0.0,0.0,mark,40.4,0.0,1.3106139578951133
2021-08-06,SOL,3,-0.026387101241141558,0.0,0.0,mark,35.611,0.0,1.27648294432502
2021-08-06,SOL,3,0.021617600893011697,0.0,0.0,mark,39.525,0.0,1.3043778675059232
2021-08-07,SOL,3,-0.00012567707182720294,0.0,0.0,mark,39.502,0.0,1.304213947415693
2021-08-07,SOL,3,-7.092200660895955e-05,7.091949170293689e-05,0.0,funding,39.502,0.0,1.3041214532254706
2021-08-07,SOL,3,-0.010990073154799145,0.0,0.0,mark,37.502,0.0,1.289867532335893
2021-08-07,SOL,3,0.016429275398916282,0.0,0.0,mark,40.5,0.0,1.3112341597493695
2021-08-07,SOL,3,-0.00561956190624908,0.0,0.0,mark,39.469,0.0,1.3038862635307924
2021-08-08,SOL,3,-8.1992419429161e-05,0.0,0.0,mark,39.454,0.0,1.3037793591241205
2021-08-08,SOL,3,-7.085943673144358e-05,7.085692626097829e-05,0.0,funding,39.454,0.0,1.3036869773262105
2021-08-08,SOL,3,-0.014082702096910052,0.0,0.0,mark,36.896,0.0,1.285456212508441
2021-08-08,SOL,3,0.014601910696234744,0.0,0.0,mark,39.549,0.0,1.3043640385684654
2021-08-08,SOL,3,-0.010430218850618254,0.0,0.0,mark,37.65,0.0,1.2908299406838115
2021-08-09,SOL,3,1.6563532956072074e-05,0.0,0.0,mark,37.653,0.0,1.2908513215651458
2021-08-09,SOL,3,-6.83020222074887e-05,6.829968967742149e-05,0.0,funding,37.653,0.0,1.2907631568204632
2021-08-09,SOL,3,0.012870281682600942,0.0,0.0,mark,39.999,0.0,1.3074830060239375
2021-08-09,SOL,3,-0.02008525187196578,0.0,0.0,mark,36.351,0.0,1.2814838543213483
2021-08-09,SOL,3,0.012682852518541584,0.0,0.0,mark,38.646,0.0,1.2978402285421384
2021-08-10,SOL,3,0.0,0.0,0.0,mark,38.646,0.0,1.2978402285421384
2021-08-10,SOL,3,-6.972585179323965e-05,6.972342100251388e-05,0.0,funding,38.646,0.0,1.2977497386814898
2021-08-10,SOL,3,0.016513977772797606,0.0,0.0,mark,41.678,0.0,1.3193586827500892
2021-08-10,SOL,3,-0.019059911618160452,0.0,0.0,mark,38.183,0.0,1.2944499559955527
2021-08-10,SOL,3,0.013437026061000897,0.0,0.0,mark,40.64,0.0,1.3119608978083985
2021-08-11,SOL,3,-5.4323111416958335e-06,0.0,0.0,mark,40.639,0.0,1.3119537708479538
2021-08-11,SOL,3,-7.253299336828966e-05,7.253036291425748e-05,0.0,funding,40.639,0.0,1.3118586143648274
2021-08-11,SOL,3,0.016647758471927343,0.0,0.0,mark,43.729,0.0,1.3338809221392245
2021-08-11,SOL,3,-0.01683248801113257,0.0,0.0,mark,40.605,0.0,1.3116162977097046
2021-08-11,SOL,3,0.005505480181798278,0.0,0.0,mark,41.621,0.0,1.31885728952161
2021-08-12,SOL,3,-1.0807839506227398e-05,0.0,0.0,mark,41.619,0.0,1.3188430356007204
2021-08-12,SOL,3,-7.389413103444662e-05,7.389140093031982e-05,0.0,funding,41.619,0.0,1.3187455844412126
2021-08-12,SOL,3,0.009584470522110282,0.0,0.0,mark,43.401,0.0,1.3314458279538262
2021-08-12,SOL,3,-0.02210878749107737,0.0,0.0,mark,39.316,0.0,1.3023321945368642
2021-08-12,SOL,3,0.009726358264476377,0.0,0.0,mark,41.102,0.0,1.3150609458912568
2021-08-13,SOL,3,1.6258339655551378e-05,0.0,0.0,mark,41.105,0.0,1.315082326772591
2021-08-13,SOL,3,-7.319020675429109e-05,7.318752841653542e-05,0.0,funding,41.105,0.0,1.3149860791474304
2021-08-13,SOL,3,0.020417884649349398,0.0,0.0,mark,44.911,0.0,1.3421112906002963
2021-08-13,SOL,3,-0.022789146101008965,0.0,0.0,mark,40.668,0.0,1.3118715974330577
2021-08-13,SOL,3,0.022358922475338147,0.0,0.0,mark,44.83,0.0,1.3415340068042685
2021-08-14,SOL,3,0.00015405195275546544,0.0,0.0,mark,44.859,0.0,1.3417406886571674
2021-08-14,SOL,3,-7.828766998201292e-05,7.828460558243417e-05,0.0,funding,44.859,0.0,1.3416356510165621
2021-08-14,SOL,3,7.967897068837151e-05,0.0,0.0,mark,44.874,0.0,1.341742555423234
2021-08-14,SOL,3,-0.011469789594622498,0.0,0.0,mark,42.727,0.0,1.3264409713482725
2021-08-14,SOL,3,0.007563367148173204,0.0,0.0,mark,44.14,0.0,1.336511366456759
2021-08-15,SOL,3,-8.532380258243135e-05,0.0,0.0,mark,44.124,0.0,1.3363973350896423
2021-08-15,SOL,3,-7.731280548625581e-05,7.730981692839734e-05,0.0,funding,44.124,0.0,1.336294018456323
2021-08-15,SOL,3,-0.004077669434065607,0.0,0.0,mark,43.361,0.0,1.3308561476369491
2021-08-15,SOL,3,0.05945479485078491,0.0,0.0,mark,54.8,0.0,1.4123814481648873
2021-08-15,SOL,3,-0.006424039190452577,0.0,0.0,mark,53.531,0.0,1.4033373353604504
2021-08-16,SOL,3,-8.126057608052816e-05,0.0,0.0,mark,53.515,0.0,1.4032233039933337
2021-08-16,SOL,3,-8.930247648575989e-05,8.929848913821699e-05,0.0,funding,53.515,0.0,1.4030979982723635
2021-08-16,SOL,3,0.07633650115280582,0.0,0.0,mark,69.132,0.0,1.514399739538629
2021-08-16,SOL,3,-0.08268560376960074,0.0,0.0,mark,52.269,0.0,1.3942178055581567
2021-08-16,SOL,3,0.04862319754892272,0.0,0.0,mark,62.016,0.0,1.4636842890135124
2021-08-17,SOL,3,0.00012659098993274653,0.0,0.0,mark,62.042,0.0,1.4638695899850769
2021-08-17,SOL,3,-0.00015390076532793682,0.00015388892321275142,0.10613029187086302,resize,62.042,-0.0025041247355984137,1.4636443166701503
2021-08-17,SOL,3,-6.438188673818211e-05,6.43798142690044e-05,0.0,funding,62.042,0.0,1.463550087520887
2021-08-17,SOL,3,0.040584510403196494,0.0,0.0,mark,75.155,0.0,1.5241693321754997
2021-08-17,SOL,3,-0.05080742487950641,0.0,0.0,mark,58.822,0.0,1.4486645565372942
2021-08-17,SOL,3,0.01677454660449285,0.0,0.0,mark,64.123,0.0,1.473170208631712
2021-08-18,SOL,3,3.765551579874928e-05,0.0,0.0,mark,64.135,0.0,1.4732256826602224
2021-08-18,SOL,3,-6.612103705222624e-05,6.611885110460564e-05,0.0,funding,64.135,0.0,1.473128274670667
2021-08-18,SOL,3,-0.013945255517683289,0.0,0.0,mark,59.722,0.0,1.4527277006860102
2021-08-18,SOL,3,0.06402519553894329,0.0,0.0,mark,80.5,0.0,1.5487809810515665
2021-08-18,SOL,3,-0.023669987763163418,0.0,0.0,mark,72.663,0.0,1.5125518175986419
2021-08-19,SOL,3,-1.2225337111222083e-05,0.0,0.0,mark,72.659,0.0,1.5125333262558052
2021-08-19,SOL,3,-7.296251376992596e-05,7.2959852070427e-05,0.0,funding,72.659,0.0,1.51242297204807
2021-08-19,SOL,3,0.008452290005504258,0.0,0.0,mark,75.436,0.0,1.5252605868124915
2021-08-19,SOL,3,-0.02205134867010326,0.0,0.0,mark,68.24,0.0,1.491994661049158
2021-08-19,SOL,3,0.01391994765081742,0.0,0.0,mark,72.764,0.0,1.512908369797535
2021-08-20,SOL,3,0.00010999538120768088,0.0,0.0,mark,72.8,0.0,1.5130747918830658
2021-08-20,SOL,3,-7.307794610394731e-05,7.307527597588634e-05,0.0,funding,72.8,0.0,1.5129642235250769
2021-08-20,SOL,3,-0.0059053168908245945,0.0,0.0,mark,70.873,0.0,1.504056019113467
2021-08-20,SOL,3,0.027666294000145697,0.0,0.0,mark,80.0,0.0,1.546248640631247
2021-08-20,SOL,3,-0.0040652891737233835,0.0,0.0,mark,78.643,0.0,1.5399754525738758
2021-08-21,SOL,3,0.0001230698845856292,0.0,0.0,mark,78.684,0.0,1.5401649888379525
2021-08-21,SOL,3,-7.917537105131715e-05,7.91722367644154e-05,0.05460154259614855,resize,78.684,-0.001068773629240152,1.5400430505308
2021-08-21,SOL,3,-5.9659904557291e-05,5.965812494055365e-05,0.0,funding,78.684,0.0,1.5399511744500776
2021-08-21,SOL,3,0.0076238795077637825,0.0,0.0,mark,82.0,0.0,1.5517364443071924
2021-08-21,SOL,3,-0.021764689375316903,0.0,0.0,mark,72.6,0.0,1.5183282607556607
2021-08-21,SOL,3,0.0028073243709865036,0.0,0.0,mark,73.801,0.0,1.5225966893136809
2021-08-22,SOL,3,0.00011903768039645624,0.0,0.0,mark,73.852,0.0,1.5227779464797584
2021-08-22,SOL,3,-5.663097132132648e-05,5.662936781807907e-05,0.0,funding,73.852,0.0,1.5226917125273218
2021-08-22,SOL,3,0.00871003449352259,0.0,0.0,mark,77.6,0.0,1.536012337202975
2021-08-22,SOL,3,-0.014815879916283274,0.0,0.0,mark,71.244,0.0,1.5134227186228117
2021-08-22,SOL,3,0.003588892088256164,0.0,0.0,mark,72.775,0.0,1.5188639876672154
2021-08-23,SOL,3,-5.61603183701213e-05,0.0,0.0,mark,72.751,0.0,1.5187786901772966
2021-08-23,SOL,3,-5.593358412428201e-05,5.593201987052833e-05,0.0,funding,72.751,0.0,1.5186937418174187
2021-08-23,SOL,3,-0.0028262832784929476,0.0,0.0,mark,71.545,0.0,1.5144075429489987
2021-08-23,SOL,3,0.012280364140015711,0.0,0.0,mark,76.81,0.0,1.5331196797999362
2021-08-23,SOL,3,-0.002755483903039634,0.0,0.0,mark,75.623,0.0,1.5289010081110355
2021-08-24,SOL,3,5.578851094903035e-05,0.0,0.0,mark,75.647,0.0,1.5289863056009543
2021-08-24,SOL,3,-5.777190517333813e-05,5.777023640900272e-05,0.0,funding,75.647,0.0,1.5288979757006136
2021-08-24,SOL,3,0.008801570877310191,0.0,0.0,mark,79.45,0.0,1.542414073790664
2021-08-24,SOL,3,-0.025554978806175067,0.0,0.0,mark,68.5,0.0,1.5034970940152097
2021-08-24,SOL,3,0.004780108608470408,0.0,0.0,mark,70.527,0.0,1.5107011778512687
2021-08-25,SOL,3,-1.882090556351725e-05,0.0,0.0,mark,70.519,0.0,1.5106727453546291
2021-08-25,SOL,3,-5.450842310803845e-05,5.450693755089556e-05,0.0,funding,70.519,0.0,1.5105904032096382
2021-08-25,SOL,3,0.005422508218409742,0.0,0.0,mark,72.83,0.0,1.518803840676403
2021-08-25,SOL,3,-0.016040232982019644,0.0,0.0,mark,66.03,0.0,1.494636218532742
2021-08-25,SOL,3,0.014032804973789177,0.0,0.0,mark,71.973,0.0,1.5157580094738858
2021-08-26,SOL,3,2.110245898300679e-05,0.0,0.0,mark,71.982,0.0,1.5157899960326053
2021-08-26,SOL,3,-5.545145482418401e-05,5.544991742078498e-05,0.0,funding,71.982,0.0,1.5157059456024982
2021-08-26,SOL,3,0.01470592720678859,0.0,0.0,mark,78.3,0.0,1.5381605098236233
2021-08-26,SOL,3,-0.028356439228556695,0.0,0.0,mark,66.2,0.0,1.4951563586562264
2021-08-26,SOL,3,0.020515980480921566,0.0,0.0,mark,74.92,0.0,1.5261477799933918
2021-08-27,SOL,3,0.0,0.0,0.0,mark,74.92,0.0,1.5261477799933918
2021-08-27,SOL,3,-5.7323098562402746e-05,5.732145562494876e-05,0.0,funding,74.92,0.0,1.5260602989811438
2021-08-27,SOL,3,0.03208452813143603,0.0,0.0,mark,88.92,0.0,1.575817168100446
2021-08-27,SOL,3,-0.037619341438697565,0.0,0.0,mark,72.55,0.0,1.517637171851662
2021-08-27,SOL,3,0.035497036393004604,0.0,0.0,mark,87.98,0.0,1.572476349745293
2021-08-28,SOL,3,0.0,0.0,0.0,mark,87.98,0.0,1.572476349745293
2021-08-28,SOL,3,-6.53326167139846e-05,6.533048258504372e-05,0.0,funding,87.98,0.0,1.5723736191065105
2021-08-28,SOL,3,0.02199777955670616,0.0,0.0,mark,97.82,0.0,1.60734558997322
2021-08-28,SOL,3,-0.02741458047156364,0.0,0.0,mark,85.59,0.0,1.5638794107354297
2021-08-28,SOL,3,0.023870487616595444,0.0,0.0,mark,96.22,0.0,1.6016590906452999
2021-08-29,SOL,3,-0.0001109555484000904,0.0,0.0,mark,96.17,0.0,1.6014813875413023
2021-08-29,SOL,3,-6.578071583954249e-05,6.577855233569134e-05,0.04536451885220092,resize,96.17,-0.0007554375854899272,1.6013760444140372
2021-08-29,SOL,3,-5.5219685865076783e-05,5.521816128633708e-05,0.0,funding,96.17,0.0,1.6012876193733367
2021-08-29,SOL,3,0.0028796107070397153,0.0,0.0,mark,97.82,0.0,1.6059053497891962
2021-08-29,SOL,3,-0.013191796396501154,0.0,0.0,mark,90.3,0.0,1.5848596935908552
2021-08-29,SOL,3,0.006915820996779731,0.0,0.0,mark,94.23,0.0,1.595858287854084
2021-08-30,SOL,3,0.0,0.0,0.0,mark,94.23,0.0,1.595858287854084
2021-08-30,SOL,3,-5.42928087234065e-05,5.429133489553446e-05,0.0,funding,94.23,0.0,1.5957716465773322
2021-08-30,SOL,3,-0.0011406040220643702,0.0,0.0,mark,93.58,0.0,1.593952540655933
2021-08-30,SOL,3,0.040027467042462676,0.0,0.0,mark,116.84,0.0,1.659048546397078
2021-08-30,SOL,3,-0.011178824567844671,0.0,0.0,mark,110.25,0.0,1.6406056109785851
2021-08-31,SOL,3,1.7058338736881875e-05,0.0,0.0,mark,110.26,0.0,1.6406335972235297
2021-08-31,SOL,3,-6.179530188571628e-05,6.179339259536355e-05,0.0,funding,110.26,0.0,1.6405322169075514
2021-08-31,SOL,3,0.033301891121381315,0.0,0.0,mark,130.11,0.0,1.696084913122587
2021-08-31,SOL,3,-0.04566060450520528,0.0,0.0,mark,103.06,0.0,1.6203821205474376
2021-08-31,SOL,3,0.00895814777774153,0.0,0.0,mark,108.27,0.0,1.6349629541635753
2021-09-01,SOL,3,0.0,0.0,0.0,mark,108.27,0.0,1.6349629541635753
2021-09-01,SOL,3,-6.0890437516164514e-05,6.088858373113723e-05,0.0,funding,108.27,0.0,1.6348634035848435
2021-09-01,SOL,3,-0.004082501170875739,0.0,0.0,mark,105.89,0.0,1.6282026772880283
2021-09-01,SOL,3,0.023493451261162077,0.0,0.0,mark,119.72,0.0,1.6669076540464132
2021-09-01,SOL,3,-0.015242759589399229,0.0,0.0,mark,110.71,0.0,1.6416920473513263
2021-09-02,SOL,3,0.0,0.0,0.0,mark,110.71,0.0,1.6416920473513263
2021-09-02,SOL,3,-4.5508489461630154e-05,4.550745396605426e-05,0.031384451011071894,resize,110.71,-0.00046539249964198384,1.641617338126055
2021-09-02,SOL,3,-5.169816057075989e-05,5.169682424396839e-05,0.0,funding,110.71,0.0,1.6415324717230502
2021-09-02,SOL,3,0.029757037862097182,0.0,0.0,mark,131.96,0.0,1.691113651612938
2021-09-02,SOL,3,-0.03193410857258056,0.0,0.0,mark,109.18,0.0,1.6379626267709781
2021-09-02,SOL,3,0.026774534340931695,0.0,0.0,mark,128.23,0.0,1.6824106962722658
2021-09-03,SOL,3,-4.1606021738500324e-05,0.0,0.0,mark,128.2,0.0,1.6823406993124213
2021-09-03,SOL,3,-5.841652290640237e-05,5.841481669459805e-05,0.0,funding,128.2,0.0,1.682242425688853
2021-09-03,SOL,3,0.02842734422116702,0.0,0.0,mark,148.99,0.0,1.7307503188611246
2021-09-03,SOL,3,-0.02853830855849922,0.0,0.0,mark,128.12,0.0,1.6820557671292677
2021-09-03,SOL,3,0.025040608522819148,0.0,0.0,mark,146.4,0.0,1.7247072479945453
2021-09-04,SOL,3,-5.411457808926406e-05,0.0,0.0,mark,146.36,0.0,1.7246139187147527
2021-09-04,SOL,3,-6.39855336190218e-05,6.398348658832356e-05,0.0441265424747059,resize,146.36,-0.0005199593422836534,1.7245035719032145
2021-09-04,SOL,3,-5.05619034485189e-05,5.056062521700349e-05,0.0,funding,146.36,0.0,1.72441637992443
2021-09-04,SOL,3,0.00444857048228993,0.0,0.0,mark,150.6,0.0,1.7321046559711768
2021-09-04,SOL,3,-0.015689256948295854,0.0,0.0,mark,135.73,0.0,1.7051412916279873
2021-09-04,SOL,3,0.003344158990303561,0.0,0.0,mark,138.88,0.0,1.7108531004834713
2021-09-05,SOL,3,0.0,0.0,0.0,mark,138.88,0.0,1.7108531004834713
2021-09-05,SOL,3,-4.8360593390339494e-05,4.835942403575109e-05,0.0,funding,138.88,0.0,1.7107703646129222
2021-09-05,SOL,3,0.0064552061942382884,0.0,0.0,mark,144.99,0.0,1.7218494605199086
2021-09-05,SOL,3,-0.01085291363526155,0.0,0.0,mark,134.74,0.0,1.703263415831429
2021-09-05,SOL,3,0.0076991890500093295,0.0,0.0,mark,142.0,0.0,1.7164277752888302
2021-09-06,SOL,3,-2.112867007552474e-05,0.0,0.0,mark,141.98,0.0,1.7163915098357794
2021-09-06,SOL,3,-4.92805616007152e-05,4.927934733376209e-05,0.0,funding,141.98,0.0,1.7163069271824054
2021-09-06,SOL,3,0.025194336439857447,0.0,0.0,mark,166.13,0.0,1.760097461741116
2021-09-06,SOL,3,-0.030554550194648217,0.0,0.0,mark,136.92,0.0,1.7071317675605804
2021-09-06,SOL,3,0.028584907750009728,0.0,0.0,mark,164.22,0.0,1.756634110974775
2021-09-07,SOL,3,-3.09677590428679e-05,0.0,0.0,mark,164.19,0.0,1.756579712795199
2021-09-07,SOL,3,-5.568587719052099e-05,5.5684326760820635e-05,0.0,funding,164.19,0.0,1.7564818988364903
2021-09-07,SOL,3,-0.038065147583012694,0.0,0.0,mark,128.01,0.0,1.6908776942677886
2021-09-07,SOL,3,0.06985608927420515,0.0,0.0,mark,195.48,0.0,1.8132192001342977
2021-09-07,SOL,3,-0.022266722803949524,0.0,0.0,mark,173.46,0.0,1.7732909363254858
2021-09-08,SOL,3,3.067592807735447e-05,0.0,0.0,mark,173.49,0.0,1.7733453345050618
2021-09-08,SOL,3,-5.8283808089921554e-05,5.828210962183317e-05,0.0,funding,173.49,0.0,1.773241980197879
2021-09-08,SOL,3,0.02475437612888731,0.0,0.0,mark,198.0,0.0,1.817685292911502
2021-09-08,SOL,3,-0.05274168787595946,0.0,0.0,mark,146.5,0.0,1.7243017513059702
2021-09-08,SOL,3,0.0457542774370614,0.0,0.0,mark,191.02,0.0,1.8050286497968104
2021-09-09,SOL,3,0.0,0.0,0.0,mark,191.02,0.0,1.8050286497968104
2021-09-09,SOL,3,-6.304672976881513e-05,6.304474236550735e-05,0.0,funding,191.02,0.0,1.8049148522306215
2021-09-09,SOL,3,0.02478594663109782,0.0,0.0,mark,216.0,0.0,1.8502104030909357
2021-09-09,SOL,3,-0.035207854107146795,0.0,0.0,mark,180.7,0.0,1.7862018784564644
2021-09-09,SOL,3,0.007282537400919878,0.0,0.0,mark,187.9,0.0,1.7992574415547136
2021-09-10,SOL,3,-1.007794519952332e-05,0.0,0.0,mark,187.89,0.0,1.7992393088281882
2021-09-10,SOL,3,-6.22131767631308e-05,6.221124156357436e-05,0.0,funding,187.89,0.0,1.799127375916916
2021-09-10,SOL,3,-0.020435179574400643,0.0,0.0,mark,167.82,0.0,1.7627349937805465
2021-09-10,SOL,3,0.029984290427317366,0.0,0.0,mark,197.41,0.0,1.8163897315690452
2021-09-10,SOL,3,-0.017939389460438566,0.0,0.0,mark,179.6,0.0,1.784095345627404
2021-09-11,SOL,3,0.0,0.0,0.0,mark,179.6,0.0,1.784095345627404
2021-09-11,SOL,3,-5.997295224831811e-05,5.9971153906756506e-05,0.0,funding,179.6,0.0,1.783988351370847
2021-09-11,SOL,3,0.014039319613776398,0.0,0.0,mark,193.51,0.0,1.8092109739676032
2021-09-11,SOL,3,-0.018582837005213782,0.0,0.0,mark,175.14,0.0,1.7759011553405426
2021-09-11,SOL,3,0.0039741628983710284,0.0,0.0,mark,179.04,0.0,1.7829729186854275
2021-09-12,SOL,3,1.0169887681138932e-05,0.0,0.0,mark,179.05,0.0,1.782991051411953
2021-09-12,SOL,3,-5.98263194995863e-05,5.982452994095725e-05,0.0,funding,179.05,0.0,1.7828843848104132
2021-09-12,SOL,3,0.0027422565658840946,0.0,0.0,mark,181.75,0.0,1.7877802209722566
2021-09-12,SOL,3,-0.011835167588752419,0.0,0.0,mark,170.15,0.0,1.7667462582028552
2021-09-12,SOL,3,0.004240023248705325,0.0,0.0,mark,174.29,0.0,1.7742532069843484
2021-09-13,SOL,3,2.043963188745347e-05,0.0,0.0,mark,174.31,0.0,1.7742894724373992
2021-09-13,SOL,3,-5.85281328287168e-05,5.852642009102744e-05,0.0,funding,174.31,0.0,1.7741856296263723
2021-09-13,SOL,3,0.0007049528287493491,0.0,0.0,mark,175.0,0.0,1.775436787756621
2021-09-13,SOL,3,-0.02555001461469824,0.0,0.0,mark,150.3,0.0,1.7306489532390166
2021-09-13,SOL,3,0.019947781644679693,0.0,0.0,mark,169.53,0.0,1.7655181863472569
2021-09-14,SOL,3,1.0270431395426487e-05,0.0,0.0,mark,169.54,0.0,1.7655363190737823
2021-09-14,SOL,3,-5.7208699946297074e-05,5.720706355981271e-05,0.0,funding,169.54,0.0,1.76543531792536
2021-09-14,SOL,3,0.0023492895229317635,0.0,0.0,mark,171.83,0.0,1.7695877122996642
2021-09-14,SOL,3,-0.030409298021575916,0.0,0.0,mark,142.6,0.0,1.716585752666078
2021-09-14,SOL,3,0.01705077871249246,0.0,0.0,mark,158.88,0.0,1.7461058314493412
2021-09-15,SOL,3,-0.00016616846730944284,0.0,0.0,mark,158.72,0.0,1.7458157078249357
2021-09-15,SOL,3,-5.416255616480373e-05,5.416108940010334e-05,0.0,funding,158.72,0.0,1.7457211525443082
2021-09-15,SOL,3,0.008048573911100141,0.0,0.0,mark,166.5,0.0,1.7598284137810274
2021-09-15,SOL,3,-0.013286908271770275,0.0,0.0,mark,153.69,0.0,1.736600391102059
2021-09-15,SOL,3,0.005311040400402013,0.0,0.0,mark,158.79,0.0,1.7458480816299855
2021-09-16,SOL,3,-2.077261480977822e-05,0.0,0.0,mark,158.77,0.0,1.745811816176935
2021-09-16,SOL,3,-5.417973970119102e-05,5.417827200556603e-05,0.0,funding,158.77,0.0,1.7457172311094875
2021-09-16,SOL,3,0.004901011009152809,0.0,0.0,mark,163.5,0.0,1.7542940107559761
2021-09-16,SOL,3,-0.01683385394021808,0.0,0.0,mark,147.35,0.0,1.7250096574175424
2021-09-16,SOL,3,0.005179327433507954,0.0,0.0,mark,152.29,0.0,1.7339672243210633
2021-09-17,SOL,3,1.0457309377954467e-05,0.0,0.0,mark,152.3,0.0,1.7339853570475887
2021-09-17,SOL,3,-5.2326293542496456e-05,5.232492454588046e-05,0.0,funding,152.3,0.0,1.7338946263946176
2021-09-17,SOL,3,0.0013063715629785693,0.0,0.0,mark,153.55,0.0,1.7361612172102858
2021-09-17,SOL,3,-0.02062964680083087,0.0,0.0,mark,134.0,0.0,1.7007117368532345
2021-09-17,SOL,3,0.014374970045849889,0.0,0.0,mark,147.58,0.0,1.7253359794746543
2021-09-18,SOL,3,1.0509623318039108e-05,0.0,0.0,mark,147.59,0.0,1.7253541122011797
2021-09-18,SOL,3,-5.096169785932052e-05,5.0960399334002016e-05,0.0,funding,147.59,0.0,1.7252661874666293
2021-09-18,SOL,3,0.024788342266475142,0.0,0.0,mark,171.47,0.0,1.7685671384091555
2021-09-18,SOL,3,-0.02846311215856545,0.0,0.0,mark,144.1,0.0,1.7189378659092835
2021-09-18,SOL,3,0.02615357213773967,0.0,0.0,mark,169.22,0.0,1.7644872749409526
2021-09-19,SOL,3,0.0,0.0,0.0,mark,169.22,0.0,1.7644872749409526
2021-09-19,SOL,3,-5.7134666893194665e-05,5.713303473914742e-05,0.0,funding,169.22,0.0,1.7643864644281766
2021-09-19,SOL,3,0.0017866135628321561,0.0,0.0,mark,170.96,0.0,1.7675415588435868
2021-09-19,SOL,3,-0.021107982686478458,0.0,0.0,mark,150.6,0.0,1.7306233276379823
2021-09-19,SOL,3,0.002260597975317547,0.0,0.0,mark,152.76,0.0,1.734539996567457
2021-09-20,SOL,3,2.0907603175564517e-05,0.0,0.0,mark,152.78,0.0,1.7345762620205079
2021-09-20,SOL,3,-5.247333105314048e-05,5.247195435200793e-05,0.0,funding,152.78,0.0,1.7344852454140671
2021-09-20,SOL,3,0.0006792948829422834,0.0,0.0,mark,153.43,0.0,1.7356638726382145
2021-09-20,SOL,3,-0.02450380855959401,0.0,0.0,mark,130.26,0.0,1.693650345278988
2021-09-20,SOL,3,0.002683676695125928,0.0,0.0,mark,132.77,0.0,1.6982016596368499
2021-09-21,SOL,3,0.0,0.0,0.0,mark,132.77,0.0,1.6982016596368499
2021-09-21,SOL,3,-4.657736775868986e-05,4.6576283049985525e-05,0.0,funding,132.77,0.0,1.6981225637156747
2021-09-21,SOL,3,0.012595253208171248,0.0,0.0,mark,144.64,0.0,1.7196461101012603
2021-09-21,SOL,3,-0.030664704502788194,0.0,0.0,mark,116.0,0.0,1.6677139813326696
2021-09-21,SOL,3,0.008973174539155365,0.0,0.0,mark,124.29,0.0,1.6827460116221813
2021-09-22,SOL,3,1.0775618367084225e-05,0.0,0.0,mark,124.3,0.0,1.6827641443487067
2021-09-22,SOL,3,-4.4005966903448044e-05,4.400499865505885e-05,0.0,funding,124.3,0.0,1.6826900943147978
2021-09-22,SOL,3,0.028742886349434418,0.0,0.0,mark,151.36,0.0,1.7317572522923839
2021-09-22,SOL,3,-0.031116428565561995,0.0,0.0,mark,122.1,0.0,1.6787008944792214
2021-09-22,SOL,3,0.02761308214797052,0.0,0.0,mark,148.02,0.0,1.7257009216329182
2021-09-23,SOL,3,0.0,0.0,0.0,mark,148.02,0.0,1.7257009216329182
2021-09-23,SOL,3,-5.1099905627865024e-05,5.109860004987457e-05,0.0,funding,148.02,0.0,1.7256127407317179
2021-09-23,SOL,3,-0.005373487768596385,0.0,0.0,mark,142.92,0.0,1.7163650502037915
2021-09-23,SOL,3,0.010070022607505169,0.0,0.0,mark,152.5,0.0,1.7337362022150729
2021-09-23,SOL,3,-0.0027124936820920524,0.0,0.0,mark,149.91,0.0,1.7290398260450082
2021-09-24,SOL,3,-1.0487220325063622e-05,0.0,0.0,mark,149.9,0.0,1.7290216933184828
2021-09-24,SOL,3,-5.1649549663269876e-05,5.1648215848340914e-05,0.0,funding,149.9,0.0,1.72893239243286
2021-09-24,SOL,3,0.0013624876011853403,0.0,0.0,mark,151.2,0.0,1.731289646881155
2021-09-24,SOL,3,-0.024437685920583922,0.0,0.0,mark,128.15,0.0,1.6894937122402325
2021-09-24,SOL,3,0.011715542143039118,0.0,0.0,mark,139.13,0.0,1.7094034459650622
2021-09-25,SOL,3,-2.1215493529191137e-05,0.0,0.0,mark,139.11,0.0,1.7093671805120116
2021-09-25,SOL,3,-4.848279517461631e-05,4.848161990287286e-05,0.0,funding,139.11,0.0,1.7092843076220916
2021-09-25,SOL,3,0.005364033231760009,0.0,0.0,mark,144.18,0.0,1.718477599970442
2021-09-25,SOL,3,-0.011290423739786743,0.0,0.0,mark,133.54,0.0,1.6991843789474739
2021-09-25,SOL,3,0.0026855908368186208,0.0,0.0,mark,136.06,0.0,1.703753826031861
2021-09-26,SOL,3,-1.0642865618645335e-05,0.0,0.0,mark,136.05,0.0,1.7037356933053356
2021-09-26,SOL,3,-4.7573027189734046e-05,4.7571895611245325e-05,0.0,funding,136.05,0.0,1.7036546433687845
2021-09-26,SOL,3,0.005053481630577437,0.0,0.0,mark,140.81,0.0,1.712285821194849
2021-09-26,SOL,3,-0.01709960284540204,0.0,0.0,mark,124.8,0.0,1.68325532602777
2021-09-26,SOL,3,0.011609645401245925,0.0,0.0,mark,135.64,0.0,1.702911201581245
2021-09-27,SOL,3,6.388641039171407e-05,0.0,0.0,mark,135.7,0.0,1.7030199979403973
2021-09-27,SOL,3,-4.747058033405291e-05,4.746945362389355e-05,0.0,funding,135.7,0.0,1.7029391565115846
2021-09-27,SOL,3,0.013978370100979364,0.0,0.0,mark,148.92,0.0,1.726910620978092
2021-09-27,SOL,3,-0.0160888799400535,0.0,0.0,mark,133.72,0.0,1.6993488766595661
2021-09-27,SOL,3,0.0028023839649454953,0.0,0.0,mark,136.35,0.0,1.7041177837357322
2021-09-28,SOL,3,-1.0640592551813104e-05,0.0,0.0,mark,136.34,0.0,1.7040996510092068
2021-09-28,SOL,3,-4.7664252370755875e-05,4.766311644835225e-05,0.0,funding,136.34,0.0,1.704018428309101
2021-09-28,SOL,3,0.0032509039253022054,0.0,0.0,mark,139.4,0.0,1.709567042625857
2021-09-28,SOL,3,-0.011982740432761884,0.0,0.0,mark,128.17,0.0,1.6892039907378933
2021-09-28,SOL,3,0.004316665237203701,0.0,0.0,mark,132.2,0.0,1.6965114795276077
2021-09-29,SOL,3,2.1376257031010113e-05,0.0,0.0,mark,132.22,0.0,1.6965477449806585
2021-09-29,SOL,3,-4.6429636298814344e-05,4.642855845993495e-05,0.0,funding,132.22,0.0,1.6964689767145007
2021-09-29,SOL,3,0.008461466483269038,0.0,0.0,mark,140.17,0.0,1.7108844943021506
2021-09-29,SOL,3,-0.009637894361820182,0.0,0.0,mark,131.12,0.0,1.6944743767967125
2021-09-29,SOL,3,0.004409813539808438,0.0,0.0,mark,135.25,0.0,1.7019631928516805
2021-09-30,SOL,3,-1.0654063022867966e-05,0.0,0.0,mark,135.24,0.0,1.7019450601251551
2021-09-30,SOL,3,-4.733954049707623e-05,4.733841999878189e-05,0.0,funding,135.24,0.0,1.7018644927350841
2021-09-30,SOL,3,0.008181158096592086,0.0,0.0,mark,142.95,0.0,1.7158448248861258
2021-09-30,SOL,3,-0.009481867799183183,0.0,0.0,mark,134.02,0.0,1.6996523000989918
2021-09-30,SOL,3,0.007810757884876183,0.0,0.0,mark,141.37,0.0,1.712979854095121
2021-10-01,SOL,3,1.0585431294371581e-05,0.0,0.0,mark,141.38,0.0,1.7129979868216465
2021-10-01,SOL,3,-4.916951616896729e-05,4.9168307368032584e-05,0.0,funding,141.38,0.0,1.7129137616101096
2021-10-01,SOL,3,0.02464476393836763,0.0,0.0,mark,164.95,0.0,1.75565259803035
2021-10-01,SOL,3,-0.02796365072796298,0.0,0.0,mark,138.25,0.0,1.7072382182076762
2021-10-01,SOL,3,0.02445624807171889,0.0,0.0,mark,161.56,0.0,1.7495056037382577
2021-10-02,SOL,3,6.218498312024815e-05,0.0,0.0,mark,161.62,0.0,1.7496144000974099
2021-10-02,SOL,3,-5.503244916966758e-05,5.503093491228231e-05,0.0,funding,161.62,0.0,1.7495181171812366
2021-10-02,SOL,3,0.013772308104516776,0.0,0.0,mark,175.0,0.0,1.7737797052721496
2021-10-02,SOL,3,-0.019551589082305497,0.0,0.0,mark,156.06,0.0,1.7394363212331443
2021-10-02,SOL,3,0.013378540538487338,0.0,0.0,mark,168.98,0.0,1.7628638039038913
2021-10-03,SOL,3,2.057168565777318e-05,0.0,0.0,mark,169.0,0.0,1.762900069356942
2021-10-03,SOL,3,-5.711176006890322e-05,5.71101292234856e-05,0.0,funding,169.0,0.0,1.7627993899061731
2021-10-03,SOL,3,0.009001047972972876,0.0,0.0,mark,177.79,0.0,1.7787380565219522
2021-10-03,SOL,3,-0.012525173388383966,0.0,0.0,mark,165.58,0.0,1.7565979974345047
2021-10-03,SOL,3,0.007609725119857746,0.0,0.0,mark,172.98,0.0,1.7700162150632608
2021-10-04,SOL,3,1.0244331940312521e-05,0.0,0.0,mark,172.99,0.0,1.7700343477897862
2021-10-04,SOL,3,-5.8224541998395475e-05,5.82228469826779e-05,0.0,funding,172.99,0.0,1.7699312913508007
2021-10-04,SOL,3,0.00035850638726238045,0.0,0.0,mark,173.34,0.0,1.770565936779188
2021-10-04,SOL,3,-0.011681488754764418,0.0,0.0,mark,162.0,0.0,1.7500034248994456
2021-10-04,SOL,3,0.005301391616736258,0.0,0.0,mark,167.13,0.0,1.759305513606948
2021-10-05,SOL,3,0.0,0.0,0.0,mark,167.13,0.0,1.759305513606948
2021-10-05,SOL,3,-5.659519647335528e-05,5.659359499540866e-05,0.0,funding,167.13,0.0,1.7592059481832376
2021-10-05,SOL,3,0.0031388062219167056,0.0,0.0,mark,170.18,0.0,1.7647364297734682
2021-10-05,SOL,3,-0.010847406486978878,0.0,0.0,mark,159.68,0.0,1.745697066921855
2021-10-05,SOL,3,0.005118106534970895,0.0,0.0,mark,164.62,0.0,1.754654633825376
2021-10-06,SOL,3,2.066792950985682e-05,0.0,0.0,mark,164.64,0.0,1.7546908992784265
2021-10-06,SOL,3,-5.589860953690374e-05,5.589704723882572e-05,0.0,funding,164.64,0.0,1.75459281723834
2021-10-06,SOL,3,0.0008057612662667932,0.0,0.0,mark,165.42,0.0,1.756007169907317
2021-10-06,SOL,3,-0.015946068878623678,0.0,0.0,mark,150.1,0.0,1.728227832870487
2021-10-06,SOL,3,0.003947716428775352,0.0,0.0,mark,153.87,0.0,1.7350638707705424
2021-10-07,SOL,3,3.135177197636403e-05,0.0,0.0,mark,153.9,0.0,1.7351182689501183
2021-10-07,SOL,3,-5.2841500905726536e-05,5.284010481820684e-05,0.0,funding,153.9,0.0,1.735026585118915
2021-10-07,SOL,3,-0.0037274870045924478,0.0,0.0,mark,150.34,0.0,1.728571334475892
2021-10-07,SOL,3,0.011555901114545363,0.0,0.0,mark,161.42,0.0,1.7486623954659752
2021-10-07,SOL,3,-0.007452249622199627,0.0,0.0,mark,154.26,0.0,1.7356793632738274
2021-10-08,SOL,3,0.0,0.0,0.0,mark,154.26,0.0,1.7356793632738274
2021-10-08,SOL,3,-5.294798750653503e-05,5.294658578656016e-05,0.0,funding,154.26,0.0,1.7355874649775218
2021-10-08,SOL,3,0.01525152405224648,0.0,0.0,mark,168.97,0.0,1.7622607056963058
2021-10-08,SOL,3,-0.017207136531713574,0.0,0.0,mark,152.39,0.0,1.732196645117282
2021-10-08,SOL,3,0.006749997800306308,0.0,0.0,mark,158.86,0.0,1.743928519179181
2021-10-09,SOL,3,2.0795047263815315e-05,0.0,0.0,mark,158.88,0.0,1.7439647846322315
2021-10-09,SOL,3,-5.427470088545639e-05,5.427322804042992e-05,0.0,funding,158.88,0.0,1.7438701340337806
2021-10-09,SOL,3,0.0027620446819953954,0.0,0.0,mark,161.54,0.0,1.7486934392895226
2021-10-09,SOL,3,-0.007661075895217472,0.0,0.0,mark,154.18,0.0,1.735347752566868
2021-10-09,SOL,3,0.0027755904170885994,0.0,0.0,mark,156.84,0.0,1.74017105782261
2021-10-10,SOL,3,-4.168119988744616e-05,0.0,0.0,mark,156.8,0.0,1.7400985269165086
2021-10-10,SOL,3,-5.3683152210903e-05,5.368171129630133e-05,0.0,funding,156.8,0.0,1.7400051154497596
2021-10-10,SOL,3,0.0017700156131651686,0.0,0.0,mark,158.5,0.0,1.7430876789590684
2021-10-10,SOL,3,-0.013562991337040151,0.0,0.0,mark,145.55,0.0,1.7196057981087454
2021-10-10,SOL,3,0.0021067192225093195,0.0,0.0,mark,147.55,0.0,1.7232323434138146
2021-10-11,SOL,3,1.0522452874431629e-05,0.0,0.0,mark,147.56,0.0,1.72325047614034
2021-10-11,SOL,3,-5.10135386089635e-05,5.1012237440590775e-05,0.0,funding,147.56,0.0,1.7231625692778816
2021-10-11,SOL,3,0.006753910608880293,0.0,0.0,mark,154.0,0.0,1.7348400451602044
2021-10-11,SOL,3,-0.014486518224659942,0.0,0.0,mark,140.24,0.0,1.7098894134613283
2021-10-11,SOL,3,0.00479239073828776,0.0,0.0,mark,144.77,0.0,1.71810353857731
2021-10-12,SOL,3,2.1107616333286006e-05,0.0,0.0,mark,144.79,0.0,1.7181398040303606
2021-10-12,SOL,3,-5.020478409773262e-05,5.0203523858630866e-05,0.0,funding,144.79,0.0,1.7180535473577165
2021-10-12,SOL,3,-0.00760679316176291,0.0,0.0,mark,137.61,0.0,1.7050342497125182
2021-10-12,SOL,3,0.016757528588968888,0.0,0.0,mark,153.5,0.0,1.7338471521612928
2021-10-12,SOL,3,-0.0012348164854009312,0.0,0.0,mark,152.32,0.0,1.731707490431302
2021-10-13,SOL,3,3.1412536752645365e-05,0.0,0.0,mark,152.35,0.0,1.7317618886108779
2021-10-13,SOL,3,-5.241068002291134e-05,5.240930660723442e-05,0.0,funding,152.35,0.0,1.731671128171087
2021-10-13,SOL,3,-0.008486188601961327,0.0,0.0,mark,144.28,0.0,1.7170380178651328
2021-10-13,SOL,3,0.011841816981891627,0.0,0.0,mark,155.56,0.0,1.737491733385723
2021-10-13,SOL,3,-0.007878943255937017,0.0,0.0,mark,148.04,0.0,1.7238559230386628
2021-10-14,SOL,3,1.051864655125184e-05,0.0,0.0,mark,148.05,0.0,1.7238740557651882
2021-10-14,SOL,3,-5.116442778186353e-05,5.1163118904834104e-05,0.0,funding,148.05,0.0,1.723785856991896
2021-10-14,SOL,3,0.00796275134148917,0.0,0.0,mark,155.65,0.0,1.737566729151159
2021-10-14,SOL,3,-0.008783580224270395,0.0,0.0,mark,147.27,0.0,1.722371504322919
2021-10-14,SOL,3,0.0028909531922457583,0.0,0.0,mark,150.02,0.0,1.7273580041173893
2021-10-15,SOL,3,-1.0497431138145658e-05,0.0,0.0,mark,150.01,0.0,1.7273398713908639
2021-10-15,SOL,3,-5.173777896089713e-05,5.1736440585070096e-05,0.0,funding,150.01,0.0,1.7272505049742375
2021-10-15,SOL,3,0.01638886411351402,0.0,0.0,mark,165.75,0.0,1.755791416525132
2021-10-15,SOL,3,-0.019890832632837755,0.0,0.0,mark,146.68,0.0,1.7212123070412972
2021-10-15,SOL,3,0.01723316730689736,0.0,0.0,mark,163.18,0.0,1.7511313058081182
2021-10-16,SOL,3,-3.106507452739498e-05,0.0,0.0,mark,163.15,0.0,1.7510769076285422
2021-10-16,SOL,3,-5.550703681011443e-05,5.550549632309339e-05,0.0,funding,163.15,0.0,1.7509797132356844
2021-10-16,SOL,3,0.0017072423122639021,0.0,0.0,mark,164.8,0.0,1.7539716131123664
2021-10-16,SOL,3,-0.008763641611039178,0.0,0.0,mark,156.36,0.0,1.7386675919249743
2021-10-16,SOL,3,0.001229876400694343,0.0,0.0,mark,157.54,0.0,1.740807253654965
2021-10-17,SOL,3,0.0,0.0,0.0,mark,157.54,0.0,1.740807253654965
2021-10-17,SOL,3,-5.391455114264991e-05,5.391309777941374e-05,0.0,funding,157.54,0.0,1.7407134013432837
2021-10-17,SOL,3,-0.004604408842560026,0.0,0.0,mark,153.13,0.0,1.732716868945606
2021-10-17,SOL,3,0.015080761209989501,0.0,0.0,mark,167.65,0.0,1.7590455878604083
2021-10-17,SOL,3,-0.007792413593379561,0.0,0.0,mark,160.12,0.0,1.7453916447868227
2021-10-18,SOL,3,-1.0388969587374662e-05,0.0,0.0,mark,160.11,0.0,1.7453735120602973
2021-10-18,SOL,3,-5.465074379041598e-05,5.464925046569719e-05,0.0,funding,160.11,0.0,1.7452781287060806
2021-10-18,SOL,3,0.0029773759275620224,0.0,0.0,mark,162.98,0.0,1.7504822212188549
2021-10-18,SOL,3,-0.008394610175626559,0.0,0.0,mark,154.91,0.0,1.7358491109129006
2021-10-18,SOL,3,0.002305911289119627,0.0,0.0,mark,157.12,0.0,1.7398564434750021
2021-10-19,SOL,3,0.0,0.0,0.0,mark,157.12,0.0,1.7398564434750021
2021-10-19,SOL,3,-5.38001975248621e-05,5.379875032018567e-05,0.0,funding,157.12,0.0,1.7397628413726067
2021-10-19,SOL,3,0.002425505053070311,0.0,0.0,mark,159.45,0.0,1.7439877666530124
2021-10-19,SOL,3,-0.006666029656236051,0.0,0.0,mark,153.06,0.0,1.7324009544033163
2021-10-19,SOL,3,0.0028429297012120096,0.0,0.0,mark,155.78,0.0,1.7373330560182103
2021-10-20,SOL,3,-1.0437158891230177e-05,0.0,0.0,mark,155.77,0.0,1.737314923291685
2021-10-20,SOL,3,-5.341595555488954e-05,5.3414528948091755e-05,0.0,funding,155.77,0.0,1.7372221254334228
2021-10-20,SOL,3,-0.000804031505027918,0.0,0.0,mark,155.0,0.0,1.735825905490971
2021-10-20,SOL,3,0.022588709487275815,0.0,0.0,mark,176.87,0.0,1.7754821784019026
2021-10-20,SOL,3,-0.0001532044290988184,0.0,0.0,mark,176.72,0.0,1.7752101875040225
2021-10-21,SOL,3,0.0,0.0,0.0,mark,176.72,0.0,1.7752101875040225
2021-10-21,SOL,3,-5.9306587110892276e-05,5.930482850998776e-05,0.0,funding,176.72,0.0,1.7751049089682833
2021-10-21,SOL,3,-2.0430242361899354e-05,0.0,0.0,mark,176.7,0.0,1.7750686435152325
2021-10-21,SOL,3,0.0177287723680077,0.0,0.0,mark,194.21,0.0,1.8068190476611132
2021-10-21,SOL,3,-0.003730199948970322,0.0,0.0,mark,190.5,0.0,1.8000918061202098
2021-10-22,SOL,3,-4.0293704539939825e-05,0.0,0.0,mark,190.46,0.0,1.8000192752141084
2021-10-22,SOL,3,-6.303684166730165e-05,6.303485488734926e-05,0.0,funding,190.46,0.0,1.7999058112603008
2021-10-22,SOL,3,-0.0025217429515664515,0.0,0.0,mark,187.96,0.0,1.7953726296289643
2021-10-22,SOL,3,0.02704164480406554,0.0,0.0,mark,215.1,0.0,1.8445848494187531
2021-10-22,SOL,3,-0.018663786437889095,0.0,0.0,mark,196.29,0.0,1.8104771908245774
2021-10-23,SOL,3,0.0,0.0,0.0,mark,196.29,0.0,1.8104771908245774
2021-10-23,SOL,3,-6.459118854257992e-05,6.4589102576669e-05,0.0,funding,196.29,0.0,1.8103602537275865
2021-10-23,SOL,3,0.00946037613389209,0.0,0.0,mark,205.78,0.0,1.82756821120014
2021-10-23,SOL,3,-0.01390737611525843,0.0,0.0,mark,191.86,0.0,1.8023274558768583
2021-10-23,SOL,3,0.005908280550950417,0.0,0.0,mark,197.75,0.0,1.813007631800287
2021-10-24,SOL,3,0.0,0.0,0.0,mark,197.75,0.0,1.813007631800287
2021-10-24,SOL,3,-6.498080741396631e-05,6.497869620699247e-05,0.0,funding,197.75,0.0,1.8128898249281593
2021-10-24,SOL,3,0.007086333939760821,0.0,0.0,mark,204.86,0.0,1.8257821934876803
2021-10-24,SOL,3,-0.019698175890824537,0.0,0.0,mark,185.22,0.0,1.7901695185919009
2021-10-24,SOL,3,0.016993156993199383,0.0,0.0,mark,202.14,0.0,1.8208500918727861
2021-10-25,SOL,3,9.958335571217942e-06,0.0,0.0,mark,202.15,0.0,1.8208682245993115
2021-10-25,SOL,3,-6.613992887361677e-05,6.613774167681825e-05,0.0,funding,202.15,0.0,1.8207477964870455
2021-10-25,SOL,3,0.016573014885626867,0.0,0.0,mark,218.93,0.0,1.851174511596576
2021-10-25,SOL,3,-0.020714541208018567,0.0,0.0,mark,198.0,0.0,1.813222714979027
2021-10-25,SOL,3,0.011632402730246455,0.0,0.0,mark,209.7,0.0,1.8344380050136817
2021-10-26,SOL,3,2.965342676340702e-05,0.0,0.0,mark,209.73,0.0,1.8344924031932577
2021-10-26,SOL,3,-6.811042060403212e-05,6.810810114193994e-05,0.0,funding,209.73,0.0,1.8343674593991168
2021-10-26,SOL,3,0.004408862686674638,0.0,0.0,mark,214.2,0.0,1.8424727881559464
2021-10-26,SOL,3,-0.017713222545737404,0.0,0.0,mark,196.36,0.0,1.8101240040347293
2021-10-26,SOL,3,0.0034899736861173556,0.0,0.0,mark,199.85,0.0,1.816452325592075
2021-10-27,SOL,3,1.9964790996785928e-05,0.0,0.0,mark,199.87,0.0,1.8164885910451258
2021-10-27,SOL,3,-6.555160132801368e-05,6.554945286872335e-05,0.0,funding,199.87,0.0,1.8163695212118405
2021-10-27,SOL,3,0.005594738252129819,0.0,0.0,mark,205.49,0.0,1.826560113519085
2021-10-27,SOL,3,-0.028751708039589697,0.0,0.0,mark,176.94,0.0,1.7747911792892221
2021-10-27,SOL,3,0.007684102538198561,0.0,0.0,mark,184.49,0.0,1.7884813878158583
2021-10-28,SOL,3,-4.055528749772721e-05,0.0,0.0,mark,184.45,0.0,1.788408856909757
2021-10-28,SOL,3,-6.144397771528681e-05,6.144209007272177e-05,0.0,funding,184.45,0.0,1.7882989733316839
2021-10-28,SOL,3,0.017020749937045745,0.0,0.0,mark,201.38,0.0,1.8189976793390945
2021-10-28,SOL,3,-0.019874058535198805,0.0,0.0,mark,181.64,0.0,1.7832036771780615
2021-10-28,SOL,3,0.013915097360533443,0.0,0.0,mark,195.42,0.0,1.8081905743299882
2021-10-29,SOL,3,-5.01417864638203e-05,0.0,0.0,mark,195.37,0.0,1.8080999106973614
2021-10-29,SOL,3,-6.437297242957e-05,6.437090053420876e-05,0.0,funding,195.37,0.0,1.807983521677854
2021-10-29,SOL,3,0.009830338995365607,0.0,0.0,mark,205.22,0.0,1.8258442573053197
2021-10-29,SOL,3,-0.0107534563335266,0.0,0.0,mark,194.45,0.0,1.806315310837522
2021-10-29,SOL,3,0.00596512917832573,0.0,0.0,mark,200.41,0.0,1.8171224158466284
2021-10-30,SOL,3,-4.989531453700856e-05,0.0,0.0,mark,200.36,0.0,1.8170317522140016
2021-10-30,SOL,3,-6.569266861299327e-05,6.569051089692739e-05,0.0,funding,200.36,0.0,1.8169123904698827
2021-10-30,SOL,3,-0.013119523313780641,0.0,0.0,mark,187.3,0.0,1.7932310496277808
2021-10-30,SOL,3,0.013378968808715535,0.0,0.0,mark,200.62,0.0,1.8173838413595416
2021-10-30,SOL,3,-0.004920958317269963,0.0,0.0,mark,195.7,0.0,1.8084625399090712
2021-10-31,SOL,3,-1.0026648067472903e-05,0.0,0.0,mark,195.69,0.0,1.8084444071825458
2021-10-31,SOL,3,-6.44661303664008e-05,6.446405247007993e-05,0.0,funding,195.69,0.0,1.808327827527392
2021-10-31,SOL,3,0.009292151875921738,0.0,0.0,mark,205.0,0.0,1.825209395922489
2021-10-31,SOL,3,-0.01975508176161113,0.0,0.0,mark,185.31,0.0,1.7895060573940829
2021-10-31,SOL,3,0.01725838282771637,0.0,0.0,mark,202.49,0.0,1.8206580815646272
2021-11-01,SOL,3,3.98369480467246e-05,0.0,0.0,mark,202.53,0.0,1.8207306124707285
2021-11-01,SOL,3,-6.626927078417194e-05,6.626707502461312e-05,0.0,funding,202.53,0.0,1.8206099579786323
2021-11-01,SOL,3,0.009052110603590496,0.0,0.0,mark,211.66,0.0,1.8371651372962732
2021-11-01,SOL,3,-0.013874252909940005,0.0,0.0,mark,197.7,0.0,1.8118518510668902
2021-11-01,SOL,3,0.006185690965097807,0.0,0.0,mark,203.9,0.0,1.8230941415126047
2021-11-02,SOL,3,9.946077900206579e-06,0.0,0.0,mark,203.91,0.0,1.8231122742391301
2021-11-02,SOL,3,-6.663366666928896e-05,6.663144669579951e-05,0.0,funding,203.91,0.0,1.8229907976308086
2021-11-02,SOL,3,0.018048532504436582,0.0,0.0,mark,222.22,0.0,1.856191819898717
2021-11-02,SOL,3,-0.020977143916506315,0.0,0.0,mark,200.97,0.0,1.817659776032357
2021-11-02,SOL,3,0.019608578884799426,0.0,0.0,mark,220.82,0.0,1.8536532381851687
2021-11-03,SOL,3,-9.782204589794227e-06,0.0,0.0,mark,220.81,0.0,1.8536351054586433
2021-11-03,SOL,3,-7.096824008610887e-05,7.096572190014774e-05,0.0,funding,220.81,0.0,1.853503560905245
2021-11-03,SOL,3,-0.005021455134707357,0.0,0.0,mark,215.69,0.0,1.8442196049242678
2021-11-03,SOL,3,0.030320261884071917,0.0,0.0,mark,247.0,0.0,1.900993171675126
2021-11-03,SOL,3,-0.003468503507851516,0.0,0.0,mark,243.37,0.0,1.8944109919464254
2021-11-04,SOL,3,0.0,0.0,0.0,mark,243.37,0.0,1.8944109919464254
2021-11-04,SOL,3,-7.653561734619421e-05,7.653268857062622e-05,0.0,funding,243.37,0.0,1.894266007579954
2021-11-04,SOL,3,0.006801955907315197,0.0,0.0,mark,250.5,0.0,1.9071946415925256
2021-11-04,SOL,3,-0.015811788630736266,0.0,0.0,mark,234.0,0.0,1.8772756428257047
2021-11-04,SOL,3,0.012545373988864905,0.0,0.0,mark,247.07,0.0,1.9009751163943318
2021-11-05,SOL,3,-9.538690354468813e-06,0.0,0.0,mark,247.06,0.0,1.9009569836678064
2021-11-05,SOL,3,-7.742854424165965e-05,7.742554672924902e-05,0.0,funding,247.06,0.0,1.900809801034037
2021-11-05,SOL,3,0.0016965864345240625,0.0,0.0,mark,248.84,0.0,1.9040374263555486
2021-11-05,SOL,3,-0.017775157943069404,0.0,0.0,mark,230.34,0.0,1.8704918822836585
2021-11-05,SOL,3,0.005529705458432642,0.0,0.0,mark,236.06,0.0,1.8808638018561563
2021-11-06,SOL,3,-1.9281461337880052e-05,0.0,0.0,mark,236.04,0.0,1.8808275364031055
2021-11-06,SOL,3,-7.476649122912313e-05,7.47636962846492e-05,0.0,funding,236.04,0.0,1.88068691878441
2021-11-06,SOL,3,-0.0012059198855298014,0.0,0.0,mark,234.79,0.0,1.8784203279687417
2021-11-06,SOL,3,0.02395002567076091,0.0,0.0,mark,259.9,0.0,1.9239516042738853
2021-11-06,SOL,3,-0.0013769583131546309,0.0,0.0,mark,258.44,0.0,1.9213042262011848
2021-11-07,SOL,3,-2.831355333559661e-05,0.0,0.0,mark,258.41,0.0,1.9212498280216088
2021-11-07,SOL,3,-8.013034405680118e-05,8.01271337064902e-05,0.0,funding,258.41,0.0,1.9210958837797554
2021-11-07,SOL,3,0.0002359406893552236,0.0,0.0,mark,258.66,0.0,1.921549201942889
2021-11-07,SOL,3,-0.012352888843062659,0.0,0.0,mark,245.65,0.0,1.8979585247334139
2021-11-07,SOL,3,0.0038427906155445177,0.0,0.0,mark,249.68,0.0,1.9052660135231283
2021-11-08,SOL,3,-5.710460628392848e-05,0.0,0.0,mark,249.62,0.0,1.9051572171639761
2021-11-08,SOL,3,-7.805839939064292e-05,7.805535291310182e-05,0.0,funding,249.62,0.0,1.9050085094450355
2021-11-08,SOL,3,0.003496668789478231,0.0,0.0,mark,253.3,0.0,1.9116813528063628
2021-11-08,SOL,3,-0.012042574736246972,0.0,0.0,mark,240.68,0.0,1.8887978519313762
2021-11-08,SOL,3,0.007250558268988419,0.0,0.0,mark,248.26,0.0,1.9025424586375883
2021-11-09,SOL,3,9.530741368789333e-06,0.0,0.0,mark,248.27,0.0,1.9025605913641137
2021-11-09,SOL,3,-7.774218846064519e-05,7.773916661506674e-05,0.0,funding,248.27,0.0,1.9024126878893064
2021-11-09,SOL,3,-0.010202852854291507,0.0,0.0,mark,237.62,0.0,1.8831013341398128
2021-11-09,SOL,3,0.014909818962040152,0.0,0.0,mark,253.22,0.0,1.9113883875193525
2021-11-09,SOL,3,-0.013543409001958493,0.0,0.0,mark,239.04,0.0,1.8856761813064118
2021-11-10,SOL,3,1.9231883334517256e-05,0.0,0.0,mark,239.06,0.0,1.8857124467594626
2021-11-10,SOL,3,-7.552695591123059e-05,7.552410382258272e-05,0.0,funding,239.06,0.0,1.885570030016854
2021-11-10,SOL,3,0.008560472857083995,0.0,0.0,mark,248.0,0.0,1.9017806875305134
2021-11-10,SOL,3,-0.02951176309393017,0.0,0.0,mark,217.5,0.0,1.8464758716282081
2021-11-10,SOL,3,0.015193651234649401,0.0,0.0,mark,233.09,0.0,1.8747447922812226
2021-11-11,SOL,3,-2.9016732854785257e-05,0.0,0.0,mark,233.06,0.0,1.8746903941016466
2021-11-11,SOL,3,-7.406421154236044e-05,7.406146885637195e-05,0.0,funding,233.06,0.0,1.8745515517774085
2021-11-11,SOL,3,0.012916864722715558,0.0,0.0,mark,246.5,0.0,1.8989219362274734
2021-11-11,SOL,3,-0.016463501583398404,0.0,0.0,mark,229.4,0.0,1.8679149738691319
2021-11-11,SOL,3,0.0038464580414041506,0.0,0.0,mark,233.37,0.0,1.8751136662996941
2021-11-12,SOL,3,-2.9011024574631715e-05,0.0,0.0,mark,233.34,0.0,1.8750592681201181
2021-11-12,SOL,3,-7.413860768433841e-05,7.413585948570505e-05,0.0,funding,233.34,0.0,1.8749202589896894
2021-11-12,SOL,3,-0.01217245431499627,0.0,0.0,mark,220.83,0.0,1.8522362181064815
2021-11-12,SOL,3,0.017717988676009457,0.0,0.0,mark,239.09,0.0,1.8853465767417632
2021-11-12,SOL,3,-0.010256817656026972,0.0,0.0,mark,228.48,0.0,1.866107753898371
2021-11-13,SOL,3,-1.9433928917639232e-05,0.0,0.0,mark,228.46,0.0,1.8660714884453204
2021-11-13,SOL,3,-7.293766675217338e-05,7.29350068652013e-05,0.0,funding,228.46,0.0,1.8659353865084998
2021-11-13,SOL,3,-0.003572795565270049,0.0,0.0,mark,224.79,0.0,1.8592806758736977
2021-11-13,SOL,3,0.016616065167497255,0.0,0.0,mark,241.97,0.0,1.890432700044242
2021-11-13,SOL,3,-0.00036455633315267514,0.0,0.0,mark,241.59,0.0,1.8897436564362788
2021-11-14,SOL,3,-9.595382664235264e-06,0.0,0.0,mark,241.58,0.0,1.8897255237097534
2021-11-14,SOL,3,-7.616104934870553e-05,7.615814916955767e-05,0.0,funding,241.58,0.0,1.8895816057114292
2021-11-14,SOL,3,0.0004029575018017108,0.0,0.0,mark,242.0,0.0,1.8903431802254937
2021-11-14,SOL,3,-0.011189429236644483,0.0,0.0,mark,230.4,0.0,1.8693092174560924
2021-11-14,SOL,3,0.007961213548280745,0.0,0.0,mark,238.64,0.0,1.8842505841129773
2021-11-15,SOL,3,-9.623355793177432e-06,0.0,0.0,mark,238.63,0.0,1.884232451386452
2021-11-15,SOL,3,-7.545031875008052e-05,7.544747244646384e-05,0.0,funding,238.63,0.0,1.8840902908104933
2021-11-15,SOL,3,0.007411914878246832,0.0,0.0,mark,246.36,0.0,1.8981068884145857
2021-11-15,SOL,3,-0.011404262784719116,0.0,0.0,mark,234.49,0.0,1.8765833420290001
2021-11-15,SOL,3,0.0035784247388982123,0.0,0.0,mark,238.2,0.0,1.8833105835699033
2021-11-16,SOL,3,-1.9256410779617685e-05,0.0,0.0,mark,238.18,0.0,1.8832743181168528
2021-11-16,SOL,3,-7.5346346957297e-05,7.534350849259593e-05,0.0,funding,238.18,0.0,1.883132425622272
2021-11-16,SOL,3,-0.023745639829773183,0.0,0.0,mark,213.81,0.0,1.8389429710800038
2021-11-16,SOL,3,0.023774526483281398,0.0,0.0,mark,238.21,0.0,1.8831868238018479
2021-11-16,SOL,3,-0.01863078526232676,0.0,0.0,mark,219.04,0.0,1.8484263870527595
2021-11-17,SOL,3,4.904788735433826e-05,0.0,0.0,mark,219.09,0.0,1.8485170506853863
2021-11-17,SOL,3,-7.061038189179639e-05,7.060788903753539e-05,0.0,funding,219.09,0.0,1.8483865307985876
2021-11-17,SOL,3,0.0032809716274791513,0.0,0.0,mark,222.44,0.0,1.8544609941845784
2021-11-17,SOL,3,-0.01270361388511913,0.0,0.0,mark,209.53,0.0,1.8310516442403568
2021-11-17,SOL,3,0.009275480986389507,0.0,0.0,mark,218.94,0.0,1.8481145399007073
2021-11-18,SOL,3,-3.924666347392761e-05,0.0,0.0,mark,218.9,0.0,1.848042008994606
2021-11-18,SOL,3,-7.056728014079957e-05,7.0564790328909e-05,0.0,funding,218.9,0.0,1.8479116022977222
2021-11-18,SOL,3,-0.03230902526736546,0.0,0.0,mark,186.5,0.0,1.7891615683556013
2021-11-18,SOL,3,0.03610906568118705,0.0,0.0,mark,222.78,0.0,1.8549471001895563
2021-11-18,SOL,3,-0.027521363387850804,0.0,0.0,mark,195.01,0.0,1.8045925186286706
2021-11-19,SOL,3,0.00018084945013036174,0.0,0.0,mark,195.19,0.0,1.804918907706127
2021-11-19,SOL,3,-6.44270123959169e-05,6.442493702062173e-05,0.0,funding,195.19,0.0,1.8048026259191707
2021-11-19,SOL,3,-0.006248578670726679,0.0,0.0,mark,188.99,0.0,1.7935603354734562
2021-11-19,SOL,3,0.030467430652558237,0.0,0.0,mark,219.59,0.0,1.8490464786410148
2021-11-19,SOL,3,-0.004265115949327838,0.0,0.0,mark,215.25,0.0,1.8411768753290145
2021-11-20,SOL,3,0.0,0.0,0.0,mark,215.25,0.0,1.8411768753290145
2021-11-20,SOL,3,-6.9649324004128e-05,6.964689854620918e-05,0.0,funding,215.25,0.0,1.8410486430699728
2021-11-20,SOL,3,0.005813752017261499,0.0,0.0,mark,221.17,0.0,1.8517832171729776
2021-11-20,SOL,3,-0.015124998308937572,0.0,0.0,mark,205.84,0.0,1.8239857474096222
2021-11-20,SOL,3,0.011652596016072077,0.0,0.0,mark,217.63,0.0,1.845364231983005
2021-11-21,SOL,3,9.82604795557945e-06,0.0,0.0,mark,217.64,0.0,1.8453823647095304
2021-11-21,SOL,3,-7.026219959560102e-05,7.025973126513732e-05,0.0,funding,217.64,0.0,1.8452527086405046
2021-11-21,SOL,3,-0.007011298471369451,0.0,0.0,mark,210.53,0.0,1.8323603400809836
2021-11-21,SOL,3,0.028745861382706375,0.0,0.0,mark,240.0,0.0,1.885797485151178
2021-11-21,SOL,3,-0.009166917483844619,0.0,0.0,mark,230.51,0.0,1.8685895276786246
2021-11-22,SOL,3,4.851864567549938e-05,0.0,0.0,mark,230.56,0.0,1.8686801913112514
2021-11-22,SOL,3,-7.350537135353444e-05,7.35026698998774e-05,0.0,funding,230.56,0.0,1.868542838328001
2021-11-22,SOL,3,-0.018570546655816745,0.0,0.0,mark,211.6,0.0,1.8341631888359449
2021-11-22,SOL,3,0.019957286291383186,0.0,0.0,mark,231.99,0.0,1.8711358182211253
2021-11-22,SOL,3,-0.016020490484011433,0.0,0.0,mark,215.59,0.0,1.841398146719558
2021-11-23,SOL,3,-9.847308599243482e-06,0.0,0.0,mark,215.58,0.0,1.8413800139930325
2021-11-23,SOL,3,-6.974841150778946e-05,6.974597914394967e-05,0.0,funding,215.58,0.0,1.8412515851409805
2021-11-23,SOL,3,0.010287349444996338,0.0,0.0,mark,226.08,0.0,1.8602909479925938
2021-11-23,SOL,3,-0.014896994073258665,0.0,0.0,mark,210.91,0.0,1.8327836018536439
2021-11-23,SOL,3,0.010667501818136225,0.0,0.0,mark,221.75,0.0,1.852439477407119
2021-11-24,SOL,3,9.788518329643504e-06,0.0,0.0,mark,221.76,0.0,1.8524576101336443
2021-11-24,SOL,3,-7.131888648565955e-05,7.131634335434382e-05,0.0,funding,221.76,0.0,1.8523254996306706
2021-11-24,SOL,3,0.0006947895448847903,0.0,0.0,mark,222.47,0.0,1.8536129232139702
2021-11-24,SOL,3,-0.022086144253586366,0.0,0.0,mark,200.14,0.0,1.8131225448828727
2021-11-24,SOL,3,0.005545058020130772,0.0,0.0,mark,205.7,0.0,1.823204340830965
2021-11-25,SOL,3,5.967137678092393e-05,0.0,0.0,mark,205.76,0.0,1.8233131371901172
2021-11-25,SOL,3,-6.723082214028301e-05,6.722856219926697e-05,0.0,funding,205.76,0.0,1.823190558469465
2021-11-25,SOL,3,0.01047731262359248,0.0,0.0,mark,216.35,0.0,1.8423931158598064
2021-11-25,SOL,3,-0.014293751296618319,0.0,0.0,mark,201.93,0.0,1.8162457242102574
2021-11-25,SOL,3,0.00799479534888035,0.0,0.0,mark,209.97,0.0,1.8308244363366355
2021-11-26,SOL,3,-2.971283683046307e-05,0.0,0.0,mark,209.94,0.0,1.8307700381570595
2021-11-26,SOL,3,-6.831724815631032e-05,6.8314914586255e-05,0.0,funding,209.94,0.0,1.8306449692582758
2021-11-26,SOL,3,0.0005842303666446899,0.0,0.0,mark,210.53,0.0,1.8317148001232713
2021-11-26,SOL,3,-0.027936413880051858,0.0,0.0,mark,182.7,0.0,1.7812514222032334
2021-11-26,SOL,3,0.0098461023110881,0.0,0.0,mark,192.42,0.0,1.7988764323858697
2021-11-27,SOL,3,-5.040141490617043e-05,0.0,0.0,mark,192.37,0.0,1.798785768753243
2021-11-27,SOL,3,-6.371267948963745e-05,6.371064987999854e-05,0.0,funding,192.37,0.0,1.7986711669429207
2021-11-27,SOL,3,-0.0017758634683101883,0.0,0.0,mark,190.61,0.0,1.7954798070744598
2021-11-27,SOL,3,0.008827926978069136,0.0,0.0,mark,199.39,0.0,1.8114003409637134
2021-11-27,SOL,3,-0.006679129424433335,0.0,0.0,mark,192.74,0.0,1.7993420778243583
2021-11-28,SOL,3,0.0,0.0,0.0,mark,192.74,0.0,1.7993420778243583
2021-11-28,SOL,3,-6.381549009543629e-05,6.381345393043768e-05,0.0,funding,192.74,0.0,1.79922725559157
2021-11-28,SOL,3,0.009388853880342482,0.0,0.0,mark,202.1,0.0,1.8161994876192937
2021-11-28,SOL,3,-0.02136244506349774,0.0,0.0,mark,180.93,0.0,1.7778125055651364
2021-11-28,SOL,3,0.019953725521879857,0.0,0.0,mark,200.69,0.0,1.81364277317922
2021-11-29,SOL,3,1.9995718567959872e-05,0.0,0.0,mark,200.71,0.0,1.8136790386322708
2021-11-29,SOL,3,-6.592908167971156e-05,6.592690840564945e-05,0.0,funding,200.71,0.0,1.8135594683804137
2021-11-29,SOL,3,0.011966214291731399,0.0,0.0,mark,212.75,0.0,1.8353912711169302
2021-11-29,SOL,3,-0.01304662692448078,0.0,0.0,mark,199.63,0.0,1.8116011339156763
2021-11-29,SOL,3,0.004454180522609587,0.0,0.0,mark,204.09,0.0,1.8196883299459807
2021-11-30,SOL,3,9.964693339923238e-06,0.0,0.0,mark,204.1,0.0,1.8197064626725061
2021-11-30,SOL,3,-6.682059064304935e-05,6.681835819713239e-05,0.0,funding,204.1,0.0,1.8195848728742696
2021-11-30,SOL,3,0.014031899761377455,0.0,0.0,mark,218.28,0.0,1.8452970790872103
2021-11-30,SOL,3,-0.018576426346181243,0.0,0.0,mark,199.55,0.0,1.8113344823052373
2021-11-30,SOL,3,0.008949442814848938,0.0,0.0,mark,208.53,0.0,1.827617670724998
2021-12-01,SOL,3,-9.921558960831082e-06,0.0,0.0,mark,208.52,0.0,1.8275995379984726
2021-12-01,SOL,3,-6.797286411087592e-05,6.797055400812864e-05,0.0,funding,208.52,0.0,1.82747531504537
2021-12-01,SOL,3,0.02364096063251305,0.0,0.0,mark,232.63,0.0,1.871193318697979
2021-12-01,SOL,3,-0.024266259895325215,0.0,0.0,mark,207.89,0.0,1.8263329532742731
2021-12-01,SOL,3,0.021529809127238567,0.0,0.0,mark,229.81,0.0,1.8660798898178315
2021-12-02,SOL,3,0.0,0.0,0.0,mark,229.81,0.0,1.8660798898178315
2021-12-02,SOL,3,-0.00032384718369682993,0.00032379475085790664,0.2233067247295908,rotation,229.81,-0.0018132726525345963,1.865475662944827
2021-12-02,AVAX,4,-0.0002495899962346784,0.0002495588512428675,0.17210955258128793,entry,119.64,0.0026836023211360385,1.865010116981361
2021-12-02,AVAX,4,-5.656094730704974e-05,5.6559347766771664e-05,0.0,funding,119.64,0.0,1.864904633225566
2021-12-02,AVAX,4,0.00015827774202722248,0.0,0.0,mark,119.75,0.0,1.8651998294808911
2021-12-02,AVAX,4,-0.01869061677799047,0.0,0.0,mark,106.88,0.0,1.8306618676078703
2021-12-02,AVAX,4,0.0013184577033779417,0.0,0.0,mark,107.78,0.0,1.8330771096968927
2021-12-03,AVAX,4,1.4639769725704804e-05,0.0,0.0,mark,107.79,0.0,1.8331039457201042
2021-12-03,AVAX,4,-5.184558963818997e-05,5.184424567881365e-05,0.0,funding,107.79,0.0,1.8330089098287874
2021-12-03,AVAX,4,0.007932840992343456,0.0,0.0,mark,113.23,0.0,1.8476077064557674
2021-12-03,AVAX,4,-0.019403263900148227,0.0,0.0,mark,100.0,0.0,1.8121036477471377
2021-12-03,AVAX,4,0.012246064364256362,0.0,0.0,mark,108.32,0.0,1.8344312190589895
2021-12-04,AVAX,4,5.851456907409672e-05,0.0,0.0,mark,108.36,0.0,1.834538563151835
2021-12-04,AVAX,4,-5.207900042949842e-05,5.2077644341867097e-05,0.0,funding,108.36,0.0,1.8344430247050116
2021-12-04,AVAX,4,0.0006580873386507297,0.0,0.0,mark,108.81,0.0,1.835650645749523
2021-12-04,AVAX,4,-0.04827972535772007,0.0,0.0,mark,76.57,0.0,1.749131306916097
2021-12-04,AVAX,4,0.024970054602047504,0.0,0.0,mark,93.05,0.0,1.793357073168419
2021-12-05,AVAX,4,-4.489338904785462e-05,0.0,0.0,mark,93.02,0.0,1.793276565098785
2021-12-05,AVAX,4,-4.5734946307506496e-05,4.573390048086717e-05,0.0,funding,93.02,0.0,1.7931945515668222
2021-12-05,AVAX,4,-0.015792915239614836,0.0,0.0,mark,82.55,0.0,1.7650972352645278
2021-12-05,AVAX,4,0.019497484712497744,0.0,0.0,mark,95.5,0.0,1.7998498853232394
2021-12-05,AVAX,4,-0.013736700842487317,0.0,0.0,mark,86.35,0.0,1.7752949240848446
2021-12-06,AVAX,4,-1.5116488917435597e-05,0.0,0.0,mark,86.34,0.0,1.7752680880616332
2021-12-06,AVAX,4,-4.288116637813274e-05,4.2880246994038906e-05,0.0,funding,86.34,0.0,1.7751919641275364
2021-12-06,AVAX,4,0.012857356013034326,0.0,0.0,mark,94.9,0.0,1.798163599996461
2021-12-06,AVAX,4,-0.02707749748645419,0.0,0.0,mark,77.0,0.0,1.7501271184481257
2021-12-06,AVAX,4,0.02419298462821832,0.0,0.0,mark,92.97,0.0,1.7929842475166682
2021-12-07,AVAX,4,-5.987074700278637e-05,0.0,0.0,mark,92.93,0.0,1.7928769034238228
2021-12-07,AVAX,4,-4.570088062560908e-05,4.5699836356292216e-05,0.0,funding,92.93,0.0,1.7927949692427294
2021-12-07,AVAX,4,0.005508295618899732,0.0,0.0,mark,96.62,0.0,1.8026974618077214
2021-12-07,AVAX,4,-0.01291528749498769,0.0,0.0,mark,88.0,0.0,1.7795648097995287
2021-12-07,AVAX,4,0.0023647781059152073,0.0,0.0,mark,89.57,0.0,1.7837780654437123
2021-12-08,AVAX,4,-4.51344749956117e-05,0.0,0.0,mark,89.54,0.0,1.7836975573740783
2021-12-08,AVAX,4,-4.426033163703955e-05,4.4259352162937325e-05,0.0,funding,89.54,0.0,1.7836186120757342
2021-12-08,AVAX,4,0.005521593509568662,0.0,0.0,mark,93.22,0.0,1.7934942686175148
2021-12-08,AVAX,4,-0.010862052385139934,0.0,0.0,mark,86.0,0.0,1.7741186598589127
2021-12-08,AVAX,4,0.010817162430341514,0.0,0.0,mark,93.19,0.0,1.7934137605478808
2021-12-09,AVAX,4,1.4963542168101852e-05,0.0,0.0,mark,93.2,0.0,1.7934405965710922
2021-12-09,AVAX,4,-4.581925735860602e-05,4.5818207672400544e-05,0.0,funding,93.2,0.0,1.7933584243373903
2021-12-09,AVAX,4,0.0020479853163237003,0.0,0.0,mark,94.57,0.0,1.7970349595173467
2021-12-09,AVAX,4,-0.017003669020170913,0.0,0.0,mark,83.28,0.0,1.766737089311721
2021-12-09,AVAX,4,0.0033058616134124794,0.0,0.0,mark,85.46,0.0,1.7725873423717975
2021-12-10,AVAX,4,-7.570018787978178e-05,0.0,0.0,mark,85.41,0.0,1.7724531622557407
2021-12-10,AVAX,4,-4.2486637409491324e-05,4.2485734865071244e-05,0.0,funding,85.41,0.0,1.7723778582806282
2021-12-10,AVAX,4,0.009598762875369404,0.0,0.0,mark,91.78,0.0,1.7894724050662647
2021-12-10,AVAX,4,-0.01748811290665231,0.0,0.0,mark,80.22,0.0,1.758449962233932
2021-12-10,AVAX,4,0.0005950090073184937,0.0,0.0,mark,80.61,0.0,1.7594965671391751
2021-12-11,AVAX,4,-6.101027386458584e-05,0.0,0.0,mark,80.57,0.0,1.7593892230463297
2021-12-11,AVAX,4,-4.0376566410489055e-05,4.037575128791409e-05,0.0,funding,80.57,0.0,1.7593181863846414
2021-12-11,AVAX,4,0.009866042412545205,0.0,0.0,mark,87.07,0.0,1.7767616014720258
2021-12-11,AVAX,4,-0.013304016647007267,0.0,0.0,mark,78.32,0.0,1.7532800811620854
2021-12-11,AVAX,4,0.012518305442368493,0.0,0.0,mark,86.55,0.0,1.775366128265035
2021-12-12,AVAX,4,0.0,0.0,0.0,mark,86.55,0.0,1.775366128265035
2021-12-12,AVAX,4,-4.29830922887027e-05,4.2982168528819375e-05,0.0,funding,86.55,0.0,1.7752898191789095
2021-12-12,AVAX,4,0.003651498345827167,0.0,0.0,mark,88.97,0.0,1.7817841367960587
2021-12-12,AVAX,4,-0.00912346925405258,0.0,0.0,mark,82.94,0.0,1.7656020147996083
2021-12-12,AVAX,4,0.00766145287137162,0.0,0.0,mark,88.0,0.0,1.7791810425445567
2021-12-13,AVAX,4,1.5083243460319682e-05,0.0,0.0,mark,88.01,0.0,1.779207878567768
2021-12-13,AVAX,4,-4.3613805135460124e-05,4.361285406724201e-05,0.0,funding,88.01,0.0,1.7791302822342048
2021-12-13,AVAX,4,-0.0190501250939811,0.0,0.0,mark,75.5,0.0,1.7455584171967928
2021-12-13,AVAX,4,0.021926986380547984,0.0,0.0,mark,89.92,0.0,1.7842559626675745
2021-12-13,AVAX,4,-0.016484094851837192,0.0,0.0,mark,79.05,0.0,1.7550852054368258
2021-12-14,AVAX,4,0.0,0.0,0.0,mark,79.05,0.0,1.7550852054368258
2021-12-14,AVAX,4,-3.971197373049442e-05,3.971118522052254e-05,0.0,funding,79.05,0.0,1.755015508923155
2021-12-14,AVAX,4,0.01277778512730138,0.0,0.0,mark,87.46,0.0,1.777584604443909
2021-12-14,AVAX,4,-0.016976333364788296,0.0,0.0,mark,76.31,0.0,1.7476624385632422
2021-12-14,AVAX,4,0.016538427296828338,0.0,0.0,mark,87.17,0.0,1.7768063597707795
2021-12-15,AVAX,4,-1.5103630018592745e-05,0.0,0.0,mark,87.16,0.0,1.776779523747568
2021-12-15,AVAX,4,-4.325160749900049e-05,4.325067216161787e-05,0.0,funding,87.16,0.0,1.776702676838883
2021-12-15,AVAX,4,-0.0016023491956210156,0.0,0.0,mark,86.1,0.0,1.7738580583784787
2021-12-15,AVAX,4,0.029323817461965482,0.0,0.0,mark,105.77,0.0,1.8266445160352245
2021-12-15,AVAX,4,-0.006677463293651975,0.0,0.0,mark,101.24,0.0,1.8144877975204783
2021-12-16,AVAX,4,5.915769613254731e-05,0.0,0.0,mark,101.28,0.0,1.8145951416133237
2021-12-16,AVAX,4,-4.9211184126857465e-05,4.920997327634162e-05,0.0,funding,101.28,0.0,1.8145058454348975
2021-12-16,AVAX,4,-0.004862830738978357,0.0,0.0,mark,98.0,0.0,1.8057036298215712
2021-12-16,AVAX,4,0.01767700829864445,0.0,0.0,mark,110.0,0.0,1.8379068576752036
2021-12-16,AVAX,4,-0.017364958993320814,0.0,0.0,mark,98.21,0.0,1.8062671863090096
2021-12-17,AVAX,4,2.9713903585654038e-05,0.0,0.0,mark,98.23,0.0,1.8063208583554324
2021-12-17,AVAX,4,-4.7947816997155604e-05,4.794666751888202e-05,0.0,funding,98.23,0.0,1.8062342512898044
2021-12-17,AVAX,4,0.026203910405171633,0.0,0.0,mark,116.1,0.0,1.8541902247685054
2021-12-17,AVAX,4,-0.02633763633696297,0.0,0.0,mark,98.14,0.0,1.8059927270809022
2021-12-17,AVAX,4,0.01865186572109272,0.0,0.0,mark,110.81,0.0,1.8399939684896958
2021-12-18,AVAX,4,1.4584736674838855e-05,0.0,0.0,mark,110.82,0.0,1.8400208045129072
2021-12-18,AVAX,4,-5.3102641356728015e-05,5.310123143646575e-05,0.0,funding,110.82,0.0,1.8399230971423188
2021-12-18,AVAX,4,0.009536988971268543,0.0,0.0,mark,117.39,0.0,1.8575543643921826
2021-12-18,AVAX,4,-0.01731198603910981,0.0,0.0,mark,105.51,0.0,1.8256731688170864
2021-12-18,AVAX,4,0.015157068059310294,0.0,0.0,mark,115.9,0.0,1.8535557969336898
2021-12-19,AVAX,4,1.4478025959591582e-05,0.0,0.0,mark,115.91,0.0,1.8535826329569012
2021-12-19,AVAX,4,-5.513534632026591e-05,5.5133826394965814e-05,0.0,funding,115.91,0.0,1.853480437853807
2021-12-19,AVAX,4,0.0011287028899809298,0.0,0.0,mark,116.69,0.0,1.8555736476642932
2021-12-19,AVAX,4,-0.01461201098274388,0.0,0.0,mark,106.66,0.0,1.8286571163832988
2021-12-19,AVAX,4,0.0013931790130891797,0.0,0.0,mark,107.61,0.0,1.831206538588378
2021-12-20,AVAX,4,0.0,0.0,0.0,mark,107.61,0.0,1.831206538588378
2021-12-20,AVAX,4,-5.181264129335443e-05,5.181129904163877e-05,0.0,funding,107.61,0.0,1.8311116613988
2021-12-20,AVAX,4,0.012698704250414432,0.0,0.0,mark,116.33,0.0,1.8545126736391064
2021-12-20,AVAX,4,-0.022492474917943886,0.0,0.0,mark,100.96,0.0,1.8132657059632455
2021-12-20,AVAX,4,0.018461517909258523,0.0,0.0,mark,113.55,0.0,1.8470522591863483
2021-12-21,AVAX,4,-4.358827631989405e-05,0.0,0.0,mark,113.52,0.0,1.8469717511167143
2021-12-21,AVAX,4,-5.419173769407941e-05,5.419026934844716e-05,0.0,funding,113.52,0.0,1.8468716632200424
2021-12-21,AVAX,4,-0.004266533872926204,0.0,0.0,mark,110.59,0.0,1.8390087084191138
2021-12-21,AVAX,4,0.019336808034989928,0.0,0.0,mark,123.97,0.0,1.874915307475914
2021-12-21,AVAX,4,-0.0010454092827250846,0.0,0.0,mark,123.24,0.0,1.8729562777814845
2021-12-22,AVAX,4,-1.4328265847462455e-05,0.0,0.0,mark,123.23,0.0,1.8729294417582731
2021-12-22,AVAX,4,-5.8011862530726534e-05,5.801017987511974e-05,0.0,funding,123.23,0.0,1.8728207927844633
2021-12-22,AVAX,4,0.005843535931239165,0.0,0.0,mark,127.32,0.0,1.8837967262779096
2021-12-22,AVAX,4,-0.016909362370305422,0.0,0.0,mark,115.55,0.0,1.8522107269581385
2021-12-22,AVAX,4,0.0016503429352927614,0.0,0.0,mark,116.69,0.0,1.8552700336042336
2021-12-23,AVAX,4,-1.4464857845744083e-05,0.0,0.0,mark,116.68,0.0,1.8552431975810222
2021-12-23,AVAX,4,-5.545194630453712e-05,5.545040887378142e-05,0.0,funding,116.68,0.0,1.855140323587156
2021-12-23,AVAX,4,-0.0006656466649545439,0.0,0.0,mark,116.22,0.0,1.8539058665194335
2021-12-23,AVAX,4,0.012715070632785595,0.0,0.0,mark,125.06,0.0,1.877628911038276
2021-12-23,AVAX,4,-0.0052447872217636455,0.0,0.0,mark,121.4,0.0,1.867806926542918
2021-12-24,AVAX,4,7.183574209077398e-05,0.0,0.0,mark,121.45,0.0,1.8679411066589748
2021-12-24,AVAX,4,-5.7326571403984e-05,5.732492826756395e-05,0.0,funding,121.45,0.0,1.8678340270690277
2021-12-24,AVAX,4,0.004472629139577107,0.0,0.0,mark,124.57,0.0,1.876206866310972
2021-12-24,AVAX,4,-0.016411128939449095,0.0,0.0,mark,113.19,0.0,1.845667471896444
2021-12-24,AVAX,4,0.0025412699592994837,0.0,0.0,mark,114.94,0.0,1.8503637759584322
2021-12-25,AVAX,4,1.4503001495697033e-05,0.0,0.0,mark,114.95,0.0,1.8503906119816436
2021-12-25,AVAX,4,-5.477301320909662e-05,5.4771513194962717e-05,0.0,funding,114.95,0.0,1.8502892632878236
2021-12-25,AVAX,4,0.0028676152204126317,0.0,0.0,mark,116.93,0.0,1.855602795883673
2021-12-25,AVAX,4,-0.007155383335242043,0.0,0.0,mark,112.0,0.0,1.8423726364404722
2021-12-25,AVAX,4,0.004374786472923042,0.0,0.0,mark,115.01,0.0,1.8504502794270916
2021-12-26,AVAX,4,-2.900527801779564e-05,0.0,0.0,mark,114.99,0.0,1.8503966073806688
2021-12-26,AVAX,4,-5.4791895966364e-05,5.4790394917872664e-05,0.0,funding,114.99,0.0,1.8502952234197958
2021-12-26,AVAX,4,0.004356095268772209,0.0,0.0,mark,118.0,0.0,1.8583728664064152
2021-12-26,AVAX,4,-0.01267215879454815,0.0,0.0,mark,109.28,0.0,1.8349718541661089
2021-12-26,AVAX,4,0.008359573511196124,0.0,0.0,mark,115.02,0.0,1.8503757314894298
2021-12-27,AVAX,4,5.801036919875261e-05,0.0,0.0,mark,115.06,0.0,1.8504830755822752
2021-12-27,AVAX,4,-5.4822689460130655e-05,5.4821186723940545e-05,0.0,funding,115.06,0.0,1.8503816299040592
2021-12-27,AVAX,4,-0.0026575711270619513,0.0,0.0,mark,113.23,0.0,1.8454706376563803
2021-12-27,AVAX,4,0.011177920012621512,0.0,0.0,mark,120.96,0.0,1.8662148835987618
2021-12-27,AVAX,4,-0.010276749428330316,0.0,0.0,mark,113.85,0.0,1.8471344710954845
2021-12-28,AVAX,4,0.0,0.0,0.0,mark,113.85,0.0,1.8471344710954845
2021-12-28,AVAX,4,-5.434448816479272e-05,5.434301152988385e-05,0.0,funding,113.85,0.0,1.8470340922456245
2021-12-28,AVAX,4,0.004175694129247899,0.0,0.0,mark,116.73,0.0,1.8547628669304963
2021-12-28,AVAX,4,-0.01810409310128009,0.0,0.0,mark,104.33,0.0,1.8214861981484094
2021-12-28,AVAX,4,0.004014051953054627,0.0,0.0,mark,107.06,0.0,1.8288124324851107
2021-12-29,AVAX,4,-1.4674123837261716e-05,0.0,0.0,mark,107.05,0.0,1.8287855964618993
2021-12-29,AVAX,4,-5.1611236801858244e-05,5.160990496487672e-05,0.0,funding,107.05,0.0,1.8286912130110649
2021-12-29,AVAX,4,0.005123100588296073,0.0,0.0,mark,110.55,0.0,1.838083821135041
2021-12-29,AVAX,4,-0.012118128568017425,0.0,0.0,mark,102.3,0.0,1.8159441019856686
2021-12-29,AVAX,4,0.0011815417605857187,0.0,0.0,mark,103.1,0.0,1.8180909838425774
2021-12-30,AVAX,4,0.0,0.0,0.0,mark,103.1,0.0,1.8180909838425774
2021-12-30,AVAX,4,-4.999920391944965e-05,4.999795398010618e-05,0.0,funding,103.1,0.0,1.8180000830132357
2021-12-30,AVAX,4,0.003389345963045292,0.0,0.0,mark,105.4,0.0,1.8241723683518487
2021-12-30,AVAX,4,-0.010574320974762002,0.0,0.0,mark,98.25,0.0,1.804984611755726
2021-12-30,AVAX,4,0.005190212886123513,0.0,0.0,mark,101.75,0.0,1.8143772198797021
2021-12-31,AVAX,4,0.0,0.0,0.0,mark,101.75,0.0,1.8143772198797021
2021-12-31,AVAX,4,-4.944549745617816e-05,4.94442750476867e-05,0.0,funding,101.75,0.0,1.814287509313402
2021-12-31,AVAX,4,-0.0023990975986126935,0.0,0.0,mark,100.13,0.0,1.8099400735531617
2021-12-31,AVAX,4,0.017432024883901262,0.0,0.0,mark,111.99,0.0,1.841767597081835
2021-12-31,AVAX,4,-0.003737098493231305,0.0,0.0,mark,109.43,0.0,1.8348975751397267
2021-12-31,AVAX,4,-0.00023209251295734708,0.0002320655815735947,0.16004522867144458,boundary_exit,109.43,-0.0026836023211360385,1.834471758566824
2022-01-01,AVAX,1,-0.0007247373144570303,0.0007244747558020435,0.4996377626220989,entry,109.43,0.004565820731262897,0.9992755252441979
2022-01-01,AVAX,1,-0.00016428454119421496,0.00016427104722792604,0.0,funding,109.43,0.0,0.9991113732071968
2022-01-01,AVAX,1,0.02290496689201012,0.0,0.0,mark,114.5,0.0,1.0222600843146996
2022-01-01,AVAX,1,-0.02753123204059203,0.0,0.0,mark,108.42,0.0,0.9944998942686212
2022-01-01,AVAX,1,0.02587729766355118,0.0,0.0,mark,114.13,0.0,1.0205707306441323
2022-01-02,AVAX,1,-4.4738916469432425e-05,0.0,0.0,mark,114.12,0.0,1.0205250724368198
2022-01-02,AVAX,1,-1.5854676913825524e-05,1.5854551229039737e-05,0.010934173261406714,resize,114.12,-9.777951243983372e-05,1.0205088924697783
2022-01-02,AVAX,1,-0.00016416811444668918,0.0001641546395992433,0.0,funding,114.12,0.0,1.020341371200327
2022-01-02,AVAX,1,0.014821888647628855,0.0,0.0,mark,117.53,0.0,1.0355773917565136
2022-01-02,AVAX,1,-0.024148658149718814,0.0,0.0,mark,112.0,0.0,1.010869123816422
2022-01-02,AVAX,1,0.004542267949406606,0.0,0.0,mark,113.03,0.0,1.0154712062718099
2022-01-03,AVAX,1,-4.40006520157524e-05,0.0,0.0,mark,113.02,0.0,1.0154265258596216
2022-01-03,AVAX,1,-0.00016339940559691817,0.00016338605664116096,0.0,funding,113.02,0.0,1.0152606193237526
2022-01-03,AVAX,1,0.00487308517388221,0.0,0.0,mark,114.13,0.0,1.0202201450766462
2022-01-03,AVAX,1,-0.03620914724060967,0.0,0.0,mark,106.01,0.0,0.9839396503798029
2022-01-03,AVAX,1,0.009490857662650398,0.0,0.0,mark,108.11,0.0,0.9933225369393314
2022-01-04,AVAX,1,0.0,0.0,0.0,mark,108.11,0.0,0.9933225369393314
2022-01-04,AVAX,1,-0.00015977854635682766,0.00015976578244474826,0.0,funding,108.11,0.0,0.9931638379869973
2022-01-04,AVAX,1,0.005249786710595345,0.0,0.0,mark,109.28,0.0,0.9983914462130202
2022-01-04,AVAX,1,-0.029520533989693783,0.0,0.0,mark,102.78,0.0,0.9693491782906704
2022-01-04,AVAX,1,0.0025319183647363685,0.0,0.0,mark,103.33,0.0,0.971806600961023
2022-01-05,AVAX,1,0.0,0.0,0.0,mark,103.33,0.0,0.971806600961023
2022-01-05,AVAX,1,-0.00015609488504785132,0.0001560827028750493,0.0,funding,103.33,0.0,0.9716549187600731
2022-01-05,AVAX,1,0.01519655971594431,0.0,0.0,mark,106.66,0.0,0.986533496018754
2022-01-05,AVAX,1,-0.07649456524206905,0.0,0.0,mark,90.4,0.0,0.913883145800691
2022-01-05,AVAX,1,0.03374545409375443,0.0,0.0,mark,97.42,0.0,0.9452487951568289
2022-01-06,AVAX,1,0.0,0.0,0.0,mark,97.42,0.0,0.9452487951568289
2022-01-06,AVAX,1,-0.00015130143234034113,0.00015128998685580373,0.0,funding,97.42,0.0,0.9451057884790341
2022-01-06,AVAX,1,0.002596781636681284,0.0,0.0,mark,97.97,0.0,0.9475632111493868
2022-01-06,AVAX,1,-0.03322281938314318,0.0,0.0,mark,91.04,0.0,0.916599685502943
2022-01-06,AVAX,1,0.019645313643467742,0.0,0.0,mark,95.11,0.0,0.9347846132635529
2022-01-07,AVAX,1,-4.779869008904783e-05,0.0,0.0,mark,95.1,0.0,0.9347399328513646
2022-01-07,AVAX,1,-0.0001493586382060294,0.00014934748475991104,0.0,funding,95.1,0.0,0.9346003317934886
2022-01-07,AVAX,1,0.0021012975091014166,0.0,0.0,mark,95.54,0.0,0.9365662699297708
2022-01-07,AVAX,1,-0.05159100043945523,0.0,0.0,mark,85.0,0.0,0.8894731154833756
2022-01-07,AVAX,1,0.008702469414399415,0.0,0.0,mark,86.74,0.0,0.8972475072041277
2022-01-08,AVAX,1,0.0,0.0,0.0,mark,86.74,0.0,0.8972475072041277
2022-01-08,AVAX,1,-0.00014192083808308958,0.00014191076779731957,0.0,funding,86.74,0.0,0.8971201781214762
2022-01-08,AVAX,1,0.014339927220758362,0.0,0.0,mark,89.64,0.0,0.910077497656063
2022-01-08,AVAX,1,-0.05271910084561643,0.0,0.0,mark,79.18,0.0,0.8633417865071739
2022-01-08,AVAX,1,0.024133776441360402,0.0,0.0,mark,83.9,0.0,0.8844309410600187
2022-01-09,AVAX,1,-0.00015156796169883398,0.0,0.0,mark,83.87,0.0,0.884296899823454
2022-01-09,AVAX,1,-0.0001392345344322585,0.00013922484175430888,0.0,funding,83.87,0.0,0.8841737837275123
2022-01-09,AVAX,1,0.039679596557887165,0.0,0.0,mark,91.88,0.0,0.919962793890285
2022-01-09,AVAX,1,-0.046830328306759005,0.0,0.0,mark,82.46,0.0,0.8778738456089717
2022-01-09,AVAX,1,0.03436825266729799,0.0,0.0,mark,89.33,0.0,0.9085692887822863
2022-01-10,AVAX,1,-4.9177879324035196e-05,0.0,0.0,mark,89.32,0.0,0.908524608370098
2022-01-10,AVAX,1,-0.00014432831845559847,0.00014431790362483702,0.0,funding,89.32,0.0,0.9083934920032264
2022-01-10,AVAX,1,0.015035740195173493,0.0,0.0,mark,92.4,0.0,0.9221550589572015
2022-01-10,AVAX,1,-0.061445886512416496,0.0,0.0,mark,80.1,0.0,0.8671981519656777
2022-01-10,AVAX,1,0.021711276224753138,0.0,0.0,mark,84.36,0.0,0.886232007557864
2022-01-11,AVAX,1,0.00030245120008561916,0.0,0.0,mark,84.42,0.0,0.8865000900309934
2022-01-11,AVAX,1,-0.00013979933734613407,0.00013978956587414978,0.0,funding,84.42,0.0,0.8863761665682606
2022-01-11,AVAX,1,0.032630232097824056,0.0,0.0,mark,91.0,0.0,0.9157758777881163
2022-01-11,AVAX,1,-0.0387482720608167,0.0,0.0,mark,83.21,0.0,0.8809698366934846
2022-01-11,AVAX,1,0.03184515537756892,0.0,0.0,mark,89.59,0.0,0.9094759396695759
2022-01-12,AVAX,1,-9.82601197602775e-05,0.0,0.0,mark,89.57,0.0,0.9093865788451994
2022-01-12,AVAX,1,-0.00014459511608134473,0.0001445846627113761,0.0,funding,89.57,0.0,0.9092550954934228
2022-01-12,AVAX,1,0.035338351433992166,0.0,0.0,mark,96.89,0.0,0.9419611572152076
2022-01-12,AVAX,1,-0.03912927546358428,0.0,0.0,mark,88.8,0.0,0.905814703754929
2022-01-12,AVAX,1,0.03461291988974392,0.0,0.0,mark,95.94,0.0,0.9377165180573257
2022-01-13,AVAX,1,4.764696674665487e-05,0.0,0.0,mark,95.95,0.0,0.937761198469514
2022-01-13,AVAX,1,-0.00015020816106264885,0.00015019688038169933,0.0,funding,95.95,0.0,0.9376203496629609
2022-01-13,AVAX,1,0.00622313760504932,0.0,0.0,mark,97.26,0.0,0.9434734836596191
2022-01-13,AVAX,1,-0.03950860678269849,0.0,0.0,mark,89.08,0.0,0.9069249064896464
2022-01-13,AVAX,1,0.002804217062052462,0.0,0.0,mark,89.65,0.0,0.9094716899843756
2022-01-14,AVAX,1,0.0,0.0,0.0,mark,89.65,0.0,0.9094716899843756
2022-01-14,AVAX,1,-0.00014471072673065034,0.00014470025663850848,0.0,funding,89.65,0.0,0.9093400891974294
2022-01-14,AVAX,1,0.01036273782865336,0.0,0.0,mark,91.77,0.0,0.9188123365813342
2022-01-14,AVAX,1,-0.02232466376358698,0.0,0.0,mark,87.23,0.0,0.8985274294478776
2022-01-14,AVAX,1,0.015591320641095759,0.0,0.0,mark,90.39,0.0,0.9126464396993584
2022-01-15,AVAX,1,4.895578021400771e-05,0.0,0.0,mark,90.4,0.0,0.9126911201115467
2022-01-15,AVAX,1,-0.00014540668450799819,0.00014539611346836497,0.0,funding,90.4,0.0,0.9125584183698854
2022-01-15,AVAX,1,0.019587434633178538,0.0,0.0,mark,94.44,0.0,0.9306093048939306
2022-01-15,AVAX,1,-0.0241512712794912,0.0,0.0,mark,89.47,0.0,0.9084031400363799
2022-01-15,AVAX,1,0.01711683582689303,0.0,0.0,mark,92.98,0.0,0.9240859647144489
2022-01-16,AVAX,1,0.0,0.0,0.0,mark,92.98,0.0,0.9240859647144489
2022-01-16,AVAX,1,-0.0001477125634556361,0.0001477016544921378,0.0,funding,92.98,0.0,0.9239494756885677
2022-01-16,AVAX,1,-0.005722594959613992,0.0,0.0,mark,91.8,0.0,0.9186771870503564
2022-01-16,AVAX,1,0.014964505817489539,0.0,0.0,mark,94.9,0.0,0.9325281148287079
2022-01-16,AVAX,1,-0.012826826075854407,0.0,0.0,mark,92.24,0.0,0.9206431251866385
2022-01-17,AVAX,1,4.853056172583654e-05,0.0,0.0,mark,92.25,0.0,0.9206878055988268
2022-01-17,AVAX,1,-0.00014709371505267597,0.0001470828973025256,0.0,funding,92.25,0.0,0.9205523881688682
2022-01-17,AVAX,1,-0.034114061233609966,0.0,0.0,mark,85.34,0.0,0.8896782233468008
2022-01-17,AVAX,1,0.035326738718691665,0.0,0.0,mark,92.5,0.0,0.9216693984735739
2022-01-17,AVAX,1,-0.028669571530166117,0.0,0.0,mark,86.67,0.0,0.8956207181678354
2022-01-18,AVAX,1,0.0,0.0,0.0,mark,86.67,0.0,0.8956207181678354
2022-01-18,AVAX,1,-0.00014206389115905746,0.00014205380056239034,0.0,funding,86.67,0.0,0.8954934918409573
2022-01-18,AVAX,1,0.003685411054307882,0.0,0.0,mark,87.41,0.0,0.8987998423428863
2022-01-18,AVAX,1,-0.01861504230728376,0.0,0.0,mark,83.7,0.0,0.8822234094210528
2022-01-18,AVAX,1,0.011581083746704742,0.0,0.0,mark,86.0,0.0,0.8924999042243459
2022-01-19,AVAX,1,0.00015017499874344495,0.0,0.0,mark,86.03,0.0,0.8926339454609106
2022-01-19,AVAX,1,-0.00014148664222889923,0.00014147663346597938,0.0,funding,86.03,0.0,0.8925076586153893
2022-01-19,AVAX,1,0.001750624753487278,0.0,0.0,mark,86.38,0.0,0.8940714730419773
2022-01-19,AVAX,1,-0.026843350549249738,0.0,0.0,mark,81.08,0.0,0.8703908545822151
2022-01-19,AVAX,1,0.007823378640392911,0.0,0.0,mark,82.61,0.0,0.8772269576470144
2022-01-20,AVAX,1,-0.00015281276671112338,0.0,0.0,mark,82.58,0.0,0.8770929164104497
2022-01-20,AVAX,1,-0.00013821891543593562,0.00013820936364172893,0.0,funding,82.58,0.0,0.876971693956618
2022-01-20,AVAX,1,0.026247626157727195,0.0,0.0,mark,87.8,0.0,0.9002948691188744
2022-01-20,AVAX,1,-0.04631761148983528,0.0,0.0,mark,78.68,0.0,0.8595463332032081
2022-01-20,AVAX,1,0.003373094989126354,0.0,0.0,mark,79.33,0.0,0.862450559995443
2022-01-21,AVAX,1,-5.18076880754707e-05,0.0,0.0,mark,79.32,0.0,0.8624058795832547
2022-01-21,AVAX,1,-0.00013502323494300812,0.00013501411971627908,0.0,funding,79.32,0.0,0.8622894426125846
2022-01-21,AVAX,1,0.005477469991170907,0.0,0.0,mark,80.38,0.0,0.867025566304537
2022-01-21,AVAX,1,-0.08858179567282999,0.0,0.0,mark,63.93,0.0,0.7935262882548976
2022-01-21,AVAX,1,0.011921861830461011,0.0,0.0,mark,66.06,0.0,0.8030432160509907
2022-01-22,AVAX,1,-0.00016693052376689162,0.0,0.0,mark,66.03,0.0,0.802909174814426
2022-01-22,AVAX,1,-0.00012072835540914546,0.00012072106803452933,0.0,funding,66.03,0.0,0.8028122467613077
2022-01-22,AVAX,1,0.008368769508085488,0.0,0.0,mark,67.54,0.0,0.8095589890017305
2022-01-22,AVAX,1,-0.08395105880610122,0.0,0.0,mark,52.95,0.0,0.744370267619102
2022-01-22,AVAX,1,0.04017861569398271,0.0,0.0,mark,59.78,0.0,0.7748869891436635
2022-01-23,AVAX,1,0.0001729666989401077,0.0,0.0,mark,59.81,0.0,0.7750210303802282
2022-01-23,AVAX,1,-0.00011329039940634295,0.0001132839822913331,0.0,funding,59.81,0.0,0.7749332329115471
2022-01-23,AVAX,1,0.03995465353292406,0.0,0.0,mark,66.88,0.0,0.8065222843286262
2022-01-23,AVAX,1,-0.04451997059902842,0.0,0.0,mark,59.02,0.0,0.7714034803486769
2022-01-23,AVAX,1,0.03309822453397199,0.0,0.0,mark,64.83,0.0,0.7973627998300389
2022-01-24,AVAX,1,-0.00016811983755002862,0.0,0.0,mark,64.8,0.0,0.7972287585934742
2022-01-24,AVAX,1,-0.00011932354628359515,0.00011931642751242526,0.0,funding,64.8,0.0,0.7971336361060887
2022-01-24,AVAX,1,0.0001681398977157125,0.0,0.0,mark,64.83,0.0,0.7972676773426534
2022-01-24,AVAX,1,-0.05583477177336044,0.0,0.0,mark,55.14,0.0,0.7539723579322579
2022-01-24,AVAX,1,0.045865826530058225,0.0,0.0,mark,63.06,0.0,0.7893592443853366
2022-01-25,AVAX,1,-0.00033967804707380107,0.0,0.0,mark,63.0,0.0,0.7890911619122072
2022-01-25,AVAX,1,-0.00011720523587236405,0.0001171983676070665,0.0,funding,63.0,0.0,0.788998681716138
2022-01-25,AVAX,1,0.04175771670733803,0.0,0.0,mark,70.53,0.0,0.8226430320938757
2022-01-25,AVAX,1,-0.04943203935559216,0.0,0.0,mark,61.65,0.0,0.7829668260707269
2022-01-25,AVAX,1,0.03565057205663003,0.0,0.0,mark,68.01,0.0,0.8113835682224416
2022-01-26,AVAX,1,0.0,0.0,0.0,mark,68.01,0.0,0.8113835682224416
2022-01-26,AVAX,1,-0.00012304996049046827,0.00012304239015454384,0.0,funding,68.01,0.0,0.8112837336488754
2022-01-26,AVAX,1,0.029787389321067854,0.0,0.0,mark,73.5,0.0,0.835813279940214
2022-01-26,AVAX,1,-0.049925492801077484,0.0,0.0,mark,64.39,0.0,0.7951094244367359
2022-01-26,AVAX,1,0.008282324839116062,0.0,0.0,mark,65.87,0.0,0.8017221254405941
2022-01-27,AVAX,1,0.0,0.0,0.0,mark,65.87,0.0,0.8017221254405941
2022-01-27,AVAX,1,-0.00012061412690220261,0.0001206068533108749,0.0,funding,65.87,0.0,0.801625432257815
2022-01-27,AVAX,1,0.011581760909068728,0.0,0.0,mark,67.96,0.0,0.8109636384051552
2022-01-27,AVAX,1,-0.038757320408621024,0.0,0.0,mark,61.06,0.0,0.7801341539952761
2022-01-27,AVAX,1,0.02063294273460605,0.0,0.0,mark,64.7,0.0,0.796397824031792
2022-01-28,AVAX,1,-0.0001122125594483181,0.0,0.0,mark,64.68,0.0,0.7963084632074156
2022-01-28,AVAX,1,-0.00011924021888713939,0.00011923311005472837,0.0,funding,64.68,0.0,0.7962135168727844
2022-01-28,AVAX,1,-0.01680693584940433,0.0,0.0,mark,61.71,0.0,0.7829434344528798
2022-01-28,AVAX,1,0.03250777550173795,0.0,0.0,mark,67.5,0.0,0.8088133931098653
2022-01-28,AVAX,1,-0.002710524685467713,0.0,0.0,mark,67.01,0.0,0.806624052912642
2022-01-29,AVAX,1,5.539033284069094e-05,0.0,0.0,mark,67.02,0.0,0.8066687333248302
2022-01-29,AVAX,1,-0.00012196743106270247,0.00012195999333799586,0.0,funding,67.02,0.0,0.806570352011488
2022-01-29,AVAX,1,0.035694777410678134,0.0,0.0,mark,73.58,0.0,0.8358807024069673
2022-01-29,AVAX,1,-0.036581499310223864,0.0,0.0,mark,66.86,0.0,0.8058554654164763
2022-01-29,AVAX,1,0.02750687580241845,0.0,0.0,mark,71.89,0.0,0.8283297127471564
2022-01-30,AVAX,1,0.00010787492370737725,0.0,0.0,mark,71.91,0.0,0.8284190735715329
2022-01-30,AVAX,1,-0.00012743099160040364,0.0001274228726165016,0.0,funding,71.91,0.0,0.8283135140334481
2022-01-30,AVAX,1,0.002585842278088285,0.0,0.0,mark,72.39,0.0,0.8304581738184832
2022-01-30,AVAX,1,-0.030259614749464474,0.0,0.0,mark,66.85,0.0,0.8057052254662034
2022-01-30,AVAX,1,0.006136641224954966,0.0,0.0,mark,67.96,0.0,0.810664751219097
2022-01-31,AVAX,1,-0.0001102376164681373,0.0,0.0,mark,67.94,0.0,0.8105753903947205
2022-01-31,AVAX,1,-0.00012304586950782375,0.0001230382996752906,0.0,funding,67.94,0.0,0.8104756585769277
2022-01-31,AVAX,1,-0.020552221690966054,0.0,0.0,mark,64.25,0.0,0.7939885864794706
2022-01-31,AVAX,1,0.035381579775982296,0.0,0.0,mark,70.65,0.0,0.8225840502799382
2022-01-31,AVAX,1,-0.004245737241127894,0.0,0.0,mark,69.87,0.0,0.8190989781292562
2022-02-01,AVAX,1,0.0001636313483088898,0.0,0.0,mark,69.9,0.0,0.8192330193658209
2022-02-01,AVAX,1,-0.0001252578978742965,0.00012525005343134337,0.0,funding,69.9,0.0,0.8191304103863727
2022-02-01,AVAX,1,0.021423687664510832,0.0,0.0,mark,73.87,0.0,0.8368685340251002
2022-02-01,AVAX,1,-0.029254367355267683,0.0,0.0,mark,68.47,0.0,0.8127411114434556
2022-02-01,AVAX,1,0.02636714325759274,0.0,0.0,mark,73.33,0.0,0.8344557917669357
2022-02-02,AVAX,1,-5.354580657740701e-05,0.0,0.0,mark,73.32,0.0,0.8344111113547474
2022-02-02,AVAX,1,-0.00012899669425271964,0.00012898837453691932,0.0,funding,73.32,0.0,0.8343034820217983
2022-02-02,AVAX,1,0.008213515341606248,0.0,0.0,mark,74.86,0.0,0.8411842654987858
2022-02-02,AVAX,1,-0.0402651170202437,0.0,0.0,mark,67.43,0.0,0.8079867192429304
2022-02-02,AVAX,1,0.0019887652499041533,0.0,0.0,mark,67.79,0.0,0.8095952140817068
2022-02-03,AVAX,1,0.0,0.0,0.0,mark,67.79,0.0,0.8095952140817068
2022-02-03,AVAX,1,-0.00012292284016747438,0.00012291528546478812,0.0,funding,67.79,0.0,0.809495702454857
2022-02-03,AVAX,1,0.008354697861758494,0.0,0.0,mark,69.31,0.0,0.816287125107468
2022-02-03,AVAX,1,-0.024715242511399237,0.0,0.0,mark,64.85,0.0,0.7963596612715171
2022-02-03,AVAX,1,0.019941823049426974,0.0,0.0,mark,68.44,0.0,0.8123999292470919
2022-02-04,AVAX,1,0.0,0.0,0.0,mark,68.44,0.0,0.8123999292470919
2022-02-04,AVAX,1,-0.0001236730784562167,0.0001236654312562331,0.0,funding,68.44,0.0,0.812299463459489
2022-02-04,AVAX,1,-0.005570979232594394,0.0,0.0,mark,67.43,0.0,0.8077867418284778
2022-02-04,AVAX,1,0.05655836084120128,0.0,0.0,mark,77.95,0.0,0.8547905354504963
2022-02-04,AVAX,1,-0.000941313655149732,0.0,0.0,mark,77.77,0.0,0.8539862880311081
2022-02-05,AVAX,1,0.00015694715479978692,0.0,0.0,mark,77.8,0.0,0.8541203292676728
2022-02-05,AVAX,1,-0.00013372043085951404,0.00013371149068114712,0.0,funding,77.8,0.0,0.8540061235652253
2022-02-05,AVAX,1,0.016243088389304473,0.0,0.0,mark,80.93,0.0,0.8679910925801415
2022-02-05,AVAX,1,-0.03131928738971429,0.0,0.0,mark,74.94,0.0,0.8412275256793913
2022-02-05,AVAX,1,0.010934463758315867,0.0,0.0,mark,77.01,0.0,0.8504763710023551
2022-02-06,AVAX,1,0.0,0.0,0.0,mark,77.01,0.0,0.8504763710023551
2022-02-06,AVAX,1,-0.00013292967065797303,0.00013292083590082886,0.0,funding,77.01,0.0,0.8503633249722076
2022-02-06,AVAX,1,0.011181399137196353,0.0,0.0,mark,79.15,0.0,0.8599249331804889
2022-02-06,AVAX,1,-0.026589430508576466,0.0,0.0,mark,74.1,0.0,0.8373613250254324
2022-02-06,AVAX,1,0.025445689621082856,0.0,0.0,mark,78.93,0.0,0.8589419641123478
2022-02-07,AVAX,1,-0.00010404134016139748,0.0,0.0,mark,78.91,0.0,0.8588526032879713
2022-02-07,AVAX,1,-0.0001348810344615271,0.0001348719384238472,0.0,funding,78.91,0.0,0.8587367681725455
2022-02-07,AVAX,1,-0.007677867417423659,0.0,0.0,mark,77.44,0.0,0.8521687475808756
2022-02-07,AVAX,1,0.040988638079145635,0.0,0.0,mark,85.42,0.0,0.8878237165070837
2022-02-07,AVAX,1,-0.011235200101410681,0.0,0.0,mark,83.2,0.0,0.8779046650012965
2022-02-08,AVAX,1,0.00015267148020887421,0.0,0.0,mark,83.23,0.0,0.8780387062378612
2022-02-08,AVAX,1,-0.00013915686719888508,0.0001391471853312061,0.0,funding,83.23,0.0,0.8779165296232764
2022-02-08,AVAX,1,-0.008073707950057449,0.0,0.0,mark,81.65,0.0,0.870857024497536
2022-02-08,AVAX,1,0.06864803043660167,0.0,0.0,mark,95.5,0.0,0.9327393953782354
2022-02-08,AVAX,1,-0.04487034026911851,0.0,0.0,mark,86.34,0.0,0.8918121378138161
2022-02-09,AVAX,1,5.009944479468964e-05,0.0,0.0,mark,86.35,0.0,0.8918568182260043
2022-02-09,AVAX,1,-0.00014213671096605543,0.0001421266100222717,0.0,funding,86.35,0.0,0.8917300616398045
2022-02-09,AVAX,1,0.02806235956205066,0.0,0.0,mark,92.03,0.0,0.9171085357627196
2022-02-09,AVAX,1,-0.0381845844019639,0.0,0.0,mark,84.34,0.0,0.8827492987899702
2022-02-09,AVAX,1,0.02849143815219858,0.0,0.0,mark,90.05,0.0,0.9082618141494498
2022-02-10,AVAX,1,0.0,0.0,0.0,mark,90.05,0.0,0.9082618141494498
2022-02-10,AVAX,1,-0.00014555008363521295,0.00014553949173570034,0.0,funding,90.05,0.0,0.9081296261866556
2022-02-10,AVAX,1,0.024062401248138392,0.0,0.0,mark,95.0,0.0,0.9302464302198298
2022-02-10,AVAX,1,-0.049575761699720514,0.0,0.0,mark,84.93,0.0,0.8852532551462815
2022-02-10,AVAX,1,0.030959755000196265,0.0,0.0,mark,91.16,0.0,0.9130891519395491
2022-02-11,AVAX,1,9.7861694838029e-05,0.0,0.0,mark,91.18,0.0,0.9131785127639256
2022-02-11,AVAX,1,-0.00014658310808778434,0.00014657236530884557,0.0,funding,91.18,0.0,0.9130446660293605
2022-02-11,AVAX,1,0.007216371872206198,0.0,0.0,mark,92.66,0.0,0.9196573670332187
2022-02-11,AVAX,1,-0.06347992358556376,0.0,0.0,mark,80.0,0.0,0.8630919652029186
2022-02-11,AVAX,1,0.009018583149321741,0.0,0.0,mark,81.75,0.0,0.870911037335859
2022-02-12,AVAX,1,5.1301756655851794e-05,0.0,0.0,mark,81.76,0.0,0.8709557177480473
2022-02-12,AVAX,1,-0.00013781069579153844,0.0001378012003337638,0.0,funding,81.76,0.0,0.870835699004704
2022-02-12,AVAX,1,0.015477092840038226,0.0,0.0,mark,84.8,0.0,0.8844185443099261
2022-02-12,AVAX,1,-0.03156240654856045,0.0,0.0,mark,78.65,0.0,0.8569400908141642
2022-02-12,AVAX,1,0.013773806238275451,0.0,0.0,mark,81.31,0.0,0.8688250804562335
2022-02-13,AVAX,1,-0.00010285778138039929,0.0,0.0,mark,81.29,0.0,0.868735719631857
2022-02-13,AVAX,1,-0.0001373685980998816,0.00013735916346611639,0.0,funding,81.29,0.0,0.8686163908201353
2022-02-13,AVAX,1,0.010184245724340374,0.0,0.0,mark,83.28,0.0,0.8775077928455932
2022-02-13,AVAX,1,-0.029924476821350743,0.0,0.0,mark,77.49,0.0,0.8516378341886076
2022-02-13,AVAX,1,0.0022010680562643803,0.0,0.0,mark,77.91,0.0,0.8535144115005133
2022-02-14,AVAX,1,0.00010469201875389285,0.0,0.0,mark,77.93,0.0,0.8536037723248898
2022-02-14,AVAX,1,-0.00013402494749120846,0.00013401596654909285,0.0,funding,77.93,0.0,0.8534893757902917
2022-02-14,AVAX,1,0.024153524050966622,0.0,0.0,mark,82.6,0.0,0.8743551282821954
2022-02-14,AVAX,1,-0.033568406333120006,0.0,0.0,mark,76.14,0.0,0.8454915820085984
2022-02-14,AVAX,1,0.029779765268051442,0.0,0.0,mark,81.86,0.0,0.8710487777802663
2022-02-15,AVAX,1,-0.00010259518264593931,0.0,0.0,mark,81.84,0.0,0.8709594169558899
2022-02-15,AVAX,1,-0.00013794496328381565,0.0001379354493148925,0.0,funding,81.84,0.0,0.870839280777377
2022-02-15,AVAX,1,0.058974171765545265,0.0,0.0,mark,93.68,0.0,0.9237408888082421
2022-02-15,AVAX,1,-0.06118282293876032,0.0,0.0,mark,81.41,0.0,0.8689180230532831
2022-02-15,AVAX,1,0.05774271437962854,0.0,0.0,mark,92.97,0.0,0.9205685795428777
2022-02-16,AVAX,1,-4.8536847241084416e-05,0.0,0.0,mark,92.96,0.0,0.9205238991306894
2022-02-16,AVAX,1,-0.00014825229708560704,0.00014824130825690909,0.0,funding,92.96,0.0,0.9203874394636006
2022-02-16,AVAX,1,0.021087441053338343,0.0,0.0,mark,97.35,0.0,0.9400021404142338
2022-02-16,AVAX,1,-0.028493673288526897,0.0,0.0,mark,91.44,0.0,0.9135960168109896
2022-02-16,AVAX,1,0.018797773839977258,0.0,0.0,mark,95.32,0.0,0.930932016740023
2022-02-17,AVAX,1,4.7994202791417314e-05,0.0,0.0,mark,95.33,0.0,0.9309766971522113
2022-02-17,AVAX,1,-0.00015032514007213337,0.00015031384181440346,0.0,funding,95.33,0.0,0.9308367584682227
2022-02-17,AVAX,1,-0.04421131494918043,0.0,0.0,mark,86.32,0.0,0.8905797070866268
2022-02-17,AVAX,1,0.060588564262499506,0.0,0.0,mark,98.77,0.0,0.9462068202609739
2022-02-17,AVAX,1,-0.0510020163052772,0.0,0.0,mark,88.24,0.0,0.899158346226767
2022-02-18,AVAX,1,0.0,0.0,0.0,mark,88.24,0.0,0.899158346226767
2022-02-18,AVAX,1,-0.0001440684207761249,0.00014405804341955357,0.0,funding,88.24,0.0,0.8990288152346853
2022-02-18,AVAX,1,-0.029709421888206994,0.0,0.0,mark,82.35,0.0,0.8727120524558174
2022-02-18,AVAX,1,0.03836906181144421,0.0,0.0,mark,89.99,0.0,0.9068478873676256
2022-02-18,AVAX,1,-0.031633764731471954,0.0,0.0,mark,83.67,0.0,0.8786098668646638
2022-02-19,AVAX,1,0.00010170188583266711,0.0,0.0,mark,83.69,0.0,0.8786992276890403
2022-02-19,AVAX,1,-0.00013982083034087115,0.00013981105586403838,0.0,funding,83.69,0.0,0.8785763758222301
2022-02-19,AVAX,1,-0.014703081619778869,0.0,0.0,mark,80.82,0.0,0.8657530975242079
2022-02-19,AVAX,1,0.028089777486593963,0.0,0.0,mark,86.34,0.0,0.8904166850521112
2022-02-19,AVAX,1,-0.006696205505907965,0.0,0.0,mark,85.01,0.0,0.8844741902310765
2022-02-20,AVAX,1,0.0,0.0,0.0,mark,85.01,0.0,0.8844741902310765
2022-02-20,AVAX,1,-0.00014109891789854928,0.0001410889639143815,0.0,funding,85.01,0.0,0.8843494006839678
2022-02-20,AVAX,1,-0.043630458941477476,0.0,0.0,mark,76.56,0.0,0.8465944523849129
2022-02-20,AVAX,1,0.04726154934478848,0.0,0.0,mark,85.73,0.0,0.8875663903615204
2022-02-20,AVAX,1,-0.042995752817888956,0.0,0.0,mark,77.37,0.0,0.8502135657721596
2022-02-21,AVAX,1,-0.0001576683897693414,0.0,0.0,mark,77.34,0.0,0.8500795245355949
2022-02-21,AVAX,1,-0.00013356165955260595,0.00013355274059119072,0.0,funding,77.34,0.0,0.8499659940853727
2022-02-21,AVAX,1,-0.042744221981175466,0.0,0.0,mark,69.38,0.0,0.814400385983541
2022-02-21,AVAX,1,0.07053064819362416,0.0,0.0,mark,82.7,0.0,0.8739146950182642
2022-02-21,AVAX,1,-0.06691623300183322,0.0,0.0,mark,70.04,0.0,0.8173492931879642
2022-02-22,AVAX,1,-5.4666510184708006e-05,0.0,0.0,mark,70.03,0.0,0.8173046127757759
2022-02-22,AVAX,1,-0.00012578697778797425,0.0001257790669378146,0.0,funding,70.03,0.0,0.817201812964177
2022-02-22,AVAX,1,0.02649135170157792,0.0,0.0,mark,74.94,0.0,0.8391398953485982
2022-02-22,AVAX,1,-0.042085299187893256,0.0,0.0,mark,67.2,0.0,0.8045572563149077
2022-02-22,AVAX,1,0.03931269375575764,0.0,0.0,mark,74.42,0.0,0.8368165139148103
2022-02-23,AVAX,1,0.0,0.0,0.0,mark,74.42,0.0,0.8368165139148103
2022-02-23,AVAX,1,-0.00013055573843214705,0.0001305472164026587,0.0,funding,74.42,0.0,0.8367072698482789
2022-02-23,AVAX,1,0.04224252327454899,0.0,0.0,mark,82.5,0.0,0.8728090428963693
2022-02-23,AVAX,1,-0.04834876170156766,0.0,0.0,mark,73.28,0.0,0.8316137028588206
2022-02-23,AVAX,1,0.0010202992352052217,0.0,0.0,mark,73.47,0.0,0.832462630690397
2022-02-24,AVAX,1,-5.3674014472568084e-05,0.0,0.0,mark,73.46,0.0,0.8324179502782088
2022-02-24,AVAX,1,-0.00012955250394100731,0.00012954411237765063,0.0,funding,73.46,0.0,0.8323101154337127
2022-02-24,AVAX,1,0.034402326031650464,0.0,0.0,mark,79.98,0.0,0.8614417441804391
2022-02-24,AVAX,1,-0.0839790426649279,0.0,0.0,mark,64.45,0.0,0.7920530640521168
2022-02-24,AVAX,1,0.06518324465675884,0.0,0.0,mark,76.39,0.0,0.8454014762048642
2022-02-25,AVAX,1,0.0,0.0,0.0,mark,76.39,0.0,0.8454014762048642
2022-02-25,AVAX,1,-0.00013265099289947103,0.00013264219514548325,0.0,funding,76.39,0.0,0.8452893402972811
2022-02-25,AVAX,1,0.02917091314624345,0.0,0.0,mark,81.99,0.0,0.8703103711226903
2022-02-25,AVAX,1,-0.04897611326218858,0.0,0.0,mark,72.68,0.0,0.8287129073754476
2022-02-25,AVAX,1,0.04377743698062938,0.0,0.0,mark,80.98,0.0,0.865797649491679
2022-02-26,AVAX,1,0.0,0.0,0.0,mark,80.98,0.0,0.865797649491679
2022-02-26,AVAX,1,-0.00013730911826917796,0.00013729969180363701,0.0,funding,80.98,0.0,0.8656787757412395
2022-02-26,AVAX,1,0.02028331786313032,0.0,0.0,mark,84.95,0.0,0.883416899379967
2022-02-26,AVAX,1,-0.03567871481502126,0.0,0.0,mark,78.02,0.0,0.8524533737335231
2022-02-26,AVAX,1,0.019670139012322323,0.0,0.0,mark,81.81,0.0,0.8693872499528625
2022-02-27,AVAX,1,0.0,0.0,0.0,mark,81.81,0.0,0.8693872499528625
2022-02-27,AVAX,1,-0.00013814377368944635,0.00013813423227768105,0.0,funding,81.81,0.0,0.8692671578125383
2022-02-27,AVAX,1,0.006455529793351701,0.0,0.0,mark,83.07,0.0,0.8748968897482553
2022-02-27,AVAX,1,-0.05268868114254001,0.0,0.0,mark,73.02,0.0,0.8299930754990835
2022-02-27,AVAX,1,0.010975167469176955,0.0,0.0,mark,75.07,0.0,0.8391525599976708
2022-02-28,AVAX,1,-5.3246100718267444e-05,0.0,0.0,mark,75.06,0.0,0.8391078795854826
2022-02-28,AVAX,1,-0.0001313189702092015,0.00013131034825066812,0.0,funding,75.06,0.0,0.8389976960375943
2022-02-28,AVAX,1,0.05602240653602171,0.0,0.0,mark,85.88,0.0,0.8873419020252599
2022-02-28,AVAX,1,-0.07375265116636262,0.0,0.0,mark,71.76,0.0,0.8242531600154782
2022-02-28,AVAX,1,0.06698247022708169,0.0,0.0,mark,84.54,0.0,0.881354726792037
2022-03-01,AVAX,1,0.0,0.0,0.0,mark,84.54,0.0,0.881354726792037
2022-03-01,AVAX,1,-0.00014081543956195977,0.00014080552553333875,0.0,funding,84.54,0.0,0.8812306271765498
2022-03-01,AVAX,1,0.03124634309153507,0.0,0.0,mark,90.8,0.0,0.9092005652063821
2022-03-01,AVAX,1,-0.036635280270624994,0.0,0.0,mark,83.48,0.0,0.8764945034845973
2022-03-01,AVAX,1,0.017233550484393838,0.0,0.0,mark,86.89,0.0,0.891730524040784
2022-03-02,AVAX,1,0.0,0.0,0.0,mark,86.89,0.0,0.891730524040784
2022-03-02,AVAX,1,-0.00014304590128239966,0.00014303567070533216,0.0,funding,86.89,0.0,0.8916029747671894
2022-03-02,AVAX,1,0.015168669995198834,0.0,0.0,mark,89.94,0.0,0.9052305004845997
2022-03-02,AVAX,1,-0.03849024448835048,0.0,0.0,mark,82.29,0.0,0.8710499851606034
2022-03-02,AVAX,1,0.005473545888286336,0.0,0.0,mark,83.36,0.0,0.875830789264744
2022-03-03,AVAX,1,-5.10161922347618e-05,0.0,0.0,mark,83.35,0.0,0.8757861088525557
2022-03-03,AVAX,1,-0.00013971598044303982,0.0001397062206199809,0.0,funding,83.35,0.0,0.8756637560852164
2022-03-03,AVAX,1,0.004987952416331711,0.0,0.0,mark,84.33,0.0,0.8800424364796631
2022-03-03,AVAX,1,-0.037819648058899674,0.0,0.0,mark,77.02,0.0,0.8473810551700665
2022-03-03,AVAX,1,0.007773400967099145,0.0,0.0,mark,78.5,0.0,0.8539937561739246
2022-03-04,AVAX,1,0.0,0.0,0.0,mark,78.5,0.0,0.8539937561739246
2022-03-04,AVAX,1,-0.00013494365095966155,0.00013493454647470207,0.0,funding,78.5,0.0,0.853878522913743
2022-03-04,AVAX,1,0.019381051871773265,0.0,0.0,mark,82.24,0.0,0.8705889970721412
2022-03-04,AVAX,1,-0.038291595273088015,0.0,0.0,mark,74.92,0.0,0.8378829353503564
2022-03-04,AVAX,1,0.004628578219652556,0.0,0.0,mark,75.79,0.0,0.8417701312107325
2022-03-05,AVAX,1,-5.30805220711799e-05,0.0,0.0,mark,75.78,0.0,0.8417254507985442
2022-03-05,AVAX,1,-0.00013216639178087269,0.00013215765818797766,0.0,funding,75.78,0.0,0.8416142103341294
2022-03-05,AVAX,1,0.015592136692057309,0.0,0.0,mark,78.74,0.0,0.8548396123418457
2022-03-05,AVAX,1,-0.029007041203860443,0.0,0.0,mark,73.27,0.0,0.8303994268748836
2022-03-05,AVAX,1,0.018181531302590457,0.0,0.0,mark,76.68,0.0,0.8456354474310702
2022-03-06,AVAX,1,5.283509813523703e-05,0.0,0.0,mark,76.69,0.0,0.8456801278432584
2022-03-06,AVAX,1,-0.00013312809354509313,0.00013311923239368663,0.0,funding,76.69,0.0,0.8455675515537894
2022-03-06,AVAX,1,0.0021641267841311044,0.0,0.0,mark,77.1,0.0,0.8473994484535068
2022-03-06,AVAX,1,-0.026771150299124403,0.0,0.0,mark,72.09,0.0,0.8250145619472032
2022-03-06,AVAX,1,0.0022720160331006077,0.0,0.0,mark,72.51,0.0,0.826891139259109
2022-03-07,AVAX,1,0.0,0.0,0.0,mark,72.51,0.0,0.826891139259109
2022-03-07,AVAX,1,-0.00012873176174446802,0.00012872347616669843,0.0,funding,72.51,0.0,0.826784698957252
2022-03-07,AVAX,1,0.021491935105178772,0.0,0.0,mark,76.53,0.0,0.8447462246569207
2022-03-07,AVAX,1,-0.03323349081708684,0.0,0.0,mark,70.35,0.0,0.8171337299245942
2022-03-07,AVAX,1,0.0073003321503986515,0.0,0.0,mark,71.69,0.0,0.8231209051578171
2022-03-08,AVAX,1,-0.00010856931809916438,0.0,0.0,mark,71.67,0.0,0.8230315443334406
2022-03-08,AVAX,1,-0.00012783708976504463,0.0001278289189525001,0.0,funding,71.67,0.0,0.8229263371008647
2022-03-08,AVAX,1,0.02652098932444407,0.0,0.0,mark,76.62,0.0,0.8450431411340389
2022-03-08,AVAX,1,-0.02913052944138111,0.0,0.0,mark,71.19,0.0,0.8207816773158296
2022-03-08,AVAX,1,0.009804766946520096,0.0,0.0,mark,73.0,0.0,0.8288688319218994
2022-03-09,AVAX,1,0.0001078047626601333,0.0,0.0,mark,73.02,0.0,0.8289581927462759
2022-03-09,AVAX,1,-0.00012931397827460907,0.0001293056175825227,0.0,funding,73.02,0.0,0.8288510037952128
2022-03-09,AVAX,1,-0.003672373269257938,0.0,0.0,mark,72.34,0.0,0.8258127357664131
2022-03-09,AVAX,1,0.04289172412315416,0.0,0.0,mark,80.44,0.0,0.8620038696388799
2022-03-09,AVAX,1,-0.014672239796189607,0.0,0.0,mark,77.63,0.0,0.849448673813987
2022-03-10,AVAX,1,-0.0001578103745690012,0.0,0.0,mark,77.6,0.0,0.8493146325774223
2022-03-10,AVAX,1,-0.00013413139244257597,0.00013412239722955584,0.0,funding,77.6,0.0,0.849200720462899
2022-03-10,AVAX,1,0.007339056348341973,0.0,0.0,mark,79.0,0.0,0.8554559781692512
2022-03-10,AVAX,1,-0.03996033778014893,0.0,0.0,mark,71.5,0.0,0.8219456690280782
2022-03-10,AVAX,1,0.013122833835710147,0.0,0.0,mark,73.93,0.0,0.8328030091898183
2022-03-11,AVAX,1,0.0,0.0,0.0,mark,73.93,0.0,0.8328030091898183
2022-03-11,AVAX,1,-0.000130321152313755,0.00013031266088130494,0.0,funding,73.93,0.0,0.8326944844137009
2022-03-11,AVAX,1,0.016180309311603202,0.0,0.0,mark,76.97,0.0,0.8462773297189229
2022-03-11,AVAX,1,-0.03317235559164241,0.0,0.0,mark,70.79,0.0,0.8186648349865964
2022-03-11,AVAX,1,0.002344068954121644,0.0,0.0,mark,71.22,0.0,0.8205860927106903
2022-03-12,AVAX,1,5.4447907682984787e-05,0.0,0.0,mark,71.23,0.0,0.8206307731228786
2022-03-12,AVAX,1,-0.0001274239335373276,0.00012741581545276626,0.0,funding,71.23,0.0,0.8205262117837355
2022-03-12,AVAX,1,0.012930394870490565,0.0,0.0,mark,73.62,0.0,0.8312048302967227
2022-03-12,AVAX,1,-0.01598444209267468,0.0,0.0,mark,70.67,0.0,0.8180241087011946
2022-03-12,AVAX,1,0.0014736515088737776,0.0,0.0,mark,70.94,0.0,0.8192304798302767
2022-03-13,AVAX,1,-5.454097687529833e-05,0.0,0.0,mark,70.93,0.0,0.8191857994180886
2022-03-13,AVAX,1,-0.0001271110594615528,0.00012710298119303842,0.0,funding,70.93,0.0,0.8190816784608315
2022-03-13,AVAX,1,0.0057655831871202086,0.0,0.0,mark,71.99,0.0,0.8238178021527839
2022-03-13,AVAX,1,-0.026266677800075817,0.0,0.0,mark,67.21,0.0,0.8024605651268096
2022-03-13,AVAX,1,0.004056348023776209,0.0,0.0,mark,67.94,0.0,0.8057222352165505
2022-03-14,AVAX,1,-0.00011091388103739897,0.0,0.0,mark,67.92,0.0,0.805632874392174
2022-03-14,AVAX,1,-0.000123764349869515,0.0001237566913783414,0.0,funding,67.92,0.0,0.8055331719331736
2022-03-14,AVAX,1,0.01966256182061821,0.0,0.0,mark,71.5,0.0,0.8215287594965602
2022-03-14,AVAX,1,-0.032895381335700254,0.0,0.0,mark,65.55,0.0,0.794943914244563
2022-03-14,AVAX,1,0.019039947911560606,0.0,0.0,mark,68.97,0.0,0.8102246152129379
2022-03-15,AVAX,1,0.0,0.0,0.0,mark,68.97,0.0,0.8102246152129379
2022-03-15,AVAX,1,-0.00012496549700270534,0.000124957689140245,0.0,funding,68.97,0.0,0.8101233714173364
2022-03-15,AVAX,1,-0.016291704554101206,0.0,0.0,mark,66.04,0.0,0.7970320106461848
2022-03-15,AVAX,1,0.03416590596564051,0.0,0.0,mark,72.24,0.0,0.8247338662028877
2022-03-15,AVAX,1,-0.01319718452330728,0.0,0.0,mark,69.82,0.0,0.8139212064533359
2022-03-16,AVAX,1,0.0,0.0,0.0,mark,69.82,0.0,0.8139212064533359
2022-03-16,AVAX,1,-0.0001259311061539978,0.00012592317716512787,0.0,funding,69.82,0.0,0.8138187149090572
2022-03-16,AVAX,1,0.026546563740154707,0.0,0.0,mark,74.72,0.0,0.8357121168812902
2022-03-16,AVAX,1,-0.0362008966817208,0.0,0.0,mark,68.07,0.0,0.8059996427761168
2022-03-16,AVAX,1,0.03277334100923343,0.0,0.0,mark,74.08,0.0,0.8328525705012434
2022-03-17,AVAX,1,-5.364888373848024e-05,0.0,0.0,mark,74.07,0.0,0.8328078900890551
2022-03-17,AVAX,1,-0.00013056719012498916,0.00013055866660038095,0.0,funding,74.07,0.0,0.8326991598013908
2022-03-17,AVAX,1,-0.004894776773017383,0.0,0.0,mark,73.16,0.0,0.8286332422922618
2022-03-17,AVAX,1,0.0451740769961893,0.0,0.0,mark,81.73,0.0,0.8669243555375754
2022-03-17,AVAX,1,-0.012081271976778562,0.0,0.0,mark,79.4,0.0,0.8565138194977177
2022-03-18,AVAX,1,0.0,0.0,0.0,mark,79.4,0.0,0.8565138194977177
2022-03-18,AVAX,1,-0.0001360892658914738,0.00013608000616737148,0.0,funding,79.4,0.0,0.856397265091878
2022-03-18,AVAX,1,0.03863425305725165,0.0,0.0,mark,86.95,0.0,0.8901309762939921
2022-03-18,AVAX,1,-0.05398586722457519,0.0,0.0,mark,76.48,0.0,0.8433505847329146
2022-03-18,AVAX,1,0.047742195915551414,0.0,0.0,mark,85.71,0.0,0.8845906051826514
2022-03-19,AVAX,1,5.0508431320949644e-05,0.0,0.0,mark,85.72,0.0,0.8846352855948397
2022-03-19,AVAX,1,-0.000142251542961303,0.00014224142569037112,0.0,funding,85.72,0.0,0.8845094538106008
2022-03-19,AVAX,1,0.03313789010759965,0.0,0.0,mark,92.39,0.0,0.9143112887401506
2022-03-19,AVAX,1,-0.03384534106635591,0.0,0.0,mark,85.58,0.0,0.8838839280399655
2022-03-19,AVAX,1,0.019770553825045608,0.0,0.0,mark,89.53,0.0,0.9015326908543166
2022-03-20,AVAX,1,4.955927332018437e-05,0.0,0.0,mark,89.54,0.0,0.901577371266505
2022-03-20,AVAX,1,-0.00014579879648375283,0.00014578816835580016,0.0,funding,89.54,0.0,0.901445931952917
2022-03-20,AVAX,1,0.0021784972883312844,0.0,0.0,mark,89.98,0.0,0.9034118700891991
2022-03-20,AVAX,1,-0.028697501549834983,0.0,0.0,mark,84.26,0.0,0.8778546743175312
2022-03-20,AVAX,1,0.0029476933239698942,0.0,0.0,mark,84.84,0.0,0.8804461382244485
2022-03-21,AVAX,1,0.00015223081617510157,0.0,0.0,mark,84.87,0.0,0.8805801794610132
2022-03-21,AVAX,1,-0.000141489500152565,0.00014147949098530598,0.0,funding,84.87,0.0,0.8804555954254513
2022-03-21,AVAX,1,-0.00943252747404215,0.0,0.0,mark,83.02,0.0,0.8721897191706286
2022-03-21,AVAX,1,0.047421619172669134,0.0,0.0,mark,92.5,0.0,0.9145467499250712
2022-03-21,AVAX,1,-0.031010423989163923,0.0,0.0,mark,86.25,0.0,0.886621492307427
2022-03-22,AVAX,1,-5.03952796388738e-05,0.0,0.0,mark,86.24,0.0,0.8865768118952387
2022-03-22,AVAX,1,-0.0001428011090739624,0.0001427909134808887,0.0,funding,86.24,0.0,0.8864502167823972
2022-03-22,AVAX,1,0.01823018336498606,0.0,0.0,mark,89.89,0.0,0.9027585672311014
2022-03-22,AVAX,1,-0.031115393945713287,0.0,0.0,mark,83.7,0.0,0.8751013920865867
2022-03-22,AVAX,1,0.0014285866159054056,0.0,0.0,mark,83.98,0.0,0.8763524436278571
2022-03-23,AVAX,1,-5.098582374779159e-05,0.0,0.0,mark,83.97,0.0,0.8763077632156688
2022-03-23,AVAX,1,-0.00014067153695488868,0.00014066164317823657,0.0,funding,83.97,0.0,0.8761845003257651
2022-03-23,AVAX,1,0.016838533541406936,0.0,0.0,mark,87.3,0.0,0.8910630775844459
2022-03-23,AVAX,1,-0.025854047615758942,0.0,0.0,mark,82.21,0.0,0.8683207477806365
2022-03-23,AVAX,1,0.01931414286590217,0.0,0.0,mark,86.0,0.0,0.8852546239999759
2022-03-24,AVAX,1,-5.047309391643532e-05,0.0,0.0,mark,85.99,0.0,0.8852099435877876
2022-03-24,AVAX,1,-0.00014260699348420962,0.00014259682559015466,0.0,funding,85.99,0.0,0.8850837154598511
2022-03-24,AVAX,1,0.011593773518374534,0.0,0.0,mark,88.3,0.0,0.8954048906753324
2022-03-24,AVAX,1,-0.023578959408624412,0.0,0.0,mark,83.63,0.0,0.8745391381834287
2022-03-24,AVAX,1,0.019879549141030226,0.0,0.0,mark,87.56,0.0,0.8920985401734033
2022-03-25,AVAX,1,5.0083361100632504e-05,0.0,0.0,mark,87.57,0.0,0.8921432205855915
2022-03-25,AVAX,1,-0.00014409876302173147,0.0001440883812936605,0.0,funding,87.57,0.0,0.8920146731130552
2022-03-25,AVAX,1,0.0011513913520193402,0.0,0.0,mark,87.8,0.0,0.8930423225933845
2022-03-25,AVAX,1,-0.028160393209686264,0.0,0.0,mark,82.25,0.0,0.8682446938289164
2022-03-25,AVAX,1,0.006616482987641239,0.0,0.0,mark,83.54,0.0,0.8740084670011983
2022-03-26,AVAX,1,0.0,0.0,0.0,mark,83.54,0.0,0.8740084670011983
2022-03-26,AVAX,1,-0.00014031932698115016,0.00014030948268482803,0.0,funding,83.54,0.0,0.8738858353253312
2022-03-26,AVAX,1,-0.005537172500145084,0.0,0.0,mark,82.46,0.0,0.8690603508090022
2022-03-26,AVAX,1,0.021765870051299437,0.0,0.0,mark,86.74,0.0,0.8881835672255649
2022-03-26,AVAX,1,-0.0044367010914624395,0.0,0.0,mark,85.86,0.0,0.8842516909530006
2022-03-27,AVAX,1,5.0527789602953984e-05,0.0,0.0,mark,85.87,0.0,0.8842963713651889
2022-03-27,AVAX,1,-0.0001425551027389261,0.0001425449422431079,0.0,funding,85.87,0.0,0.8841703193900069
2022-03-27,AVAX,1,0.020606119278256212,0.0,0.0,mark,89.99,0.0,0.9025786492115578
2022-03-27,AVAX,1,-0.02806230397854787,0.0,0.0,mark,84.4,0.0,0.877602298798337
2022-03-27,AVAX,1,0.02751762191892313,0.0,0.0,mark,89.88,0.0,0.9020871646774873
2022-03-28,AVAX,1,0.0,0.0,0.0,mark,89.88,0.0,0.9020871646774873
2022-03-28,AVAX,1,-0.00014626974837900742,0.0001462590514809081,0.0,funding,89.88,0.0,0.9019552262644285
2022-03-28,AVAX,1,0.03097156627914143,0.0,0.0,mark,96.23,0.0,0.9303272880039549
2022-03-28,AVAX,1,-0.037432238467639815,0.0,0.0,mark,88.58,0.0,0.8961467726799585
2022-03-28,AVAX,1,0.004973448299445214,0.0,0.0,mark,89.58,0.0,0.9006148138987815
2022-03-29,AVAX,1,-4.961224249882452e-05,0.0,0.0,mark,89.57,0.0,0.9005701334865932
2022-03-29,AVAX,1,-0.00014601078374060745,0.00014600012468495078,0.0,funding,89.57,0.0,0.9004386501348166
2022-03-29,AVAX,1,0.03361723003041691,0.0,0.0,mark,96.46,0.0,0.9312234541325075
2022-03-29,AVAX,1,-0.035106960663397746,0.0,0.0,mark,89.27,0.0,0.8990982377691696
2022-03-29,AVAX,1,0.017097067594684094,0.0,0.0,mark,92.74,0.0,0.9146023407984857
2022-03-30,AVAX,1,-4.8853476096247964e-05,0.0,0.0,mark,92.73,0.0,0.9145576603862975
2022-03-30,AVAX,1,-0.00014885028908146784,0.00014883921142681627,0.0,funding,92.73,0.0,0.9144215383453212
2022-03-30,AVAX,1,0.0371686139076349,0.0,0.0,mark,100.48,0.0,0.9490488577912
2022-03-30,AVAX,1,-0.05307688946257871,0.0,0.0,mark,89.5,0.0,0.8999897652085227
2022-03-30,AVAX,1,0.02973785799212795,0.0,0.0,mark,95.58,0.0,0.927155455818967
2022-03-31,AVAX,1,-4.819201411810023e-05,0.0,0.0,mark,95.57,0.0,0.9271107754067787
2022-03-31,AVAX,1,-0.00015133208323185173,0.00015132063310979707,0.0,funding,95.57,0.0,0.9269704844172812
2022-03-31,AVAX,1,-0.009151637439661946,0.0,0.0,mark,93.68,0.0,0.9185258865137057
2022-03-31,AVAX,1,0.039580450133059074,0.0,0.0,mark,101.98,0.0,0.9556106286299371
2022-03-31,AVAX,1,-0.02159902395381064,0.0,0.0,mark,97.41,0.0,0.9351916802599156
2022-04-01,AVAX,1,9.554892025393675e-05,0.0,0.0,mark,97.43,0.0,0.9352810410842921
2022-04-01,AVAX,1,-0.00015292974763380754,0.0001529180544760478,0.0,funding,97.43,0.0,0.9351380197271012
2022-04-01,AVAX,1,0.011260104153917002,0.0,0.0,mark,99.8,0.0,0.9457272774157118
2022-04-01,AVAX,1,-0.046118551576914184,0.0,0.0,mark,90.26,0.0,0.9031021641881398
2022-04-01,AVAX,1,0.03198756132151602,0.0,0.0,mark,96.83,0.0,0.9324571949958074
2022-04-02,AVAX,1,-9.5838293724339e-05,0.0,0.0,mark,96.81,0.0,0.9323678341714309
2022-04-02,AVAX,1,-0.0001524313267734438,0.000152419709709035,0.0,funding,96.81,0.0,0.9322257229368044
2022-04-02,AVAX,1,0.0321181240955674,0.0,0.0,mark,103.62,0.0,0.9626530836369894
2022-04-02,AVAX,1,-0.037307872407530064,0.0,0.0,mark,95.73,0.0,0.9274002384204755
2022-04-02,AVAX,1,0.0025021299851303515,0.0,0.0,mark,96.25,0.0,0.9297236198542634
2022-04-03,AVAX,1,0.0,0.0,0.0,mark,96.25,0.0,0.9297236198542634
2022-04-03,AVAX,1,-0.00015198056960083345,0.00015196902113911678,0.0,funding,96.25,0.0,0.9295823306658243
2022-04-03,AVAX,1,0.01828871276475248,0.0,0.0,mark,100.09,0.0,0.9467396089461049
2022-04-03,AVAX,1,-0.027172020179831634,0.0,0.0,mark,94.41,0.0,0.9213611348231898
2022-04-03,AVAX,1,0.01749780312526896,0.0,0.0,mark,98.05,0.0,0.9376248048597058
2022-04-04,AVAX,1,-0.0001429685071639744,0.0,0.0,mark,98.02,0.0,0.9374907636231411
2022-04-04,AVAX,1,-0.00015349322927423365,0.00015348144979129643,0.0,funding,98.02,0.0,0.9373468761815743
2022-04-04,AVAX,1,-0.03497229268220903,0.0,0.0,mark,90.81,0.0,0.90513229899386
2022-04-04,AVAX,1,0.035258253142817116,0.0,0.0,mark,98.08,0.0,0.9376149586547037
2022-04-04,AVAX,1,-0.009191539563012155,0.0,0.0,mark,96.16,0.0,0.9290363195145633
2022-04-05,AVAX,1,0.0,0.0,0.0,mark,96.16,0.0,0.9290363195145633
2022-04-05,AVAX,1,-0.00015195078560858446,0.00015193924167261012,0.0,funding,96.16,0.0,0.9288951624406899
2022-04-05,AVAX,1,0.007380191260052926,0.0,0.0,mark,97.7,0.0,0.9357759459176774
2022-04-05,AVAX,1,-0.03448824912033948,0.0,0.0,mark,90.6,0.0,0.9040528532640336
2022-04-05,AVAX,1,0.002270847551845546,0.0,0.0,mark,91.06,0.0,0.9061081522246922
2022-04-06,AVAX,1,4.9309026205886404e-05,0.0,0.0,mark,91.07,0.0,0.9061528326368804
2022-04-06,AVAX,1,-0.00014754147280038473,0.0001475305890925548,0.0,funding,91.07,0.0,0.9060191473756736
2022-04-06,AVAX,1,0.00019724089081504359,0.0,0.0,mark,91.11,0.0,0.9061978690244266
2022-04-06,AVAX,1,-0.04271017737351651,0.0,0.0,mark,82.63,0.0,0.868308879488807
2022-04-06,AVAX,1,0.0015938904469233533,0.0,0.0,mark,82.94,0.0,0.8696939722666421
2022-04-07,AVAX,1,0.0,0.0,0.0,mark,82.94,0.0,0.8696939722666421
2022-04-07,AVAX,1,-0.0001400026203469269,0.00013999282043739567,0.0,funding,82.94,0.0,0.8695722213545471
2022-04-07,AVAX,1,0.02896691683001532,0.0,0.0,mark,88.66,0.0,0.8951294171262151
2022-04-07,AVAX,1,-0.03722202630455843,0.0,0.0,mark,81.34,0.0,0.8624233554044303
2022-04-07,AVAX,1,0.03166605203494419,0.0,0.0,mark,87.55,0.0,0.8901698913733215
2022-04-08,AVAX,1,5.0191869365505184e-05,0.0,0.0,mark,87.56,0.0,0.8902145717855098
2022-04-08,AVAX,1,-0.0001443944832521667,0.00014438405887053765,0.0,funding,87.56,0.0,0.8900860389923697
2022-04-08,AVAX,1,0.014947090846452678,0.0,0.0,mark,90.56,0.0,0.9034901626488389
2022-04-08,AVAX,1,-0.03969722063098687,0.0,0.0,mark,82.69,0.0,0.8683266782567013
2022-04-08,AVAX,1,0.004978794267316737,0.0,0.0,mark,83.66,0.0,0.8726606782389597
2022-04-09,AVAX,1,0.0,0.0,0.0,mark,83.66,0.0,0.8726606782389597
2022-04-09,AVAX,1,-0.00014073794516880587,0.00014072804204876417,0.0,funding,83.66,0.0,0.8725378704103381
2022-04-09,AVAX,1,0.0096823836521376,0.0,0.0,mark,85.56,0.0,0.881027148726102
2022-04-09,AVAX,1,-0.018839099261161608,0.0,0.0,mark,81.88,0.0,0.864584757040833
2022-04-09,AVAX,1,0.013703822110170481,0.0,0.0,mark,84.55,0.0,0.8765144270950906
2022-04-10,AVAX,1,0.00010194500711770471,0.0,0.0,mark,84.57,0.0,0.8766037879194671
2022-04-10,AVAX,1,-0.00014162891691770233,0.0001416188880160923,0.0,funding,84.57,0.0,0.8764796442657913
2022-04-10,AVAX,1,0.005541126165664178,0.0,0.0,mark,85.66,0.0,0.8813498091943084
2022-04-10,AVAX,1,-0.02562249254135164,0.0,0.0,mark,80.67,0.0,0.8590542835123813
2022-04-10,AVAX,1,0.001766817792787344,0.0,0.0,mark,81.01,0.0,0.8605734175267812
2022-04-11,AVAX,1,-5.192069753427559e-05,0.0,0.0,mark,81.0,0.0,0.8605287371145929
2022-04-11,AVAX,1,-0.00013818402517851055,0.000138174478205822,0.0,funding,81.0,0.0,0.860409834005361
2022-04-11,AVAX,1,0.002800253547225431,0.0,0.0,mark,81.54,0.0,0.8628225762635254
2022-04-11,AVAX,1,-0.04669515789707284,0.0,0.0,mark,72.73,0.0,0.8234591331256942
2022-04-11,AVAX,1,0.008751618124921975,0.0,0.0,mark,74.35,0.0,0.8306973599001876
2022-04-12,AVAX,1,0.0,0.0,0.0,mark,74.35,0.0,0.8306973599001876
2022-04-12,AVAX,1,-0.00013139379806588995,0.00013138516627891867,0.0,funding,74.35,0.0,0.8305882185894297
2022-04-12,AVAX,1,0.02732694915487747,0.0,0.0,mark,79.5,0.0,0.8535986308663684
2022-04-12,AVAX,1,-0.029858454540836372,0.0,0.0,mark,73.88,0.0,0.8284882392165828
2022-04-12,AVAX,1,0.013019874541080112,0.0,0.0,mark,76.31,0.0,0.8393455793783229
2022-04-13,AVAX,1,5.323102200629548e-05,0.0,0.0,mark,76.32,0.0,0.8393902597905111
2022-04-13,AVAX,1,-0.00013347859077792937,0.00013346968290720373,0.0,funding,76.32,0.0,0.8392782266387014
2022-04-13,AVAX,1,0.02278982368269622,0.0,0.0,mark,80.65,0.0,0.8586248451162054
2022-04-13,AVAX,1,-0.02556197149520361,0.0,0.0,mark,75.8,0.0,0.8369548452049135
2022-04-13,AVAX,1,0.02321755257124566,0.0,0.0,mark,80.2,0.0,0.856614226567735
2022-04-14,AVAX,1,0.0,0.0,0.0,mark,80.2,0.0,0.856614226567735
2022-04-14,AVAX,1,-0.0001374444232305404,0.00013743497817858959,0.0,funding,80.2,0.0,0.8564964978101992
2022-04-14,AVAX,1,0.008674074298098142,0.0,0.0,mark,81.87,0.0,0.8639581266456338
2022-04-14,AVAX,1,-0.02997458823757961,0.0,0.0,mark,76.16,0.0,0.838445611286154
2022-04-14,AVAX,1,0.0034578373064001106,0.0,0.0,mark,76.81,0.0,0.841349838078389
2022-04-15,AVAX,1,-5.3107038949509774e-05,0.0,0.0,mark,76.8,0.0,0.8413051576662007
2022-04-15,AVAX,1,-0.0001340123926464502,0.00013400341338693633,0.0,funding,76.8,0.0,0.8411924199033735
2022-04-15,AVAX,1,0.009147031125939396,0.0,0.0,mark,78.53,0.0,0.8489221312119374
2022-04-15,AVAX,1,-0.020095438001489073,0.0,0.0,mark,74.75,0.0,0.8320329354047862
2022-04-15,AVAX,1,0.014289101246778962,0.0,0.0,mark,77.43,0.0,0.844007285871232
2022-04-16,AVAX,1,5.293701881804849e-05,0.0,0.0,mark,77.44,0.0,0.8440519662834202
2022-04-16,AVAX,1,-0.0001346894556975475,0.00013468038547999618,0.0,funding,77.44,0.0,0.843938289039236
2022-04-16,AVAX,1,0.004331909057253344,0.0,0.0,mark,78.26,0.0,0.8476020828386709
2022-04-16,AVAX,1,-0.009320951975674554,0.0,0.0,mark,76.5,0.0,0.8397383302935423
2022-04-16,AVAX,1,0.0065760653726875075,0.0,0.0,mark,77.74,0.0,0.8452787014048828
2022-04-17,AVAX,1,0.0,0.0,0.0,mark,77.74,0.0,0.8452787014048828
2022-04-17,AVAX,1,-0.0001350150309612307,0.000135005916842074,0.0,funding,77.74,0.0,0.8451645837788125
2022-04-17,AVAX,1,0.004957090770378617,0.0,0.0,mark,78.68,0.0,0.8493645425245063
2022-04-17,AVAX,1,-0.019119239791458145,0.0,0.0,mark,75.08,0.0,0.8332795941367432
2022-04-17,AVAX,1,0.0018214185917862105,0.0,0.0,mark,75.42,0.0,0.8347987281511431
2022-04-18,AVAX,1,-5.3523809302985835e-05,0.0,0.0,mark,75.41,0.0,0.8347540477389548
2022-04-18,AVAX,1,-0.00013261950334903796,0.00013261070977150662,0.0,funding,75.41,0.0,0.8346433504121995
2022-04-18,AVAX,1,0.013505601930106192,0.0,0.0,mark,77.95,0.0,0.8459921751080101
2022-04-18,AVAX,1,-0.0346589090974612,0.0,0.0,mark,71.5,0.0,0.8171733092466013
2022-04-18,AVAX,1,0.03349632083488995,0.0,0.0,mark,77.73,0.0,0.845009206039869
2022-04-19,AVAX,1,0.0,0.0,0.0,mark,77.73,0.0,0.845009206039869
2022-04-19,AVAX,1,-0.000135040719442774,0.0001350316018553044,0.0,funding,77.73,0.0,0.8448951030931949
2022-04-19,AVAX,1,0.017664559904859524,0.0,0.0,mark,81.1,0.0,0.8599524020006286
2022-04-19,AVAX,1,-0.02259479323329075,0.0,0.0,mark,76.8,0.0,0.8407398247596894
2022-04-19,AVAX,1,0.018325230458233532,0.0,0.0,mark,80.28,0.0,0.8562886082011937
2022-04-20,AVAX,1,-5.218051191369185e-05,0.0,0.0,mark,80.27,0.0,0.8562439277890054
2022-04-20,AVAX,1,-0.0001376238918449538,0.00013761442211156008,0.0,funding,80.27,0.0,0.8561260962756961
2022-04-20,AVAX,1,0.005412985078600962,0.0,0.0,mark,81.31,0.0,0.8607728591432722
2022-04-20,AVAX,1,-0.02018670558205266,0.0,0.0,mark,77.46,0.0,0.8435709004508033
2022-04-20,AVAX,1,0.003964566119749384,0.0,0.0,mark,78.21,0.0,0.8469219313649206
2022-04-21,AVAX,1,5.275484314425641e-05,0.0,0.0,mark,78.22,0.0,0.8469666117771089
2022-04-21,AVAX,1,-0.00013557797834119116,0.0001355687880623701,0.0,funding,78.22,0.0,0.8468517895400209
2022-04-21,AVAX,1,0.010444624769103673,0.0,0.0,mark,80.21,0.0,0.8557431915654788
2022-04-21,AVAX,1,-0.03225994508519338,0.0,0.0,mark,74.13,0.0,0.8285775009550346
2022-04-21,AVAX,1,0.004787777657140632,0.0,0.0,mark,75.02,0.0,0.8325540576397871
2022-04-22,AVAX,1,-5.3668120100753434e-05,0.0,0.0,mark,75.01,0.0,0.8325093772275989
2022-04-22,AVAX,1,-0.00013227170324870674,0.00013226295573261652,0.0,funding,75.01,0.0,0.8323992670766917
2022-04-22,AVAX,1,0.011792733371326731,0.0,0.0,mark,77.22,0.0,0.8422736381702906
2022-04-22,AVAX,1,-0.020851317565602333,0.0,0.0,mark,73.33,0.0,0.8248929578290688
2022-04-22,AVAX,1,0.003784387388292072,0.0,0.0,mark,74.03,0.0,0.828020586682245
2022-04-23,AVAX,1,5.395905302532456e-05,0.0,0.0,mark,74.04,0.0,0.8280652670944333
2022-04-23,AVAX,1,-0.00013126185474784507,0.00013125324028752505,0.0,funding,74.04,0.0,0.8279565808449576
2022-04-23,AVAX,1,0.0020485581226782268,0.0,0.0,mark,74.42,0.0,0.8296544365081103
2022-04-23,AVAX,1,-0.011210431170951706,0.0,0.0,mark,72.35,0.0,0.8204055911851466
2022-04-23,AVAX,1,0.002610734808766164,0.0,0.0,mark,72.83,0.0,0.8225502509701816
2022-04-24,AVAX,1,5.431789568320785e-05,0.0,0.0,mark,72.84,0.0,0.8225949313823699
2022-04-24,AVAX,1,-0.00012999310807919768,0.00012998465934118474,0.0,funding,72.84,0.0,0.8224880066604384
2022-04-24,AVAX,1,0.0035248068742439872,0.0,0.0,mark,73.49,0.0,0.8253922334526733
2022-04-24,AVAX,1,-0.013570618126895083,0.0,0.0,mark,71.0,0.0,0.8142668108178039
2022-04-24,AVAX,1,0.002794561302872819,0.0,0.0,mark,71.51,0.0,0.8165455118394037
2022-04-25,AVAX,1,-5.47203236254818e-05,0.0,0.0,mark,71.5,0.0,0.8165008314272154
2022-04-25,AVAX,1,-0.0001285539773002226,0.00012854571459169605,0.0,funding,71.5,0.0,0.8163958737443748
2022-04-25,AVAX,1,0.00812153044778843,0.0,0.0,mark,72.99,0.0,0.8230532551604212
2022-04-25,AVAX,1,-0.031039907955140653,0.0,0.0,mark,67.36,0.0,0.7978981830984473
2022-04-25,AVAX,1,0.030442581677752052,0.0,0.0,mark,72.88,0.0,0.8225617706263506
2022-04-26,AVAX,1,0.00010863131981472905,0.0,0.0,mark,72.9,0.0,0.8226511314507271
2022-04-26,AVAX,1,-0.00013009130491098008,0.00013008284340412533,0.0,funding,72.9,0.0,0.8225441186524184
2022-04-26,AVAX,1,0.001519798246390051,0.0,0.0,mark,73.18,0.0,0.8237951701936889
2022-04-26,AVAX,1,-0.03129128245545356,0.0,0.0,mark,67.5,0.0,0.7984166960707738
2022-04-26,AVAX,1,0.006692904843575369,0.0,0.0,mark,68.7,0.0,0.8037783455333615
2022-04-27,AVAX,1,0.0,0.0,0.0,mark,68.7,0.0,0.8037783455333615
2022-04-27,AVAX,1,-0.00012547461560073536,0.00012546674399046423,0.0,funding,68.7,0.0,0.8036774980814574
2022-04-27,AVAX,1,0.018070878057850494,0.0,0.0,mark,71.98,0.0,0.818332673279197
2022-04-27,AVAX,1,-0.020185720950695995,0.0,0.0,mark,68.32,0.0,0.8019796424183046
2022-04-27,AVAX,1,0.00854315144257491,0.0,0.0,mark,69.86,0.0,0.8088604258952921
2022-04-28,AVAX,1,0.0,0.0,0.0,mark,69.86,0.0,0.8088604258952921
2022-04-28,AVAX,1,-0.000126791668842889,0.00012678363111902222,0.0,funding,69.86,0.0,0.8087578756334286
2022-04-28,AVAX,1,-0.017893005849119875,0.0,0.0,mark,66.65,0.0,0.7944154633210065
2022-04-28,AVAX,1,0.02285280062307054,0.0,0.0,mark,70.76,0.0,0.8127791127303693
2022-04-28,AVAX,1,-0.01942784156625177,0.0,0.0,mark,67.26,0.0,0.7971409684644886
2022-04-29,AVAX,1,0.0,0.0,0.0,mark,67.26,0.0,0.7971409684644886
2022-04-29,AVAX,1,-0.0001238673431916685,0.00012385967194897677,0.0,funding,67.26,0.0,0.7970422348456374
2022-04-29,AVAX,1,0.0040838670363034955,0.0,0.0,mark,67.99,0.0,0.8003039049353782
2022-04-29,AVAX,1,-0.03285916611218356,0.0,0.0,mark,62.2,0.0,0.7744339462783927
2022-04-29,AVAX,1,0.006899458010053066,0.0,0.0,mark,63.4,0.0,0.7797955957409803
2022-04-30,AVAX,1,0.0,0.0,0.0,mark,63.4,0.0,0.7797955957409803
2022-04-30,AVAX,1,-0.00011935554213120721,0.00011934841954178792,0.0,funding,63.4,0.0,0.779702528369063
2022-04-30,AVAX,1,0.007137521450811901,0.0,0.0,mark,64.65,0.0,0.7852875798925918
2022-04-30,AVAX,1,-0.05616937746043598,0.0,0.0,mark,55.05,0.0,0.7423943841918903
2022-04-30,AVAX,1,0.011548608000478966,0.0,0.0,mark,56.98,0.0,0.7510177037442188
2022-05-01,AVAX,1,0.0,0.0,0.0,mark,56.98,0.0,0.7510177037442188
2022-05-01,AVAX,1,-0.00011137934204172484,0.00011137313959309145,0.0,funding,56.98,0.0,0.7509340605446628
2022-05-01,AVAX,1,0.024450543214305988,0.0,0.0,mark,61.14,0.0,0.7695211120149668
2022-05-01,AVAX,1,-0.02868397601389948,0.0,0.0,mark,56.27,0.0,0.7477617512792984
2022-05-01,AVAX,1,0.014827576963088904,0.0,0.0,mark,58.77,0.0,0.7589318543263561
2022-05-02,AVAX,1,-0.00017663387596741442,0.0,0.0,mark,58.74,0.0,0.7587978130897914
2022-05-02,AVAX,1,-0.00011364249000884073,0.00011363603294576633,0.0,funding,58.74,0.0,0.758711586316504
2022-05-02,AVAX,1,0.021670513603821783,0.0,0.0,mark,62.46,0.0,0.7753326996505259
2022-05-02,AVAX,1,-0.033518393545241526,0.0,0.0,mark,56.74,0.0,0.7497755038788579
2022-05-02,AVAX,1,0.02122614238546971,0.0,0.0,mark,60.34,0.0,0.765860452266621
2022-05-03,AVAX,1,0.0,0.0,0.0,mark,60.34,0.0,0.765860452266621
2022-05-03,AVAX,1,-0.00011566153978089545,0.00011565485124285606,0.0,funding,60.34,0.0,0.7657718767899413
2022-05-03,AVAX,1,0.012812235708300718,0.0,0.0,mark,62.55,0.0,0.7756462478835402
2022-05-03,AVAX,1,-0.025849868437479464,0.0,0.0,mark,58.12,0.0,0.755852825284154
2022-05-03,AVAX,1,0.008886398639066763,0.0,0.0,mark,59.63,0.0,0.7625995675245768
2022-05-04,AVAX,1,0.0,0.0,0.0,mark,59.63,0.0,0.7625995675245768
2022-05-04,AVAX,1,-0.00011478929088416467,0.00011478270284562809,0.0,funding,59.63,0.0,0.7625120342850275
2022-05-04,AVAX,1,0.045867483964959724,0.0,0.0,mark,67.64,0.0,0.7983010444478001
2022-05-04,AVAX,1,-0.04780303505964734,0.0,0.0,mark,59.3,0.0,0.7610375806828158
2022-05-04,AVAX,1,0.04573002089743865,0.0,0.0,mark,67.27,0.0,0.7966478691968356
2022-05-05,AVAX,1,5.608395001170408e-05,0.0,0.0,mark,67.28,0.0,0.7966925496090239
2022-05-05,AVAX,1,-0.0001239739217284677,0.00012396623727932687,0.0,funding,67.28,0.0,0.7965937866313804
2022-05-05,AVAX,1,0.01248573778929895,0.0,0.0,mark,69.52,0.0,0.806602198961544
2022-05-05,AVAX,1,-0.07479550068897037,0.0,0.0,mark,56.51,0.0,0.7484729827046559
2022-05-05,AVAX,1,0.014990028352960245,0.0,0.0,mark,59.04,0.0,0.7597771269882783
2022-05-06,AVAX,1,0.0,0.0,0.0,mark,59.04,0.0,0.7597771269882783
2022-05-06,AVAX,1,-0.00011407568811485838,0.00011406918173101074,0.0,funding,59.04,0.0,0.7596904598331048
2022-05-06,AVAX,1,0.0021150646060650743,0.0,0.0,mark,59.4,0.0,0.7612989546718811
2022-05-06,AVAX,1,-0.026162750333010142,0.0,0.0,mark,55.0,0.0,0.7416395733090596
2022-05-06,AVAX,1,0.011977078221837956,0.0,0.0,mark,57.0,0.0,0.7505756557467057
2022-05-07,AVAX,1,0.0,0.0,0.0,mark,57.0,0.0,0.7505756557467057
2022-05-07,AVAX,1,-0.00011148406143029541,0.00011147784731327276,0.0,funding,57.0,0.0,0.7504919831883573
2022-05-07,AVAX,1,0.003150378301397622,0.0,0.0,mark,57.53,0.0,0.7528600450343336
2022-05-07,AVAX,1,-0.025789823335859653,0.0,0.0,mark,53.24,0.0,0.7336921482055826
2022-05-07,AVAX,1,0.010902003420875701,0.0,0.0,mark,55.04,0.0,0.7417346223994641
2022-05-08,AVAX,1,6.023591884424196e-05,0.0,0.0,mark,55.05,0.0,0.7417793028116523
2022-05-08,AVAX,1,-0.00010894679571422286,0.00010894086122759149,0.0,funding,55.05,0.0,0.7416984927355632
2022-05-08,AVAX,1,0.002526912694695521,0.0,0.0,mark,55.47,0.0,0.7435750700474689
2022-05-08,AVAX,1,-0.029514190367459517,0.0,0.0,mark,50.63,0.0,0.7219497505483653
2022-05-08,AVAX,1,0.006108271403159622,0.0,0.0,mark,51.62,0.0,0.7263731113550002
2022-05-09,AVAX,1,0.0,0.0,0.0,mark,51.62,0.0,0.7263731113550002
2022-05-09,AVAX,1,-0.00010432516663701953,0.00010431972495601554,0.0,funding,51.62,0.0,0.7262973363118082
2022-05-09,AVAX,1,0.008819595217756698,0.0,0.0,mark,53.06,0.0,0.7327313156669134
2022-05-09,AVAX,1,-0.075396909979198,0.0,0.0,mark,41.15,0.0,0.6795169447507307
2022-05-09,AVAX,1,0.00032871195812517835,0.0,0.0,mark,41.2,0.0,0.6797403468116718
2022-05-10,AVAX,1,0.0,0.0,0.0,mark,41.2,0.0,0.6797403468116718
2022-05-10,AVAX,1,-8.897780354364387e-05,8.897384513622411e-05,0.0,funding,41.2,0.0,0.6796798676993218
2022-05-10,AVAX,1,0.05822413556359164,0.0,0.0,mark,50.32,0.0,0.720428403614988
2022-05-10,AVAX,1,-0.06614390671104675,0.0,0.0,mark,40.0,0.0,0.674318218236734
2022-05-10,AVAX,1,0.02989577373532671,0.0,0.0,mark,44.58,0.0,0.6947818470189436
2022-05-11,AVAX,1,0.0,0.0,0.0,mark,44.58,0.0,0.6947818470189436
2022-05-11,AVAX,1,-9.419335095904616e-05,9.418891490464954e-05,0.0,funding,44.58,0.0,0.6947164062706774
2022-05-11,AVAX,1,0.010683269375242466,0.0,0.0,mark,46.25,0.0,0.702178035106112
2022-05-11,AVAX,1,-0.13714153894474443,0.0,0.0,mark,26.11,0.0,0.6121916849590154
2022-05-11,AVAX,1,0.03626450275875467,0.0,0.0,mark,31.17,0.0,0.6347999735262602
2022-05-12,AVAX,1,0.0,0.0,0.0,mark,31.17,0.0,0.6347999735262602
2022-05-12,AVAX,1,-7.208148858961538e-05,7.207889078164189e-05,0.0,funding,31.17,0.0,0.6347542178483002
2022-05-12,AVAX,1,0.019310405589249225,0.0,0.0,mark,33.94,0.0,0.6471306920244401
2022-05-12,AVAX,1,-0.07473730078473032,0.0,0.0,mark,23.51,0.0,0.6005290221121156
2022-05-12,AVAX,1,0.049425765977151655,0.0,0.0,mark,30.32,0.0,0.6309563828123006
2022-05-13,AVAX,1,-7.081629645834421e-05,0.0,0.0,mark,30.31,0.0,0.6309117024001124
2022-05-13,AVAX,1,-7.052463707834471e-05,7.052215027459591e-05,0.0,funding,30.31,0.0,0.6308672091502258
2022-05-13,AVAX,1,0.05296493989568385,0.0,0.0,mark,37.99,0.0,0.6651817657107869
2022-05-13,AVAX,1,-0.058362087023628634,0.0,0.0,mark,29.55,0.0,0.6274714978239202
2022-05-13,AVAX,1,0.018763933997034674,0.0,0.0,mark,32.21,0.0,0.6393564874659895
2022-05-14,AVAX,1,-6.988585295789668e-05,0.0,0.0,mark,32.2,0.0,0.6393118070538013
2022-05-14,AVAX,1,-7.393794812721324e-05,7.393521478442254e-05,0.0,funding,32.2,0.0,0.6392645393980325
2022-05-14,AVAX,1,-0.020691382360375363,0.0,0.0,mark,29.27,0.0,0.6261731786268809
2022-05-14,AVAX,1,0.035400091061849326,0.0,0.0,mark,34.32,0.0,0.6487367867819374
2022-05-14,AVAX,1,-0.0026896586952420616,0.0,0.0,mark,33.93,0.0,0.6469942507065963
2022-05-15,AVAX,1,0.0,0.0,0.0,mark,33.93,0.0,0.6469942507065963
2022-05-15,AVAX,1,-7.698539592121242e-05,7.698243262161796e-05,0.0,funding,33.93,0.0,0.6469444435152847
2022-05-15,AVAX,1,0.02145422236439511,0.0,0.0,mark,37.07,0.0,0.6609740929423891
2022-05-15,AVAX,1,-0.03578353171477865,0.0,0.0,mark,31.87,0.0,0.6377402786045091
2022-05-15,AVAX,1,0.0323979156440732,0.0,0.0,mark,36.57,0.0,0.6587400723329775
2022-05-16,AVAX,1,-6.78293752030447e-05,0.0,0.0,mark,36.56,0.0,0.6586953919207893
2022-05-16,AVAX,1,-8.147932961384972e-05,8.147601026338391e-05,0.0,funding,36.56,0.0,0.6586417240482767
2022-05-16,AVAX,1,-0.03563131923747732,0.0,0.0,mark,31.4,0.0,0.6355866313591497
2022-05-16,AVAX,1,0.03563131923747738,0.0,0.0,mark,36.56,0.0,0.6586417240482767
2022-05-16,AVAX,1,-0.027509830360839555,0.0,0.0,mark,32.56,0.0,0.6407695591729844
2022-05-17,AVAX,1,0.0,0.0,0.0,mark,32.56,0.0,0.6407695591729844
2022-05-17,AVAX,1,-7.459451847217139e-05,7.459173637037566e-05,0.0,funding,32.56,0.0,0.6407217630589525
2022-05-17,AVAX,1,-0.0025135984659912397,0.0,0.0,mark,32.2,0.0,0.6391132682201761
2022-05-17,AVAX,1,0.024651511272355923,0.0,0.0,mark,35.77,0.0,0.6550641753713744
2022-05-17,AVAX,1,-0.009457239845856402,0.0,0.0,mark,34.39,0.0,0.6488982784893985
2022-05-18,AVAX,1,6.885343279066557e-05,0.0,0.0,mark,34.4,0.0,0.6489429589015867
2022-05-18,AVAX,1,-7.78174522807272e-05,7.781442458137822e-05,0.0,funding,34.4,0.0,0.6488924617786537
2022-05-18,AVAX,1,-0.03524878240071295,0.0,0.0,mark,29.37,0.0,0.6264182144479736
2022-05-18,AVAX,1,0.04046822533470913,0.0,0.0,mark,35.16,0.0,0.6522881731049591
2022-05-18,AVAX,1,-0.03897148302848268,0.0,0.0,mark,29.58,0.0,0.6273565031039264
2022-05-19,AVAX,1,7.121759473333335e-05,0.0,0.0,mark,29.59,0.0,0.6274011835161146
2022-05-19,AVAX,1,-6.923454747319335e-05,6.923215081732505e-05,0.0,funding,29.59,0.0,0.6273577471827545
2022-05-19,AVAX,1,0.016247882939624796,0.0,0.0,mark,31.89,0.0,0.6376342419860476
2022-05-19,AVAX,1,-0.031172460270453558,0.0,0.0,mark,27.51,0.0,0.6180642214476025
2022-05-19,AVAX,1,0.02060600656618316,0.0,0.0,mark,30.39,0.0,0.6309321801578129
2022-05-20,AVAX,1,0.0,0.0,0.0,mark,30.39,0.0,0.6309321801578129
2022-05-20,AVAX,1,-7.070849079341901e-05,7.070599100701334e-05,0.0,funding,30.39,0.0,0.6308875694727567
2022-05-20,AVAX,1,0.010847465929309706,0.0,0.0,mark,31.93,0.0,0.6377683529497442
2022-05-20,AVAX,1,-0.029144141209130583,0.0,0.0,mark,27.83,0.0,0.6194493839525697
2022-05-20,AVAX,1,0.006972173917772653,0.0,0.0,mark,28.8,0.0,0.623783383934828
2022-05-21,AVAX,1,0.0,0.0,0.0,mark,28.8,0.0,0.623783383934828
2022-05-21,AVAX,1,-6.777688353920382e-05,6.777458673804075e-05,0.0,funding,28.8,0.0,0.6237411072737677
2022-05-21,AVAX,1,0.012882229599246744,0.0,0.0,mark,30.61,0.0,0.6318282618798375
2022-05-21,AVAX,1,-0.017261413866391906,0.0,0.0,mark,28.19,0.0,0.6210156021302857
2022-05-21,AVAX,1,0.012156850615444867,0.0,0.0,mark,29.89,0.0,0.628611272202285
2022-05-22,AVAX,1,0.0,0.0,0.0,mark,29.89,0.0,0.628611272202285
2022-05-22,AVAX,1,-6.980187684002277e-05,6.979944074575974e-05,0.0,funding,29.89,0.0,0.6285673954870388
2022-05-22,AVAX,1,0.01977743417148427,0.0,0.0,mark,32.7,0.0,0.6411225913119316
2022-05-22,AVAX,1,-0.026052378361087595,0.0,0.0,mark,29.01,0.0,0.6246355192144745
2022-05-22,AVAX,1,0.019129068084869756,0.0,0.0,mark,31.71,0.0,0.6366992305052968
2022-05-23,AVAX,1,0.0,0.0,0.0,mark,31.71,0.0,0.6366992305052968
2022-05-23,AVAX,1,-7.311154899659672e-05,7.310887641237806e-05,0.0,funding,31.71,0.0,0.6366526821399419
2022-05-23,AVAX,1,0.009568760360771202,0.0,0.0,mark,33.08,0.0,0.6427738986097294
2022-05-23,AVAX,1,-0.032067083459848975,0.0,0.0,mark,28.54,0.0,0.6224889914762728
2022-05-23,AVAX,1,0.0037254575154275953,0.0,0.0,mark,29.06,0.0,0.6248123729100608
2022-05-24,AVAX,1,0.0,0.0,0.0,mark,29.06,0.0,0.6248123729100608
2022-05-24,AVAX,1,-6.827614736945001e-05,6.827381660641082e-05,0.0,funding,29.06,0.0,0.6247697145846993
2022-05-24,AVAX,1,0.004281720917069854,0.0,0.0,mark,29.66,0.0,0.6274505393159931
2022-05-24,AVAX,1,-0.020067449626671206,0.0,0.0,mark,26.87,0.0,0.6149847043154768
2022-05-24,AVAX,1,0.015928748501149812,0.0,0.0,mark,29.08,0.0,0.6248590754090758
2022-05-25,AVAX,1,-7.150733894144973e-05,0.0,0.0,mark,29.07,0.0,0.6248143949968876
2022-05-25,AVAX,1,-6.829942201514069e-05,6.829708966275e-05,0.0,funding,29.07,0.0,0.6247717219921299
2022-05-25,AVAX,1,0.004352913883107524,0.0,0.0,mark,29.68,0.0,0.627497227135612
2022-05-25,AVAX,1,-0.018468975185405113,0.0,0.0,mark,27.11,0.0,0.6160143612032367
2022-05-25,AVAX,1,0.0010149250290664344,0.0,0.0,mark,27.25,0.0,0.616639886973872
2022-05-26,AVAX,1,0.0,0.0,0.0,mark,27.25,0.0,0.616639886973872
2022-05-26,AVAX,1,-6.487198280818341e-05,6.486987866664929e-05,0.0,funding,27.25,0.0,0.616599885619223
2022-05-26,AVAX,1,-0.03247773120725938,0.0,0.0,mark,22.84,0.0,0.5968958238442132
2022-05-26,AVAX,1,0.03811389857032692,0.0,0.0,mark,28.03,0.0,0.6200849577699049
2022-05-26,AVAX,1,-0.03370719955739176,0.0,0.0,mark,23.43,0.0,0.5995319681633188
2022-05-27,AVAX,1,-7.452826464378073e-05,0.0,0.0,mark,23.42,0.0,0.5994872877511306
2022-05-27,AVAX,1,-5.734922562076678e-05,5.734758118527389e-05,0.0,funding,23.42,0.0,0.5994529086052267
2022-05-27,AVAX,1,0.0034227602201572288,0.0,0.0,mark,23.88,0.0,0.6015082075658853
2022-05-27,AVAX,1,-0.0189718334147334,0.0,0.0,mark,21.35,0.0,0.5902040632822629
2022-05-27,AVAX,1,0.009268424573342612,0.0,0.0,mark,22.58,0.0,0.5956997539814153
2022-05-28,AVAX,1,-7.500773266848581e-05,0.0,0.0,mark,22.57,0.0,0.5956550735692271
2022-05-28,AVAX,1,-5.562332991820605e-05,5.5621782969455304e-05,0.0,funding,22.57,0.0,0.5956219421720004
2022-05-28,AVAX,1,0.023428058230842104,0.0,0.0,mark,25.73,0.0,0.6097409524234813
2022-05-28,AVAX,1,-0.026433157753673872,0.0,0.0,mark,22.17,0.0,0.5938347256844712
2022-05-28,AVAX,1,0.01929983950890797,0.0,0.0,mark,24.76,0.0,0.6054069524412229
2022-05-29,AVAX,1,0.0,0.0,0.0,mark,24.76,0.0,0.6054069524412229
2022-05-29,AVAX,1,-6.003775795913269e-05,6.003595572909051e-05,0.0,funding,24.76,0.0,0.6053706062562281
2022-05-29,AVAX,1,-0.007705509067994721,0.0,0.0,mark,23.72,0.0,0.600723843388652
2022-05-29,AVAX,1,0.024103034620614097,0.0,0.0,mark,27.0,0.0,0.6153790185863917
2022-05-29,AVAX,1,-0.006117606184567562,0.0,0.0,mark,26.16,0.0,0.6116258639625802
2022-05-30,AVAX,1,0.0,0.0,0.0,mark,26.16,0.0,0.6116258639625802
2022-05-30,AVAX,1,-6.278757701509778e-05,6.27856059164306e-05,0.0,funding,26.16,0.0,0.6115874626621172
2022-05-30,AVAX,1,-0.006155649448288439,0.0,0.0,mark,25.32,0.0,0.6078343080383057
2022-05-30,AVAX,1,0.02296271378956954,0.0,0.0,mark,28.48,0.0,0.6219533182897866
2022-05-30,AVAX,1,-0.005546947487110419,0.0,0.0,mark,27.71,0.0,0.6185129265512929
2022-05-31,AVAX,1,0.0,0.0,0.0,mark,27.71,0.0,0.6185129265512929
2022-05-31,AVAX,1,-6.576733118845076e-05,6.576516856500305e-05,0.0,funding,27.71,0.0,0.6184722499444186
2022-05-31,AVAX,1,0.010063242783973752,0.0,0.0,mark,29.11,0.0,0.6247275076507709
2022-05-31,AVAX,1,-0.025790805465271033,0.0,0.0,mark,25.55,0.0,0.6088212809117608
2022-05-31,AVAX,1,0.006364493304229251,0.0,0.0,mark,26.42,0.0,0.6127084767721369
2022-06-01,AVAX,1,7.292013225044862e-05,0.0,0.0,mark,26.43,0.0,0.6127531571843251
2022-06-01,AVAX,1,-6.331892709346094e-05,6.33169224925263e-05,0.0,funding,26.43,0.0,0.6127143595401646
2022-06-01,AVAX,1,0.004365781542624036,0.0,0.0,mark,27.03,0.0,0.6153951842714585
2022-06-01,AVAX,1,-0.028201442647232546,0.0,0.0,mark,23.2,0.0,0.5982825864033661
2022-06-01,AVAX,1,0.0035782839434464896,0.0,0.0,mark,23.68,0.0,0.6004272461884012
2022-06-02,AVAX,1,0.0,0.0,0.0,mark,23.68,0.0,0.6004272461884012
2022-06-02,AVAX,1,-0.0002555418113167192,0.0002555091632889865,0.17621321606137003,rotation,23.68,-0.004468041218823064,0.6002738315251116
2022-06-02,TRX,2,-0.0007247373144570303,0.0007244747558020436,0.49963776262209897,entry,0.08356,3.5892708729511913,0.5998389482876031
2022-06-02,TRX,2,-0.000164284541194326,0.00016427104722792606,0.0,funding,0.08356,0.0,0.5997404121153997
2022-06-02,TRX,2,0.012725954256046,0.0,0.0,mark,0.0857,0.0,0.6074214517835153
2022-06-02,TRX,2,-0.02755778422940119,0.0,0.0,mark,0.0811,0.0,0.5909108057679398
2022-06-02,TRX,2,0.019369894974455654,0.0,0.0,mark,0.08432,0.0,0.6024682579788426
2022-06-03,TRX,2,0.0,0.0,0.0,mark,0.08432,0.0,0.6024682579788426
2022-06-03,TRX,2,-0.00016505531906008892,0.0001650416981804251,0.0,funding,0.08432,0.0,0.602368825594446
2022-06-03,TRX,2,-0.024000933389782104,0.0,0.0,mark,0.08034,0.0,0.5880835275201003
2022-06-03,TRX,2,0.036612871315394944,0.0,0.0,mark,0.08645,0.0,0.610013972553832
2022-06-03,TRX,2,-0.031985061440591614,0.0,0.0,mark,0.0811,0.0,0.5908113733835432
2022-06-04,TRX,2,0.00012149572599710162,0.0,0.0,mark,0.08112,0.0,0.5908831588010022
2022-06-04,TRX,2,-0.0001619044339864706,0.00016189132817086526,0.0,funding,0.08112,0.0,0.59078749994163
2022-06-04,TRX,2,0.001335695745769673,0.0,0.0,mark,0.08134,0.0,0.5915771395336793
2022-06-04,TRX,2,-0.03124422402670376,0.0,0.0,mark,0.07627,0.0,0.5733795362078168
2022-06-04,TRX,2,0.025707690525367487,0.0,0.0,mark,0.08043,0.0,0.5883109030392937
2022-06-05,TRX,2,0.0,0.0,0.0,mark,0.08043,0.0,0.5883109030392937
2022-06-05,TRX,2,-0.00016122910293998337,0.00016121610622664138,0.0,funding,0.08043,0.0,0.588216057846255
2022-06-05,TRX,2,0.01345541971981482,0.0,0.0,mark,0.08265,0.0,0.5961842391842066
2022-06-05,TRX,2,-0.02111210752009186,0.0,0.0,mark,0.07918,0.0,0.583729469255066
2022-06-05,TRX,2,0.014225184743936834,0.0,0.0,mark,0.08151,0.0,0.5920924703890422
2022-06-06,TRX,2,0.0,0.0,0.0,mark,0.08151,0.0,0.5920924703890422
2022-06-06,TRX,2,-0.00016235058748636445,0.0001623374093430039,0.0,funding,0.08151,0.0,0.5919963516313078
2022-06-06,TRX,2,0.020107515111197467,0.0,0.0,mark,0.08486,0.0,0.6040204090556943
2022-06-06,TRX,2,-0.022657220716338237,0.0,0.0,mark,0.08109,0.0,0.5904888578646683
2022-06-06,TRX,2,0.003155821371921233,0.0,0.0,mark,0.08161,0.0,0.5923552787186029
2022-06-07,TRX,2,-6.059504741528388e-05,0.0,0.0,mark,0.0816,0.0,0.5923193860098734
2022-06-07,TRX,2,-0.00016246759319948618,0.00016245439605477911,0.0,funding,0.0816,0.0,0.5922231611217477
2022-06-07,TRX,2,0.009109993812886838,0.0,0.0,mark,0.08311,0.0,0.5976429601399039
2022-06-07,TRX,2,-0.025794038748395233,0.0,0.0,mark,0.07887,0.0,0.5824244516385908
2022-06-07,TRX,2,0.018258579663070318,0.0,0.0,mark,0.08186,0.0,0.5931563715487149
2022-06-08,TRX,2,0.0,0.0,0.0,mark,0.08186,0.0,0.5931563715487149
2022-06-08,TRX,2,-0.00016275529924860668,0.00016274205532341225,0.0,funding,0.08186,0.0,0.5930598400616809
2022-06-08,TRX,2,0.004830014771881562,0.0,0.0,mark,0.08266,0.0,0.5959312567600418
2022-06-08,TRX,2,-0.018724943299928236,0.0,0.0,mark,0.07958,0.0,0.5848763024713521
2022-06-08,TRX,2,0.006361995044886724,0.0,0.0,mark,0.08062,0.0,0.5886091441792214
2022-06-09,TRX,2,0.0,0.0,0.0,mark,0.08062,0.0,0.5886091441792214
2022-06-09,TRX,2,-0.00016152811320031956,0.00016151506823696102,0.0,funding,0.08062,0.0,0.5885140749331343
2022-06-09,TRX,2,0.00813927195846509,0.0,0.0,mark,0.08196,0.0,0.593323697902889
2022-06-09,TRX,2,-0.011560484874014811,0.0,0.0,mark,0.08006,0.0,0.5865040832442817
2022-06-09,TRX,2,0.005857790073987588,0.0,0.0,mark,0.08102,0.0,0.5899497832823148
2022-06-10,TRX,2,-6.084212868980633e-05,0.0,0.0,mark,0.08101,0.0,0.5899138905735853
2022-06-10,TRX,2,-0.00016195055190863534,0.00016193743862597817,0.0,funding,0.08101,0.0,0.589818361429136
2022-06-10,TRX,2,0.003644580488123381,0.0,0.0,mark,0.08161,0.0,0.5919719239529068
2022-06-10,TRX,2,-0.016999497570724543,0.0,0.0,mark,0.07883,0.0,0.5819937509261024
2022-06-10,TRX,2,0.0006165297367577501,0.0,0.0,mark,0.07893,0.0,0.5823526780133975
2022-06-11,TRX,2,0.0,0.0,0.0,mark,0.07893,0.0,0.5823526780133975
2022-06-11,TRX,2,-0.00015984092733025646,0.00015982815344978913,0.0,funding,0.07893,0.0,0.5822596016602141
2022-06-11,TRX,2,0.00871533399070323,0.0,0.0,mark,0.08035,0.0,0.5873563662998048
2022-06-11,TRX,2,-0.03519995742490621,0.0,0.0,mark,0.07469,0.0,0.567041093158901
2022-06-11,TRX,2,0.009512646678714716,0.0,0.0,mark,0.0762,0.0,0.5724608921770573
2022-06-12,TRX,2,6.269700524364897e-05,0.0,0.0,mark,0.07621,0.0,0.5724967848857868
2022-06-12,TRX,2,-0.00015698937303684635,0.00015697705085014713,0.0,funding,0.07621,0.0,0.5724069160288743
2022-06-12,TRX,2,-0.013255492583502728,0.0,0.0,mark,0.07411,0.0,0.5648694471956768
2022-06-12,TRX,2,0.029674056396792065,0.0,0.0,mark,0.07885,0.0,0.5818825911334654
2022-06-12,TRX,2,-0.01660669615823472,0.0,0.0,mark,0.07618,0.0,0.5722992379026857
2022-06-13,TRX,2,-6.271864775472619e-05,0.0,0.0,mark,0.07617,0.0,0.5722633451939562
2022-06-13,TRX,2,-0.00015697097933630995,0.0001569586600366865,0.0,funding,0.07617,0.0,0.5721735235061064
2022-06-13,TRX,2,0.003569258870161113,0.0,0.0,mark,0.07674,0.0,0.5742194079036885
2022-06-13,TRX,2,-0.10634570201981267,0.0,0.0,mark,0.0606,0.0,0.5162885760142563
2022-06-13,TRX,2,0.022478697408112862,0.0,0.0,mark,0.06387,0.0,0.5280254917688066
2022-06-14,TRX,2,-6.797764360570092e-05,0.0,0.0,mark,0.06386,0.0,0.5279895990600771
2022-06-14,TRX,2,-0.00014263686196912167,0.00014262668981554878,0.0,funding,0.06386,0.0,0.5279142936513062
2022-06-14,TRX,2,0.0069110083032203,0.0,0.0,mark,0.06488,0.0,0.5315753499417163
2022-06-14,TRX,2,-0.089284391363259,0.0,0.0,mark,0.05223,0.0,0.48617107339888377
2022-06-14,TRX,2,0.02450330728939512,0.0,0.0,mark,0.05559,0.0,0.4982310235319998
2022-06-15,TRX,2,7.20376978464916e-05,0.0,0.0,mark,0.0556,0.0,0.4982669162407293
2022-06-15,TRX,2,-0.00013159475225745697,0.00013158609404784752,0.0,funding,0.0556,0.0,0.4982013512434279
2022-06-15,TRX,2,0.05875694933111499,0.0,0.0,mark,0.064,0.0,0.5283512265762179
2022-06-15,TRX,2,-0.12548661230788602,0.0,0.0,mark,0.04664,0.0,0.46604148422178526
2022-06-15,TRX,2,0.11880687675862986,0.0,0.0,mark,0.06302,0.0,0.5248337411207258
2022-06-16,TRX,2,0.0,0.0,0.0,mark,0.06302,0.0,0.5248337411207258
2022-06-16,TRX,2,-0.0001416069785618848,0.00014159695276706958,0.0,funding,0.06302,0.0,0.5247594262622738
2022-06-16,TRX,2,0.018634849513381277,0.0,0.0,mark,0.06577,0.0,0.5346299211628895
2022-06-16,TRX,2,-0.051451522325236816,0.0,0.0,mark,0.0583,0.0,0.5078180677419442
2022-06-16,TRX,2,0.006551753698803136,0.0,0.0,mark,0.05923,0.0,0.5111560896537888
2022-06-17,TRX,2,7.02162203396242e-05,0.0,0.0,mark,0.05924,0.0,0.5111919823625183
2022-06-17,TRX,2,-0.00013666520225781662,0.00013665586399447407,0.0,funding,0.05924,0.0,0.5111221249805015
2022-06-17,TRX,2,0.02831662409993715,0.0,0.0,mark,0.06333,0.0,0.5258022428508718
2022-06-17,TRX,2,-0.03218638632270819,0.0,0.0,mark,0.05869,0.0,0.5091480260003783
2022-06-17,TRX,2,0.00842389426194768,0.0,0.0,mark,0.05989,0.0,0.5134551510479197
2022-06-18,TRX,2,6.990182918195681e-05,0.0,0.0,mark,0.0599,0.0,0.5134910437566492
2022-06-18,TRX,2,-0.0001375691575700895,0.0001375596953675097,0.0,funding,0.0599,0.0,0.5134204080850961
2022-06-18,TRX,2,0.027307692817986968,0.0,0.0,mark,0.06386,0.0,0.5276339207419829
2022-06-18,TRX,2,-0.04729026904275797,0.0,0.0,mark,0.05707,0.0,0.5032627715146443
2022-06-18,TRX,2,0.026879727373598387,0.0,0.0,mark,0.06089,0.0,0.5169737862493178
2022-06-19,TRX,2,-6.943089907107158e-05,0.0,0.0,mark,0.06088,0.0,0.5169378935405883
2022-06-19,TRX,2,-0.00013888766923178896,0.00013887802478584953,0.0,funding,0.06088,0.0,0.5168661022269964
2022-06-19,TRX,2,-0.016594917095505687,0.0,0.0,mark,0.05851,0.0,0.5083595302581021
2022-06-19,TRX,2,0.031072627688911517,0.0,0.0,mark,0.06298,0.0,0.5244035710601939
2022-06-19,TRX,2,-0.01142687915959091,0.0,0.0,mark,0.06132,0.0,0.5184453814110949
2022-06-20,TRX,2,0.0,0.0,0.0,mark,0.06132,0.0,0.5184453814110949
2022-06-20,TRX,2,-0.0001394847347002624,0.00013947500715685124,0.0,funding,0.06132,0.0,0.5183730712378121
2022-06-20,TRX,2,0.006074726037490664,0.0,0.0,mark,0.0622,0.0,0.5215316296060091
2022-06-20,TRX,2,-0.019037217253073377,0.0,0.0,mark,0.05946,0.0,0.5116970274141228
2022-06-20,TRX,2,0.011784699615428771,0.0,0.0,mark,0.06115,0.0,0.5177628951894103
2022-06-21,TRX,2,-6.932507757853609e-05,0.0,0.0,mark,0.06114,0.0,0.5177270024806808
2022-06-21,TRX,2,-0.00013926824899251872,0.00013925855162018308,0.0,funding,0.06114,0.0,0.5176549045681808
2022-06-21,TRX,2,-0.0012488479413862812,0.0,0.0,mark,0.06096,0.0,0.5170088358110495
2022-06-21,TRX,2,0.04014339447012584,0.0,0.0,mark,0.06686,0.0,0.5381855339614615
2022-06-21,TRX,2,-0.013157832091406486,0.0,0.0,mark,0.0649,0.0,0.5311505630504771
2022-06-22,TRX,2,0.0001351416565501258,0.0,0.0,mark,0.06492,0.0,0.5312223484679361
2022-06-22,TRX,2,-0.00014412214763217683,0.00014411176253436046,0.0,funding,0.06492,0.0,0.5311457930790008
2022-06-22,TRX,2,0.005996250606137406,0.0,0.0,mark,0.06581,0.0,0.5343402441559273
2022-06-22,TRX,2,-0.019192686027950608,0.0,0.0,mark,0.06298,0.0,0.5241826075854754
2022-06-22,TRX,2,0.0008213466845208391,0.0,0.0,mark,0.0631,0.0,0.5246133200902295
2022-06-23,TRX,2,0.0,0.0,0.0,mark,0.0631,0.0,0.5246133200902295
2022-06-23,TRX,2,-0.00014184632983642537,0.0001418362701214897,0.0,funding,0.0631,0.0,0.5245389108936519
2022-06-23,TRX,2,0.010482647424271102,0.0,0.0,mark,0.06464,0.0,0.5300663880379968
2022-06-23,TRX,2,-0.019348940920395425,0.0,0.0,mark,0.06181,0.0,0.5199087514675449
2022-06-23,TRX,2,0.013644759719377076,0.0,0.0,mark,0.0638,0.0,0.5270514005047178
2022-06-24,TRX,2,-6.810328350266445e-05,0.0,0.0,mark,0.06379,0.0,0.5270155077959883
2022-06-24,TRX,2,-0.00014274386754686423,0.0001427336801257566,0.0,funding,0.06379,0.0,0.5269402849330772
2022-06-24,TRX,2,0.019828024552945335,0.0,0.0,mark,0.06673,0.0,0.5374927412995537
2022-06-24,TRX,2,-0.02119125983476247,0.0,0.0,mark,0.06359,0.0,0.526222430758487
2022-06-24,TRX,2,0.015230283409192193,0.0,0.0,mark,0.06584,0.0,0.5342982902226271
2022-06-25,TRX,2,6.717502910427921e-05,0.0,0.0,mark,0.06585,0.0,0.5343341829313566
2022-06-25,TRX,2,-0.00014533547555667964,0.00014532491486809679,0.0,funding,0.06585,0.0,0.534256530861711
2022-06-25,TRX,2,0.0032865376878932493,0.0,0.0,mark,0.06634,0.0,0.536015273589457
2022-06-25,TRX,2,-0.018381602649714543,0.0,0.0,mark,0.06362,0.0,0.5262524568150297
2022-06-25,TRX,2,0.008015900398135427,0.0,0.0,mark,0.0648,0.0,0.5304877964451121
2022-06-26,TRX,2,0.0,0.0,0.0,mark,0.0648,0.0,0.5304877964451121
2022-06-26,TRX,2,-0.00014405493639940275,0.00014404456098518852,0.0,funding,0.0648,0.0,0.5304113825633652
2022-06-26,TRX,2,-0.0052922052940951175,0.0,0.0,mark,0.06402,0.0,0.5276117512824632
2022-06-26,TRX,2,0.012641118592522524,0.0,0.0,mark,0.06589,0.0,0.5343236878148819
2022-06-26,TRX,2,-0.005726161059021869,0.0,0.0,mark,0.06504,0.0,0.5312728075728734
2022-06-27,TRX,2,-6.75621276402483e-05,0.0,0.0,mark,0.06503,0.0,0.5312369148641439
2022-06-27,TRX,2,-0.00014436240605364325,0.00014435198630292125,0.0,funding,0.06503,0.0,0.5311602297602859
2022-06-27,TRX,2,0.036035618534986665,0.0,0.0,mark,0.07046,0.0,0.5506499706004108
2022-06-27,TRX,2,-0.03691446874892908,0.0,0.0,mark,0.0649,0.0,0.5306936245468021
2022-06-27,TRX,2,0.014303172335382159,0.0,0.0,mark,0.06703,0.0,0.5383387715061883
2022-06-28,TRX,2,0.0,0.0,0.0,mark,0.06703,0.0,0.5383387715061883
2022-06-28,TRX,2,-0.00014683943397729394,0.00014682865359532066,0.0,funding,0.06703,0.0,0.5382597279491899
2022-06-28,TRX,2,0.008631416290844369,0.0,0.0,mark,0.06833,0.0,0.5429257800840264
2022-06-28,TRX,2,-0.021044473253058166,0.0,0.0,mark,0.06518,0.0,0.5316195768342301
2022-06-28,TRX,2,0.004916545669047264,0.0,0.0,mark,0.06591,0.0,0.5342397445714845
2022-06-29,TRX,2,0.0,0.0,0.0,mark,0.06591,0.0,0.5342397445714845
2022-06-29,TRX,2,-0.00014549362576334073,0.00014548304207910495,0.0,funding,0.06591,0.0,0.5341620217482447
2022-06-29,TRX,2,0.0048263329366625835,0.0,0.0,mark,0.06663,0.0,0.5367462967767695
2022-06-29,TRX,2,-0.017267174069454955,0.0,0.0,mark,0.06407,0.0,0.5275577633420145
2022-06-29,TRX,2,0.005766368457306948,0.0,0.0,mark,0.06492,0.0,0.530608643584023
2022-06-30,TRX,2,0.0,0.0,0.0,mark,0.06492,0.0,0.530608643584023
2022-06-30,TRX,2,-0.00014428885212958365,0.0001442784429938028,0.0,funding,0.06492,0.0,0.5305320881950877
2022-06-30,TRX,2,-0.02050505032910891,0.0,0.0,mark,0.06192,0.0,0.5197642755762341
2022-06-30,TRX,2,0.027650800682573123,0.0,0.0,mark,0.06598,0.0,0.5343367153204158
2022-06-30,TRX,2,-0.007890223288042014,0.0,0.0,mark,0.06481,0.0,0.5301372683990629
2022-07-01,TRX,2,0.0,0.0,0.0,mark,0.06481,0.0,0.5301372683990629
2022-07-01,TRX,2,-0.00014417243974151255,0.0001441620473946914,0.0,funding,0.06481,0.0,0.5300608427250503
2022-07-01,TRX,2,0.01305104124194988,0.0,0.0,mark,0.06675,0.0,0.5370240282185755
2022-07-01,TRX,2,-0.01753020274621723,0.0,0.0,mark,0.06415,0.0,0.5276919239489024
2022-07-01,TRX,2,0.006576105253695948,0.0,0.0,mark,0.06512,0.0,0.531173516695665
2022-07-02,TRX,2,-6.757475727893528e-05,0.0,0.0,mark,0.06511,0.0,0.5311376239869355
2022-07-02,TRX,2,-0.00014456703599572963,0.00014455658668529404,0.0,funding,0.06511,0.0,0.5310608445449518
2022-07-02,TRX,2,-0.005285716045378919,0.0,0.0,mark,0.06433,0.0,0.5282612132640498
2022-07-02,TRX,2,0.00785072240579152,0.0,0.0,mark,0.06549,0.0,0.5324247674766732
2022-07-02,TRX,2,-0.005001096402140298,0.0,0.0,mark,0.06475,0.0,0.5297687070306893
2022-07-03,TRX,2,0.0,0.0,0.0,mark,0.06475,0.0,0.5297687070306893
2022-07-03,TRX,2,-0.00014413917319915857,0.00014412878564759127,0.0,funding,0.06475,0.0,0.5296923521102709
2022-07-03,TRX,2,0.011520586188240584,0.0,0.0,mark,0.06646,0.0,0.5358300053030174
2022-07-03,TRX,2,-0.026884327031860535,0.0,0.0,mark,0.0625,0.0,0.5216164926461306
2022-07-03,TRX,2,0.025677864986405837,0.0,0.0,mark,0.06628,0.0,0.5351839365458861
2022-07-04,TRX,2,6.706386858807208e-05,0.0,0.0,mark,0.06629,0.0,0.5352198292546156
2022-07-04,TRX,2,-0.00014606454059214202,0.0001460538736865448,0.0,funding,0.06629,0.0,0.5351416583252792
2022-07-04,TRX,2,0.009346186241710016,0.0,0.0,mark,0.06769,0.0,0.5401666375474108
2022-07-04,TRX,2,-0.014861222237603038,0.0,0.0,mark,0.06547,0.0,0.5321984562094592
2022-07-04,TRX,2,0.012466247501438767,0.0,0.0,mark,0.06733,0.0,0.5388745000331484
2022-07-05,TRX,2,0.0,0.0,0.0,mark,0.06733,0.0,0.5388745000331484
2022-07-05,TRX,2,-0.00014735003179290016,0.00014733917631021542,0.0,funding,0.06733,0.0,0.538795102708179
2022-07-05,TRX,2,0.016189314934715312,0.0,0.0,mark,0.06978,0.0,0.5475888163469094
2022-07-05,TRX,2,-0.021265037785451725,0.0,0.0,mark,0.06657,0.0,0.5360672568447361
2022-07-05,TRX,2,0.010457163128911411,0.0,0.0,mark,0.06814,0.0,0.5417024121152695
2022-07-06,TRX,2,6.625689469015799e-05,0.0,0.0,mark,0.06815,0.0,0.541738304823999
2022-07-06,TRX,2,-0.00014835622930899,0.00014834522506786837,0.0,funding,0.06815,0.0,0.541657940533242
2022-07-06,TRX,2,0.003175649711911895,0.0,0.0,mark,0.06863,0.0,0.5433807905522585
2022-07-06,TRX,2,-0.012629762562243166,0.0,0.0,mark,0.06673,0.0,0.5365611758936513
2022-07-06,TRX,2,0.005470316273193512,0.0,0.0,mark,0.06755,0.0,0.5395043780094713
2022-07-07,TRX,2,6.652682775465794e-05,0.0,0.0,mark,0.06756,0.0,0.5395402707182008
2022-07-07,TRX,2,-0.0001476709597316264,0.0001476600569120679,0.0,funding,0.06756,0.0,0.5394606021711201
2022-07-07,TRX,2,0.008678246411499179,0.0,0.0,mark,0.06887,0.0,0.5441625470146862
2022-07-07,TRX,2,-0.0181038844511905,0.0,0.0,mark,0.06615,0.0,0.534399730240259
2022-07-07,TRX,2,0.01645353499083929,0.0,0.0,mark,0.06862,0.0,0.5432652292964485
2022-07-08,TRX,2,0.0,0.0,0.0,mark,0.06862,0.0,0.5432652292964485
2022-07-08,TRX,2,-0.0001489595685957456,0.00014894847467004994,0.0,funding,0.06862,0.0,0.5431843107692035
2022-07-08,TRX,2,0.00789812636985062,0.0,0.0,mark,0.06982,0.0,0.5474914358167449
2022-07-08,TRX,2,-0.014394860242698072,0.0,0.0,mark,0.06764,0.0,0.5396668253137114
2022-07-08,TRX,2,0.009136379888900004,0.0,0.0,mark,0.06902,0.0,0.544620019118384
2022-07-09,TRX,2,-6.590630211952356e-05,0.0,0.0,mark,0.06901,0.0,0.5445841264096545
2022-07-09,TRX,2,-0.0001494434056127553,0.00014943223950330712,0.0,funding,0.06901,0.0,0.5445027479840472
2022-07-09,TRX,2,0.016474957254451486,0.0,0.0,mark,0.07153,0.0,0.5535477105838842
2022-07-09,TRX,2,-0.016936492015408484,0.0,0.0,mark,0.06894,0.0,0.5442514990229406
2022-07-09,TRX,2,0.005655569995993725,0.0,0.0,mark,0.0698,0.0,0.5473382719736786
2022-07-10,TRX,2,0.0,0.0,0.0,mark,0.0698,0.0,0.5473382719736786
2022-07-10,TRX,2,-0.00015039365675660818,0.00015038234819752996,0.0,funding,0.0698,0.0,0.5472559619590808
2022-07-10,TRX,2,-0.01706616892659957,0.0,0.0,mark,0.06722,0.0,0.5379956431068667
2022-07-10,TRX,2,0.018966376483020412,0.0,0.0,mark,0.07009,0.0,0.5482968505122365
2022-07-10,TRX,2,-0.01623477061455975,0.0,0.0,mark,0.06763,0.0,0.5394672441647765
2022-07-11,TRX,2,6.653140692923963e-05,0.0,0.0,mark,0.06764,0.0,0.539503136873506
2022-07-11,TRX,2,-0.0001478560115976614,0.00014784508143632363,0.0,funding,0.06764,0.0,0.5394233739882999
2022-07-11,TRX,2,0.0007316616139103213,0.0,0.0,mark,0.06775,0.0,0.5398181937843245
2022-07-11,TRX,2,-0.0217783134992893,0.0,0.0,mark,0.06451,0.0,0.5281889561559626
2022-07-11,TRX,2,0.001629574628424066,0.0,0.0,mark,0.06475,0.0,0.5290503811654709
2022-07-12,TRX,2,0.0,0.0,0.0,mark,0.06475,0.0,0.5290503811654709
2022-07-12,TRX,2,-0.00014433489438664794,0.00014432447860678567,0.0,funding,0.06475,0.0,0.5289740262450524
2022-07-12,TRX,2,0.00689721060909782,0.0,0.0,mark,0.06577,0.0,0.5326350825354625
2022-07-12,TRX,2,-0.009206892921504334,0.0,0.0,mark,0.06441,0.0,0.5277536741482489
2022-07-12,TRX,2,0.0013592826291955623,0.0,0.0,mark,0.06461,0.0,0.5284715283228392
2022-07-13,TRX,2,-6.792026767918184e-05,0.0,0.0,mark,0.0646,0.0,0.5284356356141097
2022-07-13,TRX,2,-0.0001441680360849571,0.0001441576443730444,0.0,funding,0.0646,0.0,0.5283594575776768
2022-07-13,TRX,2,0.012757493435802162,0.0,0.0,mark,0.06649,0.0,0.5351431795275545
2022-07-13,TRX,2,-0.019231982672196397,0.0,0.0,mark,0.06365,0.0,0.5249496502483731
2022-07-13,TRX,2,0.01755379467111072,0.0,0.0,mark,0.06624,0.0,0.5342458618093167
2022-07-14,TRX,2,6.718162112910601e-05,0.0,0.0,mark,0.06625,0.0,0.5342817545180462
2022-07-14,TRX,2,-0.00014623271687097444,0.00014622202538837063,0.0,funding,0.06625,0.0,0.5342036307577724
2022-07-14,TRX,2,0.008763273870245227,0.0,0.0,mark,0.06756,0.0,0.5389055756013384
2022-07-14,TRX,2,-0.017400685337672354,0.0,0.0,mark,0.06497,0.0,0.5296093640403949
2022-07-14,TRX,2,0.012259061576184149,0.0,0.0,mark,0.06679,0.0,0.5361418370291661
2022-07-15,TRX,2,-6.694853441009648e-05,0.0,0.0,mark,0.06678,0.0,0.5361059443204366
2022-07-15,TRX,2,-0.00014690106586113388,0.00014689027642790208,0.0,funding,0.06678,0.0,0.5360271955700807
2022-07-15,TRX,2,0.00806958710197803,0.0,0.0,mark,0.06799,0.0,0.5403702133263516
2022-07-15,TRX,2,-0.009946244040105193,0.0,0.0,mark,0.0665,0.0,0.5350221997256543
2022-07-15,TRX,2,0.003549272620692032,0.0,0.0,mark,0.06703,0.0,0.5369245132883185
2022-07-16,TRX,2,-6.68509400953176e-05,0.0,0.0,mark,0.06702,0.0,0.536888620579589
2022-07-16,TRX,2,-0.00014721411320971447,0.00014720327774388943,0.0,funding,0.06702,0.0,0.5368095888148563
2022-07-16,TRX,2,0.016051335426152356,0.0,0.0,mark,0.06944,0.0,0.5454956243273982
2022-07-16,TRX,2,-0.02228900992344943,0.0,0.0,mark,0.06609,0.0,0.5334715669030117
2022-07-16,TRX,2,0.019059682398601195,0.0,0.0,mark,0.06895,0.0,0.543736881599652
2022-07-17,TRX,2,0.0,0.0,0.0,mark,0.06895,0.0,0.543736881599652
2022-07-17,TRX,2,-0.00014954613994484547,0.00014953495847832267,0.0,funding,0.06895,0.0,0.543655573927639
2022-07-17,TRX,2,0.0027690465101413045,0.0,0.0,mark,0.06937,0.0,0.5451630676942785
2022-07-17,TRX,2,-0.013655541205605165,0.0,0.0,mark,0.06731,0.0,0.537769169695999
2022-07-17,TRX,2,0.0008672920046903469,0.0,0.0,mark,0.06744,0.0,0.5382357749094826
2022-07-18,TRX,2,0.00013336280150696883,0.0,0.0,mark,0.06746,0.0,0.5383075603269416
2022-07-18,TRX,2,-0.00014779005317246499,0.00014777913276059143,0.0,funding,0.06746,0.0,0.538228009702518
2022-07-18,TRX,2,0.021963729207303873,0.0,0.0,mark,0.07079,0.0,0.5501802817094456
2022-07-18,TRX,2,-0.02329835561426331,0.0,0.0,mark,0.06726,0.0,0.5375101555279278
2022-07-18,TRX,2,0.010363152416353723,0.0,0.0,mark,0.06882,0.0,0.5431094180897317
2022-07-19,TRX,2,-6.608961954028776e-05,0.0,0.0,mark,0.06881,0.0,0.5430735253810022
2022-07-19,TRX,2,-0.0001494247813748225,0.00014941361804810148,0.0,funding,0.06881,0.0,0.5429923828007088
2022-07-19,TRX,2,0.006851052572693087,0.0,0.0,mark,0.06985,0.0,0.5467252245085781
2022-07-19,TRX,2,-0.014681629913866559,0.0,0.0,mark,0.06763,0.0,0.5387570431706264
2022-07-19,TRX,2,0.009679713674261113,0.0,0.0,mark,0.06909,0.0,0.5439973786451352
2022-07-20,TRX,2,6.59773853660012e-05,0.0,0.0,mark,0.0691,0.0,0.5440332713538647
2022-07-20,TRX,2,-0.0001497898441536013,0.00014977862621505105,0.0,funding,0.0691,0.0,0.543951786797866
2022-07-20,TRX,2,-0.014890983027929367,0.0,0.0,mark,0.06686,0.0,0.5359118200424554
2022-07-20,TRX,2,0.022974390405742624,0.0,0.0,mark,0.07033,0.0,0.548366589971596
2022-07-20,TRX,2,-0.018497101615593193,0.0,0.0,mark,0.06753,0.0,0.5383166315273327
2022-07-21,TRX,2,6.667360823089637e-05,0.0,0.0,mark,0.06754,0.0,0.5383525242360622
2022-07-21,TRX,2,-0.00014795296940768086,0.00014794202490685295,0.0,funding,0.06754,0.0,0.538272879273513
2022-07-21,TRX,2,0.004855922193354031,0.0,0.0,mark,0.06827,0.0,0.5408930470107673
2022-07-21,TRX,2,-0.012419434890356199,0.0,0.0,mark,0.06641,0.0,0.5342170031870781
2022-07-21,TRX,2,0.0107591013869526,0.0,0.0,mark,0.06802,0.0,0.5399957292925295
2022-07-22,TRX,2,0.0,0.0,0.0,mark,0.06802,0.0,0.5399957292925295
2022-07-22,TRX,2,-0.00014855108070973034,0.0001485400475443896,0.0,funding,0.06802,0.0,0.5399155183012266
2022-07-22,TRX,2,-0.009484768433640307,0.0,0.0,mark,0.0666,0.0,0.534818753661636
2022-07-22,TRX,2,0.016572775662695063,0.0,0.0,mark,0.06909,0.0,0.5437560381352844
2022-07-22,TRX,2,-0.013891895984152513,0.0,0.0,mark,0.067,0.0,0.5362544620108164
2022-07-23,TRX,2,0.0,0.0,0.0,mark,0.067,0.0,0.5362544620108164
2022-07-23,TRX,2,-0.0001473442304754899,0.00014733337584744223,0.0,funding,0.067,0.0,0.536175453830615
2022-07-23,TRX,2,-0.006851511890967675,0.0,0.0,mark,0.06598,0.0,0.5325143975402048
2022-07-23,TRX,2,0.012858224064558846,0.0,0.0,mark,0.0679,0.0,0.539405797616271
2022-07-23,TRX,2,-0.0061406053289781454,0.0,0.0,mark,0.06698,0.0,0.5361036684131559
2022-07-24,TRX,2,0.0,0.0,0.0,mark,0.06698,0.0,0.5361036684131559
2022-07-24,TRX,2,-0.00014734167909740274,0.000147330824845305,0.0,funding,0.06698,0.0,0.536024683817486
2022-07-24,TRX,2,0.005608958055722057,0.0,0.0,mark,0.06782,0.0,0.539039671350765
2022-07-24,TRX,2,-0.007619806210786929,0.0,0.0,mark,0.06668,0.0,0.5349479025556007
2022-07-24,TRX,2,0.0010059295162350786,0.0,0.0,mark,0.06683,0.0,0.5354862931865433
2022-07-25,TRX,2,6.702600295692287e-05,0.0,0.0,mark,0.06684,0.0,0.5355221858952728
2022-07-25,TRX,2,-0.0001471933507554282,0.00014718251834573766,0.0,funding,0.06684,0.0,0.5354433663913227
2022-07-25,TRX,2,0.0011389227711811611,0.0,0.0,mark,0.06701,0.0,0.5360535424397245
2022-07-25,TRX,2,-0.02282309358901313,0.0,0.0,mark,0.06364,0.0,0.523957699597879
2022-07-25,TRX,2,0.00034245668361041094,0.0,0.0,mark,0.06369,0.0,0.5241371631415265
2022-07-26,TRX,2,6.847726578120114e-05,0.0,0.0,mark,0.0637,0.0,0.524173055850256
2022-07-26,TRX,2,-0.00014331548427618502,0.00014330521510287186,0.0,funding,0.0637,0.0,0.5240979391177363
2022-07-26,TRX,2,0.011642848003146918,0.0,0.0,mark,0.06541,0.0,0.5302355923104828
2022-07-26,TRX,2,-0.016654772430415975,0.0,0.0,mark,0.06297,0.0,0.5214777713804819
2022-07-26,TRX,2,0.016316255130330103,0.0,0.0,mark,0.06536,0.0,0.5300561287668353
2022-07-27,TRX,2,6.771262815492363e-05,0.0,0.0,mark,0.06537,0.0,0.5300920214755648
2022-07-27,TRX,2,-0.00014543068607432457,0.00014542011154470056,0.0,funding,0.06537,0.0,0.5300149354346728
2022-07-27,TRX,2,0.022631389290533675,0.0,0.0,mark,0.06875,0.0,0.5421466709852478
2022-07-27,TRX,2,-0.02486865616496994,0.0,0.0,mark,0.06504,0.0,0.5288304760465989
2022-07-27,TRX,2,0.02427263543291467,0.0,0.0,mark,0.06866,0.0,0.5418236366066822
2022-07-28,TRX,2,0.0,0.0,0.0,mark,0.06866,0.0,0.5418236366066822
2022-07-28,TRX,2,-0.0001494429937452864,0.00014943182769739866,0.0,funding,0.06866,0.0,0.5417426709103744
2022-07-28,TRX,2,0.01172424318264542,0.0,0.0,mark,0.07044,0.0,0.5481315730642276
2022-07-28,TRX,2,-0.019372646859823976,0.0,0.0,mark,0.06751,0.0,0.5376150094064805
2022-07-28,TRX,2,0.014383596170872422,0.0,0.0,mark,0.06968,0.0,0.5454037272007847
2022-07-29,TRX,2,0.0,0.0,0.0,mark,0.06968,0.0,0.5454037272007847
2022-07-29,TRX,2,-0.00015066764954926192,0.0001506562997489571,0.0,funding,0.06968,0.0,0.5453215586933753
2022-07-29,TRX,2,0.015154674073791018,0.0,0.0,mark,0.072,0.0,0.553648667118622
2022-07-29,TRX,2,-0.026074268637292834,0.0,0.0,mark,0.06803,0.0,0.5393992617530058
2022-07-29,TRX,2,0.008019341638550613,0.0,0.0,mark,0.06924,0.0,0.5437422795092768
2022-07-30,TRX,2,0.0,0.0,0.0,mark,0.06924,0.0,0.5437422795092768
2022-07-30,TRX,2,-0.00015017367926518072,0.00015016240376263134,0.0,funding,0.06924,0.0,0.5436606298615583
2022-07-30,TRX,2,0.013508555870435883,0.0,0.0,mark,0.0713,0.0,0.5510545278598378
2022-07-30,TRX,2,-0.015424983524572673,0.0,0.0,mark,0.06895,0.0,0.5426197413084024
2022-07-30,TRX,2,0.0010577935392352602,0.0,0.0,mark,0.06911,0.0,0.5431940246480746
2022-07-31,TRX,2,6.607495905579006e-05,0.0,0.0,mark,0.06912,0.0,0.5432299173568041
2022-07-31,TRX,2,-0.00015005479893947745,0.0001500435412811205,0.0,funding,0.06912,0.0,0.543148409216274
2022-07-31,TRX,2,0.011171424167561375,0.0,0.0,mark,0.07082,0.0,0.5492501697002911
2022-07-31,TRX,2,-0.014348434714206958,0.0,0.0,mark,0.06864,0.0,0.5414255591972575
2022-07-31,TRX,2,0.0014573828568063877,0.0,0.0,mark,0.06886,0.0,0.5422151987893068
2022-08-01,TRX,2,0.0,0.0,0.0,mark,0.06886,0.0,0.5422151987893068
2022-08-01,TRX,2,-0.00014977009633136237,0.00014975888135030797,0.0,funding,0.06886,0.0,0.542133997247685
2022-08-01,TRX,2,-0.003980291369068553,0.0,0.0,mark,0.06826,0.0,0.5399804347239142
2022-08-01,TRX,2,0.02156801621165433,0.0,0.0,mark,0.07154,0.0,0.5517532431871941
2022-08-01,TRX,2,-0.010988910804058845,0.0,0.0,mark,0.06986,0.0,0.5457232681206361
2022-08-02,TRX,2,-6.577305976467827e-05,0.0,0.0,mark,0.06985,0.0,0.5456873754119066
2022-08-02,TRX,2,-0.00015095675082643225,0.00015094535742944966,0.0,funding,0.06985,0.0,0.5456050064359803
2022-08-02,TRX,2,0.00413589999007527,0.0,0.0,mark,0.07048,0.0,0.5478662470859396
2022-08-02,TRX,2,-0.018247235756281937,0.0,0.0,mark,0.06772,0.0,0.5379598594765943
2022-08-02,TRX,2,0.003928755275053522,0.0,0.0,mark,0.06831,0.0,0.5400775292916354
2022-08-03,TRX,2,-6.646064596710532e-05,0.0,0.0,mark,0.0683,0.0,0.5400416365829059
2022-08-03,TRX,2,-0.0001491499465808935,0.00014913882428056532,0.0,funding,0.0683,0.0,0.5399610954081634
2022-08-03,TRX,2,0.006162937469605212,0.0,0.0,mark,0.06923,0.0,0.543299117320008
2022-08-03,TRX,2,-0.012966249963147478,0.0,0.0,mark,0.06728,0.0,0.5363000391177533
2022-08-03,TRX,2,0.0036742018239439523,0.0,0.0,mark,0.06783,0.0,0.5382741380978764
2022-08-04,TRX,2,0.0,0.0,0.0,mark,0.06783,0.0,0.5382741380978764
2022-08-04,TRX,2,-0.00014860992971167168,0.00014859888780315746,0.0,funding,0.06783,0.0,0.5381941511596219
2022-08-04,TRX,2,-0.001668666570518702,0.0,0.0,mark,0.06758,0.0,0.5372968334413841
2022-08-04,TRX,2,0.013469757826523645,0.0,0.0,mark,0.06961,0.0,0.544583053313475
2022-08-04,TRX,2,-0.004624277780823864,0.0,0.0,mark,0.06891,0.0,0.5420705637024091
2022-08-05,TRX,2,-6.621628158208021e-05,0.0,0.0,mark,0.0689,0.0,0.5420346709936796
2022-08-05,TRX,2,-0.00014990701713550115,0.0001498957816400929,0.0,funding,0.0689,0.0,0.541953422282995
2022-08-05,TRX,2,0.008047397618638234,0.0,0.0,mark,0.07012,0.0,0.5463323327479955
2022-08-05,TRX,2,-0.012893795751251519,0.0,0.0,mark,0.06817,0.0,0.5393332545457407
2022-08-05,TRX,2,0.01138160877609577,0.0,0.0,mark,0.06989,0.0,0.5455068004472167
2022-08-06,TRX,2,0.0,0.0,0.0,mark,0.06989,0.0,0.5455068004472167
2022-08-06,TRX,2,-0.00015109320605728938,0.00015108179205379103,0.0,funding,0.06989,0.0,0.5454243843022276
2022-08-06,TRX,2,0.0046614113308617545,0.0,0.0,mark,0.0706,0.0,0.547972766622023
2022-08-06,TRX,2,-0.00874978752905876,0.0,0.0,mark,0.06927,0.0,0.5431990363609979
2022-08-06,TRX,2,0.001320658195075625,0.0,0.0,mark,0.06947,0.0,0.5439168905355881
2022-08-07,TRX,2,0.0,0.0,0.0,mark,0.06947,0.0,0.5439168905355881
2022-08-07,TRX,2,-0.00015062418733872738,0.00015061284408534906,0.0,funding,0.06947,0.0,0.5438349696657585
2022-08-07,TRX,2,0.005856750364611725,0.0,0.0,mark,0.07036,0.0,0.5470294207426851
2022-08-07,TRX,2,-0.008169396775024106,0.0,0.0,mark,0.06912,0.0,0.5425787248602256
2022-08-07,TRX,2,0.0033021456819164402,0.0,0.0,mark,0.06962,0.0,0.5443733602967012
2022-08-08,TRX,2,0.0,0.0,0.0,mark,0.06962,0.0,0.5443733602967012
2022-08-08,TRX,2,-0.00015082285627447266,0.00015081148307919355,0.0,funding,0.06962,0.0,0.5442912625428861
2022-08-08,TRX,2,-0.00046171413260255486,0.0,0.0,mark,0.06955,0.0,0.5440400135817794
2022-08-08,TRX,2,0.010696414620955655,0.0,0.0,mark,0.07118,0.0,0.5498905251046898
2022-08-08,TRX,2,-0.007074390556334558,0.0,0.0,mark,0.0701,0.0,0.5460141125619026
2022-08-09,TRX,2,-6.573802338527737e-05,0.0,0.0,mark,0.07009,0.0,0.5459782198531731
2022-08-09,TRX,2,-0.00015139476996489513,0.00015138331035504705,0.0,funding,0.07009,0.0,0.54589556786287
2022-08-09,TRX,2,0.00596543389117848,0.0,0.0,mark,0.071,0.0,0.5491618043572555
2022-08-09,TRX,2,-0.018137235966297256,0.0,0.0,mark,0.06825,0.0,0.5392913094566397
2022-08-09,TRX,2,0.0009978318851220727,0.0,0.0,mark,0.0684,0.0,0.5398297000875824
2022-08-10,TRX,2,-6.64911582500255e-05,0.0,0.0,mark,0.06839,0.0,0.5397938073788529
2022-08-10,TRX,2,-0.00014941507135266883,0.00014940390947693855,0.0,funding,0.06839,0.0,0.5397131600737191
2022-08-10,TRX,2,0.014459184073085775,0.0,0.0,mark,0.07058,0.0,0.5475736632854822
2022-08-10,TRX,2,-0.017923349214433948,0.0,0.0,mark,0.06787,0.0,0.5378467392197844
2022-08-10,TRX,2,0.016611516345085123,0.0,0.0,mark,0.07038,0.0,0.5468558091108919
2022-08-11,TRX,2,-6.56368389735635e-05,0.0,0.0,mark,0.07037,0.0,0.5468199164021624
2022-08-11,TRX,2,-0.00015176563313417643,0.00015175411731299575,0.0,funding,0.07037,0.0,0.5467369342284196
2022-08-11,TRX,2,0.005107552755323155,0.0,0.0,mark,0.07115,0.0,0.5495365655093216
2022-08-11,TRX,2,-0.007539518947105549,0.0,0.0,mark,0.07,0.0,0.5454089040054277
2022-08-11,TRX,2,0.0022349999283494118,0.0,0.0,mark,0.07034,0.0,0.5466292561022311
2022-08-12,TRX,2,6.565973187295535e-05,0.0,0.0,mark,0.07035,0.0,0.5466651488109606
2022-08-12,TRX,2,-0.00015176545399870814,0.00015175393820479377,0.0,funding,0.07035,0.0,0.5465821902217493
2022-08-12,TRX,2,0.002557760264053956,0.0,0.0,mark,0.07074,0.0,0.5479820058622002
2022-08-12,TRX,2,-0.009542858773915775,0.0,0.0,mark,0.06929,0.0,0.542777563096421
2022-08-12,TRX,2,0.007641558409185278,0.0,0.0,mark,0.07045,0.0,0.5469411173090444
2022-08-13,TRX,2,0.0,0.0,0.0,mark,0.07045,0.0,0.5469411173090444
2022-08-13,TRX,2,-0.0001519045089994761,0.00015189297209382797,0.0,funding,0.07045,0.0,0.546858040797176
2022-08-13,TRX,2,0.005041122279182204,0.0,0.0,mark,0.07122,0.0,0.5496217793693485
2022-08-13,TRX,2,-0.010833695587335466,0.0,0.0,mark,0.06957,0.0,0.543699482428979
2022-08-13,TRX,2,0.002637148166875373,0.0,0.0,mark,0.06997,0.0,0.5451351907781595
2022-08-14,TRX,2,-6.5844016327877e-05,0.0,0.0,mark,0.06996,0.0,0.54509929806943
2022-08-14,TRX,2,-0.0001513576236505086,0.0001513461696633833,0.0,funding,0.06996,0.0,0.545016799378581
2022-08-14,TRX,2,0.016005975239410237,0.0,0.0,mark,0.07241,0.0,0.5538105130173115
2022-08-14,TRX,2,-0.0191060145045655,0.0,0.0,mark,0.06949,0.0,0.543329842068294
2022-08-14,TRX,2,0.005730821767017224,0.0,0.0,mark,0.07036,0.0,0.5464525077277617
2022-08-15,TRX,2,6.568096861286973e-05,0.0,0.0,mark,0.07037,0.0,0.5464884004364912
2022-08-15,TRX,2,-0.00015185770562971376,0.00015184617583190562,0.0,funding,0.07037,0.0,0.5464054182627484
2022-08-15,TRX,2,0.005241343032547561,0.0,0.0,mark,0.07117,0.0,0.5492768349611092
2022-08-15,TRX,2,-0.019198628254774662,0.0,0.0,mark,0.06826,0.0,0.5388320567208212
2022-08-15,TRX,2,0.003988757411556355,0.0,0.0,mark,0.06886,0.0,0.540985619244592
2022-08-16,TRX,2,0.0,0.0,0.0,mark,0.06886,0.0,0.540985619244592
2022-08-16,TRX,2,-0.00015011052695044274,0.00015009926092898298,0.0,funding,0.06886,0.0,0.5409044177029702
2022-08-16,TRX,2,0.011414341423998418,0.0,0.0,mark,0.07059,0.0,0.5471138563131757
2022-08-16,TRX,2,-0.014870864081220613,0.0,0.0,mark,0.06834,0.0,0.5390379968490355
2022-08-16,TRX,2,0.009278941486381063,0.0,0.0,mark,0.06974,0.0,0.5440629760711672
2022-08-17,TRX,2,0.0,0.0,0.0,mark,0.06974,0.0,0.5440629760711672
2022-08-17,TRX,2,-0.00015116903886598697,0.00015115761340248323,0.0,funding,0.06974,0.0,0.5439807368101636
2022-08-17,TRX,2,0.007952069549427307,0.0,0.0,mark,0.07095,0.0,0.5483237545664346
2022-08-17,TRX,2,-0.01983307287489143,0.0,0.0,mark,0.06795,0.0,0.5375559419475809
2022-08-17,TRX,2,0.002467450118417833,0.0,0.0,mark,0.06832,0.0,0.5388839721705729
2022-08-18,TRX,2,0.0,0.0,0.0,mark,0.06832,0.0,0.5388839721705729
2022-08-18,TRX,2,-0.00014951415586829557,0.00014950297918385507,0.0,funding,0.06832,0.0,0.538803407411299
2022-08-18,TRX,2,0.0022623690888322417,0.0,0.0,mark,0.06866,0.0,0.5400237595081023
2022-08-18,TRX,2,-0.00887915556777585,0.0,0.0,mark,0.06733,0.0,0.5352500292470772
2022-08-18,TRX,2,0.0005363188440706673,0.0,0.0,mark,0.06741,0.0,0.5355371709169133
2022-08-19,TRX,2,-6.70241274199718e-05,0.0,0.0,mark,0.0674,0.0,0.5355012782081838
2022-08-19,TRX,2,-0.00014843245554417543,0.00014842143999229838,0.0,funding,0.0674,0.0,0.5354217983373545
2022-08-19,TRX,2,0.00020108874994589798,0.0,0.0,mark,0.06743,0.0,0.535529476463543
2022-08-19,TRX,2,-0.023806149430007206,0.0,0.0,mark,0.06392,0.0,0.5229311356994844
2022-08-19,TRX,2,0.0010290335203096774,0.0,0.0,mark,0.06407,0.0,0.523469526330427
2022-08-20,TRX,2,0.0,0.0,0.0,mark,0.06407,0.0,0.523469526330427
2022-08-20,TRX,2,-0.0001443417341606883,0.000144331317393674,0.0,funding,0.06407,0.0,0.5233939732840762
2022-08-20,TRX,2,0.012200525697015609,0.0,0.0,mark,0.06586,0.0,0.5298187681466588
2022-08-20,TRX,2,-0.013023786654285538,0.0,0.0,mark,0.06395,0.0,0.5229632607793221
2022-08-20,TRX,2,0.012549457377379341,0.0,0.0,mark,0.06579,0.0,0.5295675191855522
2022-08-21,TRX,2,-6.77796953953472e-05,0.0,0.0,mark,0.06578,0.0,0.5295316264768227
2022-08-21,TRX,2,-0.00014649777638766986,0.0001464870461124324,0.0,funding,0.06578,0.0,0.529454056953037
2022-08-21,TRX,2,0.003924221701781765,0.0,0.0,mark,0.06636,0.0,0.5315358340593487
2022-08-21,TRX,2,-0.012297587228998033,0.0,0.0,mark,0.06455,0.0,0.525039253779307
2022-08-21,TRX,2,0.00918653789048648,0.0,0.0,mark,0.0659,0.0,0.5298847694577912
2022-08-22,TRX,2,0.0,0.0,0.0,mark,0.0659,0.0,0.5298847694577912
2022-08-22,TRX,2,-0.00014666722733631133,0.00014665647222440517,0.0,funding,0.0659,0.0,0.5298070584268171
2022-08-22,TRX,2,0.0025034935604509594,0.0,0.0,mark,0.06627,0.0,0.531135088649809
2022-08-22,TRX,2,-0.011759759533070398,0.0,0.0,mark,0.06454,0.0,0.5249256500396035
2022-08-22,TRX,2,0.007357555435543616,0.0,0.0,mark,0.06562,0.0,0.5288020625823907
2022-08-23,TRX,2,0.0,0.0,0.0,mark,0.06562,0.0,0.5288020625823907
2022-08-23,TRX,2,-0.00014634305579206317,0.0001463323481693459,0.0,funding,0.06562,0.0,0.5287246817348562
2022-08-23,TRX,2,0.008113251428963244,0.0,0.0,mark,0.06682,0.0,0.5330318067823977
2022-08-23,TRX,2,-0.013285900133210982,0.0,0.0,mark,0.06486,0.0,0.5259968358714133
2022-08-23,TRX,2,0.009845807966325254,0.0,0.0,mark,0.06631,0.0,0.5312012786371926
2022-08-24,TRX,2,0.00013512875498971776,0.0,0.0,mark,0.06633,0.0,0.5312730640546516
2022-08-24,TRX,2,-0.00014723851478907972,0.00014722767573107796,0.0,funding,0.06633,0.0,0.5311948459562523
2022-08-24,TRX,2,0.0007429912834404355,0.0,0.0,mark,0.06644,0.0,0.531589665752277
2022-08-24,TRX,2,-0.011613018287998798,0.0,0.0,mark,0.06473,0.0,0.5254520125595304
2022-08-24,TRX,2,0.0006145853758518732,0.0,0.0,mark,0.06482,0.0,0.5257750469380961
2022-08-25,TRX,2,-6.826861435365923e-05,0.0,0.0,mark,0.06481,0.0,0.5257391542293666
2022-08-25,TRX,2,-0.0001453786138272022,0.00014536804686853392,0.0,funding,0.06481,0.0,0.5256627285553539
2022-08-25,TRX,2,0.006533573224966923,0.0,0.0,mark,0.06577,0.0,0.529108428593387
2022-08-25,TRX,2,-0.0072849450102797425,0.0,0.0,mark,0.0647,0.0,0.5252679087593293
2022-08-25,TRX,2,0.0053837250487957814,0.0,0.0,mark,0.06549,0.0,0.5281034327489608
2022-08-26,TRX,2,0.0,0.0,0.0,mark,0.06549,0.0,0.5281034327489608
2022-08-26,TRX,2,-0.0001462463421970734,0.00014623564872198738,0.0,funding,0.06549,0.0,0.5280262052008804
2022-08-26,TRX,2,-0.028125744977225618,0.0,0.0,mark,0.06141,0.0,0.5133819800392395
2022-08-26,TRX,2,0.029212757825985394,0.0,0.0,mark,0.06565,0.0,0.5286004885405525
2022-08-26,TRX,2,-0.02802492157687334,0.0,0.0,mark,0.06158,0.0,0.5139921560876411
2022-08-27,TRX,2,0.0,0.0,0.0,mark,0.06158,0.0,0.5139921560876411
2022-08-27,TRX,2,-0.00014128990386329756,0.00014127992291503155,0.0,funding,0.06158,0.0,0.5139195393154502
2022-08-27,TRX,2,0.00993773481041989,0.0,0.0,mark,0.06301,0.0,0.5190521966637703
2022-08-27,TRX,2,-0.013085533679462611,0.0,0.0,mark,0.06113,0.0,0.5123043674226221
2022-08-27,TRX,2,0.012324588950520332,0.0,0.0,mark,0.0629,0.0,0.5186573768677457
2022-08-28,TRX,2,0.0,0.0,0.0,mark,0.0629,0.0,0.5186573768677457
2022-08-28,TRX,2,-0.00014302053504798551,0.00014301030809888451,0.0,funding,0.0629,0.0,0.5185832035164821
2022-08-28,TRX,2,-0.010716016774550105,0.0,0.0,mark,0.06136,0.0,0.5130557263721373
2022-08-28,TRX,2,0.012583024323575914,0.0,0.0,mark,0.06317,0.0,0.5195523066521789
2022-08-28,TRX,2,-0.012233292015458494,0.0,0.0,mark,0.06141,0.0,0.5132351899157848
2022-08-29,TRX,2,0.0,0.0,0.0,mark,0.06141,0.0,0.5132351899157848
2022-08-29,TRX,2,-0.00014110765291325457,0.00014109769769673564,0.0,funding,0.06141,0.0,0.5131627736121107
2022-08-29,TRX,2,0.01423671596679312,0.0,0.0,mark,0.06346,0.0,0.5205207789016607
2022-08-29,TRX,2,-0.017459331652947118,0.0,0.0,mark,0.06095,0.0,0.5115117090105532
2022-08-29,TRX,2,0.016838540571268438,0.0,0.0,mark,0.06337,0.0,0.5201977445230951
2022-08-30,TRX,2,-6.900058185669165e-05,0.0,0.0,mark,0.06336,0.0,0.5201618518143656
2022-08-30,TRX,2,-0.0001436498309313127,0.00014363951378840764,0.0,funding,0.06336,0.0,0.5200871360188797
2022-08-30,TRX,2,0.02514690063738714,0.0,0.0,mark,0.06705,0.0,0.5333315455400696
2022-08-30,TRX,2,-0.028603511611061012,0.0,0.0,mark,0.06286,0.0,0.5182925005824041
2022-08-30,TRX,2,0.012798589548944283,0.0,0.0,mark,0.06472,0.0,0.5249685444060933
2022-08-31,TRX,2,6.836882353193687e-05,0.0,0.0,mark,0.06473,0.0,0.5250044371148228
2022-08-31,TRX,2,-0.00014540236234822728,0.0001453917919370463,0.0,funding,0.06473,0.0,0.5249281057789358
2022-08-31,TRX,2,0.0070180875754997565,0.0,0.0,mark,0.06576,0.0,0.5286250547780755
2022-08-31,TRX,2,-0.017742107614500145,0.0,0.0,mark,0.06317,0.0,0.5193288432171319
2022-08-31,TRX,2,0.00151934537552551,0.0,0.0,mark,0.06339,0.0,0.5201184828091812
2022-09-01,TRX,2,0.0,0.0,0.0,mark,0.06339,0.0,0.5201184828091812
2022-09-01,TRX,2,-0.00014372983631484923,0.00014371950767691266,0.0,funding,0.06339,0.0,0.5200437316368982
2022-09-01,TRX,2,0.002275025136406284,0.0,0.0,mark,0.06372,0.0,0.5212281910249721
2022-09-01,TRX,2,-0.011357588264698695,0.0,0.0,mark,0.06208,0.0,0.5153417867933322
2022-09-01,TRX,2,0.008323069796334964,0.0,0.0,mark,0.06328,0.0,0.5196489118408736
2022-09-02,TRX,2,0.0,0.0,0.0,mark,0.06328,0.0,0.5196489118408736
2022-09-02,TRX,2,-0.00014361006822935325,0.00014359975679720122,0.0,funding,0.06328,0.0,0.5195742903835133
2022-09-02,TRX,2,-0.006723408010967656,0.0,0.0,mark,0.06231,0.0,0.5160926976367507
2022-09-02,TRX,2,0.009069407815383032,0.0,0.0,mark,0.06362,0.0,0.5207946424803167
2022-09-02,TRX,2,-0.006985170772477757,0.0,0.0,mark,0.06261,0.0,0.517169478898636
2022-09-03,TRX,2,0.0,0.0,0.0,mark,0.06261,0.0,0.517169478898636
2022-09-03,TRX,2,-0.00014277069543888353,0.00014276050418810082,0.0,funding,0.06261,0.0,0.5170956475230777
2022-09-03,TRX,2,0.004017821098984569,0.0,0.0,mark,0.06319,0.0,0.5191774246293893
2022-09-03,TRX,2,-0.00568510128518203,0.0,0.0,mark,0.06237,0.0,0.5162342225135693
2022-09-03,TRX,2,0.0050627034273072165,0.0,0.0,mark,0.0631,0.0,0.5188543902508237
2022-09-04,TRX,2,6.917445046059688e-05,0.0,0.0,mark,0.06311,0.0,0.5188902829595532
2022-09-04,TRX,2,-0.00014343364802176333,0.00014342336190780437,0.0,funding,0.06311,0.0,0.5188158619707098
2022-09-04,TRX,2,-0.004367990553522713,0.0,0.0,mark,0.06248,0.0,0.5165546213207506
2022-09-04,TRX,2,0.00823469609829688,0.0,0.0,mark,0.06367,0.0,0.5208258536595625
2022-09-04,TRX,2,-0.0011032482017072265,0.0,0.0,mark,0.06351,0.0,0.5202515703198902
2022-09-05,TRX,2,0.0,0.0,0.0,mark,0.06351,0.0,0.5202515703198902
2022-09-05,TRX,2,-0.00014396510234634187,0.00014395473986819263,0.0,funding,0.06351,0.0,0.5201766776404187
2022-09-05,TRX,2,0.0011723294811411382,0.0,0.0,mark,0.06368,0.0,0.5207868536888205
2022-09-05,TRX,2,-0.008513314247091511,0.0,0.0,mark,0.06245,0.0,0.5163720505150905
2022-09-05,TRX,2,0.003469444252575828,0.0,0.0,mark,0.06295,0.0,0.5181666859515661
2022-09-06,TRX,2,6.926625474030269e-05,0.0,0.0,mark,0.06296,0.0,0.5182025786602956
2022-09-06,TRX,2,-0.00014328262148317287,0.00014327235701869397,0.0,funding,0.06296,0.0,0.5181283345554378
2022-09-06,TRX,2,-0.0172587021808974,0.0,0.0,mark,0.06049,0.0,0.5092628354992483
2022-09-06,TRX,2,0.02491867918550054,0.0,0.0,mark,0.06407,0.0,0.5221124252244136
2022-09-06,TRX,2,-0.02351007706921415,0.0,0.0,mark,0.06069,0.0,0.5099806896738386
2022-09-07,TRX,2,0.0,0.0,0.0,mark,0.06069,0.0,0.5099806896738386
2022-09-07,TRX,2,-0.00014034312297830326,0.00014033327534286423,0.0,funding,0.06069,0.0,0.509909122413295
2022-09-07,TRX,2,0.008690537645465183,0.0,0.0,mark,0.06193,0.0,0.5143598182957545
2022-09-07,TRX,2,-0.013205701479176797,0.0,0.0,mark,0.06005,0.0,0.5076119890546062
2022-09-07,TRX,2,0.012367974805565791,0.0,0.0,mark,0.06181,0.0,0.5139291057910004
2022-09-08,TRX,2,0.0,0.0,0.0,mark,0.06181,0.0,0.5139291057910004
2022-09-08,TRX,2,-0.00014183505592380114,0.00014182499780771902,0.0,funding,0.06181,0.0,0.5138562177966982
2022-09-08,TRX,2,0.0009076342290539447,0.0,0.0,mark,0.06194,0.0,0.5143228230101818
2022-09-08,TRX,2,-0.01412636376306465,0.0,0.0,mark,0.05993,0.0,0.50710838855555
2022-09-08,TRX,2,0.009369596968749904,0.0,0.0,mark,0.06126,0.0,0.5118821188165751
2022-09-09,TRX,2,0.0,0.0,0.0,mark,0.06126,0.0,0.5118821188165751
2022-09-09,TRX,2,-0.000141135067841791,0.00014112510875658203,0.0,funding,0.06126,0.0,0.5118098793968865
2022-09-09,TRX,2,-0.0007015358956272019,0.0,0.0,mark,0.06116,0.0,0.5114509523095914
2022-09-09,TRX,2,0.017806145411554935,0.0,0.0,mark,0.06372,0.0,0.5206394857443464
2022-09-09,TRX,2,-0.002001251285889534,0.0,0.0,mark,0.06343,0.0,0.5195985971911905
2022-09-10,TRX,2,0.0,0.0,0.0,mark,0.06343,0.0,0.5195985971911905
2022-09-10,TRX,2,-0.0001439644487694332,0.0001439540863854226,0.0,funding,0.06343,0.0,0.5195237988498447
2022-09-10,TRX,2,0.009215162591697232,0.0,0.0,mark,0.06477,0.0,0.5243334218195993
2022-09-10,TRX,2,-0.012328952285687651,0.0,0.0,mark,0.06298,0.0,0.5179086269570167
2022-09-10,TRX,2,0.01212356926085013,0.0,0.0,mark,0.06474,0.0,0.5242257436934108
2022-09-11,TRX,2,6.846569529576274e-05,0.0,0.0,mark,0.06475,0.0,0.5242616364021403
2022-09-11,TRX,2,-0.0001456533835925005,0.000145642776653333,0.0,funding,0.06475,0.0,0.5241852814817218
2022-09-11,TRX,2,0.001642010943109582,0.0,0.0,mark,0.06499,0.0,0.5250467064912301
2022-09-11,TRX,2,-0.010376154948924058,0.0,0.0,mark,0.06348,0.0,0.5196269074730737
2022-09-11,TRX,2,0.004892267283154292,0.0,0.0,mark,0.06419,0.0,0.5221752897928691
2022-09-12,TRX,2,6.873453399820002e-05,0.0,0.0,mark,0.0642,0.0,0.5222111825015986
2022-09-12,TRX,2,-0.0001449831726080588,0.00014497266305591458,0.0,funding,0.0642,0.0,0.5221354761557938
2022-09-12,TRX,2,0.003910645290484422,0.0,0.0,mark,0.06477,0.0,0.5241813605533759
2022-09-12,TRX,2,-0.01143175102617746,0.0,0.0,mark,0.06311,0.0,0.5182231709042769
2022-09-12,TRX,2,0.00518113746687913,0.0,0.0,mark,0.06386,0.0,0.5209151240589903
2022-09-13,TRX,2,-6.890555426288276e-05,0.0,0.0,mark,0.06385,0.0,0.5208792313502608
2022-09-13,TRX,2,-0.00014456145375292618,0.00014455100524951697,0.0,funding,0.06385,0.0,0.5208039377337556
2022-09-13,TRX,2,0.0008266728972502565,0.0,0.0,mark,0.06397,0.0,0.5212346502385097
2022-09-13,TRX,2,-0.023056747256944704,0.0,0.0,mark,0.06066,0.0,0.5093541636490412
2022-09-13,TRX,2,0.00014092426163761745,0.0,0.0,mark,0.06068,0.0,0.5094259490665002
2022-09-14,TRX,2,0.0,0.0,0.0,mark,0.06068,0.0,0.5094259490665002
2022-09-14,TRX,2,-0.00014047280929737667,0.00014046294345422143,0.0,funding,0.06068,0.0,0.5093543935982223
2022-09-14,TRX,2,0.007511692328666374,0.0,0.0,mark,0.06175,0.0,0.5131949134322801
2022-09-14,TRX,2,-0.008357654823874168,0.0,0.0,mark,0.06056,0.0,0.5089236810934682
2022-09-14,TRX,2,0.007448024871437562,0.0,0.0,mark,0.06162,0.0,0.5127283082187964
2022-09-15,TRX,2,0.0,0.0,0.0,mark,0.06162,0.0,0.5127283082187964
2022-09-15,TRX,2,-0.00014173020983713122,0.00014172016658536374,0.0,funding,0.06162,0.0,0.5126556442775426
2022-09-15,TRX,2,0.0024474676858444156,0.0,0.0,mark,0.06197,0.0,0.5139118890830755
2022-09-15,TRX,2,-0.009826017898462153,0.0,0.0,mark,0.06057,0.0,0.5088869098609439
2022-09-15,TRX,2,0.005205779438455705,0.0,0.0,mark,0.06131,0.0,0.5115429703069277
2022-09-16,TRX,2,7.016311757848017e-05,0.0,0.0,mark,0.06132,0.0,0.5115788630156572
2022-09-16,TRX,2,-0.00014135706028530992,0.00014134706984665984,0.0,funding,0.06132,0.0,0.5115065528423745
2022-09-16,TRX,2,0.0021029045837145776,0.0,0.0,mark,0.06162,0.0,0.5125833341042598
2022-09-16,TRX,2,-0.007520688551929162,0.0,0.0,mark,0.06055,0.0,0.5087428142702021
2022-09-16,TRX,2,0.005417783968214685,0.0,0.0,mark,0.06132,0.0,0.5115065528423745
2022-09-17,TRX,2,0.0,0.0,0.0,mark,0.06132,0.0,0.5115065528423745
2022-09-17,TRX,2,-0.00014137704492870248,0.00014136705166518557,0.0,funding,0.06132,0.0,0.5114342426690917
2022-09-17,TRX,2,0.007272264433552469,0.0,0.0,mark,0.06236,0.0,0.5151670843769609
2022-09-17,TRX,2,-0.007342447392138042,0.0,0.0,mark,0.06131,0.0,0.5113983499603622
2022-09-17,TRX,2,0.006784916192641333,0.0,0.0,mark,0.06228,0.0,0.5148799427071248
2022-09-18,TRX,2,0.0,0.0,0.0,mark,0.06228,0.0,0.5148799427071248
2022-09-18,TRX,2,-0.00014264969962615427,0.0001426395256415854,0.0,funding,0.06228,0.0,0.5148065004763347
2022-09-18,TRX,2,0.0025763470798154144,0.0,0.0,mark,0.06265,0.0,0.5161345306993266
2022-09-18,TRX,2,-0.01315999399086675,0.0,0.0,mark,0.06077,0.0,0.5093867014581783
2022-09-18,TRX,2,0.0,0.0,0.0,mark,0.06077,0.0,0.5093867014581783
2022-09-19,TRX,2,0.0,0.0,0.0,mark,0.06077,0.0,0.5093867014581783
2022-09-19,TRX,2,-0.00014069201196147385,0.00014068211530457407,0.0,funding,0.06077,0.0,0.5093150398595092
2022-09-19,TRX,2,-0.010627144953422972,0.0,0.0,mark,0.05927,0.0,0.5039311335500825
2022-09-19,TRX,2,0.01379339000995633,0.0,0.0,mark,0.06122,0.0,0.5109302117523372
2022-09-19,TRX,2,-0.006625373891153643,0.0,0.0,mark,0.06028,0.0,0.5075562971317631
2022-09-20,TRX,2,0.0,0.0,0.0,mark,0.06028,0.0,0.5075562971317631
2022-09-20,TRX,2,-0.00014006082910231966,0.00014005102104234132,0.0,funding,0.06028,0.0,0.5074852133541133
2022-09-20,TRX,2,0.0026840060084563342,0.0,0.0,mark,0.06066,0.0,0.5088491362858348
2022-09-20,TRX,2,-0.008785068149685164,0.0,0.0,mark,0.05942,0.0,0.5043984404033753
2022-09-20,TRX,2,0.002558464047540982,0.0,0.0,mark,0.05978,0.0,0.5056905779176377
2022-09-21,TRX,2,0.0,0.0,0.0,mark,0.05978,0.0,0.5056905779176377
2022-09-21,TRX,2,-0.0001394114927304171,0.0001394017753998384,0.0,funding,0.05978,0.0,0.505620083753273
2022-09-21,TRX,2,0.017033086294995264,0.0,0.0,mark,0.0622,0.0,0.5143061192658149
2022-09-21,TRX,2,-0.024800815293050945,0.0,0.0,mark,0.05869,0.0,0.5017077785017563
2022-09-21,TRX,2,0.002572167474612442,0.0,0.0,mark,0.05905,0.0,0.5029999160160187
2022-09-22,TRX,2,-7.135983178261162e-05,0.0,0.0,mark,0.05904,0.0,0.5029640233072892
2022-09-22,TRX,2,-0.0001384320796608001,0.00013842249838260976,0.0,funding,0.05904,0.0,0.5028944017705864
2022-09-22,TRX,2,0.010083847248831719,0.0,0.0,mark,0.06046,0.0,0.507991166410177
2022-09-22,TRX,2,-0.012370371593791115,0.0,0.0,mark,0.05872,0.0,0.5017458350912419
2022-09-22,TRX,2,0.01067318417571286,0.0,0.0,mark,0.06022,0.0,0.5071297414006687
2022-09-23,TRX,2,0.0,0.0,0.0,mark,0.06022,0.0,0.5071297414006687
2022-09-23,TRX,2,-0.0001400391076960102,0.00014002930267790768,0.0,funding,0.06022,0.0,0.5070587283766131
2022-09-23,TRX,2,0.006702169491549638,0.0,0.0,mark,0.06117,0.0,0.5104685357059168
2022-09-23,TRX,2,-0.013734663292076833,0.0,0.0,mark,0.05923,0.0,0.5035053502123914
2022-09-23,TRX,2,0.008447214566721411,0.0,0.0,mark,0.06042,0.0,0.5077765825512033
2022-09-24,TRX,2,7.068352788636312e-05,0.0,0.0,mark,0.06043,0.0,0.5078124752599328
2022-09-24,TRX,2,-0.00014033854135709644,0.00014032869436463272,0.0,funding,0.06043,0.0,0.5077412145982975
2022-09-24,TRX,2,0.0035987551472679495,0.0,0.0,mark,0.06094,0.0,0.5095717427435026
2022-09-24,TRX,2,-0.009696731757317952,0.0,0.0,mark,0.05957,0.0,0.5046544416475595
2022-09-24,TRX,2,0.001989473166029848,0.0,0.0,mark,0.05985,0.0,0.5056594374919858
2022-09-25,TRX,2,0.0,0.0,0.0,mark,0.05985,0.0,0.5056594374919858
2022-09-25,TRX,2,-0.00013958334557334892,0.00013957360427139146,0.0,funding,0.05985,0.0,0.5055888607817612
2022-09-25,TRX,2,0.0031187747170105342,0.0,0.0,mark,0.06029,0.0,0.5071681399658597
2022-09-25,TRX,2,-0.005962489840091909,0.0,0.0,mark,0.05945,0.0,0.5041531524325807
2022-09-25,TRX,2,0.0017782693890892583,0.0,0.0,mark,0.0597,0.0,0.5050504701508185
2022-09-26,TRX,2,0.0,0.0,0.0,mark,0.0597,0.0,0.5050504701508185
2022-09-26,TRX,2,-0.0001394013815065156,0.0001393916655855259,0.0,funding,0.0597,0.0,0.5049800703245795
2022-09-26,TRX,2,0.001420540071084902,0.0,0.0,mark,0.0599,0.0,0.5056979244991697
2022-09-26,TRX,2,-0.0066941543725149545,0.0,0.0,mark,0.05896,0.0,0.5023240098785956
2022-09-26,TRX,2,0.004491456261731892,0.0,0.0,mark,0.05959,0.0,0.5045852505285549
2022-09-27,TRX,2,0.0,0.0,0.0,mark,0.05959,0.0,0.5045852505285549
2022-09-27,TRX,2,-0.00013927280814121821,0.00013926311013401355,0.0,funding,0.05959,0.0,0.5045149804172385
2022-09-27,TRX,2,0.009135589998838312,0.0,0.0,mark,0.06088,0.0,0.5091451398433455
2022-09-27,TRX,2,-0.013341860904864722,0.0,0.0,mark,0.059,0.0,0.5023973106021973
2022-09-27,TRX,2,0.0027111507925099533,0.0,0.0,mark,0.05938,0.0,0.5037612335339188
2022-09-28,TRX,2,0.0,0.0,0.0,mark,0.05938,0.0,0.5037612335339188
2022-09-28,TRX,2,-0.00013900899089614778,0.00013899932959392125,0.0,funding,0.05938,0.0,0.5036912110601821
2022-09-28,TRX,2,0.0037696315976717453,0.0,0.0,mark,0.05991,0.0,0.5055935246228462
2022-09-28,TRX,2,-0.011136412959796659,0.0,0.0,mark,0.05835,0.0,0.49999426206104236
2022-09-28,TRX,2,0.008506281498790704,0.0,0.0,mark,0.05954,0.0,0.5042654943998542
2022-09-29,TRX,2,0.0,0.0,0.0,mark,0.05954,0.0,0.5042654943998542
2022-09-29,TRX,2,-0.000139244186104927,0.00013923449208320216,0.0,funding,0.05954,0.0,0.5041952832498664
2022-09-29,TRX,2,-0.0014960688399505706,0.0,0.0,mark,0.05933,0.0,0.5034415363665466
2022-09-29,TRX,2,0.0188567707762385,0.0,0.0,mark,0.062,0.0,0.5130248895973263
2022-09-29,TRX,2,-0.0070913370391872885,0.0,0.0,mark,0.06099,0.0,0.5093997260156455
2022-09-30,TRX,2,0.0,0.0,0.0,mark,0.06099,0.0,0.5093997260156455
2022-09-30,TRX,2,-0.00014119777162263774,0.000141187803686381,0.0,funding,0.06099,0.0,0.5093278049871309
2022-09-30,TRX,2,0.009328958423535842,0.0,0.0,mark,0.06232,0.0,0.514101535248156
2022-09-30,TRX,2,-0.014769981170701867,0.0,0.0,mark,0.06022,0.0,0.5065640664149585
2022-09-30,TRX,2,0.0055819543013826255,0.0,0.0,mark,0.06101,0.0,0.5093995904045899
2022-10-01,TRX,2,0.0,0.0,0.0,mark,0.06101,0.0,0.5093995904045899
2022-10-01,TRX,2,-0.00014124411443890443,0.00014123413995848464,0.0,funding,0.06101,0.0,0.5093276457915439
2022-10-01,TRX,2,0.0033768885983848787,0.0,0.0,mark,0.06149,0.0,0.5110504958105605
2022-10-01,TRX,2,-0.010165069675546314,0.0,0.0,mark,0.06005,0.0,0.5058819457535108
2022-10-01,TRX,2,0.0031169706539707657,0.0,0.0,mark,0.06049,0.0,0.5074612249376093
2022-10-02,TRX,2,7.072745203130092e-05,0.0,0.0,mark,0.0605,0.0,0.5074971176463388
2022-10-02,TRX,2,-0.00014058842926708667,0.00014057854717694715,0.0,funding,0.0605,0.0,0.5074257744388435
2022-10-02,TRX,2,0.010414346366960077,0.0,0.0,mark,0.06198,0.0,0.5127378953308113
2022-10-02,TRX,2,-0.011263525554123738,0.0,0.0,mark,0.06038,0.0,0.5069950619340894
2022-10-02,TRX,2,0.003886163351373245,0.0,0.0,mark,0.06093,0.0,0.5089691609142125
2022-10-03,TRX,2,0.0,0.0,0.0,mark,0.06093,0.0,0.5089691609142125
2022-10-03,TRX,2,-0.0001411781938942657,0.00014116822872200222,0.0,funding,0.06093,0.0,0.5088973106392921
2022-10-03,TRX,2,0.004012170786835003,0.0,0.0,mark,0.0615,0.0,0.5109431950368742
2022-10-03,TRX,2,-0.005776986069544517,0.0,0.0,mark,0.06068,0.0,0.5079999929210542
2022-10-03,TRX,2,0.004863345560798728,0.0,0.0,mark,0.06137,0.0,0.5104765898233906
2022-10-04,TRX,2,-7.031462627484949e-05,0.0,0.0,mark,0.06136,0.0,0.5104406971146611
2022-10-04,TRX,2,-0.00014176469810145192,0.0001417546499614272,0.0,funding,0.06136,0.0,0.5103683397723155
2022-10-04,TRX,2,-0.0021120408166816424,0.0,0.0,mark,0.06106,0.0,0.5092915585104302
2022-10-04,TRX,2,0.009957813660832926,0.0,0.0,mark,0.06248,0.0,0.5143883231500208
2022-10-04,TRX,2,-0.0008376802314969838,0.0,0.0,mark,0.06236,0.0,0.5139576106452667
2022-10-05,TRX,2,0.0,0.0,0.0,mark,0.06236,0.0,0.5139576106452667
2022-10-05,TRX,2,-0.00014308929115108092,0.00014307905436676053,0.0,funding,0.06236,0.0,0.513884074076351
2022-10-05,TRX,2,0.002650629143919918,0.0,0.0,mark,0.06274,0.0,0.5152479970080724
2022-10-05,TRX,2,-0.005658523119282174,0.0,0.0,mark,0.06193,0.0,0.512340687600982
2022-10-05,TRX,2,0.003636309809843015,0.0,0.0,mark,0.06245,0.0,0.5142071084549166
2022-10-06,TRX,2,-6.980448323230951e-05,0.0,0.0,mark,0.06244,0.0,0.5141712157461871
2022-10-06,TRX,2,-0.00014321334484777945,0.00014320309030617682,0.0,funding,0.06244,0.0,0.5140975848391457
2022-10-06,TRX,2,0.005500381619902341,0.0,0.0,mark,0.06323,0.0,0.5169331088287771
2022-10-06,TRX,2,-0.00941779204918187,0.0,0.0,mark,0.06188,0.0,0.512087593150293
2022-10-06,TRX,2,0.006218718668478906,0.0,0.0,mark,0.06277,0.0,0.5152820442272196
2022-10-07,TRX,2,6.96540062101536e-05,0.0,0.0,mark,0.06278,0.0,0.5153179369359491
2022-10-07,TRX,2,-0.00014367278349229339,0.0001436624630521973,0.0,funding,0.06278,0.0,0.5152439050918739
2022-10-07,TRX,2,0.0036852652342940035,0.0,0.0,mark,0.06331,0.0,0.517146218654538
2022-10-07,TRX,2,-0.009133684830867942,0.0,0.0,mark,0.062,0.0,0.5124442738109719
2022-10-07,TRX,2,0.0035657856720111816,0.0,0.0,mark,0.06251,0.0,0.514274801956177
2022-10-08,TRX,2,-6.979529461414357e-05,0.0,0.0,mark,0.0625,0.0,0.5142389092474475
2022-10-08,TRX,2,-0.0001433320998142665,0.00014332182825956376,0.0,funding,0.0625,0.0,0.514165207586812
2022-10-08,TRX,2,-0.005108993388847375,0.0,0.0,mark,0.06177,0.0,0.5115450398495576
2022-10-08,TRX,2,0.0067829771439334155,0.0,0.0,mark,0.06274,0.0,0.5150266325963202
2022-10-08,TRX,2,-0.004820276236475665,0.0,0.0,mark,0.06205,0.0,0.5125500356939838
2022-10-09,TRX,2,7.002526494279978e-05,0.0,0.0,mark,0.06206,0.0,0.5125859284027133
2022-10-09,TRX,2,-0.0001427819641658035,0.00014277177130617153,0.0,funding,0.06206,0.0,0.5125127456017686
2022-10-09,TRX,2,0.005099371349003992,0.0,0.0,mark,0.06279,0.0,0.515132913339023
2022-10-09,TRX,2,-0.0060102125941939285,0.0,0.0,mark,0.06193,0.0,0.512046140388285
2022-10-09,TRX,2,0.0030096216222293493,0.0,0.0,mark,0.06236,0.0,0.513589526863654
2022-10-10,TRX,2,-6.98884247226797e-05,0.0,0.0,mark,0.06235,0.0,0.5135536341549245
2022-10-10,TRX,2,-0.00014317889210280807,0.00014316864249439316,0.0,funding,0.06235,0.0,0.5134801093782745
2022-10-10,TRX,2,-0.0005593634112581245,0.0,0.0,mark,0.06227,0.0,0.5131929677084384
2022-10-10,TRX,2,0.020764904997101822,0.0,0.0,mark,0.06527,0.0,0.5239607803272919
2022-10-10,TRX,2,-0.017483116640879565,0.0,0.0,mark,0.06274,0.0,0.5148799250187254
2022-10-11,TRX,2,-0.00013943138711972714,0.0,0.0,mark,0.06272,0.0,0.5148081396012664
2022-10-11,TRX,2,-0.0001436776115115605,0.0001436672903778681,0.0,funding,0.06272,0.0,0.5147341785107854
2022-10-11,TRX,2,6.972814100272324e-05,0.0,0.0,mark,0.06273,0.0,0.5147700712195149
2022-10-11,TRX,2,-0.010725345073518223,0.0,0.0,mark,0.0612,0.0,0.5092784867838996
2022-10-11,TRX,2,0.003236724239013258,0.0,0.0,mark,0.06166,0.0,0.5109295513854571
2022-10-12,TRX,2,7.024735203325362e-05,0.0,0.0,mark,0.06167,0.0,0.5109654440941866
2022-10-12,TRX,2,-0.0001423346315087757,0.00014232450241567201,0.0,funding,0.06167,0.0,0.5108927211916043
2022-10-12,TRX,2,0.019687063851958043,0.0,0.0,mark,0.0645,0.0,0.5210503577620562
2022-10-12,TRX,2,-0.023347007235613632,0.0,0.0,mark,0.06115,0.0,0.5090263003376697
2022-10-12,TRX,2,0.004081383867561279,0.0,0.0,mark,0.06173,0.0,0.5111080774439813
2022-10-13,TRX,2,-7.022774763372305e-05,0.0,0.0,mark,0.06172,0.0,0.5110721847352518
2022-10-13,TRX,2,-0.00014242028624282657,0.00014241014495539265,0.0,funding,0.06172,0.0,0.510999402871341
2022-10-13,TRX,2,0.003995698897249927,0.0,0.0,mark,0.06229,0.0,0.5130452872689232
2022-10-13,TRX,2,-0.020925616375942518,0.0,0.0,mark,0.05933,0.0,0.5024210454849877
2022-10-13,TRX,2,0.011859790485897486,0.0,0.0,mark,0.061,0.0,0.5084151278428162
2022-10-14,TRX,2,-7.059973983204962e-05,0.0,0.0,mark,0.06099,0.0,0.5083792351340867
2022-10-14,TRX,2,-0.00014148122386075184,0.00014147121586432192,0.0,funding,0.06099,0.0,0.5083073141055721
2022-10-14,TRX,2,0.03134953962625285,0.0,0.0,mark,0.0655,0.0,0.5244949257425819
2022-10-14,TRX,2,-0.033116405155482774,0.0,0.0,mark,0.06074,0.0,0.5074099963873343
2022-10-14,TRX,2,0.022314306720754705,0.0,0.0,mark,0.06393,0.0,0.5188597704720486
2022-10-15,TRX,2,0.0,0.0,0.0,mark,0.06393,0.0,0.5188597704720486
2022-10-15,TRX,2,-0.00014530598865969307,0.0001452954322558153,0.0,funding,0.06393,0.0,0.5187843825174177
2022-10-15,TRX,2,0.008268066523278871,0.0,0.0,mark,0.06513,0.0,0.523091507564959
2022-10-15,TRX,2,-0.02367631156266836,0.0,0.0,mark,0.06172,0.0,0.5108520938881955
2022-10-15,TRX,2,0.00014051106986347466,0.0,0.0,mark,0.06174,0.0,0.5109238793056545
2022-10-16,TRX,2,-7.025306701167638e-05,0.0,0.0,mark,0.06173,0.0,0.510887986596925
2022-10-16,TRX,2,-0.00014249472402082597,0.0001424845721298005,0.0,funding,0.06173,0.0,0.5108151929407485
2022-10-16,TRX,2,-0.003731025596086644,0.0,0.0,mark,0.0612,0.0,0.5089128793780844
2022-10-16,TRX,2,0.006047104450489432,0.0,0.0,mark,0.06206,0.0,0.5119996523288224
2022-10-16,TRX,2,-0.0013328447355167227,0.0,0.0,mark,0.06187,0.0,0.5113176908629616
2022-10-17,TRX,2,0.0,0.0,0.0,mark,0.06187,0.0,0.5113176908629616
2022-10-17,TRX,2,-0.00014269788597877836,0.00014268770511970303,0.0,funding,0.06187,0.0,0.5112447321150653
2022-10-17,TRX,2,0.00845910843303251,0.0,0.0,mark,0.06308,0.0,0.5155877498713362
2022-10-17,TRX,2,-0.010075163291474102,0.0,0.0,mark,0.06164,0.0,0.5104191998142864
2022-10-17,TRX,2,0.00707722332547622,0.0,0.0,mark,0.06265,0.0,0.5140443633959672
2022-10-18,TRX,2,6.982170850368811e-05,0.0,0.0,mark,0.06266,0.0,0.5140802561046967
2022-10-18,TRX,2,-0.0001437434073004744,0.0001437330767119107,0.0,funding,0.06266,0.0,0.5140063657678099
2022-10-18,TRX,2,-0.006726183690919963,0.0,0.0,mark,0.0617,0.0,0.5105606657297768
2022-10-18,TRX,2,0.00909756620493579,0.0,0.0,mark,0.063,0.0,0.5152267178646133
2022-10-18,TRX,2,-0.0057288191767558404,0.0,0.0,mark,0.06218,0.0,0.5122835157487933
2022-10-19,TRX,2,7.006169491846749e-05,0.0,0.0,mark,0.06219,0.0,0.5123194084575228
2022-10-19,TRX,2,-0.00014315551694322884,0.00014314527068102706,0.0,funding,0.06219,0.0,0.5122460723571239
2022-10-19,TRX,2,0.007052071930348462,0.0,0.0,mark,0.0632,0.0,0.5158712359388047
2022-10-19,TRX,2,-0.010842989005131866,0.0,0.0,mark,0.06165,0.0,0.5103078660857303
2022-10-19,TRX,2,0.0006328183431361392,0.0,0.0,mark,0.06174,0.0,0.5106309004642959
2022-10-20,TRX,2,0.0,0.0,0.0,mark,0.06174,0.0,0.5106309004642959
2022-10-20,TRX,2,-0.0001425895674313178,0.00014257940202212747,0.0,funding,0.06174,0.0,0.5105580950158537
2022-10-20,TRX,2,0.006516706527300766,0.0,0.0,mark,0.06267,0.0,0.5138961169276983
2022-10-20,TRX,2,-0.008416635350628065,0.0,0.0,mark,0.06147,0.0,0.5095889918801568
2022-10-20,TRX,2,0.004778120968054028,0.0,0.0,mark,0.06215,0.0,0.5120296960737636
2022-10-21,TRX,2,0.0,0.0,0.0,mark,0.06215,0.0,0.5120296960737636
2022-10-21,TRX,2,-0.0001431443868835937,0.00014313414221473378,0.0,funding,0.06215,0.0,0.5119564071424276
2022-10-21,TRX,2,0.005593043011467737,0.0,0.0,mark,0.06295,0.0,0.5148278238407886
2022-10-21,TRX,2,-0.01581086038001696,0.0,0.0,mark,0.0607,0.0,0.5067519643766484
2022-10-21,TRX,2,0.006846914286660136,0.0,0.0,mark,0.06167,0.0,0.510233557123411
2022-10-22,TRX,2,0.0,0.0,0.0,mark,0.06167,0.0,0.510233557123411
2022-10-22,TRX,2,-0.000142538813075241,0.00014252865490130512,0.0,funding,0.06167,0.0,0.5101608342208287
2022-10-22,TRX,2,0.00231904613518681,0.0,0.0,mark,0.062,0.0,0.5113452936089026
2022-10-22,TRX,2,-0.005843031725239622,0.0,0.0,mark,0.06117,0.0,0.5083661987843531
2022-10-22,TRX,2,0.0028905839783684353,0.0,0.0,mark,0.06158,0.0,0.5098377998422631
2022-10-23,TRX,2,7.039777233469352e-05,0.0,0.0,mark,0.06159,0.0,0.5098736925509926
2022-10-23,TRX,2,-0.0001424543740322182,0.00014244422788969622,0.0,funding,0.06159,0.0,0.5098010639865359
2022-10-23,TRX,2,0.002952660184105482,0.0,0.0,mark,0.06201,0.0,0.5113085577531754
2022-10-23,TRX,2,-0.00662045513960948,0.0,0.0,mark,0.06107,0.0,0.5079346431326013
2022-10-23,TRX,2,0.005707467783644882,0.0,0.0,mark,0.06188,0.0,0.5108419525396918
2022-10-24,TRX,2,0.0,0.0,0.0,mark,0.06188,0.0,0.5108419525396918
2022-10-24,TRX,2,-0.00014285387483461436,0.00014284367170563133,0.0,funding,0.06188,0.0,0.5107689819995297
2022-10-24,TRX,2,0.001053523405176074,0.0,0.0,mark,0.06203,0.0,0.5113073726304724
2022-10-24,TRX,2,-0.005631660844428476,0.0,0.0,mark,0.06123,0.0,0.5084359559321114
2022-10-24,TRX,2,0.0005645954316900481,0.0,0.0,mark,0.06131,0.0,0.5087230976019476
2022-10-25,TRX,2,0.0,0.0,0.0,mark,0.06131,0.0,0.5087230976019476
2022-10-25,TRX,2,-0.00014212745454660929,0.00014211735491832808,0.0,funding,0.06131,0.0,0.5086507992209305
2022-10-25,TRX,2,0.011087502868097794,0.0,0.0,mark,0.06289,0.0,0.5143218472001934
2022-10-25,TRX,2,-0.01235847189396079,0.0,0.0,mark,0.06113,0.0,0.5080047304637992
2022-10-25,TRX,2,0.008582883672720464,0.0,0.0,mark,0.06235,0.0,0.5123836409287997
2022-10-26,TRX,2,0.0,0.0,0.0,mark,0.06235,0.0,0.5123836409287997
2022-10-26,TRX,2,-0.00014350585483344068,0.00014349555836080973,0.0,funding,0.06235,0.0,0.5123101161521497
2022-10-26,TRX,2,-0.0004905438767286427,0.0,0.0,mark,0.06228,0.0,0.5120588671910431
2022-10-26,TRX,2,0.010459343004131972,0.0,0.0,mark,0.06378,0.0,0.5174427735004699
2022-10-26,TRX,2,-0.002569824963377544,0.0,0.0,mark,0.06341,0.0,0.5161147432774779
2022-10-27,TRX,2,-6.954646678293122e-05,0.0,0.0,mark,0.0634,0.0,0.5160788505687484
2022-10-27,TRX,2,-0.00014487782311713423,0.00014486732883222574,0.0,funding,0.0634,0.0,0.5160040876041997
2022-10-27,TRX,2,0.005272556724353235,0.0,0.0,mark,0.06416,0.0,0.5187319334676426
2022-10-27,TRX,2,-0.010223478640515175,0.0,0.0,mark,0.06269,0.0,0.5134557052844043
2022-10-27,TRX,2,0.0018856343902285322,0.0,0.0,mark,0.06296,0.0,0.5144248084201012
2022-10-28,TRX,2,0.0,0.0,0.0,mark,0.06296,0.0,0.5144248084201012
2022-10-28,TRX,2,-0.0001443349188837018,0.00014432450310054802,0.0,funding,0.06296,0.0,0.5143505643152434
2022-10-28,TRX,2,0.005636474067001059,0.0,0.0,mark,0.06377,0.0,0.5172578737223338
2022-10-28,TRX,2,-0.00822176847413579,0.0,0.0,mark,0.06259,0.0,0.5130225340922514
2022-10-28,TRX,2,0.006763508223745383,0.0,0.0,mark,0.06356,0.0,0.516504126839014
2022-10-29,TRX,2,-6.949403507809918e-05,0.0,0.0,mark,0.06355,0.0,0.5164682341302845
2022-10-29,TRX,2,-0.00014511112400701905,0.00014510059589709618,0.0,funding,0.06355,0.0,0.5163932942817503
2022-10-29,TRX,2,-0.0006953070227550221,0.0,0.0,mark,0.06345,0.0,0.5160343671944552
2022-10-29,TRX,2,0.007483853072297375,0.0,0.0,mark,0.06453,0.0,0.5199107797372424
2022-10-29,TRX,2,-0.0017273982169224078,0.0,0.0,mark,0.06428,0.0,0.5190134620190047
2022-10-30,TRX,2,0.0,0.0,0.0,mark,0.06428,0.0,0.5190134620190047
2022-10-30,TRX,2,-0.00014605829187834735,0.00014604762588542046,0.0,funding,0.06428,0.0,0.5189376613350742
2022-10-30,TRX,2,0.003659081747599511,0.0,0.0,mark,0.06481,0.0,0.5208399748977384
2022-10-30,TRX,2,-0.013110143665120765,0.0,0.0,mark,0.06292,0.0,0.5140562529478606
2022-10-30,TRX,2,0.0012560164415339398,0.0,0.0,mark,0.0631,0.0,0.5147023217049919
2022-10-31,TRX,2,0.0,0.0,0.0,mark,0.0631,0.0,0.5147023217049919
2022-10-31,TRX,2,-0.00014457789003762106,0.0001445674391581585,0.0,funding,0.0631,0.0,0.5146279125084142
2022-10-31,TRX,2,0.0020901632100977477,0.0,0.0,mark,0.0634,0.0,0.5157046937702996
2022-10-31,TRX,2,-0.007404879106357486,0.0,0.0,mark,0.06234,0.0,0.5119000666449713
2022-10-31,TRX,2,0.006360343598989977,0.0,0.0,mark,0.06325,0.0,0.515166303139357
2022-11-01,TRX,2,0.0,0.0,0.0,mark,0.06325,0.0,0.515166303139357
2022-11-01,TRX,2,-0.0001447910702586282,0.00014478058853744258,0.0,funding,0.06325,0.0,0.5150917170587938
2022-11-01,TRX,2,-0.005029744241843098,0.0,0.0,mark,0.06253,0.0,0.5125074420302689
2022-11-01,TRX,2,0.006352829812988744,0.0,0.0,mark,0.06344,0.0,0.5157736785246544
2022-11-01,TRX,2,-0.004673435904867113,0.0,0.0,mark,0.06277,0.0,0.5133688670397771
2022-11-02,TRX,2,0.0,0.0,0.0,mark,0.06277,0.0,0.5133688670397771
2022-11-02,TRX,2,-0.0006365537141378307,0.0006363511568040801,0.4388628667614345,rotation,0.06277,-3.5892708729511913,0.5130421841673691
2022-11-02,DOGE,3,-0.0007120467973052659,0.0007117933521430178,0.49089196699518467,entry,0.14211,1.7722066493380173,0.5126770041513099
2022-11-02,DOGE,3,-0.0001614065791880237,0.0001613935538468579,0.0,funding,0.14211,0.0,0.5125942613876343
2022-11-02,DOGE,3,-0.0720620826630858,0.0,0.0,mark,0.122,0.0,0.4769551856694468
2022-11-02,DOGE,3,0.09222117947700423,0.0,0.0,mark,0.148,0.0,0.5230325585522352
2022-11-02,DOGE,3,-0.07144498839027218,0.0,0.0,mark,0.12765,0.0,0.4869681532382066
2022-11-03,DOGE,3,3.639199792999324e-05,0.0,0.0,mark,0.12766,0.0,0.48698587530469994
2022-11-03,DOGE,3,-0.00015264303898233718,0.00015263138962646938,0.0,funding,0.12766,0.0,0.48691154597382375
2022-11-03,DOGE,3,0.033394445830543795,0.0,0.0,mark,0.13699,0.0,0.5034462340121475
2022-11-03,DOGE,3,-0.06167049026422332,0.0,0.0,mark,0.12,0.0,0.4733364430398946
2022-11-03,DOGE,3,0.00976167322441224,0.0,0.0,mark,0.12262,0.0,0.4779796244611602
2022-11-04,DOGE,3,0.0,0.0,0.0,mark,0.12262,0.0,0.4779796244611602
2022-11-04,DOGE,3,-0.000149379068896313,0.0001493679123988151,0.0,funding,0.12262,0.0,0.4779082296424853
2022-11-04,DOGE,3,0.023926387146085887,0.0,0.0,mark,0.12915,0.0,0.48948073906266254
2022-11-04,DOGE,3,-0.050607818139344854,0.0,0.0,mark,0.11552,0.0,0.46532556243218537
2022-11-04,DOGE,3,0.03961343391247633,0.0,0.0,mark,0.12613,0.0,0.48412867498166173
2022-11-05,DOGE,3,-3.660677787752382e-05,0.0,0.0,mark,0.12612,0.0,0.48411095291516837
2022-11-05,DOGE,3,-0.0001516971343696899,0.00015168562894121962,0.0,funding,0.12612,0.0,0.4840375202407981
2022-11-05,DOGE,3,0.035534741337499454,0.0,0.0,mark,0.136,0.0,0.5015469219362577
2022-11-05,DOGE,3,-0.057709992787011305,0.0,0.0,mark,0.12013,0.0,0.47342200241126337
2022-11-05,DOGE,3,0.016042110870180787,0.0,0.0,mark,0.12445,0.0,0.4810779351364036
2022-11-06,DOGE,3,-3.683892282714082e-05,0.0,0.0,mark,0.12444,0.0,0.4810602130699102
2022-11-06,DOGE,3,-0.0001506255527991823,0.00015061420934010821,0.0,funding,0.12444,0.0,0.4809877585662737
2022-11-06,DOGE,3,0.01193995336780912,0.0,0.0,mark,0.1277,0.0,0.4867651522431156
2022-11-06,DOGE,3,-0.05951567717442349,0.0,0.0,mark,0.11183,0.0,0.45864023271812127
2022-11-06,DOGE,3,0.011296249717586188,0.0,0.0,mark,0.11477,0.0,0.46385052026717505
2022-11-07,DOGE,3,0.0,0.0,0.0,mark,0.11477,0.0,0.46385052026717505
2022-11-07,DOGE,3,-0.00014407446040991227,0.00014406408218329325,0.0,funding,0.11477,0.0,0.46378369606770253
2022-11-07,DOGE,3,0.016335189785888597,0.0,0.0,mark,0.11908,0.0,0.4714219067263494
2022-11-07,DOGE,3,-0.04580628854062108,0.0,0.0,mark,0.10717,0.0,0.4503149255327336
2022-11-07,DOGE,3,0.015851754647511034,0.0,0.0,mark,0.11123,0.0,0.45751008452904596
2022-11-08,DOGE,3,3.873515330347859e-05,0.0,0.0,mark,0.11124,0.0,0.4575278065955394
2022-11-08,DOGE,3,-0.000141572731472256,0.0001415627105259667,0.0,funding,0.11124,0.0,0.4574630377190967
2022-11-08,DOGE,3,0.006795081207621323,0.0,0.0,mark,0.113,0.0,0.4605821214219316
2022-11-08,DOGE,3,-0.14598080866342092,0.0,0.0,mark,0.0777,0.0,0.3980232267002996
2022-11-08,DOGE,3,0.045989239165430705,0.0,0.0,mark,0.08827,0.0,0.41675545098380246
2022-11-09,DOGE,3,0.0,0.0,0.0,mark,0.08827,0.0,0.41675545098380246
2022-11-09,DOGE,3,-0.00012332865665257297,0.00012332105198644533,0.0,funding,0.08827,0.0,0.41670405626316603
2022-11-09,DOGE,3,0.01653398142832697,0.0,0.0,mark,0.09219,0.0,0.42365110632857106
2022-11-09,DOGE,3,-0.09497855855741241,0.0,0.0,mark,0.07053,0.0,0.3852651103039096
2022-11-09,DOGE,3,0.018097122281248174,0.0,0.0,mark,0.0745,0.0,0.39230077070178154
2022-11-10,DOGE,3,9.034530276874796e-05,0.0,0.0,mark,0.07452,0.0,0.3923362148347683
2022-11-10,DOGE,3,-0.00011059712746692829,0.00011059101183006323,0.0,funding,0.07452,0.0,0.3922928259757922
2022-11-10,DOGE,3,0.0868726787662314,0.0,0.0,mark,0.09461,0.0,0.4278964575609929
2022-11-10,DOGE,3,-0.09349016471474911,0.0,0.0,mark,0.07306,0.0,0.3897054042677587
2022-11-10,DOGE,3,0.0732830958398067,0.0,0.0,mark,0.08978,0.0,0.4193366994446903
2022-11-11,DOGE,3,-8.452785330498185e-05,0.0,0.0,mark,0.08976,0.0,0.4193012553117036
2022-11-11,DOGE,3,-0.00012464909547893913,0.0001246413271033166,0.0,funding,0.08976,0.0,0.4192489930467855
2022-11-11,DOGE,3,-0.04208759412897919,0.0,0.0,mark,0.08001,0.0,0.4019699782157398
2022-11-11,DOGE,3,0.05798131910791979,0.0,0.0,mark,0.09355,0.0,0.42596565624777655
2022-11-11,DOGE,3,-0.03583172083791704,0.0,0.0,mark,0.08509,0.0,0.4109727879943769
2022-11-12,DOGE,3,8.624075773307495e-05,0.0,0.0,mark,0.08511,0.0,0.4110082321273637
2022-11-12,DOGE,3,-0.00012057621190697898,0.00012056894288775324,0.0,funding,0.08511,0.0,0.41095867729929797
2022-11-12,DOGE,3,0.042591786622240876,0.0,0.0,mark,0.0952,0.0,0.42884024239111856
2022-11-12,DOGE,3,-0.07173268491221371,0.0,0.0,mark,0.07845,0.0,0.3991557810147068
2022-11-12,DOGE,3,0.04216532160809476,0.0,0.0,mark,0.08815,0.0,0.41634618551328556
2022-11-13,DOGE,3,-4.256660513977873e-05,0.0,0.0,mark,0.08814,0.0,0.41632846344679214
2022-11-13,DOGE,3,-0.0001232733203659643,0.00012326572252246935,0.0,funding,0.08814,0.0,0.4162771444179387
2022-11-13,DOGE,3,0.014496867094910307,0.0,0.0,mark,0.09157,0.0,0.42235581322516813
2022-11-13,DOGE,3,-0.0379724280182788,0.0,0.0,mark,0.08269,0.0,0.40661861817904654
2022-11-13,DOGE,3,0.00980178947983261,0.0,0.0,mark,0.08495,0.0,0.41062380520655045
2022-11-14,DOGE,3,4.3157955888986014e-05,0.0,0.0,mark,0.08496,0.0,0.4106415272730438
2022-11-14,DOGE,3,-0.00012047118440528491,0.00012046392804352515,0.0,funding,0.08496,0.0,0.4105920597816507
2022-11-14,DOGE,3,-0.02530850315313774,0.0,0.0,mark,0.07917,0.0,0.4003309832819836
2022-11-14,DOGE,3,0.0531455274359162,0.0,0.0,mark,0.0915,0.0,0.4221822912683213
2022-11-14,DOGE,3,-0.023573067695392042,0.0,0.0,mark,0.08595,0.0,0.4123465443644953
2022-11-15,DOGE,3,-4.29794976605966e-05,0.0,0.0,mark,0.08594,0.0,0.41232882229800194
2022-11-15,DOGE,3,-0.00012136218646176471,0.00012135482236949642,0.0,funding,0.08594,0.0,0.41227878420701414
2022-11-15,DOGE,3,0.015186978873884111,0.0,0.0,mark,0.0895,0.0,0.41858783987865744
2022-11-15,DOGE,3,-0.02053145426173348,0.0,0.0,mark,0.0847,0.0,0.410081247961835
2022-11-15,DOGE,3,0.010147314702557196,0.0,0.0,mark,0.08706,0.0,0.4142636556542727
2022-11-16,DOGE,3,-4.278059475995273e-05,0.0,0.0,mark,0.08705,0.0,0.41424593358777934
2022-11-16,DOGE,3,-0.00012236084704965615,0.00012235336126654268,0.0,funding,0.08705,0.0,0.4141952492054139
2022-11-16,DOGE,3,0.01764273356629004,0.0,0.0,mark,0.09121,0.0,0.42156762886666005
2022-11-16,DOGE,3,-0.03347006295001789,0.0,0.0,mark,0.08338,0.0,0.40769125080234336
2022-11-16,DOGE,3,0.00908714633913378,0.0,0.0,mark,0.08548,0.0,0.4114128847659532
2022-11-17,DOGE,3,4.3075181798382e-05,0.0,0.0,mark,0.08549,0.0,0.4114306068324466
2022-11-17,DOGE,3,-0.0001209902506380845,0.00012098293161280741,0.0,funding,0.08549,0.0,0.41138083075147674
2022-11-17,DOGE,3,0.007724393779633933,0.0,0.0,mark,0.08729,0.0,0.4145708027202852
2022-11-17,DOGE,3,-0.021431013013510594,0.0,0.0,mark,0.08233,0.0,0.4057806577395686
2022-11-17,DOGE,3,0.01016784895734721,0.0,0.0,mark,0.08467,0.0,0.40992762129901955
2022-11-18,DOGE,3,0.0,0.0,0.0,mark,0.08467,0.0,0.40992762129901955
2022-11-18,DOGE,3,-0.00012026904882892758,0.00012026181679685297,0.0,funding,0.08467,0.0,0.4098783226585269
2022-11-18,DOGE,3,0.009124569650518439,0.0,0.0,mark,0.08679,0.0,0.4136354007551235
2022-11-18,DOGE,3,-0.013631398114416963,0.0,0.0,mark,0.08363,0.0,0.4080352277432154
2022-11-18,DOGE,3,0.004809444360170561,0.0,0.0,mark,0.08474,0.0,0.4100023771239806
2022-11-19,DOGE,3,0.0,0.0,0.0,mark,0.08474,0.0,0.4100023771239806
2022-11-19,DOGE,3,-0.00012034653780558667,0.0001203392964514921,0.0,funding,0.08474,0.0,0.40995303772637404
2022-11-19,DOGE,3,0.0011233359264605585,0.0,0.0,mark,0.085,0.0,0.41041381145520195
2022-11-19,DOGE,3,-0.008543039160173488,0.0,0.0,mark,0.08303,0.0,0.40692256435600604
2022-11-19,DOGE,3,0.006598005155869852,0.0,0.0,mark,0.08455,0.0,0.40961631846299984
2022-11-20,DOGE,3,0.0,0.0,0.0,mark,0.08455,0.0,0.40961631846299984
2022-11-20,DOGE,3,-0.00012018986401261122,0.00012018264150028812,0.0,funding,0.08455,0.0,0.40956708969184535
2022-11-20,DOGE,3,0.005566340175050026,0.0,0.0,mark,0.08584,0.0,0.4118532362694914
2022-11-20,DOGE,3,-0.0417824349618848,0.0,0.0,mark,0.07633,0.0,0.39499955103428686
2022-11-20,DOGE,3,0.0031357014936199057,0.0,0.0,mark,0.07703,0.0,0.39624009568882346
2022-11-21,DOGE,3,8.944715138012504e-05,0.0,0.0,mark,0.07705,0.0,0.3962755398218102
2022-11-21,DOGE,3,-0.00011321535798018471,0.00011320894936339873,0.0,funding,0.07705,0.0,0.39623067788428856
2022-11-21,DOGE,3,0.0014748909007393778,0.0,0.0,mark,0.07738,0.0,0.39681550607857013
2022-11-21,DOGE,3,-0.027483286814438693,0.0,0.0,mark,0.07131,0.0,0.3860582117170884
2022-11-21,DOGE,3,0.015261184245345404,0.0,0.0,mark,0.07466,0.0,0.39199510399237075
2022-11-22,DOGE,3,0.0,0.0,0.0,mark,0.07466,0.0,0.39199510399237075
2022-11-22,DOGE,3,-0.00011090134358090262,0.00011089519425429773,0.0,funding,0.07466,0.0,0.3919516336191668
2022-11-22,DOGE,3,0.022532550377917092,0.0,0.0,mark,0.0797,0.0,0.4008835551318304
2022-11-22,DOGE,3,-0.029747691219057203,0.0,0.0,mark,0.07307,0.0,0.38913382504671934
2022-11-22,DOGE,3,0.0255835265293408,0.0,0.0,mark,0.07876,0.0,0.39921768088145265
2022-11-23,DOGE,3,4.4391002690641955e-05,0.0,0.0,mark,0.07877,0.0,0.39923540294794607
2022-11-23,DOGE,3,-0.0001148846826897045,0.00011487808369729646,0.0,funding,0.07877,0.0,0.3991895395499113
2022-11-23,DOGE,3,0.020955365602666455,0.0,0.0,mark,0.08354,0.0,0.40764296526725363
2022-11-23,DOGE,3,-0.025315579042825033,0.0,0.0,mark,0.07779,0.0,0.39745277703356
2022-11-23,DOGE,3,0.01846668524920035,0.0,0.0,mark,0.08197,0.0,0.40486060082779296
2022-11-24,DOGE,3,0.0,0.0,0.0,mark,0.08197,0.0,0.40486060082779296
2022-11-24,DOGE,3,-0.00011789093235555533,0.0001178839834926323,0.0,funding,0.08197,0.0,0.40481287424740814
2022-11-24,DOGE,3,0.01032202873549897,0.0,0.0,mark,0.08434,0.0,0.4090130040063392
2022-11-24,DOGE,3,-0.018409875955865584,0.0,0.0,mark,0.08013,0.0,0.4015520140126262
2022-11-24,DOGE,3,0.00585265180487986,0.0,0.0,mark,0.08146,0.0,0.40390904885624573
2022-11-25,DOGE,3,0.0,0.0,0.0,mark,0.08146,0.0,0.40390904885624573
2022-11-25,DOGE,3,-0.00011743341922829032,0.00011742652419417928,0.0,funding,0.08146,0.0,0.403861619220548
2022-11-25,DOGE,3,0.04483588080825886,0.0,0.0,mark,0.09191,0.0,0.42238117870613023
2022-11-25,DOGE,3,-0.04892521320116129,0.0,0.0,mark,0.08053,0.0,0.4022134670366636
2022-11-25,DOGE,3,0.038761979892394625,0.0,0.0,mark,0.0895,0.0,0.4181101606812256
2022-11-26,DOGE,3,0.0,0.0,0.0,mark,0.0895,0.0,0.4181101606812256
2022-11-26,DOGE,3,-0.00012464210135345265,0.0001246343338494665,0.0,funding,0.0895,0.0,0.4180580497998734
2022-11-26,DOGE,3,0.02544742218619006,0.0,0.0,mark,0.09558,0.0,0.4288330662278485
2022-11-26,DOGE,3,-0.03558781610882416,0.0,0.0,mark,0.08712,0.0,0.4138401979744489
2022-11-26,DOGE,3,0.007721160069232879,0.0,0.0,mark,0.08893,0.0,0.4170478920097507
2022-11-27,DOGE,3,-4.249498291455062e-05,0.0,0.0,mark,0.08892,0.0,0.4170301699432573
2022-11-27,DOGE,3,-0.00012415503073825217,0.0001241473238214415,0.0,funding,0.08892,0.0,0.41697839676370607
2022-11-27,DOGE,3,0.07797184266228727,0.0,0.0,mark,0.108,0.0,0.4507920996330754
2022-11-27,DOGE,3,-0.07848198671057419,0.0,0.0,mark,0.0888,0.0,0.4167657319657855
2022-11-27,DOGE,3,0.04115401168166383,0.0,0.0,mark,0.09868,0.0,0.4342751336612451
2022-11-28,DOGE,3,8.161343788871599e-05,0.0,0.0,mark,0.0987,0.0,0.4343105777942318
2022-11-28,DOGE,3,-0.0001323277302114547,0.00013231897528349015,0.0,funding,0.0987,0.0,0.4342531102636233
2022-11-28,DOGE,3,-0.03378401657512086,0.0,0.0,mark,0.09056,0.0,0.4198273481380118
2022-11-28,DOGE,3,0.03805995933679938,0.0,0.0,mark,0.09975,0.0,0.4361139272454282
2022-11-28,DOGE,3,-0.018952449737643744,0.0,0.0,mark,0.09513,0.0,0.42792633252548656
2022-11-29,DOGE,3,-4.141468314947347e-05,0.0,0.0,mark,0.09512,0.0,0.42790861045899314
2022-11-29,DOGE,3,-0.00012943576818679159,0.00012942739173913575,0.0,funding,0.09512,0.0,0.42785322736363873
2022-11-29,DOGE,3,0.04106319989453959,0.0,0.0,mark,0.10524,0.0,0.4457879586549395
2022-11-29,DOGE,3,-0.04737908020814772,0.0,0.0,mark,0.0936,0.0,0.42515947325664494
2022-11-29,DOGE,3,0.03223783617960427,0.0,0.0,mark,0.10146,0.0,0.4390890175204417
2022-11-30,DOGE,3,0.0,0.0,0.0,mark,0.10146,0.0,0.4390890175204417
2022-11-30,DOGE,3,-0.00013454788731548863,0.00013453883615446535,0.0,funding,0.10146,0.0,0.4390299429950563
2022-11-30,DOGE,3,0.03389204246736963,0.0,0.0,mark,0.11,0.0,0.454164587780403
2022-11-30,DOGE,3,-0.042364413361451685,0.0,0.0,mark,0.09937,0.0,0.4353260310979398
2022-11-30,DOGE,3,0.029680449610707284,0.0,0.0,mark,0.10677,0.0,0.4484403603030412
2022-12-01,DOGE,3,-3.952011962712679e-05,0.0,0.0,mark,0.10676,0.0,0.44842263823654777
2022-12-01,DOGE,3,-0.0001386297760061615,0.00013862016734276185,0.0,funding,0.10676,0.0,0.4483604778153951
2022-12-01,DOGE,3,0.003984216807584364,0.0,0.0,mark,0.10777,0.0,0.4501504065312265
2022-12-01,DOGE,3,-0.030052740551150446,0.0,0.0,mark,0.10025,0.0,0.4368234125282046
2022-12-01,DOGE,3,0.006067106130163529,0.0,0.0,mark,0.10175,0.0,0.4394817225022116
2022-12-02,DOGE,3,0.0,0.0,0.0,mark,0.10175,0.0,0.4394817225022116
2022-12-02,DOGE,3,-0.000134811908432953,0.00013480282171593735,0.0,funding,0.10175,0.0,0.43942247912592575
2022-12-02,DOGE,3,0.00743342003073943,0.0,0.0,mark,0.1036,0.0,0.44270106142720106
2022-12-02,DOGE,3,-0.028216380634955216,0.0,0.0,mark,0.09665,0.0,0.43038422521430186
2022-12-02,DOGE,3,0.022193527863835934,0.0,0.0,mark,0.1021,0.0,0.44004275145319405
2022-12-03,DOGE,3,0.0,0.0,0.0,mark,0.1021,0.0,0.44004275145319405
2022-12-03,DOGE,3,-0.00013510318599725045,0.00013509405997279704,0.0,funding,0.1021,0.0,0.43998330429133864
2022-12-03,DOGE,3,-0.01632466399870502,0.0,0.0,mark,0.09808,0.0,0.4328590335609998
2022-12-03,DOGE,3,0.020705460076490958,0.0,0.0,mark,0.10319,0.0,0.44191500953911705
2022-12-03,DOGE,3,-0.014094772884130103,0.0,0.0,mark,0.0997,0.0,0.43573000833292735
2022-12-04,DOGE,3,0.0,0.0,0.0,mark,0.0997,0.0,0.43573000833292735
2022-12-04,DOGE,3,-0.00013323305979183703,0.00013322418466194186,0.0,funding,0.0997,0.0,0.43567195855783447
2022-12-04,DOGE,3,0.024311970230834732,0.0,0.0,mark,0.10575,0.0,0.44639380878632945
2022-12-04,DOGE,3,-0.024963022868773537,0.0,0.0,mark,0.09954,0.0,0.43538840549394037
2022-12-04,DOGE,3,0.018231025799322762,0.0,0.0,mark,0.10406,0.0,0.4433987795489482
2022-12-05,DOGE,3,-3.9969484545475686e-05,0.0,0.0,mark,0.10405,0.0,0.4433810574824548
2022-12-05,DOGE,3,-0.000136646969648197,0.00013663763387626194,0.0,funding,0.10405,0.0,0.44332047494385485
2022-12-05,DOGE,3,0.030976158220705076,0.0,0.0,mark,0.11192,0.0,0.45726774127414505
2022-12-05,DOGE,3,-0.05047328297899812,0.0,0.0,mark,0.09922,0.0,0.43476071682755224
2022-12-05,DOGE,3,0.009210608637661308,0.0,0.0,mark,0.10149,0.0,0.4387836259215495
2022-12-06,DOGE,3,0.0,0.0,0.0,mark,0.10149,0.0,0.4387836259215495
2022-12-06,DOGE,3,-0.0001346813522949446,0.0001346722831687991,0.0,funding,0.10149,0.0,0.4387245339288296
2022-12-06,DOGE,3,0.005116989753989421,0.0,0.0,mark,0.10276,0.0,0.4409752363734889
2022-12-06,DOGE,3,-0.019233052283103107,0.0,0.0,mark,0.09802,0.0,0.4325749768556267
2022-12-06,DOGE,3,0.008850938596678857,0.0,0.0,mark,0.10019,0.0,0.4364206652846902
2022-12-07,DOGE,3,4.060693749416926e-05,0.0,0.0,mark,0.1002,0.0,0.43643838735118357
2022-12-07,DOGE,3,-0.00013368392591718816,0.00013367499061933333,0.0,funding,0.1002,0.0,0.4363800464538485
2022-12-07,DOGE,3,0.004052929951532168,0.0,0.0,mark,0.1012,0.0,0.4381522531031865
2022-12-07,DOGE,3,-0.035026979104415865,0.0,0.0,mark,0.09269,0.0,0.42307077451731995
2022-12-07,DOGE,3,0.012736617479706978,0.0,0.0,mark,0.09575,0.0,0.42849372686429427
2022-12-08,DOGE,3,0.0,0.0,0.0,mark,0.09575,0.0,0.42849372686429427
2022-12-08,DOGE,3,-0.00013011517536283375,0.00013010671075061576,0.0,funding,0.09575,0.0,0.4284379769549147
2022-12-08,DOGE,3,0.01408827112746021,0.0,0.0,mark,0.09918,0.0,0.4345166457621441
2022-12-08,DOGE,3,-0.018898086549241126,0.0,0.0,mark,0.09459,0.0,0.42638221724168257
2022-12-08,DOGE,3,0.01599810079972791,0.0,0.0,mark,0.09847,0.0,0.4332583790411141
2022-12-09,DOGE,3,0.0,0.0,0.0,mark,0.09847,0.0,0.4332583790411141
2022-12-09,DOGE,3,-0.00013233998694392107,0.0001323312303941956,0.0,funding,0.09847,0.0,0.433201045426737
2022-12-09,DOGE,3,0.0040011222319840225,0.0,0.0,mark,0.09945,0.0,0.43493780794308823
2022-12-09,DOGE,3,-0.015770243139020167,0.0,0.0,mark,0.09561,0.0,0.4281325344096302
2022-12-09,DOGE,3,0.004501784598796461,0.0,0.0,mark,0.0967,0.0,0.43006423965740864
2022-12-10,DOGE,3,0.0,0.0,0.0,mark,0.0967,0.0,0.43006423965740864
2022-12-10,DOGE,3,-0.00013092631821701856,0.00013091774774066396,0.0,funding,0.0967,0.0,0.4300079366157689
2022-12-10,DOGE,3,0.003004057660172894,0.0,0.0,mark,0.09743,0.0,0.43130164746978567
2022-12-10,DOGE,3,-0.00576917134427075,0.0,0.0,mark,0.09603,0.0,0.42882055816071246
2022-12-10,DOGE,3,0.0011977788536227728,0.0,0.0,mark,0.09632,0.0,0.42933449808902047
2022-12-11,DOGE,3,0.0,0.0,0.0,mark,0.09632,0.0,0.42933449808902047
2022-12-11,DOGE,3,-0.0001306334621237137,0.000130624929944613,0.0,funding,0.09632,0.0,0.4292784163002848
2022-12-11,DOGE,3,0.0034206638775896854,0.0,0.0,mark,0.09715,0.0,0.43074934781923535
2022-12-11,DOGE,3,-0.023056669281748144,0.0,0.0,mark,0.09161,0.0,0.4209313229819027
2022-12-11,DOGE,3,0.004410971320900848,0.0,0.0,mark,0.09266,0.0,0.4227921399637077
2022-12-12,DOGE,3,0.0,0.0,0.0,mark,0.09266,0.0,0.4227921399637077
2022-12-12,DOGE,3,-0.00012761404797878673,0.00012760590565254242,0.0,funding,0.09266,0.0,0.42273818918978484
2022-12-12,DOGE,3,-0.03389609438582576,0.0,0.0,mark,0.08471,0.0,0.40864914632754756
2022-12-12,DOGE,3,0.035320430443008886,0.0,0.0,mark,0.093,0.0,0.4233407394505597
2022-12-12,DOGE,3,-0.011409557114978982,0.0,0.0,mark,0.09029,0.0,0.4185380594308537
2022-12-13,DOGE,3,0.0,0.0,0.0,mark,0.09029,0.0,0.4185380594308537
2022-12-13,DOGE,3,-0.00012561380068484352,0.00012560591160179783,0.0,funding,0.09029,0.0,0.41848548857635887
2022-12-13,DOGE,3,0.022030635672910977,0.0,0.0,mark,0.09555,0.0,0.42780729555187685
2022-12-13,DOGE,3,-0.036447722982060754,0.0,0.0,mark,0.08691,0.0,0.4124954301015964
2022-12-13,DOGE,3,0.017630374979545442,0.0,0.0,mark,0.09105,0.0,0.4198323656298558
2022-12-14,DOGE,3,0.0,0.0,0.0,mark,0.09105,0.0,0.4198323656298558
2022-12-14,DOGE,3,-0.0001262806586503846,0.00012627268558358198,0.0,funding,0.09105,0.0,0.4197793522695528
2022-12-14,DOGE,3,0.005976997827211575,0.0,0.0,mark,0.09247,0.0,0.4222958857116128
2022-12-14,DOGE,3,-0.023222976571036877,0.0,0.0,mark,0.087,0.0,0.41260191533973384
2022-12-14,DOGE,3,0.005311911486341513,0.0,0.0,mark,0.08824,0.0,0.414799451584913
2022-12-15,DOGE,3,4.2723508562793004e-05,0.0,0.0,mark,0.08825,0.0,0.41481717365140636
2022-12-15,DOGE,3,-0.0001238768827907859,0.00012386921036663817,0.0,funding,0.08825,0.0,0.41476579057565965
2022-12-15,DOGE,3,0.0023472768617437165,0.0,0.0,mark,0.0888,0.0,0.41574050423279557
2022-12-15,DOGE,3,-0.02058650172251619,0.0,0.0,mark,0.08402,0.0,0.40726935644895984
2022-12-15,DOGE,3,0.003605185605832726,0.0,0.0,mark,0.08485,0.0,0.4087402879679104
2022-12-16,DOGE,3,-8.671929559546e-05,0.0,0.0,mark,0.08483,0.0,0.40870484383492367
2022-12-16,DOGE,3,-0.00012085686060303187,0.00012084955770693766,0.0,funding,0.08483,0.0,0.40865545203531356
2022-12-16,DOGE,3,0.008592961513815878,0.0,0.0,mark,0.08682,0.0,0.4121821432674962
2022-12-16,DOGE,3,-0.05710750073838737,0.0,0.0,mark,0.07391,0.0,0.3893029554245424
2022-12-16,DOGE,3,0.00807036222632538,0.0,0.0,mark,0.07569,0.0,0.39245748326036406
2022-12-17,DOGE,3,0.0,0.0,0.0,mark,0.07569,0.0,0.39245748326036406
2022-12-17,DOGE,3,-0.00011229894055013245,0.00011229263526017208,0.0,funding,0.07569,0.0,0.3924134131753412
2022-12-17,DOGE,3,0.017015860951949503,0.0,0.0,mark,0.07949,0.0,0.39914779844282566
2022-12-17,DOGE,3,-0.017783905140513777,0.0,0.0,mark,0.07552,0.0,0.3921121380449537
2022-12-17,DOGE,3,0.016451024446714604,0.0,0.0,mark,0.07919,0.0,0.39861613644802424
2022-12-18,DOGE,3,-4.445996746511527e-05,0.0,0.0,mark,0.07918,0.0,0.3985984143815309
2022-12-18,DOGE,3,-0.00011566725534782668,0.00011566056614878203,0.0,funding,0.07918,0.0,0.3985523122632575
2022-12-18,DOGE,3,0.0038610869962766776,0.0,0.0,mark,0.08005,0.0,0.40009413204818156
2022-12-18,DOGE,3,-0.010956308362298089,0.0,0.0,mark,0.07759,0.0,0.39573450369081004
2022-12-18,DOGE,3,0.003933134219128461,0.0,0.0,mark,0.07847,0.0,0.39729404554222747
2022-12-19,DOGE,3,-4.460792193446692e-05,0.0,0.0,mark,0.07846,0.0,0.3972763234757341
2022-12-19,DOGE,3,-0.00011499685808199994,0.00011499024619676315,0.0,funding,0.07846,0.0,0.3972306405734895
2022-12-19,DOGE,3,0.004673536934778554,0.0,0.0,mark,0.07951,0.0,0.3990914575552944
2022-12-19,DOGE,3,-0.04328685358534629,0.0,0.0,mark,0.06997,0.0,0.3821846061206097
2022-12-19,DOGE,3,0.006286577180202992,0.0,0.0,mark,0.07133,0.0,0.3845948071637094
2022-12-20,DOGE,3,0.0,0.0,0.0,mark,0.07133,0.0,0.3845948071637094
2022-12-20,DOGE,3,-0.00010799350616236236,0.00010798767507356543,0.0,funding,0.07133,0.0,0.3845532756646384
2022-12-20,DOGE,3,0.01975823887230341,0.0,0.0,mark,0.07566,0.0,0.39222693045627205
2022-12-20,DOGE,3,-0.021234041407250603,0.0,0.0,mark,0.07101,0.0,0.3839861695368503
2022-12-20,DOGE,3,0.017476786442539215,0.0,0.0,mark,0.07483,0.0,0.3907559989373215
2022-12-21,DOGE,3,0.0,0.0,0.0,mark,0.07483,0.0,0.3907559989373215
2022-12-21,DOGE,3,-0.00011150637241721721,0.00011150015581283811,0.0,funding,0.07483,0.0,0.3907124295825552
2022-12-21,DOGE,3,0.0008614372808489083,0.0,0.0,mark,0.07502,0.0,0.39104914884592945
2022-12-21,DOGE,3,-0.01695640417535885,0.0,0.0,mark,0.07131,0.0,0.3844742621768854
2022-12-21,DOGE,3,0.011138645745440637,0.0,0.0,mark,0.07374,0.0,0.3887807243347768
2022-12-22,DOGE,3,-0.0002279445106791988,0.0,0.0,mark,0.07369,0.0,0.3886921140023099
2022-12-22,DOGE,3,-0.00011039062213952581,0.00011038452931890969,0.0,funding,0.07369,0.0,0.3886492084062558
2022-12-22,DOGE,3,0.018702061681738307,0.0,0.0,mark,0.07783,0.0,0.39598614393451514
2022-12-22,DOGE,3,-0.020619061489558877,0.0,0.0,mark,0.07327,0.0,0.3879048816135338
2022-12-22,DOGE,3,0.01622349774442133,0.0,0.0,mark,0.07685,0.0,0.3942493814181639
2022-12-23,DOGE,3,8.989878358434644e-05,0.0,0.0,mark,0.07687,0.0,0.39428482555115063
2022-12-23,DOGE,3,-0.00011352116820870964,0.00011351472492477568,0.0,funding,0.07687,0.0,0.3942400684176362
2022-12-23,DOGE,3,0.009707417090099918,0.0,0.0,mark,0.07904,0.0,0.3980857568466997
2022-12-23,DOGE,3,-0.012904146856702202,0.0,0.0,mark,0.07616,0.0,0.39298180169660624
2022-12-23,DOGE,3,0.004723947098179366,0.0,0.0,mark,0.07721,0.0,0.39484261867841114
2022-12-24,DOGE,3,0.0,0.0,0.0,mark,0.07721,0.0,0.39484261867841114
2022-12-24,DOGE,3,-0.00011386221725929797,0.00011385573520308527,0.0,funding,0.07721,0.0,0.394797663581772
2022-12-24,DOGE,3,-0.0026969726779490885,0.0,0.0,mark,0.07661,0.0,0.3937343395921692
2022-12-24,DOGE,3,0.0068629585232750645,0.0,0.0,mark,0.07814,0.0,0.39644581576565635
2022-12-24,DOGE,3,-0.00277539462318437,0.0,0.0,mark,0.07752,0.0,0.3953470476430668
2022-12-25,DOGE,3,-4.482761113561335e-05,0.0,0.0,mark,0.07751,0.0,0.39532932557657335
2022-12-25,DOGE,3,-0.00011416392159471451,0.00011415740514224806,0.0,funding,0.07751,0.0,0.3952841958065889
2022-12-25,DOGE,3,0.0006274753722948681,0.0,0.0,mark,0.07765,0.0,0.39553230473749623
2022-12-25,DOGE,3,-0.02013995091229967,0.0,0.0,mark,0.0732,0.0,0.3876459851479421
2022-12-25,DOGE,3,0.012629279300206658,0.0,0.0,mark,0.07598,0.0,0.39257271963310175
2022-12-26,DOGE,3,4.514237898353627e-05,0.0,0.0,mark,0.07599,0.0,0.3925904416995951
2022-12-26,DOGE,3,-0.00011270588133961812,0.00011269953027040652,0.0,funding,0.07599,0.0,0.39254619694122694
2022-12-26,DOGE,3,0.002930221827935792,0.0,0.0,mark,0.07664,0.0,0.39369813126329667
2022-12-26,DOGE,3,-0.010998752810784704,0.0,0.0,mark,0.07421,0.0,0.3893916691054053
2022-12-26,DOGE,3,0.006668010822151855,0.0,0.0,mark,0.07568,0.0,0.39199681287993215
2022-12-27,DOGE,3,4.520869894433285e-05,0.0,0.0,mark,0.07569,0.0,0.3920145349464255
2022-12-27,DOGE,3,-0.0001124258374333968,0.00011241951788574362,0.0,funding,0.07569,0.0,0.39197046486140263
2022-12-27,DOGE,3,0.002122745094215376,0.0,0.0,mark,0.07616,0.0,0.3928034019865915
2022-12-27,DOGE,3,-0.016375427572691784,0.0,0.0,mark,0.07256,0.0,0.38642345804897466
2022-12-27,DOGE,3,0.005305865111189896,0.0,0.0,mark,0.07372,0.0,0.38847921776220673
2022-12-28,DOGE,3,0.0,0.0,0.0,mark,0.07372,0.0,0.38847921776220673
2022-12-28,DOGE,3,-0.00011049609061444566,0.00011048998614624011,0.0,funding,0.07372,0.0,0.3884362946988181
2022-12-28,DOGE,3,0.0008664828912602353,0.0,0.0,mark,0.07391,0.0,0.3887730139621923
2022-12-28,DOGE,3,-0.021657609082687063,0.0,0.0,mark,0.06921,0.0,0.3804436427103036
2022-12-28,DOGE,3,0.00552802557064219,0.0,0.0,mark,0.0704,0.0,0.3825525686230159
2022-12-29,DOGE,3,-4.63269062985008e-05,0.0,0.0,mark,0.07039,0.0,0.3825348465565225
2022-12-29,DOGE,3,-0.0001071441863992223,0.00010713844666593084,0.0,funding,0.07039,0.0,0.38249386236726685
2022-12-29,DOGE,3,-0.005295954395974847,0.0,0.0,mark,0.06925,0.0,0.3804735467870215
2022-12-29,DOGE,3,0.010978728847042742,0.0,0.0,mark,0.07162,0.0,0.3846736765459526
2022-12-29,DOGE,3,-0.003137704002664802,0.0,0.0,mark,0.07094,0.0,0.3834685760244027
2022-12-30,DOGE,3,-4.621624072536994e-05,0.0,0.0,mark,0.07093,0.0,0.38345085395790934
2022-12-30,DOGE,3,-0.0001077082629785004,0.00010770246265185168,0.0,funding,0.07093,0.0,0.3834095553566321
2022-12-30,DOGE,3,0.00240067499471214,0.0,0.0,mark,0.07145,0.0,0.3843311028142879
2022-12-30,DOGE,3,-0.026351019334337016,0.0,0.0,mark,0.06581,0.0,0.37433585731202146
2022-12-30,DOGE,3,0.012187190326482541,0.0,0.0,mark,0.0684,0.0,0.37892587253380694
2022-12-31,DOGE,3,0.0,0.0,0.0,mark,0.0684,0.0,0.37892587253380694
2022-12-31,DOGE,3,-0.00010510661482416911,0.00010510109131749113,0.0,funding,0.0684,0.0,0.3788860470110752
2022-12-31,DOGE,3,-0.002060182587641037,0.0,0.0,mark,0.06796,0.0,0.37810627608536646
2022-12-31,DOGE,3,0.015856491946976834,0.0,0.0,mark,0.07137,0.0,0.3841495007596091
2022-12-31,DOGE,3,-0.005180319161949537,0.0,0.0,mark,0.07025,0.0,0.3821646293123505
2022-12-31,DOGE,3,-0.00047247713535972246,0.00047236553561488863,0.32576933490681975,boundary_exit,0.07025,-1.7722066493380173,0.38198410791253234
2024-01-01,SOL,1,-0.000586766906285887,0.0005865947922499863,0.40454813258619743,entry,101.72,0.003977075625110081,0.99941340520775
2024-01-01,SOL,1,-0.00013299794533704683,0.0001329891015024404,0.0,funding,101.72,0.0,0.999280494116962
2024-01-01,SOL,1,0.03215281444728086,0.0,0.0,mark,109.93,0.0,1.0319322849991157
2024-01-01,SOL,1,-0.033267818813819634,0.0,0.0,mark,101.44,0.0,0.998166912941931
2024-01-01,SOL,1,0.03319073567633793,0.0,0.0,mark,109.91,0.0,1.0318527434866134
2024-01-02,SOL,1,7.708313748175231e-05,0.0,0.0,mark,109.93,0.0,1.0319322849991157
2024-01-02,SOL,1,-0.00013920349074072406,0.0001391938023843817,0.0,funding,109.93,0.0,1.0317886464205634
2024-01-02,SOL,1,0.02669928560834941,0.0,0.0,mark,116.95,0.0,1.0597077173088363
2024-01-02,SOL,1,-0.041885281780433783,0.0,0.0,mark,106.02,0.0,1.016238280726383
2024-01-02,SOL,1,0.0027747507590365076,0.0,0.0,mark,106.73,0.0,1.0190620044202112
2024-01-03,SOL,1,-3.902758827439327e-05,0.0,0.0,mark,106.72,0.0,1.01902223366396
2024-01-03,SOL,1,-0.00013685061198318322,0.00013684124836521686,0.0,funding,106.72,0.0,1.0188827893893935
2024-01-03,SOL,1,0.01233630771636628,0.0,0.0,mark,109.9,0.0,1.0315298898772436
2024-01-03,SOL,1,-0.10092839969709384,0.0,0.0,mark,85.0,0.0,0.9325007068120026
2024-01-03,SOL,1,0.05606102126762639,0.0,0.0,mark,98.52,0.0,0.9862707692634909
2024-01-04,SOL,1,0.0,0.0,0.0,mark,98.52,0.0,0.9862707692634909
2024-01-04,SOL,1,-0.000130530336029645,0.0001305218173159669,0.0,funding,98.52,0.0,0.986142039410321
2024-01-04,SOL,1,0.03810224758341702,0.0,0.0,mark,108.15,0.0,1.024441277680131
2024-01-04,SOL,1,-0.045875673955368186,0.0,0.0,mark,96.6,0.0,0.9785060542101096
2024-01-04,SOL,1,0.03321760210958219,0.0,0.0,mark,104.91,0.0,1.0115555526547744
2024-01-05,SOL,1,0.0,0.0,0.0,mark,104.91,0.0,1.0115555526547744
2024-01-05,SOL,1,-0.00013552251337244574,0.00013551333061139793,0.0,funding,104.91,0.0,1.0114184733927356
2024-01-05,SOL,1,0.002238832363825282,0.0,0.0,mark,105.48,0.0,1.0136854064990484
2024-01-05,SOL,1,-0.04104563518951899,0.0,0.0,mark,95.23,0.0,0.97292038134167
2024-01-05,SOL,1,0.019070399429703372,0.0,0.0,mark,99.94,0.0,0.9916524075359385
2024-01-06,SOL,1,-4.0106345211276264e-05,0.0,0.0,mark,99.93,0.0,0.9916126367796875
2024-01-06,SOL,1,-0.00013168530085364737,0.0001316766307249174,0.0,funding,99.93,0.0,0.991482064568692
2024-01-06,SOL,1,-0.03427518250332736,0.0,0.0,mark,91.53,0.0,0.9580746293177673
2024-01-06,SOL,1,0.03575824218645697,0.0,0.0,mark,100.3,0.0,0.9929535825499827
2024-01-06,SOL,1,-0.026502714901350803,0.0,0.0,mark,93.77,0.0,0.9669832787180138
2024-01-07,SOL,1,0.0,0.0,0.0,mark,93.77,0.0,0.9669832787180138
2024-01-07,SOL,1,-0.000126714798694593,0.0001267067707135843,0.0,funding,93.77,0.0,0.9668607553894334
2024-01-07,SOL,1,-0.025369652152185902,0.0,0.0,mark,87.68,0.0,0.942640364832513
2024-01-07,SOL,1,0.03775619374810345,0.0,0.0,mark,96.8,0.0,0.9789112945335169
2024-01-07,SOL,1,-0.030358045894666716,0.0,0.0,mark,89.44,0.0,0.9496400179327067
2024-01-08,SOL,1,0.0,0.0,0.0,mark,89.44,0.0,0.9496400179327067
2024-01-08,SOL,1,-0.0001230706170012876,0.0001230630441234916,0.0,funding,89.44,0.0,0.9495231523412784
2024-01-08,SOL,1,0.043159945840226165,0.0,0.0,mark,99.97,0.0,0.9914017586736875
2024-01-08,SOL,1,-0.06124934749781089,0.0,0.0,mark,85.16,0.0,0.9325012686658072
2024-01-08,SOL,1,0.05282982535085808,0.0,0.0,mark,97.88,0.0,0.9830896706172074
2024-01-09,SOL,1,0.0,0.0,0.0,mark,97.88,0.0,0.9830896706172074
2024-01-09,SOL,1,-0.00013010199298790832,0.0001300935300906536,0.0,funding,97.88,0.0,0.9829617770115612
2024-01-09,SOL,1,-0.010698033285106233,0.0,0.0,mark,95.25,0.0,0.9725020681175217
2024-01-09,SOL,1,0.03866581084947148,0.0,0.0,mark,104.89,0.0,1.010841077143583
2024-01-09,SOL,1,-0.021997536491209963,0.0,0.0,mark,99.36,0.0,0.9888478489367242
2024-01-10,SOL,1,0.0,0.0,0.0,mark,99.36,0.0,0.9888478489367242
2024-01-10,SOL,1,-0.0001313002314325055,0.00013129161193429348,0.0,funding,99.36,0.0,0.9887180215086795
2024-01-10,SOL,1,0.024476330166346573,0.0,0.0,mark,105.52,0.0,1.0132168073593575
2024-01-10,SOL,1,-0.055856032280733325,0.0,0.0,mark,91.68,0.0,0.958174080707834
2024-01-10,SOL,1,0.041942999727309485,0.0,0.0,mark,102.0,0.0,0.99921750115897
2024-01-11,SOL,1,-3.980269330936986e-05,0.0,0.0,mark,101.99,0.0,0.9991777304027188
2024-01-11,SOL,1,-0.0001333824467717786,0.00013337355172877543,0.0,funding,101.99,0.0,0.9990444665200068
2024-01-11,SOL,1,0.020996118405175564,0.0,0.0,mark,107.32,0.0,1.0202422796018435
2024-01-11,SOL,1,-0.038343110621855,0.0,0.0,mark,97.67,0.0,0.9818634998195312
2024-01-11,SOL,1,0.008992149382540199,0.0,0.0,mark,99.9,0.0,0.9907323784635268
2024-01-12,SOL,1,-4.014359012737733e-05,0.0,0.0,mark,99.89,0.0,0.9906926077072756
2024-01-12,SOL,1,-0.00013175483799474164,0.00013174615870732178,0.0,funding,99.89,0.0,0.9905620877617505
2024-01-12,SOL,1,0.0024060841840168445,0.0,0.0,mark,100.49,0.0,0.9929483331368165
2024-01-12,SOL,1,-0.055546287855290345,0.0,0.0,mark,87.0,0.0,0.9392975829540815
2024-01-12,SOL,1,0.021446930296542425,0.0,0.0,mark,92.12,0.0,0.9596602101546451
2024-01-13,SOL,1,8.288164439925956e-05,0.0,0.0,mark,92.14,0.0,0.9597397516671473
2024-01-13,SOL,1,-0.00012545178253547574,0.0001254439137896462,0.0,funding,92.14,0.0,0.9596193581564787
2024-01-13,SOL,1,0.020144875767499088,0.0,0.0,mark,97.05,0.0,0.9791467994757692
2024-01-13,SOL,1,-0.031104566282056198,0.0,0.0,mark,89.51,0.0,0.9491596492624392
2024-01-13,SOL,1,0.02621851695834549,0.0,0.0,mark,95.85,0.0,0.9743743087256371
2024-01-14,SOL,1,0.0,0.0,0.0,mark,95.85,0.0,0.9743743087256371
2024-01-14,SOL,1,-0.00012854319077438195,0.0001285349294523314,0.0,funding,95.85,0.0,0.9742490675926049
2024-01-14,SOL,1,0.028254083275719724,0.0,0.0,mark,102.87,0.0,1.0021681384808776
2024-01-14,SOL,1,-0.037399068507563436,0.0,0.0,mark,93.62,0.0,0.9653801889486093
2024-01-14,SOL,1,0.0007824365924083442,0.0,0.0,mark,93.81,0.0,0.9661358333173803
2024-01-15,SOL,1,0.0,0.0,0.0,mark,93.81,0.0,0.9661358333173803
2024-01-15,SOL,1,-0.00012688005784171593,0.00012687200890762736,0.0,funding,93.81,0.0,0.9660132577233297
2024-01-15,SOL,1,0.012885175307301518,0.0,0.0,mark,96.96,0.0,0.9785410459424264
2024-01-15,SOL,1,-0.01634944814510764,0.0,0.0,mark,92.97,0.0,0.9626725141982372
2024-01-15,SOL,1,0.005726062517169361,0.0,0.0,mark,94.36,0.0,0.9682006493171402
2024-01-16,SOL,1,-4.107782114461582e-05,0.0,0.0,mark,94.35,0.0,0.9681608785608891
2024-01-16,SOL,1,-0.00012734353383394531,0.0001273354259902954,0.0,funding,94.35,0.0,0.9680375973829903
2024-01-16,SOL,1,-0.0007808988515776002,0.0,0.0,mark,94.16,0.0,0.9672819530142194
2024-01-16,SOL,1,0.018615656429203445,0.0,0.0,mark,98.73,0.0,0.9854571886209724
2024-01-16,SOL,1,-0.00453030542127671,0.0,0.0,mark,97.61,0.0,0.9810028639208491
2024-01-17,SOL,1,-4.054173938442295e-05,0.0,0.0,mark,97.6,0.0,0.980963093164598
2024-01-17,SOL,1,-0.00013001104570689004,0.0001300025946371267,0.0,funding,97.6,0.0,0.9808355654172433
2024-01-17,SOL,1,0.020865662973782742,0.0,0.0,mark,102.8,0.0,1.0015163586678157
2024-01-17,SOL,1,-0.025335901196008523,0.0,0.0,mark,96.5,0.0,0.9764607822296223
2024-01-17,SOL,1,0.02255229269216263,0.0,0.0,mark,102.1,0.0,0.9987324057302387
2024-01-18,SOL,1,0.0,0.0,0.0,mark,102.1,0.0,0.9987324057302387
2024-01-18,SOL,1,-0.00013358585630473947,0.00013357693411148458,0.0,funding,102.1,0.0,0.9985989981174834
2024-01-18,SOL,1,0.00591661868640779,0.0,0.0,mark,103.59,0.0,1.0045248407988976
2024-01-18,SOL,1,-0.04942407573852674,0.0,0.0,mark,91.41,0.0,0.9560840596850568
2024-01-18,SOL,1,0.012360955639151943,0.0,0.0,mark,94.4,0.0,0.967975515804136
2024-01-19,SOL,1,-4.108737529556812e-05,0.0,0.0,mark,94.39,0.0,0.9679357450478848
2024-01-19,SOL,1,-0.00012742715844712743,0.00012741903995168127,0.0,funding,94.39,0.0,0.9678124116045159
2024-01-19,SOL,1,0.004428273898361964,0.0,0.0,mark,95.47,0.0,0.9721076532796348
2024-01-19,SOL,1,-0.03509749289703441,0.0,0.0,mark,87.04,0.0,0.9385809057599568
2024-01-19,SOL,1,0.02750000627292894,0.0,0.0,mark,93.62,0.0,0.9647500633731811
2024-01-20,SOL,1,0.0,0.0,0.0,mark,93.62,0.0,0.9647500633731811
2024-01-20,SOL,1,-0.00012680495574080125,0.00012679691633222802,0.0,funding,93.62,0.0,0.9646277360401141
2024-01-20,SOL,1,0.0026763085296164914,0.0,0.0,mark,94.27,0.0,0.9672128351964356
2024-01-20,SOL,1,-0.016877023388271337,0.0,0.0,mark,90.2,0.0,0.9510261374022376
2024-01-20,SOL,1,0.011145096053231664,0.0,0.0,mark,92.88,0.0,0.9616847000775326
2024-01-21,SOL,1,0.0,0.0,0.0,mark,92.88,0.0,0.9616847000775326
2024-01-21,SOL,1,-0.00012620360922949153,0.0001261956458889813,0.0,funding,92.88,0.0,0.9615633396556648
2024-01-21,SOL,1,0.004333451241529545,0.0,0.0,mark,93.93,0.0,0.9657392690620303
2024-01-21,SOL,1,-0.013015378259710142,0.0,0.0,mark,90.79,0.0,0.9532512515991847
2024-01-21,SOL,1,0.0012508524178697518,0.0,0.0,mark,91.09,0.0,0.9544443742867177
2024-01-22,SOL,1,-4.1669882446544904e-05,0.0,0.0,mark,91.08,0.0,0.9544046035304665
2024-01-22,SOL,1,-0.00012470172053069976,0.00012469394559433004,0.0,funding,91.08,0.0,0.954285595054759
2024-01-22,SOL,1,0.00341160154951731,0.0,0.0,mark,91.9,0.0,0.9575467970673492
2024-01-22,SOL,1,-0.04172809635568603,0.0,0.0,mark,82.06,0.0,0.918412372916266
2024-01-22,SOL,1,0.007678522985559974,0.0,0.0,mark,83.84,0.0,0.9254915675289619
2024-01-23,SOL,1,0.0,0.0,0.0,mark,83.84,0.0,0.9254915675289619
2024-01-23,SOL,1,-0.0001183748328524697,0.00011836782682845263,0.0,funding,83.84,0.0,0.9253820191033655
2024-01-23,SOL,1,0.009240351288333726,0.0,0.0,mark,86.0,0.0,0.9339725024536032
2024-01-23,SOL,1,-0.03026093249263927,0.0,0.0,mark,79.0,0.0,0.9061329730778326
2024-01-23,SOL,1,0.023210043377551216,0.0,0.0,mark,84.35,0.0,0.9274103276721715
2024-01-24,SOL,1,4.2882748154754634e-05,0.0,0.0,mark,84.36,0.0,0.9274500984284226
2024-01-24,SOL,1,-0.00011885752962085205,0.0001188504663444418,0.0,funding,84.36,0.0,0.9273398705517132
2024-01-24,SOL,1,-0.004556378684168663,0.0,0.0,mark,83.3,0.0,0.9231241703890964
2024-01-24,SOL,1,0.026234911154872836,0.0,0.0,mark,89.47,0.0,0.9476627269960256
2024-01-24,SOL,1,-0.0029420278964283793,0.0,0.0,mark,88.77,0.0,0.9448787740584486
2024-01-25,SOL,1,0.0,0.0,0.0,mark,88.77,0.0,0.9448787740584486
2024-01-25,SOL,1,-0.0001227641765797992,0.00012275664136657122,0.0,funding,88.77,0.0,0.9447627839136465
2024-01-25,SOL,1,-0.015612581153043606,0.0,0.0,mark,85.09,0.0,0.9301271456132415
2024-01-25,SOL,1,0.0192682450989113,0.0,0.0,mark,89.64,0.0,0.9482228397074923
2024-01-25,SOL,1,-0.011516338606474072,0.0,0.0,mark,86.91,0.0,0.9373654232509417
2024-01-26,SOL,1,-4.242913061420311e-05,0.0,0.0,mark,86.9,0.0,0.9373256524946907
2024-01-26,SOL,1,-0.00012114638257629125,0.00012113904464968691,0.0,funding,86.9,0.0,0.9372121057606219
2024-01-26,SOL,1,-0.003996883007835112,0.0,0.0,mark,85.96,0.0,0.9334736546730183
2024-01-26,SOL,1,0.03252679381689705,0.0,0.0,mark,93.72,0.0,0.9643357615238726
2024-01-26,SOL,1,-0.005956496124742367,0.0,0.0,mark,92.28,0.0,0.958608772623714
2024-01-27,SOL,1,4.1487134694832495e-05,0.0,0.0,mark,92.29,0.0,0.9586485433799652
2024-01-27,SOL,1,-0.0001257990659845938,0.00012579115361382895,0.0,funding,92.29,0.0,0.9585279538737832
2024-01-27,SOL,1,0.009127834316016062,0.0,0.0,mark,94.5,0.0,0.9673172910052764
2024-01-27,SOL,1,-0.015830376686769693,0.0,0.0,mark,90.68,0.0,0.9521248621173559
2024-01-27,SOL,1,0.014925448601859903,0.0,0.0,mark,94.28,0.0,0.9664423343677522
2024-01-28,SOL,1,-4.115255838513165e-05,0.0,0.0,mark,94.27,0.0,0.966402563611501
2024-01-28,SOL,1,-0.00012746706418856525,0.00012745894060743875,0.0,funding,94.27,0.0,0.9662793869645427
2024-01-28,SOL,1,0.02105578556044472,0.0,0.0,mark,99.44,0.0,0.9868408679463618
2024-01-28,SOL,1,-0.02501484281068957,0.0,0.0,mark,93.31,0.0,0.962461394364437
2024-01-28,SOL,1,0.010972534575124381,0.0,0.0,mark,95.98,0.0,0.9730801862834809
2024-01-29,SOL,1,4.087016064931594e-05,0.0,0.0,mark,95.99,0.0,0.973119957039732
2024-01-29,SOL,1,-0.00012889689994605974,0.00012888859309756047,0.0,funding,95.99,0.0,0.972994532977554
2024-01-29,SOL,1,-0.0038085806629080724,0.0,0.0,mark,95.06,0.0,0.9692958526462017
2024-01-29,SOL,1,0.027997536344766736,0.0,0.0,mark,101.98,0.0,0.9968172159719634
2024-01-29,SOL,1,-0.0011976491599570217,0.0,0.0,mark,101.68,0.0,0.9956240932844304
2024-01-30,SOL,1,-3.994635211523748e-05,0.0,0.0,mark,101.67,0.0,0.9955843225281792
2024-01-30,SOL,1,-0.00013344386795487552,0.00013343496471794714,0.0,funding,101.67,0.0,0.9954514767692288
2024-01-30,SOL,1,0.019074024538379558,0.0,0.0,mark,106.49,0.0,1.0146209812822593
2024-01-30,SOL,1,-0.02195474847696235,0.0,0.0,mark,100.95,0.0,0.9925879823191495
2024-01-30,SOL,1,0.0018014247166051195,0.0,0.0,mark,101.4,0.0,0.994377666350449
2024-01-31,SOL,1,0.0,0.0,0.0,mark,101.4,0.0,0.994377666350449
2024-01-31,SOL,1,-0.0001332509760774668,0.00013324209856052817,0.0,funding,101.4,0.0,0.9942451733834228
2024-01-31,SOL,1,0.005306025107963668,0.0,0.0,mark,102.73,0.0,0.9995346839648191
2024-01-31,SOL,1,-0.027552171014316253,0.0,0.0,mark,95.9,0.0,0.9723712574453173
2024-01-31,SOL,1,0.004326113002196116,0.0,0.0,mark,96.96,0.0,0.9765869576079339
2024-02-01,SOL,1,0.0,0.0,0.0,mark,96.96,0.0,0.9765869576079339
2024-02-01,SOL,1,-0.00012973726233584437,0.00012972884682111878,0.0,funding,96.96,0.0,0.9764602661081029
2024-02-01,SOL,1,0.004672959300288922,0.0,0.0,mark,98.11,0.0,0.9810339030769795
2024-02-01,SOL,1,-0.02047806915251688,0.0,0.0,mark,93.11,0.0,0.9611485249514291
2024-02-01,SOL,1,0.019261139947569658,0.0,0.0,mark,97.81,0.0,0.9798407803894464
2024-02-02,SOL,1,0.0,0.0,0.0,mark,97.81,0.0,0.9798407803894464
2024-02-02,SOL,1,-0.00013044004604743806,0.00013043153911450442,0.0,funding,97.81,0.0,0.9797129782483731
2024-02-02,SOL,1,-0.0017064154288659098,0.0,0.0,mark,97.39,0.0,0.9780426064858269
2024-02-02,SOL,1,0.020844982813732208,0.0,0.0,mark,102.57,0.0,0.998643858223897
2024-02-02,SOL,1,-0.00795669883095156,0.0,0.0,mark,100.58,0.0,0.9907294777299279
2024-02-03,SOL,1,-4.0143707665189995e-05,0.0,0.0,mark,100.57,0.0,0.9906897069736768
2024-02-03,SOL,1,-0.00013265220542573418,0.0001326434075109748,0.0,funding,100.57,0.0,0.9905582985151578
2024-02-03,SOL,1,0.0026864275361829274,0.0,0.0,mark,101.24,0.0,0.9932229391839815
2024-02-03,SOL,1,-0.019039955494056425,0.0,0.0,mark,96.53,0.0,0.974490912989713
2024-02-03,SOL,1,0.005819127498329763,0.0,0.0,mark,97.96,0.0,0.9801781311336204
2024-02-04,SOL,1,-4.05758523470925e-05,0.0,0.0,mark,97.95,0.0,0.9801383603773693
2024-02-04,SOL,1,-0.00013058710093890495,0.00013057857481455157,0.0,funding,97.95,0.0,0.9800103753071502
2024-02-04,SOL,1,0.002593879364789699,0.0,0.0,mark,98.59,0.0,0.9825557037072207
2024-02-04,SOL,1,-0.014309264014040495,0.0,0.0,mark,95.08,0.0,0.9685961682630843
2024-02-04,SOL,1,0.0016820529189999732,0.0,0.0,mark,95.49,0.0,0.9702267692693793
2024-02-05,SOL,1,-4.099203676755903e-05,0.0,0.0,mark,95.48,0.0,0.9701869985131283
2024-02-05,SOL,1,-0.0001285996407826904,0.00012859137220330732,0.0,funding,95.48,0.0,0.9700622408356957
2024-02-05,SOL,1,0.013115024818921055,0.0,0.0,mark,98.7,0.0,0.9828684243485502
2024-02-05,SOL,1,-0.018747604462010462,0.0,0.0,mark,94.11,0.0,0.9646136472292949
2024-02-05,SOL,1,0.006370274160864004,0.0,0.0,mark,95.66,0.0,0.9707781144482155
2024-02-06,SOL,1,0.0,0.0,0.0,mark,95.66,0.0,0.9707781144482155
2024-02-06,SOL,1,-0.0001287636357157602,0.0001287553460346388,0.0,funding,95.66,0.0,0.9706531215761669
2024-02-06,SOL,1,0.009054928632627954,0.0,0.0,mark,97.88,0.0,0.9794822294639113
2024-02-06,SOL,1,-0.02051084502646731,0.0,0.0,mark,92.88,0.0,0.9595968513383609
2024-02-06,SOL,1,0.01644219359124352,0.0,0.0,mark,96.88,0.0,0.9755051538388012
2024-02-07,SOL,1,-4.077022743699389e-05,0.0,0.0,mark,96.87,0.0,0.9754653830825502
2024-02-07,SOL,1,-0.00012976587112394625,0.0001297574518975002,0.0,funding,96.87,0.0,0.9753388091800271
2024-02-07,SOL,1,0.01902355983970958,0.0,0.0,mark,101.58,0.0,0.9940708353742956
2024-02-07,SOL,1,-0.028240585071338052,0.0,0.0,mark,94.62,0.0,0.9663903890235295
2024-02-07,SOL,1,0.02647868314927009,0.0,0.0,mark,101.14,0.0,0.9923209220992472
2024-02-08,SOL,1,0.0,0.0,0.0,mark,101.14,0.0,0.9923209220992472
2024-02-08,SOL,1,-0.00013318477835331117,0.0001331759096545176,0.0,funding,101.14,0.0,0.9921887688577774
2024-02-08,SOL,1,0.015274944214257012,0.0,0.0,mark,104.98,0.0,1.0074607392582002
2024-02-08,SOL,1,-0.01780342133476741,0.0,0.0,mark,100.51,0.0,0.9896832112139582
2024-02-08,SOL,1,0.009001070032736236,0.0,0.0,mark,102.76,0.0,0.9986316313704559
2024-02-09,SOL,1,3.9824458872001754e-05,0.0,0.0,mark,102.77,0.0,0.9986714021267069
2024-02-09,SOL,1,-0.00013447074570219065,0.00013446170491673195,0.0,funding,102.77,0.0,0.9985371190673253
2024-02-09,SOL,1,0.02501573851559386,0.0,0.0,mark,109.13,0.0,1.0238313200430254
2024-02-09,SOL,1,-0.02505556833015753,0.0,0.0,mark,102.76,0.0,0.9984973483110742
2024-02-09,SOL,1,0.016512115625679707,0.0,0.0,mark,106.94,0.0,1.0151215244240344
2024-02-10,SOL,1,0.0,0.0,0.0,mark,106.94,0.0,1.0151215244240344
2024-02-10,SOL,1,-0.0001376597276557177,0.00013765025299017282,0.0,funding,106.94,0.0,1.0149817926893816
2024-02-10,SOL,1,-0.0003135188536727396,0.0,0.0,mark,106.86,0.0,1.0146636266393727
2024-02-10,SOL,1,0.015556763903045634,0.0,0.0,mark,110.86,0.0,1.030571929139813
2024-02-10,SOL,1,-0.007164933854771703,0.0,0.0,mark,109.01,0.0,1.0232143392333595
2024-02-11,SOL,1,0.0,0.0,0.0,mark,109.01,0.0,1.0232143392333595
2024-02-11,SOL,1,-0.00013921461234882876,0.00013920492244442367,0.0,funding,109.01,0.0,1.0230719027606225
2024-02-11,SOL,1,0.0064323292810542386,0.0,0.0,mark,110.67,0.0,1.0296738482983052
2024-02-11,SOL,1,-0.013336783888387944,0.0,0.0,mark,107.24,0.0,1.0160324789041777
2024-02-11,SOL,1,0.0008607796869263305,0.0,0.0,mark,107.46,0.0,1.0169074355417018
2024-02-12,SOL,1,0.0,0.0,0.0,mark,107.46,0.0,1.0169074355417018
2024-02-12,SOL,1,-0.00013808619693816707,0.00013807666347812376,0.0,funding,107.46,0.0,1.0167670243559361
2024-02-12,SOL,1,0.01844749361792934,0.0,0.0,mark,112.22,0.0,1.0356979043314603
2024-02-12,SOL,1,-0.03445559804154167,0.0,0.0,mark,103.4,0.0,1.0006200973179893
2024-02-12,SOL,1,0.032225916571704025,0.0,0.0,mark,111.64,0.0,1.0333912004688963
2024-02-13,SOL,1,3.848493286049429e-05,0.0,0.0,mark,111.65,0.0,1.0334309712251475
2024-02-13,SOL,1,-0.00014117662032822983,0.00014116665537810923,0.0,funding,111.65,0.0,1.0332850852313755
2024-02-13,SOL,1,0.013381436902415276,0.0,0.0,mark,115.15,0.0,1.0472048499192608
2024-02-13,SOL,1,-0.02655429200555902,0.0,0.0,mark,108.25,0.0,1.0197630281060013
2024-02-13,SOL,1,0.016362402025513395,0.0,0.0,mark,112.48,0.0,1.0365860580002169
2024-02-14,SOL,1,3.836632088594723e-05,0.0,0.0,mark,112.49,0.0,1.036625828756468
2024-02-14,SOL,1,-0.0001418004317296071,0.00014179037852365655,0.0,funding,112.49,0.0,1.0364788451878213
2024-02-14,SOL,1,0.023511462469290194,0.0,0.0,mark,118.69,0.0,1.0611367140635037
2024-02-14,SOL,1,-0.030751360198743978,0.0,0.0,mark,110.61,0.0,1.0290019430126143
2024-02-14,SOL,1,0.024284037076579147,0.0,0.0,mark,116.97,0.0,1.0542961439883143
2024-02-15,SOL,1,0.0,0.0,0.0,mark,116.97,0.0,1.0542961439883143
2024-02-15,SOL,1,-0.000144976704482482,0.00014496619586795397,0.0,funding,116.97,0.0,1.054143306687002
2024-02-15,SOL,1,0.005343081345816648,0.0,0.0,mark,118.39,0.0,1.0597907540746583
2024-02-15,SOL,1,-0.026157718163124708,0.0,0.0,mark,111.51,0.0,1.032428473773901
2024-02-15,SOL,1,0.007636557731940875,0.0,0.0,mark,113.5,0.0,1.0403428542678699
2024-02-16,SOL,1,0.0,0.0,0.0,mark,113.5,0.0,1.0403428542678699
2024-02-16,SOL,1,-0.0001425624664530915,0.00014255230490758304,0.0,funding,113.5,0.0,1.0401945509961
2024-02-16,SOL,1,0.002863443386598317,0.0,0.0,mark,114.25,0.0,1.0431773577149326
2024-02-16,SOL,1,-0.024350731994061178,0.0,0.0,mark,107.94,0.0,1.018082010520488
2024-02-16,SOL,1,0.009293075344779397,0.0,0.0,mark,110.33,0.0,1.027587221264501
2024-02-17,SOL,1,-3.8703795719492696e-05,0.0,0.0,mark,110.32,0.0,1.0275474505082498
2024-02-17,SOL,1,-0.00014029354905313173,0.00014028370837341627,0.0,funding,110.32,0.0,1.027403302341363
2024-02-17,SOL,1,0.002937639017812979,0.0,0.0,mark,111.08,0.0,1.0304258798164465
2024-02-17,SOL,1,-0.02374635313781846,0.0,0.0,mark,105.0,0.0,1.0062452600157772
2024-02-17,SOL,1,0.015374579404520979,0.0,0.0,mark,108.92,0.0,1.0218353964662088
2024-02-18,SOL,1,0.0,0.0,0.0,mark,108.92,0.0,1.0218353964662088
2024-02-18,SOL,1,-0.0001392873918478306,0.0001392776918094331,0.0,funding,108.92,0.0,1.0216930775907798
2024-02-18,SOL,1,-0.0055037295227336495,0.0,0.0,mark,107.51,0.0,1.0160854009593745
2024-02-18,SOL,1,0.02523799970876551,0.0,0.0,mark,114.04,0.0,1.0420557047913432
2024-02-18,SOL,1,-0.006893526815204984,0.0,0.0,mark,112.24,0.0,1.0348969686661451
2024-02-19,SOL,1,3.8428938615273706e-05,0.0,0.0,mark,112.25,0.0,1.0349367394223963
2024-02-19,SOL,1,-0.0001417288266668184,0.00014171878361113373,0.0,funding,112.25,0.0,1.0347900694465708
2024-02-19,SOL,1,0.010019254730071866,0.0,0.0,mark,114.87,0.0,1.0452100075843593
2024-02-19,SOL,1,-0.015800983810258448,0.0,0.0,mark,110.75,0.0,1.0288244560089057
2024-02-19,SOL,1,0.003010670657523945,0.0,0.0,mark,111.53,0.0,1.0319265749964917
2024-02-20,SOL,1,0.0,0.0,0.0,mark,111.53,0.0,1.0319265749964917
2024-02-20,SOL,1,-0.000141230482707892,0.00014122051015288427,0.0,funding,111.53,0.0,1.0317808457991304
2024-02-20,SOL,1,0.00223315756827344,0.0,0.0,mark,112.11,0.0,1.0340875496616944
2024-02-20,SOL,1,-0.035665353456629204,0.0,0.0,mark,103.0,0.0,0.9978563907169415
2024-02-20,SOL,1,0.02094279875997846,0.0,0.0,mark,108.31,0.0,1.018974662286276
2024-02-21,SOL,1,3.902941026263201e-05,0.0,0.0,mark,108.32,0.0,1.0190144330425273
2024-02-21,SOL,1,-0.00013890355117953442,0.00013889390452791946,0.0,funding,108.32,0.0,1.0188728981491517
2024-02-21,SOL,1,0.00031222381482768583,0.0,0.0,mark,108.4,0.0,1.0191910641991606
2024-02-21,SOL,1,-0.03240014126553495,0.0,0.0,mark,100.23,0.0,0.9866983563420112
2024-02-21,SOL,1,0.01916253432168331,0.0,0.0,mark,105.03,0.0,1.0057883193425396
2024-02-22,SOL,1,3.954109349056333e-05,0.0,0.0,mark,105.04,0.0,1.0058280900987908
2024-02-22,SOL,1,-0.00013646317010482378,0.00013645385942985565,0.0,funding,105.04,0.0,1.0056908409739738
2024-02-22,SOL,1,0.008113412901188756,0.0,0.0,mark,107.1,0.0,1.0138836167617005
2024-02-22,SOL,1,-0.0220911919604273,0.0,0.0,mark,101.53,0.0,0.9917313055298373
2024-02-22,SOL,1,0.00092192895054708,0.0,0.0,mark,101.76,0.0,0.9926460329236126
2024-02-23,SOL,1,-4.006619849262833e-05,0.0,0.0,mark,101.75,0.0,0.9926062621673615
2024-02-23,SOL,1,-0.00013394958250327564,0.00013394061165848968,0.0,funding,101.75,0.0,0.9924733118774707
2024-02-23,SOL,1,0.00539518949943886,0.0,0.0,mark,103.1,0.0,0.9978423639713693
2024-02-23,SOL,1,-0.01793600442144909,0.0,0.0,mark,98.64,0.0,0.9801046066833783
2024-02-23,SOL,1,0.005099811024092873,0.0,0.0,mark,99.9,0.0,0.985115721971017
2024-02-24,SOL,1,4.0370844338356306e-05,0.0,0.0,mark,99.91,0.0,0.9851554927272681
2024-02-24,SOL,1,-0.00013252195163667476,0.00013251317099079244,0.0,funding,99.91,0.0,0.9850249466490079
2024-02-24,SOL,1,0.019749133296687253,0.0,0.0,mark,104.85,0.0,1.0046717002370515
2024-02-24,SOL,1,-0.02553954471748008,0.0,0.0,mark,98.48,0.0,0.9793377285051004
2024-02-24,SOL,1,0.022208794778533235,0.0,0.0,mark,104.01,0.0,1.001330956711959
2024-02-25,SOL,1,3.971710471971501e-05,0.0,0.0,mark,104.02,0.0,1.0013707274682102
2024-02-25,SOL,1,-0.00013573951825886758,0.00013573030606734882,0.0,funding,104.02,0.0,1.0012348111128841
2024-02-25,SOL,1,0.0016272652906387415,0.0,0.0,mark,104.43,0.0,1.0028654121191793
2024-02-25,SOL,1,-0.00968341399304625,0.0,0.0,mark,102.0,0.0,0.9932011183501618
2024-02-25,SOL,1,0.005869064867704353,0.0,0.0,mark,103.47,0.0,0.9990474195190736
2024-02-26,SOL,1,0.0,0.0,0.0,mark,103.47,0.0,0.9990474195190736
2024-02-26,SOL,1,-0.0001353357720746238,0.00013532661460213813,0.0,funding,103.47,0.0,0.9989122218139631
2024-02-26,SOL,1,0.02911407843550051,0.0,0.0,mark,110.89,0.0,1.0284221229522799
2024-02-26,SOL,1,-0.04185578298588901,0.0,0.0,mark,100.29,0.0,0.986265121326113
2024-02-26,SOL,1,0.038019944528885484,0.0,0.0,mark,109.9,0.0,1.024484818083421
2024-02-27,SOL,1,0.0,0.0,0.0,mark,109.9,0.0,1.024484818083421
2024-02-27,SOL,1,-0.00014017723038109504,0.00014016740601212793,0.0,funding,109.9,0.0,1.0243412187039713
2024-02-27,SOL,1,0.009275019697874871,0.0,0.0,mark,112.3,0.0,1.0338862002042355
2024-02-27,SOL,1,-0.0273357816271438,0.0,0.0,mark,105.29,0.0,1.0060069000722138
2024-02-27,SOL,1,0.012063658693229144,0.0,0.0,mark,108.36,0.0,1.0182165222413018
2024-02-28,SOL,1,-3.905999569865578e-05,0.0,0.0,mark,108.35,0.0,1.0181767514850506
2024-02-28,SOL,1,-0.00013905634349602219,0.00013904667561085037,0.0,funding,108.35,0.0,1.0180351773925724
2024-02-28,SOL,1,0.040988275195468396,0.0,0.0,mark,119.06,0.0,1.0606296573375014
2024-02-28,SOL,1,-0.046865440533501786,0.0,0.0,mark,106.85,0.0,1.0120695639549073
2024-02-28,SOL,1,0.04675294228374572,0.0,0.0,mark,119.03,0.0,1.060510345068748
2024-02-29,SOL,1,0.0,0.0,0.0,mark,119.03,0.0,1.060510345068748
2024-02-29,SOL,1,-0.000146665593037744,0.00014665483816554686,0.0,funding,119.03,0.0,1.0603548160957192
2024-02-29,SOL,1,0.05693403218458112,0.0,0.0,mark,134.65,0.0,1.1224767373599387
2024-02-29,SOL,1,-0.06401033122997331,0.0,0.0,mark,117.15,0.0,1.0528779139205122
2024-02-29,SOL,1,0.03171249313001215,0.0,0.0,mark,125.68,0.0,1.0868023690027013
2024-03-01,SOL,1,0.0,0.0,0.0,mark,125.68,0.0,1.0868023690027013
2024-03-01,SOL,1,-0.00015111350530485612,0.0001511020882342493,0.0,funding,125.68,0.0,1.0866381508952472
2024-03-01,SOL,1,0.043403277912761995,0.0,0.0,mark,137.8,0.0,1.1348403074715814
2024-03-01,SOL,1,-0.043659509448419384,0.0,0.0,mark,125.61,0.0,1.0863597556014895
2024-03-01,SOL,1,0.013887828656465408,0.0,0.0,mark,129.43,0.0,1.10155218448941
2024-03-02,SOL,1,0.0,0.0,0.0,mark,129.43,0.0,1.10155218448941
2024-03-02,SOL,1,-0.0003343897655504515,0.0003343338635240804,0.2305750782924692,resize,129.43,0.001962377201436191,1.1011838982916964
2024-03-02,SOL,1,-0.00022938360116848527,0.00022935729476176235,0.0,funding,129.43,0.0,1.100931333731749
2024-03-02,SOL,1,0.012118822306671785,0.0,0.0,mark,131.69,0.0,1.1143544971197434
2024-03-02,SOL,1,-0.02422248168494689,0.0,0.0,mark,127.2,0.0,1.0876863539285506
2024-03-02,SOL,1,0.015281615886105049,0.0,0.0,mark,130.02,0.0,1.1044356108994111
2024-03-03,SOL,1,5.377672602374215e-05,0.0,0.0,mark,130.03,0.0,1.1044950054276765
2024-03-03,SOL,1,-0.0002297561551764529,0.00022972976325237273,0.0,funding,130.03,0.0,1.1042412700515662
2024-03-03,SOL,1,0.011125707583785222,0.0,0.0,mark,132.11,0.0,1.1165953319307826
2024-03-03,SOL,1,-0.04315269505093072,0.0,0.0,mark,124.17,0.0,1.069436076488005
2024-03-03,SOL,1,0.03272598239039602,0.0,0.0,mark,130.16,0.0,1.1050133989190172
2024-03-04,SOL,1,0.0,0.0,0.0,mark,130.16,0.0,1.1050133989190172
2024-03-04,SOL,1,-0.00022987797935997988,0.00022985155944180952,0.0,funding,130.16,0.0,1.1047594098660716
2024-03-04,SOL,1,0.025426191607377673,0.0,0.0,mark,134.95,0.0,1.1332093889052282
2024-03-04,SOL,1,-0.0406487055877508,0.0,0.0,mark,127.35,0.0,1.0880695474234765
2024-03-04,SOL,1,0.031804381259243716,0.0,0.0,mark,133.27,0.0,1.1232311081566306
2024-03-05,SOL,1,-5.2879677414496635e-05,0.0,0.0,mark,133.26,0.0,1.123171713628365
2024-03-05,SOL,1,-0.00023154818937211154,0.00023152138415897923,0.0,funding,133.26,0.0,1.1229116753585775
2024-03-05,SOL,1,0.04882547987238749,0.0,0.0,mark,142.72,0.0,1.1790988990977054
2024-03-05,SOL,1,-0.21072874783523804,0.0,0.0,mark,105.0,0.0,0.95506273848038
2024-03-05,SOL,1,0.11894337456056835,0.0,0.0,mark,125.31,0.0,1.0756930253875348
2024-03-06,SOL,1,0.0,0.0,0.0,mark,125.31,0.0,1.0756930253875348
2024-03-06,SOL,1,-0.0002273443692540624,0.0002273185284812028,0.0,funding,125.31,0.0,1.075448500431906
2024-03-06,SOL,1,-0.02976449975428015,0.0,0.0,mark,120.0,0.0,1.0439100059229454
2024-03-06,SOL,1,0.08163513902733006,0.0,0.0,mark,134.95,0.0,1.132704825679812
2024-03-06,SOL,1,-0.022054811833596793,0.0,0.0,mark,130.79,0.0,1.1079967019213794
2024-03-07,SOL,1,5.3603892762516123e-05,0.0,0.0,mark,130.8,0.0,1.108056096449645
2024-03-07,SOL,1,-0.00023037400864269267,0.00023034747458837248,0.0,funding,130.8,0.0,1.1078008585261256
2024-03-07,SOL,1,0.0945711716675606,0.0,0.0,mark,149.3,0.0,1.2176807358172317
2024-03-07,SOL,1,-0.09607351419092675,0.0,0.0,mark,130.52,0.0,1.1061378117346927
2024-03-07,SOL,1,0.06898011257149883,0.0,0.0,mark,143.82,0.0,1.1851325343277581
2024-03-08,SOL,1,0.0,0.0,0.0,mark,143.82,0.0,1.1851325343277581
2024-03-08,SOL,1,-0.00023683247258704862,0.00023680442999083216,0.0,funding,143.82,0.0,1.184851889693503
2024-03-08,SOL,1,0.043263586472211554,0.0,0.0,mark,152.64,0.0,1.237237863623641
2024-03-08,SOL,1,-0.052428796886299714,0.0,0.0,mark,142.0,0.0,1.1740420855491887
2024-03-08,SOL,1,0.01401586527125704,0.0,0.0,mark,144.79,0.0,1.1906131589352527
2024-03-09,SOL,1,0.0,0.0,0.0,mark,144.79,0.0,1.1906131589352527
2024-03-09,SOL,1,-0.00023733231953530683,0.00023730415844820045,0.0,funding,144.79,0.0,1.1903306214815341
2024-03-09,SOL,1,0.021522042594360496,0.0,0.0,mark,149.15,0.0,1.216226635805276
2024-03-09,SOL,1,-0.027778763251804724,0.0,0.0,mark,143.54,0.0,1.1829063054483513
2024-03-09,SOL,1,0.0037587280147047307,0.0,0.0,mark,144.29,0.0,1.187360895068261
2024-03-10,SOL,1,5.0021053444140045e-05,0.0,0.0,mark,144.3,0.0,1.1874202895965267
2024-03-10,SOL,1,-0.00023716512308490103,0.00023713700166021253,0.0,funding,144.3,0.0,1.1871387083093412
2024-03-10,SOL,1,0.02079556558539493,0.0,0.0,mark,148.5,0.0,1.2120844101808355
2024-03-10,SOL,1,-0.04034772439273486,0.0,0.0,mark,140.43,0.0,1.164153025870607
2024-03-10,SOL,1,0.020002342460412777,0.0,0.0,mark,144.39,0.0,1.18767325906373
2024-03-11,SOL,1,0.0,0.0,0.0,mark,144.39,0.0,1.18767325906373
2024-03-11,SOL,1,-0.00023726250798071708,0.00023723436345782253,0.0,funding,144.39,0.0,1.1873915021541201
2024-03-11,SOL,1,-0.04031858160108646,0.0,0.0,mark,136.49,0.0,1.1404698248244047
2024-03-11,SOL,1,0.06896649316233942,0.0,0.0,mark,150.2,0.0,1.221899723076354
2024-03-11,SOL,1,-0.0066816161870209695,0.0,0.0,mark,148.83,0.0,1.2137626727039856
2024-03-12,SOL,1,0.0,0.0,0.0,mark,148.83,0.0,1.2137626727039856
2024-03-12,SOL,1,-0.00023930188847815203,0.00023927325806500163,0.0,funding,148.83,0.0,1.21347225175477
2024-03-12,SOL,1,0.029752607732115122,0.0,0.0,mark,155.0,0.0,1.2501186756945604
2024-03-12,SOL,1,-0.06628938745181732,0.0,0.0,mark,141.5,0.0,1.1699360625361857
2024-03-12,SOL,1,0.047344165501740205,0.0,0.0,mark,151.05,0.0,1.2266578370297025
2024-03-13,SOL,1,4.8418628718907946e-05,0.0,0.0,mark,151.06,0.0,1.226717231557968
2024-03-13,SOL,1,-0.00024032262423978113,0.00024029374907105942,0.0,funding,151.06,0.0,1.2264224590753467
2024-03-13,SOL,1,0.07314672952779847,0.0,0.0,mark,166.73,0.0,1.3194936848673267
2024-03-13,SOL,1,-0.08459282388266122,0.0,0.0,mark,148.71,0.0,1.2124647449329629
2024-03-13,SOL,1,0.07177227766049156,0.0,0.0,mark,163.9,0.0,1.3026850333682007
2024-03-14,SOL,1,0.0,0.0,0.0,mark,163.9,0.0,1.3026850333682007
2024-03-14,SOL,1,-0.0002455445544602645,0.0002455144108633555,0.0,funding,163.9,0.0,1.3023652054196928
2024-03-14,SOL,1,0.06446053323109172,0.0,0.0,mark,178.5,0.0,1.3890812166872684
2024-03-14,SOL,1,-0.08612799527807184,0.0,0.0,mark,159.2,0.0,1.2744497771349252
2024-03-14,SOL,1,0.07818628744824146,0.0,0.0,mark,176.65,0.0,1.3780932289581578
2024-03-15,SOL,1,0.0,0.0,0.0,mark,176.65,0.0,1.3780932289581578
2024-03-15,SOL,1,-0.00025016515825155623,0.0002501338695574564,0.0,funding,176.65,0.0,1.3777485211661875
2024-03-15,SOL,1,0.05178989061322677,0.0,0.0,mark,188.98,0.0,1.450981974517503
2024-03-15,SOL,1,-0.10558997108256639,0.0,0.0,mark,164.5,0.0,1.3055841693236503
2024-03-15,SOL,1,0.08478523244282549,0.0,0.0,mark,183.95,0.0,1.4211065267999752
2024-03-16,SOL,1,0.0,0.0,0.0,mark,183.95,0.0,1.4211065267999752
2024-03-16,SOL,1,-0.0002526186856323628,0.00025258678021898253,0.0,funding,183.95,0.0,1.4207475740780227
2024-03-16,SOL,1,0.05687848283810535,0.0,0.0,mark,197.95,0.0,1.5038999136496705
2024-03-16,SOL,1,-0.08731116880450145,0.0,0.0,mark,176.78,0.0,1.378161697311686
2024-03-16,SOL,1,0.022457998980065265,0.0,0.0,mark,182.05,0.0,1.4094626137075847
2024-03-17,SOL,1,0.0,0.0,0.0,mark,182.05,0.0,1.4094626137075847
2024-03-17,SOL,1,-0.00025207473403284565,0.0002520429658663747,0.0,funding,182.05,0.0,1.409107368570148
2024-03-17,SOL,1,-0.014862564880178617,0.0,0.0,mark,178.55,0.0,1.388319283677236
2024-03-17,SOL,1,0.10796879256341223,0.0,0.0,mark,205.2,0.0,1.546605701504694
2024-03-17,SOL,1,-0.012909623323043221,0.0,0.0,mark,201.86,0.0,1.5267679290640295
2024-03-18,SOL,1,-3.89028892026037e-05,0.0,0.0,mark,201.85,0.0,1.5267085345357638
2024-03-18,SOL,1,-0.0002580275673475105,0.00025799428109779716,0.0,funding,201.85,0.0,1.5263146524649505
2024-03-18,SOL,1,0.031900814840087624,0.0,0.0,mark,210.18,0.0,1.575790294510081
2024-03-18,SOL,1,-0.06372746899583621,0.0,0.0,mark,193.8,0.0,1.478502057211253
2024-03-18,SOL,1,0.008480423934358498,0.0,0.0,mark,195.92,0.0,1.491093697203531
2024-03-19,SOL,1,0.0,0.0,0.0,mark,195.92,0.0,1.491093697203531
2024-03-19,SOL,1,-0.0002826325513921776,0.00028259261457531427,0.1948914583278029,resize,195.92,-0.0014832657469956694,1.4906723251370615
2024-03-19,SOL,1,-0.00019243887388908711,0.0001924203587167529,0.0,funding,195.92,0.0,1.4903854894335296
2024-03-19,SOL,1,0.008218414763655714,0.0,0.0,mark,198.68,0.0,1.5026845657730894
2024-03-19,SOL,1,-0.1019352973642636,0.0,0.0,mark,166.0,0.0,1.3570563720133757
2024-03-19,SOL,1,0.012465771717462893,0.0,0.0,mark,169.82,0.0,1.374079006657259
2024-03-20,SOL,1,0.0,0.0,0.0,mark,169.82,0.0,1.374079006657259
2024-03-20,SOL,1,-0.00018095511426890118,0.00018093874287966263,0.0,funding,169.82,0.0,1.373830382529177
2024-03-20,SOL,1,0.07306778408614889,0.0,0.0,mark,193.19,0.0,1.4779714745782746
2024-03-20,SOL,1,-0.09726365501157193,0.0,0.0,mark,162.45,0.0,1.340988283752889
2024-03-20,SOL,1,0.0929730645381483,0.0,0.0,mark,191.77,0.0,1.4716436889253128
2024-03-21,SOL,1,-3.028079814351454e-05,0.0,0.0,mark,191.76,0.0,1.4715991270545172
2024-03-21,SOL,1,-0.00019079384739093108,0.00019077564740236074,0.0,funding,191.76,0.0,1.4713183817783366
2024-03-21,SOL,1,-0.04941816842718928,0.0,0.0,mark,175.84,0.0,1.4003758834718911
2024-03-21,SOL,1,0.06122076058565208,0.0,0.0,mark,195.68,0.0,1.488786635130175
2024-03-21,SOL,1,-0.049767269167095125,0.0,0.0,mark,179.46,0.0,1.4165072806998642
2024-03-22,SOL,1,0.0,0.0,0.0,mark,179.46,0.0,1.4165072806998642
2024-03-22,SOL,1,-0.00019273598221961123,0.00019271740983340126,0.13290855850579394,resize,179.46,-0.0010490691005838682,1.4162342950857176
2024-03-22,SOL,1,-0.0001418539890466103,0.00014184392824533214,0.0,funding,179.46,0.0,1.416033410849987
2024-03-22,SOL,1,0.005973313170871036,0.0,0.0,mark,181.95,0.0,1.4245171346176142
2024-03-22,SOL,1,-0.03499904229704729,0.0,0.0,mark,167.57,0.0,1.3755227780800725
2024-03-22,SOL,1,0.01874716019176208,0.0,0.0,mark,175.21,0.0,1.4015531594393784
2024-03-23,SOL,1,0.0,0.0,0.0,mark,175.21,0.0,1.4015531594393784
2024-03-23,SOL,1,-0.00013994516448133726,0.00013993537261367895,0.0,funding,175.21,0.0,1.4013570325757745
2024-03-23,SOL,1,0.009172427655096417,0.0,0.0,mark,179.0,0.0,1.4142700097160583
2024-03-23,SOL,1,-0.0209850975914367,0.0,0.0,mark,170.38,0.0,1.384900652737365
2024-03-23,SOL,1,0.005569093827188569,0.0,0.0,mark,172.65,0.0,1.3926348105496196
2024-03-24,SOL,1,0.0,0.0,0.0,mark,172.65,0.0,1.3926348105496196
2024-03-24,SOL,1,-0.0001387834456586208,0.00013877381568178218,0.0,funding,172.65,0.0,1.3924415493031084
2024-03-24,SOL,1,0.033989958060178724,0.0,0.0,mark,186.78,0.0,1.4405841263459083
2024-03-24,SOL,1,-0.0374214514003395,0.0,0.0,mark,171.25,0.0,1.3876715841325549
2024-03-24,SOL,1,0.030539047071058117,0.0,0.0,mark,183.88,0.0,1.4307034842069046
2024-03-25,SOL,1,-2.381456805174169e-05,0.0,0.0,mark,183.87,0.0,1.430669413027115
2024-03-25,SOL,1,-0.00014387356959370923,0.0001438632202880567,0.0,funding,183.87,0.0,1.4304635923181892
2024-03-25,SOL,1,0.025235891819916523,0.0,0.0,mark,194.6,0.0,1.4670219682325023
2024-03-25,SOL,1,-0.03228708522441354,0.0,0.0,mark,180.92,0.0,1.4204125942802373
2024-03-25,SOL,1,0.019172392391518734,0.0,0.0,mark,188.99,0.0,1.4479080363704988
2024-03-26,SOL,1,-2.3531591655002493e-05,0.0,0.0,mark,188.98,0.0,1.447873965190709
2024-03-26,SOL,1,-0.00014611506899254396,0.00014610439470581698,0.0,funding,188.98,0.0,1.4476624244414147
2024-03-26,SOL,1,0.017705624353810158,0.0,0.0,mark,196.57,0.0,1.4735224499017723
2024-03-26,SOL,1,-0.024743856228170873,0.0,0.0,mark,186.0,0.0,1.4375092128640938
2024-03-26,SOL,1,0.010515404951283574,0.0,0.0,mark,190.46,0.0,1.4527049590502854
2024-03-27,SOL,1,0.0,0.0,0.0,mark,190.46,0.0,1.4527049590502854
2024-03-27,SOL,1,-0.00014676970619062197,0.00014675893604413888,0.0,funding,190.46,0.0,1.452491761616109
2024-03-27,SOL,1,0.005333957762789287,0.0,0.0,mark,192.74,0.0,1.4602599906081533
2024-03-27,SOL,1,-0.030176063525041603,0.0,0.0,mark,180.0,0.0,1.416853307556117
2024-03-27,SOL,1,0.015107110183848929,0.0,0.0,mark,186.33,0.0,1.4384203643629765
2024-03-28,SOL,1,2.368624438750443e-05,0.0,0.0,mark,186.34,0.0,1.4384544355427662
2024-03-28,SOL,1,-0.00014501724985688388,0.00014500673536375422,0.0,funding,186.34,0.0,1.4382458499610986
2024-03-28,SOL,1,0.010814743415964867,0.0,0.0,mark,190.93,0.0,1.453884521484556
2024-03-28,SOL,1,-0.0237375384635695,0.0,0.0,mark,180.92,0.0,1.419779270515099
2024-03-28,SOL,1,0.02068639245254957,0.0,0.0,mark,189.63,0.0,1.449455268111899
2024-03-29,SOL,1,2.3505919847055695e-05,0.0,0.0,mark,189.64,0.0,1.4494893392916888
2024-03-29,SOL,1,-0.0001464619857956576,0.00014645126076261145,0.0,funding,189.64,0.0,1.4492770597504876
2024-03-29,SOL,1,0.007868018871205123,0.0,0.0,mark,193.0,0.0,1.4607249761598158
2024-03-29,SOL,1,-0.022670211860591007,0.0,0.0,mark,183.39,0.0,1.4279825723819455
2024-03-29,SOL,1,0.020358382247682365,0.0,0.0,mark,192.01,0.0,1.4573519293606387
2024-03-30,SOL,1,2.3378554512039884e-05,0.0,0.0,mark,192.02,0.0,1.4573860005404284
2024-03-30,SOL,1,-0.0001474966286457134,0.00014748575155276136,0.0,funding,192.02,0.0,1.4571710568708363
2024-03-30,SOL,1,0.018486683691447736,0.0,0.0,mark,200.0,0.0,1.4843598583429907
2024-03-30,SOL,1,-0.021554390888961418,0.0,0.0,mark,190.71,0.0,1.4527077323183897
2024-03-30,SOL,1,0.008151977439415103,0.0,0.0,mark,194.2,0.0,1.4645985740649836
2024-03-31,SOL,1,-2.3263422961548785e-05,0.0,0.0,mark,194.19,0.0,1.464564502885194
2024-03-31,SOL,1,-0.00014843242505359184,0.00014842140950620952,0.0,funding,194.19,0.0,1.464347130157363
2024-03-31,SOL,1,0.02067861401365837,0.0,0.0,mark,203.17,0.0,1.4949430496084841
2024-03-31,SOL,1,-0.021842648584091975,0.0,0.0,mark,193.69,0.0,1.4626435711678796
2024-03-31,SOL,1,0.020200351992101222,0.0,0.0,mark,202.45,0.0,1.492489924663628
2024-04-01,SOL,1,0.0,0.0,0.0,mark,202.45,0.0,1.492489924663628
2024-04-01,SOL,1,-0.00015185095947035191,0.0001518394306969845,0.0,funding,202.45,0.0,1.4922633058431463
2024-04-01,SOL,1,0.004578709983125614,0.0,0.0,mark,204.46,0.0,1.4991116129808695
2024-04-01,SOL,1,-0.04079888438524647,0.0,0.0,mark,186.87,0.0,1.4391804077308445
2024-04-01,SOL,1,0.012632815429321,0.0,0.0,mark,192.24,0.0,1.457476631277896
2024-04-02,SOL,1,0.0,0.0,0.0,mark,192.24,0.0,1.457476631277896
2024-04-02,SOL,1,-2.4230281104915546e-05,2.4229987554049175e-05,0.016710336244171845,resize,192.24,-0.00012669020275008587,1.4574413166372597
2024-04-02,SOL,1,-0.00014216904756076965,0.000142158942020662,0.0,funding,192.24,0.0,1.4572341283216295
2024-04-02,SOL,1,0.0,0.0,0.0,mark,192.24,0.0,1.4572341283216295
2024-04-02,SOL,1,-0.03743034631473419,0.0,0.0,mark,175.92,0.0,1.4036975470137736
2024-04-02,SOL,1,0.013025317520192401,0.0,0.0,mark,181.53,0.0,1.422100746838349
2024-04-03,SOL,1,0.0,0.0,0.0,mark,181.53,0.0,1.422100746838349
2024-04-03,SOL,1,-0.00013758447179562208,0.00013757500748627288,0.0,funding,181.53,0.0,1.4219051013174566
2024-04-03,SOL,1,0.02386785563387142,0.0,0.0,mark,192.0,0.0,1.4562511801344449
2024-04-03,SOL,1,-0.03456038812585878,0.0,0.0,mark,176.92,0.0,1.4067823292690977
2024-04-03,SOL,1,0.018780605172924545,0.0,0.0,mark,185.05,0.0,1.433452207089739
2024-04-04,SOL,1,0.0,0.0,0.0,mark,185.05,0.0,1.433452207089739
2024-04-04,SOL,1,-0.00013914179050343773,0.00013913211073340203,0.0,funding,185.05,0.0,1.4332527678585312
2024-04-04,SOL,1,-0.011579443669450667,0.0,0.0,mark,180.02,0.0,1.4167522161441615
2024-04-04,SOL,1,0.023139468262854825,0.0,0.0,mark,190.13,0.0,1.4499173409617117
2024-04-04,SOL,1,-0.013966156158672227,0.0,0.0,mark,184.0,0.0,1.4298083186935036
2024-04-05,SOL,1,0.0,0.0,0.0,mark,184.0,0.0,1.4298083186935036
2024-04-05,SOL,1,-0.00013870484281096096,0.00013869522373889187,0.0,funding,184.0,0.0,1.4296100111088386
2024-04-05,SOL,1,0.0024522461996196385,0.0,0.0,mark,185.07,0.0,1.4331200688293904
2024-04-05,SOL,1,-0.04023847899241958,0.0,0.0,mark,167.84,0.0,1.3765982982451774
2024-04-05,SOL,1,0.015441131440788312,0.0,0.0,mark,174.37,0.0,1.3980194916238722
2024-04-06,SOL,1,0.0,0.0,0.0,mark,174.37,0.0,1.3980194916238722
2024-04-06,SOL,1,-0.00013443403518246657,0.0001344249993325172,0.0,funding,174.37,0.0,1.3978315628546438
2024-04-06,SOL,1,-0.0019497415307621075,0.0,0.0,mark,173.54,0.0,1.395108807800384
2024-04-06,SOL,1,0.014820874791770269,0.0,0.0,mark,179.89,0.0,1.4159395241793595
2024-04-06,SOL,1,-0.0028072467609482382,0.0,0.0,mark,178.68,0.0,1.4119702065701374
2024-04-07,SOL,1,2.32327116710653e-05,0.0,0.0,mark,178.69,0.0,1.4120030108478996
2024-04-07,SOL,1,-0.00013640043227219675,0.00013639113015624204,0.0,funding,178.69,0.0,1.4118104261614661
2024-04-07,SOL,1,-0.004284517862338963,0.0,0.0,mark,176.85,0.0,1.4057744390532274
2024-04-07,SOL,1,0.013581878737257549,0.0,0.0,mark,182.71,0.0,1.424997745821857
2024-04-07,SOL,1,-0.007370662444176061,0.0,0.0,mark,179.52,0.0,1.4145331812157258
2024-04-08,SOL,1,-2.3191154922193257e-05,0.0,0.0,mark,179.51,0.0,1.4145003769379636
2024-04-08,SOL,1,-0.00013678446728697776,0.0001367751127182204,0.0,funding,179.51,0.0,1.414306908489468
2024-04-08,SOL,1,0.011920276639302155,0.0,0.0,mark,184.68,0.0,1.431266720092508
2024-04-08,SOL,1,-0.021850314694940635,0.0,0.0,mark,175.25,0.0,1.400332286162785
2024-04-08,SOL,1,0.012640130201316156,0.0,0.0,mark,180.68,0.0,1.4181450089876413
2024-04-09,SOL,1,0.0,0.0,0.0,mark,180.68,0.0,1.4181450089876413
2024-04-09,SOL,1,-0.0001373222029345724,0.00013731277467250472,0.0,funding,180.68,0.0,1.4179502795615693
2024-04-09,SOL,1,-0.02713195861667457,0.0,0.0,mark,169.11,0.0,1.3799957301907426
2024-04-09,SOL,1,0.027640799105052193,0.0,0.0,mark,180.9,0.0,1.4186719736723368
2024-04-09,SOL,1,-0.019803295963815068,0.0,0.0,mark,172.42,0.0,1.3908539461300196
2024-04-10,SOL,1,-2.3585988101540763e-05,0.0,0.0,mark,172.41,0.0,1.3908211418522574
2024-04-10,SOL,1,-0.00013361083648542074,0.0001336019109551308,0.0,funding,172.41,0.0,1.390635325489909
2024-04-10,SOL,1,0.007262692797303971,0.0,0.0,mark,175.5,0.0,1.4007718473184185
2024-04-10,SOL,1,-0.03144891590776117,0.0,0.0,mark,162.28,0.0,1.3574045921168345
2024-04-10,SOL,1,0.02630702023557371,0.0,0.0,mark,173.31,0.0,1.3935877104885042
2024-04-11,SOL,1,-2.3539719544476597e-05,0.0,0.0,mark,173.3,0.0,1.393554906210742
2024-04-11,SOL,1,-0.00013403711930536145,0.00013402813673203678,0.0,funding,173.3,0.0,1.3933681306432288
2024-04-11,SOL,1,0.007084874817141656,0.0,0.0,mark,176.32,0.0,1.403275022527403
2024-04-11,SOL,1,-0.014718374091932506,0.0,0.0,mark,170.07,0.0,1.382772348926049
2024-04-11,SOL,1,0.005441585645616068,0.0,0.0,mark,172.37,0.0,1.3903173328113474
2024-04-12,SOL,1,0.0,0.0,0.0,mark,172.37,0.0,1.3903173328113474
2024-04-12,SOL,1,-0.0001336282445543926,0.0001336193166980922,0.0,funding,172.37,0.0,1.3901315595593435
2024-04-12,SOL,1,0.008482785080718234,0.0,0.0,mark,175.98,0.0,1.4019739038314856
2024-04-12,SOL,1,-0.08539279358835944,0.0,0.0,mark,141.0,0.0,1.2872245402194273
2024-04-12,SOL,1,0.030518686790802153,0.0,0.0,mark,153.16,0.0,1.3271145419782218
2024-04-13,SOL,1,0.0,0.0,0.0,mark,153.16,0.0,1.3271145419782218
2024-04-13,SOL,1,-0.00012438999841424514,0.00012438226229911367,0.0,funding,153.16,0.0,1.3269494724691604
2024-04-13,SOL,1,0.004538454979534723,0.0,0.0,mark,155.0,0.0,1.3329854595773991
2024-04-13,SOL,1,-0.1009010887083521,0.0,0.0,mark,116.0,0.0,1.2050487763049498
2024-04-13,SOL,1,0.05937080496249485,0.0,0.0,mark,138.47,0.0,1.278759988436538
2024-04-14,SOL,1,0.0,0.0,0.0,mark,138.47,0.0,1.278759988436538
2024-04-14,SOL,1,-0.00011671145907999811,0.00011670464856266101,0.0,funding,138.47,0.0,1.2786107512014915
2024-04-14,SOL,1,0.03620457504406102,0.0,0.0,mark,152.84,0.0,1.3257504983457247
2024-04-14,SOL,1,-0.05699547852417837,0.0,0.0,mark,130.45,0.0,1.252301720436234
2024-04-14,SOL,1,0.053053433968171734,0.0,0.0,mark,151.25,0.0,1.3205346181815403
2024-04-15,SOL,1,2.484135581208513e-05,0.0,0.0,mark,151.26,0.0,1.3205674224593025
2024-04-15,SOL,1,-0.0001234558933767923,0.00012344827301155045,0.0,funding,151.26,0.0,1.3204044006916045
2024-04-15,SOL,1,-0.04497025561750273,0.0,0.0,mark,133.56,0.0,1.2623408290525697
2024-04-15,SOL,1,0.056824885835180625,0.0,0.0,mark,156.06,0.0,1.3361504540174443
2024-04-15,SOL,1,-0.04404342086297749,0.0,0.0,mark,138.51,0.0,1.278578946544842
2024-04-16,SOL,1,0.0,0.0,0.0,mark,138.51,0.0,1.278578946544842
2024-04-16,SOL,1,-0.0001167617072673159,0.00011675489088442882,0.0,funding,138.51,0.0,1.278429666199451
2024-04-16,SOL,1,0.005272001890313811,0.0,0.0,mark,140.57,0.0,1.2851873474184572
2024-04-16,SOL,1,-0.03683908524016576,0.0,0.0,mark,126.4,0.0,1.2387036858294673
2024-04-16,SOL,1,0.025673651894363714,0.0,0.0,mark,136.22,0.0,1.2709174865919148
2024-04-17,SOL,1,-2.581182608564029e-05,0.0,0.0,mark,136.21,0.0,1.2708846823141526
2024-04-17,SOL,1,-0.00011551793950485583,0.00011551126756469261,0.0,funding,136.21,0.0,1.27073788081357
2024-04-17,SOL,1,0.016792938602531834,0.0,0.0,mark,142.77,0.0,1.2922574870255512
2024-04-17,SOL,1,-0.041199717430467145,0.0,0.0,mark,126.87,0.0,1.2400986853837064
2024-04-17,SOL,1,0.013061446561717014,0.0,0.0,mark,131.84,0.0,1.256402411431503
2024-04-18,SOL,1,0.0,0.0,0.0,mark,131.84,0.0,1.256402411431503
2024-04-18,SOL,1,-0.00011310049202844702,0.00011309409640894667,0.0,funding,131.84,0.0,1.2562603197360562
2024-04-18,SOL,1,0.03189179759760255,0.0,0.0,mark,144.25,0.0,1.2969704284389048
2024-04-18,SOL,1,-0.04297249795287445,0.0,0.0,mark,127.62,0.0,1.2424169145204218
2024-04-18,SOL,1,0.03744336564142042,0.0,0.0,mark,142.07,0.0,1.2898190958867524
2024-04-19,SOL,1,2.5432915913891277e-05,0.0,0.0,mark,142.08,0.0,1.2898519001645146
2024-04-19,SOL,1,-0.00011872450923803795,0.00011871746176238118,0.0,funding,142.08,0.0,1.2896987722208777
2024-04-19,SOL,1,0.013666847895298154,0.0,0.0,mark,147.49,0.0,1.3074458864902097
2024-04-19,SOL,1,-0.04881907233767932,0.0,0.0,mark,128.5,0.0,1.2451505630198554
2024-04-19,SOL,1,0.036219949930945766,0.0,0.0,mark,142.5,0.0,1.2910765518868885
2024-04-20,SOL,1,0.0,0.0,0.0,mark,142.5,0.0,1.2910765518868885
2024-04-20,SOL,1,-0.00011896253353801064,0.00011895545777640348,0.0,funding,142.5,0.0,1.2909229712846344
2024-04-20,SOL,1,-0.00724303104285702,0.0,0.0,mark,139.66,0.0,1.281606556400179
2024-04-20,SOL,1,0.032064381517391494,0.0,0.0,mark,152.39,0.0,1.3233664019914169
2024-04-20,SOL,1,-0.0029044692482665816,0.0,0.0,mark,151.22,0.0,1.3195283014932435
2024-04-21,SOL,1,-2.4860918480467395e-05,0.0,0.0,mark,151.21,0.0,1.3194954972154813
2024-04-21,SOL,1,-0.0001235153472183114,0.00012350771951189643,0.0,funding,151.21,0.0,1.319332529335714
2024-04-21,SOL,1,-0.011327441103497133,0.0,0.0,mark,146.68,0.0,1.3044721915094526
2024-04-21,SOL,1,0.0170052163332,0.0,0.0,mark,153.5,0.0,1.32684470894325
2024-04-21,SOL,1,-0.011688097007916466,0.0,0.0,mark,148.8,0.0,1.3114266983950318
2024-04-22,SOL,1,2.5013878032977257e-05,0.0,0.0,mark,148.81,0.0,1.311459502672794
2024-04-22,SOL,1,-0.00012229967166998816,0.00012229219336997878,0.0,funding,148.81,0.0,1.3112991214136962
2024-04-22,SOL,1,-0.005468549444291497,0.0,0.0,mark,146.63,0.0,1.3041477888615438
2024-04-22,SOL,1,0.029420506515657082,0.0,0.0,mark,158.5,0.0,1.3430864665652353
2024-04-22,SOL,1,-0.003792988993216289,0.0,0.0,mark,156.95,0.0,1.3380018035120995
2024-04-23,SOL,1,-2.4517664938738188e-05,0.0,0.0,mark,156.94,0.0,1.3379689992343373
2024-04-23,SOL,1,-0.00012642604500237237,0.00012641805356673156,0.0,funding,156.94,0.0,1.3377998557977215
2024-04-23,SOL,1,0.007475435193925244,0.0,0.0,mark,160.0,0.0,1.3478379647929446
2024-04-23,SOL,1,-0.017084671889158663,0.0,0.0,mark,153.04,0.0,1.3250061874704766
2024-04-23,SOL,1,0.004224652482965257,0.0,0.0,mark,154.75,0.0,1.3306157189678072
2024-04-24,SOL,1,0.0,0.0,0.0,mark,154.75,0.0,1.3306157189678072
2024-04-24,SOL,1,-0.00012535069012557418,0.00012534283405599112,0.0,funding,154.75,0.0,1.3304489358225522
2024-04-24,SOL,1,0.012374673551846162,0.0,0.0,mark,159.8,0.0,1.3470150960924463
2024-04-24,SOL,1,-0.035244254551766864,0.0,0.0,mark,145.58,0.0,1.3003674131146457
2024-04-24,SOL,1,0.005534580524263258,0.0,0.0,mark,147.78,0.0,1.3075843542223222
2024-04-25,SOL,1,2.5087380535837107e-05,0.0,0.0,mark,147.79,0.0,1.3076171585000844
2024-04-25,SOL,1,-0.00012181826018364358,0.00012181084064077894,0.0,funding,147.79,0.0,1.3074578765547713
2024-04-25,SOL,1,0.004531031455465656,0.0,0.0,mark,149.6,0.0,1.3133954508297234
2024-04-25,SOL,1,-0.018935651233013176,0.0,0.0,mark,142.09,0.0,1.2887594382303365
2024-04-25,SOL,1,0.006975506104204829,0.0,0.0,mark,144.84,0.0,1.2977806146149322
2024-04-26,SOL,1,-2.5277533043854236e-05,0.0,0.0,mark,144.83,0.0,1.29774781033717
2024-04-26,SOL,1,-0.000120286211704552,0.00012027897760830108,0.0,funding,144.83,0.0,1.2975917185573493
2024-04-26,SOL,1,0.0034323043848836503,0.0,0.0,mark,146.19,0.0,1.302053100333004
2024-04-26,SOL,1,-0.018948118498139096,0.0,0.0,mark,138.74,0.0,1.27761391340019
2024-04-26,SOL,1,0.0012573432962906575,0.0,0.0,mark,139.23,0.0,1.279221323010536
2024-04-27,SOL,1,0.0,0.0,0.0,mark,139.23,0.0,1.279221323010536
2024-04-27,SOL,1,-0.00011730974976735708,0.00011730286924758978,0.0,funding,139.23,0.0,1.279071266678944
2024-04-27,SOL,1,0.009724055977479919,0.0,0.0,mark,143.04,0.0,1.2915696965063295
2024-04-27,SOL,1,-0.026143941193134842,0.0,0.0,mark,132.88,0.0,1.2582405502999683
2024-04-27,SOL,1,0.02174027257386935,0.0,0.0,mark,141.31,0.0,1.2858945564534747
2024-04-28,SOL,1,0.0,0.0,0.0,mark,141.31,0.0,1.2858945564534747
2024-04-28,SOL,1,-0.00011844446214546553,0.00011843744787712503,0.0,funding,141.31,0.0,1.2857422583839693
2024-04-28,SOL,1,0.008915511445188632,0.0,0.0,mark,144.82,0.0,1.2972565598784898
2024-04-28,SOL,1,-0.019895513643050953,0.0,0.0,mark,137.03,0.0,1.271702027501762
2024-04-28,SOL,1,0.002473313488476813,0.0,0.0,mark,137.99,0.0,1.2748512381669301
2024-04-29,SOL,1,0.0,0.0,0.0,mark,137.99,0.0,1.2748512381669301
2024-04-29,SOL,1,-0.00011666348333041607,0.00011665667841089441,0.0,funding,137.99,0.0,1.2747025182560177
2024-04-29,SOL,1,0.0024161546211076425,0.0,0.0,mark,138.93,0.0,1.2777861203656613
2024-04-29,SOL,1,-0.014350856421020757,0.0,0.0,mark,133.38,0.0,1.2595797462076588
2024-04-29,SOL,1,0.011368374772894796,0.0,0.0,mark,137.77,0.0,1.27398082414525
2024-04-30,SOL,1,5.149753038340648e-05,0.0,0.0,mark,137.79,0.0,1.2740464327007741
2024-04-30,SOL,1,-0.00011656797662369597,0.00011656118284111734,0.0,funding,137.79,0.0,1.273897928341584
2024-04-30,SOL,1,0.005085764099093182,0.0,0.0,mark,139.77,0.0,1.2803931753384932
2024-04-30,SOL,1,-0.04871934291336544,0.0,0.0,mark,121.21,0.0,1.2195084358119122
2024-04-30,SOL,1,0.014845431681409713,0.0,0.0,mark,126.77,0.0,1.2377476142476767
2024-05-01,SOL,1,-2.6503555411071664e-05,0.0,0.0,mark,126.76,0.0,1.2377148099699145
2024-05-01,SOL,1,-0.00011038425079789838,0.00011037815868071956,0.0,funding,126.76,0.0,1.2375781932882182
2024-05-01,SOL,1,0.024119563207882416,0.0,0.0,mark,135.97,0.0,1.2677909331071735
2024-05-01,SOL,1,-0.04633875539453866,0.0,0.0,mark,118.47,0.0,1.210383447023382
2024-05-01,SOL,1,0.04289142551888588,0.0,0.0,mark,134.64,0.0,1.2634279641648052
2024-05-02,SOL,1,0.0,0.0,0.0,mark,134.64,0.0,1.2634279641648052
2024-05-02,SOL,1,-0.00011486033038271277,0.00011485373418757511,0.0,funding,134.64,0.0,1.263282854745244
2024-05-02,SOL,1,-0.016890878508992183,0.0,0.0,mark,128.19,0.0,1.2421240955886466
2024-05-02,SOL,1,0.03301581530979552,0.0,0.0,mark,140.9,0.0,1.2838183326243602
2024-05-02,SOL,1,-0.008519491262038829,0.0,0.0,mark,137.58,0.0,1.2729273124073208
2024-05-03,SOL,1,0.0,0.0,0.0,mark,137.58,0.0,1.2729273124073208
2024-05-03,SOL,1,-0.00011649264278778545,0.00011648585778327316,0.0,funding,137.58,0.0,1.2727790343774392
2024-05-03,SOL,1,-0.004391163107687595,0.0,0.0,mark,135.88,0.0,1.2672023071578709
2024-05-03,SOL,1,0.023334711854539864,0.0,0.0,mark,145.0,0.0,1.2971198084769666
2024-05-03,SOL,1,-0.0033185020396917474,0.0,0.0,mark,143.69,0.0,1.2928224480901227
2024-05-04,SOL,1,2.5373833527686162e-05,0.0,0.0,mark,143.7,0.0,1.292855252367885
2024-05-04,SOL,1,-0.00011979932740793512,0.00011979215175496452,0.0,funding,143.7,0.0,1.292700378455296
2024-05-04,SOL,1,0.013710425137420571,0.0,0.0,mark,149.14,0.0,1.3105459055579145
2024-05-04,SOL,1,-0.017473225224562787,0.0,0.0,mark,142.22,0.0,1.2878453453464953
2024-05-04,SOL,1,0.009708578470630952,0.0,0.0,mark,146.05,0.0,1.300409383729405
2024-05-05,SOL,1,0.0,0.0,0.0,mark,146.05,0.0,1.300409383729405
2024-05-05,SOL,1,-0.00012105124326586374,0.00012104391685975217,0.0,funding,146.05,0.0,1.3002519770840772
2024-05-05,SOL,1,0.004907625968059678,0.0,0.0,mark,148.0,0.0,1.3066488112476997
2024-05-05,SOL,1,-0.01237806540278869,0.0,0.0,mark,143.1,0.0,1.2905747151442382
2024-05-05,SOL,1,0.006662779935689312,0.0,0.0,mark,145.73,0.0,1.299202240195688
2024-05-06,SOL,1,2.524923572904286e-05,0.0,0.0,mark,145.74,0.0,1.2992350444734502
2024-05-06,SOL,1,-0.00012090347803179411,0.0001208961695007431,0.0,funding,145.74,0.0,1.299077971933292
2024-05-06,SOL,1,0.027766854328839782,0.0,0.0,mark,156.89,0.0,1.3356547416381077
2024-05-06,SOL,1,-0.028625790082992843,0.0,0.0,mark,145.4,0.0,1.2979626264893784
2024-05-06,SOL,1,0.018579391584130665,0.0,0.0,mark,152.82,0.0,1.3223034005889058
2024-05-07,SOL,1,-2.480874258184355e-05,0.0,0.0,mark,152.81,0.0,1.3222705963111436
2024-05-07,SOL,1,-0.00012456039731065333,0.00012455263998643833,0.0,funding,152.81,0.0,1.3221059040175966
2024-05-07,SOL,1,0.015706155841088334,0.0,0.0,mark,159.19,0.0,1.3430350332298588
2024-05-07,SOL,1,-0.028315450992578414,0.0,0.0,mark,147.76,0.0,1.3055397437477025
2024-05-07,SOL,1,0.0006781985705720791,0.0,0.0,mark,148.03,0.0,1.306425459247281
2024-05-08,SOL,1,0.0,0.0,0.0,mark,148.03,0.0,1.306425459247281
2024-05-08,SOL,1,-0.00012212740389382518,0.00012211994664592513,0.0,funding,148.03,0.0,1.3062659186399008
2024-05-08,SOL,1,-0.020371856692613512,0.0,0.0,mark,140.0,0.0,1.279924083596881
2024-05-08,SOL,1,0.030292353050690588,0.0,0.0,mark,152.0,0.0,1.3192892169114807
2024-05-08,SOL,1,-0.02472059422982321,0.0,0.0,mark,142.18,0.0,1.2870754161490332
2024-05-09,SOL,1,-2.5487780596620022e-05,0.0,0.0,mark,142.17,0.0,1.287042611871271
2024-05-09,SOL,1,-0.00011905904442263492,0.00011905195717587375,0.0,funding,142.17,0.0,1.286889386929359
2024-05-09,SOL,1,-0.003984545637494197,0.0,0.0,mark,140.61,0.0,1.2817719195984612
2024-05-09,SOL,1,0.03218422982771497,0.0,0.0,mark,153.39,0.0,1.3236957865785097
2024-05-09,SOL,1,-0.0020342194229623148,0.0,0.0,mark,152.57,0.0,1.321005835802012
2024-05-10,SOL,1,-2.483311139958467e-05,0.0,0.0,mark,152.56,0.0,1.3209730315242498
2024-05-10,SOL,1,-0.00012447876206307348,0.00012447101490345547,0.0,funding,152.56,0.0,1.3208086086703559
2024-05-10,SOL,1,-0.020246651664568606,0.0,0.0,mark,144.49,0.0,1.2943355565162875
2024-05-10,SOL,1,0.028138277772366885,0.0,0.0,mark,155.75,0.0,1.3312731732764869
2024-05-10,SOL,1,-0.02429331626477374,0.0,0.0,mark,146.01,0.0,1.2993218067361367
2024-05-11,SOL,1,2.5246912266553296e-05,0.0,0.0,mark,146.02,0.0,1.299354611013899
2024-05-11,SOL,1,-0.00012112462785771425,0.00012111729256620229,0.0,funding,146.02,0.0,1.2991972367013296
2024-05-11,SOL,1,0.004232969820308574,0.0,0.0,mark,147.7,0.0,1.3047083553653736
2024-05-11,SOL,1,-0.011582309179713802,0.0,0.0,mark,143.12,0.0,1.2896839961503013
2024-05-11,SOL,1,0.005833211514085445,0.0,0.0,mark,145.42,0.0,1.2972289800355996
2024-05-12,SOL,1,0.0,0.0,0.0,mark,145.42,0.0,1.2972289800355996
2024-05-12,SOL,1,-0.00012082456395914836,0.00012081726496560976,0.0,funding,145.42,0.0,1.2970722523781977
2024-05-12,SOL,1,0.006001218908426604,0.0,0.0,mark,147.8,0.0,1.3048796704855934
2024-05-12,SOL,1,-0.013413600128804812,0.0,0.0,mark,142.5,0.0,1.2874934032716452
2024-05-12,SOL,1,0.0023667608655555507,0.0,0.0,mark,143.43,0.0,1.2905442011035266
2024-05-13,SOL,1,-2.5419272479295117e-05,0.0,0.0,mark,143.42,0.0,1.2905113968257644
2024-05-13,SOL,1,-0.00011978305523228915,0.00011977588152852185,0.0,funding,143.42,0.0,1.290356824685587
2024-05-13,SOL,1,0.018787690722138383,0.0,0.0,mark,150.88,0.0,1.3148288158961632
2024-05-13,SOL,1,-0.03322984771318727,0.0,0.0,mark,137.78,0.0,1.2718552120277251
2024-05-13,SOL,1,0.024861811274154242,0.0,0.0,mark,147.54,0.0,1.3038721871235996
2024-05-14,SOL,1,-2.5159437218193105e-05,0.0,0.0,mark,147.53,0.0,1.3038393828458374
2024-05-14,SOL,1,-0.00012195629768063487,0.00012194886131369561,0.0,funding,147.53,0.0,1.3036803811177635
2024-05-14,SOL,1,0.003917715997349338,0.0,0.0,mark,149.09,0.0,1.3087978484486615
2024-05-14,SOL,1,-0.018389906311419693,0.0,0.0,mark,141.82,0.0,1.2849491385155665
2024-05-14,SOL,1,0.0005359785953786662,0.0,0.0,mark,142.03,0.0,1.285638028348572
2024-05-15,SOL,1,0.0,0.0,0.0,mark,142.03,0.0,1.285638028348572
2024-05-15,SOL,1,-0.00011907174952002204,0.00011906466076063937,0.0,funding,142.03,0.0,1.2854849542928657
2024-05-15,SOL,1,0.04210069494438691,0.0,0.0,mark,158.88,0.0,1.3407601623221161
2024-05-15,SOL,1,-0.044195444585630815,0.0,0.0,mark,141.21,0.0,1.282795003516368
2024-05-15,SOL,1,0.04331424716056585,0.0,0.0,mark,158.52,0.0,1.3395792083226783
2024-05-16,SOL,1,0.0,0.0,0.0,mark,158.52,0.0,1.3395792083226783
2024-05-16,SOL,1,-0.00012754541853471016,0.0001275372849636884,0.0,funding,158.52,0.0,1.339408362027455
2024-05-16,SOL,1,0.01523953061787837,0.0,0.0,mark,164.79,0.0,1.3599766441843333
2024-05-16,SOL,1,-0.020297574259829476,0.0,0.0,mark,156.46,0.0,1.3326506808084486
2024-05-16,SOL,1,0.007137667243162603,0.0,0.0,mark,159.37,0.0,1.3421967256372391
2024-05-17,SOL,1,-2.444103611825903e-05,0.0,0.0,mark,159.36,0.0,1.342163921359477
2024-05-17,SOL,1,-0.00012797438514179082,0.00012796619676950808,0.0,funding,159.36,0.0,1.3419921697470194
2024-05-17,SOL,1,0.03516122846670713,0.0,0.0,mark,174.0,0.0,1.390017632390831
2024-05-17,SOL,1,-0.03525901109874394,0.0,0.0,mark,159.32,0.0,1.3418609526359706
2024-05-17,SOL,1,0.024439132142289596,0.0,0.0,mark,169.44,0.0,1.3750588817312832
2024-05-18,SOL,1,-2.3856919513797525e-05,0.0,0.0,mark,169.43,0.0,1.375026077453521
2024-05-18,SOL,1,-0.0001328096759603338,0.00013280085714574325,0.0,funding,169.43,0.0,1.3748434728118375
2024-05-18,SOL,1,0.015695604174306106,0.0,0.0,mark,176.06,0.0,1.3965927089681538
2024-05-18,SOL,1,-0.017558447265684715,0.0,0.0,mark,168.65,0.0,1.3722847391463884
2024-05-18,SOL,1,0.008924382344435097,0.0,0.0,mark,172.4,0.0,1.3845863433072008
2024-05-19,SOL,1,0.0,0.0,0.0,mark,172.4,0.0,1.3845863433072008
2024-05-19,SOL,1,-0.00013420474204046783,0.00013419573698692083,0.0,funding,172.4,0.0,1.3844005377224387
2024-05-19,SOL,1,0.007318805190445641,0.0,0.0,mark,175.5,0.0,1.3945698638287103
2024-05-19,SOL,1,-0.022696439195628585,0.0,0.0,mark,165.96,0.0,1.3632745828436035
2024-05-19,SOL,1,0.009507612261292807,0.0,0.0,mark,169.93,0.0,1.3762978811151836
2024-05-20,SOL,1,0.0,0.0,0.0,mark,169.93,0.0,1.3762978811151836
2024-05-20,SOL,1,-0.00013307853627406543,0.00013306968171841862,0.0,funding,169.93,0.0,1.3761147375941938
2024-05-20,SOL,1,0.04290496562345316,0.0,0.0,mark,188.32,0.0,1.4364418043988179
2024-05-20,SOL,1,-0.04878645700967724,0.0,0.0,mark,167.47,0.0,1.3680448852647007
2024-05-20,SOL,1,0.04507997357635511,0.0,0.0,mark,186.7,0.0,1.4311275114013469
2024-05-21,SOL,1,-2.2922243808503566e-05,0.0,0.0,mark,186.69,0.0,1.4310947071235847
2024-05-21,SOL,1,-0.00014060627862603665,0.0001405963940265352,0.0,funding,186.69,0.0,1.4308935003682526
2024-05-21,SOL,1,0.005030983906730585,0.0,0.0,mark,188.89,0.0,1.4381104414759291
2024-05-21,SOL,1,-0.03368203236857204,0.0,0.0,mark,174.37,0.0,1.3904786301652634
2024-05-21,SOL,1,0.008878276005727694,0.0,0.0,mark,178.15,0.0,1.4028786471593624
2024-05-22,SOL,1,0.0,0.0,0.0,mark,178.15,0.0,1.4028786471593624
2024-05-22,SOL,1,-0.00013687273481473227,0.00013686336816922382,0.0,funding,178.15,0.0,1.4026866444625794
2024-05-22,SOL,1,0.015892956973796904,0.0,0.0,mark,185.0,0.0,1.4251575747296634
2024-05-22,SOL,1,-0.02338129705107811,0.0,0.0,mark,174.96,0.0,1.3922220798564482
2024-05-22,SOL,1,0.004677985078968855,0.0,0.0,mark,176.95,0.0,1.3987501311311192
2024-05-23,SOL,1,2.3452289559058343e-05,0.0,0.0,mark,176.96,0.0,1.3987829354088814
2024-05-23,SOL,1,-0.00013635651570382477,0.00013634721957665036,0.0,funding,176.96,0.0,1.3985922152448471
2024-05-23,SOL,1,0.009524226959600202,0.0,0.0,mark,181.04,0.0,1.411976360571811
2024-05-23,SOL,1,-0.03713337790147409,0.0,0.0,mark,165.35,0.0,1.3605064487629717
2024-05-23,SOL,1,0.025730971257385916,0.0,0.0,mark,176.16,0.0,1.3959678730238736
2024-05-24,SOL,1,-2.3499583221808193e-05,0.0,0.0,mark,176.15,0.0,1.3959350687461114
2024-05-24,SOL,1,-0.0001360092561528517,0.00013600000731325173,0.0,funding,176.15,0.0,1.3957452215665531
2024-05-24,SOL,1,0.0,0.0,0.0,mark,176.15,0.0,1.3957452215665531
2024-05-24,SOL,1,-0.03260756624173684,0.0,0.0,mark,162.5,0.0,1.3509673824211959
2024-05-24,SOL,1,0.012547622087232771,0.0,0.0,mark,167.7,0.0,1.3680256068575223
2024-05-25,SOL,1,0.0,0.0,0.0,mark,167.7,0.0,1.3680256068575223
2024-05-25,SOL,1,-0.00013212622548597125,0.00013211749720055155,0.0,funding,167.7,0.0,1.367844866738238
2024-05-25,SOL,1,0.006811746917788224,0.0,0.0,mark,170.55,0.0,1.3771940859004554
2024-05-25,SOL,1,-0.011137933255249047,0.0,0.0,mark,165.9,0.0,1.361940096741048
2024-05-25,SOL,1,0.005883832142543809,0.0,0.0,mark,168.35,0.0,1.3699771447927787
2024-05-26,SOL,1,0.0,0.0,0.0,mark,168.35,0.0,1.3699771447927787
2024-05-26,SOL,1,-0.00013244942019106383,0.000132440649153842,0.0,funding,168.35,0.0,1.3697957041303963
2024-05-26,SOL,1,0.0001197343290074399,0.0,0.0,mark,168.4,0.0,1.369959725519207
2024-05-26,SOL,1,-0.017878491878096796,0.0,0.0,mark,161.0,0.0,1.3456845599752039
2024-05-26,SOL,1,0.005857760836377504,0.0,0.0,mark,163.41,0.0,1.353590390915886
2024-05-27,SOL,1,2.4234717151258526e-05,0.0,0.0,mark,163.42,0.0,1.3536231951936482
2024-05-27,SOL,1,-0.00013012393145064177,0.00013011546569900555,0.0,funding,163.42,0.0,1.3534470678812245
2024-05-27,SOL,1,0.021247165192312838,0.0,0.0,mark,172.28,0.0,1.382511657978504
2024-05-27,SOL,1,-0.02163504164148297,0.0,0.0,mark,163.26,0.0,1.3529221994370297
2024-05-27,SOL,1,0.016568156292523804,0.0,0.0,mark,170.15,0.0,1.3755243468151626
2024-05-28,SOL,1,0.0,0.0,0.0,mark,170.15,0.0,1.3755243468151626
2024-05-28,SOL,1,-0.00013332577737574285,0.00013331688988932265,0.0,funding,170.15,0.0,1.3753409661872782
2024-05-28,SOL,1,0.007343161127824584,0.0,0.0,mark,173.24,0.0,1.3854774880157876
2024-05-28,SOL,1,-0.019896081409186445,0.0,0.0,mark,164.92,0.0,1.358184328917665
2024-05-28,SOL,1,0.009040553074576844,0.0,0.0,mark,168.68,0.0,1.3705187373562395
2024-05-29,SOL,1,0.0,0.0,0.0,mark,168.68,0.0,1.3705187373562395
2024-05-29,SOL,1,-0.00013265661845995457,0.00013264781995978673,0.0,funding,168.68,0.0,1.370336941033515
2024-05-29,SOL,1,0.012489570962686278,0.0,0.0,mark,173.93,0.0,1.3875591868586525
2024-05-29,SOL,1,-0.016519405088802584,0.0,0.0,mark,167.0,0.0,1.3648258223694711
2024-05-29,SOL,1,0.0031676642986327927,0.0,0.0,mark,168.32,0.0,1.369155987034077
2024-05-30,SOL,1,0.0,0.0,0.0,mark,168.32,0.0,1.369155987034077
2024-05-30,SOL,1,-0.0001325052443877508,0.00013249646595556118,0.0,funding,168.32,0.0,1.3689745787044532
2024-05-30,SOL,1,0.01115211013063991,0.0,0.0,mark,173.0,0.0,1.384326980697147
2024-05-30,SOL,1,-0.022648127544988798,0.0,0.0,mark,163.55,0.0,1.3533269382118998
2024-05-30,SOL,1,0.008039426675536315,0.0,0.0,mark,166.88,0.0,1.364250762706701
2024-05-31,SOL,1,0.0,0.0,0.0,mark,166.88,0.0,1.364250762706701
2024-05-31,SOL,1,-0.00013184395338911465,0.0001318352623570092,0.0,funding,166.88,0.0,1.364070906349479
2024-05-31,SOL,1,0.009716457549300941,0.0,0.0,mark,170.94,0.0,1.3773894431209186
2024-05-31,SOL,1,-0.017466075418842143,0.0,0.0,mark,163.67,0.0,1.3535407331878235
2024-05-31,SOL,1,0.004787231088406908,0.0,0.0,mark,165.65,0.0,1.3600359801847326
2024-06-01,SOL,1,0.0,0.0,0.0,mark,165.65,0.0,1.3600359801847326
2024-06-01,SOL,1,-0.00013127772760425295,0.0001312691110604277,0.0,funding,165.65,0.0,1.3598574494706035
2024-06-01,SOL,1,0.005533028356823503,0.0,0.0,mark,167.95,0.0,1.3674024333559018
2024-06-01,SOL,1,-0.005557151968791364,0.0,0.0,mark,165.64,0.0,1.3598246451928413
2024-06-01,SOL,1,0.0012054682782967389,0.0,0.0,mark,166.14,0.0,1.3614648590809497
2024-06-02,SOL,1,0.0,0.0,0.0,mark,166.14,0.0,1.3614648590809497
2024-06-02,SOL,1,-0.0001315278837542893,0.0001315192343414223,0.0,funding,166.14,0.0,1.3612858002651007
2024-06-02,SOL,1,0.0023107370743930006,0.0,0.0,mark,167.1,0.0,1.3644350109302688
2024-06-02,SOL,1,-0.013993961367649533,0.0,0.0,mark,161.32,0.0,1.3454741383837365
2024-06-02,SOL,1,0.004451835960033614,0.0,0.0,mark,163.15,0.0,1.351477321214213
2024-06-03,SOL,1,-2.4273197471548007e-05,0.0,0.0,mark,163.14,0.0,1.3514445169364508
2024-06-03,SOL,1,-0.00013011039404259265,0.00013010193005238903,0.0,funding,163.14,0.0,1.3512686913964387
2024-06-03,SOL,1,0.00983210283121827,0.0,0.0,mark,167.21,0.0,1.3646200324456406
2024-06-03,SOL,1,-0.013114832916958495,0.0,0.0,mark,161.79,0.0,1.3468401138985462
2024-06-03,SOL,1,0.007522144893139847,0.0,0.0,mark,164.89,0.0,1.3570094400048178
2024-06-04,SOL,1,2.41736573800105e-05,0.0,0.0,mark,164.9,0.0,1.35704224428258
2024-06-04,SOL,1,-0.00013097162926838934,0.00013096305285895563,0.0,funding,164.9,0.0,1.3568645218874102
2024-06-04,SOL,1,0.016710638696901776,0.0,0.0,mark,171.87,0.0,1.3797291034876402
2024-06-04,SOL,1,-0.018138072350222544,0.0,0.0,mark,164.31,0.0,1.3549290694994423
2024-06-04,SOL,1,0.017924066505435696,0.0,0.0,mark,171.78,0.0,1.3794338649877806
2024-06-05,SOL,1,0.0,0.0,0.0,mark,171.78,0.0,1.3794338649877806
2024-06-05,SOL,1,-0.00013422158474997575,0.0001342125774359931,0.0,funding,171.78,0.0,1.379248727613358
2024-06-05,SOL,1,0.009044525289911873,0.0,0.0,mark,175.6,0.0,1.3917799617185056
2024-06-05,SOL,1,-0.013287093438155777,0.0,0.0,mark,170.0,0.0,1.3734095661716923
2024-06-05,SOL,1,0.008419844012097666,0.0,0.0,mark,173.54,0.0,1.3850222804994992
2024-06-06,SOL,1,2.3684737599639043e-05,0.0,0.0,mark,173.55,0.0,1.3850550847772614
2024-06-06,SOL,1,-0.00013505429504022452,0.00013504517561940227,0.0,funding,173.55,0.0,1.384868039770095
2024-06-06,SOL,1,0.0020114264866290996,0.0,0.0,mark,174.4,0.0,1.387656403379879
2024-06-06,SOL,1,-0.01642210760872445,0.0,0.0,mark,167.51,0.0,1.3650542560017462
2024-06-06,SOL,1,0.006324271010873342,0.0,0.0,mark,170.15,0.0,1.3737145853309582
2024-06-07,SOL,1,0.0,0.0,0.0,mark,170.15,0.0,1.3737145853309582
2024-06-07,SOL,1,-0.00013350143538078967,0.00013349252446079188,0.0,funding,170.15,0.0,1.3735312047030739
2024-06-07,SOL,1,0.006427753266361826,0.0,0.0,mark,172.85,0.0,1.3823883596988589
2024-06-07,SOL,1,-0.04844911259992567,0.0,0.0,mark,152.92,0.0,1.317009434118861
2024-06-07,SOL,1,0.023581765985595176,0.0,0.0,mark,162.5,0.0,1.3484359322150166
2024-06-08,SOL,1,2.432735435134898e-05,0.0,0.0,mark,162.51,0.0,1.3484687364927788
2024-06-08,SOL,1,-0.00012989394772832988,0.000129885511874701,0.0,funding,162.51,0.0,1.3482935899406923
2024-06-08,SOL,1,0.003085173714031381,0.0,0.0,mark,163.78,0.0,1.3524597332164874
2024-06-08,SOL,1,-0.01566976085268853,0.0,0.0,mark,157.37,0.0,1.3314321911709386
2024-06-08,SOL,1,0.0011327218251241283,0.0,0.0,mark,157.83,0.0,1.3329411879479982
2024-06-09,SOL,1,0.0,0.0,0.0,mark,157.83,0.0,1.3329411879479982
2024-06-09,SOL,1,-0.0001276226573426412,0.00012761451391764196,0.0,funding,157.83,0.0,1.3327710853062174
2024-06-09,SOL,1,0.012742151974293821,0.0,0.0,mark,163.04,0.0,1.349862114020306
2024-06-09,SOL,1,-0.01597174145478224,0.0,0.0,mark,156.52,0.0,1.3284737249193734
2024-06-09,SOL,1,0.013733459230702495,0.0,0.0,mark,162.12,0.0,1.3468441204661867
2024-06-10,SOL,1,0.0,0.0,0.0,mark,162.12,0.0,1.3468441204661867
2024-06-10,SOL,1,-0.00012973851849533427,0.0001297301028177758,0.0,funding,162.12,0.0,1.3466693942399592
2024-06-10,SOL,1,0.0025787857352906085,0.0,0.0,mark,163.18,0.0,1.3501466476827488
2024-06-10,SOL,1,-0.013995262711837255,0.0,0.0,mark,157.46,0.0,1.3313826008027896
2024-06-10,SOL,1,0.00390998785175517,0.0,0.0,mark,159.05,0.0,1.336598480966974
2024-06-11,SOL,1,-2.4543406861070217e-05,0.0,0.0,mark,159.04,0.0,1.3365656766892118
2024-06-11,SOL,1,-0.0001282523744147424,0.00012824415043058088,0.0,funding,159.04,0.0,1.3363942699595102
2024-06-11,SOL,1,0.0017413098187806487,0.0,0.0,mark,159.75,0.0,1.338723373680624
2024-06-11,SOL,1,-0.03630464811415639,0.0,0.0,mark,145.2,0.0,1.2909931495366718
2024-06-11,SOL,1,0.01038939796762042,0.0,0.0,mark,149.31,0.0,1.3044757076969222
2024-06-12,SOL,1,0.0,0.0,0.0,mark,149.31,0.0,1.3044757076969222
2024-06-12,SOL,1,-0.00012336762104934911,0.00012336001157738682,0.0,funding,149.31,0.0,1.3043147875585184
2024-06-12,SOL,1,-0.009780953707218189,0.0,0.0,mark,145.44,0.0,1.29161953206456
2024-06-12,SOL,1,0.04080827028101264,0.0,0.0,mark,161.84,0.0,1.345418547594513
2024-06-12,SOL,1,-0.01627270837628293,0.0,0.0,mark,155.22,0.0,1.3237021157159587
2024-06-13,SOL,1,-2.4782527625220798e-05,0.0,0.0,mark,155.21,0.0,1.3236693114381965
2024-06-13,SOL,1,-0.00012638314087284907,0.00012637515486007997,0.0,funding,155.21,0.0,1.32350203252398
2024-06-13,SOL,1,0.0,0.0,0.0,mark,155.21,0.0,1.32350203252398
2024-06-13,SOL,1,-0.023016373954677156,0.0,0.0,mark,146.03,0.0,1.293387705538311
2024-06-13,SOL,1,0.003190650774134245,0.0,0.0,mark,147.29,0.0,1.2975210445363439
2024-06-14,SOL,1,0.0,0.0,0.0,mark,147.29,0.0,1.2975210445363439
2024-06-14,SOL,1,-0.00012235083049058417,0.00012234334593299218,0.0,funding,147.29,0.0,1.2973623014703368
2024-06-14,SOL,1,-0.019455483710859298,0.0,0.0,mark,139.67,0.0,1.2723654418155659
2024-06-14,SOL,1,0.023769960165777523,0.0,0.0,mark,149.0,0.0,1.3029718329676672
2024-06-14,SOL,1,-0.01509335464876418,0.0,0.0,mark,143.05,0.0,1.2834532876991782
2024-06-15,SOL,1,-2.555971246660757e-05,0.0,0.0,mark,143.04,0.0,1.283420483421416
2024-06-15,SOL,1,-0.00012012575265110082,0.00012011853784175,0.0,funding,143.04,0.0,1.2832663208295112
2024-06-15,SOL,1,0.006979875955626184,0.0,0.0,mark,145.78,0.0,1.2922546929363448
2024-06-15,SOL,1,-0.007286680331942674,0.0,0.0,mark,142.92,0.0,1.282872669496365
2024-06-15,SOL,1,0.0066264445295692335,0.0,0.0,mark,145.52,0.0,1.2914017817145285
2024-06-16,SOL,1,0.0,0.0,0.0,mark,145.52,0.0,1.2914017817145285
2024-06-16,SOL,1,-0.00012145326091716845,0.00012144588576843782,0.0,funding,145.52,0.0,1.2912449462812652
2024-06-16,SOL,1,0.014702590518995777,0.0,0.0,mark,151.35,0.0,1.3103698402166082
2024-06-16,SOL,1,-0.020920740982038742,0.0,0.0,mark,143.08,0.0,1.2832407025072965
2024-06-16,SOL,1,0.020795561318968238,0.0,0.0,mark,151.3,0.0,1.3102058188277974
2024-06-17,SOL,1,0.0,0.0,0.0,mark,151.3,0.0,1.3102058188277974
2024-06-17,SOL,1,-0.00012446519765117847,0.00012445745217976303,0.0,funding,151.3,0.0,1.310042753949755
2024-06-17,SOL,1,0.001226238054828551,0.0,0.0,mark,151.79,0.0,1.311650163560101
2024-06-17,SOL,1,-0.030316800612572786,0.0,0.0,mark,139.85,0.0,1.2724818559120743
2024-06-17,SOL,1,0.008778038209568061,0.0,0.0,mark,143.27,0.0,1.2837009189067352
2024-06-18,SOL,1,2.555412879940984e-05,0.0,0.0,mark,143.28,0.0,1.2837337231844974
2024-06-18,SOL,1,-0.00012029795560359277,0.00012029072009467913,0.0,funding,143.28,0.0,1.2835793019305257
2024-06-18,SOL,1,0.0013791199105357619,0.0,0.0,mark,143.82,0.0,1.2853507329296827
2024-06-18,SOL,1,-0.041345950762346276,0.0,0.0,mark,127.95,0.0,1.2332903441211245
2024-06-18,SOL,1,0.024851277775845754,0.0,0.0,mark,137.41,0.0,1.264323190884134
2024-06-19,SOL,1,0.0,0.0,0.0,mark,137.41,0.0,1.264323190884134
2024-06-19,SOL,1,-0.00011714052712682704,0.00011713366644320495,0.0,funding,137.41,0.0,1.2641750960732165
2024-06-19,SOL,1,0.011583819145900565,0.0,0.0,mark,141.9,0.0,1.2789042167884292
2024-06-19,SOL,1,-0.01924212131827764,0.0,0.0,mark,134.47,0.0,1.2545306384111394
2024-06-19,SOL,1,0.003002582044051684,0.0,0.0,mark,135.62,0.0,1.2583031303537886
2024-06-20,SOL,1,0.0,0.0,0.0,mark,135.62,0.0,1.2583031303537886
2024-06-20,SOL,1,-0.0001161676463307794,0.00011616089913111835,0.0,funding,135.62,0.0,1.2581569647307873
2024-06-20,SOL,1,-0.009746604050979142,0.0,0.0,mark,131.9,0.0,1.2459537734032613
2024-06-20,SOL,1,0.02442194186325711,0.0,0.0,mark,141.29,0.0,1.2767569902219356
2024-06-20,SOL,1,-0.020087123931335445,0.0,0.0,mark,133.55,0.0,1.2513664792340187
2024-06-21,SOL,1,0.0,0.0,0.0,mark,133.55,0.0,1.2513664792340187
2024-06-21,SOL,1,-0.00011502860554684139,0.00011502199001048935,0.0,funding,133.55,0.0,1.2512225445713447
2024-06-21,SOL,1,0.004786380774395405,0.0,0.0,mark,135.38,0.0,1.2572257274018213
2024-06-21,SOL,1,-0.017424219668744544,0.0,0.0,mark,128.76,0.0,1.235509295523267
2024-06-21,SOL,1,0.015386923625856551,0.0,0.0,mark,134.6,0.0,1.2546669937363721
2024-06-22,SOL,1,2.614546256996629e-05,0.0,0.0,mark,134.61,0.0,1.2546997980141343
2024-06-22,SOL,1,-0.00011563361617521851,0.00011562693086631878,0.0,funding,134.61,0.0,1.2545547209273313
2024-06-22,SOL,1,-0.004218737590424488,0.0,0.0,mark,133.0,0.0,1.2492732322076225
2024-06-22,SOL,1,0.009772839686878549,0.0,0.0,mark,136.74,0.0,1.2615420320906727
2024-06-22,SOL,1,-0.007962629538751001,0.0,0.0,mark,133.69,0.0,1.2515367273732119
2024-06-23,SOL,1,2.6210855129196377e-05,0.0,0.0,mark,133.7,0.0,1.251569531650974
2024-06-23,SOL,1,-0.00011513912614787,0.00011513249789301129,0.0,funding,133.7,0.0,1.2514254353245082
2024-06-23,SOL,1,0.003637058499117896,0.0,0.0,mark,135.09,0.0,1.2559852299334495
2024-06-23,SOL,1,-0.01810624842852199,0.0,0.0,mark,128.22,0.0,1.233448691110841
2024-06-23,SOL,1,0.0012492114578066436,0.0,0.0,mark,128.69,0.0,1.234990492165663
2024-06-24,SOL,1,-2.6562725508985412e-05,0.0,0.0,mark,128.68,0.0,1.2349576878879007
2024-06-24,SOL,1,-0.00011230649228374849,0.00011230018614577721,0.0,funding,128.68,0.0,1.2348190019096688
2024-06-24,SOL,1,-0.01790547980191556,0.0,0.0,mark,122.0,0.0,1.2129057443645415
2024-06-24,SOL,1,0.028423266004651237,0.0,0.0,mark,132.66,0.0,1.2478751044590108
2024-06-24,SOL,1,-0.0008678841258856456,0.0,0.0,mark,132.33,0.0,1.2467925632928594
2024-06-25,SOL,1,2.6310588609468102e-05,0.0,0.0,mark,132.34,0.0,1.2468253675706216
2024-06-25,SOL,1,-0.00011440153304272945,0.00011439498943699782,0.0,funding,132.34,0.0,1.2466827369958686
2024-06-25,SOL,1,0.01969754232442472,0.0,0.0,mark,139.9,0.0,1.2714827709840666
2024-06-25,SOL,1,-0.022701761270167563,0.0,0.0,mark,131.2,0.0,1.2429430493309817
2024-06-25,SOL,1,0.014099259813403802,0.0,0.0,mark,136.58,0.0,1.2605917507670272
2024-06-26,SOL,1,-2.6023258189022758e-05,0.0,0.0,mark,136.57,0.0,1.260558946489265
2024-06-26,SOL,1,-0.00011677207803075699,0.0001167652604370646,0.0,funding,136.57,0.0,1.260411756995582
2024-06-26,SOL,1,0.009944616132545828,0.0,0.0,mark,140.41,0.0,1.273008599656254
2024-06-26,SOL,1,-0.014431247385125122,0.0,0.0,mark,134.85,0.0,1.2547694212204894
2024-06-26,SOL,1,0.005111075505970096,0.0,0.0,mark,136.81,0.0,1.261199059661874
2024-06-27,SOL,1,0.0,0.0,0.0,mark,136.81,0.0,1.261199059661874
2024-06-27,SOL,1,-0.00011691792382363123,0.00011691108918966029,0.0,funding,136.81,0.0,1.261051611506124
2024-06-27,SOL,1,0.036774781156004466,0.0,0.0,mark,151.21,0.0,1.308289771483644
2024-06-27,SOL,1,-0.040971738294674404,0.0,0.0,mark,135.2,0.0,1.2557701227864153
2024-06-27,SOL,1,0.03720352225053223,0.0,0.0,mark,149.71,0.0,1.3033691298193189
2024-06-28,SOL,1,0.0,0.0,0.0,mark,149.71,0.0,1.3033691298193189
2024-06-28,SOL,1,-0.0001238031700005838,0.00012379550670438502,0.0,funding,149.71,0.0,1.30320777857747
2024-06-28,SOL,1,0.0028403923293060895,0.0,0.0,mark,150.84,0.0,1.3069146619645948
2024-06-28,SOL,1,-0.030143743335669267,0.0,0.0,mark,139.01,0.0,1.2681072013719519
2024-06-28,SOL,1,0.0026351318255499996,0.0,0.0,mark,140.03,0.0,1.271453237703693
2024-06-29,SOL,1,0.0,0.0,0.0,mark,140.03,0.0,1.271453237703693
2024-06-29,SOL,1,-0.00011870471642554626,0.000118697671299534,0.0,funding,140.03,0.0,1.2713023191652113
2024-06-29,SOL,1,0.008300047629028135,0.0,0.0,mark,143.26,0.0,1.281898100882391
2024-06-29,SOL,1,-0.009229411821012456,0.0,0.0,mark,139.67,0.0,1.2701213651657732
2024-06-29,SOL,1,0.0015742482004453644,0.0,0.0,mark,140.28,0.0,1.2721224261092654
2024-06-30,SOL,1,0.0,0.0,0.0,mark,140.28,0.0,1.2721224261092654
2024-06-30,SOL,1,-0.00011885409758131293,0.00011884703471281522,0.0,funding,140.28,0.0,1.2719712381311306
2024-06-30,SOL,1,-0.008261073894559393,0.0,0.0,mark,137.09,0.0,1.2615066735249993
2024-06-30,SOL,1,0.027014072599031592,0.0,0.0,mark,147.62,0.0,1.2960495780085606
2024-06-30,SOL,1,-0.0025596816116203957,0.0,0.0,mark,146.61,0.0,1.2927363459545818
2024-07-01,SOL,1,0.0,0.0,0.0,mark,146.61,0.0,1.2927363459545818
2024-07-01,SOL,1,-0.00012223671761483213,0.00012222924701169372,0.0,funding,146.61,0.0,1.2925783357644312
2024-07-01,SOL,1,0.00695496860855158,0.0,0.0,mark,149.36,0.0,1.301599512149027
2024-07-01,SOL,1,-0.008834776457983366,0.0,0.0,mark,145.87,0.0,1.2901508192100308
2024-07-01,SOL,1,0.0020320699421527717,0.0,0.0,mark,146.67,0.0,1.2927751614310041
2024-07-02,SOL,1,2.5374761630822515e-05,0.0,0.0,mark,146.68,0.0,1.2928079657087663
2024-07-02,SOL,1,-0.0005398244871053703,0.0005396788080818391,0.3721922814357511,rotation,146.68,-0.0032804277762166485,1.292110264646754
2024-07-02,BNB,2,-0.0019555865934635553,0.0019536756798566807,1.3473625378321934,entry,576.9,0.0030177517166466938,1.2895859002470205
2024-07-02,BNB,2,-0.0004436302168500615,0.0004435318275154004,0.0,funding,576.9,0.0,1.2890139278559458
2024-07-02,BNB,2,0.011869056296348218,0.0,0.0,mark,582.0,0.0,1.3044044616108441
2024-07-02,BNB,2,-0.018917232347586625,0.0,0.0,mark,573.9,0.0,1.2799606727060058
2024-07-02,BNB,2,0.014511875525255992,0.0,0.0,mark,580.1,0.0,1.2986707333492153
2024-07-03,BNB,2,0.0,0.0,0.0,mark,580.1,0.0,1.2986707333492153
2024-07-03,BNB,2,-0.000442970214754312,0.00044287211793392095,0.0,funding,580.1,0.0,1.298095588291038
2024-07-03,BNB,2,0.002090092006895447,0.0,0.0,mark,581.0,0.0,1.3008115648360201
2024-07-03,BNB,2,-0.07338492292735299,0.0,0.0,mark,550.5,0.0,1.208770137478296
2024-07-03,BNB,2,0.015360021278713332,0.0,0.0,mark,556.7,0.0,1.2274801981215056
2024-07-04,BNB,2,0.0,0.0,0.0,mark,556.7,0.0,1.2274801981215056
2024-07-04,BNB,2,-0.0004497580172515848,0.0004496568912759064,0.0,funding,556.7,0.0,1.2269282531915155
2024-07-04,BNB,2,0.0034375237812815456,0.0,0.0,mark,558.1,0.0,1.2311531055948208
2024-07-04,BNB,2,-0.1210144937010993,0.0,0.0,mark,511.6,0.0,1.0908276507707495
2024-07-04,BNB,2,0.005517707284944533,0.0,0.0,mark,513.6,0.0,1.0968631542040428
2024-07-05,BNB,2,-0.0002751634888696888,0.0,0.0,mark,513.5,0.0,1.096561379032378
2024-07-05,BNB,2,-0.00046439000743818263,0.000464282195088244,0.0,funding,513.5,0.0,1.0960522651082718
2024-07-05,BNB,2,0.007133057832545323,0.0,0.0,mark,516.1,0.0,1.1038984195715533
2024-07-05,BNB,2,-0.18341476585953717,0.0,0.0,mark,454.8,0.0,0.9189102393411109
2024-07-05,BNB,2,0.13180511601006195,0.0,0.0,mark,497.7,0.0,1.048371787985254
2024-07-06,BNB,2,0.0002878098688552128,0.0,0.0,mark,497.8,0.0,1.0486735631569188
2024-07-06,BNB,2,-0.0013535824128116665,0.0013526667333334157,0.932873609195459,resize,497.8,-0.001965206692908913,1.0472550573139103
2024-07-06,BNB,2,-0.00016438789170689563,0.00016437438075776352,0.0,funding,497.8,0.0,1.0470829154123689
2024-07-06,BNB,2,0.03253652254454229,0.0,0.0,mark,530.7,0.0,1.0817116466933419
2024-07-06,BNB,2,-0.034347551167862374,0.0,0.0,mark,496.0,0.0,1.0451883343696409
2024-07-06,BNB,2,0.02976378974282078,0.0,0.0,mark,526.0,0.0,1.0767646850817743
2024-07-07,BNB,2,0.0,0.0,0.0,mark,526.0,0.0,1.0767646850817743
2024-07-07,BNB,2,-0.0001689403263793507,0.00016892605676600454,0.0,funding,526.0,0.0,1.0765827914694586
2024-07-07,BNB,2,0.0005864313118659451,0.0,0.0,mark,526.6,0.0,1.0772143184837013
2024-07-07,BNB,2,-0.03803959965905584,0.0,0.0,mark,488.4,0.0,1.037007098576918
2024-07-07,BNB,2,0.002331741270330402,0.0,0.0,mark,490.7,0.0,1.0394279521315148
2024-07-08,BNB,2,0.0,0.0,0.0,mark,490.7,0.0,1.0394279521315148
2024-07-08,BNB,2,-0.00016326339446749415,0.0001632500677247751,0.0,funding,490.7,0.0,1.0392582654479343
2024-07-08,BNB,2,0.03336542395852408,0.0,0.0,mark,524.2,0.0,1.07451852374315
2024-07-08,BNB,2,-0.053519011556888825,0.0,0.0,mark,471.0,0.0,1.0185231284803
2024-07-08,BNB,2,0.04010759408558237,0.0,0.0,mark,510.6,0.0,1.0602039114203161
2024-07-09,BNB,2,-9.928253074072034e-05,0.0,0.0,mark,510.5,0.0,1.0600986569179423
2024-07-09,BNB,2,-0.00016653952781928792,0.00016652566088195238,0.0,funding,510.5,0.0,1.059922123288499
2024-07-09,BNB,2,0.01017635639262942,0.0,0.0,mark,520.8,0.0,1.070763337032998
2024-07-09,BNB,2,-0.014156426216068812,0.0,0.0,mark,506.5,0.0,1.0557119431935478
2024-07-09,BNB,2,0.010315414827186148,0.0,0.0,mark,516.9,0.0,1.0666584114404207
2024-07-10,BNB,2,0.0,0.0,0.0,mark,516.9,0.0,1.0666584114404207
2024-07-10,BNB,2,-0.00016759044909742826,0.00016757640660259774,0.0,funding,516.9,0.0,1.0664796646567591
2024-07-10,BNB,2,0.012261198140933167,0.0,0.0,mark,529.4,0.0,1.0796364774534815
2024-07-10,BNB,2,-0.017803357883246898,0.0,0.0,mark,511.3,0.0,1.0605854125238277
2024-07-10,BNB,2,0.013210765748138578,0.0,0.0,mark,524.7,0.0,1.0746895158419139
2024-07-11,BNB,2,0.0,0.0,0.0,mark,524.7,0.0,1.0746895158419139
2024-07-11,BNB,2,-0.00016884819417397525,0.00016883394011992282,0.0,funding,524.7,0.0,1.0745080717765487
2024-07-11,BNB,2,-0.004516158066301176,0.0,0.0,mark,520.1,0.0,1.069666364667355
2024-07-11,BNB,2,0.024302140168577756,0.0,0.0,mark,545.1,0.0,1.0959799902607994
2024-07-11,BNB,2,-0.01968803090924192,0.0,0.0,mark,524.8,0.0,1.0746133262789224
2024-07-12,BNB,2,9.794159953810963e-05,0.0,0.0,mark,524.9,0.0,1.0747185807812962
2024-07-12,BNB,2,-0.00016890799101216788,0.00016889372686059643,0.0,funding,524.9,0.0,1.0745370675548618
2024-07-12,BNB,2,0.012266578692082902,0.0,0.0,mark,537.5,0.0,1.0877991348539577
2024-07-12,BNB,2,-0.0200349892324673,0.0,0.0,mark,517.0,0.0,1.0662219618673332
2024-07-12,BNB,2,0.01644847741894756,0.0,0.0,mark,533.8,0.0,1.0839047182661279
2024-07-13,BNB,2,9.710207038293676e-05,0.0,0.0,mark,533.9,0.0,1.0840099727685018
2024-07-13,BNB,2,-0.00017033164216080724,0.00017031713655035099,0.0,funding,533.9,0.0,1.0838253472939479
2024-07-13,BNB,2,-0.006430146306075289,0.0,0.0,mark,527.3,0.0,1.0768785501372784
2024-07-13,BNB,2,0.011757196641112607,0.0,0.0,mark,539.4,0.0,1.0896143449245055
2024-07-13,BNB,2,-0.00678482081064126,0.0,0.0,mark,532.4,0.0,1.082246529758341
2024-07-14,BNB,2,9.725084028302578e-05,0.0,0.0,mark,532.5,0.0,1.0823517842607149
2024-07-14,BNB,2,-0.0001701452481332634,0.00017013077425144106,0.0,funding,532.5,0.0,1.0821676429136462
2024-07-14,BNB,2,-0.0012652146128445182,0.0,0.0,mark,531.2,0.0,1.080799334382787
2024-07-14,BNB,2,0.015940921842503685,0.0,0.0,mark,547.7,0.0,1.0981663272744604
2024-07-14,BNB,2,-0.002783394877244128,0.0,0.0,mark,544.8,0.0,1.0951139467056208
2024-07-15,BNB,2,9.610821308631079e-05,0.0,0.0,mark,544.9,0.0,1.0952192012079947
2024-07-15,BNB,2,-0.00017206194374825594,0.00017204714194091008,0.0,funding,544.9,0.0,1.095030771874628
2024-07-15,BNB,2,0.0394844623320683,0.0,0.0,mark,586.8,0.0,1.139132408369241
2024-07-15,BNB,2,-0.0405423431430841,0.0,0.0,mark,543.8,0.0,1.0938729723485163
2024-07-15,BNB,2,0.03915539932277191,0.0,0.0,mark,585.3,0.0,1.1375535908336343
2024-07-16,BNB,2,0.0,0.0,0.0,mark,585.3,0.0,1.1375535908336343
2024-07-16,BNB,2,-0.00017794139915058778,0.00017792556851873334,0.0,funding,585.3,0.0,1.1373511909642646
2024-07-16,BNB,2,-0.029012782956360585,0.0,0.0,mark,554.4,0.0,1.1048275497307671
2024-07-16,BNB,2,0.031046671023832607,0.0,0.0,mark,587.5,0.0,1.1396667900164876
2024-07-16,BNB,2,-0.010491010824966363,0.0,0.0,mark,576.2,0.0,1.1277730312482508
2024-07-17,BNB,2,9.332515327769565e-05,0.0,0.0,mark,576.3,0.0,1.1278782857506244
2024-07-17,BNB,2,-0.00017670810064816084,0.0001766924886912777,0.0,funding,576.3,0.0,1.1276789981293742
2024-07-17,BNB,2,0.007161268177533846,0.0,0.0,mark,584.0,0.0,1.135783594812155
2024-07-17,BNB,2,-0.01842494070952145,0.0,0.0,mark,564.3,0.0,1.1150484578445208
2024-07-17,BNB,2,0.004332749574539253,0.0,0.0,mark,568.9,0.0,1.1198901649537145
2024-07-18,BNB,2,0.0,0.0,0.0,mark,568.9,0.0,1.1198901649537145
2024-07-18,BNB,2,-0.00017568324940574277,0.00017566781800727963,0.0,funding,568.9,0.0,1.1196934362920292
2024-07-18,BNB,2,0.010008068992700986,0.0,0.0,mark,579.6,0.0,1.1309556680460235
2024-07-18,BNB,2,-0.016893938681647177,0.0,0.0,mark,561.6,0.0,1.1120098576187436
2024-07-18,BNB,2,0.009701989634164248,0.0,0.0,mark,571.9,0.0,1.1228510713632427
2024-07-19,BNB,2,9.373422011247956e-05,0.0,0.0,mark,572.0,0.0,1.1229563258656166
2024-07-19,BNB,2,-0.0001761583031582862,0.00017614278819547488,0.0,funding,572.0,0.0,1.1227585252073569
2024-07-19,BNB,2,0.024722146557926854,0.0,0.0,mark,598.7,0.0,1.1508614773411556
2024-07-19,BNB,2,-0.03130601653827547,0.0,0.0,mark,565.0,0.0,1.1153907100411924
2024-07-19,BNB,2,0.026447002060782168,0.0,0.0,mark,593.4,0.0,1.1452829887153453
2024-07-20,BNB,2,0.0,0.0,0.0,mark,593.4,0.0,1.1452829887153453
2024-07-20,BNB,2,-0.00017918652408672417,0.00017917047114032235,0.0,funding,593.4,0.0,1.1450777878226681
2024-07-20,BNB,2,-0.006177620955184331,0.0,0.0,mark,586.7,0.0,1.138025736163625
2024-07-20,BNB,2,0.01030544856002204,0.0,0.0,mark,597.9,0.0,1.149814240429488
2024-07-20,BNB,2,-0.004403622887502313,0.0,0.0,mark,593.1,0.0,1.1447620243155467
2024-07-21,BNB,2,9.194021259601e-05,0.0,0.0,mark,593.2,0.0,1.1448672788179206
2024-07-21,BNB,2,-0.00017919117337903502,0.0001791751195995422,0.0,funding,593.2,0.0,1.1446621470863128
2024-07-21,BNB,2,0.009335439970644203,0.0,0.0,mark,603.4,0.0,1.155398106328438
2024-07-21,BNB,2,-0.02015216845082933,0.0,0.0,mark,581.5,0.0,1.1323473703085807
2024-07-21,BNB,2,0.019331949807615035,0.0,0.0,mark,602.5,0.0,1.154450815807074
2024-07-22,BNB,2,0.0,0.0,0.0,mark,602.5,0.0,1.154450815807074
2024-07-22,BNB,2,-0.00018048973707379893,0.0001804734497810557,0.0,funding,602.5,0.0,1.1542424680857428
2024-07-22,BNB,2,0.002822878606379964,0.0,0.0,mark,605.6,0.0,1.15750535765933
2024-07-22,BNB,2,-0.023274609783052416,0.0,0.0,mark,580.3,0.0,1.130875968558764
2024-07-22,BNB,2,0.006401532887773204,0.0,0.0,mark,587.2,0.0,1.1381385292225548
2024-07-23,BNB,2,9.247524183446485e-05,0.0,0.0,mark,587.3,0.0,1.1382437837249284
2024-07-23,BNB,2,-0.0001784412121997332,0.00017842529251352053,0.0,funding,587.3,0.0,1.1380406922448656
2024-07-23,BNB,2,0.005717844954202957,0.0,0.0,mark,593.5,0.0,1.1445664713920398
2024-07-23,BNB,2,-0.015102982193997189,0.0,0.0,mark,577.2,0.0,1.127409987505114
2024-07-23,BNB,2,0.004378300641509751,0.0,0.0,mark,581.9,0.0,1.1323569491166816
2024-07-24,BNB,2,9.294737932825714e-05,0.0,0.0,mark,582.0,0.0,1.1324622036190555
2024-07-24,BNB,2,-0.00017773361162182931,0.00017771781793919856,0.0,funding,582.0,0.0,1.1322609449073298
2024-07-24,BNB,2,0.006578444716759852,0.0,0.0,mark,589.1,0.0,1.139734014575868
2024-07-24,BNB,2,-0.017420317318155444,0.0,0.0,mark,570.4,0.0,1.1200514226319715
2024-07-24,BNB,2,0.004219865217002537,0.0,0.0,mark,574.9,0.0,1.1247878752387916
2024-07-25,BNB,2,0.0,0.0,0.0,mark,574.9,0.0,1.1247878752387916
2024-07-25,BNB,2,-0.00017676316506129132,0.00017674754337360988,0.0,funding,574.9,0.0,1.1245890717450269
2024-07-25,BNB,2,-0.020614461796460332,0.0,0.0,mark,553.1,0.0,1.1016435902275432
2024-07-25,BNB,2,0.022204291006400256,0.0,0.0,mark,576.6,0.0,1.126378398285381
2024-07-25,BNB,2,-0.005622480447230828,0.0,0.0,mark,570.6,0.0,1.1200631281429543
2024-07-26,BNB,2,9.39675225032658e-05,0.0,0.0,mark,570.7,0.0,1.1201683826453281
2024-07-26,BNB,2,-0.00017619538370741236,0.00017617986221238647,0.0,funding,570.7,0.0,1.119971031534019
2024-07-26,BNB,2,0.011307369528064229,0.0,0.0,mark,582.8,0.0,1.132706826321246
2024-07-26,BNB,2,-0.011777378289971246,0.0,0.0,mark,570.2,0.0,1.1194447590221501
2024-07-26,BNB,2,0.010010281128690743,0.0,0.0,mark,580.9,0.0,1.1307069907761442
2024-07-27,BNB,2,0.0,0.0,0.0,mark,580.9,0.0,1.1307069907761442
2024-07-27,BNB,2,-0.00017767306061185635,0.00017765727768839437,0.0,funding,580.9,0.0,1.1305061124502997
2024-07-27,BNB,2,0.011018434878399642,0.0,0.0,mark,592.8,0.0,1.1430313982327793
2024-07-27,BNB,2,-0.018776069481566432,0.0,0.0,mark,572.6,0.0,1.1217699887532762
2024-07-27,BNB,2,0.008409149462320468,0.0,0.0,mark,581.6,0.0,1.1312428939669161
2024-07-28,BNB,2,0.0,0.0,0.0,mark,581.6,0.0,1.1312428939669161
2024-07-28,BNB,2,-0.0001778029025279899,0.00017778709652874395,0.0,funding,581.6,0.0,1.131041773577329
2024-07-28,BNB,2,0.003066267044209196,0.0,0.0,mark,584.9,0.0,1.1345151721556637
2024-07-28,BNB,2,-0.009695436127468562,0.0,0.0,mark,574.5,0.0,1.1235687039087907
2024-07-28,BNB,2,0.008767256760251078,0.0,0.0,mark,583.9,0.0,1.133462627131926
2024-07-29,BNB,2,0.0,0.0,0.0,mark,583.9,0.0,1.133462627131926
2024-07-29,BNB,2,-0.00017815649487261127,0.00017814062594659203,0.0,funding,583.9,0.0,1.1332607113900415
2024-07-29,BNB,2,0.013010729719573755,0.0,0.0,mark,598.0,0.0,1.1481015962247443
2024-07-29,BNB,2,-0.023936879113722533,0.0,0.0,mark,572.2,0.0,1.1209459346123096
2024-07-29,BNB,2,0.0019699149629317804,0.0,0.0,mark,574.3,0.0,1.1231562791621588
2024-07-30,BNB,2,0.0,0.0,0.0,mark,574.3,0.0,1.1231562791621588
2024-07-30,BNB,2,-0.0001768352046303111,0.00017681957020714947,0.0,funding,574.3,0.0,1.122957683151602
2024-07-30,BNB,2,0.01303681024392931,0.0,0.0,mark,588.3,0.0,1.1376933134839309
2024-07-30,BNB,2,-0.020280168107408944,0.0,0.0,mark,566.6,0.0,1.114853086468821
2024-07-30,BNB,2,0.020187648119575678,0.0,0.0,mark,588.2,0.0,1.1375880589815572
2024-07-31,BNB,2,-9.252854857349821e-05,0.0,0.0,mark,588.1,0.0,1.1374828044791834
2024-07-31,BNB,2,-0.0001788038514366035,0.0001787878669807398,0.0,funding,588.1,0.0,1.1372794363548433
2024-07-31,BNB,2,-0.01247915821530985,0.0,0.0,mark,574.7,0.0,1.123175333036757
2024-07-31,BNB,2,0.016911690071810932,0.0,0.0,mark,592.9,0.0,1.1423316524687845
2024-07-31,BNB,2,-0.015226303218552362,0.0,0.0,mark,576.5,0.0,1.1250699140794849
2024-08-01,BNB,2,0.0,0.0,0.0,mark,576.5,0.0,1.1250699140794849
2024-08-01,BNB,2,-0.00017721071768556963,0.00017719501679374494,0.0,funding,576.5,0.0,1.1248705572971653
2024-08-01,BNB,2,0.0014025707958214366,0.0,0.0,mark,578.0,0.0,1.126449374832772
2024-08-01,BNB,2,-0.022967464494138605,0.0,0.0,mark,553.7,0.0,1.100872530755944
2024-08-01,BNB,2,0.020254050384127906,0.0,0.0,mark,575.1,0.0,1.1233969942639324
2024-08-02,BNB,2,9.368867142348486e-05,0.0,0.0,mark,575.2,0.0,1.1235022487663062
2024-08-02,BNB,2,-0.00017705780753557985,0.00017704213372717056,0.0,funding,575.2,0.0,1.1233033415309375
2024-08-02,BNB,2,-0.033345125601803326,0.0,0.0,mark,540.2,0.0,1.0864642657001151
2024-08-02,BNB,2,0.0355914217112562,0.0,0.0,mark,577.6,0.0,1.125829449587908
2024-08-02,BNB,2,-0.03297913028904248,0.0,0.0,mark,542.9,0.0,1.089306137264207
2024-08-03,BNB,2,0.0,0.0,0.0,mark,542.9,0.0,1.089306137264207
2024-08-03,BNB,2,-0.00017236100674246387,0.00017234615343757228,0.0,funding,542.9,0.0,1.0891183995415337
2024-08-03,BNB,2,-0.021095612503687345,0.0,0.0,mark,521.3,0.0,1.0663834270287975
2024-08-03,BNB,2,0.023412333114206107,0.0,0.0,mark,545.3,0.0,1.0916445075985042
2024-08-03,BNB,2,-0.015253416456278006,0.0,0.0,mark,529.6,0.0,1.075119550725821
2024-08-04,BNB,2,9.789548559180288e-05,0.0,0.0,mark,529.7,0.0,1.075224805228195
2024-08-04,BNB,2,-0.0001703724611595581,0.00017035794859599355,0.0,funding,529.7,0.0,1.0750416321360967
2024-08-04,BNB,2,0.002444693632013286,0.0,0.0,mark,532.2,0.0,1.077672994695441
2024-08-04,BNB,2,-0.04566120402983583,0.0,0.0,mark,486.5,0.0,1.0295716871106244
2024-08-04,BNB,2,0.010575937384678437,0.0,0.0,mark,496.9,0.0,1.0405181553574974
2024-08-05,BNB,2,0.0,0.0,0.0,mark,496.9,0.0,1.0405181553574974
2024-08-05,BNB,2,-0.0001651531647240931,0.00016513952769082254,0.0,funding,496.9,0.0,1.0403463246807678
2024-08-05,BNB,2,0.00303057999085104,0.0,0.0,mark,499.9,0.0,1.043503959751981
2024-08-05,BNB,2,-0.10621148601547634,0.0,0.0,mark,400.0,0.0,0.9383547118805768
2024-08-05,BNB,2,0.06953784414506979,0.0,0.0,mark,464.2,0.0,1.0059281024045423
2024-08-06,BNB,2,0.00010462874622444813,0.0,0.0,mark,464.3,0.0,1.0060333569069162
2024-08-06,BNB,2,-0.00015960726822266625,0.00015959453166014786,0.0,funding,464.3,0.0,1.005872799484486
2024-08-06,BNB,2,0.031010788193195526,0.0,0.0,mark,494.4,0.0,1.0375544046989933
2024-08-06,BNB,2,-0.03184825855598995,0.0,0.0,mark,463.5,0.0,1.0050307634654958
2024-08-06,BNB,2,0.022061826154353033,0.0,0.0,mark,484.8,0.0,1.0274499724711106
2024-08-07,BNB,2,0.0001024372128051709,0.0,0.0,mark,484.9,0.0,1.0275552269734842
2024-08-07,BNB,2,-0.0001631977446290603,0.00016318442860151523,0.0,funding,484.9,0.0,1.027387545960914
2024-08-07,BNB,2,0.013028194904301557,0.0,0.0,mark,497.7,0.0,1.0408601222647578
2024-08-07,BNB,2,-0.03038941141623425,0.0,0.0,mark,468.1,0.0,1.0097047895621194
2024-08-07,BNB,2,0.007167011978514927,0.0,0.0,mark,475.0,0.0,1.01696735022591
2024-08-08,BNB,2,0.0,0.0,0.0,mark,475.0,0.0,1.01696735022591
2024-08-08,BNB,2,-0.00016153006900887073,0.000161517023729682,0.0,funding,475.0,0.0,1.0168030926862712
2024-08-08,BNB,2,0.04720945342266857,0.0,0.0,mark,521.7,0.0,1.0659569452948257
2024-08-08,BNB,2,-0.05500338193572687,0.0,0.0,mark,467.5,0.0,1.0089090050082379
2024-08-08,BNB,2,0.050450912575433694,0.0,0.0,mark,517.1,0.0,1.061115238185632
2024-08-09,BNB,2,9.918741971785805e-05,0.0,0.0,mark,517.2,0.0,1.0612204926880058
2024-08-09,BNB,2,-0.00016854706376936374,0.00016853286051100088,0.0,funding,517.2,0.0,1.0610416421627402
2024-08-09,BNB,2,0.001189682676483045,0.0,0.0,mark,518.4,0.0,1.0623046961912255
2024-08-09,BNB,2,-0.01971202254153297,0.0,0.0,mark,498.7,0.0,1.0415695592235912
2024-08-09,BNB,2,0.010054656383999584,0.0,0.0,mark,508.7,0.0,1.052095009460969
2024-08-10,BNB,2,0.0,0.0,0.0,mark,508.7,0.0,1.052095009460969
2024-08-10,BNB,2,-0.00016721482957931985,0.00016720084995894302,0.0,funding,508.7,0.0,1.0519190982811495
2024-08-10,BNB,2,0.01657186206189295,0.0,0.0,mark,525.4,0.0,1.0694966001775703
2024-08-10,BNB,2,-0.018073882077295482,0.0,0.0,mark,507.2,0.0,1.0503402807455426
2024-08-10,BNB,2,0.015807771506129942,0.0,0.0,mark,523.1,0.0,1.0670757466229734
2024-08-11,BNB,2,9.863340253722853e-05,0.0,0.0,mark,523.2,0.0,1.0671810011253473
2024-08-11,BNB,2,-0.0001695501471149993,0.00016953577430113925,0.0,funding,523.2,0.0,1.067000075768002
2024-08-11,BNB,2,-0.020832354305320204,0.0,0.0,mark,502.3,0.0,1.0450018847718825
2024-08-11,BNB,2,0.03318504772068944,0.0,0.0,mark,535.8,0.0,1.080262143067098
2024-08-11,BNB,2,-0.032077720901431184,0.0,0.0,mark,503.4,0.0,1.0461596842979939
2024-08-12,BNB,2,0.0001006052990400015,0.0,0.0,mark,503.5,0.0,1.0462649388003677
2024-08-12,BNB,2,-0.0001664277130723848,0.0001664138647489331,0.0,funding,503.5,0.0,1.0460908258083508
2024-08-12,BNB,2,0.02041663622887267,0.0,0.0,mark,524.0,0.0,1.0676679987949753
2024-08-12,BNB,2,-0.02475255299465488,0.0,0.0,mark,499.2,0.0,1.0415648822062784
2024-08-12,BNB,2,0.019018297587295414,0.0,0.0,mark,518.2,0.0,1.0615632376572963
2024-08-13,BNB,2,9.91455628528754e-05,0.0,0.0,mark,518.3,0.0,1.06166849215967
2024-08-13,BNB,2,-0.00016883428589780717,0.00016882003419191278,0.0,funding,518.3,0.0,1.0614892612485232
2024-08-13,BNB,2,-0.005169523157614854,0.0,0.0,mark,513.1,0.0,1.0560160271250867
2024-08-13,BNB,2,0.013759218610430243,0.0,0.0,mark,527.0,0.0,1.0706464029550418
2024-08-13,BNB,2,-0.002756456040087253,0.0,0.0,mark,524.2,0.0,1.067699276888576
2024-08-14,BNB,2,0.0,0.0,0.0,mark,524.2,0.0,1.067699276888576
2024-08-14,BNB,2,-0.00016979177210984752,0.00016977735830271229,0.0,funding,524.2,0.0,1.0675180057258842
2024-08-14,BNB,2,0.00756332579068738,0.0,0.0,mark,531.9,0.0,1.075622602408665
2024-08-14,BNB,2,-0.016277757806359715,0.0,0.0,mark,515.4,0.0,1.0582556095169917
2024-08-14,BNB,2,0.007925341546506735,0.0,0.0,mark,523.4,0.0,1.066675969706894
2024-08-15,BNB,2,0.0,0.0,0.0,mark,523.4,0.0,1.066675969706894
2024-08-15,BNB,2,-0.00016969527855427902,0.00016968088112485254,0.0,funding,523.4,0.0,1.0664949751884794
2024-08-15,BNB,2,0.010309333788796681,0.0,0.0,mark,533.9,0.0,1.077546697937726
2024-08-15,BNB,2,-0.023622284694934905,0.0,0.0,mark,510.0,0.0,1.052390871870393
2024-08-15,BNB,2,0.009159273094494366,0.0,0.0,mark,519.2,0.0,1.0620742860887806
2024-08-16,BNB,2,0.0,0.0,0.0,mark,519.2,0.0,1.0620742860887806
2024-08-16,BNB,2,-0.0001690628571762394,0.00016904856685684874,0.0,funding,519.2,0.0,1.061894743952822
2024-08-16,BNB,2,0.005239584186093831,0.0,0.0,mark,524.5,0.0,1.067473232578632
2024-08-16,BNB,2,-0.014500449736514941,0.0,0.0,mark,509.9,0.0,1.0521060752320603
2024-08-16,BNB,2,0.009756340406317073,0.0,0.0,mark,519.7,0.0,1.0624210164646906
2024-08-17,BNB,2,0.0,0.0,0.0,mark,519.7,0.0,1.0624210164646906
2024-08-17,BNB,2,-0.0001691704489203243,0.00016915614040669336,0.0,funding,519.7,0.0,1.0622413014260583
2024-08-17,BNB,2,0.027366509985845555,0.0,0.0,mark,547.7,0.0,1.0917125620907162
2024-08-17,BNB,2,-0.0287546936838246,0.0,0.0,mark,518.3,0.0,1.0607677383928253
2024-08-17,BNB,2,0.022856182250609026,0.0,0.0,mark,541.6,0.0,1.0852920374459156
2024-08-18,BNB,2,9.69779516865374e-05,0.0,0.0,mark,541.7,0.0,1.0853972919482895
2024-08-18,BNB,2,-0.00017259940116854763,0.00017258450674890866,0.0,funding,541.7,0.0,1.085209969192032
2024-08-18,BNB,2,0.0008725291317395042,0.0,0.0,mark,542.6,0.0,1.086157259713396
2024-08-18,BNB,2,-0.01150071750647133,0.0,0.0,mark,530.8,0.0,1.07373722843329
2024-08-18,BNB,2,0.0003920284015791557,0.0,0.0,mark,531.2,0.0,1.0741582464427852
2024-08-19,BNB,2,9.7983091621322e-05,0.0,0.0,mark,531.3,0.0,1.0742635009451589
2024-08-19,BNB,2,-0.00017104005974754338,0.00017102543323042107,0.0,funding,531.3,0.0,1.074079774564506
2024-08-19,BNB,2,0.02840332427167216,0.0,0.0,mark,560.7,0.0,1.105024598262397
2024-08-19,BNB,2,-0.030561542674236348,0.0,0.0,mark,529.1,0.0,1.071764175512283
2024-08-19,BNB,2,0.028368370501333944,0.0,0.0,mark,558.4,0.0,1.1026037447078
2024-08-20,BNB,2,9.545539764745988e-05,0.0,0.0,mark,558.5,0.0,1.102708999210174
2024-08-20,BNB,2,-0.00017515881445028902,0.00017514347504086957,0.0,funding,558.5,0.0,1.1025158669240935
2024-08-20,BNB,2,-0.00028644370842158105,0.0,0.0,mark,558.2,0.0,1.1022001034169722
2024-08-20,BNB,2,0.01582182261079109,0.0,0.0,mark,574.9,0.0,1.119777605313393
2024-08-20,BNB,2,-0.005183183949314459,0.0,0.0,mark,569.4,0.0,1.1139886076828351
2024-08-21,BNB,2,0.0,0.0,0.0,mark,569.4,0.0,1.1139886076828351
2024-08-21,BNB,2,-0.00017676928344460653,0.0001767536606753123,0.0,funding,569.4,0.0,1.1137917061184766
2024-08-21,BNB,2,0.005372105072237575,0.0,0.0,mark,575.1,0.0,1.119791212753782
2024-08-21,BNB,2,-0.02763688407660572,0.0,0.0,mark,546.1,0.0,1.0892674070653863
2024-08-21,BNB,2,0.022926067759486538,0.0,0.0,mark,570.1,0.0,1.114528487635093
2024-08-22,BNB,2,9.443413408531968e-05,0.0,0.0,mark,570.2,0.0,1.1146337421374668
2024-08-22,BNB,2,-0.00017691519968076813,0.00017689955110968098,0.0,funding,570.2,0.0,1.114436563928831
2024-08-22,BNB,2,0.01852768137183442,0.0,0.0,mark,590.0,0.0,1.1352769553988389
2024-08-22,BNB,2,-0.02849405125438599,0.0,0.0,mark,559.7,0.0,1.1033848411795841
2024-08-22,BNB,2,0.02188969431249219,0.0,0.0,mark,582.9,0.0,1.1278038857303005
2024-08-23,BNB,2,9.33226002055174e-05,0.0,0.0,mark,583.0,0.0,1.1279091402326744
2024-08-23,BNB,2,-0.00017875778252471786,0.000178741806304375,0.0,funding,583.0,0.0,1.1277075357156021
2024-08-23,BNB,2,0.01629348474601891,0.0,0.0,mark,600.6,0.0,1.146232328133387
2024-08-23,BNB,2,-0.024446771430386153,0.0,0.0,mark,574.3,0.0,1.1185503940090833
2024-08-23,BNB,2,0.01624063454081993,0.0,0.0,mark,591.7,0.0,1.1368646774221207
2024-08-24,BNB,2,0.0,0.0,0.0,mark,591.7,0.0,1.1368646774221207
2024-08-24,BNB,2,-0.00017999630298859147,0.000179980104625872,0.0,funding,591.7,0.0,1.1366600643985327
2024-08-24,BNB,2,0.0006479886576763388,0.0,0.0,mark,592.4,0.0,1.1373968459151491
2024-08-24,BNB,2,-0.01660926171538167,0.0,0.0,mark,574.6,0.0,1.1186615444926167
2024-08-24,BNB,2,0.005535939261970062,0.0,0.0,mark,580.5,0.0,1.1248715601326695
2024-08-25,BNB,2,0.0,0.0,0.0,mark,580.5,0.0,1.1248715601326695
2024-08-25,BNB,2,-0.00017847185809884337,0.00017845593294420867,0.0,funding,580.5,0.0,1.1246708201289637
2024-08-25,BNB,2,-0.010820832898147592,0.0,0.0,mark,569.0,0.0,1.1125665523559791
2024-08-25,BNB,2,0.013997737204217653,0.0,0.0,mark,583.9,0.0,1.128249473209672
2024-08-25,BNB,2,-0.009372797416922528,0.0,0.0,mark,573.9,0.0,1.1177240229722942
2024-08-26,BNB,2,0.0,0.0,0.0,mark,573.9,0.0,1.1177240229722942
2024-08-26,BNB,2,-0.00017757094329185426,0.00017755517850508816,0.0,funding,573.9,0.0,1.117525565283876
2024-08-26,BNB,2,-0.025952272695286455,0.0,0.0,mark,546.7,0.0,1.0888963406382084
2024-08-26,BNB,2,0.027552142651437243,0.0,0.0,mark,575.6,0.0,1.1193148918242302
2024-08-26,BNB,2,-0.02610326822809097,0.0,0.0,mark,548.2,0.0,1.090475158173815
2024-08-27,BNB,2,9.651702951744266e-05,0.0,0.0,mark,548.3,0.0,1.0905804126761887
2024-08-27,BNB,2,-0.00017387214490461933,0.00017385703001930377,0.0,funding,548.3,0.0,1.0903908076046436
2024-08-27,BNB,2,0.009606623690734869,0.0,0.0,mark,558.3,0.0,1.1009162578420213
2024-08-27,BNB,2,-0.036808363991888485,0.0,0.0,mark,520.5,0.0,1.0611300559447332
2024-08-27,BNB,2,0.012616518057410032,0.0,0.0,mark,533.3,0.0,1.0746026322485767
2024-08-28,BNB,2,0.0,0.0,0.0,mark,533.3,0.0,1.0746026322485767
2024-08-28,BNB,2,-0.00017162978395341295,0.00017161505640471102,0.0,funding,533.3,0.0,1.0744182142572307
2024-08-28,BNB,2,0.013138475672324854,0.0,0.0,mark,546.8,0.0,1.0886275720776908
2024-08-28,BNB,2,-0.023873991590007637,0.0,0.0,mark,522.4,0.0,1.062945473498489
2024-08-28,BNB,2,0.01435363737964746,0.0,0.0,mark,537.0,0.0,1.0783126308450606
2024-08-29,BNB,2,0.0,0.0,0.0,mark,537.0,0.0,1.0783126308450606
2024-08-29,BNB,2,-0.00017222599201830143,0.00017221116197341653,0.0,funding,537.0,0.0,1.078126933373932
2024-08-29,BNB,2,0.008264069421186444,0.0,0.0,mark,545.5,0.0,1.0870735660757032
2024-08-29,BNB,2,-0.014237131247005413,0.0,0.0,mark,530.9,0.0,1.0717064087291315
2024-08-29,BNB,2,0.005387127062878327,0.0,0.0,mark,536.4,0.0,1.0774954063596893
2024-08-30,BNB,2,0.0,0.0,0.0,mark,536.4,0.0,1.0774954063596893
2024-08-30,BNB,2,-0.00017216403395880136,0.00017214921458194566,0.0,funding,536.4,0.0,1.0773099163717688
2024-08-30,BNB,2,0.006815805535287174,0.0,0.0,mark,543.4,0.0,1.0846777315379332
2024-08-30,BNB,2,-0.02098468866329133,0.0,0.0,mark,522.0,0.0,1.0621532680299448
2024-08-30,BNB,2,0.012995780569414696,0.0,0.0,mark,535.2,0.0,1.0760468623432835
2024-08-31,BNB,2,0.0,0.0,0.0,mark,535.2,0.0,1.0760468623432835
2024-08-31,BNB,2,-0.00017201011017787981,0.00017199531728712228,0.0,funding,535.2,0.0,1.075861787321779
2024-08-31,BNB,2,0.006144545930674646,0.0,0.0,mark,541.5,0.0,1.082492820971327
2024-08-31,BNB,2,-0.010163754320690069,0.0,0.0,mark,531.1,0.0,1.071546352724454
2024-08-31,BNB,2,0.001766520060369706,0.0,0.0,mark,532.9,0.0,1.073440933767182
2024-09-01,BNB,2,0.0,0.0,0.0,mark,532.9,0.0,1.073440933767182
2024-09-01,BNB,2,-0.00017168666020003862,0.00017167192288878707,0.0,funding,532.9,0.0,1.0732566540979747
2024-09-01,BNB,2,0.0002941673499398745,0.0,0.0,mark,533.2,0.0,1.073572417605096
2024-09-01,BNB,2,-0.02531836941236271,0.0,0.0,mark,507.7,0.0,1.0467325194997825
2024-09-01,BNB,2,0.004714966150349112,0.0,0.0,mark,512.4,0.0,1.0516794811113501
2024-09-02,BNB,2,-0.00010008730955790193,0.0,0.0,mark,512.3,0.0,1.0515742266089763
2024-09-02,BNB,2,-1.9046199405972495e-05,1.9046018028207982e-05,0.013135184847039986,resize,512.3,-2.696197901013472e-05,1.0515541983072982
2024-09-02,BNB,2,-0.000164168638436847,0.00016415516350330375,0.0,funding,512.3,0.0,1.0513815802559425
2024-09-02,BNB,2,0.0173100865579859,0.0,0.0,mark,530.2,0.0,1.0697395167565675
2024-09-02,BNB,2,-0.027900964770309646,0.0,0.0,mark,501.5,0.0,1.040305283372884
2024-09-02,BNB,2,0.024154940514925363,0.0,0.0,mark,526.3,0.0,1.0657397428821296
2024-09-03,BNB,2,9.622740521497789e-05,0.0,0.0,mark,526.4,0.0,1.0658423011866023
2024-09-03,BNB,2,-0.0001664259023197077,0.00016641205429748443,0.0,funding,526.4,0.0,1.0656649321797047
2024-09-03,BNB,2,0.01148247819516471,0.0,0.0,mark,538.4,0.0,1.0779719287164364
2024-09-03,BNB,2,-0.019696417639154393,0.0,0.0,mark,517.9,0.0,1.0569474762995197
2024-09-03,BNB,2,0.0007759592326844651,0.0,0.0,mark,518.7,0.0,1.057767942735302
2024-09-04,BNB,2,9.695258171805987e-05,0.0,0.0,mark,518.8,0.0,1.0578705010397746
2024-09-04,BNB,2,-0.00016525903001298625,0.00016524537549161082,0.0,funding,518.8,0.0,1.0576956928316088
2024-09-04,BNB,2,0.00473997986069245,0.0,0.0,mark,523.7,0.0,1.0627210497507744
2024-09-04,BNB,2,-0.027294121169403524,0.0,0.0,mark,495.8,0.0,1.034107282802873
2024-09-04,BNB,2,0.011634784189626343,0.0,0.0,mark,507.6,0.0,1.0462091627306593
2024-09-05,BNB,2,0.0,0.0,0.0,mark,507.6,0.0,1.0462091627306593
2024-09-05,BNB,2,-0.000163493484369796,0.00016348012003834046,0.0,funding,507.6,0.0,1.0460381283311508
2024-09-05,BNB,2,-0.010744367042137118,0.0,0.0,mark,496.7,0.0,1.0348592731436195
2024-09-05,BNB,2,0.015927272028482892,0.0,0.0,mark,512.9,0.0,1.0514737184682073
2024-09-05,BNB,2,-0.01029426069125685,0.0,0.0,mark,502.4,0.0,1.040705096498567
2024-09-06,BNB,2,0.0,0.0,0.0,mark,502.4,0.0,1.040705096498567
2024-09-06,BNB,2,-0.00016267436754823764,0.00016266113679071063,0.0,funding,502.4,0.0,1.0405358142245065
2024-09-06,BNB,2,0.00736503448126502,0.0,0.0,mark,509.9,0.0,1.0482276870599638
2024-09-06,BNB,2,-0.038497752160897965,0.0,0.0,mark,471.3,0.0,1.0086401815334767
2024-09-06,BNB,2,0.016037788265016995,0.0,0.0,mark,487.2,0.0,1.0249469519446461
2024-09-07,BNB,2,0.00010005705517019165,0.0,0.0,mark,487.3,0.0,1.0250495102491188
2024-09-07,BNB,2,-0.00016019472382763252,0.00016018189333799593,0.0,funding,487.3,0.0,1.024885315877802
2024-09-07,BNB,2,0.012134385261488021,0.0,0.0,mark,499.5,0.0,1.0373974290234793
2024-09-07,BNB,2,-0.01654710245687844,0.0,0.0,mark,482.9,0.0,1.0203727504810003
2024-09-07,BNB,2,0.01059777113437652,0.0,0.0,mark,493.5,0.0,1.0312439307551133
2024-09-08,BNB,2,9.944611743758668e-05,0.0,0.0,mark,493.6,0.0,1.031346489059586
2024-09-08,BNB,2,-0.00016127514101385747,0.00016126213687732416,0.0,funding,493.6,0.0,1.0311801719208993
2024-09-08,BNB,2,-0.002888426624766978,0.0,0.0,mark,490.7,0.0,1.028205981091189
2024-09-08,BNB,2,0.016029512227291202,0.0,0.0,mark,506.9,0.0,1.0448204264157768
2024-09-08,BNB,2,-0.0037370077854237647,0.0,0.0,mark,503.1,0.0,1.0409232108458117
2024-09-09,BNB,2,9.852143884515383e-05,0.0,0.0,mark,503.2,0.0,1.0410257691502844
2024-09-09,BNB,2,-0.00016288323094055586,0.00016286996618727198,0.0,funding,503.2,0.0,1.0408562173184628
2024-09-09,BNB,2,0.021927664470370017,0.0,0.0,mark,525.7,0.0,1.0639318358248349
2024-09-09,BNB,2,-0.023406747280869597,0.0,0.0,mark,501.7,0.0,1.0393178427513714
2024-09-09,BNB,2,0.01663618953725509,0.0,0.0,mark,518.7,0.0,1.0567527545117414
2024-09-10,BNB,2,0.0,0.0,0.0,mark,518.7,0.0,1.0567527545117414
2024-09-10,BNB,2,-0.00016540195151673603,0.00016538827336808127,0.0,funding,518.7,0.0,1.0565779799982957
2024-09-10,BNB,2,0.005421002610680195,0.0,0.0,mark,524.3,0.0,1.0623212450487705
2024-09-10,BNB,2,-0.0146850976525824,0.0,0.0,mark,509.2,0.0,1.046834941073383
2024-09-10,BNB,2,0.007612601931906605,0.0,0.0,mark,517.0,0.0,1.0548344888222587
2024-09-11,BNB,2,0.0,0.0,0.0,mark,517.0,0.0,1.0548344888222587
2024-09-11,BNB,2,-0.00016515964446621895,0.00016514600636306415,0.0,funding,517.0,0.0,1.0546602871190558
2024-09-11,BNB,2,-0.010262997281165484,0.0,0.0,mark,506.5,0.0,1.0438916651494154
2024-09-11,BNB,2,0.027997514466041408,0.0,0.0,mark,535.4,0.0,1.0735310151420443
2024-09-11,BNB,2,-0.005076143725939055,0.0,0.0,mark,530.1,0.0,1.0680954250049879
2024-09-12,BNB,2,9.601518607168582e-05,0.0,0.0,mark,530.2,0.0,1.0681979833094606
2024-09-12,BNB,2,-0.00016725770851166226,0.00016724372172098324,0.0,funding,530.2,0.0,1.0680193339031971
2024-09-12,BNB,2,0.017608975720033997,0.0,0.0,mark,548.7,0.0,1.0869926202306586
2024-09-12,BNB,2,-0.017801047437852255,0.0,0.0,mark,530.0,0.0,1.0678142172942515
2024-09-12,BNB,2,0.013830453773192327,0.0,0.0,mark,544.5,0.0,1.0826851714428023
2024-09-13,BNB,2,9.472139272023458e-05,0.0,0.0,mark,544.6,0.0,1.082787729747275
2024-09-13,BNB,2,-0.00016948566352903365,0.00016947130164535488,0.0,funding,544.6,0.0,1.082604228301309
2024-09-13,BNB,2,0.014203330606452368,0.0,0.0,mark,559.7,0.0,1.0980905322766965
2024-09-13,BNB,2,-0.01980825359904884,0.0,0.0,mark,538.7,0.0,1.076553288337416
2024-09-13,BNB,2,0.016721394861204882,0.0,0.0,mark,556.4,0.0,1.0947061082290952
2024-09-14,BNB,2,0.0,0.0,0.0,mark,556.4,0.0,1.0947061082290952
2024-09-14,BNB,2,-0.0001712728894933647,0.00017125822312940187,0.0,funding,556.4,0.0,1.094518630806151
2024-09-14,BNB,2,-0.008374423010540977,0.0,0.0,mark,547.5,0.0,1.085390941708075
2024-09-14,BNB,2,0.010994636082219558,0.0,0.0,mark,559.2,0.0,1.0973902633313883
2024-09-14,BNB,2,-0.00552919411920914,0.0,0.0,mark,553.3,0.0,1.091339323367495
2024-09-15,BNB,2,9.397030202691145e-05,0.0,0.0,mark,553.4,0.0,1.0914418816719678
2024-09-15,BNB,2,-0.0001708588562140349,0.00017084426067095001,0.0,funding,553.4,0.0,1.0912554150906282
2024-09-15,BNB,2,-0.006978960187794029,0.0,0.0,mark,546.0,0.0,1.0836661005596435
2024-09-15,BNB,2,0.014935686492456338,0.0,0.0,mark,561.9,0.0,1.099972870970813
2024-09-15,BNB,2,-0.007956726304662532,0.0,0.0,mark,553.4,0.0,1.091255415090628
2024-09-16,BNB,2,0.0,0.0,0.0,mark,553.4,0.0,1.091255415090628
2024-09-16,BNB,2,-0.00017088805395161188,0.00017087345341976784,0.0,funding,553.4,0.0,1.0910689485092884
2024-09-16,BNB,2,0.0016905343311905316,0.0,0.0,mark,555.2,0.0,1.0929149979897983
2024-09-16,BNB,2,-0.026819102088077796,0.0,0.0,mark,527.0,0.0,1.0639935561284786
2024-09-16,BNB,2,0.006437363477405753,0.0,0.0,mark,533.7,0.0,1.0708649625281539
2024-09-17,BNB,2,0.0,0.0,0.0,mark,533.7,0.0,1.0708649625281539
2024-09-17,BNB,2,-0.0001679425778546246,0.00016792847628930747,0.0,funding,533.7,0.0,1.070685133806685
2024-09-17,BNB,2,0.01803600328987165,0.0,0.0,mark,552.7,0.0,1.0901712116565103
2024-09-17,BNB,2,-0.022548182669586254,0.0,0.0,mark,529.0,0.0,1.065864893496465
2024-09-17,BNB,2,0.01641450839510103,0.0,0.0,mark,546.2,0.0,1.0835049218657806
2024-09-18,BNB,2,0.0,0.0,0.0,mark,546.2,0.0,1.0835049218657806
2024-09-18,BNB,2,-0.00016987111899969287,0.0001698566917180766,0.0,funding,546.2,0.0,1.0833208813042923
2024-09-18,BNB,2,-0.008938840132076437,0.0,0.0,mark,536.8,0.0,1.0736804006838523
2024-09-18,BNB,2,0.02163834839165026,0.0,0.0,mark,559.7,0.0,1.0971662524081154
2024-09-18,BNB,2,-0.00018696873358004247,0.0,0.0,mark,559.5,0.0,1.0969611357991698
2024-09-19,BNB,2,0.0,0.0,0.0,mark,559.5,0.0,1.0969611357991698
2024-09-19,BNB,2,-0.00017187314528400793,0.00017185837594117548,0.0,funding,559.5,0.0,1.0967726138399008
2024-09-19,BNB,2,0.011805703118319228,0.0,0.0,mark,572.2,0.0,1.1097975185079418
2024-09-19,BNB,2,-0.01790234644276589,0.0,0.0,mark,553.0,0.0,1.090106324049171
2024-09-19,BNB,2,0.013085353573679874,0.0,0.0,mark,567.0,0.0,1.1044644866753581
2024-09-20,BNB,2,-9.286225829946224e-05,0.0,0.0,mark,566.9,0.0,1.1043619283708854
2024-09-20,BNB,2,-0.00017297942367750107,0.00017296446359963295,0.0,funding,566.9,0.0,1.104170913002325
2024-09-20,BNB,2,0.009429431667981571,0.0,0.0,mark,577.1,0.0,1.114631860058547
2024-09-20,BNB,2,-0.020544003951349803,0.0,0.0,mark,555.0,0.0,1.091966474770066
2024-09-20,BNB,2,0.013063207805431618,0.0,0.0,mark,569.0,0.0,1.106324637396253
2024-09-21,BNB,2,9.269752080827033e-05,0.0,0.0,mark,569.1,0.0,1.1064271957007257
2024-09-21,BNB,2,-0.0001733266064807469,0.0001733115862923992,0.0,funding,569.1,0.0,1.1062354390483218
2024-09-21,BNB,2,0.019190912838193255,0.0,0.0,mark,590.0,0.0,1.1276701246831295
2024-09-21,BNB,2,-0.021697201845514373,0.0,0.0,mark,566.4,0.0,1.1034663648275571
2024-09-21,BNB,2,0.02042313144948946,0.0,0.0,mark,588.6,0.0,1.1262343084205109
2024-09-22,BNB,2,9.105888033653846e-05,0.0,0.0,mark,588.7,0.0,1.1263368667249836
2024-09-22,BNB,2,-0.00017612695834745201,0.0001761114489052949,0.0,funding,588.7,0.0,1.1261385059074291
2024-09-22,BNB,2,0.005358791613366871,0.0,0.0,mark,594.6,0.0,1.1321894458713222
2024-09-22,BNB,2,-0.01662370831168299,0.0,0.0,mark,576.4,0.0,1.113523834457279
2024-09-22,BNB,2,0.01126491669831625,0.0,0.0,mark,588.7,0.0,1.1261385059074291
2024-09-23,BNB,2,0.0,0.0,0.0,mark,588.7,0.0,1.1261385059074291
2024-09-23,BNB,2,-0.00017615798451755684,0.0001761424696108318,0.0,funding,588.7,0.0,1.1259401450898747
2024-09-23,BNB,2,-0.004839291832860177,0.0,0.0,mark,583.4,0.0,1.120504554952818
2024-09-23,BNB,2,0.029401848325380436,0.0,0.0,mark,616.0,0.0,1.1539385622109393
2024-09-23,BNB,2,-0.010273417085744904,0.0,0.0,mark,604.5,0.0,1.1421443571965713
2024-09-24,BNB,2,0.0,0.0,0.0,mark,604.5,0.0,1.1421443571965713
2024-09-24,BNB,2,-0.0001783511394895076,0.00017833523587060224,0.0,funding,604.5,0.0,1.1419406726132324
2024-09-24,BNB,2,-0.0054032032381065645,0.0,0.0,mark,598.5,0.0,1.1357871743448664
2024-09-24,BNB,2,0.013364565076021523,0.0,0.0,mark,613.4,0.0,1.1510683617113082
2024-09-24,BNB,2,-0.006704804126157464,0.0,0.0,mark,605.9,0.0,1.1433764888758509
2024-09-25,BNB,2,-8.970177834724431e-05,0.0,0.0,mark,605.8,0.0,1.1432739305713782
2024-09-25,BNB,2,-0.00017855811600282236,0.00017854217545127792,0.0,funding,605.8,0.0,1.1430698079566772
2024-09-25,BNB,2,0.002240533648887332,0.0,0.0,mark,608.3,0.0,1.1456337655684963
2024-09-25,BNB,2,-0.021810699525239674,0.0,0.0,mark,584.2,0.0,1.1209172141905601
2024-09-25,BNB,2,0.0029235617676325915,0.0,0.0,mark,587.4,0.0,1.1241990799336885
2024-09-26,BNB,2,9.122372407086974e-05,0.0,0.0,mark,587.5,0.0,1.1243016382381612
2024-09-26,BNB,2,-0.00017608611727032046,0.00017607061501994346,0.0,funding,587.5,0.0,1.1241036817572487
2024-09-26,BNB,2,0.01942575222269195,0.0,0.0,mark,609.0,0.0,1.1461537172188931
2024-09-26,BNB,2,-0.025557298817380433,0.0,0.0,mark,580.8,0.0,1.1172322753575734
2024-09-26,BNB,2,0.014128222976367608,0.0,0.0,mark,596.3,0.0,1.1331288125508518
2024-09-27,BNB,2,0.0,0.0,0.0,mark,596.3,0.0,1.1331288125508518
2024-09-27,BNB,2,-0.00017733149969601834,0.00017731577739505642,0.0,funding,596.3,0.0,1.1329278909345657
2024-09-27,BNB,2,0.01651940140440555,0.0,0.0,mark,614.7,0.0,1.1517986189575544
2024-09-27,BNB,2,-0.016791013306501176,0.0,0.0,mark,596.0,0.0,1.1326202160211474
2024-09-27,BNB,2,0.009731848086691402,0.0,0.0,mark,606.8,0.0,1.1436965129042058
2024-09-28,BNB,2,8.966863608712897e-05,0.0,0.0,mark,606.9,0.0,1.1437990712086785
2024-09-28,BNB,2,-0.00017880023164578394,0.0001787842478369588,0.0,funding,606.9,0.0,1.1435945779520558
2024-09-28,BNB,2,0.010437970340809585,0.0,0.0,mark,618.6,0.0,1.1555938995753692
2024-09-28,BNB,2,-0.021620664780851936,0.0,0.0,mark,594.5,0.0,1.1308773481974328
2024-09-28,BNB,2,0.00596764199317185,0.0,0.0,mark,601.1,0.0,1.1376461962926352
2024-09-29,BNB,2,0.0,0.0,0.0,mark,601.1,0.0,1.1376461962926352
2024-09-29,BNB,2,-0.00017804919930195325,0.00017803334948394457,0.0,funding,601.1,0.0,1.1374436573297815
2024-09-29,BNB,2,-0.007875337544806939,0.0,0.0,mark,592.4,0.0,1.1285210848406508
2024-09-29,BNB,2,0.0094069794011937,0.0,0.0,mark,602.8,0.0,1.1391871485058183
2024-09-29,BNB,2,-0.00650308774857062,0.0,0.0,mark,595.6,0.0,1.1318029505837792
2024-09-30,BNB,2,0.0,0.0,0.0,mark,595.6,0.0,1.1318029505837792
2024-09-30,BNB,2,-0.00017733082207658707,0.00017731509989578247,0.0,funding,595.6,0.0,1.1316022648305342
2024-09-30,BNB,2,0.00018124567936245522,0.0,0.0,mark,595.8,0.0,1.1318073814394796
2024-09-30,BNB,2,-0.029705393467828682,0.0,0.0,mark,563.5,0.0,1.0986810490947767
2024-09-30,BNB,2,0.0036339125581486944,0.0,0.0,mark,567.4,0.0,1.1026808229692144
2024-10-01,BNB,2,0.0,0.0,0.0,mark,567.4,0.0,1.1026808229692144
2024-10-01,BNB,2,-0.00017339597634422616,0.00017338094413077565,0.0,funding,567.4,0.0,1.1024896391270531
2024-10-01,BNB,2,0.014499188797371713,0.0,0.0,mark,583.1,0.0,1.1185912929292772
2024-10-01,BNB,2,-0.04337761499910086,0.0,0.0,mark,536.8,0.0,1.071106797958387
2024-10-01,BNB,2,0.010003530620848747,0.0,0.0,mark,547.3,0.0,1.0818754199280274
2024-10-02,BNB,2,-9.480127192941004e-05,0.0,0.0,mark,547.2,0.0,1.0817728616235547
2024-10-02,BNB,2,-0.0007525099320573975,0.0007522268674658948,0.5187771499764792,rotation,547.2,-0.001025583044727646,1.080959123012546
2024-10-02,TRX,3,-0.0007247373144570303,0.0007244747558020436,0.49963776262209897,entry,0.1536,3.5161979017443667,1.0801759954158694
2024-10-02,TRX,3,-0.000164284541194326,0.00016427104722792606,0.0,funding,0.1536,0.0,1.0799985537739119
2024-10-02,TRX,3,0.00551950284828676,0.0,0.0,mark,0.1553,0.0,1.0859760902068774
2024-10-02,TRX,3,-0.0074748592067183685,0.0,0.0,mark,0.153,0.0,1.0778888350328653
2024-10-02,TRX,3,0.0045565648065450425,0.0,0.0,mark,0.1544,0.0,1.0828115120953075
2024-10-03,TRX,3,0.0003246758167187083,0.0,0.0,mark,0.1545,0.0,1.083163131885482
2024-10-03,TRX,3,-0.0001647914707665685,0.00016477789339782174,0.0,funding,0.1545,0.0,1.0829846505464036
2024-10-03,TRX,3,0.010336050188811166,0.0,0.0,mark,0.1577,0.0,1.0942364838319856
2024-10-03,TRX,3,-0.01358809851803899,0.0,0.0,mark,0.1535,0.0,1.0794684526446592
2024-10-03,TRX,3,0.013588098518039115,0.0,0.0,mark,0.1577,0.0,1.0942364838319856
2024-10-04,TRX,3,-0.00032138966473937834,0.0,0.0,mark,0.1576,0.0,1.093884864041811
2024-10-04,TRX,3,-0.00016645048912652567,0.0001664366370125722,0.0,funding,0.1576,0.0,1.093702801523761
2024-10-04,TRX,3,0.0006427830196210378,0.0,0.0,mark,0.1578,0.0,1.0944060411041099
2024-10-04,TRX,3,-0.004830973977872266,0.0,0.0,mark,0.1563,0.0,1.0891317442514934
2024-10-04,TRX,3,0.0006454798925581486,0.0,0.0,mark,0.1565,0.0,1.0898349838318422
2024-10-05,TRX,3,0.0,0.0,0.0,mark,0.1565,0.0,1.0898349838318422
2024-10-05,TRX,3,-0.00016590289095222172,0.00016588912982856948,0.0,funding,0.1565,0.0,1.0896541920547176
2024-10-05,TRX,3,-0.009727842555027526,0.0,0.0,mark,0.1535,0.0,1.0791055983494844
2024-10-05,TRX,3,0.010050479840287905,0.0,0.0,mark,0.1566,0.0,1.0900058118448919
2024-10-05,TRX,3,-0.010050479840287965,0.0,0.0,mark,0.1535,0.0,1.0791055983494844
2024-10-06,TRX,3,0.0,0.0,0.0,mark,0.1535,0.0,1.0791055983494844
2024-10-06,TRX,3,-0.00016434044235509986,0.00016432693920441195,0.0,funding,0.1535,0.0,1.0789282722294293
2024-10-06,TRX,3,0.004227715255793701,0.0,0.0,mark,0.1548,0.0,1.083499329501697
2024-10-06,TRX,3,-0.005532154790717461,0.0,0.0,mark,0.1531,0.0,1.0775217930687317
2024-10-06,TRX,3,0.003908224988484845,0.0,0.0,mark,0.1543,0.0,1.081741230550825
2024-10-07,TRX,3,0.0,0.0,0.0,mark,0.1543,0.0,1.081741230550825
2024-10-07,TRX,3,-0.00016479447946946859,0.00016478090160516407,0.0,funding,0.1543,0.0,1.0815629802555513
2024-10-07,TRX,3,0.00777219938998391,0.0,0.0,mark,0.1567,0.0,1.090001855219738
2024-10-07,TRX,3,-0.009399038920532598,0.0,0.0,mark,0.1538,0.0,1.0798048813046792
2024-10-07,TRX,3,0.0068150118812101415,0.0,0.0,mark,0.1559,0.0,1.0871888968983425
2024-10-08,TRX,3,-0.00032347337621281986,0.0,0.0,mark,0.1558,0.0,1.086837277108168
2024-10-08,TRX,3,-0.0001656163549829001,0.00016560264135150033,0.0,funding,0.1558,0.0,1.0866572939843597
2024-10-08,TRX,3,0.014774957865607539,0.0,0.0,mark,0.1604,0.0,1.1028318043323837
2024-10-08,TRX,3,-0.015422325933007542,0.0,0.0,mark,0.1556,0.0,1.0859540544040107
2024-10-08,TRX,3,0.014146177762497597,0.0,0.0,mark,0.16,0.0,1.101425325171686
2024-10-09,TRX,3,0.0,0.0,0.0,mark,0.16,0.0,1.101425325171686
2024-10-09,TRX,3,-0.00016782849477725147,0.0001678144123632234,0.0,funding,0.16,0.0,1.1012404901279802
2024-10-09,TRX,3,0.006365582237338233,0.0,0.0,mark,0.162,0.0,1.108272885931469
2024-10-09,TRX,3,-0.008283185347717468,0.0,0.0,mark,0.1594,0.0,1.0991307713869336
2024-10-09,TRX,3,0.0035128015081121963,0.0,0.0,mark,0.1605,0.0,1.1029985890788525
2024-10-10,TRX,3,0.0,0.0,0.0,mark,0.1605,0.0,1.1029985890788525
2024-10-10,TRX,3,-0.00016811285219665132,0.0001680987220229199,0.0,funding,0.1605,0.0,1.1028131764256353
2024-10-10,TRX,3,0.0006374746606997577,0.0,0.0,mark,0.1607,0.0,1.103516416005984
2024-10-10,TRX,3,-0.006393107601223716,0.0,0.0,mark,0.1587,0.0,1.0964840202024952
2024-10-10,TRX,3,0.00032062795001388107,0.0,0.0,mark,0.1588,0.0,1.0968356399926698
2024-10-11,TRX,3,0.00032052518068147136,0.0,0.0,mark,0.1589,0.0,1.0971872597828443
2024-10-11,TRX,3,-0.00016731843941668857,0.00016730444246728987,0.0,funding,0.1589,0.0,1.0970036954800642
2024-10-11,TRX,3,0.008299179873737827,0.0,0.0,mark,0.1615,0.0,1.1061458100245996
2024-10-11,TRX,3,-0.011188095768507541,0.0,0.0,mark,0.158,0.0,1.0938391173684943
2024-10-11,TRX,3,0.005769509989701215,0.0,0.0,mark,0.1598,0.0,1.100168273591634
2024-10-12,TRX,3,-0.0003196565474520669,0.0,0.0,mark,0.1597,0.0,1.0998166538014595
2024-10-12,TRX,3,-0.0001677588283274623,0.00016774475760212911,0.0,funding,0.1597,0.0,1.0996321653234609
2024-10-12,TRX,3,0.01365606513760964,0.0,0.0,mark,0.164,0.0,1.1147518163009615
2024-10-12,TRX,3,-0.015896902909583198,0.0,0.0,mark,0.159,0.0,1.0971708267922398
2024-10-12,TRX,3,0.011154310359694592,0.0,0.0,mark,0.1625,0.0,1.109477519448345
2024-10-13,TRX,3,0.00031687355304448896,0.0,0.0,mark,0.1626,0.0,1.1098291392385196
2024-10-13,TRX,3,-0.0001692643526497381,0.00016925002824737167,0.0,funding,0.1626,0.0,1.1096413006253536
2024-10-13,TRX,3,0.00284783393704468,0.0,0.0,mark,0.1635,0.0,1.1128058787369235
2024-10-13,TRX,3,-0.005068436548571641,0.0,0.0,mark,0.1619,0.0,1.1071799620941325
2024-10-13,TRX,3,0.0022206026115269106,0.0,0.0,mark,0.1626,0.0,1.1096413006253536
2024-10-14,TRX,3,0.0,0.0,0.0,mark,0.1626,0.0,1.1096413006253536
2024-10-14,TRX,3,-0.00016929300792120072,0.000169278678668518,0.0,funding,0.1626,0.0,1.1094534620121876
2024-10-14,TRX,3,0.0018997780880607405,0.0,0.0,mark,0.1632,0.0,1.1115631807532342
2024-10-14,TRX,3,-0.011453185964874331,0.0,0.0,mark,0.1596,0.0,1.0989048683069544
2024-10-14,TRX,3,0.003194620875556472,0.0,0.0,mark,0.1606,0.0,1.1024210662086988
2024-10-15,TRX,3,-0.0003190032264981638,0.0,0.0,mark,0.1605,0.0,1.1020694464185243
2024-10-15,TRX,3,-0.0001682545982224506,0.000168240444211377,0.0,funding,0.1605,0.0,1.101884033765307
2024-10-15,TRX,3,0.00031905689621131096,0.0,0.0,mark,0.1606,0.0,1.1022356535554816
2024-10-15,TRX,3,-0.009294231960188309,0.0,0.0,mark,0.1577,0.0,1.092038679640423
2024-10-15,TRX,3,0.0035355746219736645,0.0,0.0,mark,0.1588,0.0,1.0959064973323416
2024-10-16,TRX,3,-0.0003208998317043821,0.0,0.0,mark,0.1587,0.0,1.095554877542167
2024-10-16,TRX,3,-0.00016735683825541461,0.00016734283488094263,0.0,funding,0.1587,0.0,1.0953715442831915
2024-10-16,TRX,3,0.005442249795926839,0.0,0.0,mark,0.1604,0.0,1.1013490807161568
2024-10-16,TRX,3,-0.00640572892328381,0.0,0.0,mark,0.1584,0.0,1.0943166849126682
2024-10-16,TRX,3,0.0054474815539181844,0.0,0.0,mark,0.1601,0.0,1.1002942213456335
2024-10-17,TRX,3,-0.0003196199513689088,0.0,0.0,mark,0.16,0.0,1.099942601555459
2024-10-17,TRX,3,-0.00016805474674995522,0.00016804062634202767,0.0,funding,0.16,0.0,1.0997577665117533
2024-10-17,TRX,3,0.001597347371224899,0.0,0.0,mark,0.1605,0.0,1.1015158654626254
2024-10-17,TRX,3,-0.004799717108266268,0.0,0.0,mark,0.159,0.0,1.0962415686100089
2024-10-17,TRX,3,0.0012821787777121953,0.0,0.0,mark,0.1594,0.0,1.0976480477707065
2024-10-18,TRX,3,-0.00032039060401463837,0.0,0.0,mark,0.1593,0.0,1.097296427980532
2024-10-18,TRX,3,-0.00016772297699585174,0.00016770891228373833,0.0,funding,0.1593,0.0,1.0971124015901426
2024-10-18,TRX,3,0.0006407860218754494,0.0,0.0,mark,0.1595,0.0,1.0978156411704914
2024-10-18,TRX,3,-0.004172467604142541,0.0,0.0,mark,0.1582,0.0,1.0932445838982237
2024-10-18,TRX,3,0.000964423517135776,0.0,0.0,mark,0.1585,0.0,1.094299443268747
2024-10-19,TRX,3,0.0,0.0,0.0,mark,0.1585,0.0,1.094299443268747
2024-10-19,TRX,3,-0.00016733768501377274,0.0001673236848444146,0.0,funding,0.1585,0.0,1.0941163410535761
2024-10-19,TRX,3,0.0006425401470879713,0.0,0.0,mark,0.1587,0.0,1.094819580633925
2024-10-19,TRX,3,-0.007090751450329792,0.0,0.0,mark,0.1565,0.0,1.0870839452500873
2024-10-19,TRX,3,0.000646695424966668,0.0,0.0,mark,0.1567,0.0,1.0877871848304361
2024-10-20,TRX,3,0.0,0.0,0.0,mark,0.1567,0.0,1.0877871848304361
2024-10-20,TRX,3,-0.00016642766845819767,0.00016641382014207794,0.0,funding,0.1567,0.0,1.087606162009507
2024-10-20,TRX,3,0.0009694209067577335,0.0,0.0,mark,0.157,0.0,1.0886610213800303
2024-10-20,TRX,3,-0.0029110866143386032,0.0,0.0,mark,0.1561,0.0,1.0854964432684604
2024-10-20,TRX,3,0.0019416657075807624,0.0,0.0,mark,0.1567,0.0,1.087606162009507
2024-10-21,TRX,3,0.0003232447331521906,0.0,0.0,mark,0.1568,0.0,1.0879577817996815
2024-10-21,TRX,3,-0.00016650776965002875,0.00016649390800064823,0.0,funding,0.1568,0.0,1.0877766434568499
2024-10-21,TRX,3,0.006122896712667484,0.0,0.0,mark,0.1587,0.0,1.0944574194701642
2024-10-21,TRX,3,-0.010009395137926019,0.0,0.0,mark,0.1556,0.0,1.0835572059747565
2024-10-21,TRX,3,0.009045110894773827,0.0,0.0,mark,0.1584,0.0,1.0934025600996409
2024-10-22,TRX,3,-0.0003216348238276503,0.0,0.0,mark,0.1583,0.0,1.0930509403094664
2024-10-22,TRX,3,-0.0001673174266773365,0.00016730342989733973,0.0,funding,0.1583,0.0,1.0928680691381
2024-10-22,TRX,3,0.007692108900047725,0.0,0.0,mark,0.1607,0.0,1.1013069441022867
2024-10-22,TRX,3,-0.010269350192126879,0.0,0.0,mark,0.1575,0.0,1.0900551108167047
2024-10-22,TRX,3,0.008991433948227606,0.0,0.0,mark,0.1603,0.0,1.0999004649415889
2024-10-23,TRX,3,0.0,0.0,0.0,mark,0.1603,0.0,1.0999004649415889
2024-10-23,TRX,3,-0.00016837632663368356,0.00016836215213568531,0.0,funding,0.1603,0.0,1.0997152833321764
2024-10-23,TRX,3,0.001278131295396807,0.0,0.0,mark,0.1607,0.0,1.1011217624928742
2024-10-23,TRX,3,-0.004480624941715373,0.0,0.0,mark,0.1593,0.0,1.096199085430432
2024-10-23,TRX,3,0.0032024936463186395,0.0,0.0,mark,0.1603,0.0,1.0997152833321764
2024-10-24,TRX,3,0.0,0.0,0.0,mark,0.1603,0.0,1.0997152833321764
2024-10-24,TRX,3,-0.00016840468199548847,0.00016839050272312298,0.0,funding,0.1603,0.0,1.0995301017227639
2024-10-24,TRX,3,0.01491834137711138,0.0,0.0,mark,0.165,0.0,1.1160562318609624
2024-10-24,TRX,3,-0.014918341377111368,0.0,0.0,mark,0.1603,0.0,1.0995301017227639
2024-10-24,TRX,3,0.013657324141482956,0.0,0.0,mark,0.1646,0.0,1.1146497527002646
2024-10-25,TRX,3,0.0003154034181552985,0.0,0.0,mark,0.1647,0.0,1.115001372490439
2024-10-25,TRX,3,-0.0001706552234754631,0.00017064066270119674,0.0,funding,0.1647,0.0,1.1148111079173246
2024-10-25,TRX,3,0.006601718232017217,0.0,0.0,mark,0.1668,0.0,1.1221951235109877
2024-10-25,TRX,3,-0.014518158346996737,0.0,0.0,mark,0.1622,0.0,1.1060206131629637
2024-10-25,TRX,3,0.001270849405212316,0.0,0.0,mark,0.1626,0.0,1.1074270923236613
2024-10-26,TRX,3,-0.0003175609716687222,0.0,0.0,mark,0.1625,0.0,1.1070754725334868
2024-10-26,TRX,3,-0.00016958103897123618,0.00016956666091966135,0.0,funding,0.1625,0.0,1.1068877494422233
2024-10-26,TRX,3,0.009170118331839642,0.0,0.0,mark,0.1654,0.0,1.117084723357282
2024-10-26,TRX,3,-0.009487834063067841,0.0,0.0,mark,0.1624,0.0,1.1065361296520488
2024-10-26,TRX,3,0.008858104720092174,0.0,0.0,mark,0.1652,0.0,1.1163814837769332
2024-10-27,TRX,3,-0.00031501344358822697,0.0,0.0,mark,0.1651,0.0,1.1160298639867587
2024-10-27,TRX,3,-0.00017091205718243224,0.00017089745254884994,0.0,funding,0.1651,0.0,1.115839137326035
2024-10-27,TRX,3,0.003774271486625757,0.0,0.0,mark,0.1663,0.0,1.1200585748081282
2024-10-27,TRX,3,-0.007246579075449941,0.0,0.0,mark,0.164,0.0,1.111971319634116
2024-10-27,TRX,3,0.0,0.0,0.0,mark,0.164,0.0,1.111971319634116
2024-10-28,TRX,3,0.00031616301815415093,0.0,0.0,mark,0.1641,0.0,1.1123229394242906
2024-10-28,TRX,3,-0.00017044294511726592,0.00017042842054370777,0.0,funding,0.1641,0.0,1.11213336798259
2024-10-28,TRX,3,0.0012638686922778742,0.0,0.0,mark,0.1645,0.0,1.1135398471432878
2024-10-28,TRX,3,-0.0044305466057144366,0.0,0.0,mark,0.1631,0.0,1.1086171700808456
2024-10-28,TRX,3,0.0034827948709299336,0.0,0.0,mark,0.1642,0.0,1.1124849877727645
2024-10-29,TRX,3,0.0,0.0,0.0,mark,0.1642,0.0,1.1124849877727645
2024-10-29,TRX,3,-0.0001705219747190288,0.00017050743667354333,0.0,funding,0.1642,0.0,1.1122953008091616
2024-10-29,TRX,3,0.009125739549343901,0.0,0.0,mark,0.1671,0.0,1.1224922747242203
2024-10-29,TRX,3,-0.009758181295984021,0.0,0.0,mark,0.164,0.0,1.1115920612288128
2024-10-29,TRX,3,0.0072490425589308155,0.0,0.0,mark,0.1663,0.0,1.119679316402825
2024-10-30,TRX,3,-0.0003140854771969541,0.0,0.0,mark,0.1662,0.0,1.1193276966126504
2024-10-30,TRX,3,-0.00017154392828439287,0.00017152921546592867,0.0,funding,0.1662,0.0,1.119135699211001
2024-10-30,TRX,3,0.011247304459618449,0.0,0.0,mark,0.1698,0.0,1.1317940116572809
2024-10-30,TRX,3,-0.012190315053614677,0.0,0.0,mark,0.1659,0.0,1.1180808398404778
2024-10-30,TRX,3,0.01032452722022888,0.0,0.0,mark,0.1692,0.0,1.1296842929162343
2024-10-31,TRX,3,0.0003112064866592748,0.0,0.0,mark,0.1693,0.0,1.1300359127064088
2024-10-31,TRX,3,-0.00017308786831450555,0.0001730728894736134,0.0,funding,0.1693,0.0,1.1298403341257877
2024-10-31,TRX,3,0.0037275870583949166,0.0,0.0,mark,0.1705,0.0,1.1340597716078809
2024-10-31,TRX,3,-0.008719416401631272,0.0,0.0,mark,0.1677,0.0,1.1242144174829964
2024-10-31,TRX,3,0.002186992098714422,0.0,0.0,mark,0.1684,0.0,1.1266757560142175
2024-11-01,TRX,3,0.0,0.0,0.0,mark,0.1684,0.0,1.1266757560142175
2024-11-01,TRX,3,-0.00017268116363169196,0.0001726662550975765,0.0,funding,0.1684,0.0,1.1264812171307172
2024-11-01,TRX,3,0.001247780995212896,0.0,0.0,mark,0.1688,0.0,1.127887696291415
2024-11-01,TRX,3,-0.0075101477347368105,0.0,0.0,mark,0.1664,0.0,1.1194488213272284
2024-11-01,TRX,3,0.003136085516399056,0.0,0.0,mark,0.1674,0.0,1.1229650192289728
2024-11-02,TRX,3,-0.0003131663451386204,0.0,0.0,mark,0.1673,0.0,1.1226133994387983
2024-11-02,TRX,3,-0.00017217394787757498,0.0001721591267940908,0.0,funding,0.1673,0.0,1.1224201312962236
2024-11-02,TRX,3,0.00125229282995653,0.0,0.0,mark,0.1677,0.0,1.1238266104569212
2024-11-02,TRX,3,-0.0056477090002841155,0.0,0.0,mark,0.1659,0.0,1.1174974542337814
2024-11-02,TRX,3,0.0006291006718917745,0.0,0.0,mark,0.1661,0.0,1.1182006938141302
2024-11-03,TRX,3,0.00031440198529275446,0.0,0.0,mark,0.1662,0.0,1.1185523136043047
2024-11-03,TRX,3,-0.00017166285313284141,0.00017164811990829542,0.0,funding,0.1662,0.0,1.1183603162026554
2024-11-03,TRX,3,0.0003143571180814221,0.0,0.0,mark,0.1663,0.0,1.11871193599283
2024-11-03,TRX,3,-0.009791317992280715,0.0,0.0,mark,0.1632,0.0,1.1078117224974224
2024-11-03,TRX,3,0.0060124946675036775,0.0,0.0,mark,0.1651,0.0,1.1144924985107367
2024-11-04,TRX,3,0.0,0.0,0.0,mark,0.1651,0.0,1.1144924985107367
2024-11-04,TRX,3,-0.00017114783874455465,0.00017113319378877736,0.0,funding,0.1651,0.0,1.114301771850013
2024-11-04,TRX,3,0.0018915199955003097,0.0,0.0,mark,0.1657,0.0,1.1164114905910596
2024-11-04,TRX,3,-0.009493582783143183,0.0,0.0,mark,0.1627,0.0,1.1058628968858266
2024-11-04,TRX,3,0.0006357172080380943,0.0,0.0,mark,0.1629,0.0,1.1065661364661754
2024-11-05,TRX,3,0.0,0.0,0.0,mark,0.1629,0.0,1.1065661364661754
2024-11-05,TRX,3,-0.00017007675916237998,0.00017006229693038868,0.0,funding,0.1629,0.0,1.1063779512873027
2024-11-05,TRX,3,0.0009529806869573639,0.0,0.0,mark,0.1632,0.0,1.107432810657826
2024-11-05,TRX,3,-0.010853995176750142,0.0,0.0,mark,0.1598,0.0,1.095477737791895
2024-11-05,TRX,3,0.0012830722140641584,0.0,0.0,mark,0.1602,0.0,1.0968842169525927
2024-11-06,TRX,3,-0.00032061374830698677,0.0,0.0,mark,0.1601,0.0,1.0965325971624182
2024-11-06,TRX,3,-0.0001686827783440408,0.00016866855220408906,0.0,funding,0.1601,0.0,1.0963476465968103
2024-11-06,TRX,3,0.012747178230187603,0.0,0.0,mark,0.1641,0.0,1.1104124382037877
2024-11-06,TRX,3,-0.013067948917242852,0.0,0.0,mark,0.16,0.0,1.0959960268066358
2024-11-06,TRX,3,0.007988559805219567,0.0,0.0,mark,0.1625,0.0,1.1047865215609967
2024-11-07,TRX,3,0.0,0.0,0.0,mark,0.1625,0.0,1.1047865215609967
2024-11-07,TRX,3,-0.00016993241515028432,0.00016991797745533518,0.0,funding,0.1625,0.0,1.1045987984697332
2024-11-07,TRX,3,0.0012724841736125763,0.0,0.0,mark,0.1629,0.0,1.1060052776304308
2024-11-07,TRX,3,-0.010546739848251888,0.0,0.0,mark,0.1596,0.0,1.0944018245546743
2024-11-07,TRX,3,0.001605158430171824,0.0,0.0,mark,0.1601,0.0,1.0961599235055464
2024-11-08,TRX,3,0.0,0.0,0.0,mark,0.1601,0.0,1.0961599235055464
2024-11-08,TRX,3,-0.00016874013213936386,0.00016872589632404937,0.0,funding,0.1601,0.0,1.0959749729399384
2024-11-08,TRX,3,0.005758298575999765,0.0,0.0,mark,0.1619,0.0,1.1023041291630782
2024-11-08,TRX,3,-0.006079178354931616,0.0,0.0,mark,0.16,0.0,1.095623353149764
2024-11-08,TRX,3,0.002884218038631811,0.0,0.0,mark,0.1609,0.0,1.0987879312613338
2024-11-09,TRX,3,0.00031995577288484686,0.0,0.0,mark,0.161,0.0,1.0991395510515083
2024-11-09,TRX,3,-0.0001692287393748964,0.00016921442099948882,0.0,funding,0.161,0.0,1.0989535607887795
2024-11-09,TRX,3,0.0038321527238370768,0.0,0.0,mark,0.1622,0.0,1.1031729982708727
2024-11-09,TRX,3,-0.0076790473535181805,0.0,0.0,mark,0.1598,0.0,1.094734123306686
2024-11-09,TRX,3,0.007360261596983288,0.0,0.0,mark,0.1621,0.0,1.1028213784806982
2024-11-10,TRX,3,0.0,0.0,0.0,mark,0.1621,0.0,1.1028213784806982
2024-11-10,TRX,3,-0.0001698161712604711,0.00016980175331047316,0.0,funding,0.1621,0.0,1.1026341174770438
2024-11-10,TRX,3,0.0148766557217107,0.0,0.0,mark,0.1668,0.0,1.1191602476152422
2024-11-10,TRX,3,-0.01775079861703265,0.0,0.0,mark,0.1612,0.0,1.0994695393654739
2024-11-10,TRX,3,0.008597764678287306,0.0,0.0,mark,0.1639,0.0,1.1089632737001835
2024-11-11,TRX,3,0.0003170204695875826,0.0,0.0,mark,0.164,0.0,1.109314893490358
2024-11-11,TRX,3,-0.00017080100609996653,0.00017078642043846936,0.0,funding,0.164,0.0,1.1091254375705597
2024-11-11,TRX,3,0.011974939315810739,0.0,0.0,mark,0.1678,0.0,1.1224869895971883
2024-11-11,TRX,3,-0.012926464974894858,0.0,0.0,mark,0.1637,0.0,1.1080705782000364
2024-11-11,TRX,3,0.012613165241799507,0.0,0.0,mark,0.1677,0.0,1.1221353698070138
2024-11-12,TRX,3,0.0,0.0,0.0,mark,0.1677,0.0,1.1221353698070138
2024-11-12,TRX,3,-0.00017265916441825622,0.00017264425968260093,0.0,funding,0.1677,0.0,1.1219416395768298
2024-11-12,TRX,3,-0.01039614966580596,0.0,0.0,mark,0.1644,0.0,1.1103381865010733
2024-11-12,TRX,3,0.07882932127652109,0.0,0.0,mark,0.1903,0.0,1.2014077121562523
2024-11-12,TRX,3,-0.008818967798696986,0.0,0.0,mark,0.1873,0.0,1.190859118451019
2024-11-13,TRX,3,0.00029522206642307867,0.0,0.0,mark,0.1874,0.0,1.1912107382411936
2024-11-13,TRX,3,-0.0001817543381757791,0.00018173782185668875,0.0,funding,0.1874,0.0,1.1909942501962534
2024-11-13,TRX,3,-0.04190306669520214,0.0,0.0,mark,0.1735,0.0,1.1421190993620065
2024-11-13,TRX,3,0.05597473778136232,0.0,0.0,mark,0.1922,0.0,1.2078720001246261
2024-11-13,TRX,3,-0.04525706315074634,0.0,0.0,mark,0.177,0.0,1.1544257920181118
2024-11-14,TRX,3,0.0,0.0,0.0,mark,0.177,0.0,1.1544257920181118
2024-11-14,TRX,3,-0.00017713730844753225,0.00017712162056075835,0.0,funding,0.177,0.0,1.1542213182510124
2024-11-14,TRX,3,0.02407881260067238,0.0,0.0,mark,0.185,0.0,1.1823509014649674
2024-11-14,TRX,3,-0.027435458947695817,0.0,0.0,mark,0.1759,0.0,1.1503535005590937
2024-11-14,TRX,3,0.0018322946095533411,0.0,0.0,mark,0.1765,0.0,1.1524632193001403
2024-11-15,TRX,3,-0.0003051493837674611,0.0,0.0,mark,0.1764,0.0,1.1521115995099658
2024-11-15,TRX,3,-0.00017689142252083205,0.00017687577815566122,0.0,funding,0.1764,0.0,1.1519078188742804
2024-11-15,TRX,3,-0.0009161693687095051,0.0,0.0,mark,0.1761,0.0,1.150852959503757
2024-11-15,TRX,3,0.04568635058938203,0.0,0.0,mark,0.1914,0.0,1.2046507874004457
2024-11-15,TRX,3,-0.0005839409502600196,0.0,0.0,mark,0.1912,0.0,1.203947547820097
2024-11-16,TRX,3,0.0,0.0,0.0,mark,0.1912,0.0,1.203947547820097
2024-11-16,TRX,3,-0.0001834782099824039,0.00018346137888497732,0.0,funding,0.1912,0.0,1.2037266699428686
2024-11-16,TRX,3,0.03867706487512676,0.0,0.0,mark,0.2047,0.0,1.2511953416164174
2024-11-16,TRX,3,-0.04659528327714243,0.0,0.0,mark,0.1885,0.0,1.1942329356081587
2024-11-16,TRX,3,0.03386842002622275,0.0,0.0,mark,0.2002,0.0,1.2353724510585677
2024-11-17,TRX,3,-0.0002846670569131534,0.0,0.0,mark,0.2001,0.0,1.2350208312683932
2024-11-17,TRX,3,-0.00018718790523309368,0.0001871703866703072,0.0,funding,0.2001,0.0,1.234789671941859
2024-11-17,TRX,3,-0.022170547906155632,0.0,0.0,mark,0.1924,0.0,1.2077149480984273
2024-11-17,TRX,3,0.025581853308742828,0.0,0.0,mark,0.2013,0.0,1.2390091094239521
2024-11-17,TRX,3,-0.005691991208236461,0.0,0.0,mark,0.1993,0.0,1.2319767136204633
2024-11-18,TRX,3,0.0,0.0,0.0,mark,0.1993,0.0,1.2319767136204633
2024-11-18,TRX,3,-0.00018690017833606,0.00018688271358576177,0.0,funding,0.1993,0.0,1.2317464784691474
2024-11-18,TRX,3,0.021463302200272535,0.0,0.0,mark,0.2069,0.0,1.2584695825224046
2024-11-18,TRX,3,-0.021463302200272434,0.0,0.0,mark,0.1993,0.0,1.2317464784691474
2024-11-18,TRX,3,0.008244389521204215,0.0,0.0,mark,0.2022,0.0,1.2419434523842061
2024-11-19,TRX,3,-0.00028316069809894553,0.0,0.0,mark,0.2021,0.0,1.2415918325940316
2024-11-19,TRX,3,-0.00018805835549909328,0.0001880406736350115,0.0,funding,0.2021,0.0,1.241358362829451
2024-11-19,TRX,3,0.012945530402022957,0.0,0.0,mark,0.2067,0.0,1.2575328731774749
2024-11-19,TRX,3,-0.02348123659512447,0.0,0.0,mark,0.1984,0.0,1.2283484305929966
2024-11-19,TRX,3,0.003143848166921054,0.0,0.0,mark,0.1995,0.0,1.2322162482849155
2024-11-20,TRX,3,-0.00028539630811201473,0.0,0.0,mark,0.1994,0.0,1.231864628494741
2024-11-20,TRX,3,-0.000187010981250204,0.00018699349578666838,0.0,funding,0.1994,0.0,1.2316342778215228
2024-11-20,TRX,3,0.0008561047048642726,0.0,0.0,mark,0.1997,0.0,1.232689137192046
2024-11-20,TRX,3,-0.018424443962095187,0.0,0.0,mark,0.1933,0.0,1.210185470620882
2024-11-20,TRX,3,0.004059453903166372,0.0,0.0,mark,0.1947,0.0,1.2151081476833243
2024-11-21,TRX,3,0.00028933138665632635,0.0,0.0,mark,0.1948,0.0,1.2154597674734988
2024-11-21,TRX,3,-0.00018516244350233102,0.0001851453019949885,0.0,funding,0.1948,0.0,1.215234730807787
2024-11-21,TRX,3,0.018916592650373334,0.0,0.0,mark,0.2014,0.0,1.2384416369592999
2024-11-21,TRX,3,-0.023847562708545295,0.0,0.0,mark,0.1931,0.0,1.2092571943748216
2024-11-21,TRX,3,0.015579764731355293,0.0,0.0,mark,0.1985,0.0,1.2282446630442412
2024-11-22,TRX,3,0.0,0.0,0.0,mark,0.1985,0.0,1.2282446630442412
2024-11-22,TRX,3,-0.0001867155556437011,0.0001866981253791722,0.0,funding,0.1985,0.0,1.2280153520681438
2024-11-22,TRX,3,0.017878130096195363,0.0,0.0,mark,0.2048,0.0,1.2501673988491333
2024-11-22,TRX,3,-0.02275765546492617,0.0,0.0,mark,0.1968,0.0,1.2220378156351783
2024-11-22,TRX,3,0.02275765546492609,0.0,0.0,mark,0.2048,0.0,1.2501673988491333
2024-11-23,TRX,3,0.0,0.0,0.0,mark,0.2048,0.0,1.2501673988491333
2024-11-23,TRX,3,-0.00018926365037401303,0.00018924574113917845,0.0,funding,0.2048,0.0,1.24993080999319
2024-11-23,TRX,3,0.05473652628009567,0.0,0.0,mark,0.2248,0.0,1.3202547680280774
2024-11-23,TRX,3,-0.055017877258860585,0.0,0.0,mark,0.2047,0.0,1.2495791902030156
2024-11-23,TRX,3,0.02033337956094744,0.0,0.0,mark,0.212,0.0,1.2752474348857494
2024-11-24,TRX,3,0.00027568871262175485,0.0,0.0,mark,0.2121,0.0,1.275599054675924
2024-11-24,TRX,3,-0.00019210228269293523,0.0001920838322309384,0.0,funding,0.2121,0.0,1.2753540327211117
2024-11-24,TRX,3,0.01369103224220166,0.0,0.0,mark,0.2171,0.0,1.2929350222298335
2024-11-24,TRX,3,-0.04505664140156444,0.0,0.0,mark,0.2009,0.0,1.2359726162215747
2024-11-24,TRX,3,0.0213906924828268,0.0,0.0,mark,0.2085,0.0,1.262695720274832
2024-11-25,TRX,3,0.0002784287902972608,0.0,0.0,mark,0.2086,0.0,1.2630473400650064
2024-11-25,TRX,3,-0.00019080969640062958,0.00019079149338840288,0.0,funding,0.2086,0.0,1.2628063613767753
2024-11-25,TRX,3,0.01024968882904514,0.0,0.0,mark,0.2123,0.0,1.2758162936132293
2024-11-25,TRX,3,-0.051461611227706434,0.0,0.0,mark,0.1941,0.0,1.2118214918014818
2024-11-25,TRX,3,0.0052092535810623515,0.0,0.0,mark,0.1959,0.0,1.2181506480246216
2024-11-26,TRX,3,0.0,0.0,0.0,mark,0.1959,0.0,1.2181506480246216
2024-11-26,TRX,3,-0.00018579674956081048,0.00018577949041368623,0.0,funding,0.1959,0.0,1.2179243406179845
2024-11-26,TRX,3,0.014332010943578806,0.0,0.0,mark,0.2009,0.0,1.2355053301267063
2024-11-26,TRX,3,-0.04243893229326877,0.0,0.0,mark,0.1863,0.0,1.1841688407612385
2024-11-26,TRX,3,0.023766955319368392,0.0,0.0,mark,0.1944,0.0,1.2126500437653678
2024-11-27,TRX,3,0.0,0.0,0.0,mark,0.1944,0.0,1.2126500437653678
2024-11-27,TRX,3,-0.00018521038008496103,0.00018519322970133632,0.0,funding,0.1944,0.0,1.2124254691872653
2024-11-27,TRX,3,0.022368993457250963,0.0,0.0,mark,0.2022,0.0,1.2398518128208713
2024-11-27,TRX,3,-0.02527334229810766,0.0,0.0,mark,0.1934,0.0,1.208909271285521
2024-11-27,TRX,3,0.022148885639033375,0.0,0.0,mark,0.2011,0.0,1.2359839951289526
2024-11-28,TRX,3,0.0,0.0,0.0,mark,0.2011,0.0,1.2359839951289526
2024-11-28,TRX,3,-0.00018797685248016303,0.00018795918593857836,0.0,funding,0.2011,0.0,1.235751680583395
2024-11-28,TRX,3,0.007088298460384342,0.0,0.0,mark,0.2036,0.0,1.244542175337756
2024-11-28,TRX,3,-0.016809731517897334,0.0,0.0,mark,0.1977,0.0,1.223796607717464
2024-11-28,TRX,3,0.0156789747373155,0.0,0.0,mark,0.2032,0.0,1.243135696177058
2024-11-29,TRX,3,0.0,0.0,0.0,mark,0.2032,0.0,1.243135696177058
2024-11-29,TRX,3,-0.00018884718053465227,0.00018882935002837597,0.0,funding,0.2032,0.0,1.242900955671552
2024-11-29,TRX,3,0.011252551983649734,0.0,0.0,mark,0.2072,0.0,1.2569657472785294
2024-11-29,TRX,3,-0.017780570755900397,0.0,0.0,mark,0.2009,0.0,1.23481370049754
2024-11-29,TRX,3,0.009917099370086842,0.0,0.0,mark,0.2044,0.0,1.2471203931536452
2024-11-30,TRX,3,0.0002819056064177781,0.0,0.0,mark,0.2045,0.0,1.2474720129438197
2024-11-30,TRX,3,-0.00018939475997601401,0.00018937682592077057,0.0,funding,0.2045,0.0,1.2472357706535835
2024-11-30,TRX,3,-0.0053708633105933245,0.0,0.0,mark,0.2026,0.0,1.2405549946402692
2024-11-30,TRX,3,0.012953859703779259,0.0,0.0,mark,0.2072,0.0,1.2567295049882932
2024-11-30,TRX,3,-0.006455954688389434,0.0,0.0,mark,0.2049,0.0,1.248642249814281
2024-12-01,TRX,3,0.0,0.0,0.0,mark,0.2049,0.0,1.248642249814281
2024-12-01,TRX,3,-0.00018958738315275395,0.00018956941260057938,0.0,funding,0.2049,0.0,1.2484055454364356
2024-12-01,TRX,3,0.01315093587778915,0.0,0.0,mark,0.2096,0.0,1.264931675574634
2024-12-01,TRX,3,-0.020500913537918462,0.0,0.0,mark,0.2023,0.0,1.2392634308919002
2024-12-01,TRX,3,0.013807152488536608,0.0,0.0,mark,0.2072,0.0,1.2564928006104474
2024-12-02,TRX,3,0.0,0.0,0.0,mark,0.2072,0.0,1.2564928006104474
2024-12-02,TRX,3,-0.0008411117336430824,0.0008407580983248282,0.5798331712585023,rotation,0.2072,-3.5161979017443667,1.2554363941128475
2024-12-02,XRP,4,-0.00044440989088787323,0.0004443111554390732,0.30642148650970563,entry,2.2937,0.16771708859155224,1.2548785897179988
2024-12-02,XRP,4,-0.00010072217900660625,0.0001007171066982239,0.0,funding,2.2937,0.0,1.2547522019771848
2024-12-02,XRP,4,0.07449398383344653,0.0,0.0,mark,2.8723,0.0,1.351793309436257
2024-12-02,XRP,4,-0.08694864807297412,0.0,0.0,mark,2.2011,0.0,1.2392215995736071
2024-12-02,XRP,4,0.0684408748342856,0.0,0.0,mark,2.7245,0.0,1.3270047237424256
2024-12-03,XRP,4,-1.2638850899910898e-05,0.0,0.0,mark,2.7244,0.0,1.3269879520335666
2024-12-03,XRP,4,-0.00011313495143975007,0.00011312855192242178,0.0,funding,2.7244,0.0,1.3268378318081344
2024-12-03,XRP,4,-0.06183909738553621,0.0,0.0,mark,2.25,0.0,1.247272844980302
2024-12-03,XRP,4,0.08492982928655418,0.0,0.0,mark,2.9092,0.0,1.3578319497798532
2024-12-03,XRP,4,-0.05053968376520156,0.0,0.0,mark,2.5102,0.0,1.290912831431824
2024-12-04,XRP,4,1.299204679165508e-05,0.0,0.0,mark,2.5103,0.0,1.290929603140683
2024-12-04,XRP,4,-0.00010715555023630267,0.00010714980928544031,0.0,funding,2.5103,0.0,1.2907912802799055
2024-12-04,XRP,4,0.0218101430526621,0.0,0.0,mark,2.68,0.0,1.319252870213892
2024-12-04,XRP,4,-0.052190689419868,0.0,0.0,mark,2.28,0.0,1.252166034777271
2024-12-04,XRP,4,0.010313708155131008,0.0,0.0,mark,2.3574,0.0,1.2651473374342572
2024-12-05,XRP,4,0.0,0.0,0.0,mark,2.3574,0.0,1.2651473374342572
2024-12-05,XRP,4,-0.00010267927794543302,0.0001026740066088057,0.0,funding,2.3574,0.0,1.2650174396881724
2024-12-05,XRP,4,0.01797454600747268,0.0,0.0,mark,2.4942,0.0,1.2879611374074966
2024-12-05,XRP,4,-0.04254960815704964,0.0,0.0,mark,2.1743,0.0,1.234308440767059
2024-12-05,XRP,4,0.009506986768973588,0.0,0.0,mark,2.2446,0.0,1.2460989520950452
2024-12-06,XRP,4,-1.3459462188279825e-05,0.0,0.0,mark,2.2445,0.0,1.246082180386186
2024-12-06,XRP,4,-9.925738149259851e-05,9.925245564170472e-05,0.0,funding,2.2445,0.0,1.2459585036698513
2024-12-06,XRP,4,0.029079336088100163,0.0,0.0,mark,2.4637,0.0,1.2827220894891196
2024-12-06,XRP,4,-0.031680668157572985,0.0,0.0,mark,2.2252,0.0,1.2427215638600344
2024-12-06,XRP,4,0.026699749130137514,0.0,0.0,mark,2.4257,0.0,1.2763488401226406
2024-12-07,XRP,4,0.0,0.0,0.0,mark,2.4257,0.0,1.2763488401226406
2024-12-07,XRP,4,-0.00010472702760832607,0.00010472154392467887,0.0,funding,2.4257,0.0,1.2762151789015166
2024-12-07,XRP,4,0.02516261475916301,0.0,0.0,mark,2.6196,0.0,1.3087355223794186
2024-12-07,XRP,4,-0.030657798034732443,0.0,0.0,mark,2.384,0.0,1.2692213763072488
2024-12-07,XRP,4,0.029413950273516645,0.0,0.0,mark,2.6099,0.0,1.3071086666200806
2024-12-08,XRP,4,0.0,0.0,0.0,mark,2.6099,0.0,1.3071086666200806
2024-12-08,XRP,4,-0.00011002829966917337,0.00011002224677775684,0.0,funding,2.6099,0.0,1.3069648555877964
2024-12-08,XRP,4,-0.01624900202982275,0.0,0.0,mark,2.4843,0.0,1.2858995892606975
2024-12-08,XRP,4,0.020985813914920607,0.0,0.0,mark,2.6469,0.0,1.3131703878656837
2024-12-08,XRP,4,-0.005841021719175014,0.0,0.0,mark,2.6013,0.0,1.305522488625909
2024-12-09,XRP,4,0.0,0.0,0.0,mark,2.6013,0.0,1.305522488625909
2024-12-09,XRP,4,-0.00010979896903368456,0.00010979294134753075,0.0,funding,2.6013,0.0,1.3053791514718873
2024-12-09,XRP,4,0.00080910611807551,0.0,0.0,mark,2.6076,0.0,1.3064357691300141
2024-12-09,XRP,4,-0.0810454015613111,0.0,0.0,mark,2.0012,0.0,1.2047321266080968
2024-12-09,XRP,4,0.028978305214718232,0.0,0.0,mark,2.2124,0.0,1.2401539757186326
2024-12-10,XRP,4,0.0,0.0,0.0,mark,2.2124,0.0,1.2401539757186326
2024-12-10,XRP,4,-9.830547880560245e-05,9.830064698032307e-05,0.0,funding,2.2124,0.0,1.2400320677804642
2024-12-10,XRP,4,0.027691390421437388,0.0,0.0,mark,2.42,0.0,1.2748501353720703
2024-12-10,XRP,4,-0.07086280220761942,0.0,0.0,mark,1.9,0.0,1.1876372493044631
2024-12-10,XRP,4,0.06438233783169806,0.0,0.0,mark,2.3709,0.0,1.266615226322225
2024-12-11,XRP,4,-1.3241448193305739e-05,0.0,0.0,mark,2.3708,0.0,1.266598454613366
2024-12-11,XRP,4,-0.00010314464808363392,0.00010313932885734065,0.0,funding,2.3708,0.0,1.2664678184988254
2024-12-11,XRP,4,0.013090629817388082,0.0,0.0,mark,2.4703,0.0,1.283155668813685
2024-12-11,XRP,4,-0.03187218105231897,0.0,0.0,mark,2.2303,0.0,1.2429035675517124
2024-12-11,XRP,4,0.021862396655316738,0.0,0.0,mark,2.3941,0.0,1.2703756266630086
2024-12-12,XRP,4,1.3202078028602388e-05,0.0,0.0,mark,2.3942,0.0,1.270392398371868
2024-12-12,XRP,4,-0.00010385165627618766,0.00010384626387956308,0.0,funding,2.3942,0.0,1.2702604728676359
2024-12-12,XRP,4,0.011786880073779505,0.0,0.0,mark,2.484,0.0,1.2853214674231572
2024-12-12,XRP,4,-0.02323344074625491,0.0,0.0,mark,2.308,0.0,1.255803259831044
2024-12-12,XRP,4,0.004051810782086458,0.0,0.0,mark,2.3384,0.0,1.2609018593242272
2024-12-13,XRP,4,1.330127098536229e-05,0.0,0.0,mark,2.3385,0.0,1.2609186310330862
2024-12-13,XRP,4,-0.00010219763376917818,0.00010219241176882623,0.0,funding,2.3385,0.0,1.2607897747171366
2024-12-13,XRP,4,-0.007276293492358862,0.0,0.0,mark,2.284,0.0,1.251649193388897
2024-12-13,XRP,4,0.025767734447214415,0.0,0.0,mark,2.4788,0.0,1.2843204822465313
2024-12-13,XRP,4,-0.0074845250226005305,0.0,0.0,mark,2.4217,0.0,1.2747438364879535
2024-12-14,XRP,4,1.3156838298023379e-05,0.0,0.0,mark,2.4218,0.0,1.2747606081968128
2024-12-14,XRP,4,-0.000104688917496733,0.00010468343780326603,0.0,funding,2.4218,0.0,1.2746271618739706
2024-12-14,XRP,4,0.014383164809222764,0.0,0.0,mark,2.5319,0.0,1.2930928133279005
2024-12-14,XRP,4,-0.02323820173560116,0.0,0.0,mark,2.3548,0.0,1.2633901169383366
2024-12-14,XRP,4,0.00604842054421052,0.0,0.0,mark,2.4005,0.0,1.2710547878869705
2024-12-15,XRP,4,1.3195023823895723e-05,0.0,0.0,mark,2.4006,0.0,1.2710715595958295
2024-12-15,XRP,4,-0.00010407363793019503,0.00010406822245694294,0.0,funding,2.4006,0.0,1.2709392814380067
2024-12-15,XRP,4,0.00950877645438302,0.0,0.0,mark,2.473,0.0,1.2830819986520352
2024-12-15,XRP,4,-0.013859814525321132,0.0,0.0,mark,2.3677,0.0,1.2654213892233448
2024-12-15,XRP,4,0.010442339935849358,0.0,0.0,mark,2.4469,0.0,1.2787045826397956
2024-12-16,XRP,4,1.3116085683628344e-05,0.0,0.0,mark,2.447,0.0,1.2787213543486549
2024-12-16,XRP,4,-0.00010545065602950298,0.0001054450963045548,0.0,funding,2.447,0.0,1.278586519452299
2024-12-16,XRP,4,0.018223509312163415,0.0,0.0,mark,2.5872,0.0,1.3021004552728346
2024-12-16,XRP,4,-0.033250312597703204,0.0,0.0,mark,2.3333,0.0,1.2595170864794394
2024-12-16,XRP,4,0.019881548945346123,0.0,0.0,mark,2.4841,0.0,1.2848088234390456
2024-12-17,XRP,4,1.3053770402519448e-05,0.0,0.0,mark,2.4842,0.0,1.2848255951479046
2024-12-17,XRP,4,-0.00010654519041487475,0.00010653951467765544,0.0,funding,2.4842,0.0,1.2846887104525522
2024-12-17,XRP,4,0.03134490578984133,0.0,0.0,mark,2.7281,0.0,1.3255949083600318
2024-12-17,XRP,4,-0.03711883141562331,0.0,0.0,mark,2.4401,0.0,1.2772923868456647
2024-12-17,XRP,4,0.01656426815030348,0.0,0.0,mark,2.5673,0.0,1.29862600051451
2024-12-18,XRP,4,-1.2915048024838906e-05,0.0,0.0,mark,2.5672,0.0,1.298609228805651
2024-12-18,XRP,4,-0.00010893644799795728,0.0001089305146385159,0.0,funding,2.5672,0.0,1.2984677706340428
2024-12-18,XRP,4,0.0032110571025697186,0.0,0.0,mark,2.5921,0.0,1.3026439261399725
2024-12-18,XRP,4,-0.04534164051915853,0.0,0.0,mark,2.2478,0.0,1.244898932537901
2024-12-18,XRP,4,0.008384963831867698,0.0,0.0,mark,2.3103,0.0,1.255381250574873
2024-12-19,XRP,4,-1.3359942157915121e-05,0.0,0.0,mark,2.3102,0.0,1.2553644788660139
2024-12-19,XRP,4,-0.00010140750557853277,0.00010140236401121112,0.0,funding,2.3102,0.0,1.255237181940161
2024-12-19,XRP,4,0.016103720579868867,0.0,0.0,mark,2.4317,0.0,1.2756148082040346
2024-12-19,XRP,4,-0.03644481412725973,0.0,0.0,mark,2.1595,0.0,1.229962216689414
2024-12-19,XRP,4,0.010782245953988709,0.0,0.0,mark,2.239,0.0,1.2432957252324424
2024-12-20,XRP,4,1.3489627123343226e-05,0.0,0.0,mark,2.2391,0.0,1.2433124969413016
2024-12-20,XRP,4,-9.923915933805018e-05,9.923423529562514e-05,0.0,funding,2.2391,0.0,1.2431891177764343
2024-12-20,XRP,4,-0.03836620094913404,0.0,0.0,mark,1.9601,0.0,1.196396050059391
2024-12-20,XRP,4,0.053881143369344686,0.0,0.0,mark,2.355,0.0,1.262627528344195
2024-12-20,XRP,4,-0.01010626401973949,0.0,0.0,mark,2.2793,0.0,1.2499313447378144
2024-12-21,XRP,4,0.0,0.0,0.0,mark,2.2793,0.0,1.2499313447378144
2024-12-21,XRP,4,-0.00010048598357102645,0.00010048093502367333,0.0,funding,2.2793,0.0,1.2498057504675797
2024-12-21,XRP,4,0.014190553020669907,0.0,0.0,mark,2.3858,0.0,1.26766762040258
2024-12-21,XRP,4,-0.026042793414822674,0.0,0.0,mark,2.1915,0.0,1.2350801900892414
2024-12-21,XRP,4,0.006294591365225892,0.0,0.0,mark,2.238,0.0,1.2428790347087486
2024-12-22,XRP,4,-1.3494331751267553e-05,0.0,0.0,mark,2.2379,0.0,1.2428622629998893
2024-12-22,XRP,4,-9.922190396237711e-05,9.921698163201937e-05,0.0,funding,2.2379,0.0,1.24273894995757
2024-12-22,XRP,4,0.00751581621302812,0.0,0.0,mark,2.2938,0.0,1.2521143352098378
2024-12-22,XRP,4,-0.018030113621286648,0.0,0.0,mark,2.1604,0.0,1.2297408755917247
2024-12-22,XRP,4,0.0058067089716879695,0.0,0.0,mark,2.2031,0.0,1.236902395274584
2024-12-23,XRP,4,1.3559352149784109e-05,0.0,0.0,mark,2.2032,0.0,1.236919166983443
2024-12-23,XRP,4,-9.815270058688301e-05,9.814788376807239e-05,0.0,funding,2.2032,0.0,1.2367977659848113
2024-12-23,XRP,4,-0.00986638106104763,0.0,0.0,mark,2.1308,0.0,1.2246550487707828
2024-12-23,XRP,4,0.020079417515389237,0.0,0.0,mark,2.2789,0.0,1.2494939495911916
2024-12-23,XRP,4,-0.002311391009986698,0.0,0.0,mark,2.2617,0.0,1.246609215667417
2024-12-24,XRP,4,-1.3453952907941202e-05,0.0,0.0,mark,2.2616,0.0,1.2465924439585578
2024-12-24,XRP,4,-9.997268361553345e-05,9.996768651338795e-05,0.0,funding,2.2616,0.0,1.2464678249959102
2024-12-24,XRP,4,0.011917455357421794,0.0,0.0,mark,2.3507,0.0,1.2614114175894175
2024-12-24,XRP,4,-0.018369903409945345,0.0,0.0,mark,2.2138,0.0,1.238450948161234
2024-12-24,XRP,4,0.01478687171132286,0.0,0.0,mark,2.3238,0.0,1.2568998279063048
2024-12-25,XRP,4,0.0,0.0,0.0,mark,2.3238,0.0,1.2568998279063048
2024-12-25,XRP,4,-0.00010187990695358887,0.00010187471737222878,0.0,funding,2.3238,0.0,1.2567717815915718
2024-12-25,XRP,4,0.001160347727171109,0.0,0.0,mark,2.3325,0.0,1.2582309202623183
2024-12-25,XRP,4,-0.00950908094978812,0.0,0.0,mark,2.2615,0.0,1.2463230069723181
2024-12-25,XRP,4,0.004806021365246913,0.0,0.0,mark,2.2973,0.0,1.2523272787438957
2024-12-26,XRP,4,0.0,0.0,0.0,mark,2.2973,0.0,1.2523272787438957
2024-12-26,XRP,4,-0.00010108580140691129,0.00010108069240952348,0.0,funding,2.2973,0.0,1.252200692635437
2024-12-26,XRP,4,0.0025549465833730758,0.0,0.0,mark,2.3164,0.0,1.2554040890275355
2024-12-26,XRP,4,-0.025532788860774976,0.0,0.0,mark,2.1277,0.0,1.2237558744103096
2024-12-26,XRP,4,0.0038573917064423625,0.0,0.0,mark,2.1559,0.0,1.2284854963085914
2024-12-27,XRP,4,0.0,0.0,0.0,mark,2.1559,0.0,1.2284854963085914
2024-12-27,XRP,4,-9.670477400218313e-05,9.670009824623352e-05,0.0,funding,2.1559,0.0,1.2283667016404043
2024-12-27,XRP,4,0.01113379488372679,0.0,0.0,mark,2.2379,0.0,1.2421195029049115
2024-12-27,XRP,4,-0.016747525549123243,0.0,0.0,mark,2.1149,0.0,1.2214903010081506
2024-12-27,XRP,4,0.004343132845415081,0.0,0.0,mark,2.1466,0.0,1.2268069327165028
2024-12-28,XRP,4,1.3670932051145234e-05,0.0,0.0,mark,2.1467,0.0,1.226823704425362
2024-12-28,XRP,4,-9.642251866798837e-05,9.641787016639817e-05,0.0,funding,2.1467,0.0,1.2267054166967117
2024-12-28,XRP,4,-0.001696786176537701,0.0,0.0,mark,2.1343,0.0,1.2246257247981764
2024-12-28,XRP,4,0.009988656919278879,0.0,0.0,mark,2.2076,0.0,1.236919387391937
2024-12-28,XRP,4,-0.0031643082156430583,0.0,0.0,mark,2.1843,0.0,1.2330115792277538
2024-12-29,XRP,4,0.0,0.0,0.0,mark,2.1843,0.0,1.2330115792277538
2024-12-29,XRP,4,-9.761906969414056e-05,9.761430510786778e-05,0.0,funding,2.1843,0.0,1.2328912196592576
2024-12-29,XRP,4,-0.01551902876806122,0.0,0.0,mark,2.0711,0.0,1.213905645230694
2024-12-29,XRP,4,0.01732666739592308,0.0,0.0,mark,2.1976,0.0,1.2351218569375253
2024-12-29,XRP,4,-0.014140179721688436,0.0,0.0,mark,2.0942,0.0,1.2177799099771587
2024-12-30,XRP,4,-1.3772459387576215e-05,0.0,0.0,mark,2.0941,0.0,1.2177631382682996
2024-12-30,XRP,4,-9.475966264645375e-05,9.475517309144002e-05,0.0,funding,2.0941,0.0,1.2176477489113486
2024-12-30,XRP,4,0.008025417745700494,0.0,0.0,mark,2.1526,0.0,1.2274591985939545
2024-12-30,XRP,4,-0.021713472386522784,0.0,0.0,mark,1.9954,0.0,1.2010940722673624
2024-12-30,XRP,4,0.008800182213581195,0.0,0.0,mark,2.0587,0.0,1.2117105639752077
2024-12-31,XRP,4,0.0,0.0,0.0,mark,2.0587,0.0,1.2117105639752077
2024-12-31,XRP,4,-9.362306104586073e-05,9.361867854377927e-05,0.0,funding,2.0587,0.0,1.2115971252334308
2024-12-31,XRP,4,0.012436101198931482,0.0,0.0,mark,2.1491,0.0,1.226758750042107
2024-12-31,XRP,4,-0.01883800908553959,0.0,0.0,mark,2.0126,0.0,1.2038653674493602
2024-12-31,XRP,4,0.009842799821382604,0.0,0.0,mark,2.0836,0.0,1.2157732807393604
2024-12-31,XRP,4,-0.00041686706984312577,0.0004167801928386012,0.28743461575075946,boundary_exit,2.0836,-0.16771708859155224,1.2152665705169658
2025-01-01,DOGE,1,-0.00043318033546511366,0.00043308652640954297,0.2986803630410641,entry,0.316,0.9451910222818484,0.9995669134735905
2025-01-01,DOGE,1,-9.817640798456806e-05,9.817158883874776e-05,0.0,funding,0.316,0.0,0.9994687844015442
2025-01-01,DOGE,1,0.010807406076833875,0.0,0.0,mark,0.32749,0.0,1.0103290292475626
2025-01-01,DOGE,1,-0.014644817758871904,0.0,0.0,mark,0.31195,0.0,0.9956407607613027
2025-01-01,DOGE,1,0.012434530966070934,0.0,0.0,mark,0.32513,0.0,1.0080983784349775
2025-01-02,DOGE,1,0.0,0.0,0.0,mark,0.32513,0.0,1.0080983784349775
2025-01-02,DOGE,1,-0.00010015819426716465,0.00010015317860260359,0.0,funding,0.32513,0.0,1.007997414178033
2025-01-02,DOGE,1,-0.0004971002470544318,0.0,0.0,mark,0.3246,0.0,1.0074964629362237
2025-01-02,DOGE,1,0.018957590304690793,0.0,0.0,mark,0.345,0.0,1.0267783597907734
2025-01-02,DOGE,1,-0.0056033500693069985,0.0,0.0,mark,0.33893,0.0,1.0210410502855225
2025-01-03,DOGE,1,9.257087627870005e-06,0.0,0.0,mark,0.33894,0.0,1.0210505021957452
2025-01-03,DOGE,1,-0.00010308811448714973,0.00010308280109015725,0.0,funding,0.33894,0.0,1.0209452494499245
2025-01-03,DOGE,1,0.0456928921565337,0.0,0.0,mark,0.38944,0.0,1.0686773960751579
2025-01-03,DOGE,1,-0.04842773818202732,0.0,0.0,mark,0.33599,0.0,1.018156935934193
2025-01-03,DOGE,1,0.039945373188615595,0.0,0.0,mark,0.37989,0.0,1.0596508218123661
2025-01-04,DOGE,1,0.0,0.0,0.0,mark,0.37989,0.0,1.0596508218123661
2025-01-04,DOGE,1,-0.00011133452675670186,0.0001113283292982783,0.0,funding,0.37989,0.0,1.0595328526567342
2025-01-04,DOGE,1,0.01669348738607224,0.0,0.0,mark,0.39876,0.0,1.0773686072471926
2025-01-04,DOGE,1,-0.01979381571904421,0.0,0.0,mark,0.37642,0.0,1.056253039809416
2025-01-04,DOGE,1,0.016340012503473094,0.0,0.0,mark,0.39483,0.0,1.073654006529625
2025-01-05,DOGE,1,-8.803536120990608e-06,0.0,0.0,mark,0.39482,0.0,1.0736445546194022
2025-01-05,DOGE,1,-0.00014192406440263313,0.00014191399365896194,0.09787171976480133,resize,0.39482,-0.2661451774902869,1.073492189432886
2025-01-05,DOGE,1,-8.205559344500886e-05,8.205222697702823e-05,0.0,funding,0.39482,0.0,1.0734041070081006
2025-01-05,DOGE,1,0.001933914448218623,0.0,0.0,mark,0.39788,0.0,1.075481987293163
2025-01-05,DOGE,1,-0.014449009168771575,0.0,0.0,mark,0.37516,0.0,1.0600540656994986
2025-01-05,DOGE,1,0.004563289368495099,0.0,0.0,mark,0.3823,0.0,1.0649024530313103
2025-01-06,DOGE,1,6.376581046264686e-06,0.0,0.0,mark,0.38231,0.0,1.0649092434897582
2025-01-06,DOGE,1,-8.00959526384564e-05,8.009274504320856e-05,0.0,funding,0.38231,0.0,1.0648239519852252
2025-01-06,DOGE,1,0.008407797830074691,0.0,0.0,mark,0.39555,0.0,1.0738145189702655
2025-01-06,DOGE,1,-0.012439847728574229,0.0,0.0,mark,0.376,0.0,1.0605391727045905
2025-01-06,DOGE,1,0.007539657425967608,0.0,0.0,mark,0.38782,0.0,1.0685654945900267
2025-01-07,DOGE,1,0.0,0.0,0.0,mark,0.38782,0.0,1.0685654945900267
2025-01-07,DOGE,1,-8.097235233288197e-05,8.096907416054434e-05,0.0,funding,0.38782,0.0,1.06847897383125
2025-01-07,DOGE,1,0.006644540629595444,0.0,0.0,mark,0.39831,0.0,1.0756021647431133
2025-01-07,DOGE,1,-0.03284431755644974,0.0,0.0,mark,0.34713,0.0,1.040848598406681
2025-01-07,DOGE,1,0.0005674238244351065,0.0,0.0,mark,0.348,0.0,1.0414393682916498
2025-01-08,DOGE,1,0.0,0.0,0.0,mark,0.348,0.0,1.0414393682916498
2025-01-08,DOGE,1,-7.455067139658394e-05,7.454789256428078e-05,0.0,funding,0.348,0.0,1.0413617311815102
2025-01-08,DOGE,1,-0.01548211645167052,0.0,0.0,mark,0.32444,0.0,1.025363411078221
2025-01-08,DOGE,1,0.020412669003480523,0.0,0.0,mark,0.35558,0.0,1.0465088986850302
2025-01-08,DOGE,1,-0.008654304036004593,0.0,0.0,mark,0.3423,0.0,1.0374911698661982
2025-01-09,DOGE,1,0.0,0.0,0.0,mark,0.3423,0.0,1.0374911698661982
2025-01-09,DOGE,1,-7.36086056911257e-05,7.360589664412719e-05,0.0,funding,0.3423,0.0,1.0374148043983797
2025-01-09,DOGE,1,0.002980328710479381,0.0,0.0,mark,0.34686,0.0,1.0405112534506293
2025-01-09,DOGE,1,-0.02147792069091877,0.0,0.0,mark,0.3143,0.0,1.018401520744216
2025-01-09,DOGE,1,0.004457450990719886,0.0,0.0,mark,0.321,0.0,1.0229511279043195
2025-01-10,DOGE,1,-6.638128450869813e-06,0.0,0.0,mark,0.32099,0.0,1.0229443374458715
2025-01-10,DOGE,1,-7.000754036330271e-05,7.000508989261014e-05,0.0,funding,0.32099,0.0,1.0228727261355735
2025-01-10,DOGE,1,0.01242958276335139,0.0,0.0,mark,0.33983,0.0,1.0356659498514464
2025-01-10,DOGE,1,-0.012482693095440641,0.0,0.0,mark,0.32091,0.0,1.02281840246799
2025-01-10,DOGE,1,0.008573880264310933,0.0,0.0,mark,0.33388,0.0,1.0316256270749367
2025-01-11,DOGE,1,0.0,0.0,0.0,mark,0.33388,0.0,1.0316256270749367
2025-01-11,DOGE,1,-7.220613175173023e-05,7.220352495160249e-05,0.0,funding,0.33388,0.0,1.0315511400682313
2025-01-11,DOGE,1,0.009362802628508577,0.0,0.0,mark,0.34817,0.0,1.0412547051903027
2025-01-11,DOGE,1,-0.012210608137522345,0.0,0.0,mark,0.32956,0.0,1.0286176620187317
2025-01-11,DOGE,1,0.007654817066140493,0.0,0.0,mark,0.3412,0.0,1.0365217556521056
2025-01-12,DOGE,1,0.0,0.0,0.0,mark,0.3412,0.0,1.0365217556521056
2025-01-12,DOGE,1,-7.344067592729988e-05,7.343797922696699e-05,0.0,funding,0.3412,0.0,1.0364456355889458
2025-01-12,DOGE,1,0.0015384603786514843,0.0,0.0,mark,0.34355,0.0,1.0380413933242059
2025-01-12,DOGE,1,-0.007795190762422865,0.0,0.0,mark,0.33168,0.0,1.02998111914653
2025-01-12,DOGE,1,0.0027848725988697436,0.0,0.0,mark,0.33591,0.0,1.0328534830699982
2025-01-13,DOGE,1,0.0,0.0,0.0,mark,0.33591,0.0,1.0328534830699982
2025-01-13,DOGE,1,-7.25587993680646e-05,7.255616704215545e-05,0.0,funding,0.33591,0.0,1.0327785431801506
2025-01-13,DOGE,1,0.006795075374141594,0.0,0.0,mark,0.34628,0.0,1.0398202485906392
2025-01-13,DOGE,1,-0.024184902216188593,0.0,0.0,mark,0.30969,0.0,1.014973961129716
2025-01-13,DOGE,1,0.01880900668207919,0.0,0.0,mark,0.33807,0.0,1.0342452822049004
2025-01-14,DOGE,1,6.5655954860308e-06,0.0,0.0,mark,0.33808,0.0,1.0342520726633484
2025-01-14,DOGE,1,-7.292879427393988e-05,7.292613503410572e-05,0.0,funding,0.33808,0.0,1.034176648657038
2025-01-14,DOGE,1,0.015713217516692315,0.0,0.0,mark,0.3622,0.0,1.0505552344334106
2025-01-14,DOGE,1,-0.017178520316235957,0.0,0.0,mark,0.33585,0.0,1.0326623764231528
2025-01-14,DOGE,1,0.013104574991712716,0.0,0.0,mark,0.35591,0.0,1.0462840360696717
2025-01-15,DOGE,1,0.0,0.0,0.0,mark,0.35591,0.0,1.0462840360696717
2025-01-15,DOGE,1,-7.589220806080522e-05,7.58893283200192e-05,0.0,funding,0.35591,0.0,1.0462046342769424
2025-01-15,DOGE,1,0.02046803121320321,0.0,0.0,mark,0.38777,0.0,1.0678390348920015
2025-01-15,DOGE,1,-0.025419589399783192,0.0,0.0,mark,0.3483,0.0,1.0410370953980785
2025-01-15,DOGE,1,0.023892247868968507,0.0,0.0,mark,0.38537,0.0,1.0662093248645017
2025-01-16,DOGE,1,0.0,0.0,0.0,mark,0.38537,0.0,1.0662093248645017
2025-01-16,DOGE,1,-8.063861395180055e-05,8.063536274623194e-05,0.0,funding,0.38537,0.0,1.066123350688828
2025-01-16,DOGE,1,-0.011376340991794263,0.0,0.0,mark,0.36761,0.0,1.0540634964853297
2025-01-16,DOGE,1,0.014454339831073455,0.0,0.0,mark,0.39021,0.0,1.069409932577619
2025-01-16,DOGE,1,-0.008749991780619236,0.0,0.0,mark,0.37649,0.0,1.0600934235870787
2025-01-17,DOGE,1,0.0,0.0,0.0,mark,0.37649,0.0,1.0600934235870787
2025-01-17,DOGE,1,-7.923492077447802e-05,7.923178177092052e-05,0.0,funding,0.37649,0.0,1.0600094304962842
2025-01-17,DOGE,1,0.02883034265022287,0.0,0.0,mark,0.42215,0.0,1.0910146637694669
2025-01-17,DOGE,1,-0.029471151512657306,0.0,0.0,mark,0.37549,0.0,1.0593303846514925
2025-01-17,DOGE,1,0.025167354085764954,0.0,0.0,mark,0.41525,0.0,1.086329247440405
2025-01-18,DOGE,1,0.0,0.0,0.0,mark,0.41525,0.0,1.086329247440405
2025-01-18,DOGE,1,-8.528188771635527e-05,8.527825131950863e-05,0.0,funding,0.41525,0.0,1.086236607181826
2025-01-18,DOGE,1,0.011702571999977292,0.0,0.0,mark,0.43408,0.0,1.099023040439251
2025-01-18,DOGE,1,-0.031718376499281976,0.0,0.0,mark,0.38355,0.0,1.0647108539019332
2025-01-18,DOGE,1,0.008168333196386428,0.0,0.0,mark,0.39641,0.0,1.0734433834659527
2025-01-19,DOGE,1,0.0,0.0,0.0,mark,0.39641,0.0,1.0734433834659527
2025-01-19,DOGE,1,-8.238980335280424e-05,8.238640940610481e-05,0.0,funding,0.39641,0.0,1.0733549463198881
2025-01-19,DOGE,1,0.008548265984464972,0.0,0.0,mark,0.40998,0.0,1.0825695984337096
2025-01-19,DOGE,1,-0.040410414688851655,0.0,0.0,mark,0.34684,0.0,1.0396946437935703
2025-01-19,DOGE,1,0.007521713381619239,0.0,0.0,mark,0.3584,0.0,1.0475444137593608
2025-01-20,DOGE,1,-6.4822840612907435e-06,0.0,0.0,mark,0.35839,0.0,1.0475376233009128
2025-01-20,DOGE,1,-7.632959276658612e-05,7.632667973743533e-05,0.0,funding,0.35839,0.0,1.0474576682322263
2025-01-20,DOGE,1,0.01814186356621248,0.0,0.0,mark,0.38663,0.0,1.06663392288914
2025-01-20,DOGE,1,-0.0269517854555622,0.0,0.0,mark,0.34486,0.0,1.0382701779521963
2025-01-20,DOGE,1,0.0063239219959152155,0.0,0.0,mark,0.35456,0.0,1.0448569226466744
2025-01-21,DOGE,1,0.0,0.0,0.0,mark,0.35456,0.0,1.0448569226466744
2025-01-21,DOGE,1,-7.570759868353998e-05,7.570473293550393e-05,0.0,funding,0.35456,0.0,1.0447778220323896
2025-01-21,DOGE,1,0.03151434848103743,0.0,0.0,mark,0.40382,0.0,1.078227620346822
2025-01-21,DOGE,1,-0.043834857961572576,0.0,0.0,mark,0.33572,0.0,1.0319845983165166
2025-01-21,DOGE,1,0.023443930159521682,0.0,0.0,mark,0.37177,0.0,1.0564642010212524
2025-01-22,DOGE,1,6.42751227961389e-06,0.0,0.0,mark,0.37178,0.0,1.0564709914797004
2025-01-22,DOGE,1,-7.851192257768213e-05,7.850884059737037e-05,0.0,funding,0.37178,0.0,1.0563880491670345
2025-01-22,DOGE,1,-0.0108057825218113,0.0,0.0,mark,0.35506,0.0,1.0450344026421197
2025-01-22,DOGE,1,0.012103395505919051,0.0,0.0,mark,0.3738,0.0,1.0577597217735135
2025-01-22,DOGE,1,-0.007015562039669257,0.0,0.0,mark,0.36291,0.0,1.0503649125237333
2025-01-23,DOGE,1,0.0,0.0,0.0,mark,0.36291,0.0,1.0503649125237333
2025-01-23,DOGE,1,-7.708423835921993e-05,7.70812674457195e-05,0.0,funding,0.36291,0.0,1.0502839490649956
2025-01-23,DOGE,1,0.0010726733890224062,0.0,0.0,mark,0.36457,0.0,1.0514111651673494
2025-01-23,DOGE,1,-0.015057590339406906,0.0,0.0,mark,0.34143,0.0,1.0356980443188728
2025-01-23,DOGE,1,0.006945286757697839,0.0,0.0,mark,0.35206,0.0,1.042916301649007
2025-01-24,DOGE,1,6.511007960061085e-06,0.0,0.0,mark,0.35207,0.0,1.042923092107455
2025-01-24,DOGE,1,-7.531529969149549e-05,7.531246356555759e-05,0.0,funding,0.35207,0.0,1.0428445470000791
2025-01-24,DOGE,1,0.00819682121341649,0.0,0.0,mark,0.36471,0.0,1.0514276864782444
2025-01-24,DOGE,1,-0.014264353796802779,0.0,0.0,mark,0.34278,0.0,1.0365362111019654
2025-01-24,DOGE,1,0.005272816666961981,0.0,0.0,mark,0.35085,0.0,1.0420161110694333
2025-01-25,DOGE,1,6.516632756909921e-06,0.0,0.0,mark,0.35086,0.0,1.0420229015278812
2025-01-25,DOGE,1,-7.51212878710797e-05,7.511846633784464e-05,0.0,funding,0.35086,0.0,1.0419446263656296
2025-01-25,DOGE,1,0.007007343186746445,0.0,0.0,mark,0.36165,0.0,1.0492715310309306
2025-01-25,DOGE,1,-0.01055240538637858,0.0,0.0,mark,0.34543,0.0,1.0382574074284114
2025-01-25,DOGE,1,0.00527711022485687,0.0,0.0,mark,0.35352,0.0,1.043750888312775
2025-01-26,DOGE,1,-6.505844079127331e-06,0.0,0.0,mark,0.35351,0.0,1.043744097854327
2025-01-26,DOGE,1,-7.556387078703942e-05,7.556101590957485e-05,0.0,funding,0.35351,0.0,1.0436652314899435
2025-01-26,DOGE,1,0.002547244907995577,0.0,0.0,mark,0.35743,0.0,1.0463270912015263
2025-01-26,DOGE,1,-0.014663619170650505,0.0,0.0,mark,0.335,0.0,1.0310960929028516
2025-01-26,DOGE,1,0.0006912563611475214,0.0,0.0,mark,0.33605,0.0,1.0318090910398827
2025-01-27,DOGE,1,-6.581140689169653e-06,0.0,0.0,mark,0.33604,0.0,1.0318023005814347
2025-01-27,DOGE,1,-7.266083421036165e-05,7.265819447599911e-05,0.0,funding,0.33604,0.0,1.0317273316892184
2025-01-27,DOGE,1,0.0007237185136148709,0.0,0.0,mark,0.33714,0.0,1.0324742821184891
2025-01-27,DOGE,1,-0.02129751087576929,0.0,0.0,mark,0.3051,0.0,1.0107176532513675
2025-01-27,DOGE,1,0.01921046385715425,0.0,0.0,mark,0.33397,0.0,1.0303217067905
2025-01-28,DOGE,1,6.5905978944629436e-06,0.0,0.0,mark,0.33398,0.0,1.030328497248948
2025-01-28,DOGE,1,-7.231869317330827e-05,7.231607823967887e-05,0.0,funding,0.33398,0.0,1.0302539879327284
2025-01-28,DOGE,1,0.0033952129886375667,0.0,0.0,mark,0.33914,0.0,1.0337578644918528
2025-01-28,DOGE,1,-0.01598393777044454,0.0,0.0,mark,0.315,0.0,1.0173656977985845
2025-01-28,DOGE,1,0.0024731972585520963,0.0,0.0,mark,0.31871,0.0,1.0198849578827611
2025-01-29,DOGE,1,6.658040978013004e-06,0.0,0.0,mark,0.31872,0.0,1.019891748341209
2025-01-29,DOGE,1,-6.972050043492847e-05,6.97180700173546e-05,0.0,funding,0.31872,0.0,1.0198206434568882
2025-01-29,DOGE,1,0.010702630553472633,0.0,0.0,mark,0.33488,0.0,1.03079402430872
2025-01-29,DOGE,1,-0.012048549468140223,0.0,0.0,mark,0.3167,0.0,1.0184489708504092
2025-01-29,DOGE,1,0.004881972672975561,0.0,0.0,mark,0.32404,0.0,1.0234331673511792
2025-01-30,DOGE,1,6.6349578432657545e-06,0.0,0.0,mark,0.32405,0.0,1.0234399578096272
2025-01-30,DOGE,1,-7.064071943507335e-05,7.063822443833604e-05,0.0,funding,0.32405,0.0,1.0233676638281883
2025-01-30,DOGE,1,0.00974620814890034,0.0,0.0,mark,0.33881,0.0,1.0333903804973117
2025-01-30,DOGE,1,-0.011100747650667311,0.0,0.0,mark,0.32201,0.0,1.0219824103048134
2025-01-30,DOGE,1,0.006305545618794803,0.0,0.0,mark,0.33153,0.0,1.0284469267472292
2025-01-31,DOGE,1,6.60261201040456e-06,0.0,0.0,mark,0.33154,0.0,1.0284537172056771
2025-01-31,DOGE,1,-7.192119848162056e-05,7.191861221430154e-05,0.0,funding,0.33154,0.0,1.0283797522416092
2025-01-31,DOGE,1,0.0067322232391838766,0.0,0.0,mark,0.34177,0.0,1.0353263912338269
2025-01-31,DOGE,1,-0.01208178325192976,0.0,0.0,mark,0.32346,0.0,1.0228930618156933
2025-01-31,DOGE,1,0.003604829670098812,0.0,0.0,mark,0.3289,0.0,1.0265870712113594
2025-02-01,DOGE,1,0.0,0.0,0.0,mark,0.3289,0.0,1.0265870712113594
2025-02-01,DOGE,1,-7.147821881777902e-05,7.147566431079228e-05,0.0,funding,0.3289,0.0,1.0265136952184717
2025-02-01,DOGE,1,0.00222679694328157,0.0,0.0,mark,0.33227,0.0,1.0288020797154191
2025-02-01,DOGE,1,-0.01931986012934167,0.0,0.0,mark,0.30328,0.0,1.0091165406749119
2025-02-01,DOGE,1,0.0031174437900148445,0.0,0.0,mark,0.30792,0.0,1.0122673133947446
2025-02-02,DOGE,1,6.708144758242777e-06,0.0,0.0,mark,0.30793,0.0,1.0122741038531926
2025-02-02,DOGE,1,-0.00029956151670157655,0.00029951665263051744,0.2065632087107017,rotation,0.30793,-0.6790458447915615,1.011970910902062
2025-02-02,XRP,2,-0.00036988123509384556,0.0003698128374630099,0.25504333618138614,entry,2.8779,0.08968221176377851,1.0115966710680713
2025-02-02,XRP,2,-8.382698422515119e-05,8.382347084163856e-05,0.0,funding,2.8779,0.0,1.0115118755240105
2025-02-02,XRP,2,0.006891797890231821,0.0,0.0,mark,2.9559,0.0,1.0185070880415852
2025-02-02,XRP,2,-0.04461969210856157,0.0,0.0,mark,2.4603,0.0,0.9740605838914566
2025-02-02,XRP,2,0.010960547904140517,0.0,0.0,mark,2.58,0.0,0.9847955446395809
2025-02-03,XRP,2,9.106641870946018e-06,0.0,0.0,mark,2.5801,0.0,0.9848045128607572
2025-02-03,XRP,2,-7.719703203899425e-05,7.719405242484361e-05,0.0,funding,2.5801,0.0,0.9847284918095632
2025-02-03,XRP,2,0.018166978405898274,0.0,0.0,mark,2.7814,0.0,1.0027815210376119
2025-02-03,XRP,2,-0.0947004425417401,0.0,0.0,mark,1.7711,0.0,0.9121755824926664
2025-02-03,XRP,2,0.08740294088305268,0.0,0.0,mark,2.7001,0.0,0.9954903572212166
2025-02-04,XRP,2,-9.008888441948993e-06,0.0,0.0,mark,2.7,0.0,0.9954813890000402
2025-02-04,XRP,2,-7.991812843165286e-05,7.991493506306067e-05,0.0,funding,2.7,0.0,0.9954018351694818
2025-02-04,XRP,2,0.007843591701358463,0.0,0.0,mark,2.7874,0.0,1.003240060477636
2025-02-04,XRP,2,-0.033311083129946586,0.0,0.0,mark,2.4209,0.0,0.9703715298662111
2025-02-04,XRP,2,0.009794657478469736,0.0,0.0,mark,2.5274,0.0,0.9799226854190535
2025-02-05,XRP,2,9.151926240342774e-06,0.0,0.0,mark,2.5275,0.0,0.9799316536402298
2025-02-05,XRP,2,-7.599923357346905e-05,7.599634570487325e-05,0.0,funding,2.5275,0.0,0.9798571824155127
2025-02-05,XRP,2,0.00380936099095245,0.0,0.0,mark,2.5692,0.0,0.9835969306460622
2025-02-05,XRP,2,-0.02126841580908115,0.0,0.0,mark,2.3384,0.0,0.9628982761709821
2025-02-05,XRP,2,0.003959819160409681,0.0,0.0,mark,2.381,0.0,0.9667187383921191
2025-02-06,XRP,2,0.0,0.0,0.0,mark,2.381,0.0,0.9667187383921191
2025-02-06,XRP,2,-7.257254431575096e-05,7.256991099245484e-05,0.0,funding,2.381,0.0,0.9666485836993193
2025-02-06,XRP,2,0.008213997843944571,0.0,0.0,mark,2.4699,0.0,0.9746213323251192
2025-02-06,XRP,2,-0.017890862231237176,0.0,0.0,mark,2.2772,0.0,0.957339570118239
2025-02-06,XRP,2,0.004467840456849099,0.0,0.0,mark,2.325,0.0,0.9616263798405477
2025-02-07,XRP,2,9.326053803542874e-06,0.0,0.0,mark,2.3251,0.0,0.961635348061724
2025-02-07,XRP,2,-7.124329860115878e-05,7.124076085759777e-05,0.0,funding,2.3251,0.0,0.9615668404278606
2025-02-07,XRP,2,-0.005574205209609454,0.0,0.0,mark,2.2655,0.0,0.9562217806067393
2025-02-07,XRP,2,0.02560186360081932,0.0,0.0,mark,2.542,0.0,0.981018912159424
2025-02-07,XRP,2,-0.013362692901234836,0.0,0.0,mark,2.3968,0.0,0.9679970550113234
2025-02-08,XRP,2,9.264676567010293e-06,0.0,0.0,mark,2.3969,0.0,0.9680060232324997
2025-02-08,XRP,2,-7.296003448289803e-05,7.295737296433724e-05,0.0,funding,2.3969,0.0,0.9679354000560311
2025-02-08,XRP,2,0.0037269660040439166,0.0,0.0,mark,2.4372,0.0,0.9715495931901114
2025-02-08,XRP,2,-0.008026032115797724,0.0,0.0,mark,2.3506,0.0,0.9637831136513682
2025-02-08,XRP,2,0.006344605994452052,0.0,0.0,mark,2.419,0.0,0.9699173769360107
2025-02-09,XRP,2,0.0,0.0,0.0,mark,2.419,0.0,0.9699173769360107
2025-02-09,XRP,2,-7.348765979780357e-05,7.34849596459103e-05,0.0,funding,2.419,0.0,0.9698461025967067
2025-02-09,XRP,2,0.008187027386661569,0.0,0.0,mark,2.5079,0.0,0.9778188512225066
2025-02-09,XRP,2,-0.0181960300148303,0.0,0.0,mark,2.3113,0.0,0.9601873283897477
2025-02-09,XRP,2,0.0075833344126488254,0.0,0.0,mark,2.3928,0.0,0.9674964286484956
2025-02-10,XRP,2,0.0,0.0,0.0,mark,2.3928,0.0,0.9674964286484956
2025-02-10,XRP,2,-7.287359346018688e-05,7.287093824445607e-05,0.0,funding,2.3928,0.0,0.9674259262759919
2025-02-10,XRP,2,0.007434795428370849,0.0,0.0,mark,2.4733,0.0,0.9746453443229761
2025-02-10,XRP,2,-0.013879760644798747,0.0,0.0,mark,2.3235,0.0,0.9612109490007621
2025-02-10,XRP,2,0.00930535878721259,0.0,0.0,mark,2.4237,0.0,0.9701971066194927
2025-02-11,XRP,2,9.243667771771135e-06,0.0,0.0,mark,2.4238,0.0,0.970206074840669
2025-02-11,XRP,2,-7.36115746272664e-05,7.36088653617655e-05,0.0,funding,2.4238,0.0,0.9701346590723329
2025-02-11,XRP,2,0.009678025859517055,0.0,0.0,mark,2.529,0.0,0.9795692277498824
2025-02-11,XRP,2,-0.014589549591020531,0.0,0.0,mark,2.3708,0.0,0.9653815018488526
2025-02-11,XRP,2,0.003921893519221731,0.0,0.0,mark,2.4131,0.0,0.9691750594064604
2025-02-12,XRP,2,-9.253501297970543e-06,0.0,0.0,mark,2.413,0.0,0.9691660911852841
2025-02-12,XRP,2,-7.336220450662727e-05,7.33595135658618e-05,0.0,funding,2.413,0.0,0.9690949936322701
2025-02-12,XRP,2,-0.007496184274071749,0.0,0.0,mark,2.3323,0.0,0.9618576391429332
2025-02-12,XRP,2,0.015166207828873015,0.0,0.0,mark,2.4962,0.0,0.9765565536510165
2025-02-12,XRP,2,-0.0020960364344136204,0.0,0.0,mark,2.4734,0.0,0.9745117992228023
2025-02-13,XRP,2,0.0,0.0,0.0,mark,2.4734,0.0,0.9745117992228023
2025-02-13,XRP,2,-7.478608967116417e-05,7.478329326127719e-05,0.0,funding,2.4734,0.0,0.9744389220211345
2025-02-13,XRP,2,0.012139030069577592,0.0,0.0,mark,2.6061,0.0,0.9863397515221879
2025-02-13,XRP,2,-0.017491341835391444,0.0,0.0,mark,2.4154,0.0,0.9692373537388353
2025-02-13,XRP,2,0.013281793305115702,0.0,0.0,mark,2.5599,0.0,0.9821964333387013
2025-02-14,XRP,2,9.130739970986006e-06,0.0,0.0,mark,2.56,0.0,0.9822054015598777
2025-02-14,XRP,2,-7.679830862478172e-05,7.679535971016813e-05,0.0,funding,2.56,0.0,0.9821299727427556
2025-02-14,XRP,2,-0.002743178937772143,0.0,0.0,mark,2.53,0.0,0.9794395063898422
2025-02-14,XRP,2,0.02759786338731427,0.0,0.0,mark,2.8356,0.0,1.006846390304853
2025-02-14,XRP,2,-0.008695532860728692,0.0,0.0,mark,2.7384,0.0,0.9981292793214137
2025-02-15,XRP,2,0.0,0.0,0.0,mark,2.7384,0.0,0.9981292793214137
2025-02-15,XRP,2,-8.083975274464925e-05,8.083648529988929e-05,0.0,funding,2.7384,0.0,0.9980485940585985
2025-02-15,XRP,2,-0.0022849906365068,0.0,0.0,mark,2.713,0.0,0.9957706658797985
2025-02-15,XRP,2,0.01079413891886455,0.0,0.0,mark,2.8335,0.0,1.0065773723973337
2025-02-15,XRP,2,-0.006399722019130137,0.0,0.0,mark,2.7619,0.0,1.000156126035047
2025-02-16,XRP,2,0.0,0.0,0.0,mark,2.7619,0.0,1.000156126035047
2025-02-16,XRP,2,-8.136828290320155e-05,8.136497259436684e-05,0.0,funding,2.7619,0.0,1.0000747483592622
2025-02-16,XRP,2,0.0038932959053122017,0.0,0.0,mark,2.8054,0.0,1.0039759245709867
2025-02-16,XRP,2,-0.010551399608203834,0.0,0.0,mark,2.6879,0.0,0.9934382646887427
2025-02-16,XRP,2,0.003640458095607422,0.0,0.0,mark,2.7283,0.0,0.9970614260439994
2025-02-17,XRP,2,0.0,0.0,0.0,mark,2.7283,0.0,0.9970614260439994
2025-02-17,XRP,2,-8.06278442292963e-05,8.06245938920269e-05,0.0,funding,2.7283,0.0,0.9969810383714391
2025-02-17,XRP,2,0.0032779346224495413,0.0,0.0,mark,2.7648,0.0,1.000254439100817
2025-02-17,XRP,2,-0.01420382181619935,0.0,0.0,mark,2.6075,0.0,0.9861474271903746
2025-02-17,XRP,2,0.0047540420116586775,0.0,0.0,mark,2.6599,0.0,0.9908467750867966
2025-02-18,XRP,2,0.0,0.0,0.0,mark,2.6599,0.0,0.9908467750867966
2025-02-18,XRP,2,-7.909942330790199e-05,7.90962950309419e-05,0.0,funding,2.6599,0.0,0.9907684027779439
2025-02-18,XRP,2,-0.01740326160358306,0.0,0.0,mark,2.4693,0.0,0.9736749732157677
2025-02-18,XRP,2,0.01830803053637087,0.0,0.0,mark,2.6699,0.0,0.9916652248955816
2025-02-18,XRP,2,-0.009732904373931421,0.0,0.0,mark,2.5628,0.0,0.9820602600156809
2025-02-19,XRP,2,9.132006041330974e-06,0.0,0.0,mark,2.5629,0.0,0.9820692282368573
2025-02-19,XRP,2,-7.689597134917189e-05,7.689301492984398e-05,0.0,funding,2.5629,0.0,0.9819937139730284
2025-02-19,XRP,2,0.01667346124443181,0.0,0.0,mark,2.747,0.0,0.9985042091587399
2025-02-19,XRP,2,-0.021323651262201305,0.0,0.0,mark,2.5121,0.0,0.9774378576154285
2025-02-19,XRP,2,0.020496997339322868,0.0,0.0,mark,2.7378,0.0,0.9976791328105132
2025-02-20,XRP,2,0.0,0.0,0.0,mark,2.7378,0.0,0.9976791328105132
2025-02-20,XRP,2,-8.085850741724805e-05,8.085523845627286e-05,0.0,funding,2.7378,0.0,0.997598465226327
2025-02-20,XRP,2,0.0010063522358052307,0.0,0.0,mark,2.749,0.0,0.9986029059980813
2025-02-20,XRP,2,-0.007382432337595816,0.0,0.0,mark,2.6671,0.0,0.9912579328546278
2025-02-20,XRP,2,0.001862011939210564,0.0,0.0,mark,2.6877,0.0,0.9931053864169617
2025-02-21,XRP,2,9.030442091592008e-06,0.0,0.0,mark,2.6878,0.0,0.993114354638138
2025-02-21,XRP,2,-7.974662989796002e-05,7.974345021997235e-05,0.0,funding,2.6878,0.0,0.9930351602730362
2025-02-21,XRP,2,0.0025435387212448235,0.0,0.0,mark,2.716,0.0,0.9955641986447747
2025-02-21,XRP,2,-0.018951496975499697,0.0,0.0,mark,2.5076,0.0,0.9768744257132033
2025-02-21,XRP,2,0.005903976525022349,0.0,0.0,mark,2.5721,0.0,0.982658928371967
2025-02-22,XRP,2,9.126442546275357e-06,0.0,0.0,mark,2.5722,0.0,0.9826678965931434
2025-02-22,XRP,2,-7.712799571271108e-05,7.712502142525684e-05,0.0,funding,2.5722,0.0,0.9825921083105646
2025-02-22,XRP,2,0.0034350121053950324,0.0,0.0,mark,2.6099,0.0,0.9859731276940591
2025-02-22,XRP,2,-0.005417557798845584,0.0,0.0,mark,2.5505,0.0,0.9806460043152906
2025-02-22,XRP,2,0.0021468200865894863,0.0,0.0,mark,2.574,0.0,0.9827535362917393
2025-02-23,XRP,2,0.0,0.0,0.0,mark,2.574,0.0,0.9827535362917393
2025-02-23,XRP,2,-7.717524510336454e-05,7.71722671707416e-05,0.0,funding,2.574,0.0,0.9826776949732736
2025-02-23,XRP,2,0.002515694517822054,0.0,0.0,mark,2.6016,0.0,0.985152924017954
2025-02-23,XRP,2,-0.007446914056382647,0.0,0.0,mark,2.5201,0.0,0.977843823759206
2025-02-23,XRP,2,0.005141102639267052,0.0,0.0,mark,2.5763,0.0,0.9828839640603303
2025-02-24,XRP,2,0.0,0.0,0.0,mark,2.5763,0.0,0.9828839640603303
2025-02-24,XRP,2,-7.723395714710422e-05,7.723097468189126e-05,0.0,funding,2.5763,0.0,0.9828080549737868
2025-02-24,XRP,2,0.002979464482542277,0.0,0.0,mark,2.609,0.0,0.9857406632984623
2025-02-24,XRP,2,-0.034750579137852004,0.0,0.0,mark,2.2336,0.0,0.9520739610023399
2025-02-24,XRP,2,0.004201752118410873,0.0,0.0,mark,2.2783,0.0,0.9560827558681808
2025-02-25,XRP,2,9.380128508528487e-06,0.0,0.0,mark,2.2784,0.0,0.9560917240893572
2025-02-25,XRP,2,-7.021711669504793e-05,7.021465153102827e-05,0.0,funding,2.2784,0.0,0.9560245924421186
2025-02-25,XRP,2,0.008211863421751307,0.0,0.0,mark,2.3663,0.0,0.9639076588561547
2025-02-25,XRP,2,-0.02855790306138084,0.0,0.0,mark,2.0637,0.0,0.9367698215764353
2025-02-25,XRP,2,0.024446387226180238,0.0,0.0,mark,2.3222,0.0,0.959952673317372
2025-02-26,XRP,2,0.0,0.0,0.0,mark,2.3222,0.0,0.959952673317372
2025-02-26,XRP,2,-7.127916576073698e-05,7.127662546126458e-05,0.0,funding,2.3222,0.0,0.9598842511302154
2025-02-26,XRP,2,0.000859188959259864,0.0,0.0,mark,2.3314,0.0,0.9607093274784421
2025-02-26,XRP,2,-0.017012235204821154,0.0,0.0,mark,2.1507,0.0,0.9445037518127273
2025-02-26,XRP,2,0.004500063993106839,0.0,0.0,mark,2.1982,0.0,0.9487636568715068
2025-02-27,XRP,2,9.452489801339446e-06,0.0,0.0,mark,2.1983,0.0,0.9487726250926831
2025-02-27,XRP,2,-6.827111110749092e-05,6.826878068817978e-05,0.0,funding,2.1983,0.0,0.9487078535424177
2025-02-27,XRP,2,-0.005022730773085265,0.0,0.0,mark,2.1453,0.0,0.9439546963189375
2025-02-27,XRP,2,0.010622160409276847,0.0,0.0,mark,2.2577,0.0,0.9540349769211861
2025-02-27,XRP,2,-0.005580523633956032,0.0,0.0,mark,2.1985,0.0,0.9487257899847704
2025-02-28,XRP,2,0.0,0.0,0.0,mark,2.1985,0.0,0.9487257899847704
2025-02-28,XRP,2,-6.82806932994868e-05,6.827836222601108e-05,0.0,funding,2.1985,0.0,0.9486610125416287
2025-02-28,XRP,2,0.00030246808335947586,0.0,0.0,mark,2.2017,0.0,0.9489479956192728
2025-02-28,XRP,2,-0.02397809098748987,0.0,0.0,mark,1.951,0.0,0.9264646651300935
2025-02-28,XRP,2,0.018633641001269928,0.0,0.0,mark,2.1453,0.0,0.9438899188757957
2025-03-01,XRP,2,9.501297123942279e-06,0.0,0.0,mark,2.1454,0.0,0.943898887096972
2025-03-01,XRP,2,-6.697221716798411e-05,6.696997457906257e-05,0.0,funding,2.1454,0.0,0.9438356742124979
2025-03-01,XRP,2,0.007053968962882318,0.0,0.0,mark,2.2199,0.0,0.9505169989888994
2025-03-01,XRP,2,-0.00933702635491931,0.0,0.0,mark,2.1214,0.0,0.9416833011301672
2025-03-01,XRP,2,0.00666332241623916,0.0,0.0,mark,2.1916,0.0,0.9479789923959845
2025-03-02,XRP,2,9.460313812065556e-06,0.0,0.0,mark,2.1917,0.0,0.9479879606171608
2025-03-02,XRP,2,-6.812247373328301e-05,6.812015345027914e-05,0.0,funding,2.1917,0.0,0.9479233835318146
2025-03-02,XRP,2,0.0736016593817086,0.0,0.0,mark,2.999,0.0,1.020323833088713
2025-03-02,XRP,2,-0.07532502979650921,0.0,0.0,mark,2.1735,0.0,0.9462911672777139
2025-03-02,XRP,2,0.07009034029063652,0.0,0.0,mark,2.9396,0.0,1.0149967097099446
2025-03-03,XRP,2,-8.835753565630725e-06,0.0,0.0,mark,2.9395,0.0,1.0149877414887682
2025-03-03,XRP,2,-8.533526263618104e-05,8.533162168612371e-05,0.0,funding,2.9395,0.0,1.0149011309387954
2025-03-03,XRP,2,0.002479991881660425,0.0,0.0,mark,2.9676,0.0,1.0174212010893575
2025-03-03,XRP,2,-0.060874008272014106,0.0,0.0,mark,2.2976,0.0,0.9573341192076259
2025-03-03,XRP,2,0.008367907694959518,0.0,0.0,mark,2.3873,0.0,0.9653786136028368
2025-03-04,XRP,2,0.0,0.0,0.0,mark,2.3873,0.0,0.9653786136028368
2025-03-04,XRP,2,-0.00010567795682613171,0.00010567237310756665,0.07287749869487355,resize,2.3873,-0.029470271290956133,0.9652765997537901
2025-03-04,XRP,2,-4.892597499710836e-05,4.892477814107656e-05,0.0,funding,2.3873,0.0,0.9652293738103024
2025-03-04,XRP,2,0.009406337673642535,0.0,0.0,mark,2.5388,0.0,0.974351482791935
2025-03-04,XRP,2,-0.020383030746130446,0.0,0.0,mark,2.2123,0.0,0.9546922842275585
2025-03-04,XRP,2,0.01514750782242863,0.0,0.0,mark,2.4543,0.0,0.9692635738219815
2025-03-05,XRP,2,-6.212152104090837e-06,0.0,0.0,mark,2.4542,0.0,0.9692575526279342
2025-03-05,XRP,2,-5.0090489986536706e-05,5.008923547893248e-05,0.0,funding,2.4542,0.0,0.969209003258141
2025-03-05,XRP,2,0.005371768577126954,0.0,0.0,mark,2.5409,0.0,0.9744293784971346
2025-03-05,XRP,2,-0.008246062355721959,0.0,0.0,mark,2.408,0.0,0.9664272116082965
2025-03-05,XRP,2,0.005703180757693968,0.0,0.0,mark,2.4998,0.0,0.9719546677437015
2025-03-06,XRP,2,0.0,0.0,0.0,mark,2.4998,0.0,0.9719546677437015
2025-03-06,XRP,2,-5.0879630338039474e-05,5.087833599160572e-05,0.0,funding,2.4998,0.0,0.9719052163075474
2025-03-06,XRP,2,0.00902281978307919,0.0,0.0,mark,2.6461,0.0,0.9807142231987214
2025-03-06,XRP,2,-0.010827264041655935,0.0,0.0,mark,2.4707,0.0,0.9701530488397883
2025-03-06,XRP,2,0.007999051947309172,0.0,0.0,mark,2.6001,0.0,0.9779444739369715
2025-03-07,XRP,2,-6.157008648200649e-06,0.0,0.0,mark,2.6,0.0,0.9779384527429242
2025-03-07,XRP,2,-5.259529445773666e-05,5.2593911349572654e-05,0.0,funding,2.6,0.0,0.9778870191346354
2025-03-07,XRP,2,0.0013352534151472005,0.0,0.0,mark,2.6217,0.0,0.9791936182428956
2025-03-07,XRP,2,-0.01725490779515221,0.0,0.0,mark,2.3435,0.0,0.9624426564033565
2025-03-07,XRP,2,0.002624140604836285,0.0,0.0,mark,2.3855,0.0,0.964971557903215
2025-03-08,XRP,2,0.0,0.0,0.0,mark,2.3855,0.0,0.964971557903215
2025-03-08,XRP,2,-4.890453935017431e-05,4.890334354268967e-05,0.0,funding,2.3855,0.0,0.9649243675676099
2025-03-08,XRP,2,0.00156503186503792,0.0,0.0,mark,2.4106,0.0,0.9664356872734777
2025-03-08,XRP,2,-0.006833020972307404,0.0,0.0,mark,2.3013,0.0,0.9598545221797983
2025-03-08,XRP,2,0.0015545020157970001,0.0,0.0,mark,2.3261,0.0,0.9613477783035242
2025-03-09,XRP,2,6.263264270141713e-06,0.0,0.0,mark,2.3262,0.0,0.9613537994975715
2025-03-09,XRP,2,-4.786828232144681e-05,4.786713665352715e-05,0.0,funding,2.3262,0.0,0.9613077822438786
2025-03-09,XRP,2,-0.015350153250469102,0.0,0.0,mark,2.083,0.0,0.9466642383208882
2025-03-09,XRP,2,0.01690230706580802,0.0,0.0,mark,2.351,0.0,0.9628010383676046
2025-03-09,XRP,2,-0.013365806923317174,0.0,0.0,mark,2.1387,0.0,0.9500180434052243
2025-03-10,XRP,2,6.3379585345845254e-06,0.0,0.0,mark,2.1388,0.0,0.9500240645992716
2025-03-10,XRP,2,-4.453678725177238e-05,4.4535795503850665e-05,0.0,funding,2.1388,0.0,0.9499817545218069
2025-03-10,XRP,2,0.007734333175865291,0.0,0.0,mark,2.2613,0.0,0.9573577172297276
2025-03-10,XRP,2,-0.017050410304073473,0.0,0.0,mark,1.9925,0.0,0.941172747630633
2025-03-10,XRP,2,0.001859954510369018,0.0,0.0,mark,2.0216,0.0,0.942924915098392
2025-03-11,XRP,2,0.0,0.0,0.0,mark,2.0216,0.0,0.942924915098392
2025-03-11,XRP,2,-4.241319336441346e-05,4.241229393768837e-05,0.0,funding,2.0216,0.0,0.9428849234897317
2025-03-11,XRP,2,-0.007795593754534057,0.0,0.0,mark,1.9,0.0,0.9355631515282365
2025-03-11,XRP,2,0.019994633175853805,0.0,0.0,mark,2.2138,0.0,0.9544576584486082
2025-03-11,XRP,2,-0.0026973631798902194,0.0,0.0,mark,2.1711,0.0,0.9518866085904186
2025-03-12,XRP,2,-6.325557095418744e-06,0.0,0.0,mark,2.171,0.0,0.9518805873963714
2025-03-12,XRP,2,-4.511913822423242e-05,4.511812037127681e-05,0.0,funding,2.171,0.0,0.9518376403334502
2025-03-12,XRP,2,0.006676749220976903,0.0,0.0,mark,2.2769,0.0,0.9582140848295221
2025-03-12,XRP,2,-0.009064447672861707,0.0,0.0,mark,2.1333,0.0,0.9495676501776248
2025-03-12,XRP,2,0.006717851476522795,0.0,0.0,mark,2.2396,0.0,0.9559681794498858
2025-03-13,XRP,2,-6.2985496161128726e-06,0.0,0.0,mark,2.2395,0.0,0.9559621582558385
2025-03-13,XRP,2,-4.634405961980006e-05,4.634298575050605e-05,0.0,funding,2.2395,0.0,0.9559178561151604
2025-03-13,XRP,2,0.0067484538383361355,0.0,0.0,mark,2.347,0.0,0.9623906397159888
2025-03-13,XRP,2,-0.008374881986729484,0.0,0.0,mark,2.2137,0.0,0.9543643880509616
2025-03-13,XRP,2,0.0024575323850973187,0.0,0.0,mark,2.2527,0.0,0.9567126537294016
2025-03-14,XRP,2,-6.293648329408359e-06,0.0,0.0,mark,2.2526,0.0,0.9567066325353544
2025-03-14,XRP,2,-4.657888137825363e-05,4.6577796599078684e-05,0.0,funding,2.2526,0.0,0.9566620712484192
2025-03-14,XRP,2,0.008567042955472053,0.0,0.0,mark,2.3893,0.0,0.964893043511054
2025-03-14,XRP,2,-0.009543083128221762,0.0,0.0,mark,2.2371,0.0,0.9557287861710904
2025-03-14,XRP,2,0.00748792358513941,0.0,0.0,mark,2.3564,0.0,0.962912070669498
2025-03-15,XRP,2,0.0,0.0,0.0,mark,2.3564,0.0,0.962912070669498
2025-03-15,XRP,2,-4.841127721043341e-05,4.841010540345592e-05,0.0,funding,2.3564,0.0,0.9628654559946627
2025-03-15,XRP,2,0.007395386208505367,0.0,0.0,mark,2.4751,0.0,0.9700126133287866
2025-03-15,XRP,2,-0.007639299006652345,0.0,0.0,mark,2.3525,0.0,0.9626306294268187
2025-03-15,XRP,2,0.002411495729979111,0.0,0.0,mark,2.3911,0.0,0.9649548103290696
2025-03-16,XRP,2,0.0,0.0,0.0,mark,2.3911,0.0,0.9649548103290696
2025-03-16,XRP,2,-4.902019715588924e-05,4.901899568574221e-05,0.0,funding,2.3911,0.0,0.9649075092133852
2025-03-16,XRP,2,0.0012347924582305054,0.0,0.0,mark,2.4109,0.0,0.9660997056347471
2025-03-16,XRP,2,-0.008964972391692038,0.0,0.0,mark,2.2677,0.0,0.9574773557590389
2025-03-16,XRP,2,0.001639979628945481,0.0,0.0,mark,2.2938,0.0,0.9590488874053796
2025-03-17,XRP,2,0.0,0.0,0.0,mark,2.2938,0.0,0.9590488874053796
2025-03-17,XRP,2,-4.7314986648930825e-05,4.7313867312636673e-05,0.0,funding,2.2938,0.0,0.9590035110935746
2025-03-17,XRP,2,-0.00014441809834280986,0.0,0.0,mark,2.2915,0.0,0.9588650236304871
2025-03-17,XRP,2,0.0054670330341948905,0.0,0.0,mark,2.3788,0.0,0.9641215260337644
2025-03-17,XRP,2,-0.002538797452766222,0.0,0.0,mark,2.3382,0.0,0.9616769212505678
2025-03-18,XRP,2,-6.261159817865764e-06,0.0,0.0,mark,2.3381,0.0,0.9616709000565206
2025-03-18,XRP,2,-4.8097299899444204e-05,4.80961432428976e-05,0.0,funding,2.3381,0.0,0.961624647395159
2025-03-18,XRP,2,0.00011270029937973507,0.0,0.0,mark,2.3399,0.0,0.96173302888801
2025-03-18,XRP,2,-0.007377295228942767,0.0,0.0,mark,2.2225,0.0,0.9546641470765007
2025-03-18,XRP,2,0.00394049151122144,0.0,0.0,mark,2.2851,0.0,0.9584334145500993
2025-03-19,XRP,2,0.0,0.0,0.0,mark,2.2851,0.0,0.9584334145500993
2025-03-19,XRP,2,-4.7165794104338296e-05,4.7164681815743984e-05,0.0,funding,2.2851,0.0,0.9583882103430605
2025-03-19,XRP,2,-0.0012447341758081408,0.0,0.0,mark,2.2653,0.0,0.9571960139216986
2025-03-19,XRP,2,0.0202192977751669,0.0,0.0,mark,2.59,0.0,0.976746830993224
2025-03-19,XRP,2,-0.0026604522261842022,0.0,0.0,mark,2.5469,0.0,0.9741516963588454
2025-03-20,XRP,2,0.0,0.0,0.0,mark,2.5469,0.0,0.9741516963588454
2025-03-20,XRP,2,-5.1721388869770635e-05,5.1720051341803035e-05,0.0,funding,2.5469,0.0,0.974101313183095
2025-03-20,XRP,2,0.0010440912547198973,0.0,0.0,mark,2.5638,0.0,0.9751188949770857
2025-03-20,XRP,2,-0.010852277513762961,0.0,0.0,mark,2.389,0.0,0.9645938477824363
2025-03-20,XRP,2,0.002935765710843348,0.0,0.0,mark,2.4361,0.0,0.9674298301787062
2025-03-21,XRP,2,-6.223927149194731e-06,0.0,0.0,mark,2.436,0.0,0.967423808984659
2025-03-21,XRP,2,-4.981326108753155e-05,4.981202042760171e-05,0.0,funding,2.436,0.0,0.9673756196501236
2025-03-21,XRP,2,0.001921448112947829,0.0,0.0,mark,2.4669,0.0,0.9692361686107338
2025-03-21,XRP,2,-0.00688827060206752,0.0,0.0,mark,2.3564,0.0,0.962582749188487
2025-03-21,XRP,2,0.0015313626840995176,0.0,0.0,mark,2.3809,0.0,0.9640579417300711
2025-03-22,XRP,2,0.0,0.0,0.0,mark,2.3809,0.0,0.9640579417300711
2025-03-22,XRP,2,-4.8856491096020906e-05,4.885529763717829e-05,0.0,funding,2.3809,0.0,0.9640108423923884
2025-03-22,XRP,2,0.0022522611360270106,0.0,0.0,mark,2.417,0.0,0.9661844934434574
2025-03-22,XRP,2,-0.0035960496737135026,0.0,0.0,mark,2.3594,0.0,0.9627162856722228
2025-03-22,XRP,2,0.0007314949209473741,0.0,0.0,mark,2.3711,0.0,0.9634207653757548
2025-03-23,XRP,2,6.249787681569846e-06,0.0,0.0,mark,2.3712,0.0,0.9634267865698021
2025-03-23,XRP,2,-4.868931751595548e-05,4.868813221032225e-05,0.0,funding,2.3712,0.0,0.9633798791190425
2025-03-23,XRP,2,0.004346839292195355,0.0,0.0,mark,2.4409,0.0,0.9675766513699983
2025-03-23,XRP,2,-0.004734418883743374,0.0,0.0,mark,2.365,0.0,0.963006565088111
2025-03-23,XRP,2,0.004634846512855403,0.0,0.0,mark,2.4393,0.0,0.9674803122652417
2025-03-24,XRP,2,-6.22360239039649e-06,0.0,0.0,mark,2.4392,0.0,0.9674742910711944
2025-03-24,XRP,2,-4.987609616065301e-05,4.9874852368816795e-05,0.0,funding,2.4392,0.0,0.9674260384337566
2025-03-24,XRP,2,0.004049792287937192,0.0,0.0,mark,2.5044,0.0,0.9713518569525846
2025-03-24,XRP,2,-0.005656857426726136,0.0,0.0,mark,2.4134,0.0,0.9658725703695579
2025-03-24,XRP,2,0.002285243730739484,0.0,0.0,mark,2.4501,0.0,0.9680823485849105
2025-03-25,XRP,2,0.0,0.0,0.0,mark,2.4501,0.0,0.9680823485849105
2025-03-25,XRP,2,-5.0067513753546575e-05,5.006626039646569e-05,0.0,funding,2.4501,0.0,0.968033880321961
2025-03-25,XRP,2,-0.0026781935157733578,0.0,0.0,mark,2.4071,0.0,0.9654447668816296
2025-03-25,XRP,2,0.004430703763192866,0.0,0.0,mark,2.4783,0.0,0.9697318570432946
2025-03-25,XRP,2,-0.001808492031103589,0.0,0.0,mark,2.4492,0.0,0.9679796895755354
2025-03-26,XRP,2,-6.2203916458442105e-06,0.0,0.0,mark,2.4491,0.0,0.9679736683814881
2025-03-26,XRP,2,-5.00526975823162e-05,5.0051444966936824e-05,0.0,funding,2.4491,0.0,0.9679252199006957
2025-03-26,XRP,2,0.0018831047164965,0.0,0.0,mark,2.4794,0.0,0.9697496416970222
2025-03-26,XRP,2,-0.009444918061939893,0.0,0.0,mark,2.328,0.0,0.9606335539094368
2025-03-26,XRP,2,0.0013404404949353772,0.0,0.0,mark,2.3494,0.0,0.9619220894355552
2025-03-27,XRP,2,0.0,0.0,0.0,mark,2.3494,0.0,0.9619220894355552
2025-03-27,XRP,2,-4.8317138211125384e-05,4.831597095706862e-05,0.0,funding,2.3494,0.0,0.9618756132358192
2025-03-27,XRP,2,0.002538273685411296,0.0,0.0,mark,2.39,0.0,0.9643202180190158
2025-03-27,XRP,2,-0.005503573413948759,0.0,0.0,mark,2.3021,0.0,0.9590275884514546
2025-03-27,XRP,2,0.0024393342958481034,0.0,0.0,mark,2.341,0.0,0.9613698329358474
2025-03-28,XRP,2,6.263120586199834e-06,0.0,0.0,mark,2.3411,0.0,0.9613758541298947
2025-03-28,XRP,2,-4.8173795041101856e-05,4.817263470244166e-05,0.0,funding,2.3411,0.0,0.9613295421220619
2025-03-28,XRP,2,0.00013778536650457793,0.0,0.0,mark,2.3433,0.0,0.9614620083911021
2025-03-28,XRP,2,-0.011957507338008143,0.0,0.0,mark,2.1535,0.0,0.9500337820893604
2025-03-28,XRP,2,0.003403975903258008,0.0,0.0,mark,2.2073,0.0,0.9532731844867982
2025-03-29,XRP,2,-6.316356277773332e-06,0.0,0.0,mark,2.2072,0.0,0.953267163292751
2025-03-29,XRP,2,-4.580476353917668e-05,4.580371451697622e-05,0.0,funding,2.2072,0.0,0.9532235001157451
2025-03-29,XRP,2,-0.009296998506403741,0.0,0.0,mark,2.0607,0.0,0.9444024508364767
2025-03-29,XRP,2,0.01052799030779744,0.0,0.0,mark,2.2267,0.0,0.9543976329549652
2025-03-29,XRP,2,-0.0057957101576156245,0.0,0.0,mark,2.1351,0.0,0.9488822192076546
2025-03-30,XRP,2,6.34554512823134e-06,0.0,0.0,mark,2.1352,0.0,0.9488882404017018
2025-03-30,XRP,2,-4.451504406974069e-05,4.451405328990664e-05,0.0,funding,2.1352,0.0,0.9488460015400024
2025-03-30,XRP,2,0.00500066371713792,0.0,0.0,mark,2.2142,0.0,0.9536027448373554
2025-03-30,XRP,2,-0.006747285227880757,0.0,0.0,mark,2.1077,0.0,0.9471901731769998
2025-03-30,XRP,2,0.0018544944192922035,0.0,0.0,mark,2.1369,0.0,0.9489483618388063
2025-03-31,XRP,2,1.2690165418039413e-05,0.0,0.0,mark,2.1371,0.0,0.9489604042269009
2025-03-31,XRP,2,-4.455126826270691e-05,4.4550275869743836e-05,0.0,funding,2.1371,0.0,0.9489181277791031
2025-03-31,XRP,2,-0.007215220591490028,0.0,0.0,mark,2.0238,0.0,0.9420961149235323
2025-03-31,XRP,2,0.007494375929953896,0.0,0.0,mark,2.1415,0.0,0.9491830603171835
2025-03-31,XRP,2,-0.0032786427703017035,0.0,0.0,mark,2.0899,0.0,0.9460761241887858
2025-04-01,XRP,2,0.0,0.0,0.0,mark,2.0899,0.0,0.9460761241887858
2025-04-01,XRP,2,-4.370011278823501e-05,4.3699157952228814e-05,0.0,funding,2.0899,0.0,0.9460347814588
2025-04-01,XRP,2,-0.0015860586019883582,0.0,0.0,mark,2.065,0.0,0.9445355041410267
2025-04-01,XRP,2,0.008562795493095554,0.0,0.0,mark,2.1999,0.0,0.9526580949108104
2025-04-01,XRP,2,-0.0038755941030181786,0.0,0.0,mark,2.1387,0.0,0.9489731241538737
2025-04-02,XRP,2,0.0,0.0,0.0,mark,2.1387,0.0,0.9489731241538737
2025-04-02,XRP,2,-4.458402594534146e-05,4.458303209245219e-05,0.0,funding,2.1387,0.0,0.9489308160546247
2025-04-02,XRP,2,0.005965731180518109,0.0,0.0,mark,2.233,0.0,0.9546088020412119
2025-04-02,XRP,2,-0.0158239051848479,0.0,0.0,mark,1.9841,0.0,0.9396220500575264
2025-04-02,XRP,2,0.002534394146266613,0.0,0.0,mark,2.0237,0.0,0.9420064429002502
2025-04-03,XRP,2,0.0,0.0,0.0,mark,2.0237,0.0,0.9420064429002502
2025-04-03,XRP,2,-4.24986497441183e-05,4.249774668933322e-05,0.0,funding,2.0237,0.0,0.9419664097490601
2025-04-03,XRP,2,0.0037196989264426912,0.0,0.0,mark,2.082,0.0,0.9454767658786256
2025-04-03,XRP,2,-0.0077998131742373945,0.0,0.0,mark,1.96,0.0,0.9381309091409413
2025-04-03,XRP,2,0.0067038444157435165,0.0,0.0,mark,2.0648,0.0,0.9444411205024931
2025-04-04,XRP,2,0.0,0.0,0.0,mark,2.0648,0.0,0.9444411205024931
2025-04-04,XRP,2,-4.3250002846022335e-05,4.3249067578154165e-05,0.0,funding,2.0648,0.0,0.9444002743046489
2025-04-04,XRP,2,0.0062160553849116285,0.0,0.0,mark,2.1626,0.0,0.9502890020828909
2025-04-04,XRP,2,-0.009332237536091354,0.0,0.0,mark,2.016,0.0,0.9414619316095751
2025-04-04,XRP,2,0.007277207857472113,0.0,0.0,mark,2.1302,0.0,0.9483381352115714
2025-04-05,XRP,2,6.349185705832977e-06,0.0,0.0,mark,2.1303,0.0,0.9483441564056186
2025-04-05,XRP,2,-4.4438366822296934e-05,4.443737945269198e-05,0.0,funding,2.1303,0.0,0.9483020144764887
2025-04-05,XRP,2,0.00292281978859561,0.0,0.0,mark,2.1764,0.0,0.9510777849322858
2025-04-05,XRP,2,-0.003964671751162491,0.0,0.0,mark,2.1139,0.0,0.9473145386527344
2025-04-05,XRP,2,0.0019240359544925392,0.0,0.0,mark,2.1442,0.0,0.9491389604490609
2025-04-06,XRP,2,6.343828669488672e-06,0.0,0.0,mark,2.1443,0.0,0.9491449816431081
2025-04-06,XRP,2,-4.469267399864769e-05,4.469167529599638e-05,0.0,funding,2.1443,0.0,0.9491025627637797
2025-04-06,XRP,2,-0.01803938721621127,0.0,0.0,mark,1.8625,0.0,0.9321348379385384
2025-04-06,XRP,2,0.01898421044938643,0.0,0.0,mark,2.1592,0.0,0.9499997206768247
2025-04-06,XRP,2,-0.01516100080301853,0.0,0.0,mark,1.9218,0.0,0.9357054060085767
2025-04-07,XRP,2,0.0,0.0,0.0,mark,1.9218,0.0,0.9357054060085767
2025-04-07,XRP,2,-4.0630439324494985e-05,4.0629613919278797e-05,0.0,funding,1.9218,0.0,0.9356673886591883
2025-04-07,XRP,2,0.005717375690007105,0.0,0.0,mark,2.0109,0.0,0.9410322725553167
2025-04-07,XRP,2,-0.025763069655241062,0.0,0.0,mark,1.6134,0.0,0.9170980262173698
2025-04-07,XRP,2,0.018558059929583356,0.0,0.0,mark,1.8987,0.0,0.9342764928342661
2025-04-08,XRP,2,-6.444787486447673e-06,0.0,0.0,mark,1.8986,0.0,0.9342704716402188
2025-04-08,XRP,2,-4.020158984366729e-05,4.0200781770592775e-05,0.0,funding,1.8986,0.0,0.9342329132368737
2025-04-08,XRP,2,0.0049119480630037335,0.0,0.0,mark,1.975,0.0,0.9388331054889973
2025-04-08,XRP,2,-0.012780022235840415,0.0,0.0,mark,1.777,0.0,0.9269111412753785
2025-04-08,XRP,2,0.0012529384290942333,0.0,0.0,mark,1.7963,0.0,0.928073231726504
2025-04-09,XRP,2,1.2975603168420878e-05,0.0,0.0,mark,1.7965,0.0,0.9280852741145986
2025-04-09,XRP,2,-3.82931682585839e-05,3.829243508451353e-05,0.0,funding,1.7965,0.0,0.9280497354694867
2025-04-09,XRP,2,0.018844167398421978,0.0,0.0,mark,2.0897,0.0,0.9457038764161182
2025-04-09,XRP,2,-0.023702491895001947,0.0,0.0,mark,1.7218,0.0,0.9235519035161668
2025-04-09,XRP,2,0.021356726636535008,0.0,0.0,mark,2.0529,0.0,0.9434880770067183
2025-04-10,XRP,2,0.0,0.0,0.0,mark,2.0529,0.0,0.9434880770067183
2025-04-10,XRP,2,-4.3044173212601214e-05,4.304324682547515e-05,0.0,funding,2.0529,0.0,0.9434474662165429
2025-04-10,XRP,2,0.00027439346983971537,0.0,0.0,mark,2.0572,0.0,0.943706377560576
2025-04-10,XRP,2,-0.008644371693057243,0.0,0.0,mark,1.9223,0.0,0.9355837867907922
2025-04-10,XRP,2,0.0027956447620052192,0.0,0.0,mark,1.9658,0.0,0.93820300620136
2025-04-11,XRP,2,-6.417815045227724e-06,0.0,0.0,mark,1.9657,0.0,0.9381969850073127
2025-04-11,XRP,2,-4.144821672037612e-05,4.1447357754841246e-05,0.0,funding,1.9657,0.0,0.9381580992212306
2025-04-11,XRP,2,0.00633381958469135,0.0,0.0,mark,2.0647,0.0,0.94411908132804
2025-04-11,XRP,2,-0.00750259683963124,0.0,0.0,mark,1.9475,0.0,0.9370622419046252
2025-04-11,XRP,2,0.004807630330123201,0.0,0.0,mark,2.0225,0.0,0.9415781374400869
2025-04-12,XRP,2,0.0,0.0,0.0,mark,2.0225,0.0,0.9415781374400869
2025-04-12,XRP,2,-4.249276939649201e-05,4.2491866591581145e-05,0.0,funding,2.0225,0.0,0.9415381280274853
2025-04-12,XRP,2,-0.0012286061976588198,0.0,0.0,mark,2.0033,0.0,0.940382058770407
2025-04-12,XRP,2,0.011642904007478645,0.0,0.0,mark,2.1862,0.0,0.9513948226828862
2025-04-12,XRP,2,-0.0016722023532220215,0.0,0.0,mark,2.1598,0.0,0.9498052274544038
2025-04-13,XRP,2,-6.339418818370689e-06,0.0,0.0,mark,2.1597,0.0,0.9497992062603565
2025-04-13,XRP,2,-4.4982650207545354e-05,4.498163850332123e-05,0.0,funding,2.1597,0.0,0.9497564827358098
2025-04-13,XRP,2,0.005550843270110476,0.0,0.0,mark,2.2475,0.0,0.9550430911093236
2025-04-13,XRP,2,-0.010610039820815608,0.0,0.0,mark,2.0801,0.0,0.9449636122741731
2025-04-13,XRP,2,0.002513730240861053,0.0,0.0,mark,2.1196,0.0,0.9473419839228496
2025-04-14,XRP,2,0.0,0.0,0.0,mark,2.1196,0.0,0.9473419839228496
2025-04-14,XRP,2,-4.4261933626319574e-05,4.426095408127552e-05,0.0,funding,2.1196,0.0,0.9473000536627999
2025-04-14,XRP,2,0.0038570992422058458,0.0,0.0,mark,2.1804,0.0,0.9509609396435476
2025-04-14,XRP,2,-0.004861877699831882,0.0,0.0,mark,2.1038,0.0,0.9463487050033293
2025-04-14,XRP,2,0.0015067893474591928,0.0,0.0,mark,2.1275,0.0,0.9477757279925352
2025-04-15,XRP,2,6.352953281248385e-06,0.0,0.0,mark,2.1276,0.0,0.9477817491865824
2025-04-15,XRP,2,-4.4408379767184665e-05,4.440739372969462e-05,0.0,funding,2.1276,0.0,0.9477396606692765
2025-04-15,XRP,2,0.0036591025000112538,0.0,0.0,mark,2.1853,0.0,0.9512138896345583
2025-04-15,XRP,2,-0.0064520606655235745,0.0,0.0,mark,2.0837,0.0,0.9450963564825196
2025-04-15,XRP,2,3.185441413292273e-05,0.0,0.0,mark,2.0842,0.0,0.945126462452756
2025-04-16,XRP,2,6.370761064004117e-06,0.0,0.0,mark,2.0843,0.0,0.9451324836468032
2025-04-16,XRP,2,-4.36265285869612e-05,4.36255769638483e-05,0.0,funding,2.0843,0.0,0.9450912516968969
2025-04-16,XRP,2,-0.0031139002896775968,0.0,0.0,mark,2.0355,0.0,0.9421529090018231
2025-04-16,XRP,2,0.006021225471629615,0.0,0.0,mark,2.13,0.0,0.9478429373765048
2025-04-16,XRP,2,-0.002964665994295473,0.0,0.0,mark,2.0834,0.0,0.9450370609504714
2025-04-17,XRP,2,0.0,0.0,0.0,mark,2.0834,0.0,0.9450370609504714
2025-04-17,XRP,2,-4.361209352756502e-05,4.361114253401322e-05,0.0,funding,2.0834,0.0,0.9449958468045063
2025-04-17,XRP,2,0.001985985142958328,0.0,0.0,mark,2.1146,0.0,0.9468744593472583
2025-04-17,XRP,2,-0.003963153646821264,0.0,0.0,mark,2.0524,0.0,0.9431292766498488
2025-04-17,XRP,2,0.0009508044040060866,0.0,0.0,mark,2.0673,0.0,0.9440264345628938
2025-04-18,XRP,2,0.0,0.0,0.0,mark,2.0673,0.0,0.9440264345628938
2025-04-18,XRP,2,-4.332139183204972e-05,4.332045347408209e-05,0.0,funding,2.0673,0.0,0.943985538909657
2025-04-18,XRP,2,0.0014213906612028243,0.0,0.0,mark,2.0896,0.0,0.9453282651822009
2025-04-18,XRP,2,-0.0029470108435589145,0.0,0.0,mark,2.0434,0.0,0.9425464735323565
2025-04-18,XRP,2,0.0011811228632073202,0.0,0.0,mark,2.0619,0.0,0.9436603944311037
2025-04-19,XRP,2,0.0,0.0,0.0,mark,2.0619,0.0,0.9436603944311037
2025-04-19,XRP,2,-4.322499003264645e-05,4.322405584626746e-05,0.0,funding,2.0619,0.0,0.9436196056015149
2025-04-19,XRP,2,0.0022690436793539725,0.0,0.0,mark,2.0975,0.0,0.9457631506823474
2025-04-19,XRP,2,-0.0024796373608909354,0.0,0.0,mark,2.0586,0.0,0.9434209061979546
2025-04-19,XRP,2,0.0018555263748203624,0.0,0.0,mark,2.0877,0.0,0.9451730736657137
2025-04-20,XRP,2,0.0,0.0,0.0,mark,2.0877,0.0,0.9451730736657137
2025-04-20,XRP,2,-4.369581899746949e-05,4.369486434913988e-05,0.0,funding,2.0877,0.0,0.9451317744564735
2025-04-20,XRP,2,0.0004331168888094726,0.0,0.0,mark,2.0945,0.0,0.9455412156516887
2025-04-20,XRP,2,-0.0035532740950661315,0.0,0.0,mark,2.0388,0.0,0.9421874105673524
2025-04-20,XRP,2,0.002546625668887567,0.0,0.0,mark,2.0787,0.0,0.944589866992218
2025-04-21,XRP,2,-6.3744207390808555e-06,0.0,0.0,mark,2.0786,0.0,0.9445838457981708
2025-04-21,XRP,2,-4.3532489795520795e-05,4.353154227037009e-05,0.0,funding,2.0786,0.0,0.9445427266065595
2025-04-21,XRP,2,0.003963584272659742,0.0,0.0,mark,2.1409,0.0,0.9482939304980164
2025-04-21,XRP,2,-0.0051882798692213915,0.0,0.0,mark,2.0594,0.0,0.9433866573494814
2025-04-21,XRP,2,0.0016644544688940164,0.0,0.0,mark,2.0855,0.0,0.9449581889958221
2025-04-22,XRP,2,0.0,0.0,0.0,mark,2.0855,0.0,0.9449581889958221
2025-04-22,XRP,2,-4.365969794984704e-05,4.365874487912411e-05,0.0,funding,2.0855,0.0,0.9449169333073273
2025-04-22,XRP,2,-0.001383723009160514,0.0,0.0,mark,2.0638,0.0,0.943610334199067
2025-04-22,XRP,2,0.011836648298966515,0.0,0.0,mark,2.2504,0.0,0.9548458822912956
2025-04-22,XRP,2,-0.00230431840582872,0.0,0.0,mark,2.2139,0.0,0.9526481464640376
2025-04-23,XRP,2,-6.320500489175367e-06,0.0,0.0,mark,2.2138,0.0,0.9526421252699904
2025-04-23,XRP,2,-4.597187624666153e-05,4.597081955606667e-05,0.0,funding,2.2138,0.0,0.952598331530748
2025-04-23,XRP,2,0.005496613129823083,0.0,0.0,mark,2.301,0.0,0.9578488127399781
2025-04-23,XRP,2,-0.006989438243585082,0.0,0.0,mark,2.1902,0.0,0.9511773297355894
2025-04-23,XRP,2,0.001783540159726334,0.0,0.0,mark,2.2184,0.0,0.952875306456923
2025-04-24,XRP,2,-6.318993713496666e-06,0.0,0.0,mark,2.2183,0.0,0.9528692852628757
2025-04-24,XRP,2,-4.6054343582370586e-05,4.605328309731609e-05,0.0,funding,2.2183,0.0,0.9528254025039268
2025-04-24,XRP,2,0.0010800176751229488,0.0,0.0,mark,2.2354,0.0,0.9538550266860121
2025-04-24,XRP,2,-0.007527490915536235,0.0,0.0,mark,2.1166,0.0,0.9467018481578408
2025-04-24,XRP,2,0.005600327683705087,0.0,0.0,mark,2.2049,0.0,0.952018562501591
2025-04-25,XRP,2,0.0,0.0,0.0,mark,2.2049,0.0,0.952018562501591
2025-04-25,XRP,2,-4.5817044947459944e-05,4.581599536260868e-05,0.0,funding,2.2049,0.0,0.9519749448235463
2025-04-25,XRP,2,0.0009103782980515974,0.0,0.0,mark,2.2193,0.0,0.952841996766355
2025-04-25,XRP,2,-0.0035386835706124535,0.0,0.0,mark,2.1634,0.0,0.9494761492939242
2025-04-25,XRP,2,0.0011281674483794113,0.0,0.0,mark,2.1812,0.0,0.9505479218343404
2025-04-26,XRP,2,0.0,0.0,0.0,mark,2.1812,0.0,0.9505479218343404
2025-04-26,XRP,2,-4.5394681639031426e-05,4.539365131608779e-05,0.0,funding,2.1812,0.0,0.9505047729934175
2025-04-26,XRP,2,0.004241597603017708,0.0,0.0,mark,2.2483,0.0,0.9545449941991438
2025-04-26,XRP,2,-0.004342958469458487,0.0,0.0,mark,2.1796,0.0,0.9504084338886609
2025-04-26,XRP,2,0.0007346336169281162,0.0,0.0,mark,2.1912,0.0,0.9511068923981456
2025-04-27,XRP,2,0.0,0.0,0.0,mark,2.1912,0.0,0.9511068923981456
2025-04-27,XRP,2,-4.557600268806629e-05,4.557496411788842e-05,0.0,funding,2.1912,0.0,0.9510635457356523
2025-04-27,XRP,2,0.006537511525786023,0.0,0.0,mark,2.2948,0.0,0.9573015027686367
2025-04-27,XRP,2,-0.008635275031471084,0.0,0.0,mark,2.1581,0.0,0.9490705305060019
2025-04-27,XRP,2,0.005939628946046748,0.0,0.0,mark,2.252,0.0,0.9547244317163999
2025-04-28,XRP,2,6.306715173709089e-06,0.0,0.0,mark,2.2521,0.0,0.9547304529104471
2025-04-28,XRP,2,-4.666493587059267e-05,4.6663847079446866e-05,0.0,funding,2.2521,0.0,0.9546859015145904
2025-04-28,XRP,2,-0.0021277174797558105,0.0,0.0,mark,2.2184,0.0,0.9526567591206563
2025-04-28,XRP,2,0.00909782123156824,0.0,0.0,mark,2.363,0.0,0.9613634057130264
2025-04-28,XRP,2,-0.004274349019222209,0.0,0.0,mark,2.2949,0.0,0.9572629725668271
2025-04-29,XRP,2,6.289990612061955e-06,0.0,0.0,mark,2.295,0.0,0.9572689937608744
2025-04-29,XRP,2,-4.742776305222247e-05,4.7426638373719144e-05,0.0,funding,2.295,0.0,0.9572235937104809
2025-04-29,XRP,2,0.0012384158702219168,0.0,0.0,mark,2.3147,0.0,0.9584097689377955
2025-04-29,XRP,2,-0.005859845536471222,0.0,0.0,mark,2.2217,0.0,0.952810058473823
2025-04-29,XRP,2,0.0010295331033270156,0.0,0.0,mark,2.238,0.0,0.95379151310353
2025-04-30,XRP,2,-6.312923705298787e-06,0.0,0.0,mark,2.2379,0.0,0.9537854919094828
2025-04-30,XRP,2,-4.641663880821095e-05,4.6415561572643444e-05,0.0,funding,2.2379,0.0,0.953741221420256
2025-04-30,XRP,2,0.0013185967319258327,0.0,0.0,mark,2.2588,0.0,0.9549996509761379
2025-04-30,XRP,2,-0.008567146855214036,0.0,0.0,mark,2.1235,0.0,0.9468529754301651
2025-04-30,XRP,2,0.004270585917308251,0.0,0.0,mark,2.1908,0.0,0.950905239023986
2025-05-01,XRP,2,-6.332085326168093e-06,0.0,0.0,mark,2.1907,0.0,0.9508992178299388
2025-05-01,XRP,2,-4.557555433670485e-05,4.557451578696662e-05,0.0,funding,2.1907,0.0,0.950855881058524
2025-05-01,XRP,2,0.0041706706693601815,0.0,0.0,mark,2.2567,0.0,0.9548298691297303
2025-05-01,XRP,2,-0.004417664534652562,0.0,0.0,mark,2.1868,0.0,0.95062105449068
2025-05-01,XRP,2,0.0016138563804163342,0.0,0.0,mark,2.2123,0.0,0.952156458972737
2025-05-02,XRP,2,-6.323764365440168e-06,0.0,0.0,mark,2.2122,0.0,0.9521504377786898
2025-05-02,XRP,2,-4.59623729265732e-05,4.5961316672955825e-05,0.0,funding,2.2122,0.0,0.9521066756908988
2025-05-02,XRP,2,0.0018259895476508484,0.0,0.0,mark,2.2411,0.0,0.9538468007705634
2025-05-02,XRP,2,-0.003104269353988411,0.0,0.0,mark,2.192,0.0,0.9508903944933478
2025-05-02,XRP,2,0.0010948648111589274,0.0,0.0,mark,2.2093,0.0,0.9519320610635276
2025-05-03,XRP,2,0.0,0.0,0.0,mark,2.2093,0.0,0.9519320610635276
2025-05-03,XRP,2,-4.591264926431851e-05,4.5911595294744544e-05,0.0,funding,2.2093,0.0,0.9518883563439919
2025-05-03,XRP,2,0.0006766022788564388,0.0,0.0,mark,2.22,0.0,0.9525326241070512
2025-05-03,XRP,2,-0.0027852238426711233,0.0,0.0,mark,2.176,0.0,0.949883298726247
2025-05-03,XRP,2,0.0007097024025748257,0.0,0.0,mark,2.1872,0.0,0.9505576724595426
2025-05-04,XRP,2,0.0,0.0,0.0,mark,2.1872,0.0,0.9505576724595426
2025-05-04,XRP,2,-4.551908829487582e-05,4.551805231683785e-05,0.0,funding,2.1872,0.0,0.9505144049256774
2025-05-04,XRP,2,0.0019997545322555463,0.0,0.0,mark,2.2188,0.0,0.9524171022446186
2025-05-04,XRP,2,-0.00429553797213033,0.0,0.0,mark,2.151,0.0,0.9483347326805612
2025-05-04,XRP,2,0.00031741105189998764,0.0,0.0,mark,2.156,0.0,0.9486357923829254
2025-05-05,XRP,2,6.347193503420308e-06,0.0,0.0,mark,2.1561,0.0,0.9486418135769726
2025-05-05,XRP,2,-4.4962457962977295e-05,4.496144716686674e-05,0.0,funding,2.1561,0.0,0.9485991612681912
2025-05-05,XRP,2,-0.0031405710576033535,0.0,0.0,mark,2.1067,0.0,0.9456246914088338
2025-05-05,XRP,2,0.005923230259518215,0.0,0.0,mark,2.2,0.0,0.9512424654549481
2025-05-05,XRP,2,-0.004402572534808429,0.0,0.0,mark,2.1306,0.0,0.9470637567861342
2025-05-06,XRP,2,0.0,0.0,0.0,mark,2.1306,0.0,0.9470637567861342
2025-05-06,XRP,2,-4.4504714039985396e-05,4.450372371980404e-05,0.0,funding,2.1306,0.0,0.9470216089223571
2025-05-06,XRP,2,0.0018357852703580495,0.0,0.0,mark,2.1595,0.0,0.9487617340020217
2025-05-06,XRP,2,-0.005204853337258802,0.0,0.0,mark,2.0777,0.0,0.9438363972713448
2025-05-06,XRP,2,0.00491922585021473,0.0,0.0,mark,2.155,0.0,0.948490780269894
2025-05-07,XRP,2,0.0,0.0,0.0,mark,2.155,0.0,0.948490780269894
2025-05-07,XRP,2,-4.49466746049378e-05,4.494566451827136e-05,0.0,funding,2.155,0.0,0.9484481497214853
2025-05-07,XRP,2,0.001053291013087579,0.0,0.0,mark,2.1716,0.0,0.9494476679333341
2025-05-07,XRP,2,-0.0043026322678551025,0.0,0.0,mark,2.1039,0.0,0.945371319563324
2025-05-07,XRP,2,0.0014383886931984816,0.0,0.0,mark,2.1265,0.0,0.9467321094180098
2025-05-08,XRP,2,-6.359996808784017e-06,0.0,0.0,mark,2.1264,0.0,0.9467260882239625
2025-05-08,XRP,2,-4.443282357603703e-05,4.443183645273661e-05,0.0,funding,2.1264,0.0,0.946684023445245
2025-05-08,XRP,2,0.012847604111320118,0.0,0.0,mark,2.3297,0.0,0.9589251109433699
2025-05-08,XRP,2,-0.013407467173141226,0.0,0.0,mark,2.1176,0.0,0.9461541583690842
2025-05-08,XRP,2,0.01325047715836858,0.0,0.0,mark,2.3272,0.0,0.9587745810921878
2025-05-09,XRP,2,0.0,0.0,0.0,mark,2.3272,0.0,0.9587745810921878
2025-05-09,XRP,2,-4.8017690563305084e-05,4.801653773249694e-05,0.0,funding,2.3272,0.0,0.9587285440563379
2025-05-09,XRP,2,-0.002685330982433073,0.0,0.0,mark,2.2845,0.0,0.9561574941981483
2025-05-09,XRP,2,0.009064662314150249,0.0,0.0,mark,2.4291,0.0,0.9648641407905184
2025-05-09,XRP,2,-0.005331054984236247,0.0,0.0,mark,2.3439,0.0,0.959734083462234
2025-05-10,XRP,2,-6.273834637118166e-06,0.0,0.0,mark,2.3438,0.0,0.9597280622681867
2025-05-10,XRP,2,-4.8312164138575643e-05,4.831099712470761e-05,0.0,funding,2.3438,0.0,0.95968169684853
2025-05-10,XRP,2,0.008322449835698851,0.0,0.0,mark,2.477,0.0,0.96770192731951
2025-05-10,XRP,2,-0.008818231151799418,0.0,0.0,mark,2.3359,0.0,0.9592060225187947
2025-05-10,XRP,2,0.00845105644413421,0.0,0.0,mark,2.4711,0.0,0.9673466768707203
2025-05-11,XRP,2,0.0,0.0,0.0,mark,2.4711,0.0,0.9673466768707203
2025-05-11,XRP,2,-5.0535061107389544e-05,5.0533784232687476e-05,0.0,funding,2.4711,0.0,0.9672977931824731
2025-05-11,XRP,2,0.0008275502133315718,0.0,0.0,mark,2.4844,0.0,0.9680986119907616
2025-05-11,XRP,2,-0.009756246143281607,0.0,0.0,mark,2.3283,0.0,0.9586995280829541
2025-05-11,XRP,2,0.00242763736675343,0.0,0.0,mark,2.367,0.0,0.9610297301792523
2025-05-12,XRP,2,6.265337060641499e-06,0.0,0.0,mark,2.3671,0.0,0.9610357513732996
2025-05-12,XRP,2,-4.872605903532037e-05,4.872487194021909e-05,0.0,funding,2.3671,0.0,0.9609889250293839
2025-05-12,XRP,2,0.017871805835024377,0.0,0.0,mark,2.6549,0.0,0.9783179214974622
2025-05-12,XRP,2,-0.01884972098333835,0.0,0.0,mark,2.3515,0.0,0.9600496187580079
2025-05-12,XRP,2,0.011994628676745073,0.0,0.0,mark,2.5439,0.0,0.9716343961049789
2025-05-13,XRP,2,6.196955783769829e-06,0.0,0.0,mark,2.544,0.0,0.9716404172990262
2025-05-13,XRP,2,-5.179602448460316e-05,5.1794683093649935e-05,0.0,funding,2.544,0.0,0.9715900914915312
2025-05-13,XRP,2,0.0037917212198387445,0.0,0.0,mark,2.6053,0.0,0.9752810834425152
2025-05-13,XRP,2,-0.011412324921760636,0.0,0.0,mark,2.4215,0.0,0.9642141287836105
2025-05-13,XRP,2,0.01002843574019734,0.0,0.0,mark,2.5829,0.0,0.973932335975924
2025-05-14,XRP,2,-6.1823726735824255e-06,0.0,0.0,mark,2.5828,0.0,0.9739263147818767
2025-05-14,XRP,2,-5.2462588461801626e-05,5.246121232421419e-05,0.0,funding,2.5828,0.0,0.9738752214266888
2025-05-14,XRP,2,0.004244687257653023,0.0,0.0,mark,2.6516,0.0,0.978017802931219
2025-05-14,XRP,2,-0.008172232005051685,0.0,0.0,mark,2.5194,0.0,0.9700577844007119
2025-05-14,XRP,2,0.0019161404847957424,0.0,0.0,mark,2.5503,0.0,0.971918333361322
2025-05-15,XRP,2,6.1951454042608465e-06,0.0,0.0,mark,2.5504,0.0,0.9719243545553693
2025-05-15,XRP,2,-5.191116221809879e-05,5.190981485702595e-05,0.0,funding,2.5504,0.0,0.9718739021420693
2025-05-15,XRP,2,0.001331134927726115,0.0,0.0,mark,2.5719,0.0,0.9731684588622349
2025-05-15,XRP,2,-0.013667709743720727,0.0,0.0,mark,2.3525,0.0,0.9599579591224977
2025-05-15,XRP,2,0.002073996232957331,0.0,0.0,mark,2.3856,0.0,0.9619509743521482
2025-05-16,XRP,2,0.0,0.0,0.0,mark,2.3856,0.0,0.9619509743521482
2025-05-16,XRP,2,-4.9060162856305374e-05,4.905895942623452e-05,0.0,funding,2.3856,0.0,0.9619037820383274
2025-05-16,XRP,2,0.0033932337751592695,0.0,0.0,mark,2.4399,0.0,0.9651732904060016
2025-05-16,XRP,2,-0.005806112896557856,0.0,0.0,mark,2.3471,0.0,0.9595856223301237
2025-05-16,XRP,2,0.0020497527128275793,0.0,0.0,mark,2.3798,0.0,0.9615545527835849
2025-05-17,XRP,2,-6.26195662225922e-06,0.0,0.0,mark,2.3797,0.0,0.9615485315895377
2025-05-17,XRP,2,-4.895930881430279e-05,4.895811032693931e-05,0.0,funding,2.3797,0.0,0.9615014559904435
2025-05-17,XRP,2,-0.005104240430741017,0.0,0.0,mark,2.2984,0.0,0.9566062252300029
2025-05-17,XRP,2,0.005698980405560526,0.0,0.0,mark,2.3892,0.0,0.9620734694249352
2025-05-17,XRP,2,-0.002261896137265966,0.0,0.0,mark,2.3531,0.0,0.9598998183738663
2025-05-18,XRP,2,0.0,0.0,0.0,mark,2.3531,0.0,0.9598998183738663
2025-05-18,XRP,2,-4.8495188295763905e-05,4.8494012423104016e-05,0.0,funding,2.3531,0.0,0.9598532689801491
2025-05-18,XRP,2,0.006041466247495808,0.0,0.0,mark,2.4497,0.0,0.9656697424298237
2025-05-18,XRP,2,-0.0073659535757013015,0.0,0.0,mark,2.332,0.0,0.9585827970361726
2025-05-18,XRP,2,0.006011987726193047,0.0,0.0,mark,2.428,0.0,0.9643631433215635
2025-05-19,XRP,2,0.0,0.0,0.0,mark,2.428,0.0,0.9643631433215635
2025-05-19,XRP,2,-4.980724716560619e-05,4.980600680526294e-05,0.0,funding,2.428,0.0,0.9643151122442845
2025-05-19,XRP,2,0.0008113921460265504,0.0,0.0,mark,2.441,0.0,0.9650978674704311
2025-05-19,XRP,2,-0.009925346138483903,0.0,0.0,mark,2.2827,0.0,0.9555663172935833
2025-05-19,XRP,2,0.006131116565684184,0.0,0.0,mark,2.3803,0.0,0.9614430026837307
2025-05-20,XRP,2,0.0,0.0,0.0,mark,2.3803,0.0,0.9614430026837307
2025-05-20,XRP,2,-4.897702866271718e-05,4.89758293076653e-05,0.0,funding,2.3803,0.0,0.9613959152153423
2025-05-20,XRP,2,0.0017958589508220834,0.0,0.0,mark,2.409,0.0,0.9631239979069123
2025-05-20,XRP,2,-0.005950564125386687,0.0,0.0,mark,2.3141,0.0,0.9574098847560414
2025-05-20,XRP,2,0.0026630062173051967,0.0,0.0,mark,2.3565,0.0,0.9599628710320891
2025-05-21,XRP,2,0.0,0.0,0.0,mark,2.3565,0.0,0.9599628710320891
2025-05-21,XRP,2,-4.8562070854602676e-05,4.8560891736317515e-05,0.0,funding,2.3565,0.0,0.959916254379038
2025-05-21,XRP,2,0.0045248547736605905,0.0,0.0,mark,2.4288,0.0,0.9642695776752231
2025-05-21,XRP,2,-0.006138219999253004,0.0,0.0,mark,2.3308,0.0,0.9583688075088865
2025-05-21,XRP,2,0.00403792920724634,0.0,0.0,mark,2.3952,0.0,0.9622464564753362
2025-05-22,XRP,2,6.2574147903347644e-06,0.0,0.0,mark,2.3953,0.0,0.9622524776693835
2025-05-22,XRP,2,-4.924421454053355e-05,4.924300206403939e-05,0.0,funding,2.3953,0.0,0.9622050934686395
2025-05-22,XRP,2,0.003760059531110048,0.0,0.0,mark,2.4555,0.0,0.9658298522851033
2025-05-22,XRP,2,-0.004210715703335955,0.0,0.0,mark,2.3881,0.0,0.9617715674972351
2025-05-22,XRP,2,0.002688408339401531,0.0,0.0,mark,2.4311,0.0,0.9643606809375664
2025-05-23,XRP,2,0.0,0.0,0.0,mark,2.4311,0.0,0.9643606809375664
2025-05-23,XRP,2,-4.987096854294754e-05,4.986972500690132e-05,0.0,funding,2.4311,0.0,0.9643125885356006
2025-05-23,XRP,2,-0.009240009800560433,0.0,0.0,mark,2.2838,0.0,0.9554433697039539
2025-05-23,XRP,2,0.012282462126432683,0.0,0.0,mark,2.4799,0.0,0.9672509312306744
2025-05-23,XRP,2,-0.011476132646321887,0.0,0.0,mark,2.2966,0.0,0.956214082542006
2025-05-24,XRP,2,-6.2969298556892385e-06,0.0,0.0,mark,2.2965,0.0,0.9562080613479588
2025-05-24,XRP,2,-4.7511420044690267e-05,4.75102913951388e-05,0.0,funding,2.2965,0.0,0.9561626316243298
2025-05-24,XRP,2,0.0039907792664028875,0.0,0.0,mark,2.36,0.0,0.959986089844354
2025-05-24,XRP,2,-0.004658510529060008,0.0,0.0,mark,2.2859,0.0,0.9555243850553178
2025-05-24,XRP,2,0.0027939393958366066,0.0,0.0,mark,2.3303,0.0,0.9581977952123111
2025-05-25,XRP,2,6.283854084497827e-06,0.0,0.0,mark,2.3304,0.0,0.9582038164063583
2025-05-25,XRP,2,-4.811236082568243e-05,4.811120344456133e-05,0.0,funding,2.3304,0.0,0.9581577160676058
2025-05-25,XRP,2,0.0009170633239118632,0.0,0.0,mark,2.345,0.0,0.959036810398509
2025-05-25,XRP,2,-0.00497225854588832,0.0,0.0,mark,2.266,0.0,0.954280067101156
2025-05-25,XRP,2,0.004765050659644305,0.0,0.0,mark,2.3417,0.0,0.9588381109949486
2025-05-26,XRP,2,-6.27969714997583e-06,0.0,0.0,mark,2.3416,0.0,0.9588320898009014
2025-05-26,XRP,2,-4.831191859656153e-05,4.8310751594560165e-05,0.0,funding,2.3416,0.0,0.9587857679019901
2025-05-26,XRP,2,0.00111094625661577,0.0,0.0,mark,2.3593,0.0,0.9598515192483591
2025-05-26,XRP,2,-0.003991339889289443,0.0,0.0,mark,2.2958,0.0,0.9560280610283348
2025-05-26,XRP,2,0.0009128128732332984,0.0,0.0,mark,2.3103,0.0,0.9569011341651907
2025-05-27,XRP,2,0.0,0.0,0.0,mark,2.3103,0.0,0.9569011341651907
2025-05-27,XRP,2,-4.776231023942984e-05,4.776116963845549e-05,0.0,funding,2.3103,0.0,0.9568554314477946
2025-05-27,XRP,2,0.0027649573236287178,0.0,0.0,mark,2.3543,0.0,0.9595047568285988
2025-05-27,XRP,2,-0.005487100824898773,0.0,0.0,mark,2.2671,0.0,0.9542542756193687
2025-05-27,XRP,2,0.0031310846855442894,0.0,0.0,mark,2.3168,0.0,0.957246809060868
2025-05-28,XRP,2,-6.29013638633541e-06,0.0,0.0,mark,2.3167,0.0,0.9572407878668208
2025-05-28,XRP,2,-4.787763004922258e-05,4.787648393383037e-05,0.0,funding,2.3167,0.0,0.9571949585436197
2025-05-28,XRP,2,-0.005690150761195204,0.0,0.0,mark,2.2265,0.0,0.9517638415129711
2025-05-28,XRP,2,0.006098946919385106,0.0,0.0,mark,2.3232,0.0,0.957586336156693
2025-05-28,XRP,2,-0.0030858205597455806,0.0,0.0,mark,2.2742,0.0,0.9546359510735247
2025-05-29,XRP,2,0.0,0.0,0.0,mark,2.2742,0.0,0.9546359510735247
2025-05-29,XRP,2,-4.712753755545167e-05,4.712642707051668e-05,0.0,funding,2.2742,0.0,0.9545909624919976
2025-05-29,XRP,2,0.0024129038612248563,0.0,0.0,mark,2.3125,0.0,0.9568970798121067
2025-05-29,XRP,2,-0.004698871999090884,0.0,0.0,mark,2.238,0.0,0.9524112902468814
2025-05-29,XRP,2,0.0003918904473625324,0.0,0.0,mark,2.2442,0.0,0.952784604277813
2025-05-30,XRP,2,-6.319595264221414e-06,0.0,0.0,mark,2.2441,0.0,0.9527785830837657
2025-05-30,XRP,2,-4.659442774326456e-05,4.659334223985983e-05,0.0,funding,2.2441,0.0,0.9527341899451653
2025-05-30,XRP,2,0.0005180983591539945,0.0,0.0,mark,2.2523,0.0,0.9532279278570425
2025-05-30,XRP,2,-0.00777433799948241,0.0,0.0,mark,2.1297,0.0,0.9458459439550745
2025-05-30,XRP,2,0.0006427528516092847,0.0,0.0,mark,2.1398,0.0,0.9464540845538499
2025-05-31,XRP,2,-6.36186509054013e-06,0.0,0.0,mark,2.1397,0.0,0.9464480633598027
2025-05-31,XRP,2,-4.4723878240455205e-05,4.4722878142727564e-05,0.0,funding,2.1397,0.0,0.9464057354783967
2025-05-31,XRP,2,-0.0038437662402211795,0.0,0.0,mark,2.0794,0.0,0.9427749554678855
2025-05-31,XRP,2,0.008084690263640153,0.0,0.0,mark,2.2065,0.0,0.9504278931019812
2025-05-31,XRP,2,-0.002073774067286191,0.0,0.0,mark,2.1738,0.0,0.9484589626485199
2025-06-01,XRP,2,6.348376863978767e-06,0.0,0.0,mark,2.1739,0.0,0.9484649838425672
2025-06-01,XRP,2,-4.53421126478246e-05,4.534108470974244e-05,0.0,funding,2.1739,0.0,0.9484219794113905
2025-06-01,XRP,2,0.0008884154815208235,0.0,0.0,mark,2.1879,0.0,0.94926494657801
2025-06-01,XRP,2,-0.004118738802657087,0.0,0.0,mark,2.1231,0.0,0.9453632128353711
2025-06-01,XRP,2,0.0035667448871317658,0.0,0.0,mark,2.1792,0.0,0.9487411026958964
2025-06-02,XRP,2,0.0,0.0,0.0,mark,2.1792,0.0,0.9487411026958964
2025-06-02,XRP,2,-4.543943118340695e-05,4.543839882810424e-05,0.0,funding,2.1792,0.0,0.9486979934192875
2025-06-02,XRP,2,-0.002764675104646646,0.0,0.0,mark,2.1357,0.0,0.9460787740087198
2025-06-02,XRP,2,0.004369127048973452,0.0,0.0,mark,2.2045,0.0,0.9502213555132499
2025-06-02,XRP,2,-0.0005070583345372901,0.0,0.0,mark,2.1965,0.0,0.9497396599894673
2025-06-03,XRP,2,0.0,0.0,0.0,mark,2.1965,0.0,0.9497396599894673
2025-06-03,XRP,2,-4.575201369467171e-05,4.57509670872173e-05,0.0,funding,2.1965,0.0,0.9496962084815417
2025-06-03,XRP,2,0.005412474336661172,0.0,0.0,mark,2.2821,0.0,0.9548503505860153
2025-06-03,XRP,2,-0.006217994739798255,0.0,0.0,mark,2.1838,0.0,0.9489315168375368
2025-06-03,XRP,2,0.003850480623451843,0.0,0.0,mark,2.2446,0.0,0.9525924028182845
2025-06-04,XRP,2,-6.3208703523217945e-06,0.0,0.0,mark,2.2445,0.0,0.9525863816242373
2025-06-04,XRP,2,-4.661213632878165e-05,4.661105000003977e-05,0.0,funding,2.2445,0.0,0.9525419805727741
2025-06-04,XRP,2,-0.00312755106639967,0.0,0.0,mark,2.1951,0.0,0.9495675107134166
2025-06-04,XRP,2,0.004473057863813545,0.0,0.0,mark,2.2658,0.0,0.9538244949048451
2025-06-04,XRP,2,-0.004105348304176974,0.0,0.0,mark,2.2009,0.0,0.949916739968159
2025-06-05,XRP,2,0.0,0.0,0.0,mark,2.2009,0.0,0.949916739968159
2025-06-05,XRP,2,-4.583511942629967e-05,4.583406901326207e-05,0.0,funding,2.2009,0.0,0.9498732014187424
2025-06-05,XRP,2,0.0016214546695170313,0.0,0.0,mark,2.2265,0.0,0.9514146270948467
2025-06-05,XRP,2,-0.010650720184015383,0.0,0.0,mark,2.0591,0.0,0.9413351482596962
2025-06-05,XRP,2,0.0022043405473923436,0.0,0.0,mark,2.0936,0.0,0.9434124602060086
2025-06-06,XRP,2,0.0,0.0,0.0,mark,2.0936,0.0,0.9434124602060086
2025-06-06,XRP,2,-4.3901087618124336e-05,4.3900123979431955e-05,0.0,funding,2.0936,0.0,0.9433710442820418
2025-06-06,XRP,2,0.006153040234712221,0.0,0.0,mark,2.1903,0.0,0.9491935389257637
2025-06-06,XRP,2,-0.0069448004658511165,0.0,0.0,mark,2.0812,0.0,0.9426244162201788
2025-06-06,XRP,2,0.005008163768503812,0.0,0.0,mark,2.1598,0.0,0.9473570747413427
2025-06-07,XRP,2,0.0,0.0,0.0,mark,2.1598,0.0,0.9473570747413427
2025-06-07,XRP,2,-4.510069896966932e-05,4.509968194844968e-05,0.0,funding,2.1598,0.0,0.9473143492385803
2025-06-07,XRP,2,0.001993816254789375,0.0,0.0,mark,2.1912,0.0,0.9492050041694269
2025-06-07,XRP,2,-0.002775918332360251,0.0,0.0,mark,2.1475,0.0,0.9465737423707645
2025-06-07,XRP,2,0.0018683994034419803,0.0,0.0,mark,2.1769,0.0,0.9483439734206655
2025-06-08,XRP,2,-6.349186930932965e-06,0.0,0.0,mark,2.1768,0.0,0.9483379522266182
2025-06-08,XRP,2,-4.5408682662202974e-05,4.540765170361893e-05,0.0,funding,2.1768,0.0,0.9482948904271862
2025-06-08,XRP,2,0.007716535205612586,0.0,0.0,mark,2.2988,0.0,0.9556407471648705
2025-06-08,XRP,2,-0.008396162107766853,0.0,0.0,mark,2.1661,0.0,0.9476506226641269
2025-06-08,XRP,2,0.006390533441357701,0.0,0.0,mark,2.267,0.0,0.9537260074578346
2025-06-09,XRP,2,-6.3133573029738735e-06,0.0,0.0,mark,2.2669,0.0,0.9537199862637874
2025-06-09,XRP,2,-4.7021376035278954e-05,4.702027054763519e-05,0.0,funding,2.2669,0.0,0.9536751420920065
2025-06-09,XRP,2,0.0039319922170925935,0.0,0.0,mark,2.3293,0.0,0.9574323671775107
2025-06-09,XRP,2,-0.006751862968066769,0.0,0.0,mark,2.2223,0.0,0.9509896895469186
2025-06-09,XRP,2,0.006236040357149628,0.0,0.0,mark,2.3211,0.0,0.9569386292656334
2025-06-10,XRP,2,-6.292162116007071e-06,0.0,0.0,mark,2.321,0.0,0.9569326080715862
2025-06-10,XRP,2,-4.798194525793447e-05,4.798079414274201e-05,0.0,funding,2.321,0.0,0.9568866936851098
2025-06-10,XRP,2,0.0004152177179798806,0.0,0.0,mark,2.3276,0.0,0.9572840924922305
2025-06-10,XRP,2,-0.004254701765071693,0.0,0.0,mark,2.2601,0.0,0.9532197865103149
2025-06-10,XRP,2,0.0029833398593261434,0.0,0.0,mark,2.3074,0.0,0.9560678112946794
2025-06-11,XRP,2,0.0,0.0,0.0,mark,2.3074,0.0,0.9560678112946794
2025-06-11,XRP,2,-4.774393432589525e-05,4.774279460249097e-05,0.0,funding,2.3074,0.0,0.9560221659455388
2025-06-11,XRP,2,-0.003470009281084749,0.0,0.0,mark,2.2524,0.0,0.9527105092195336
2025-06-11,XRP,2,0.0053891097306217675,0.0,0.0,mark,2.3379,0.0,0.9578586301299599
2025-06-11,XRP,2,-0.004252144299121108,0.0,0.0,mark,2.2704,0.0,0.9537943241480443
2025-06-12,XRP,2,0.0,0.0,0.0,mark,2.2704,0.0,0.9537943241480443
2025-06-12,XRP,2,-4.709030625856272e-05,4.7089197527514936e-05,0.0,funding,2.2704,0.0,0.9537494107387139
2025-06-12,XRP,2,-0.006320488361634516,0.0,0.0,mark,2.1706,0.0,0.9477402590795262
2025-06-12,XRP,2,0.00650355389534072,0.0,0.0,mark,2.2733,0.0,0.953924025366085
2025-06-12,XRP,2,-0.00527813526215054,0.0,0.0,mark,2.1899,0.0,0.9489023495306517
2025-06-13,XRP,2,6.345410512323363e-06,0.0,0.0,mark,2.19,0.0,0.9489083707246989
2025-06-13,XRP,2,-4.5656582065603356e-05,4.565553981971336e-05,0.0,funding,2.19,0.0,0.9488650478007941
2025-06-13,XRP,2,0.00011421571885808724,0.0,0.0,mark,2.1918,0.0,0.9489734292936451
2025-06-13,XRP,2,-0.006940027722091727,0.0,0.0,mark,2.0828,0.0,0.9424103277821075
2025-06-13,XRP,2,0.0041061660355566605,0.0,0.0,mark,2.1472,0.0,0.9462879767485572
2025-06-14,XRP,2,6.3629413445147145e-06,0.0,0.0,mark,2.1473,0.0,0.9462939979426045
2025-06-14,XRP,2,-4.489004402831285e-05,4.4889036485357944e-05,0.0,funding,2.1473,0.0,0.946251519716805
2025-06-14,XRP,2,0.0020849567767373994,0.0,0.0,mark,2.1801,0.0,0.9482264713643136
2025-06-14,XRP,2,-0.004505903465661593,0.0,0.0,mark,2.1093,0.0,0.9439634659788377
2025-06-14,XRP,2,0.0019181269638712196,0.0,0.0,mark,2.1394,0.0,0.9457758453870697
2025-06-15,XRP,2,-6.366427355275292e-06,0.0,0.0,mark,2.1393,0.0,0.9457698241930225
2025-06-15,XRP,2,-4.4747584799081756e-05,4.474658364085232e-05,0.0,funding,2.1393,0.0,0.9457275042244793
2025-06-15,XRP,2,0.0023275133369965264,0.0,0.0,mark,2.1759,0.0,0.9479312612457845
2025-06-15,XRP,2,-0.002442121089404417,0.0,0.0,mark,2.1375,0.0,0.9456191227316282
2025-06-15,XRP,2,0.0017813019634147392,0.0,0.0,mark,2.1655,0.0,0.9473050570648672
2025-06-16,XRP,2,0.0,0.0,0.0,mark,2.1655,0.0,0.9473050570648672
2025-06-16,XRP,2,-4.522221154195714e-05,4.522118903310124e-05,0.0,funding,2.1655,0.0,0.9472622188038097
2025-06-16,XRP,2,0.010842265472225368,0.0,0.0,mark,2.337,0.0,0.9575885665948987
2025-06-16,XRP,2,-0.01175164652165608,0.0,0.0,mark,2.1512,0.0,0.9464011880550482
2025-06-16,XRP,2,0.005507197486169434,0.0,0.0,mark,2.238,0.0,0.9516275844880893
2025-06-17,XRP,2,-6.3272788581635025e-06,0.0,0.0,mark,2.2379,0.0,0.951621563294042
2025-06-17,XRP,2,-4.652218983105888e-05,4.6521107690725434e-05,0.0,funding,2.2379,0.0,0.9515772928048152
2025-06-17,XRP,2,0.001220480406421536,0.0,0.0,mark,2.2572,0.0,0.9527393832559407
2025-06-17,XRP,2,-0.0073262272985212505,0.0,0.0,mark,2.1417,0.0,0.9457849041313297
2025-06-17,XRP,2,0.001100771805744111,0.0,0.0,mark,2.159,0.0,0.9468265707015094
2025-06-18,XRP,2,6.359321852850881e-06,0.0,0.0,mark,2.1591,0.0,0.9468325918955567
2025-06-18,XRP,2,-4.511105659997593e-05,4.511003911157689e-05,0.0,funding,2.1591,0.0,0.9467898802403042
2025-06-18,XRP,2,0.0013790793402770896,0.0,0.0,mark,2.1808,0.0,0.9480964793485644
2025-06-18,XRP,2,-0.003989915900495456,0.0,0.0,mark,2.1181,0.0,0.9443211906809185
2025-06-18,XRP,2,0.003335566970245066,0.0,0.0,mark,2.1705,0.0,0.9474762963616944
2025-06-19,XRP,2,-6.3550013892556405e-06,0.0,0.0,mark,2.1704,0.0,0.9474702751676471
2025-06-19,XRP,2,-4.531663694247288e-05,4.5315610159288236e-05,0.0,funding,2.1704,0.0,0.9474273399740202
2025-06-19,XRP,2,-0.0016728448438047018,0.0,0.0,mark,2.1441,0.0,0.945843765939585
2025-06-19,XRP,2,0.002632036418579375,0.0,0.0,mark,2.1855,0.0,0.9483365402751598
2025-06-19,XRP,2,-0.0013151522575761366,0.0,0.0,mark,2.1648,0.0,0.9470901531073723
2025-06-20,XRP,2,-6.357592429453913e-06,0.0,0.0,mark,2.1647,0.0,0.9470841319133251
2025-06-20,XRP,2,-4.521605000750535e-05,4.521502777731553e-05,0.0,funding,2.1647,0.0,0.9470413094779931
2025-06-20,XRP,2,0.0009532305481180501,0.0,0.0,mark,2.1797,0.0,0.9479444885850855
2025-06-20,XRP,2,-0.006020578485323249,0.0,0.0,mark,2.0852,0.0,0.9422544602104038
2025-06-20,XRP,2,0.0021830636348766372,0.0,0.0,mark,2.1194,0.0,0.9443137085745743
2025-06-21,XRP,2,6.376244246270537e-06,0.0,0.0,mark,2.1195,0.0,0.9443197297686216
2025-06-21,XRP,2,-4.440150021064746e-05,4.440051447854806e-05,0.0,funding,2.1195,0.0,0.9442778014867875
2025-06-21,XRP,2,0.0016246887729109436,0.0,0.0,mark,2.145,0.0,0.9458132059688446
2025-06-21,XRP,2,-0.009273794646391786,0.0,0.0,mark,2.0,0.0,0.9370824746002853
2025-06-21,XRP,2,0.0040526729921304076,0.0,0.0,mark,2.0632,0.0,0.9408878692381677
2025-06-22,XRP,2,0.0,0.0,0.0,mark,2.0632,0.0,0.9408878692381677
2025-06-22,XRP,2,-4.3379698043814875e-05,4.337875715837701e-05,0.0,funding,2.0632,0.0,0.9408470546917748
2025-06-22,XRP,2,0.0017008884613681175,0.0,0.0,mark,2.0898,0.0,0.9424486923083518
2025-06-22,XRP,2,-0.011663577752504269,0.0,0.0,mark,1.9083,0.0,0.9315202251125345
2025-06-22,XRP,2,0.0070144585621389624,0.0,0.0,mark,2.0172,0.0,0.9380773054300249
2025-06-23,XRP,2,6.418633825159466e-06,0.0,0.0,mark,2.0173,0.0,0.9380833266240721
2025-06-23,XRP,2,-4.254141726964298e-05,4.254051239636625e-05,0.0,funding,2.0173,0.0,0.938043420078687
2025-06-23,XRP,2,0.009792053655190243,0.0,0.0,mark,2.1706,0.0,0.9472739105531707
2025-06-23,XRP,2,-0.013380221987555688,0.0,0.0,mark,1.9615,0.0,0.9346835938003035
2025-06-23,XRP,2,0.012604447801521312,0.0,0.0,mark,2.1584,0.0,0.9465393248794023
2025-06-24,XRP,2,0.0,0.0,0.0,mark,2.1584,0.0,0.9465393248794023
2025-06-24,XRP,2,-4.511040342974791e-05,4.510938597087916e-05,0.0,funding,2.1584,0.0,0.9464966270716597
2025-06-24,XRP,2,-0.0017063527789702355,0.0,0.0,mark,2.1316,0.0,0.944882947066988
2025-06-24,XRP,2,0.005395604836349014,0.0,0.0,mark,2.2165,0.0,0.9499949408131306
2025-06-24,XRP,2,-0.0016937149701708844,0.0,0.0,mark,2.1898,0.0,0.9483872820025063
2025-06-25,XRP,2,-6.348896991240627e-06,0.0,0.0,mark,2.1897,0.0,0.9483812608084591
2025-06-25,XRP,2,-4.56757006093223e-05,4.5674657490432145e-05,0.0,funding,2.1897,0.0,0.9483379438192013
2025-06-25,XRP,2,0.002530130169719439,0.0,0.0,mark,2.2296,0.0,0.9507404002440669
2025-06-25,XRP,2,-0.0038071358303100556,0.0,0.0,mark,2.1696,0.0,0.9471276838156976
2025-06-25,XRP,2,0.00103570667888242,0.0,0.0,mark,2.1859,0.0,0.9481091384454046
2025-06-26,XRP,2,-6.350759551516332e-06,0.0,0.0,mark,2.1858,0.0,0.9481031172513573
2025-06-26,XRP,2,-4.5607723570769265e-05,4.560668355430967e-05,0.0,funding,2.1858,0.0,0.948059877412512
2025-06-26,XRP,2,0.0017069799406505214,0.0,0.0,mark,2.2127,0.0,0.9496795786112309
2025-06-26,XRP,2,-0.00745211624773812,0.0,0.0,mark,2.0956,0.0,0.9426287603818634
2025-06-26,XRP,2,0.0006257950394138467,0.0,0.0,mark,2.1054,0.0,0.943218837398497
2025-06-27,XRP,2,-6.383686401582472e-06,0.0,0.0,mark,2.1053,0.0,0.9432128162044497
2025-06-27,XRP,2,-4.415577691629136e-05,4.415480206437029e-05,0.0,funding,2.1053,0.0,0.9431711688292457
2025-06-27,XRP,2,-0.002441662100845934,0.0,0.0,mark,2.0671,0.0,0.9408710727031838
2025-06-27,XRP,2,0.005647663677799628,0.0,0.0,mark,2.1556,0.0,0.9461998294350286
2025-06-27,XRP,2,-0.0008721871916140727,0.0,0.0,mark,2.1419,0.0,0.9453749258505509
2025-06-28,XRP,2,6.36908670602595e-06,0.0,0.0,mark,2.142,0.0,0.9453809470445982
2025-06-28,XRP,2,-4.4822492083346644e-05,4.482148757038641e-05,0.0,funding,2.142,0.0,0.9453385736642309
2025-06-28,XRP,2,-0.0005351687374657612,0.0,0.0,mark,2.1336,0.0,0.9448327933642592
2025-06-28,XRP,2,0.004723787121718287,0.0,0.0,mark,2.2079,0.0,0.9493065405413899
2025-06-28,XRP,2,-0.0014281333037571488,0.0,0.0,mark,2.1854,0.0,0.9479517718807513
2025-06-29,XRP,2,6.351773479603664e-06,0.0,0.0,mark,2.1855,0.0,0.9479577930747985
2025-06-29,XRP,2,-4.560845476180668e-05,4.560741471199192e-05,0.0,funding,2.1855,0.0,0.9479145591706003
2025-06-29,XRP,2,-0.0006417622290909109,0.0,0.0,mark,2.1754,0.0,0.9473064185718247
2025-06-29,XRP,2,0.0028181429450963537,0.0,0.0,mark,2.2198,0.0,0.949979828728818
2025-06-29,XRP,2,-0.0008687152237855311,0.0,0.0,mark,2.2061,0.0,0.9491549251443404
2025-06-30,XRP,2,6.343721967074763e-06,0.0,0.0,mark,2.2062,0.0,0.9491609463383877
2025-06-30,XRP,2,-4.598208389429234e-05,4.5981026734400974e-05,0.0,funding,2.2062,0.0,0.9491173029435388
2025-06-30,XRP,2,-0.002617147085974374,0.0,0.0,mark,2.165,0.0,0.9466365709960585
2025-06-30,XRP,2,0.010257771233842994,0.0,0.0,mark,2.3271,0.0,0.9563969265467029
2025-06-30,XRP,2,-0.00573923486993088,0.0,0.0,mark,2.2362,0.0,0.9509236611577234
2025-07-01,XRP,2,0.0,0.0,0.0,mark,2.2362,0.0,0.9509236611577234
2025-07-01,XRP,2,-4.652096729273638e-05,4.651988520929571e-05,0.0,funding,2.2362,0.0,0.9508794242981635
2025-07-01,XRP,2,0.0011075279714748997,0.0,0.0,mark,2.2537,0.0,0.9519331332564379
2025-07-01,XRP,2,-0.006740055294557632,0.0,0.0,mark,2.1475,0.0,0.9455386251782242
2025-07-01,XRP,2,0.0015589452708531938,0.0,0.0,mark,2.172,0.0,0.9470138177198083
2025-07-02,XRP,2,-6.358104893785649e-06,0.0,0.0,mark,2.1719,0.0,0.9470077965257611
2025-07-02,XRP,2,-4.537010327461803e-05,4.536907406695589e-05,0.0,funding,2.1719,0.0,0.9469648316588984
2025-07-02,XRP,2,0.007588513731070002,0.0,0.0,mark,2.2917,0.0,0.9541782221275426
2025-07-02,XRP,2,-0.008536366425255355,0.0,0.0,mark,2.157,0.0,0.9460676737458533
2025-07-02,XRP,2,0.004863318423944983,0.0,0.0,mark,2.2336,0.0,0.9506799083860715
2025-07-03,XRP,2,-6.333586165022317e-06,0.0,0.0,mark,2.2335,0.0,0.9506738871920243
2025-07-03,XRP,2,-4.647700446620937e-05,4.647592442700982e-05,0.0,funding,2.2335,0.0,0.9506297037442885
2025-07-03,XRP,2,0.005054325825131523,0.0,0.0,mark,2.3135,0.0,0.9554466589821142
2025-07-03,XRP,2,-0.00563721452659618,0.0,0.0,mark,2.2243,0.0,0.9500757538919384
2025-07-03,XRP,2,0.0020639241663100525,0.0,0.0,mark,2.2569,0.0,0.9520386631513524
2025-07-04,XRP,2,0.0,0.0,0.0,mark,2.2569,0.0,0.9520386631513524
2025-07-04,XRP,2,-4.6896621774140326e-05,4.6895522144745624e-05,0.0,funding,2.2569,0.0,0.9519940168011419
2025-07-04,XRP,2,0.0006891682211248816,0.0,0.0,mark,2.2678,0.0,0.9526503269522957
2025-07-04,XRP,2,-0.004548423033372145,0.0,0.0,mark,2.196,0.0,0.948327109626347
2025-07-04,XRP,2,0.0015543648704133143,0.0,0.0,mark,2.2205,0.0,0.9498023021679312
2025-07-05,XRP,2,0.0,0.0,0.0,mark,2.2205,0.0,0.9498023021679312
2025-07-05,XRP,2,-4.6248882922952884e-05,4.6247813459876444e-05,0.0,funding,2.2205,0.0,0.9497583758882367
2025-07-05,XRP,2,0.0008491606948510677,0.0,0.0,mark,2.2339,0.0,0.9505652158905726
2025-07-05,XRP,2,-0.002060779294642592,0.0,0.0,mark,2.2014,0.0,0.9486083278252059
2025-07-05,XRP,2,0.0010404317390941434,0.0,0.0,mark,2.2178,0.0,0.9495958036489601
2025-07-06,XRP,2,-6.340816917878033e-06,0.0,0.0,mark,2.2177,0.0,0.9495897824549129
2025-07-06,XRP,2,-4.6200900547177226e-05,4.619983330203003e-05,0.0,funding,2.2177,0.0,0.9495459115652581
2025-07-06,XRP,2,0.004574159538785157,0.0,0.0,mark,2.29,0.0,0.9538992348614432
2025-07-06,XRP,2,-0.005151368920259867,0.0,0.0,mark,2.2086,0.0,0.9489979829069555
2025-07-06,XRP,2,0.00394501310821024,0.0,0.0,mark,2.2709,0.0,0.9527491867984124
2025-07-07,XRP,2,0.0,0.0,0.0,mark,2.2709,0.0,0.9527491867984124
2025-07-07,XRP,2,-4.7152346241056515e-05,4.7151234586623764e-05,0.0,funding,2.2709,0.0,0.9527042634980034
2025-07-07,XRP,2,0.0052194047843320554,0.0,0.0,mark,2.3537,0.0,0.957689812169153
2025-07-07,XRP,2,-0.006212154387785134,0.0,0.0,mark,2.2552,0.0,0.95175893603258
2025-07-07,XRP,2,0.000986429475260753,0.0,0.0,mark,2.2708,0.0,0.952698242303956
2025-07-08,XRP,2,-6.320168136483301e-06,0.0,0.0,mark,2.2707,0.0,0.9526922211099088
2025-07-08,XRP,2,-4.715101266365655e-05,4.714990107215113e-05,0.0,funding,2.2707,0.0,0.9526473017659313
2025-07-08,XRP,2,0.003256064102648169,0.0,0.0,mark,2.3223,0.0,0.9557542378943289
2025-07-08,XRP,2,-0.004660197354966505,0.0,0.0,mark,2.2485,0.0,0.9513105966874346
2025-07-08,XRP,2,0.003935441719881434,0.0,0.0,mark,2.3108,0.0,0.9550618005788915
2025-07-09,XRP,2,6.304487378042242e-06,0.0,0.0,mark,2.3109,0.0,0.9550678217729387
2025-07-09,XRP,2,-4.786642346621843e-05,4.786527788723156e-05,0.0,funding,2.3109,0.0,0.9550221071862484
2025-07-09,XRP,2,-0.0008451961617743374,0.0,0.0,mark,2.2975,0.0,0.9542152671839125
2025-07-09,XRP,2,0.008251028151651936,0.0,0.0,mark,2.4288,0.0,0.962121094967994
2025-07-09,XRP,2,-0.0015657876291638353,0.0,0.0,mark,2.4038,0.0,0.9606157964561735
2025-07-10,XRP,2,0.0,0.0,0.0,mark,2.4038,0.0,0.9606157964561735
2025-07-10,XRP,2,-4.950316896721619e-05,4.9501943705503695e-05,0.0,funding,2.4038,0.0,0.9605682441070946
2025-07-10,XRP,2,0.010227640397561077,0.0,0.0,mark,2.5678,0.0,0.9704430023446375
2025-07-10,XRP,2,-0.010898580670442254,0.0,0.0,mark,2.3931,0.0,0.9599239763440355
2025-07-10,XRP,2,0.009613406529761406,0.0,0.0,mark,2.5471,0.0,0.9691966151768501
2025-07-11,XRP,2,0.0,0.0,0.0,mark,2.5471,0.0,0.9691966151768501
2025-07-11,XRP,2,-5.198990712025897e-05,5.1988555668445716e-05,0.0,funding,2.5471,0.0,0.9691462280446683
2025-07-11,XRP,2,0.02623769623168561,0.0,0.0,mark,2.975,0.0,0.994910917372989
2025-07-11,XRP,2,-0.028427026581644057,0.0,0.0,mark,2.5119,0.0,0.9670267677400249
2025-07-11,XRP,2,0.013623757510896388,0.0,0.0,mark,2.7322,0.0,0.9802914582261877
2025-07-12,XRP,2,6.142229951144834e-06,0.0,0.0,mark,2.7323,0.0,0.9802974794202349
2025-07-12,XRP,2,-5.5138648172252544e-05,5.513712806493168e-05,0.0,funding,2.7323,0.0,0.9802434286325704
2025-07-12,XRP,2,0.007075695653927404,0.0,0.0,mark,2.8479,0.0,0.9872039289512287
2025-07-12,XRP,2,-0.011347737384212388,0.0,0.0,mark,2.6629,0.0,0.9760647199637565
2025-07-12,XRP,2,0.004714207544025912,0.0,0.0,mark,2.7395,0.0,0.9806769546039747
2025-07-13,XRP,2,0.0,0.0,0.0,mark,2.7395,0.0,0.9806769546039747
2025-07-13,XRP,2,-5.526255754505818e-05,5.52610305980466e-05,0.0,funding,2.7395,0.0,0.9806227613847796
2025-07-13,XRP,2,0.009496594131782384,0.0,0.0,mark,2.8949,0.0,0.9899796969342561
2025-07-13,XRP,2,-0.010497943621034714,0.0,0.0,mark,2.7232,0.0,0.9796413067550725
2025-07-13,XRP,2,0.006915235694140957,0.0,0.0,mark,2.8361,0.0,0.9864392348344542
2025-07-14,XRP,2,0.0,0.0,0.0,mark,2.8361,0.0,0.9864392348344542
2025-07-14,XRP,2,-5.687706765814525e-05,5.6875450188361436e-05,0.0,funding,2.8361,0.0,0.9863831306588895
2025-07-14,XRP,2,-0.0009405067582486136,0.0,0.0,mark,2.8207,0.0,0.985455866775608
2025-07-14,XRP,2,0.013008874136855605,0.0,0.0,mark,3.035,0.0,0.9983592856189338
2025-07-14,XRP,2,-0.004642636995400982,0.0,0.0,mark,2.9582,0.0,0.993735008590621
2025-07-15,XRP,2,0.0,0.0,0.0,mark,2.9582,0.0,0.993735008590621
2025-07-15,XRP,2,-5.8890246962981295e-05,5.888851296639279e-05,0.0,funding,2.9582,0.0,0.9936764890136824
2025-07-15,XRP,2,0.0,0.0,0.0,mark,2.9582,0.0,0.9936764890136824
2025-07-15,XRP,2,-0.009399926864513092,0.0,0.0,mark,2.8038,0.0,0.9843797654046786
2025-07-15,XRP,2,0.007021772814203569,0.0,0.0,mark,2.919,0.0,0.9913161809471478
2025-07-16,XRP,2,-6.073957481176582e-06,0.0,0.0,mark,2.9189,0.0,0.9913101597531006
2025-07-16,XRP,2,-5.8250003145072676e-05,5.82483066465141e-05,0.0,funding,2.9189,0.0,0.9912524176149334
2025-07-16,XRP,2,0.010940544560547853,0.0,0.0,mark,3.1,0.0,1.0021568000345615
2025-07-16,XRP,2,-0.013464574089867072,0.0,0.0,mark,2.8774,0.0,0.9887536220853113
2025-07-16,XRP,2,0.009732512603290548,0.0,0.0,mark,3.038,0.0,0.9984236597252465
2025-07-17,XRP,2,0.0,0.0,0.0,mark,3.038,0.0,0.9984236597252465
2025-07-17,XRP,2,-6.019488951867361e-05,6.0193077842740654e-05,0.0,funding,3.038,0.0,0.9983635615321766
2025-07-17,XRP,2,0.030382627718604224,0.0,0.0,mark,3.5495,0.0,1.0291619690840252
2025-07-17,XRP,2,-0.033445061385799425,0.0,0.0,mark,2.9873,0.0,0.9953108161502044
2025-07-17,XRP,2,0.02945285841263258,0.0,0.0,mark,3.4814,0.0,1.025061535937826
2025-07-18,XRP,2,-5.874000262901275e-06,0.0,0.0,mark,3.4813,0.0,1.0250555147437785
2025-07-18,XRP,2,-6.718654336987896e-05,6.718428640457314e-05,0.0,funding,3.4813,0.0,1.0249866471204954
2025-07-18,XRP,2,0.01048355050426533,0.0,0.0,mark,3.6607,0.0,1.0357886692413196
2025-07-18,XRP,2,-0.01858774328236023,0.0,0.0,mark,3.3439,0.0,1.0167135264995295
2025-07-18,XRP,2,0.004113388641885714,0.0,0.0,mark,3.4135,0.0,1.0209042775564379
2025-07-19,XRP,2,5.897885260813953e-06,0.0,0.0,mark,3.4136,0.0,1.0209102987504852
2025-07-19,XRP,2,-6.614744191890203e-05,6.614525422514378e-05,0.0,funding,3.4136,0.0,1.0208427703792333
2025-07-19,XRP,2,0.004231880458342408,0.0,0.0,mark,3.4855,0.0,1.0251720088992293
2025-07-19,XRP,2,-0.007712003034103471,0.0,0.0,mark,3.3547,0.0,1.017296287085384
2025-07-19,XRP,2,0.004116931634898913,0.0,0.0,mark,3.4244,0.0,1.0214930593363398
2025-07-20,XRP,2,-5.894520514242147e-06,0.0,0.0,mark,3.4243,0.0,1.0214870381422925
2025-07-20,XRP,2,-6.63173236629854e-05,6.631512471795854e-05,0.0,funding,3.4243,0.0,1.0214192981019603
2025-07-20,XRP,2,0.007844774030211712,0.0,0.0,mark,3.5579,0.0,1.0294636133491293
2025-07-20,XRP,2,-0.010128717694413931,0.0,0.0,mark,3.3856,0.0,1.019089096005662
2025-07-20,XRP,2,0.00403320666769814,0.0,0.0,mark,3.454,0.0,1.023207592734003
2025-07-21,XRP,2,5.884608728329796e-06,0.0,0.0,mark,3.4541,0.0,1.0232136139280503
2025-07-21,XRP,2,-6.678158820903147e-05,6.677935836827897e-05,0.0,funding,3.4541,0.0,1.0231452843794384
2025-07-21,XRP,2,-0.0027402688600236566,0.0,0.0,mark,3.4076,0.0,1.020345429147452
2025-07-21,XRP,2,0.014173914440208091,0.0,0.0,mark,3.6495,0.0,1.0349106975478277
2025-07-21,XRP,2,-0.005835071755860714,0.0,0.0,mark,3.5495,0.0,1.0288895035005454
2025-07-22,XRP,2,-5.852146071432158e-06,0.0,0.0,mark,3.5494,0.0,1.028883482306498
2025-07-22,XRP,2,-6.824600195384094e-05,6.824367324836212e-05,0.0,funding,3.5494,0.0,1.0288132675183208
2025-07-22,XRP,2,0.00171333224819048,0.0,0.0,mark,3.5787,0.0,1.0305774773741745
2025-07-22,XRP,2,-0.009209226267956552,0.0,0.0,mark,3.4218,0.0,1.0211302239139888
2025-07-22,XRP,2,0.007554417933164187,0.0,0.0,mark,3.5504,0.0,1.0288734794587937
2025-07-23,XRP,2,0.0,0.0,0.0,mark,3.5504,0.0,1.0288734794587937
2025-07-23,XRP,2,-6.826589379223782e-05,6.826356372908017e-05,0.0,funding,3.5504,0.0,1.0288032448884594
2025-07-23,XRP,2,8.778544091606627e-05,0.0,0.0,mark,3.5519,0.0,1.0288935627991687
2025-07-23,XRP,2,-0.031622100975828425,0.0,0.0,mark,3.02,0.0,0.9968668316616744
2025-07-23,XRP,2,0.009845092169770947,0.0,0.0,mark,3.1838,0.0,1.0067295475111229
2025-07-24,XRP,2,5.9809271081527855e-06,0.0,0.0,mark,3.1839,0.0,1.0067355687051702
2025-07-24,XRP,2,-6.256496946032882e-05,6.256301231332557e-05,0.0,funding,3.1839,0.0,1.006672584295389
2025-07-24,XRP,2,0.004845045930843884,0.0,0.0,mark,3.2651,0.0,1.0115617938617822
2025-07-24,XRP,2,-0.018600470847281808,0.0,0.0,mark,2.9555,0.0,0.9929201770913965
2025-07-24,XRP,2,0.011443980181372975,0.0,0.0,mark,3.1453,0.0,1.0043484033931382
2025-07-25,XRP,2,5.9951068554412775e-06,0.0,0.0,mark,3.1454,0.0,1.0043544245871856
2025-07-25,XRP,2,-6.19549461194847e-05,6.195302695153964e-05,0.0,funding,3.1454,0.0,1.0042922017904503
2025-07-25,XRP,2,0.0009827724137199101,0.0,0.0,mark,3.1618,0.0,1.0052796776142046
2025-07-25,XRP,2,-0.009853312635162818,0.0,0.0,mark,2.9981,0.0,0.9954229829588035
2025-07-25,XRP,2,0.00868466367749401,0.0,0.0,mark,3.1423,0.0,1.0041055447749845
2025-07-26,XRP,2,-5.996592820432e-06,0.0,0.0,mark,3.1422,0.0,1.0040995235809371
2025-07-26,XRP,2,-6.190762615281095e-05,6.190570991524638e-05,0.0,funding,3.1422,0.0,1.0040373640871043
2025-07-26,XRP,2,0.004541381672086743,0.0,0.0,mark,3.2181,0.0,1.0086074503689915
2025-07-26,XRP,2,-0.006546382347062873,0.0,0.0,mark,3.1088,0.0,1.002026285275312
2025-07-26,XRP,2,0.003443241601833478,0.0,0.0,mark,3.1662,0.0,1.0054824506584519
2025-07-27,XRP,2,0.0,0.0,0.0,mark,3.1662,0.0,1.0054824506584519
2025-07-27,XRP,2,-6.2294688954483e-05,6.229274868063827e-05,0.0,funding,3.1662,0.0,1.0054198163928503
2025-07-27,XRP,2,0.005095388407552874,0.0,0.0,mark,3.2515,0.0,1.010555894915182
2025-07-27,XRP,2,-0.0056824568457850355,0.0,0.0,mark,3.1564,0.0,1.0048297393762167
2025-07-27,XRP,2,0.004931429237452534,0.0,0.0,mark,3.2389,0.0,1.0097972244652245
2025-07-28,XRP,2,5.962757621052567e-06,0.0,0.0,mark,3.239,0.0,1.0098032456592718
2025-07-28,XRP,2,-6.345438067424661e-05,6.3452367487605e-05,0.0,funding,3.239,0.0,1.009739171252638
2025-07-28,XRP,2,0.005459213862018425,0.0,0.0,mark,3.3308,0.0,1.015266627388043
2025-07-28,XRP,2,-0.013343641124018889,0.0,0.0,mark,3.1073,0.0,1.0018092586923673
2025-07-28,XRP,2,0.0009731981005407224,0.0,0.0,mark,3.1235,0.0,1.002784692128027
2025-07-29,XRP,2,0.0,0.0,0.0,mark,3.1235,0.0,1.002784692128027
2025-07-29,XRP,2,-6.161987885713356e-05,6.161798039135846e-05,0.0,funding,3.1235,0.0,1.0027229025605306
2025-07-29,XRP,2,0.003722072265401871,0.0,0.0,mark,3.1856,0.0,1.0064620640638928
2025-07-29,XRP,2,-0.007946382209727702,0.0,0.0,mark,3.0533,0.0,0.9984960243393385
2025-07-29,XRP,2,0.004494491396996071,0.0,0.0,mark,3.128,0.0,1.0029938562926584
2025-07-30,XRP,2,6.003203246388451e-06,0.0,0.0,mark,3.1281,0.0,1.0029998774867057
2025-07-30,XRP,2,-6.169738976249755e-05,6.16954865176209e-05,0.0,funding,3.1281,0.0,1.002937996921287
2025-07-30,XRP,2,0.0020391284742615353,0.0,0.0,mark,3.1621,0.0,1.004985202897363
2025-07-30,XRP,2,-0.009698909025983677,0.0,0.0,mark,3.001,0.0,0.9952850592871912
2025-07-30,XRP,2,0.0057668701065311445,0.0,0.0,mark,3.0966,0.0,1.001041320796393
2025-07-31,XRP,2,6.01491248532669e-06,0.0,0.0,mark,3.0967,0.0,1.0010473419904404
2025-07-31,XRP,2,-6.119718577611353e-05,6.119531326658059e-05,0.0,funding,3.0967,0.0,1.0009860825847527
2025-07-31,XRP,2,0.004902432878335551,0.0,0.0,mark,3.1784,0.0,1.0059053981213824
2025-07-31,XRP,2,-0.010082939047250142,0.0,0.0,mark,3.0108,0.0,0.9958138768981374
2025-07-31,XRP,2,0.0007011487715060768,0.0,0.0,mark,3.0224,0.0,0.9965123354076221
2025-08-01,XRP,2,-6.042285704062378e-06,0.0,0.0,mark,3.0223,0.0,0.9965063142135748
2025-08-01,XRP,2,-5.9999024560915645e-05,5.999722465544263e-05,0.0,funding,3.0223,0.0,0.9964465266003704
2025-08-01,XRP,2,0.0022152032308252276,0.0,0.0,mark,3.059,0.0,0.998656304815723
2025-08-01,XRP,2,-0.010119958098431983,0.0,0.0,mark,2.892,0.0,0.9886009107567616
2025-08-01,XRP,2,0.004211918165442639,0.0,0.0,mark,2.9613,0.0,0.9927735982315282
2025-08-02,XRP,2,6.065003943292753e-06,0.0,0.0,mark,2.9614,0.0,0.9927796194255755
2025-08-02,XRP,2,-5.901068799132354e-05,5.900894689493407e-05,0.0,funding,2.9614,0.0,0.9927210365457344
2025-08-02,XRP,2,0.0035842522154629075,0.0,0.0,mark,3.0206,0.0,0.9962855834217255
2025-08-02,XRP,2,-0.01718382855862325,0.0,0.0,mark,2.7387,0.0,0.9793118374024369
2025-08-02,XRP,2,0.0018919142455099851,0.0,0.0,mark,2.7695,0.0,0.9811663651689998
2025-08-03,XRP,2,0.0,0.0,0.0,mark,2.7695,0.0,0.9811663651689998
2025-08-03,XRP,2,-5.583988149862501e-05,5.583832248138521e-05,0.0,funding,2.7695,0.0,0.9811115784850936
2025-08-03,XRP,2,0.011775032292502062,0.0,0.0,mark,2.9625,0.0,0.9927324829963483
2025-08-03,XRP,2,-0.014325183663770093,0.0,0.0,mark,2.728,0.0,0.9786127829554715
2025-08-03,XRP,2,0.013445332046596732,0.0,0.0,mark,2.948,0.0,0.9918594098594924
2025-08-04,XRP,2,6.070593988661732e-06,0.0,0.0,mark,2.9481,0.0,0.9918654310535396
2025-08-04,XRP,2,-5.8799802815077075e-05,5.879807414051702e-05,0.0,funding,2.9481,0.0,0.9918071112763871
2025-08-04,XRP,2,0.008571739761732887,0.0,0.0,mark,3.0899,0.0,1.0003451644354333
2025-08-04,XRP,2,-0.00959825404348408,0.0,0.0,mark,2.9312,0.0,0.9907895294823964
2025-08-04,XRP,2,0.008496148635757816,0.0,0.0,mark,3.0716,0.0,0.9992432859247806
2025-08-05,XRP,2,-6.0257719749544945e-06,0.0,0.0,mark,3.0715,0.0,0.9992372647307334
2025-08-05,XRP,2,-6.0809124021178276e-05,6.0807275183931986e-05,0.0,funding,3.0715,0.0,0.9991765038354029
2025-08-05,XRP,2,0.0021490270796519196,0.0,0.0,mark,3.1072,0.0,1.0013260701102826
2025-08-05,XRP,2,-0.011539549174214913,0.0,0.0,mark,2.9164,0.0,0.9898376318680681
2025-08-05,XRP,2,0.0027882117629774448,0.0,0.0,mark,2.9623,0.0,0.9926013599357706
2025-08-06,XRP,2,-6.066093149660289e-06,0.0,0.0,mark,2.9622,0.0,0.9925953387417233
2025-08-06,XRP,2,-5.9037588692559575e-05,5.9035846008472526e-05,0.0,funding,2.9622,0.0,0.9925367400361567
2025-08-06,XRP,2,0.0034216946936399544,0.0,0.0,mark,3.0187,0.0,0.9959387146728711
2025-08-06,XRP,2,-0.007116927233665262,0.0,0.0,mark,2.9014,0.0,0.988875854055409
2025-08-06,XRP,2,0.0054287394789441406,0.0,0.0,mark,2.9908,0.0,0.9942588015336793
2025-08-07,XRP,2,0.0,0.0,0.0,mark,2.9908,0.0,0.9942588015336793
2025-08-07,XRP,2,-5.950788221374086e-05,5.950611165483133e-05,0.0,funding,2.9908,0.0,0.9941996370584214
2025-08-07,XRP,2,0.020560367207167824,0.0,0.0,mark,3.3338,0.0,1.0148523326405994
2025-08-07,XRP,2,-0.022178714243783985,0.0,0.0,mark,2.9641,0.0,0.992591978247797
2025-08-07,XRP,2,0.021341800687162835,0.0,0.0,mark,3.3197,0.0,1.0140033442799326
2025-08-08,XRP,2,-5.9380592366624915e-06,0.0,0.0,mark,3.3196,0.0,1.0139973230858852
2025-08-08,XRP,2,-6.476444613992884e-05,6.476234896839284e-05,0.0,funding,3.3196,0.0,1.0139316542373944
2025-08-08,XRP,2,0.003728333375028267,0.0,0.0,mark,3.3825,0.0,1.017718985293135
2025-08-08,XRP,2,-0.010551093929303137,0.0,0.0,mark,3.2051,0.0,1.0070373870532563
2025-08-08,XRP,2,0.004819493844194838,0.0,0.0,mark,3.2859,0.0,1.0119025118434604
2025-08-09,XRP,2,-5.950387405043982e-06,0.0,0.0,mark,3.2858,0.0,1.011896490649413
2025-08-09,XRP,2,-6.423809149523248e-05,6.423602827324055e-05,0.0,funding,3.2858,0.0,1.01183149043783
2025-08-09,XRP,2,0.003664911802235558,0.0,0.0,mark,3.3475,0.0,1.0155465671650032
2025-08-09,XRP,2,-0.008287439446683203,0.0,0.0,mark,3.2083,0.0,1.0071650650511863
2025-08-09,XRP,2,0.001051637969295428,0.0,0.0,mark,3.2259,0.0,1.008224795203508
2025-08-10,XRP,2,0.0,0.0,0.0,mark,3.2259,0.0,1.008224795203508
2025-08-10,XRP,2,-6.329667783272656e-05,6.329467464021206e-05,0.0,funding,3.2259,0.0,1.0081609799431313
2025-08-10,XRP,2,0.003196121753394064,0.0,0.0,mark,3.2795,0.0,1.0113883399524746
2025-08-10,XRP,2,-0.007613534468232478,0.0,0.0,mark,3.1521,0.0,1.003717338736237
2025-08-10,XRP,2,0.002091425494128484,0.0,0.0,mark,3.187,0.0,1.0058187354587385
2025-08-11,XRP,2,-5.986378914687798e-06,0.0,0.0,mark,3.1869,0.0,1.005812714264691
2025-08-11,XRP,2,-6.268138313793503e-05,6.267941870108066e-05,0.0,funding,3.1869,0.0,1.0057496705084388
2025-08-11,XRP,2,0.0087798592614898,0.0,0.0,mark,3.3342,0.0,1.0146188893400856
2025-08-11,XRP,2,-0.01293732259974311,0.0,0.0,mark,3.1176,0.0,1.0015769830336723
2025-08-11,XRP,2,0.0007151381552826161,0.0,0.0,mark,3.1295,0.0,1.0022935051252988
2025-08-12,XRP,2,0.0,0.0,0.0,mark,3.1295,0.0,1.0022935051252988
2025-08-12,XRP,2,-6.176850606327425e-05,6.176659842843646e-05,0.0,funding,3.1295,0.0,1.0022315968648603
2025-08-12,XRP,2,0.010589531195090639,0.0,0.0,mark,3.3067,0.0,1.0129011527166445
2025-08-12,XRP,2,-0.01211667460568965,0.0,0.0,mark,3.1041,0.0,1.0007022135768506
2025-08-12,XRP,2,0.00978966851187809,0.0,0.0,mark,3.2676,0.0,1.010546865844157
2025-08-13,XRP,2,-5.95836985808875e-06,0.0,0.0,mark,3.2675,0.0,1.0105408446501096
2025-08-13,XRP,2,-6.396600968420166e-05,6.396396390252117e-05,0.0,funding,3.2675,0.0,1.0104762064520003
2025-08-13,XRP,2,0.004014101613443196,0.0,0.0,mark,3.335,0.0,1.0145405124339157
2025-08-13,XRP,2,-0.007888839647001567,0.0,0.0,mark,3.2026,0.0,1.0065684515153142
2025-08-13,XRP,2,0.004285808576620566,0.0,0.0,mark,3.2744,0.0,1.0108916688412628
2025-08-14,XRP,2,0.0,0.0,0.0,mark,3.2744,0.0,1.0108916688412628
2025-08-14,XRP,2,-6.407884480131004e-05,6.407679179610507e-05,0.0,funding,3.2744,0.0,1.0108268941462701
2025-08-14,XRP,2,-0.016995110692394375,0.0,0.0,mark,2.9915,0.0,0.9937929361865087
2025-08-14,XRP,2,0.021559425073100838,0.0,0.0,mark,3.3512,0.0,1.0154511711745828
2025-08-14,XRP,2,-0.016259923430329937,0.0,0.0,mark,3.0792,0.0,0.9990735233659751
2025-08-15,XRP,2,0.0,0.0,0.0,mark,3.0792,0.0,0.9990735233659751
2025-08-15,XRP,2,-6.097156367474569e-05,6.0969704946701e-05,0.0,funding,3.0792,0.0,0.9990126101480354
2025-08-15,XRP,2,-0.004639593794759864,0.0,0.0,mark,3.0024,0.0,0.9943883331197226
2025-08-15,XRP,2,0.008459525750999532,0.0,0.0,mark,3.1427,0.0,1.0028360683680595
2025-08-15,XRP,2,-0.003898287913448395,0.0,0.0,mark,3.0779,0.0,0.9989343346254206
2025-08-16,XRP,2,-6.027635636642378e-06,0.0,0.0,mark,3.0778,0.0,0.9989283134313733
2025-08-16,XRP,2,-6.095270069786427e-05,6.095084311975452e-05,0.0,funding,3.0778,0.0,0.9988674279084535
2025-08-16,XRP,2,0.0047028368977874,0.0,0.0,mark,3.156,0.0,1.0035760016534283
2025-08-16,XRP,2,-0.005082674363505189,0.0,0.0,mark,3.0715,0.0,0.9984880926834748
2025-08-16,XRP,2,0.0020482068400365563,0.0,0.0,mark,3.1055,0.0,1.0005352986595508
2025-08-17,XRP,2,6.017954526739636e-06,0.0,0.0,mark,3.1056,0.0,1.0005413198535982
2025-08-17,XRP,2,-6.140411383393995e-05,6.140222863996917e-05,0.0,funding,3.1056,0.0,1.0004798843867129
2025-08-17,XRP,2,0.0025004864542166293,0.0,0.0,mark,3.1472,0.0,1.0029847011103823
2025-08-17,XRP,2,-0.004205119100862616,0.0,0.0,mark,3.0773,0.0,0.998775886471332
2025-08-17,XRP,2,0.000626775200794627,0.0,0.0,mark,3.0877,0.0,0.9994020906522493
2025-08-18,XRP,2,0.0,0.0,0.0,mark,3.0877,0.0,0.9994020906522493
2025-08-18,XRP,2,-6.111977701919834e-05,6.111790924372692e-05,0.0,funding,3.0877,0.0,0.9993410092859748
2025-08-18,XRP,2,0.0005541615649930802,0.0,0.0,mark,3.0969,0.0,0.9998949591383248
2025-08-18,XRP,2,-0.009468846976929903,0.0,0.0,mark,2.9404,0.0,0.9904717904543281
2025-08-18,XRP,2,0.007340879675096983,0.0,0.0,mark,3.0616,0.0,0.9977694776396342
2025-08-19,XRP,2,0.0,0.0,0.0,mark,3.0616,0.0,0.9977694776396342
2025-08-19,XRP,2,-6.070228802390475e-05,6.070044567724998e-05,0.0,funding,3.0616,0.0,0.9977089125876583
2025-08-19,XRP,2,0.001158053192522662,0.0,0.0,mark,3.0808,0.0,0.9988649818447365
2025-08-19,XRP,2,-0.014083755597928566,0.0,0.0,mark,2.8488,0.0,0.9848958116550417
2025-08-19,XRP,2,0.0007333551113766355,0.0,0.0,mark,2.8608,0.0,0.9856183549407156
2025-08-20,XRP,2,0.0,0.0,0.0,mark,2.8608,0.0,0.9856183549407156
2025-08-20,XRP,2,-5.742021682174766e-05,5.741856831270247e-05,0.0,funding,2.8608,0.0,0.9855617621458722
2025-08-20,XRP,2,0.007838112723534928,0.0,0.0,mark,2.9896,0.0,0.9933170600787717
2025-08-20,XRP,2,-0.010431860479096184,0.0,0.0,mark,2.8184,0.0,0.9830087758698246
2025-08-20,XRP,2,0.008101452831605422,0.0,0.0,mark,2.9512,0.0,0.9910049215646154
2025-08-21,XRP,2,0.0,0.0,0.0,mark,2.9512,0.0,0.9910049215646154
2025-08-21,XRP,2,-5.8912746325732464e-05,5.8911011003996636e-05,0.0,funding,2.9512,0.0,0.9909465404627761
2025-08-21,XRP,2,0.0004616849658781095,0.0,0.0,mark,2.9588,0.0,0.9914041512103695
2025-08-21,XRP,2,-0.00709454456066844,0.0,0.0,mark,2.8424,0.0,0.984395481339333
2025-08-21,XRP,2,0.0005809121604457476,0.0,0.0,mark,2.8519,0.0,0.9849674947738248
2025-08-22,XRP,2,-6.113107775936378e-06,0.0,0.0,mark,2.8518,0.0,0.9849614735797776
2025-08-22,XRP,2,-5.7277743966371006e-05,5.7276103627762694e-05,0.0,funding,2.8518,0.0,0.9849050588243475
2025-08-22,XRP,2,0.015396861298120101,0.0,0.0,mark,3.1056,0.0,1.00018684931635
2025-08-22,XRP,2,-0.01963636111032317,0.0,0.0,mark,2.7826,0.0,0.9807383925436283
2025-08-22,XRP,2,0.01775633337429517,0.0,0.0,mark,3.0744,0.0,0.9983082367735978
2025-08-23,XRP,2,6.031379555326623e-06,0.0,0.0,mark,3.0745,0.0,0.9983142579676451
2025-08-23,XRP,2,-6.092479804379365e-05,6.092294216596768e-05,0.0,funding,3.0745,0.0,0.9982534377258434
2025-08-23,XRP,2,6.634681621190051e-05,0.0,0.0,mark,3.0756,0.0,0.9983196708603636
2025-08-23,XRP,2,-0.006407662346543422,0.0,0.0,mark,2.9697,0.0,0.9919432263642917
2025-08-23,XRP,2,0.004771835042217247,0.0,0.0,mark,3.0485,0.0,0.99668792727355
2025-08-24,XRP,2,6.041184702786426e-06,0.0,0.0,mark,3.0486,0.0,0.9966939484675973
2025-08-24,XRP,2,-6.050975693519828e-05,6.0507926256761885e-05,0.0,funding,3.0486,0.0,0.9966336405836629
2025-08-24,XRP,2,0.004785507591406512,0.0,0.0,mark,3.128,0.0,1.001414468657205
2025-08-24,XRP,2,-0.008514033635276638,0.0,0.0,mark,2.987,0.0,0.9929245850505372
2025-08-24,XRP,2,0.002350107161392793,0.0,0.0,mark,3.0258,0.0,0.9952608083408826
2025-08-25,XRP,2,6.049847219079274e-06,0.0,0.0,mark,3.0259,0.0,0.9952668295349298
2025-08-25,XRP,2,-6.014530709272144e-05,6.014349840005518e-05,0.0,funding,3.0259,0.0,0.9952069707059601
2025-08-25,XRP,2,0.0016684605576753606,0.0,0.0,mark,3.0535,0.0,0.99686882026301
2025-08-25,XRP,2,-0.014063150888156442,0.0,0.0,mark,2.8223,0.0,0.9829478196256934
2025-08-25,XRP,2,0.0022089180961335445,0.0,0.0,mark,2.8584,0.0,0.9851214706767624
2025-08-26,XRP,2,0.0,0.0,0.0,mark,2.8584,0.0,0.9851214706767624
2025-08-26,XRP,2,-5.740098276575392e-05,5.73993353608354e-05,0.0,funding,2.8584,0.0,0.9850649253590958
2025-08-26,XRP,2,0.01355686680044188,0.0,0.0,mark,3.0817,0.0,0.9985102516666771
2025-08-26,XRP,2,-0.014321219400842768,0.0,0.0,mark,2.8459,0.0,0.9843122761031855
2025-08-26,XRP,2,0.010127494836896919,0.0,0.0,mark,3.0123,0.0,0.9943315429978632
2025-08-27,XRP,2,0.0,0.0,0.0,mark,3.0123,0.0,0.9943315429978632
2025-08-27,XRP,2,-5.993129526899379e-05,5.992949942474579e-05,0.0,funding,3.0123,0.0,0.9942719532062291
2025-08-27,XRP,2,-0.003044683325215262,0.0,0.0,mark,2.9621,0.0,0.9912493137944933
2025-08-27,XRP,2,0.005047174084341903,0.0,0.0,mark,3.0454,0.0,0.9962649684358794
2025-08-27,XRP,2,-0.00464027551139,0.0,0.0,mark,2.9688,0.0,0.9916527337956612
2025-08-28,XRP,2,0.0,0.0,0.0,mark,2.9688,0.0,0.9916527337956612
2025-08-28,XRP,2,-5.9225376939152644e-05,5.922362315113765e-05,0.0,funding,2.9688,0.0,0.9915940045278581
2025-08-28,XRP,2,-0.0015557022124060619,0.0,0.0,mark,2.9432,0.0,0.9900525788517538
2025-08-28,XRP,2,0.005041157366815121,0.0,0.0,mark,3.0263,0.0,0.9950561911050453
2025-08-28,XRP,2,-0.0036251263646381905,0.0,0.0,mark,2.9665,0.0,0.9914555170647705
2025-08-29,XRP,2,0.0,0.0,0.0,mark,2.9665,0.0,0.9914555170647705
2025-08-29,XRP,2,-5.919126439073081e-05,5.918951262247834e-05,0.0,funding,2.9665,0.0,0.9913968332959286
2025-08-29,XRP,2,0.000625369241234235,0.0,0.0,mark,2.9768,0.0,0.9920170162827987
2025-08-29,XRP,2,-0.012422504723909255,0.0,0.0,mark,2.7734,0.0,0.9797699075906267
2025-08-29,XRP,2,0.0028290783882876204,0.0,0.0,mark,2.8195,0.0,0.9825456780464238
2025-08-30,XRP,2,0.0,0.0,0.0,mark,2.8195,0.0,0.9825456780464238
2025-08-30,XRP,2,-5.676822580926934e-05,5.676661452402161e-05,0.0,funding,2.8195,0.0,0.9824899022546659
2025-08-30,XRP,2,0.0009433446442652098,0.0,0.0,mark,2.8349,0.0,0.9834171661379474
2025-08-30,XRP,2,-0.004571866089098318,0.0,0.0,mark,2.7604,0.0,0.9789313765727221
2025-08-30,XRP,2,0.00354271869717614,0.0,0.0,mark,2.8181,0.0,0.9824056055380039
2025-08-31,XRP,2,-6.129049412382837e-06,0.0,0.0,mark,2.818,0.0,0.9823995843439567
2025-08-31,XRP,2,-5.674646154497701e-05,5.6744851495006046e-05,0.0,funding,2.818,0.0,0.9823438382254344
2025-08-31,XRP,2,0.0031394571552067884,0.0,0.0,mark,2.8693,0.0,0.9854327107716901
2025-08-31,XRP,2,-0.0060428817879514965,0.0,0.0,mark,2.7707,0.0,0.9794958134410698
2025-08-31,XRP,2,0.00030731468227792366,0.0,0.0,mark,2.7757,0.0,0.979796873143434
2025-09-01,XRP,2,0.0,0.0,0.0,mark,2.7757,0.0,0.979796873143434
2025-09-01,XRP,2,-5.6043118165039214e-05,5.604154777882098e-05,0.0,funding,2.7757,0.0,0.9797419638101542
2025-09-01,XRP,2,0.0038826767789043233,0.0,0.0,mark,2.839,0.0,0.9835533796420839
2025-09-01,XRP,2,-0.008700194906710408,0.0,0.0,mark,2.6975,0.0,0.9750333900651795
2025-09-01,XRP,2,0.0037845082095337677,0.0,0.0,mark,2.7589,0.0,0.9787304032102109
2025-09-02,XRP,2,0.0,0.0,0.0,mark,2.7589,0.0,0.9787304032102109
2025-09-02,XRP,2,-5.5764605461406865e-05,5.576305064461224e-05,0.0,funding,2.7589,0.0,0.9786758262171692
2025-09-02,XRP,2,-0.0006462095568965422,0.0,0.0,mark,2.7484,0.0,0.9780436008422045
2025-09-02,XRP,2,0.007097666942401059,0.0,0.0,mark,2.8641,0.0,0.98501012235491
2025-09-02,XRP,2,-0.00012837755536875215,0.0,0.0,mark,2.862,0.0,0.9848836772799171
2025-09-03,XRP,2,0.0,0.0,0.0,mark,2.862,0.0,0.9848836772799171
2025-09-03,XRP,2,-5.74871551994108e-05,5.748550284458291e-05,0.0,funding,2.862,0.0,0.9848270607464853
2025-09-03,XRP,2,0.0015090091910954005,0.0,0.0,mark,2.8867,0.0,0.986314295676164
2025-09-03,XRP,2,-0.004632000666075522,0.0,0.0,mark,2.811,0.0,0.9817562517823714
2025-09-03,XRP,2,0.002040234442934589,0.0,0.0,mark,2.8443,0.0,0.9837613094001163
2025-09-04,XRP,2,-6.120603053219271e-06,0.0,0.0,mark,2.8442,0.0,0.9837552882060691
2025-09-04,XRP,2,-5.719513862034712e-05,5.7193503009524366e-05,0.0,funding,2.8442,0.0,0.9836990237950324
2025-09-04,XRP,2,0.0011439671585536364,0.0,0.0,mark,2.8629,0.0,0.9848249870818742
2025-09-04,XRP,2,-0.004823310767712747,0.0,0.0,mark,2.7842,0.0,0.980086307366663
2025-09-04,XRP,2,0.0006387235611998222,0.0,0.0,mark,2.7946,0.0,0.9807125115475804
2025-09-05,XRP,2,6.13959289033763e-06,0.0,0.0,mark,2.7947,0.0,0.9807185327416277
2025-09-05,XRP,2,-5.637372064297313e-05,5.6372131674625774e-05,0.0,funding,2.7947,0.0,0.9806632475473642
2025-09-05,XRP,2,-0.0010258927153418247,0.0,0.0,mark,2.778,0.0,0.9796577081414681
2025-09-05,XRP,2,0.006548821217040899,0.0,0.0,mark,2.8849,0.0,0.9860943645780128
2025-09-05,XRP,2,-0.004295697824702459,0.0,0.0,mark,2.8147,0.0,0.9818674863568206
2025-09-06,XRP,2,-6.132408490119917e-06,0.0,0.0,mark,2.8146,0.0,0.9818614651627734
2025-09-06,XRP,2,-5.670905716010577e-05,5.670744923185958e-05,0.0,funding,2.8146,0.0,0.981805786303585
2025-09-06,XRP,2,0.0008766025063697349,0.0,0.0,mark,2.8289,0.0,0.9826668170523463
2025-09-06,XRP,2,-0.002220582983428401,0.0,0.0,mark,2.7927,0.0,0.9804871448072301
2025-09-06,XRP,2,0.0010495639375266818,0.0,0.0,mark,2.8098,0.0,0.9815167689893154
2025-09-07,XRP,2,0.0,0.0,0.0,mark,2.8098,0.0,0.9815167689893154
2025-09-07,XRP,2,-5.663222527189344e-05,5.66306216977921e-05,0.0,funding,2.8098,0.0,0.9814611850844808
2025-09-07,XRP,2,-3.681024757962947e-05,0.0,0.0,mark,2.8092,0.0,0.9814250579201971
2025-09-07,XRP,2,0.007292583295417019,0.0,0.0,mark,2.9285,0.0,0.9886083424186047
2025-09-07,XRP,2,-0.0031415761243587617,0.0,0.0,mark,2.877,0.0,0.9855074274842544
2025-09-08,XRP,2,0.0,0.0,0.0,mark,2.877,0.0,0.9855074274842544
2025-09-08,XRP,2,-5.775188257343616e-05,5.7750214965559094e-05,0.0,funding,2.877,0.0,0.985450514218467
2025-09-08,XRP,2,0.007268967674560065,0.0,0.0,mark,2.9964,0.0,0.992639819910922
2025-09-08,XRP,2,-0.008143092874654909,0.0,0.0,mark,2.8627,0.0,0.9845894834697057
2025-09-08,XRP,2,0.006522200733216132,0.0,0.0,mark,2.9697,0.0,0.9910321611002977
2025-09-09,XRP,2,6.075661307760208e-06,0.0,0.0,mark,2.9698,0.0,0.9910381822943449
2025-09-09,XRP,2,-5.928206643245865e-05,5.928030928549532e-05,0.0,funding,2.9698,0.0,0.9909794332443848
2025-09-09,XRP,2,0.004044503982478784,0.0,0.0,mark,3.0365,0.0,0.994995569673922
2025-09-09,XRP,2,-0.006240350185913314,0.0,0.0,mark,2.9337,0.0,0.9888057821933158
2025-09-09,XRP,2,0.0008338944875245752,0.0,0.0,mark,2.9474,0.0,0.9896306857777935
2025-09-10,XRP,2,0.0,0.0,0.0,mark,2.9474,0.0,0.9896306857777935
2025-09-10,XRP,2,-5.891859271248301e-05,5.891685704627561e-05,0.0,funding,2.9474,0.0,0.9895723798481508
2025-09-10,XRP,2,0.004650008004086821,0.0,0.0,mark,3.024,0.0,0.994184614488369
2025-09-10,XRP,2,-0.005362164686732619,0.0,0.0,mark,2.9357,0.0,0.9888679001446188
2025-09-10,XRP,2,0.0029002323574118635,0.0,0.0,mark,2.9834,0.0,0.9917400097051724
2025-09-11,XRP,2,0.0,0.0,0.0,mark,2.9834,0.0,0.9917400097051724
2025-09-11,XRP,2,-5.951140708284049e-05,5.9509636314213e-05,0.0,funding,2.9834,0.0,0.9916809916178766
2025-09-11,XRP,2,0.00397512692701176,0.0,0.0,mark,3.049,0.0,0.9956308949128937
2025-09-11,XRP,2,-0.005962547947568016,0.0,0.0,mark,2.9507,0.0,0.9897120611644152
2025-09-11,XRP,2,0.005406012372106072,0.0,0.0,mark,3.0398,0.0,0.9950769450605437
2025-09-12,XRP,2,0.0,0.0,0.0,mark,3.0398,0.0,0.9950769450605437
2025-09-12,XRP,2,-6.043313364495379e-05,6.043130759991488e-05,0.0,funding,3.0398,0.0,0.9950168112595912
2025-09-12,XRP,2,0.0059007755126981015,0.0,0.0,mark,3.1376,0.0,1.0009055390378332
2025-09-12,XRP,2,-0.007220840510709942,0.0,0.0,mark,3.018,0.0,0.9937041909572836
2025-09-12,XRP,2,0.0052818915731832035,0.0,0.0,mark,3.1054,0.0,0.9989667145546083
2025-09-13,XRP,2,0.0,0.0,0.0,mark,3.1054,0.0,0.9989667145546083
2025-09-13,XRP,2,-6.149694329486519e-05,6.149505239658531e-05,0.0,funding,3.1054,0.0,0.9989052830441543
2025-09-13,XRP,2,0.004834639663428597,0.0,0.0,mark,3.1858,0.0,1.0037463230581691
2025-09-13,XRP,2,-0.005823686624139078,0.0,0.0,mark,3.089,0.0,0.9979178072203999
2025-09-13,XRP,2,0.001826559344903003,0.0,0.0,mark,3.1193,0.0,0.9997422290167264
2025-09-14,XRP,2,0.0,0.0,0.0,mark,3.1193,0.0,0.9997422290167264
2025-09-14,XRP,2,-6.172429758391658e-05,6.172239267860636e-05,0.0,funding,3.1193,0.0,0.9996805225342896
2025-09-14,XRP,2,-0.006611096638630422,0.0,0.0,mark,3.0099,0.0,0.9930933362465628
2025-09-14,XRP,2,0.007056708093138139,0.0,0.0,mark,3.1267,0.0,1.0001260908937886
2025-09-14,XRP,2,-0.005965950651887248,0.0,0.0,mark,3.0279,0.0,0.9941771511750737
2025-09-15,XRP,2,6.056441557317317e-06,0.0,0.0,mark,3.028,0.0,0.9941831723691209
2025-09-15,XRP,2,-6.025265540663764e-05,6.0250840251894756e-05,0.0,funding,3.028,0.0,0.9941232719976214
2025-09-15,XRP,2,0.0023533193584891975,0.0,0.0,mark,3.0669,0.0,0.9964655164820142
2025-09-15,XRP,2,-0.006894090605425858,0.0,0.0,mark,2.9532,0.0,0.9896194188502543
2025-09-15,XRP,2,0.002655333813622132,0.0,0.0,mark,2.9969,0.0,0.9922506806489166
2025-09-16,XRP,2,0.0,0.0,0.0,mark,2.9969,0.0,0.9922506806489166
2025-09-16,XRP,2,-5.974993893332479e-05,5.974815394129929e-05,0.0,funding,2.9969,0.0,0.9921913955025009
2025-09-16,XRP,2,0.0037373221023853163,0.0,0.0,mark,3.0586,0.0,0.9959064722296741
2025-09-16,XRP,2,-0.005723719736153477,0.0,0.0,mark,2.9642,0.0,0.9902224650490397
2025-09-16,XRP,2,0.004453264960497759,0.0,0.0,mark,3.0376,0.0,0.9946420214797448
2025-09-17,XRP,2,0.0,0.0,0.0,mark,3.0376,0.0,0.9946420214797448
2025-09-17,XRP,2,-6.041580199588725e-05,6.041397699814132e-05,0.0,funding,3.0376,0.0,0.9945819311995377
2025-09-17,XRP,2,0.004246927514391425,0.0,0.0,mark,3.1079,0.0,0.9988148306147772
2025-09-17,XRP,2,-0.007655073847780432,0.0,0.0,mark,2.9814,0.0,0.9911980201449652
2025-09-17,XRP,2,0.0062192990175910234,0.0,0.0,mark,3.0841,0.0,0.997381786431524
2025-09-18,XRP,2,0.0,0.0,0.0,mark,3.0841,0.0,0.997381786431524
2025-09-18,XRP,2,-6.117217841768514e-05,6.117030743807424e-05,0.0,funding,3.0841,0.0,0.9973207762810148
2025-09-18,XRP,2,0.0033511560469779676,0.0,0.0,mark,3.1397,0.0,1.0006685601713037
2025-09-18,XRP,2,-0.005061192898506638,0.0,0.0,mark,3.0558,0.0,0.9956167783656339
2025-09-18,XRP,2,0.0010698708208198681,0.0,0.0,mark,3.0735,0.0,0.9966825297120029
2025-09-19,XRP,2,0.0,0.0,0.0,mark,3.0735,0.0,0.9966825297120029
2025-09-19,XRP,2,-6.100469548490957e-05,6.10028347363109e-05,0.0,funding,3.0735,0.0,0.9966217292523583
2025-09-19,XRP,2,-0.005762134874322566,0.0,0.0,mark,2.9784,0.0,0.9908955737133929
2025-09-19,XRP,2,0.007005931508242578,0.0,0.0,mark,3.0941,0.0,0.9978620952260984
2025-09-19,XRP,2,-0.0062952315969352895,0.0,0.0,mark,2.9901,0.0,0.9916000534169248
2025-09-20,XRP,2,-6.072218640536559e-06,0.0,0.0,mark,2.99,0.0,0.9915940322228776
2025-09-20,XRP,2,-5.965184520150566e-05,5.965006606548423e-05,0.0,funding,2.99,0.0,0.9915348835733453
2025-09-20,XRP,2,0.001159194342274988,0.0,0.0,mark,3.0091,0.0,0.9926849316363762
2025-09-20,XRP,2,-0.0026663341353405107,0.0,0.0,mark,2.9652,0.0,0.9900416274496192
2025-09-20,XRP,2,0.0005958347846490484,0.0,0.0,mark,2.975,0.0,0.9906317044662529
2025-09-21,XRP,2,0.0,0.0,0.0,mark,2.975,0.0,0.9906317044662529
2025-09-21,XRP,2,-5.941023806511788e-05,5.9408473311916425e-05,0.0,funding,2.975,0.0,0.9905728525490762
2025-09-21,XRP,2,0.002337487266435069,0.0,0.0,mark,3.0135,0.0,0.9928910122572799
2025-09-21,XRP,2,-0.003718258897041651,0.0,0.0,mark,2.9523,0.0,0.9892060415003432
2025-09-21,XRP,2,0.001082880915799161,0.0,0.0,mark,2.9701,0.0,0.9902778140407594
2025-09-22,XRP,2,0.0,0.0,0.0,mark,2.9701,0.0,0.9902778140407594
2025-09-22,XRP,2,-5.93335797926457e-05,5.9331819590614185e-05,0.0,funding,2.9701,0.0,0.9902190590561522
2025-09-22,XRP,2,0.00032830221320687163,0.0,0.0,mark,2.9755,0.0,0.9905442035347054
2025-09-22,XRP,2,-0.017043122653828808,0.0,0.0,mark,2.6975,0.0,0.9738052840832607
2025-09-22,XRP,2,0.009544388495365366,0.0,0.0,mark,2.8526,0.0,0.9831441560505955
2025-09-23,XRP,2,-6.124445177713407e-06,0.0,0.0,mark,2.8525,0.0,0.9831381348565482
2025-09-23,XRP,2,-5.739806076181969e-05,5.7396413524602775e-05,0.0,funding,2.8525,0.0,0.9830817062536081
2025-09-23,XRP,2,-0.003276011734857876,0.0,0.0,mark,2.7991,0.0,0.9798663886323594
2025-09-23,XRP,2,0.005961197388256689,0.0,0.0,mark,2.8964,0.0,0.985725010440365
2025-09-23,XRP,2,-0.004389335594361694,0.0,0.0,mark,2.8247,0.0,0.9814078143084636
2025-09-24,XRP,2,0.0,0.0,0.0,mark,2.8247,0.0,0.9814078143084636
2025-09-24,XRP,2,-5.6938867827096e-05,5.693724684050612e-05,0.0,funding,2.8247,0.0,0.9813519356494891
2025-09-24,XRP,2,0.010425093519747432,0.0,0.0,mark,2.9955,0.0,0.9916361350822471
2025-09-24,XRP,2,-0.012660953714547622,0.0,0.0,mark,2.7883,0.0,0.9791602210162783
2025-09-24,XRP,2,0.00841370538665322,0.0,0.0,mark,2.9257,0.0,0.987433341637244
2025-09-25,XRP,2,0.0,0.0,0.0,mark,2.9257,0.0,0.987433341637244
2025-09-25,XRP,2,-5.861494708515245e-05,5.861322926261719e-05,0.0,funding,2.9257,0.0,0.9873754649804091
2025-09-25,XRP,2,0.0011518924776012353,0.0,0.0,mark,2.9446,0.0,0.9885134706553454
2025-09-25,XRP,2,-0.013503498300529144,0.0,0.0,mark,2.7244,0.0,0.97525480136323
2025-09-25,XRP,2,0.0011785335580188079,0.0,0.0,mark,2.7435,0.0,0.9764048494262608
2025-09-26,XRP,2,0.0,0.0,0.0,mark,2.7435,0.0,0.9764048494262608
2025-09-26,XRP,2,-5.558540214570533e-05,5.558385730590831e-05,0.0,funding,2.7435,0.0,0.9763505770784375
2025-09-26,XRP,2,0.004031275340133168,0.0,0.0,mark,2.809,0.0,0.9802944591794074
2025-09-26,XRP,2,-0.0068164859353972195,0.0,0.0,mark,2.6984,0.0,0.9736350185631132
2025-09-26,XRP,2,0.005248989401421948,0.0,0.0,mark,2.7835,0.0,0.9787590546973504
2025-09-27,XRP,2,6.151846562823995e-06,0.0,0.0,mark,2.7836,0.0,0.9787650758913976
2025-09-27,XRP,2,-5.6261878093830614e-05,5.6260295424034194e-05,0.0,funding,2.7836,0.0,0.9787100102790772
2025-09-27,XRP,2,0.002770788185934217,0.0,0.0,mark,2.8287,0.0,0.9814255687944016
2025-09-27,XRP,2,-0.004106701828009274,0.0,0.0,mark,2.7619,0.0,0.977403411170817
2025-09-27,XRP,2,0.0026331804915472965,0.0,0.0,mark,2.8047,0.0,0.9799804822230538
2025-09-28,XRP,2,0.0,0.0,0.0,mark,2.8047,0.0,0.9799804822230538
2025-09-28,XRP,2,-5.661805262990862e-05,5.661644985820261e-05,0.0,funding,2.8047,0.0,0.97992499920722
2025-09-28,XRP,2,0.003851348794179133,0.0,0.0,mark,2.8675,0.0,0.9837063090689132
2025-09-28,XRP,2,-0.00622596063693227,0.0,0.0,mark,2.7661,0.0,0.977600818304969
2025-09-28,XRP,2,0.006219839691666913,0.0,0.0,mark,2.8674,0.0,0.983700287874866
2025-09-29,XRP,2,6.120945265300267e-06,0.0,0.0,mark,2.8675,0.0,0.9837063090689132
2025-09-29,XRP,2,-5.7666572193461564e-05,5.7664909508649026e-05,0.0,funding,2.8675,0.0,0.9836495837336177
2025-09-29,XRP,2,0.0037514202382688,0.0,0.0,mark,2.9289,0.0,0.9873465968786489
2025-09-29,XRP,2,-0.005105138874934818,0.0,0.0,mark,2.8454,0.0,0.9823188998491682
2025-09-29,XRP,2,0.002124702571102415,0.0,0.0,mark,2.8801,0.0,0.9844082541835751
2025-09-30,XRP,2,0.0,0.0,0.0,mark,2.8801,0.0,0.9844082541835751
2025-09-30,XRP,2,-5.787866878868304e-05,5.7876993850919144e-05,0.0,funding,2.8801,0.0,0.984351279593101
2025-09-30,XRP,2,-0.0041006128062490675,0.0,0.0,mark,2.8132,0.0,0.9803231007754691
2025-09-30,XRP,2,0.005787458085969227,0.0,0.0,mark,2.9077,0.0,0.9860131291501508
2025-09-30,XRP,2,-0.00372585566217652,0.0,0.0,mark,2.8468,0.0,0.9823462219753559
2025-10-01,XRP,2,0.0,0.0,0.0,mark,2.8468,0.0,0.9823462219753559
2025-10-01,XRP,2,-5.732954194899866e-05,5.732789864218668e-05,0.0,funding,2.8468,0.0,0.982289906130711
2025-10-01,XRP,2,0.007012312085980253,0.0,0.0,mark,2.9616,0.0,0.9892022368969909
2025-10-01,XRP,2,-0.009018752723047835,0.0,0.0,mark,2.8141,0.0,0.9803209756772496
2025-10-01,XRP,2,0.008221048231656104,0.0,0.0,mark,2.9485,0.0,0.988413460476797
2025-10-02,XRP,2,0.0,0.0,0.0,mark,2.9485,0.0,0.988413460476797
2025-10-02,XRP,2,-5.90131695040927e-05,5.9011428261184444e-05,0.0,funding,2.9485,0.0,0.9883551327867817
2025-10-02,XRP,2,0.009175181013097737,0.0,0.0,mark,3.0998,0.0,0.9974651993803196
2025-10-02,XRP,2,-0.009674860997795182,0.0,0.0,mark,2.9403,0.0,0.9878613948749044
2025-10-02,XRP,2,0.005991861399535461,0.0,0.0,mark,3.0389,0.0,0.9937982922055247
2025-10-03,XRP,2,-6.058787115110804e-06,0.0,0.0,mark,3.0388,0.0,0.9937922710114775
2025-10-03,XRP,2,-6.0491350915502894e-05,6.048952135069368e-05,0.0,funding,3.0388,0.0,0.993732156992682
2025-10-03,XRP,2,0.0033873926142681888,0.0,0.0,mark,3.0948,0.0,0.9971040256591601
2025-10-03,XRP,2,-0.00549213871833564,0.0,0.0,mark,3.0041,0.0,0.9916428026582751
2025-10-03,XRP,2,0.0021835122377526182,0.0,0.0,mark,3.0401,0.0,0.9938104325152967
2025-10-04,XRP,2,6.058676393418307e-06,0.0,0.0,mark,3.0402,0.0,0.9938164537093439
2025-10-04,XRP,2,-6.0517747950097646e-05,6.0515916788131894e-05,0.0,funding,3.0402,0.0,0.9937563119955286
2025-10-04,XRP,2,0.0007268187680951202,0.0,0.0,mark,3.0522,0.0,0.9944788552812025
2025-10-04,XRP,2,-0.006877428048979604,0.0,0.0,mark,2.939,0.0,0.987662863619679
2025-10-04,XRP,2,0.0017968245849512344,0.0,0.0,mark,2.9685,0.0,0.9894391158636273
2025-10-05,XRP,2,0.0,0.0,0.0,mark,2.9685,0.0,0.9894391158636273
2025-10-05,XRP,2,-5.9351884216027194e-05,5.935012292771853e-05,0.0,funding,2.9685,0.0,0.9893803925304713
2025-10-05,XRP,2,0.006254880998302851,0.0,0.0,mark,3.0716,0.0,0.9955882435932193
2025-10-05,XRP,2,-0.0075763774028118885,0.0,0.0,mark,2.9468,0.0,0.988073793422211
2025-10-05,XRP,2,0.0013945236151540715,0.0,0.0,mark,2.9697,0.0,0.9894526468590387
2025-10-06,XRP,2,0.0,0.0,0.0,mark,2.9697,0.0,0.9894526468590387
2025-10-06,XRP,2,-5.93750656020255e-05,5.937330293766932e-05,0.0,funding,2.9697,0.0,0.9893938997872942
2025-10-06,XRP,2,0.004911283551482893,0.0,0.0,mark,3.0506,0.0,0.9942650457715455
2025-10-06,XRP,2,-0.005800196559912912,0.0,0.0,mark,2.9551,0.0,0.9885148054563909
2025-10-06,XRP,2,0.0020202204816746603,0.0,0.0,mark,2.9883,0.0,0.9905138418800886
2025-10-07,XRP,2,0.0,0.0,0.0,mark,2.9883,0.0,0.9905138418800886
2025-10-07,XRP,2,-5.968294582326124e-05,5.968116483164995e-05,0.0,funding,2.9883,0.0,0.9904547268602233
2025-10-07,XRP,2,0.0007839122830610697,0.0,0.0,mark,3.0012,0.0,0.9912314608923227
2025-10-07,XRP,2,-0.009294459776495165,0.0,0.0,mark,2.8489,0.0,0.9820611823583119
2025-10-07,XRP,2,0.00019004852491375058,0.0,0.0,mark,2.852,0.0,0.9822478393737776
2025-10-08,XRP,2,6.1299962706481725e-06,0.0,0.0,mark,2.8521,0.0,0.9822538605678248
2025-10-08,XRP,2,-5.7441678579638147e-05,5.744002883796616e-05,0.0,funding,2.8521,0.0,0.9821974398777475
2025-10-08,XRP,2,0.004446847726210303,0.0,0.0,mark,2.9248,0.0,0.9865748479501217
2025-10-08,XRP,2,-0.00578415337563916,0.0,0.0,mark,2.8303,0.0,0.98088481957544
2025-10-08,XRP,2,0.0030278468510741667,0.0,0.0,mark,2.8797,0.0,0.9838592894347975
2025-10-09,XRP,2,0.0,0.0,0.0,mark,2.8797,0.0,0.9838592894347975
2025-10-09,XRP,2,-5.7902921187511954e-05,5.790124484578387e-05,0.0,funding,2.8797,0.0,0.9838023227571862
2025-10-09,XRP,2,-0.006650381329890756,0.0,0.0,mark,2.7714,0.0,0.9772813696039795
2025-10-09,XRP,2,0.006674862346882896,0.0,0.0,mark,2.8801,0.0,0.9838264075333752
2025-10-09,XRP,2,-0.004785170569065749,0.0,0.0,mark,2.8021,0.0,0.979129876176495
2025-10-10,XRP,2,0.0,0.0,0.0,mark,2.8021,0.0,0.979129876176495
2025-10-10,XRP,2,-5.661470731356107e-05,5.6613104731284803e-05,0.0,funding,2.8021,0.0,0.9790744445942695
2025-10-10,XRP,2,0.0021562827576340135,0.0,0.0,mark,2.8372,0.0,0.9811878837048656
2025-10-10,XRP,2,-0.10218426519214785,0.0,0.0,mark,1.2543,0.0,0.8858784031304351
2025-10-10,XRP,2,0.07312014355114028,0.0,0.0,mark,2.3704,0.0,0.9530809498921522
2025-10-11,XRP,2,0.0,0.0,0.0,mark,2.3704,0.0,0.9530809498921522
2025-10-11,XRP,2,-4.92012547433536e-05,4.920004438149268e-05,0.0,funding,2.3704,0.0,0.9530340582671184
2025-10-11,XRP,2,-0.004457737464348393,0.0,0.0,mark,2.3,0.0,0.9487951376578317
2025-10-11,XRP,2,0.01299461344513569,0.0,0.0,mark,2.5061,0.0,0.9612048185892804
2025-10-11,XRP,2,-0.007810578864478277,0.0,0.0,mark,2.3819,0.0,0.9537264955825558
2025-10-12,XRP,2,0.0,0.0,0.0,mark,2.3819,0.0,0.9537264955825558
2025-10-12,XRP,2,-4.9406495534060814e-05,4.9405275053159724e-05,0.0,funding,2.3819,0.0,0.953679376462716
2025-10-12,XRP,2,0.012685391473091386,0.0,0.0,mark,2.5841,0.0,0.9658542308263207
2025-10-12,XRP,2,-0.017102055547339668,0.0,0.0,mark,2.3121,0.0,0.949476583017713
2025-10-12,XRP,2,0.013611129333443835,0.0,0.0,mark,2.5282,0.0,0.9624883833538899
2025-10-13,XRP,2,6.255841958762751e-06,0.0,0.0,mark,2.5283,0.0,0.9624944045479371
2025-10-13,XRP,2,-5.196552513785869e-05,5.196417495334854e-05,0.0,funding,2.5283,0.0,0.9624443893203075
2025-10-13,XRP,2,0.007336507486065524,0.0,0.0,mark,2.646,0.0,0.9695313347139587
2025-10-13,XRP,2,-0.008325467648889619,0.0,0.0,mark,2.5125,0.0,0.961493040660837
2025-10-13,XRP,2,0.0057884018122834,0.0,0.0,mark,2.6052,0.0,0.9670746875426676
2025-10-14,XRP,2,0.0,0.0,0.0,mark,2.6052,0.0,0.9670746875426676
2025-10-14,XRP,2,-5.329252170071801e-05,5.3291101679469405e-05,0.0,funding,2.6052,0.0,0.9670231510671621
2025-10-14,XRP,2,-0.013565801399053659,0.0,0.0,mark,2.3888,0.0,0.9539932871488433
2025-10-14,XRP,2,0.014536667891369471,0.0,0.0,mark,2.6208,0.0,0.9679624573385381
2025-10-14,XRP,2,-0.007335909677835232,0.0,0.0,mark,2.5033,0.0,0.9608875543329815
2025-10-15,XRP,2,0.0,0.0,0.0,mark,2.5033,0.0,0.9608875543329815
2025-10-15,XRP,2,-5.153771591951761e-05,5.1536387874301216e-05,0.0,funding,2.5033,0.0,0.9608380336592778
2025-10-15,XRP,2,-0.008047282651397985,0.0,0.0,mark,2.3754,0.0,0.9531369264728038
2025-10-15,XRP,2,0.010813293868740406,0.0,0.0,mark,2.5475,0.0,0.9634994014281765
2025-10-15,XRP,2,-0.00857318483712278,0.0,0.0,mark,2.4109,0.0,0.9552744503595889
2025-10-16,XRP,2,6.303083965954058e-06,0.0,0.0,mark,2.411,0.0,0.9552804715536362
2025-10-16,XRP,2,-4.9928761981657466e-05,4.992751556186226e-05,0.0,funding,2.411,0.0,0.9552327767730268
2025-10-16,XRP,2,0.0034922701613801974,0.0,0.0,mark,2.4665,0.0,0.9585745394692684
2025-10-16,XRP,2,-0.011574256350495393,0.0,0.0,mark,2.2833,0.0,0.9475437119746474
2025-10-16,XRP,2,0.002836447962320603,0.0,0.0,mark,2.328,0.0,0.9502351857137825
2025-10-17,XRP,2,0.0,0.0,0.0,mark,2.328,0.0,0.9502351857137825
2025-10-17,XRP,2,-4.846587273655861e-05,4.846469828519987e-05,0.0,funding,2.328,0.0,0.950189132852207
2025-10-17,XRP,2,0.0045521461810082,0.0,0.0,mark,2.4,0.0,0.9545243925662502
2025-10-17,XRP,2,-0.013329049551195047,0.0,0.0,mark,2.1901,0.0,0.9418859062610048
2025-10-17,XRP,2,0.006594651920246651,0.0,0.0,mark,2.2936,0.0,0.9481178420999419
2025-10-18,XRP,2,0.0,0.0,0.0,mark,2.2936,0.0,0.9481178420999419
2025-10-18,XRP,2,-4.785633076900413e-05,4.7855185673048844e-05,0.0,funding,2.2936,0.0,0.9480724697445683
2025-10-18,XRP,2,-0.0002667769523838732,0.0,0.0,mark,2.2894,0.0,0.9478195795945824
2025-10-18,XRP,2,0.006465141666772916,0.0,0.0,mark,2.3915,0.0,0.9539672187168575
2025-10-18,XRP,2,-0.0020154750985598283,0.0,0.0,mark,2.3596,0.0,0.9520464578157745
2025-10-19,XRP,2,0.0,0.0,0.0,mark,2.3596,0.0,0.9520464578157745
2025-10-19,XRP,2,-4.903029855488075e-05,4.9029096589435785e-05,0.0,funding,2.3596,0.0,0.9519997798380366
2025-10-19,XRP,2,0.0037813878232817516,0.0,0.0,mark,2.4195,0.0,0.9556064750723587
2025-10-19,XRP,2,-0.006434990482320677,0.0,0.0,mark,2.3177,0.0,0.9494768995322254
2025-10-19,XRP,2,0.004624991154433346,0.0,0.0,mark,2.3908,0.0,0.9538783923807886
2025-10-20,XRP,2,-6.312348722160689e-06,0.0,0.0,mark,2.3907,0.0,0.9538723711867414
2025-10-20,XRP,2,-4.9581449985001557e-05,4.958022084527333e-05,0.0,funding,2.3907,0.0,0.9538250779839198
2025-10-20,XRP,2,-0.00227515158218075,0.0,0.0,mark,2.3547,0.0,0.9516574481268982
2025-10-20,XRP,2,0.012462255989012553,0.0,0.0,mark,2.5529,0.0,0.9635914547286116
2025-10-20,XRP,2,-0.003637101015120653,0.0,0.0,mark,2.4948,0.0,0.9600931409871406
2025-10-21,XRP,2,0.0,0.0,0.0,mark,2.4948,0.0,0.9600931409871406
2025-10-21,XRP,2,-5.140521451656904e-05,5.140389329118602e-05,0.0,funding,2.4948,0.0,0.9600437884617717
2025-10-21,XRP,2,0.002349160207790588,0.0,0.0,mark,2.5323,0.0,0.9623017362295025
2025-10-21,XRP,2,-0.008243163993630837,0.0,0.0,mark,2.4011,0.0,0.9544019296394682
2025-10-21,XRP,2,0.0013302855397483318,0.0,0.0,mark,2.4222,0.0,0.9556724015834448
2025-10-22,XRP,2,-6.300499005275196e-06,0.0,0.0,mark,2.4221,0.0,0.9556663803893976
2025-10-22,XRP,2,-5.013837958519866e-05,5.013712267767916e-05,0.0,funding,2.4221,0.0,0.9556184660268451
2025-10-22,XRP,2,0.0009698580884797167,0.0,0.0,mark,2.4375,0.0,0.9565457299101265
2025-10-22,XRP,2,-0.007075063362315834,0.0,0.0,mark,2.3255,0.0,0.9498019925771705
2025-10-22,XRP,2,0.00248197012594478,0.0,0.0,mark,2.3647,0.0,0.9521623006437051
2025-10-23,XRP,2,0.0,0.0,0.0,mark,2.3647,0.0,0.9521623006437051
2025-10-23,XRP,2,-4.9130296217751336e-05,4.9129089344463173e-05,0.0,funding,2.3647,0.0,0.9521155217769663
2025-10-23,XRP,2,0.0038628276206957276,0.0,0.0,mark,2.4259,0.0,0.9558004925339031
2025-10-23,XRP,2,-0.004052566107898453,0.0,0.0,mark,2.3617,0.0,0.9519348859555479
2025-10-23,XRP,2,0.0020851459469911696,0.0,0.0,mark,2.3947,0.0,0.953921879991151
2025-10-24,XRP,2,6.312021110561647e-06,0.0,0.0,mark,2.3948,0.0,0.9539279011851982
2025-10-24,XRP,2,-4.966359198168061e-05,4.966235876592312e-05,0.0,funding,2.3948,0.0,0.9538805268755327
2025-10-24,XRP,2,0.007621408527738714,0.0,0.0,mark,2.516,0.0,0.9611782140608388
2025-10-24,XRP,2,-0.008158099267764424,0.0,0.0,mark,2.3863,0.0,0.9533687253815137
2025-10-24,XRP,2,0.00780096534094157,0.0,0.0,mark,2.5103,0.0,0.9608350060001437
2025-10-25,XRP,2,0.0,0.0,0.0,mark,2.5103,0.0,0.9608350060001437
2025-10-25,XRP,2,-5.168466158295492e-05,5.168332595380599e-05,0.0,funding,2.5103,0.0,0.9607853468513408
2025-10-25,XRP,2,0.008977720918488788,0.0,0.0,mark,2.6542,0.0,0.9694498450853799
2025-10-25,XRP,2,-0.009491742932297377,0.0,0.0,mark,2.5021,0.0,0.9602916089394636
2025-10-25,XRP,2,0.005864193769704933,0.0,0.0,mark,2.5959,0.0,0.9659394889558144
2025-10-26,XRP,2,-6.2335300324336235e-06,0.0,0.0,mark,2.5958,0.0,0.9659334677617671
2025-10-26,XRP,2,-5.316296611350892e-05,5.3161552988058205e-05,0.0,funding,2.5958,0.0,0.9658821172385378
2025-10-26,XRP,2,-0.0002369155350913446,0.0,0.0,mark,2.592,0.0,0.965653311864741
2025-10-26,XRP,2,0.004380085396295011,0.0,0.0,mark,2.6624,0.0,0.9698922324740277
2025-10-26,XRP,2,-0.0010124336596529055,0.0,0.0,mark,2.6461,0.0,0.9689107778443207
2025-10-27,XRP,2,-6.214414055449065e-06,0.0,0.0,mark,2.646,0.0,0.9689047566502734
2025-10-27,XRP,2,-5.402491947216782e-05,5.402346015250896e-05,0.0,funding,2.646,0.0,0.9688524130627609
2025-10-27,XRP,2,0.003195495053848506,0.0,0.0,mark,2.6975,0.0,0.9719533279971113
2025-10-27,XRP,2,-0.005977362653412422,0.0,0.0,mark,2.6013,0.0,0.9661609393236258
2025-10-27,XRP,2,0.0020358170800639564,0.0,0.0,mark,2.634,0.0,0.968129869777087
2025-10-28,XRP,2,0.0,0.0,0.0,mark,2.634,0.0,0.968129869777087
2025-10-28,XRP,2,-5.382294826557514e-05,5.382149983664861e-05,0.0,funding,2.634,0.0,0.9680777635754589
2025-10-28,XRP,2,0.0033964245574234883,0.0,0.0,mark,2.6887,0.0,0.9713713567193223
2025-10-28,XRP,2,-0.007541130510469541,0.0,0.0,mark,2.5675,0.0,0.9640736695340162
2025-10-28,XRP,2,0.0022396513978494,0.0,0.0,mark,2.6034,0.0,0.9662352781969905
2025-10-29,XRP,2,0.0,0.0,0.0,mark,2.6034,0.0,0.9662352781969905
2025-10-29,XRP,2,-5.33019662456216e-05,5.3300545721035196e-05,0.0,funding,2.6034,0.0,0.9661837773293677
2025-10-29,XRP,2,0.0037694390567996733,0.0,0.0,mark,2.664,0.0,0.9698326209220207
2025-10-29,XRP,2,-0.00791602881954502,0.0,0.0,mark,2.537,0.0,0.9621857044819723
2025-10-29,XRP,2,0.0008256925107881193,0.0,0.0,mark,2.5502,0.0,0.9629805020962136
2025-10-30,XRP,2,0.0,0.0,0.0,mark,2.5502,0.0,0.9629805020962136
2025-10-30,XRP,2,-5.2389200245988806e-05,5.238782795579013e-05,0.0,funding,2.5502,0.0,0.9629300536393449
2025-10-30,XRP,2,0.0027600101868523134,0.0,0.0,mark,2.5944,0.0,0.9655914214082437
2025-10-30,XRP,2,-0.01365558735974277,0.0,0.0,mark,2.3769,0.0,0.9524953243554048
2025-10-30,XRP,2,0.0039368530436033515,0.0,0.0,mark,2.4393,0.0,0.956252549440909
2025-10-31,XRP,2,0.0,0.0,0.0,mark,2.4393,0.0,0.956252549440909
2025-10-31,XRP,2,-5.046348189078164e-05,5.046220863067805e-05,0.0,funding,2.4393,0.0,0.9562042948252555
2025-10-31,XRP,2,0.00723418167684112,0.0,0.0,mark,2.5546,0.0,0.9631467315617719
2025-10-31,XRP,2,-0.007750666940192599,0.0,0.0,mark,2.4311,0.0,0.9557105569133783
2025-10-31,XRP,2,0.004939758189564194,0.0,0.0,mark,2.5097,0.0,0.9604432154345421
2025-11-01,XRP,2,-6.2692024104416854e-06,0.0,0.0,mark,2.5096,0.0,0.9604371942404949
2025-11-01,XRP,2,-5.169165118307947e-05,5.169031519262193e-05,0.0,funding,2.5096,0.0,0.9603875489392019
2025-11-01,XRP,2,0.0008585591533316663,0.0,0.0,mark,2.5233,0.0,0.9612124525236795
2025-11-01,XRP,2,-0.002967348589601342,0.0,0.0,mark,2.476,0.0,0.958364427739315
2025-11-01,XRP,2,0.0018391626063402329,0.0,0.0,mark,2.5053,0.0,0.9601286375951686
2025-11-02,XRP,2,0.0,0.0,0.0,mark,2.5053,0.0,0.9601286375951686
2025-11-02,XRP,2,-5.161966347994148e-05,5.161833120809206e-05,0.0,funding,2.5053,0.0,0.9600790773571509
2025-11-02,XRP,2,0.0031058658243615714,0.0,0.0,mark,2.5549,0.0,0.9630655896046029
2025-11-02,XRP,2,-0.004819469229091419,0.0,0.0,mark,2.478,0.0,0.9584352913822428
2025-11-02,XRP,2,0.003054817528255172,0.0,0.0,mark,2.5267,0.0,0.9613676128832692
2025-11-03,XRP,2,0.0,0.0,0.0,mark,2.5267,0.0,0.9613676128832692
2025-11-03,XRP,2,-5.199350896615822e-05,5.199215732719135e-05,0.0,funding,2.5267,0.0,0.961317629307091
2025-11-03,XRP,2,0.00034443209376080444,0.0,0.0,mark,2.5322,0.0,0.9616487949796915
2025-11-03,XRP,2,-0.016992784142369804,0.0,0.0,mark,2.2631,0.0,0.945445761798455
2025-11-03,XRP,2,0.0029570365091842583,0.0,0.0,mark,2.3096,0.0,0.9482456170304412
2025-11-04,XRP,2,-6.349845499872829e-06,0.0,0.0,mark,2.3095,0.0,0.948239595836394
2025-11-04,XRP,2,-4.818190731619983e-05,4.818074658669858e-05,0.0,funding,2.3095,0.0,0.9481939089447234
2025-11-04,XRP,2,0.0035497881453965727,0.0,0.0,mark,2.3655,0.0,0.9515657776112015
2025-11-04,XRP,2,-0.01910100089311955,0.0,0.0,mark,2.0665,0.0,0.9335624074098277
2025-11-04,XRP,2,0.008912345329989402,0.0,0.0,mark,2.2053,0.0,0.9419198247474554
2025-11-05,XRP,2,0.0,0.0,0.0,mark,2.2053,0.0,0.9419198247474554
2025-11-05,XRP,2,-4.6316682232830676e-05,4.6315609631850263e-05,0.0,funding,2.2053,0.0,0.9418761991565479
2025-11-05,XRP,2,0.010891282064656716,0.0,0.0,mark,2.3766,0.0,0.9521905045595424
2025-11-05,XRP,2,-0.017549087148046726,0.0,0.0,mark,2.1015,0.0,0.9356261997354689
2025-11-05,XRP,2,0.015434798513732114,0.0,0.0,mark,2.3432,0.0,0.95017942574775
2025-11-06,XRP,2,0.0,0.0,0.0,mark,2.3432,0.0,0.95017942574775
2025-11-06,XRP,2,-4.878518709094405e-05,4.8783997113009283e-05,0.0,funding,2.3432,0.0,0.9501330721973875
2025-11-06,XRP,2,-0.010421796449100407,0.0,0.0,mark,2.1796,0.0,0.9402823987360338
2025-11-06,XRP,2,0.015024676754397078,0.0,0.0,mark,2.416,0.0,0.954516501463809
2025-11-06,XRP,2,-0.012888157741137619,0.0,0.0,mark,2.213,0.0,0.942293477547826
2025-11-07,XRP,2,0.0,0.0,0.0,mark,2.213,0.0,0.942293477547826
2025-11-07,XRP,2,-4.645997401871888e-05,4.645889477086537e-05,0.0,funding,2.213,0.0,0.9422496996343094
2025-11-07,XRP,2,0.010166130080083878,0.0,0.0,mark,2.3729,0.0,0.9518775889159137
2025-11-07,XRP,2,-0.01396915012506771,0.0,0.0,mark,2.1536,0.0,0.9386731103702237
2025-11-07,XRP,2,0.010325301072396154,0.0,0.0,mark,2.3154,0.0,0.9484154023387263
2025-11-08,XRP,2,6.348668441110857e-06,0.0,0.0,mark,2.3155,0.0,0.9484214235327736
2025-11-08,XRP,2,-4.829782377332064e-05,4.829665745218068e-05,0.0,funding,2.3155,0.0,0.9483756179481609
2025-11-08,XRP,2,0.0014338353789027027,0.0,0.0,mark,2.3381,0.0,0.9497364078028467
2025-11-08,XRP,2,-0.0060857247055105725,0.0,0.0,mark,2.2424,0.0,0.9439741250995977
2025-11-08,XRP,2,0.0027962738995529345,0.0,0.0,mark,2.2863,0.0,0.9466174292863546
2025-11-09,XRP,2,6.360726848472189e-06,0.0,0.0,mark,2.2864,0.0,0.9466234504804019
2025-11-09,XRP,2,-4.7781411292259096e-05,4.77802697788896e-05,0.0,funding,2.2864,0.0,0.9465782205565589
2025-11-09,XRP,2,0.006884306149156607,0.0,0.0,mark,2.395,0.0,0.9531172372919074
2025-11-09,XRP,2,-0.009891219364482867,0.0,0.0,mark,2.2392,0.0,0.9437362169662417
2025-11-09,XRP,2,0.008070159740105214,0.0,0.0,mark,2.3662,0.0,0.9513831334062901
2025-11-10,XRP,2,0.0,0.0,0.0,mark,2.3662,0.0,0.9513831334062901
2025-11-10,XRP,2,-4.92017252257286e-05,4.920051484065547e-05,0.0,funding,2.3662,0.0,0.9513363248663158
2025-11-10,XRP,2,0.013491039873791664,0.0,0.0,mark,2.5808,0.0,0.9642578072917835
2025-11-10,XRP,2,-0.014757680921882057,0.0,0.0,mark,2.3462,0.0,0.9501320860568593
2025-11-10,XRP,2,0.011329891449646013,0.0,0.0,mark,2.526,0.0,0.9609581929538727
2025-11-11,XRP,2,0.0,0.0,0.0,mark,2.526,0.0,0.9609581929538727
2025-11-11,XRP,2,-5.200125072059155e-05,5.199989867901359e-05,0.0,funding,2.526,0.0,0.9609082232252044
2025-11-11,XRP,2,0.0027533116912063,0.0,0.0,mark,2.57,0.0,0.9635575486060086
2025-11-11,XRP,2,-0.012026209820713481,0.0,0.0,mark,2.3787,0.0,0.9520390043935577
2025-11-11,XRP,2,0.0008092116411757092,0.0,0.0,mark,2.3915,0.0,0.9528097172316099
2025-11-12,XRP,2,0.0,0.0,0.0,mark,2.3915,0.0,0.9528097172316099
2025-11-12,XRP,2,-4.965335914134221e-05,4.965212643373012e-05,0.0,funding,2.3915,0.0,0.9527624082030627
2025-11-12,XRP,2,0.0036335508229891488,0.0,0.0,mark,2.4491,0.0,0.9562306159742973
2025-11-12,XRP,2,-0.008378261348138207,0.0,0.0,mark,2.3166,0.0,0.9482525338616483
2025-11-12,XRP,2,0.00451717463010225,0.0,0.0,mark,2.3879,0.0,0.9525456452173605
2025-11-13,XRP,2,-6.321180625869236e-06,0.0,0.0,mark,2.3878,0.0,0.9525396240233133
2025-11-13,XRP,2,-4.959059404050535e-05,4.958936444736071e-05,0.0,funding,2.3878,0.0,0.952492388188747
2025-11-13,XRP,2,-0.007111645197992775,0.0,0.0,mark,2.2757,0.0,0.9457426296617436
2025-11-13,XRP,2,0.0158351034745236,0.0,0.0,mark,2.5264,0.0,0.9608377631382802
2025-11-13,XRP,2,-0.012859950473435529,0.0,0.0,mark,2.3225,0.0,0.9485605484758717
2025-11-14,XRP,2,0.0,0.0,0.0,mark,2.3225,0.0,0.9485605484758717
2025-11-14,XRP,2,-4.843673130281245e-05,4.843555826323716e-05,0.0,funding,2.3225,0.0,0.9485146044161598
2025-11-14,XRP,2,0.0012117382481891662,0.0,0.0,mark,2.3416,0.0,0.9496646524791906
2025-11-14,XRP,2,-0.007381970884451613,0.0,0.0,mark,2.2256,0.0,0.9426800673843432
2025-11-14,XRP,2,0.0011937150469398055,0.0,0.0,mark,2.2443,0.0,0.943806030671185
2025-11-15,XRP,2,0.0,0.0,0.0,mark,2.2443,0.0,0.943806030671185
2025-11-15,XRP,2,-4.704159313696135e-05,4.7040486698590586e-05,0.0,funding,2.2443,0.0,0.9437616335761532
2025-11-15,XRP,2,0.003763485953512934,0.0,0.0,mark,2.3034,0.0,0.947320159258097
2025-11-15,XRP,2,-0.005883890602905126,0.0,0.0,mark,2.2111,0.0,0.9417625971524555
2025-11-15,XRP,2,0.0016673224124501831,0.0,0.0,mark,2.2372,0.0,0.9433341287987962
2025-11-16,XRP,2,0.0,0.0,0.0,mark,2.2372,0.0,0.9433341287987962
2025-11-16,XRP,2,-4.69162288857105e-05,4.6915128336604684e-05,0.0,funding,2.2372,0.0,0.9432898721570793
2025-11-16,XRP,2,-0.00520945853263692,0.0,0.0,mark,2.1558,0.0,0.9383886202025915
2025-11-16,XRP,2,0.007937736703946607,0.0,0.0,mark,2.28,0.0,0.945866943209316
2025-11-16,XRP,2,-0.004152742561450526,0.0,0.0,mark,2.2149,0.0,0.9419471458845352
2025-11-17,XRP,2,-6.39230483176146e-06,0.0,0.0,mark,2.2148,0.0,0.941941124690488
2025-11-17,XRP,2,-4.6515158172001915e-05,4.6514076358780324e-05,0.0,funding,2.2148,0.0,0.9418973111690886
2025-11-17,XRP,2,0.005921181557678283,0.0,0.0,mark,2.3077,0.0,0.9474910004390138
2025-11-17,XRP,2,-0.012347192063414964,0.0,0.0,mark,2.1146,0.0,0.9358640747337118
2025-11-17,XRP,2,0.0031540332681552568,0.0,0.0,mark,2.1637,0.0,0.9388204810109274
2025-11-18,XRP,2,0.0,0.0,0.0,mark,2.1637,0.0,0.9388204810109274
2025-11-18,XRP,2,-4.559298587802571e-05,4.559194653358161e-05,0.0,funding,2.1637,0.0,0.9387776783577525
2025-11-18,XRP,2,0.0049648147479804125,0.0,0.0,mark,2.2413,0.0,0.9434501249384435
2025-11-18,XRP,2,-0.008646729790623054,0.0,0.0,mark,2.1064,0.0,0.9353275341686598
2025-11-18,XRP,2,0.00710745936481287,0.0,0.0,mark,2.2172,0.0,0.9419990171730485
2025-11-19,XRP,2,-6.3919528376313875e-06,0.0,0.0,mark,2.2171,0.0,0.9419929959790012
2025-11-19,XRP,2,-4.656089972370092e-05,4.655981578177799e-05,0.0,funding,2.2171,0.0,0.9419491369586407
2025-11-19,XRP,2,0.00015979400448771358,0.0,0.0,mark,2.2196,0.0,0.9420996668098227
2025-11-19,XRP,2,-0.012554194226930106,0.0,0.0,mark,2.0244,0.0,0.9303462960295278
2025-11-19,XRP,2,0.005511863143496616,0.0,0.0,mark,2.1098,0.0,0.9354883957459068
2025-11-20,XRP,2,-6.436438391105344e-06,0.0,0.0,mark,2.1097,0.0,0.9354823745518596
2025-11-20,XRP,2,-4.4613718869650365e-05,4.4612723692445786e-05,0.0,funding,2.1097,0.0,0.9354406401351645
2025-11-20,XRP,2,0.002577809843986555,0.0,0.0,mark,2.1498,0.0,0.9378551389481247
2025-11-20,XRP,2,-0.011331365107184698,0.0,0.0,mark,1.9743,0.0,0.9272879433951443
2025-11-20,XRP,2,0.0016609144477068292,0.0,0.0,mark,1.9999,0.0,0.9288293690712486
2025-11-21,XRP,2,-6.482583092474996e-06,0.0,0.0,mark,1.9998,0.0,0.9288233478772013
2025-11-21,XRP,2,-4.2592814044661555e-05,4.2591906983595446e-05,0.0,funding,1.9998,0.0,0.9287837875195644
2025-11-21,XRP,2,0.0020076761378802566,0.0,0.0,mark,2.0308,0.0,0.9306503576742219
2025-11-21,XRP,2,-0.013673328760229985,0.0,0.0,mark,1.8209,0.0,0.9180118713689764
2025-11-21,XRP,2,0.008490488691375973,0.0,0.0,mark,1.9509,0.0,0.9258394236304434
2025-11-22,XRP,2,0.0,0.0,0.0,mark,1.9509,0.0,0.9258394236304434
2025-11-22,XRP,2,-4.168521404190817e-05,4.168434522551742e-05,0.0,funding,1.9509,0.0,0.9258008306202854
2025-11-22,XRP,2,0.0010530557984368355,0.0,0.0,mark,1.9671,0.0,0.9267762640559452
2025-11-22,XRP,2,-0.0050870138237549935,0.0,0.0,mark,1.889,0.0,0.9220737115050177
2025-11-22,XRP,2,0.0040339580253180365,0.0,0.0,mark,1.9509,0.0,0.9258008306202854
2025-11-23,XRP,2,-6.503789398769954e-06,0.0,0.0,mark,1.9508,0.0,0.9257948094262382
2025-11-23,XRP,2,-4.168508603651736e-05,4.168421722543343e-05,0.0,funding,1.9508,0.0,0.9257562183942959
2025-11-23,XRP,2,-7.15474577848197e-05,0.0,0.0,mark,1.9497,0.0,0.9256899852597757
2025-11-23,XRP,2,0.00873636057426906,0.0,0.0,mark,2.0846,0.0,0.9338125760295595
2025-11-23,XRP,2,-0.002291652638129593,0.0,0.0,mark,2.0491,0.0,0.9316750521427742
2025-11-24,XRP,2,0.0,0.0,0.0,mark,2.0491,0.0,0.9316750521427742
2025-11-24,XRP,2,-4.350926831137941e-05,4.3508321796891133e-05,0.0,funding,2.0491,0.0,0.9316345165247955
2025-11-24,XRP,2,0.015245842751574442,0.0,0.0,mark,2.2868,0.0,0.9459468947751853
2025-11-24,XRP,2,-0.016882330976258724,0.0,0.0,mark,2.0238,0.0,0.930111154430833
2025-11-24,XRP,2,0.013106981816479816,0.0,0.0,mark,2.2276,0.0,0.9423823478991942
2025-11-25,XRP,2,0.0,0.0,0.0,mark,2.2276,0.0,0.9423823478991942
2025-11-25,XRP,2,-4.676208488179038e-05,4.6760991552528764e-05,0.0,funding,2.2276,0.0,0.9423382811661848
2025-11-25,XRP,2,0.002399619925050094,0.0,0.0,mark,2.2652,0.0,0.944602250127963
2025-11-25,XRP,2,-0.0074859002896254965,0.0,0.0,mark,2.1482,0.0,0.9375574530926427
2025-11-25,XRP,2,0.0034747955671042556,0.0,0.0,mark,2.2024,0.0,0.9408209402662697
2025-11-26,XRP,2,-6.399956736963616e-06,0.0,0.0,mark,2.2023,0.0,0.9408149190722225
2025-11-26,XRP,2,-4.6307995646882644e-05,4.630692344819947e-05,0.0,funding,2.2023,0.0,0.9407713528277861
2025-11-26,XRP,2,0.0033481321081705777,0.0,0.0,mark,2.2547,0.0,0.943926458508562
2025-11-26,XRP,2,-0.007041501798904237,0.0,0.0,mark,2.1447,0.0,0.9373031450565515
2025-11-26,XRP,2,0.005036524708732831,0.0,0.0,mark,2.2233,0.0,0.9420358035777154
2025-11-27,XRP,2,-6.391703231698755e-06,0.0,0.0,mark,2.2232,0.0,0.9420297823836682
2025-11-27,XRP,2,-4.668718441055033e-05,4.6686094580929114e-05,0.0,funding,2.2232,0.0,0.9419858026921498
2025-11-27,XRP,2,0.0007348124980431598,0.0,0.0,mark,2.2347,0.0,0.9426782400075873
2025-11-27,XRP,2,-0.003968004784749114,0.0,0.0,mark,2.1727,0.0,0.9389450996982722
2025-11-27,XRP,2,0.0017427409717613552,0.0,0.0,mark,2.1999,0.0,0.940582864479133
2025-11-28,XRP,2,6.4015356883860195e-06,0.0,0.0,mark,2.2,0.0,0.9405888856731802
2025-11-28,XRP,2,-4.6270749117564166e-05,4.62696786429439e-05,0.0,funding,2.2,0.0,0.940545364927705
2025-11-28,XRP,2,0.004802611157841646,0.0,0.0,mark,2.2752,0.0,0.9450733028512612
2025-11-28,XRP,2,-0.0075912838562667345,0.0,0.0,mark,2.1565,0.0,0.9379261455171373
2025-11-28,XRP,2,0.0014754394462613357,0.0,0.0,mark,2.1795,0.0,0.9393110201480122
2025-11-29,XRP,2,0.0,0.0,0.0,mark,2.1795,0.0,0.9393110201480122
2025-11-29,XRP,2,-4.5901942886540336e-05,4.590088940852404e-05,0.0,funding,2.1795,0.0,0.9392679049367562
2025-11-29,XRP,2,-0.00082729897183714,0.0,0.0,mark,2.1666,0.0,0.9384911709046567
2025-11-29,XRP,2,0.003618386218942356,0.0,0.0,mark,2.2231,0.0,0.9418931455413712
2025-11-29,XRP,2,-0.0014201764691089752,0.0,0.0,mark,2.2009,0.0,0.9405564404628745
2025-11-30,XRP,2,6.401715532706568e-06,0.0,0.0,mark,2.201,0.0,0.9405624616569217
2025-11-30,XRP,2,-4.6293082307287395e-05,4.6292010799107055e-05,0.0,funding,2.201,0.0,0.9405189211292895
2025-11-30,XRP,2,0.0008958773783948183,0.0,0.0,mark,2.215,0.0,0.9413618882959089
2025-11-30,XRP,2,-0.0040120955685045605,0.0,0.0,mark,2.1524,0.0,0.9375926208223103
2025-11-30,XRP,2,0.0001669573474053732,0.0,0.0,mark,2.155,0.0,0.9377491718675396
2025-12-01,XRP,2,-6.4209210295407e-06,0.0,0.0,mark,2.1549,0.0,0.9377431506734923
2025-12-01,XRP,2,-4.54597179527463e-05,4.545868467539816e-05,0.0,funding,2.1549,0.0,0.9377005221032993
2025-12-01,XRP,2,0.0003851998136986672,0.0,0.0,mark,2.1609,0.0,0.9380617937461363
2025-12-01,XRP,2,-0.011452208157495135,0.0,0.0,mark,1.9835,0.0,0.9273801955062576
2025-12-01,XRP,2,0.0029951338444846555,0.0,0.0,mark,2.0297,0.0,0.930161987156102
2025-12-02,XRP,2,0.0,0.0,0.0,mark,2.0297,0.0,0.930161987156102
2025-12-02,XRP,2,-0.0001905308315451712,0.0001905126816990723,0.13138805634418776,rotation,2.0297,-0.06021194047282238,0.9299847795015144
2025-12-02,TRX,3,-0.0007247373144570303,0.0007244747558020435,0.49963776262209897,entry,0.2769,1.6780625298040546,0.9293110290054853
2025-12-02,TRX,3,-0.00016428454119421496,0.00016427104722792606,0.0,funding,0.2769,0.0,0.9291583701095502
2025-12-02,TRX,3,-0.0005419476386001068,0.0,0.0,mark,0.2766,0.0,0.928654951350609
2025-12-02,TRX,3,0.011676939643256218,0.0,0.0,mark,0.2831,0.0,0.9395623577943354
2025-12-02,TRX,3,-0.0037576604665835915,0.0,0.0,mark,0.281,0.0,0.9360384264817468
2025-12-03,TRX,3,-0.00017928889624723427,0.0,0.0,mark,0.2809,0.0,0.9358706202287663
2025-12-03,TRX,3,-0.0001654897203377909,0.00016547602766931198,0.0,funding,0.2809,0.0,0.9357157560761185
2025-12-03,TRX,3,0.0010754293887411022,0.0,0.0,mark,0.2815,0.0,0.9367225935940009
2025-12-03,TRX,3,-0.006109448891475936,0.0,0.0,mark,0.2781,0.0,0.9310171809926672
2025-12-03,TRX,3,0.004136944025588584,0.0,0.0,mark,0.2804,0.0,0.9348767248112164
2025-12-04,TRX,3,0.0,0.0,0.0,mark,0.2804,0.0,0.9348767248112164
2025-12-04,TRX,3,-0.0001653707638845512,0.000165357090893458,0.0,funding,0.2804,0.0,0.9347221363156576
2025-12-04,TRX,3,-0.0019767305219752693,0.0,0.0,mark,0.2793,0.0,0.9328762675328731
2025-12-04,TRX,3,0.012335360409377964,0.0,0.0,mark,0.2862,0.0,0.9444548989885211
2025-12-04,TRX,3,0.0,0.0,0.0,mark,0.2862,0.0,0.9444548989885211
2025-12-05,TRX,3,-0.00017769102837461942,0.0,0.0,mark,0.2861,0.0,0.9442870927355407
2025-12-05,TRX,3,-0.00016705106160939487,0.00016703710935772427,0.0,funding,0.2861,0.0,0.9441293617491663
2025-12-05,TRX,3,0.0031941503551229547,0.0,0.0,mark,0.2879,0.0,0.9471498743028135
2025-12-05,TRX,3,-0.006933599993980477,0.0,0.0,mark,0.284,0.0,0.9406054304365776
2025-12-05,TRX,3,0.002850372001676032,0.0,0.0,mark,0.2856,0.0,0.9432903304842641
2025-12-06,TRX,3,-0.00017791042189269844,0.0,0.0,mark,0.2855,0.0,0.9431225242312836
2025-12-06,TRX,3,-0.0001669065574737681,0.000166892629349241,0.0,funding,0.2855,0.0,0.9429651240334161
2025-12-06,TRX,3,0.008682043226122798,0.0,0.0,mark,0.2904,0.0,0.9511876304294561
2025-12-06,TRX,3,-0.008682043226122772,0.0,0.0,mark,0.2855,0.0,0.9429651240334161
2025-12-06,TRX,3,0.00284324930794858,0.0,0.0,mark,0.2871,0.0,0.9456500240811027
2025-12-07,TRX,3,-0.00017746644015914474,0.0,0.0,mark,0.287,0.0,0.9454822178281221
2025-12-07,TRX,3,-0.00016736476619749443,0.00016735076149625757,0.0,funding,0.287,0.0,0.9453239906589874
2025-12-07,TRX,3,0.0012418118974117964,0.0,0.0,mark,0.2877,0.0,0.9464986344298503
2025-12-07,TRX,3,-0.0064029526559981394,0.0,0.0,mark,0.2841,0.0,0.9404576093225557
2025-12-07,TRX,3,0.0048060539327005655,0.0,0.0,mark,0.2868,0.0,0.9449883781530266
2025-12-08,TRX,3,0.0,0.0,0.0,mark,0.2868,0.0,0.9449883781530266
2025-12-08,TRX,3,-0.00016733553513715197,0.00016732153532735632,0.0,funding,0.2868,0.0,0.9448302612467275
2025-12-08,TRX,3,0.0021289879610260506,0.0,0.0,mark,0.288,0.0,0.9468439362824924
2025-12-08,TRX,3,-0.011945266408276355,0.0,0.0,mark,0.2813,0.0,0.9356009173328053
2025-12-08,TRX,3,0.00017934057469034889,0.0,0.0,mark,0.2814,0.0,0.9357687235857857
2025-12-09,TRX,3,-0.00017934057469026887,0.0,0.0,mark,0.2813,0.0,0.9356009173328053
2025-12-09,TRX,3,-0.00016577317341254322,0.0001657594337992443,0.0,funding,0.2813,0.0,0.9354458326544861
2025-12-09,TRX,3,0.003938733622192448,0.0,0.0,mark,0.2835,0.0,0.939137570220055
2025-12-09,TRX,3,-0.006453301991171073,0.0,0.0,mark,0.2799,0.0,0.9330965451127604
2025-12-09,TRX,3,0.0041277440306024754,0.0,0.0,mark,0.2822,0.0,0.9369560889313098
2025-12-10,TRX,3,0.0001790812076872157,0.0,0.0,mark,0.2823,0.0,0.9371238951842902
2025-12-10,TRX,3,-0.00016609214492647987,0.00016607835238978993,0.0,funding,0.2823,0.0,0.9369682591917928
2025-12-10,TRX,3,0.0010739925678204562,0.0,0.0,mark,0.2829,0.0,0.9379750967096753
2025-12-10,TRX,3,-0.01097304739684242,0.0,0.0,mark,0.2768,0.0,0.9277389152778706
2025-12-10,TRX,3,0.0059511840494467245,0.0,0.0,mark,0.2801,0.0,0.933276521626224
2025-12-11,TRX,3,-0.00017981952504331387,0.0,0.0,mark,0.28,0.0,0.9331087153732436
2025-12-11,TRX,3,-0.0001654477528856629,0.00016543406716094337,0.0,funding,0.28,0.0,0.932954347403356
2025-12-11,TRX,3,0.003411617348745645,0.0,0.0,mark,0.2819,0.0,0.9361426662099837
2025-12-11,TRX,3,-0.007015412212182603,0.0,0.0,mark,0.278,0.0,0.9295982223437479
2025-12-11,TRX,3,0.004502717958061013,0.0,0.0,mark,0.2805,0.0,0.9337933786682581
2025-12-12,TRX,3,0.0,0.0,0.0,mark,0.2805,0.0,0.9337933786682581
2025-12-12,TRX,3,-0.000165621685730694,0.00016560797121644913,0.0,funding,0.2805,0.0,0.9336387350412815
2025-12-12,TRX,3,0.0005390554900085458,0.0,0.0,mark,0.2808,0.0,0.9341421538002226
2025-12-12,TRX,3,-0.013018215874652236,0.0,0.0,mark,0.2736,0.0,0.9220601035856334
2025-12-12,TRX,3,0.00018197402165185994,0.0,0.0,mark,0.2737,0.0,0.9222279098386138
2025-12-13,TRX,3,0.0,0.0,0.0,mark,0.2737,0.0,0.9222279098386138
2025-12-13,TRX,3,-0.00016363312688425123,0.00016361973971429206,0.0,funding,0.2737,0.0,0.9220770151480487
2025-12-13,TRX,3,0.002544581194787177,0.0,0.0,mark,0.2751,0.0,0.9244263026897744
2025-12-13,TRX,3,-0.007836187099401395,0.0,0.0,mark,0.2708,0.0,0.9172106338116169
2025-12-13,TRX,3,0.0003658386714214165,0.0,0.0,mark,0.271,0.0,0.9175462463175778
2025-12-14,TRX,3,0.0,0.0,0.0,mark,0.271,0.0,0.9175462463175778
2025-12-14,TRX,3,-0.0001628455331546255,0.00016283227454050252,0.0,funding,0.271,0.0,0.9173968401752938
2025-12-14,TRX,3,0.011638610404305052,0.0,0.0,mark,0.2774,0.0,0.9281364403660397
2025-12-14,TRX,3,-0.0123705408595849,0.0,0.0,mark,0.2706,0.0,0.9167256151633721
2025-12-14,TRX,3,0.012189725392028778,0.0,0.0,mark,0.2773,0.0,0.9279686341130593
2025-12-15,TRX,3,0.0,0.0,0.0,mark,0.2773,0.0,0.9279686341130593
2025-12-15,TRX,3,-0.00016475989654249167,0.00016474632437612588,0.0,funding,0.2773,0.0,0.9278157546914528
2025-12-15,TRX,3,-0.00018087796937751616,0.0,0.0,mark,0.2772,0.0,0.9276479484384724
2025-12-15,TRX,3,0.009900020759029224,0.0,0.0,mark,0.2827,0.0,0.9368772923523947
2025-12-15,TRX,3,-0.007912160246967937,0.0,0.0,mark,0.2783,0.0,0.9294938172212568
2025-12-16,TRX,3,-0.0001805513916857045,0.0,0.0,mark,0.2782,0.0,0.9293260109682764
2025-12-16,TRX,3,-0.0001650532326377674,0.00016503961210233352,0.0,funding,0.2782,0.0,0.9291726353639096
2025-12-16,TRX,3,0.006839263742862042,0.0,0.0,mark,0.282,0.0,0.935549272977165
2025-12-16,TRX,3,-0.007923436232379415,0.0,0.0,mark,0.2776,0.0,0.9281657978460272
2025-12-16,TRX,3,0.0046896150194356105,0.0,0.0,mark,0.2802,0.0,0.9325287604235177
2025-12-17,TRX,3,0.0,0.0,0.0,mark,0.2802,0.0,0.9325287604235177
2025-12-17,TRX,3,-0.00016566891634214333,0.00016565519400494927,0.0,funding,0.2802,0.0,0.9323742821907945
2025-12-17,TRX,3,-0.003064305149527914,0.0,0.0,mark,0.2785,0.0,0.9295215758901277
2025-12-17,TRX,3,0.0064780413754186,0.0,0.0,mark,0.2821,0.0,0.9355626009974223
2025-12-17,TRX,3,-0.004494183802199945,0.0,0.0,mark,0.2796,0.0,0.9313674446729121
2025-12-18,TRX,3,0.0,0.0,0.0,mark,0.2796,0.0,0.9313674446729121
2025-12-18,TRX,3,-0.00016552028172567873,0.0001655065839996008,0.0,funding,0.2796,0.0,0.9312132972286958
2025-12-18,TRX,3,0.004315516419436475,0.0,0.0,mark,0.282,0.0,0.9352406473002255
2025-12-18,TRX,3,-0.009011771726653671,0.0,0.0,mark,0.277,0.0,0.9268503346512053
2025-12-18,TRX,3,0.004155503918782921,0.0,0.0,mark,0.2793,0.0,0.9307098784697545
2025-12-19,TRX,3,-0.00018031546279716776,0.0,0.0,mark,0.2792,0.0,0.9305420722167741
2025-12-19,TRX,3,-0.00016543008163048275,0.00016541639882900966,0.0,funding,0.2792,0.0,0.9303881452982291
2025-12-19,TRX,3,0.0025218791630470423,0.0,0.0,mark,0.2806,0.0,0.9327374328399548
2025-12-19,TRX,3,-0.004688563393381012,0.0,0.0,mark,0.278,0.0,0.9283744702624642
2025-12-19,TRX,3,0.003608536704219142,0.0,0.0,mark,0.28,0.0,0.9317305953220724
2025-12-20,TRX,3,0.00018008547163988876,0.0,0.0,mark,0.2801,0.0,0.9318984015750528
2025-12-20,TRX,3,-0.000165721817996711,0.00016570808689481253,0.0,funding,0.2801,0.0,0.9317439784737475
2025-12-20,TRX,3,0.0032365405672751778,0.0,0.0,mark,0.2819,0.0,0.9347644910273947
2025-12-20,TRX,3,-0.0059416826836927806,0.0,0.0,mark,0.2786,0.0,0.9292268846790414
2025-12-20,TRX,3,0.005941682683692897,0.0,0.0,mark,0.2819,0.0,0.9347644910273947
2025-12-21,TRX,3,0.0,0.0,0.0,mark,0.2819,0.0,0.9347644910273947
2025-12-21,TRX,3,-0.00016627545180051564,0.0001662616288036625,0.0,funding,0.2819,0.0,0.9346090755605686
2025-12-21,TRX,3,-0.0012576194516451381,0.0,0.0,mark,0.2812,0.0,0.9334344317897058
2025-12-21,TRX,3,0.013215487126674943,0.0,0.0,mark,0.2886,0.0,0.9458520945102558
2025-12-21,TRX,3,-0.000532380039969904,0.0,0.0,mark,0.2883,0.0,0.9453486757513145
2025-12-22,TRX,3,0.0,0.0,0.0,mark,0.2883,0.0,0.9453486757513145
2025-12-22,TRX,3,-0.00016814667959111088,0.00016813254373049917,0.0,funding,0.2883,0.0,0.9451897318737482
2025-12-22,TRX,3,-0.009095632725009063,0.0,0.0,mark,0.2832,0.0,0.9366316129717476
2025-12-22,TRX,3,0.01051492193387343,0.0,0.0,mark,0.2891,0.0,0.9465321818975915
2025-12-22,TRX,3,-0.008367318229407651,0.0,0.0,mark,0.2844,0.0,0.9386452880075123
2025-12-23,TRX,3,0.0,0.0,0.0,mark,0.2844,0.0,0.9386452880075123
2025-12-23,TRX,3,-0.00016705655624303328,0.00016704260307351653,0.0,funding,0.2844,0.0,0.9384884942552408
2025-12-23,TRX,3,0.000714963575903333,0.0,0.0,mark,0.2848,0.0,0.9391597192671625
2025-12-23,TRX,3,-0.004476931835590648,0.0,0.0,mark,0.2823,0.0,0.9349645629426523
2025-12-23,TRX,3,0.0023305057593652153,0.0,0.0,mark,0.2836,0.0,0.9371460442313976
2025-12-24,TRX,3,0.0,0.0,0.0,mark,0.2836,0.0,0.9371460442313976
2025-12-24,TRX,3,-0.00016685312414489514,0.00016683920493647578,0.0,funding,0.2836,0.0,0.9369896915304686
2025-12-24,TRX,3,0.0014317011933298448,0.0,0.0,mark,0.2844,0.0,0.9383321415543118
2025-12-24,TRX,3,-0.009162411576937616,0.0,0.0,mark,0.2793,0.0,0.9297740226523111
2025-12-24,TRX,3,0.0018031801482042483,0.0,0.0,mark,0.2803,0.0,0.9314520851821152
2025-12-25,TRX,3,-0.00018017176951871383,0.0,0.0,mark,0.2802,0.0,0.9312842789291348
2025-12-25,TRX,3,-0.0001658903192016974,0.00016587656016354548,0.0,funding,0.2802,0.0,0.9311298006964116
2025-12-25,TRX,3,0.0014407048490049689,0.0,0.0,mark,0.281,0.0,0.9324722507202549
2025-12-25,TRX,3,-0.007405650363079287,0.0,0.0,mark,0.2769,0.0,0.9255921943480582
2025-12-25,TRX,3,0.0032580166554662614,0.0,0.0,mark,0.2787,0.0,0.9286127069017055
2025-12-26,TRX,3,0.0,0.0,0.0,mark,0.2787,0.0,0.9286127069017055
2025-12-26,TRX,3,-0.00016547692437712992,0.00016546323382602847,0.0,funding,0.2787,0.0,0.9284590556402496
2025-12-26,TRX,3,0.002707376224066924,0.0,0.0,mark,0.2802,0.0,0.9309761494349557
2025-12-26,TRX,3,-0.004697454399673808,0.0,0.0,mark,0.2776,0.0,0.9266131868574651
2025-12-26,TRX,3,0.003434924270215044,0.0,0.0,mark,0.2795,0.0,0.9298015056640928
2025-12-27,TRX,3,0.0001804590671597697,0.0,0.0,mark,0.2796,0.0,0.9299693119170732
2025-12-27,TRX,3,-0.0001657691485504152,0.00016575540960430792,0.0,funding,0.2796,0.0,0.929815164472857
2025-12-27,TRX,3,0.00951959759158897,0.0,0.0,mark,0.2849,0.0,0.9387088958808184
2025-12-27,TRX,3,-0.011145172420264733,0.0,0.0,mark,0.2787,0.0,0.9283049081960333
2025-12-27,TRX,3,0.01114517242026474,0.0,0.0,mark,0.2849,0.0,0.9387088958808184
2025-12-28,TRX,3,0.0,0.0,0.0,mark,0.2849,0.0,0.9387088958808184
2025-12-28,TRX,3,-0.00016733894003835443,0.00016732493965892104,0.0,funding,0.2849,0.0,0.9385518264714579
2025-12-28,TRX,3,0.0008935643539978224,0.0,0.0,mark,0.2854,0.0,0.9393908577363599
2025-12-28,TRX,3,-0.0037583477752941886,0.0,0.0,mark,0.2833,0.0,0.9358669264237713
2025-12-28,TRX,3,0.0030435601800919386,0.0,0.0,mark,0.285,0.0,0.9387196327244381
2025-12-29,TRX,3,-0.00017877675879568542,0.0,0.0,mark,0.2849,0.0,0.9385518264714577
2025-12-29,TRX,3,-0.00016736694704603495,0.0001673529419798396,0.0,funding,0.2849,0.0,0.9383947570620972
2025-12-29,TRX,3,0.0016081102985640208,0.0,0.0,mark,0.2858,0.0,0.9399050133389208
2025-12-29,TRX,3,-0.007706639252640604,0.0,0.0,mark,0.2815,0.0,0.9326893444607633
2025-12-29,TRX,3,0.00627733563402132,0.0,0.0,mark,0.285,0.0,0.9385625633150776
2025-12-30,TRX,3,0.0,0.0,0.0,mark,0.285,0.0,0.9385625633150776
2025-12-30,TRX,3,-0.00016742378236648983,0.000167409767787233,0.0,funding,0.285,0.0,0.9384054387742993
2025-12-30,TRX,3,0.0032136022081699794,0.0,0.0,mark,0.2868,0.0,0.9414259513279466
2025-12-30,TRX,3,-0.004645191493720815,0.0,0.0,mark,0.2842,0.0,0.937062988750456
2025-12-30,TRX,3,0.00375355963164076,0.0,0.0,mark,0.2863,0.0,0.9405869200630446
2025-12-31,TRX,3,0.00017838998434807532,0.0,0.0,mark,0.2864,0.0,0.940754726316025
2025-12-31,TRX,3,-0.00016785420085237347,0.00016784011412424545,0.0,funding,0.2864,0.0,0.9405968299353972
2025-12-31,TRX,3,0.0005350688765680088,0.0,0.0,mark,0.2867,0.0,0.9411002486943384
2025-12-31,TRX,3,-0.00805625090971983,0.0,0.0,mark,0.2822,0.0,0.9335489673102202
2025-12-31,TRX,3,0.004125747739028921,0.0,0.0,mark,0.2845,0.0,0.9374085111287694
2025-12-31,TRX,3,-0.000738737125890981,0.0007384643268001286,0.5092857426207783,boundary_exit,0.2845,-1.6780625298040546,0.9367162683836621
2026-01-01,BNB,1,-0.0007247373144570303,0.0007244747558020436,0.49963776262209897,entry,864.31,0.0005780770355799412,0.9992755252441979
2026-01-01,BNB,1,-0.00016428454119421496,0.00016427104722792606,0.0,funding,864.31,0.0,0.9991113732071968
2026-01-01,BNB,1,0.005884283705159364,0.0,0.0,mark,874.51,0.0,1.0050077589701123
2026-01-01,BNB,1,-0.010622581729448216,0.0,0.0,mark,856.14,0.0,0.9943884838265088
2026-01-01,BNB,1,0.004784584248042127,0.0,0.0,mark,864.39,0.0,0.9991576193700433
2026-01-02,BNB,1,5.785627333503386e-06,0.0,0.0,mark,864.4,0.0,0.9991634001403992
2026-01-02,BNB,1,-0.0007254199143974847,0.000725156860983274,0.5001081799884648,rotation,864.4,-0.0005780770355799412,0.998438849945544
2026-01-02,TRX,2,-0.0007247373144570303,0.0007244747558020435,0.4996377626220989,entry,0.287,1.7381803243964222,0.9977155062035464
2026-01-02,TRX,2,-0.00016428454119421496,0.00016427104722792604,0.0,funding,0.287,0.0,0.9975516104325068
2026-01-02,TRX,2,0.003478834855456009,0.0,0.0,mark,0.289,0.0,1.0010279710812997
2026-01-02,TRX,2,-0.007844466654486367,0.0,0.0,mark,0.2845,0.0,0.9932061596215158
2026-01-02,TRX,2,0.00784446665448641,0.0,0.0,mark,0.289,0.0,1.0010279710812997
2026-01-03,TRX,2,0.0,0.0,0.0,mark,0.289,0.0,1.0010279710812997
2026-01-03,TRX,2,-0.00016488201417059697,0.0001648684218783248,0.0,funding,0.289,0.0,1.0008629331794514
2026-01-03,TRX,2,0.011396906943797667,0.0,0.0,mark,0.2956,0.0,1.0123349233204677
2026-01-03,TRX,2,-0.01348309955211044,0.0,0.0,mark,0.2878,0.0,0.9987771167901757
2026-01-03,TRX,2,0.013483099552110417,0.0,0.0,mark,0.2956,0.0,1.0123349233204677
2026-01-04,TRX,2,0.0,0.0,0.0,mark,0.2956,0.0,1.0123349233204677
2026-01-04,TRX,2,-0.0001667639883577681,0.0001667500840167139,0.0,funding,0.2956,0.0,1.0121661163869509
2026-01-04,TRX,2,0.00034339855267576986,0.0,0.0,mark,0.2958,0.0,1.0125137524518302
2026-01-04,TRX,2,-0.004128586072491322,0.0,0.0,mark,0.2934,0.0,1.0083421196732787
2026-01-04,TRX,2,0.000861528865921199,0.0,0.0,mark,0.2939,0.0,1.0092112098354769
2026-01-05,TRX,2,0.00017221674114169152,0.0,0.0,mark,0.294,0.0,1.0093850278679164
2026-01-05,TRX,2,-0.00016634603130363313,0.00016633219656969267,0.0,funding,0.294,0.0,1.0092171346390466
2026-01-05,TRX,2,-0.003796269043455999,0.0,0.0,mark,0.2918,0.0,1.0053931379253744
2026-01-05,TRX,2,0.006719910558514803,0.0,0.0,mark,0.2957,0.0,1.0121720411905204
2026-01-05,TRX,2,-0.006028607018449418,0.0,0.0,mark,0.2922,0.0,1.0060884100551328
2026-01-06,TRX,2,0.0,0.0,0.0,mark,0.2922,0.0,1.0060884100551328
2026-01-06,TRX,2,-0.000165869270305093,0.00016585551475830287,0.0,funding,0.2922,0.0,1.0059215447439909
2026-01-06,TRX,2,0.003449938516247122,0.0,0.0,mark,0.2942,0.0,1.0093979053927837
2026-01-06,TRX,2,-0.005352490242534429,0.0,0.0,mark,0.2911,0.0,1.0040095463871548
2026-01-06,TRX,2,0.005352490242534411,0.0,0.0,mark,0.2942,0.0,1.0093979053927837
2026-01-07,TRX,2,0.0,0.0,0.0,mark,0.2942,0.0,1.0093979053927837
2026-01-07,TRX,2,-0.00016645707748638223,0.00016644322427568212,0.0,funding,0.2942,0.0,1.009229897950833
2026-01-07,TRX,2,0.00754947963987345,0.0,0.0,mark,0.2986,0.0,1.016877891378177
2026-01-07,TRX,2,-0.008066298313787407,0.0,0.0,mark,0.2939,0.0,1.0087084438535139
2026-01-07,TRX,2,0.007211267663715278,0.0,0.0,mark,0.2981,0.0,1.016008801215979
2026-01-08,TRX,2,0.00017106462620919858,0.0,0.0,mark,0.2982,0.0,1.0161826192484187
2026-01-08,TRX,2,-0.00016759386616458565,0.00016757982309707414,0.0,funding,0.2982,0.0,1.0160123275448507
2026-01-08,TRX,2,0.0006840806227772844,0.0,0.0,mark,0.2986,0.0,1.016707599674609
2026-01-08,TRX,2,-0.0073785062998474715,0.0,0.0,mark,0.2943,0.0,1.0092334242797045
2026-01-08,TRX,2,0.0012048683164641138,0.0,0.0,mark,0.295,0.0,1.010450150506782
2026-01-09,TRX,2,-0.00017203519064273927,0.0,0.0,mark,0.2949,0.0,1.0102763324743425
2026-01-09,TRX,2,-0.00016670807790830985,0.00016669418288881393,0.0,funding,0.2949,0.0,1.0101079252866088
2026-01-09,TRX,2,0.007884454842319628,0.0,0.0,mark,0.2995,0.0,1.0181035547788322
2026-01-09,TRX,2,-0.012022894560636767,0.0,0.0,mark,0.2925,0.0,1.0059362925080573
2026-01-09,TRX,2,0.01014312902483473,0.0,0.0,mark,0.2984,0.0,1.016191556421996
2026-01-10,TRX,2,0.0,0.0,0.0,mark,0.2984,0.0,1.016191556421996
2026-01-10,TRX,2,-0.00016770480419424136,0.0001676907425297189,0.0,funding,0.2984,0.0,1.0160211505053474
2026-01-10,TRX,2,0.006989679523645724,0.0,0.0,mark,0.3025,0.0,1.0231476898353726
2026-01-10,TRX,2,-0.008873301397232676,0.0,0.0,mark,0.2973,0.0,1.0141091521485113
2026-01-10,TRX,2,0.008703401391175796,0.0,0.0,mark,0.3024,0.0,1.022973871802933
2026-01-11,TRX,2,-0.00016992887697408012,0.0,0.0,mark,0.3023,0.0,1.0228000537704935
2026-01-11,TRX,2,-0.00016879901564873168,0.00016878476989640162,0.0,funding,0.3023,0.0,1.0226274206987678
2026-01-11,TRX,2,0.001867946349711784,0.0,0.0,mark,0.3034,0.0,1.0245394190556039
2026-01-11,TRX,2,-0.008518923314737893,0.0,0.0,mark,0.2984,0.0,1.0158485174336218
2026-01-11,TRX,2,0.0018803997120248636,0.0,0.0,mark,0.2995,0.0,1.017760515790458
2026-01-12,TRX,2,0.0001707702241277077,0.0,0.0,mark,0.2996,0.0,1.0179343338228974
2026-01-12,TRX,2,-0.00016809097531583317,0.00016807684881939064,0.0,funding,0.2996,0.0,1.0177632426277634
2026-01-12,TRX,2,0.0018768654204636746,0.0,0.0,mark,0.3007,0.0,1.0196752409845995
2026-01-12,TRX,2,-0.006155614942932713,0.0,0.0,mark,0.2971,0.0,1.0134177918167724
2026-01-12,TRX,2,0.004620259898398077,0.0,0.0,mark,0.2998,0.0,1.0181108786926427
2026-01-13,TRX,2,0.00017071146191815714,0.0,0.0,mark,0.2999,0.0,1.0182846967250823
2026-01-13,TRX,2,-0.0001682014067460822,0.00016818726168242874,0.0,funding,0.2999,0.0,1.0181134342103269
2026-01-13,TRX,2,0.012723136938476544,0.0,0.0,mark,0.3074,0.0,1.0311497866433
2026-01-13,TRX,2,-0.01511615640281684,0.0,0.0,mark,0.2985,0.0,1.0156799817561717
2026-01-13,TRX,2,0.014610326892275186,0.0,0.0,mark,0.3071,0.0,1.0306283325459809
2026-01-14,TRX,2,0.00016863826772181806,0.0,0.0,mark,0.3072,0.0,1.0308021505784204
2026-01-14,TRX,2,-0.00017020358567293732,0.00017018910186441012,0.0,funding,0.3072,0.0,1.0306267192862135
2026-01-14,TRX,2,0.0003372486291853632,0.0,0.0,mark,0.3074,0.0,1.0309743553510928
2026-01-14,TRX,2,-0.011019221673744561,0.0,0.0,mark,0.3009,0.0,1.019676183242516
2026-01-14,TRX,2,0.006456740509472163,0.0,0.0,mark,0.3047,0.0,1.0262812684752225
2026-01-15,TRX,2,0.0,0.0,0.0,mark,0.3047,0.0,1.0262812684752225
2026-01-15,TRX,2,-0.0001695620749072961,0.0001695477000711203,0.0,funding,0.3047,0.0,1.0261072648465264
2026-01-15,TRX,2,0.013460643854573108,0.0,0.0,mark,0.3127,0.0,1.0400127074416976
2026-01-15,TRX,2,-0.01787465629815648,0.0,0.0,mark,0.3021,0.0,1.0215879960030956
2026-01-15,TRX,2,0.017707511648886835,0.0,0.0,mark,0.3126,0.0,1.039838889409258
2026-01-16,TRX,2,0.0001671446492696728,0.0,0.0,mark,0.3127,0.0,1.0400127074416976
2026-01-16,TRX,2,-0.00017171663672577194,0.00017170189426806573,0.0,funding,0.3127,0.0,1.039834135289767
2026-01-16,TRX,2,0.0,0.0,0.0,mark,0.3127,0.0,1.039834135289767
2026-01-16,TRX,2,-0.012446937065207353,0.0,0.0,mark,0.3053,0.0,1.0269716008892336
2026-01-16,TRX,2,0.007251523374009134,0.0,0.0,mark,0.3096,0.0,1.0344457762841381
2026-01-17,TRX,2,0.00016801598955573088,0.0,0.0,mark,0.3097,0.0,1.0346195943165777
2026-01-17,TRX,2,-0.00017095565813714922,0.00017094104605129443,0.0,funding,0.3097,0.0,1.03444273536086
2026-01-17,TRX,2,0.01633288794257079,0.0,0.0,mark,0.3195,0.0,1.051476902539945
2026-01-17,TRX,2,-0.017509794418289922,0.0,0.0,mark,0.309,0.0,1.0332260091337826
2026-01-17,TRX,2,0.01635196513959908,0.0,0.0,mark,0.3188,0.0,1.0502601763128674
2026-01-18,TRX,2,-0.00016551367117140895,0.0,0.0,mark,0.3187,0.0,1.0500863582804278
2026-01-18,TRX,2,-0.00017333271356943176,0.00017331769232251177,0.0,funding,0.3187,0.0,1.0499043597360713
2026-01-18,TRX,2,0.003800558172249562,0.0,0.0,mark,0.321,0.0,1.053902174482183
2026-01-18,TRX,2,-0.009944970807447686,0.0,0.0,mark,0.315,0.0,1.0434730925358044
2026-01-18,TRX,2,0.004653296906510668,0.0,0.0,mark,0.3178,0.0,1.0483399974441145
2026-01-19,TRX,2,-0.0001658168573571111,0.0,0.0,mark,0.3177,0.0,1.0481661794116748
2026-01-19,TRX,2,-0.00017310535867656843,0.00017309037680840678,0.0,funding,0.3177,0.0,1.0479847519327226
2026-01-19,TRX,2,0.004963441152465428,0.0,0.0,mark,0.3207,0.0,1.0531992929059117
2026-01-19,TRX,2,-0.02101406010780088,0.0,0.0,mark,0.3081,0.0,1.0312982208185169
2026-01-19,TRX,2,0.006384209156200439,0.0,0.0,mark,0.3119,0.0,1.0379033060512233
2026-01-20,TRX,2,0.0,0.0,0.0,mark,0.3119,0.0,1.0379033060512233
2026-01-20,TRX,2,-0.00017162541400713585,0.00017161068720822958,0.0,funding,0.3119,0.0,1.037725190751616
2026-01-20,TRX,2,0.0035113091703952997,0.0,0.0,mark,0.314,0.0,1.0413753694328485
2026-01-20,TRX,2,-0.028957191569084856,0.0,0.0,mark,0.2969,0.0,1.0116524858856697
2026-01-20,TRX,2,0.00017180119084322668,0.0,0.0,mark,0.297,0.0,1.0118263039181092
2026-01-21,TRX,2,0.0,0.0,0.0,mark,0.297,0.0,1.0118263039181092
2026-01-21,TRX,2,-0.00016763810258015591,0.00016762405209868445,0.0,funding,0.297,0.0,1.0116566974930266
2026-01-21,TRX,2,0.005824721290477646,0.0,0.0,mark,0.3004,0.0,1.0175665105959744
2026-01-21,TRX,2,-0.008922187706538845,0.0,0.0,mark,0.2952,0.0,1.008527972909113
2026-01-21,TRX,2,0.00704142914761767,0.0,0.0,mark,0.2993,0.0,1.0156545122391383
2026-01-22,TRX,2,-0.0001711535818119862,0.0,0.0,mark,0.2992,0.0,1.0154806942066987
2026-01-22,TRX,2,-0.00016827217501545253,0.00016825801804707858,0.0,funding,0.2992,0.0,1.0153098314377265
2026-01-22,TRX,2,0.014952983873328426,0.0,0.0,mark,0.308,0.0,1.030605818292415
2026-01-22,TRX,2,-0.016323498877688133,0.0,0.0,mark,0.2984,0.0,1.0139192871782092
2026-01-22,TRX,2,0.01192879582160179,0.0,0.0,mark,0.3054,0.0,1.0260865494489841
2026-01-23,TRX,2,0.0,0.0,0.0,mark,0.3054,0.0,1.0260865494489841
2026-01-23,TRX,2,-0.00016998390425828922,0.00016996945781301315,0.0,funding,0.3054,0.0,1.025912146074505
2026-01-23,TRX,2,0.00944322853792293,0.0,0.0,mark,0.311,0.0,1.035645955891125
2026-01-23,TRX,2,-0.025153345841113235,0.0,0.0,mark,0.2962,0.0,1.009920887090058
2026-01-23,TRX,2,0.0029216071802888755,0.0,0.0,mark,0.2979,0.0,1.0128757936415318
2026-01-24,TRX,2,0.0,0.0,0.0,mark,0.2979,0.0,1.0128757936415318
2026-01-24,TRX,2,-0.00016797190053972086,0.00016795779405000095,0.0,funding,0.2979,0.0,1.0127056732575852
2026-01-24,TRX,2,0.0003432156256309896,0.0,0.0,mark,0.2981,0.0,1.0130533093224645
2026-01-24,TRX,2,-0.007059573296901635,0.0,0.0,mark,0.294,0.0,1.0059267699924392
2026-01-24,TRX,2,0.00241619356840621,0.0,0.0,mark,0.2954,0.0,1.0083602224465942
2026-01-25,TRX,2,0.0001723620678237229,0.0,0.0,mark,0.2955,0.0,1.0085340404790337
2026-01-25,TRX,2,-0.00016733589501998432,0.0001673218951500704,0.0,funding,0.2955,0.0,1.0083652906520575
2026-01-25,TRX,2,0.005672291959819994,0.0,0.0,mark,0.2988,0.0,1.0141012857225657
2026-01-25,TRX,2,-0.007742946966463713,0.0,0.0,mark,0.2943,0.0,1.0062794742627819
2026-01-25,TRX,2,0.0024153477065379848,0.0,0.0,mark,0.2957,0.0,1.0087129267169368
2026-01-26,TRX,2,0.0,0.0,0.0,mark,0.2957,0.0,1.0087129267169368
2026-01-26,TRX,2,-0.00016741946250726372,0.00016740544865106096,0.0,funding,0.2957,0.0,1.0085440626768796
2026-01-26,TRX,2,0.0027537330212864396,0.0,0.0,mark,0.2973,0.0,1.0113251511959138
2026-01-26,TRX,2,-0.004478674895196735,0.0,0.0,mark,0.2947,0.0,1.006805882352483
2026-01-26,TRX,2,0.0032748496611016433,0.0,0.0,mark,0.2966,0.0,1.0101084249688361
2026-01-27,TRX,2,-0.00017209339615361166,0.0,0.0,mark,0.2965,0.0,1.0099346069363966
2026-01-27,TRX,2,-0.00016766935856722274,0.00016765530284605084,0.0,funding,0.2965,0.0,1.009765286044016
2026-01-27,TRX,2,0.0003442148807869961,0.0,0.0,mark,0.2967,0.0,1.0101129221088954
2026-01-27,TRX,2,-0.006214069018127054,0.0,0.0,mark,0.2931,0.0,1.0038554729410682
2026-01-27,TRX,2,0.0027665767834997336,0.0,0.0,mark,0.2947,0.0,1.0066365614601025
2026-01-28,TRX,2,-0.00017268699308542826,0.0,0.0,mark,0.2946,0.0,1.0064627434276627
2026-01-28,TRX,2,-0.00016716955650919048,0.00016715558445757215,0.0,funding,0.2946,0.0,1.0062945075595504
2026-01-28,TRX,2,0.0015533698913527331,0.0,0.0,mark,0.2955,0.0,1.0078588698515072
2026-01-28,TRX,2,-0.007617295586047884,0.0,0.0,mark,0.2911,0.0,1.000210876424163
2026-01-28,TRX,2,0.007444818041895506,0.0,0.0,mark,0.2954,0.0,1.0076850518190676
2026-01-29,TRX,2,0.0,0.0,0.0,mark,0.2954,0.0,1.0076850518190676
2026-01-29,TRX,2,-0.00016742020913244811,0.00016740619515130705,0.0,funding,0.2954,0.0,1.0075163590986318
2026-01-29,TRX,2,0.00034498308727860653,0.0,0.0,mark,0.2956,0.0,1.007863995163511
2026-01-29,TRX,2,-0.009356573391940988,0.0,0.0,mark,0.2902,0.0,0.9984778214117704
2026-01-29,TRX,2,0.008321266884694326,0.0,0.0,mark,0.295,0.0,1.0068210869688732
2026-01-30,TRX,2,0.00017262553635907888,0.0,0.0,mark,0.2951,0.0,1.0069949050013127
2026-01-30,TRX,2,-0.00016736480258892374,0.00016735079788150701,0.0,funding,0.2951,0.0,1.006826383600498
2026-01-30,TRX,2,-0.011459620246847258,0.0,0.0,mark,0.2885,0.0,0.9953543934594816
2026-01-30,TRX,2,0.012149940036470245,0.0,0.0,mark,0.2955,0.0,1.0075216557302566
2026-01-30,TRX,2,-0.0022452838790216222,0.0,0.0,mark,0.2942,0.0,1.0052620213085413
2026-01-31,TRX,2,0.00017289323898356788,0.0,0.0,mark,0.2943,0.0,1.0054358393409808
2026-01-31,TRX,2,-0.00016716988789521316,0.0001671559157880086,0.0,funding,0.2943,0.0,1.0052677747924896
2026-01-31,TRX,2,0.0001728922495431459,0.0,0.0,mark,0.2944,0.0,1.0054415928249292
2026-01-31,TRX,2,-0.017614842157987125,0.0,0.0,mark,0.2843,0.0,0.9878859715485253
2026-01-31,TRX,2,0.004038671834700885,0.0,0.0,mark,0.2866,0.0,0.9918837862946371
2026-02-01,TRX,2,0.0001752249675378865,0.0,0.0,mark,0.2867,0.0,0.9920576043270768
2026-02-01,TRX,2,-0.00016504884629854193,0.00016503522648703167,0.0,funding,0.2867,0.0,0.9918938798756585
2026-02-01,TRX,2,0.0015759044436926808,0.0,0.0,mark,0.2876,0.0,0.9934582421676152
2026-02-01,TRX,2,-0.006142517531211746,0.0,0.0,mark,0.2841,0.0,0.9873746110322278
2026-02-01,TRX,2,0.001055686249098358,0.0,0.0,mark,0.2847,0.0,0.9884175192268656
2026-02-02,TRX,2,0.0001758394074131423,0.0,0.0,mark,0.2848,0.0,0.9885913372593053
2026-02-02,TRX,2,-0.00016452987286943137,0.00016451633857219897,0.0,funding,0.2848,0.0,0.9884286978321551
2026-02-02,TRX,2,-0.005466352575561812,0.0,0.0,mark,0.2817,0.0,0.9830403388265263
2026-02-02,TRX,2,0.0066965657076824186,0.0,0.0,mark,0.2855,0.0,0.9896454240592326
2026-02-02,TRX,2,-0.0035189176494958125,0.0,0.0,mark,0.2835,0.0,0.9861690634104398
2026-02-03,TRX,2,0.0,0.0,0.0,mark,0.2835,0.0,0.9861690634104398
2026-02-03,TRX,2,-0.000164181111245047,0.00016416763426404398,0.0,funding,0.2835,0.0,0.9860071663683153
2026-02-03,TRX,2,0.005800541223791718,0.0,0.0,mark,0.2868,0.0,0.9917431614388236
2026-02-03,TRX,2,-0.009332466248255698,0.0,0.0,mark,0.2815,0.0,0.9825308057195224
2026-02-03,TRX,2,0.0081048568636025,0.0,0.0,mark,0.2861,0.0,0.9905264352117461
2026-02-04,TRX,2,0.0,0.0,0.0,mark,0.2861,0.0,0.9905264352117461
2026-02-04,TRX,2,-0.0001649580286891417,0.000164944423861624,0.0,funding,0.2861,0.0,0.9903630533995704
2026-02-04,TRX,2,0.002454117888930103,0.0,0.0,mark,0.2875,0.0,0.9927965058537254
2026-02-04,TRX,2,-0.00914581491039024,0.0,0.0,mark,0.2823,0.0,0.983757968166864
2026-02-04,TRX,2,0.0017653189205915018,0.0,0.0,mark,0.2833,0.0,0.9854961484912604
2026-02-05,TRX,2,0.00017636061371598203,0.0,0.0,mark,0.2834,0.0,0.9856699665237001
2026-02-05,TRX,2,-0.00016420630536963062,0.00016419282425214951,0.0,funding,0.2834,0.0,0.985508126588116
2026-02-05,TRX,2,-0.024640719411843183,0.0,0.0,mark,0.2696,0.0,0.9615212381114454
2026-02-05,TRX,2,0.025345966756246792,0.0,0.0,mark,0.2838,0.0,0.9862033987178745
2026-02-05,TRX,2,-0.025345966756246802,0.0,0.0,mark,0.2696,0.0,0.9615212381114454
2026-02-06,TRX,2,0.0,0.0,0.0,mark,0.2696,0.0,0.9615212381114454
2026-02-06,TRX,2,-0.0001601332911118816,0.00016012047046078763,0.0,funding,0.2696,0.0,0.961367278878441
2026-02-06,TRX,2,0.008461835749932003,0.0,0.0,mark,0.2743,0.0,0.9695367264031042
2026-02-06,TRX,2,-0.010815040612958217,0.0,0.0,mark,0.2683,0.0,0.9591076444567256
2026-02-06,TRX,2,0.01045641737123611,0.0,0.0,mark,0.2741,0.0,0.9691890903382249
2026-02-07,TRX,2,0.0,0.0,0.0,mark,0.2741,0.0,0.9691890903382249
2026-02-07,TRX,2,-0.00016151819120475443,0.00016150514784401342,0.0,funding,0.2741,0.0,0.969032561310901
2026-02-07,TRX,2,0.008217291751880648,0.0,0.0,mark,0.2787,0.0,0.9770281908031245
2026-02-07,TRX,2,-0.009832950949437862,0.0,0.0,mark,0.2732,0.0,0.9674681990189442
2026-02-07,TRX,2,0.008943030947027497,0.0,0.0,mark,0.2782,0.0,0.9761591006409264
2026-02-08,TRX,2,0.00017804736836756678,0.0,0.0,mark,0.2783,0.0,0.976332918673366
2026-02-08,TRX,2,-0.00016279328034310813,0.00016278003023596684,0.0,funding,0.2783,0.0,0.976173991171344
2026-02-08,TRX,2,0.0023121115552559297,0.0,0.0,mark,0.2796,0.0,0.9784336255930594
2026-02-08,TRX,2,-0.006058390679132105,0.0,0.0,mark,0.2762,0.0,0.9725238124901114
2026-02-08,TRX,2,0.002855580051354393,0.0,0.0,mark,0.2778,0.0,0.9753049010091457
2026-02-09,TRX,2,0.0,0.0,0.0,mark,0.2778,0.0,0.9753049010091457
2026-02-09,TRX,2,-0.00016267207599869035,0.00016265884561403744,0.0,funding,0.2778,0.0,0.9751462590398259
2026-02-09,TRX,2,0.002670154455392742,0.0,0.0,mark,0.2793,0.0,0.9777535295264205
2026-02-09,TRX,2,-0.005168747667905948,0.0,0.0,mark,0.2764,0.0,0.9727128065856708
2026-02-09,TRX,2,0.004813138744709799,0.0,0.0,mark,0.2791,0.0,0.9774058934615413
2026-02-10,TRX,2,0.0,0.0,0.0,mark,0.2791,0.0,0.9774058934615413
2026-02-10,TRX,2,-0.000163082044141724,0.0001630687469880158,0.0,funding,0.2791,0.0,0.9772465091071958
2026-02-10,TRX,2,0.0023095769647798695,0.0,0.0,mark,0.2804,0.0,0.9795061435289111
2026-02-10,TRX,2,-0.007481013256863819,0.0,0.0,mark,0.2762,0.0,0.9722057861664462
2026-02-10,TRX,2,0.003569367909496935,0.0,0.0,mark,0.2782,0.0,0.975682146815239
2026-02-11,TRX,2,0.0,0.0,0.0,mark,0.2782,0.0,0.975682146815239
2026-02-11,TRX,2,-0.00016284333155372566,0.00016283007329811585,0.0,funding,0.2782,0.0,0.9755232764197574
2026-02-11,TRX,2,0.0003562950740896406,0.0,0.0,mark,0.2784,0.0,0.9758709124846366
2026-02-11,TRX,2,-0.008047505677825136,0.0,0.0,mark,0.2739,0.0,0.9680491010248528
2026-02-11,TRX,2,0.008047505677825006,0.0,0.0,mark,0.2784,0.0,0.9758709124846366
2026-02-12,TRX,2,0.0,0.0,0.0,mark,0.2784,0.0,0.9758709124846366
2026-02-12,TRX,2,-0.00016292888585221185,0.00016291561366212472,0.0,funding,0.2784,0.0,0.9757119278760742
2026-02-12,TRX,2,0.0033790363310661612,0.0,0.0,mark,0.2803,0.0,0.9790144704924274
2026-02-12,TRX,2,-0.007305922657227137,0.0,0.0,mark,0.2762,0.0,0.9718879311624021
2026-02-12,TRX,2,0.006773149103975003,0.0,0.0,mark,0.28,0.0,0.9784930163951086
2026-02-13,TRX,2,-0.00017765428035045668,0.0,0.0,mark,0.2799,0.0,0.9783191983626688
2026-02-13,TRX,2,-0.0001633968402809341,0.0001633834917442526,0.0,funding,0.2799,0.0,0.9781593571559999
2026-02-13,TRX,2,0.004609536212887759,0.0,0.0,mark,0.2825,0.0,0.9826786259994306
2026-02-13,TRX,2,-0.009954769399358219,0.0,0.0,mark,0.2769,0.0,0.9729448161828106
2026-02-13,TRX,2,0.009600943071296386,0.0,0.0,mark,0.2823,0.0,0.9823309899345513
2026-02-14,TRX,2,-0.0001769601225091977,0.0,0.0,mark,0.2822,0.0,0.9821571719021116
2026-02-14,TRX,2,-0.000164095813250204,0.0001640823502686052,0.0,funding,0.2822,0.0,0.9819960172450127
2026-02-14,TRX,2,0.0030045637863895195,0.0,0.0,mark,0.2839,0.0,0.9849509237964866
2026-02-14,TRX,2,-0.004067157084194819,0.0,0.0,mark,0.2816,0.0,0.9809531090503749
2026-02-14,TRX,2,0.001770362067359665,0.0,0.0,mark,0.2826,0.0,0.9826912893747713
2026-02-15,TRX,2,0.00017686394872954016,0.0,0.0,mark,0.2827,0.0,0.982865107407211
2026-02-15,TRX,2,-0.0001642681673094165,0.00016425467603270837,0.0,funding,0.2827,0.0,0.98270366721741
2026-02-15,TRX,2,0.0,0.0,0.0,mark,0.2827,0.0,0.98270366721741
2026-02-15,TRX,2,-0.005142644258920608,0.0,0.0,mark,0.2798,0.0,0.9776629442766603
2026-02-15,TRX,2,0.0012437514774623955,0.0,0.0,mark,0.2805,0.0,0.9788796705037379
2026-02-16,TRX,2,-0.0001775841012886612,0.0,0.0,mark,0.2804,0.0,0.9787058524712982
2026-02-16,TRX,2,-0.00016362407522010284,0.0001636106895312414,0.0,funding,0.2804,0.0,0.9785457257319271
2026-02-16,TRX,2,0.008842238545119755,0.0,0.0,mark,0.2854,0.0,0.9872366273539093
2026-02-16,TRX,2,-0.010442178156618005,0.0,0.0,mark,0.2795,0.0,0.9769813634399704
2026-02-16,TRX,2,0.009032663509945058,0.0,0.0,mark,0.2846,0.0,0.9858460830943921
2026-02-17,TRX,2,0.0,0.0,0.0,mark,0.2846,0.0,0.9858460830943921
2026-02-17,TRX,2,-0.0001648721997981782,0.00016485860912394536,0.0,funding,0.2846,0.0,0.9856835578803229
2026-02-17,TRX,2,0.0014097468918696603,0.0,0.0,mark,0.2854,0.0,0.98707410213984
2026-02-17,TRX,2,-0.010443906507543078,0.0,0.0,mark,0.2795,0.0,0.9768188382259012
2026-02-17,TRX,2,0.004615847446003579,0.0,0.0,mark,0.2821,0.0,0.9813381070693319
2026-02-18,TRX,2,0.00017710780757074248,0.0,0.0,mark,0.2822,0.0,0.9815119251017715
2026-02-18,TRX,2,-0.00016420369883910442,0.0001641902181495707,0.0,funding,0.2822,0.0,0.9813507704446727
2026-02-18,TRX,2,0.0,0.0,0.0,mark,0.2822,0.0,0.9813507704446727
2026-02-18,TRX,2,-0.007110064971536454,0.0,0.0,mark,0.2782,0.0,0.9743980491470869
2026-02-18,TRX,2,0.001069737850787214,0.0,0.0,mark,0.2788,0.0,0.9754409573417248
2026-02-19,TRX,2,-0.00017821019269676804,0.0,0.0,mark,0.2787,0.0,0.9752671393092851
2026-02-19,TRX,2,-0.00016320545384871694,0.00016319213656318537,0.0,funding,0.2787,0.0,0.9751079833811014
2026-02-19,TRX,2,0.011696173065118843,0.0,0.0,mark,0.2853,0.0,0.9865799735221178
2026-02-19,TRX,2,-0.01223108159193186,0.0,0.0,mark,0.2784,0.0,0.9745865292837824
2026-02-19,TRX,2,0.011526103533367379,0.0,0.0,mark,0.2849,0.0,0.9858847013923592
2026-02-20,TRX,2,-0.00017632219734537433,0.0,0.0,mark,0.2848,0.0,0.9857108833599195
2026-02-20,TRX,2,-0.00016501070332896242,0.00016499708981168782,0.0,funding,0.2848,0.0,0.9855482439327694
2026-02-20,TRX,2,0.005101603113201911,0.0,0.0,mark,0.2877,0.0,0.990588966873519
2026-02-20,TRX,2,-0.008635175694512968,0.0,0.0,mark,0.2828,0.0,0.9820718832839765
2026-02-20,TRX,2,0.004591214139446631,0.0,0.0,mark,0.2854,0.0,0.9865911521274072
2026-02-21,TRX,2,-0.00017619593032987404,0.0,0.0,mark,0.2853,0.0,0.9864173340949676
2026-02-21,TRX,2,-0.00016518202866935724,0.00016516838686917148,0.0,funding,0.2853,0.0,0.9862544091351153
2026-02-21,TRX,2,0.00754977282182536,0.0,0.0,mark,0.2896,0.0,0.99372858453002
2026-02-21,TRX,2,-0.00896069220553797,0.0,0.0,mark,0.2845,0.0,0.9848638648755982
2026-02-21,TRX,2,0.007910651122961151,0.0,0.0,mark,0.289,0.0,0.9926856763353821
2026-02-22,TRX,2,0.0001750834334555024,0.0,0.0,mark,0.2891,0.0,0.9928594943678218
2026-02-22,TRX,2,-0.0001662961748766385,0.00016628234843419333,0.0,funding,0.2891,0.0,0.9926943993594332
2026-02-22,TRX,2,-0.00298109183007869,0.0,0.0,mark,0.2874,0.0,0.9897394928079591
2026-02-22,TRX,2,0.006651389718015358,0.0,0.0,mark,0.2912,0.0,0.9963445780406656
2026-02-22,TRX,2,-0.0010472826598261257,0.0,0.0,mark,0.2906,0.0,0.9953016698460277
2026-02-23,TRX,2,0.0,0.0,0.0,mark,0.2906,0.0,0.9953016698460277
2026-02-23,TRX,2,-0.0001667488843135849,0.0001667349824911059,0.0,funding,0.2906,0.0,0.9951357182395326
2026-02-23,TRX,2,0.0,0.0,0.0,mark,0.2906,0.0,0.9951357182395326
2026-02-23,TRX,2,-0.01708793420474523,0.0,0.0,mark,0.2809,0.0,0.9782753690928873
2026-02-23,TRX,2,0.0012429733416724064,0.0,0.0,mark,0.2816,0.0,0.9794920953199648
2026-02-24,TRX,2,0.0,0.0,0.0,mark,0.2816,0.0,0.9794920953199648
2026-02-24,TRX,2,-0.0001641924636724127,0.0001641789848275825,0.0,funding,0.2816,0.0,0.9793312833021086
2026-02-24,TRX,2,0.003720286585342721,0.0,0.0,mark,0.2837,0.0,0.9829814619833411
2026-02-24,TRX,2,-0.006386133543625311,0.0,0.0,mark,0.2801,0.0,0.976724012815514
2026-02-24,TRX,2,0.006386133543625272,0.0,0.0,mark,0.2837,0.0,0.9829814619833411
2026-02-25,TRX,2,-0.00017684301166179193,0.0,0.0,mark,0.2836,0.0,0.9828076439509015
2026-02-25,TRX,2,-0.00016480080829210235,0.00016478722938484045,0.0,funding,0.2836,0.0,0.9826456898022365
2026-02-25,TRX,2,-0.00017690344465087597,0.0,0.0,mark,0.2835,0.0,0.9824718717697968
2026-02-25,TRX,2,0.006700427448684358,0.0,0.0,mark,0.2873,0.0,0.9890769570025032
2026-02-25,TRX,2,-0.0035209436945963036,0.0,0.0,mark,0.2853,0.0,0.9856005963537103
2026-02-26,TRX,2,0.0001763419257555977,0.0,0.0,mark,0.2854,0.0,0.98577441438615
2026-02-26,TRX,2,-0.00016534770911162894,0.0001653340399326316,0.0,funding,0.2854,0.0,0.9856114323197573
2026-02-26,TRX,2,0.0038723146947475004,0.0,0.0,mark,0.2876,0.0,0.9894354290334295
2026-02-26,TRX,2,-0.004754481369400368,0.0,0.0,mark,0.2849,0.0,0.9847423421575591
2026-02-26,TRX,2,0.0014110933762748166,0.0,0.0,mark,0.2857,0.0,0.9861328864170762
2026-02-27,TRX,2,0.0,0.0,0.0,mark,0.2857,0.0,0.9861328864170762
2026-02-27,TRX,2,-0.00016546135558798158,0.0001654476676127985,0.0,funding,0.2857,0.0,0.9859697330310622
2026-02-27,TRX,2,0.00017627591101547014,0.0,0.0,mark,0.2858,0.0,0.9861435510635018
2026-02-27,TRX,2,-0.007075386631864679,0.0,0.0,mark,0.2818,0.0,0.9791908297659161
2026-02-27,TRX,2,0.00177354541765069,0.0,0.0,mark,0.2828,0.0,0.9809290100903125
2026-02-28,TRX,2,0.0,0.0,0.0,mark,0.2828,0.0,0.9809290100903125
2026-02-28,TRX,2,-0.00016465064276999054,0.00016463708859684728,0.0,funding,0.2828,0.0,0.9807675127939711
2026-02-28,TRX,2,0.00017721083682705694,0.0,0.0,mark,0.2829,0.0,0.9809413308264108
2026-02-28,TRX,2,-0.008184377082389206,0.0,0.0,mark,0.2783,0.0,0.9729457013341872
2026-02-28,TRX,2,0.006410853960438385,0.0,0.0,mark,0.2819,0.0,0.9792031505020143
2026-03-01,TRX,2,0.0,0.0,0.0,mark,0.2819,0.0,0.9792031505020143
2026-03-01,TRX,2,-0.00016441590477757695,0.00016440238922335663,0.0,funding,0.2819,0.0,0.9790421671645367
2026-03-01,TRX,2,0.0028365948538958147,0.0,0.0,mark,0.2835,0.0,0.981823255683571
2026-03-01,TRX,2,-0.006393691070749765,0.0,0.0,mark,0.2799,0.0,0.9755658065157439
2026-03-01,TRX,2,0.0014243571981178583,0.0,0.0,mark,0.2807,0.0,0.976956350775261
2026-03-02,TRX,2,0.0,0.0,0.0,mark,0.2807,0.0,0.976956350775261
2026-03-02,TRX,2,-0.0001640925012459958,0.00016407903880780568,0.0,funding,0.2807,0.0,0.9767960527162686
2026-03-02,TRX,2,-0.00017796294221217112,0.0,0.0,mark,0.2806,0.0,0.9766222346838289
2026-03-02,TRX,2,0.00497102973249898,0.0,0.0,mark,0.2834,0.0,0.9814891395921388
2026-03-02,TRX,2,-0.00035425521326036313,0.0,0.0,mark,0.2832,0.0,0.9811415035272596
2026-03-03,TRX,2,0.00017714329372477925,0.0,0.0,mark,0.2833,0.0,0.9813153215596992
2026-03-03,TRX,2,-0.0001648768372164349,0.00016486324577759468,0.0,funding,0.2833,0.0,0.9811535387306556
2026-03-03,TRX,2,0.0005313292538829289,0.0,0.0,mark,0.2836,0.0,0.9816749928279745
2026-03-03,TRX,2,-0.006038326118434588,0.0,0.0,mark,0.2802,0.0,0.9757651797250266
2026-03-03,TRX,2,0.0005342625703924432,0.0,0.0,mark,0.2805,0.0,0.9762866338223456
2026-03-04,TRX,2,-0.00017805581018116206,0.0,0.0,mark,0.2804,0.0,0.9761128157899058
2026-03-04,TRX,2,-0.00016405877705759757,0.00016404532015237413,0.0,funding,0.2804,0.0,0.9759526890505348
2026-03-04,TRX,2,-0.0024965260448678067,0.0,0.0,mark,0.279,0.0,0.9735192365963798
2026-03-04,TRX,2,0.015941404101912016,0.0,0.0,mark,0.288,0.0,0.9891628595159475
2026-03-04,TRX,2,-0.0015827531362826715,0.0,0.0,mark,0.2871,0.0,0.9875984972239908
2026-03-05,TRX,2,-0.00017601619562152219,0.0,0.0,mark,0.287,0.0,0.9874246791915511
2026-03-05,TRX,2,-0.00016599683799681909,0.0001659830612840118,0.0,funding,0.287,0.0,0.9872607834205115
2026-03-05,TRX,2,-0.008131775330375351,0.0,0.0,mark,0.2824,0.0,0.979265153928288
2026-03-05,TRX,2,0.010066572418380463,0.0,0.0,mark,0.2881,0.0,0.9891727817773476
2026-03-05,TRX,2,-0.005108925697684049,0.0,0.0,mark,0.2852,0.0,0.9841320588365979
2026-03-06,TRX,2,0.0,0.0,0.0,mark,0.2852,0.0,0.9841320588365979
2026-03-06,TRX,2,-0.00016550759641921728,0.00016549390079249974,0.0,funding,0.2852,0.0,0.9839691909832861
2026-03-06,TRX,2,0.003702783556976825,0.0,0.0,mark,0.2873,0.0,0.9876193696645186
2026-03-06,TRX,2,-0.005116982046946736,0.0,0.0,mark,0.2844,0.0,0.9825786467237689
2026-03-06,TRX,2,0.00035373716268470145,0.0,0.0,mark,0.2846,0.0,0.9829262827886482
2026-03-07,TRX,2,-0.00017685294009505106,0.0,0.0,mark,0.2845,0.0,0.9827524647562085
2026-03-07,TRX,2,-0.0001653331275230373,0.00016531946075464945,0.0,funding,0.2845,0.0,0.9825899966486796
2026-03-07,TRX,2,0.004236560868908606,0.0,0.0,mark,0.2869,0.0,0.9867616294272311
2026-03-07,TRX,2,-0.0063615910368246134,0.0,0.0,mark,0.2833,0.0,0.980504180259404
2026-03-07,TRX,2,0.005833001444860742,0.0,0.0,mark,0.2866,0.0,0.9862401753299123
2026-03-08,TRX,2,-0.0001762586393284366,0.0,0.0,mark,0.2865,0.0,0.9860663572974725
2026-03-08,TRX,2,-0.00016593590472726576,0.00016592213812653185,0.0,funding,0.2865,0.0,0.985902747059135
2026-03-08,TRX,2,0.007552455609972698,0.0,0.0,mark,0.2908,0.0,0.9933769224540397
2026-03-08,TRX,2,-0.008787341753162866,0.0,0.0,mark,0.2858,0.0,0.9846860208320576
2026-03-08,TRX,2,0.005808301206601329,0.0,0.0,mark,0.2891,0.0,0.9904220159025658
2026-03-09,TRX,2,0.00017548356053415532,0.0,0.0,mark,0.2892,0.0,0.9905958339350055
2026-03-09,TRX,2,-0.00016673387660208968,0.0001667199772818093,0.0,funding,0.2892,0.0,0.9904306818200764
2026-03-09,TRX,2,0.002979014519798585,0.0,0.0,mark,0.2909,0.0,0.9933855883715503
2026-03-09,TRX,2,-0.01161557621598564,0.0,0.0,mark,0.2843,0.0,0.9819135982305339
2026-03-09,TRX,2,0.002298612025818777,0.0,0.0,mark,0.2856,0.0,0.9841732326522493
2026-03-10,TRX,2,-0.00017662884720258471,0.0,0.0,mark,0.2855,0.0,0.9839994146198096
2026-03-10,TRX,2,-0.00016570404312105653,0.00016569031496437632,0.0,funding,0.2855,0.0,0.9838363754468764
2026-03-10,TRX,2,0.0017651783568071564,0.0,0.0,mark,0.2865,0.0,0.9855745557712728
2026-03-10,TRX,2,-0.0051276257345939805,0.0,0.0,mark,0.2836,0.0,0.9805338328305233
2026-03-10,TRX,2,0.00389232812654374,0.0,0.0,mark,0.2858,0.0,0.9843578295441954
2026-03-11,TRX,2,-0.00017659572102179962,0.0,0.0,mark,0.2857,0.0,0.9841840115117557
2026-03-11,TRX,2,-0.0001657890282709564,0.00016577528602945935,0.0,funding,0.2857,0.0,0.9840208581257417
2026-03-11,TRX,2,0.010367862742879399,0.0,0.0,mark,0.2916,0.0,0.9942761220396806
2026-03-11,TRX,2,-0.011074674866165092,0.0,0.0,mark,0.2853,0.0,0.9833255859959831
2026-03-11,TRX,2,0.010550081271432886,0.0,0.0,mark,0.2913,0.0,0.9937546679423617
2026-03-12,TRX,2,0.0,0.0,0.0,mark,0.2913,0.0,0.9937546679423617
2026-03-12,TRX,2,-0.00016741081329331678,0.00016739680088508302,0.0,funding,0.2913,0.0,0.9935883165900835
2026-03-12,TRX,2,0.0012238286485764067,0.0,0.0,mark,0.292,0.0,0.994805042817161
2026-03-12,TRX,2,-0.005958390659274864,0.0,0.0,mark,0.2886,0.0,0.9888952297142132
2026-03-12,TRX,2,0.000878463622776858,0.0,0.0,mark,0.2891,0.0,0.9897643198764113
2026-03-13,TRX,2,0.0,0.0,0.0,mark,0.2891,0.0,0.9897643198764113
2026-03-13,TRX,2,-0.00016681625688206312,0.0001668023438239136,0.0,funding,0.2891,0.0,0.9895992248680227
2026-03-13,TRX,2,0.007698663606308037,0.0,0.0,mark,0.2935,0.0,0.9972472182953669
2026-03-13,TRX,2,-0.008753088568717014,0.0,0.0,mark,0.2885,0.0,0.9885563166733847
2026-03-13,TRX,2,0.008578775540749152,0.0,0.0,mark,0.2934,0.0,0.9970734002629272
2026-03-14,TRX,2,-0.00017434341829700387,0.0,0.0,mark,0.2933,0.0,0.9968995822304876
2026-03-14,TRX,2,-0.0001680285139116891,0.0001680143979116267,0.0,funding,0.2933,0.0,0.9967320887474008
2026-03-14,TRX,2,0.009891033303486422,0.0,0.0,mark,0.299,0.0,1.0066397165964605
2026-03-14,TRX,2,-0.010763353247296104,0.0,0.0,mark,0.2928,0.0,0.9958629985852027
2026-03-14,TRX,2,0.008689145056028481,0.0,0.0,mark,0.2978,0.0,1.0045539002071848
2026-03-15,TRX,2,0.0001730151027884112,0.0,0.0,mark,0.2979,0.0,1.0047277182396244
2026-03-15,TRX,2,-0.0001693342234578601,0.0001693198872274991,0.0,funding,0.2979,0.0,1.0045575978556778
2026-03-15,TRX,2,0.0020742005642845206,0.0,0.0,mark,0.2991,0.0,1.0066434142449534
2026-03-15,TRX,2,-0.005540790928786678,0.0,0.0,mark,0.2959,0.0,1.001081237206885
2026-03-15,TRX,2,0.004849868664684144,0.0,0.0,mark,0.2987,0.0,1.005948142115195
2026-03-16,TRX,2,-0.00017280518142324006,0.0,0.0,mark,0.2986,0.0,1.0057743240827552
2026-03-16,TRX,2,-0.0001695555179420725,0.00016954114421762536,0.0,funding,0.2986,0.0,1.0056038039530255
2026-03-16,TRX,2,0.0001728344814474559,0.0,0.0,mark,0.2987,0.0,1.0057776219854653
2026-03-16,TRX,2,-0.006067051517985548,0.0,0.0,mark,0.2952,0.0,0.9996939908500778
2026-03-16,TRX,2,0.0006952432169339717,0.0,0.0,mark,0.2956,0.0,1.0003892629798363
2026-03-17,TRX,2,-0.00017376549419101899,0.0,0.0,mark,0.2955,0.0,1.0002154449473968
2026-03-17,TRX,2,-0.00016872771222965923,0.00016871347850980705,0.0,funding,0.2955,0.0,1.0000466951204205
2026-03-17,TRX,2,0.02064265669008522,0.0,0.0,mark,0.3075,0.0,1.0209048590131777
2026-03-17,TRX,2,-0.021164222430946185,0.0,0.0,mark,0.2952,0.0,0.9995252410231018
2026-03-17,TRX,2,0.019971700084588557,0.0,0.0,mark,0.3068,0.0,1.0196881327861003
2026-03-18,TRX,2,0.0,0.0,0.0,mark,0.3068,0.0,1.0196881327861003
2026-03-18,TRX,2,-0.00017183481283961424,0.00017182005008375284,0.0,funding,0.3068,0.0,1.0195129299200552
2026-03-18,TRX,2,0.004253223424516845,0.0,0.0,mark,0.3093,0.0,1.0238583807310462
2026-03-18,TRX,2,-0.017122522408507236,0.0,0.0,mark,0.2993,0.0,1.0064765774870819
2026-03-18,TRX,2,0.008940291815134673,0.0,0.0,mark,0.3045,0.0,1.0155151151739432
2026-03-19,TRX,2,0.0,0.0,0.0,mark,0.3045,0.0,1.0155151151739432
2026-03-19,TRX,2,-0.00017124738223511817,0.00017123272023912447,0.0,funding,0.3045,0.0,1.015341225758328
2026-03-19,TRX,2,0.001368596974080123,0.0,0.0,mark,0.3053,0.0,1.0167317700178453
2026-03-19,TRX,2,-0.010655945218673241,0.0,0.0,mark,0.2991,0.0,1.0059550520065874
2026-03-19,TRX,2,0.007745434434644686,0.0,0.0,mark,0.3036,0.0,1.0137768634663713
2026-03-20,TRX,2,0.0,0.0,0.0,mark,0.3036,0.0,1.0137768634663713
2026-03-20,TRX,2,-0.00017103397203946076,0.00017101934656358036,0.0,funding,0.3036,0.0,1.01360348800962
2026-03-20,TRX,2,0.01244071456124209,0.0,0.0,mark,0.3109,0.0,1.026292204377714
2026-03-20,TRX,2,-0.013813538333531697,0.0,0.0,mark,0.3028,0.0,1.012212943750103
2026-03-20,TRX,2,0.011779089622890537,0.0,0.0,mark,0.3097,0.0,1.0242063879884382
2026-03-21,TRX,2,-0.00016972436949570552,0.0,0.0,mark,0.3096,0.0,1.0240325699559987
2026-03-21,TRX,2,-0.00017266747051624735,0.00017265256434647062,0.0,funding,0.3096,0.0,1.0238557681068214
2026-03-21,TRX,2,0.006430467362489029,0.0,0.0,mark,0.3134,0.0,1.0304608533395279
2026-03-21,TRX,2,-0.009661274406861183,0.0,0.0,mark,0.3077,0.0,1.0205532254904681
2026-03-21,TRX,2,0.0074660279313779054,0.0,0.0,mark,0.3121,0.0,1.0282012189178125
2026-03-22,TRX,2,-0.00016906489013876187,0.0,0.0,mark,0.312,0.0,1.028027400885373
2026-03-22,TRX,2,-0.00017332986235538763,0.00017331484160259492,0.0,funding,0.312,0.0,1.0278492284792253
2026-03-22,TRX,2,0.01176807814480607,0.0,0.0,mark,0.319,0.0,1.0400164907500002
2026-03-22,TRX,2,-0.018555399643893754,0.0,0.0,mark,0.308,0.0,1.0208965071816396
2026-03-22,TRX,2,0.004077918516689506,0.0,0.0,mark,0.3104,0.0,1.025068139960191
2026-03-23,TRX,2,-0.00016958167389665249,0.0,0.0,mark,0.3103,0.0,1.0248943219277515
2026-03-23,TRX,2,-0.0001729123791446712,0.00017289743066088015,0.0,funding,0.3103,0.0,1.0247171203327914
2026-03-23,TRX,2,0.0028794817953277556,0.0,0.0,mark,0.312,0.0,1.0276720268842652
2026-03-23,TRX,2,-0.014652665871337947,0.0,0.0,mark,0.3034,0.0,1.012723676094456
2026-03-23,TRX,2,0.008034445301749975,0.0,0.0,mark,0.3081,0.0,1.0208931236191192
2026-03-24,TRX,2,-0.0001702752494773299,0.0,0.0,mark,0.308,0.0,1.0207193055866797
2026-03-24,TRX,2,-0.00017233268699950031,0.00017231783857483106,0.0,funding,0.308,0.0,1.0205434174421493
2026-03-24,TRX,2,0.00695881413365655,0.0,0.0,mark,0.3121,0.0,1.0276699567721745
2026-03-24,TRX,2,-0.010371010984539747,0.0,0.0,mark,0.306,0.0,1.0170670567933564
2026-03-24,TRX,2,0.0001708866491261508,0.0,0.0,mark,0.3061,0.0,1.017240874825796
2026-03-25,TRX,2,-0.00017088664912611753,0.0,0.0,mark,0.306,0.0,1.0170670567933564
2026-03-25,TRX,2,-0.00017182842188245379,0.0001718136602247309,0.0,funding,0.306,0.0,1.0168923107796348
2026-03-25,TRX,2,-0.0008550185206633531,0.0,0.0,mark,0.3055,0.0,1.0160232206174367
2026-03-25,TRX,2,0.01881147764314623,0.0,0.0,mark,0.3166,0.0,1.0353170222182368
2026-03-25,TRX,2,-0.003363424041896764,0.0,0.0,mark,0.3146,0.0,1.031840661569444
2026-03-26,TRX,2,-0.00016846852499490246,0.0,0.0,mark,0.3145,0.0,1.0316668435370044
2026-03-26,TRX,2,-0.00017410243010278881,0.0001740872751542796,0.0,funding,0.3145,0.0,1.031487243467346
2026-03-26,TRX,2,0.002860609443683399,0.0,0.0,mark,0.3162,0.0,1.03444215001882
2026-03-26,TRX,2,-0.012171988981544913,0.0,0.0,mark,0.309,0.0,1.0219272516831657
2026-03-26,TRX,2,0.004243196394971376,0.0,0.0,mark,0.3115,0.0,1.0262727024941567
2026-03-27,TRX,2,0.0,0.0,0.0,mark,0.3115,0.0,1.0262727024941567
2026-03-27,TRX,2,-0.0001733479723497418,0.00017333294845814045,0.0,funding,0.3115,0.0,1.0260948156207113
2026-03-27,TRX,2,-0.006287436971992431,0.0,0.0,mark,0.3078,0.0,1.0196635484204446
2026-03-27,TRX,2,0.0160645475583881,0.0,0.0,mark,0.3173,0.0,1.0361762615022105
2026-03-27,TRX,2,-0.010115963255385564,0.0,0.0,mark,0.3113,0.0,1.025747179555832
2026-03-28,TRX,2,0.0,0.0,0.0,mark,0.3113,0.0,1.025747179555832
2026-03-28,TRX,2,-0.00017332542620059857,0.00017331040621679437,0.0,funding,0.3113,0.0,1.0255694068954675
2026-03-28,TRX,2,0.012129023088805287,0.0,0.0,mark,0.3185,0.0,1.0380843052311217
2026-03-28,TRX,2,-0.014674526381593502,0.0,0.0,mark,0.3098,0.0,1.0229621364088728
2026-03-28,TRX,2,0.011656034570811637,0.0,0.0,mark,0.3167,0.0,1.034955580647208
2026-03-29,TRX,2,-0.00016796144053155964,0.0,0.0,mark,0.3166,0.0,1.0347817626147684
2026-03-29,TRX,2,-0.0001747374279322021,0.00017472216223697823,0.0,funding,0.3166,0.0,1.0346009633077609
2026-03-29,TRX,2,-0.0028601697059277838,0.0,0.0,mark,0.3149,0.0,1.031646056756287
2026-03-29,TRX,2,0.016211040956197582,0.0,0.0,mark,0.3246,0.0,1.0485064059029323
2026-03-29,TRX,2,-0.004319512368779667,0.0,0.0,mark,0.322,0.0,1.0439871370595015
2026-03-30,TRX,2,-0.0001665082813201044,0.0,0.0,mark,0.3219,0.0,1.043813319027062
2026-03-30,TRX,2,-0.0001761254996400865,0.00017610999045469114,0.0,funding,0.3219,0.0,1.0436294930734116
2026-03-30,TRX,2,0.004155142326435496,0.0,0.0,mark,0.3244,0.0,1.0479749438844026
2026-03-30,TRX,2,-0.013021561333147592,0.0,0.0,mark,0.3166,0.0,1.0344171373541104
2026-03-30,TRX,2,0.005696923414515816,0.0,0.0,mark,0.32,0.0,1.0403269504570583
2026-03-31,TRX,2,0.0,0.0,0.0,mark,0.32,0.0,1.0403269504570583
2026-03-31,TRX,2,-0.00017567263932031404,0.00017565720978567688,0.0,funding,0.32,0.0,1.040144209527676
2026-03-31,TRX,2,0.002836834753596937,0.0,0.0,mark,0.3217,0.0,1.0430991160791498
2026-03-31,TRX,2,-0.017990940024878836,0.0,0.0,mark,0.311,0.0,1.024500586608108
2026-03-31,TRX,2,0.0038946144862189998,0.0,0.0,mark,0.3133,0.0,1.0284984013542198
2026-04-01,TRX,2,0.0,0.0,0.0,mark,0.3133,0.0,1.0284984013542198
2026-04-01,TRX,2,-0.0001739724189249145,0.00017395728660114034,0.0,funding,0.3133,0.0,1.0283194865630465
2026-04-01,TRX,2,0.005730607989028251,0.0,0.0,mark,0.3167,0.0,1.0342292996659943
2026-04-01,TRX,2,-0.006068727458702387,0.0,0.0,mark,0.3131,0.0,1.0279718504981672
2026-04-01,TRX,2,0.004218298437160213,0.0,0.0,mark,0.3156,0.0,1.0323173013091582
2026-04-02,TRX,2,0.0,0.0,0.0,mark,0.3156,0.0,1.0323173013091582
2026-04-02,TRX,2,-4.60511025211311e-05,4.605004218550539e-05,0.03175864978310716,resize,0.3156,-0.10388150708909971,1.0322697630538842
2026-04-02,TRX,2,-0.00016417307221883103,0.00016415959655744687,0.0,funding,0.3156,0.0,1.0321003060660427
2026-04-02,TRX,2,0.001582216613329899,0.0,0.0,mark,0.3166,0.0,1.03373460488335
2026-04-02,TRX,2,-0.005707734214459558,0.0,0.0,mark,0.313,0.0,1.0278511291410437
2026-04-02,TRX,2,0.0034919293350869386,0.0,0.0,mark,0.3152,0.0,1.0314465865391198
2026-04-03,TRX,2,0.00015843470493065882,0.0,0.0,mark,0.3153,0.0,1.0316100164208506
2026-04-03,TRX,2,-0.00016412190393926652,0.00016410843667631698,0.0,funding,0.3153,0.0,1.031440720513796
2026-04-03,TRX,2,0.0003168461139581637,0.0,0.0,mark,0.3155,0.0,1.0317675802772575
2026-04-03,TRX,2,-0.004285916399996216,0.0,0.0,mark,0.3128,0.0,1.0273549734705276
2026-04-03,TRX,2,0.003652123748800341,0.0,0.0,mark,0.3151,0.0,1.0311138607503345
2026-04-04,TRX,2,0.0,0.0,0.0,mark,0.3151,0.0,1.0311138607503345
2026-04-04,TRX,2,-0.00016409671940615782,0.0001640832562759433,0.0,funding,0.3151,0.0,1.0309446722304714
2026-04-04,TRX,2,0.004586672607866038,0.0,0.0,mark,0.318,0.0,1.0356841388006626
2026-04-04,TRX,2,-0.0047452095704344785,0.0,0.0,mark,0.315,0.0,1.0307812423487406
2026-04-04,TRX,2,0.0041138144357536184,0.0,0.0,mark,0.3176,0.0,1.0350304192737396
2026-04-05,TRX,2,0.0,0.0,0.0,mark,0.3176,0.0,1.0350304192737396
2026-04-05,TRX,2,-0.00016477284763023977,0.0001647592733301933,0.0,funding,0.3176,0.0,1.0348598884139855
2026-04-05,TRX,2,0.003310930385690433,0.0,0.0,mark,0.3197,0.0,1.0382919159303308
2026-04-05,TRX,2,-0.0041008655332566485,0.0,0.0,mark,0.3171,0.0,1.0340427390053317
2026-04-05,TRX,2,0.002840850981598945,0.0,0.0,mark,0.3189,0.0,1.0369844768764849
2026-04-06,TRX,2,0.0,0.0,0.0,mark,0.3189,0.0,1.0369844768764849
2026-04-06,TRX,2,-0.00016513556248287696,0.00016512192835641456,0.0,funding,0.3189,0.0,1.0368132479999874
2026-04-06,TRX,2,0.0009453157420369469,0.0,0.0,mark,0.3195,0.0,1.0377938272903717
2026-04-06,TRX,2,-0.006319050357161201,0.0,0.0,mark,0.3155,0.0,1.0312566320211425
2026-04-06,TRX,2,0.0015835100050153482,0.0,0.0,mark,0.3165,0.0,1.0328909308384497
2026-04-07,TRX,2,0.0,0.0,0.0,mark,0.3165,0.0,1.0328909308384497
2026-04-07,TRX,2,-0.00016454226355031178,0.0001645287272143945,0.0,funding,0.3165,0.0,1.0327209906082475
2026-04-07,TRX,2,-0.005076921090992901,0.0,0.0,mark,0.3133,0.0,1.0274912343928642
2026-04-07,TRX,2,0.005709727740271098,0.0,0.0,mark,0.3169,0.0,1.0333747101351705
2026-04-07,TRX,2,-0.002058087435255751,0.0,0.0,mark,0.3156,0.0,1.0312501216726708
2026-04-08,TRX,2,0.0,0.0,0.0,mark,0.3156,0.0,1.0312501216726708
2026-04-08,TRX,2,-0.00016433541054006813,0.00016432190821613719,0.0,funding,0.3156,0.0,1.0310806646848294
2026-04-08,TRX,2,0.004270462755275996,0.0,0.0,mark,0.3183,0.0,1.0354932714915592
2026-04-08,TRX,2,-0.005698012611606098,0.0,0.0,mark,0.3147,0.0,1.0296097957492527
2026-04-08,TRX,2,0.00522441633866817,0.0,0.0,mark,0.318,0.0,1.0350029818463669
2026-04-09,TRX,2,0.0,0.0,0.0,mark,0.318,0.0,1.0350029818463669
2026-04-09,TRX,2,-0.00016498476113875992,0.00016497115190156392,0.0,funding,0.318,0.0,1.0348322362122302
2026-04-09,TRX,2,0.004097743290486606,0.0,0.0,mark,0.3206,0.0,1.0390814131372292
2026-04-09,TRX,2,-0.00662780305271473,0.0,0.0,mark,0.3164,0.0,1.0322173581045384
2026-04-09,TRX,2,0.006155842581899938,0.0,0.0,mark,0.3203,0.0,1.0385911234920369
2026-04-10,TRX,2,-0.00015736966918385522,0.0,0.0,mark,0.3202,0.0,1.038427693610306
2026-04-10,TRX,2,-0.0001655783338366198,0.0001655646265009558,0.0,funding,0.3202,0.0,1.0382557667170653
2026-04-10,TRX,2,0.0009440029708877698,0.0,0.0,mark,0.3208,0.0,1.0392363460074496
2026-04-10,TRX,2,-0.005993791354379714,0.0,0.0,mark,0.317,0.0,1.0330260105016817
2026-04-10,TRX,2,0.003474467079639233,0.0,0.0,mark,0.3192,0.0,1.0366214678997578
2026-04-11,TRX,2,-0.00015766870648507825,0.0,0.0,mark,0.3191,0.0,1.036458038018027
2026-04-11,TRX,2,-0.00016532307214820957,0.00016530940704211503,0.0,funding,0.3191,0.0,1.0362867017543382
2026-04-11,TRX,2,0.00141835851982777,0.0,0.0,mark,0.32,0.0,1.037757570689915
2026-04-11,TRX,2,-0.004102981421958004,0.0,0.0,mark,0.3174,0.0,1.0335083937649159
2026-04-11,TRX,2,0.002369158733874301,0.0,0.0,mark,0.3189,0.0,1.0359598419908769
2026-04-12,TRX,2,0.0,0.0,0.0,mark,0.3189,0.0,1.0359598419908769
2026-04-12,TRX,2,-0.00016529890630824753,0.00016528524519681225,0.0,funding,0.3189,0.0,1.0357886131143794
2026-04-12,TRX,2,0.006448270008041228,0.0,0.0,mark,0.323,0.0,1.0424892382653395
2026-04-12,TRX,2,-0.007237496592246844,0.0,0.0,mark,0.3184,0.0,1.0349714637057257
2026-04-12,TRX,2,0.004568867821366168,0.0,0.0,mark,0.3213,0.0,1.0397109302759169
2026-04-13,TRX,2,0.0,0.0,0.0,mark,0.3213,0.0,1.0397109302759169
2026-04-13,TRX,2,-0.0001659421211479302,0.00016592835351562788,0.0,funding,0.3213,0.0,1.039538412753124
2026-04-13,TRX,2,0.0015709044223273048,0.0,0.0,mark,0.3223,0.0,1.0411727115704312
2026-04-13,TRX,2,-0.004877858143285074,0.0,0.0,mark,0.3192,0.0,1.0361063852367784
2026-04-13,TRX,2,0.0018910267241525433,0.0,0.0,mark,0.3204,0.0,1.0380675438175473
2026-04-14,TRX,2,0.00015742426311969617,0.0,0.0,mark,0.3205,0.0,1.038230973699278
2026-04-14,TRX,2,-0.00016576488455170174,0.00016575114631246375,0.0,funding,0.3205,0.0,1.0380588857252504
2026-04-14,TRX,2,0.005025366645425843,0.0,0.0,mark,0.3237,0.0,1.0432886419406338
2026-04-14,TRX,2,-0.005812866482514235,0.0,0.0,mark,0.32,0.0,1.0372417363165967
2026-04-14,TRX,2,0.0058128664825142385,0.0,0.0,mark,0.3237,0.0,1.0432886419406338
2026-04-15,TRX,2,0.0,0.0,0.0,mark,0.3237,0.0,1.0432886419406338
2026-04-15,TRX,2,-0.00016660839703065944,0.00016659451862234155,0.0,funding,0.3237,0.0,1.0431148357715454
2026-04-15,TRX,2,0.007492256599393603,0.0,0.0,mark,0.3285,0.0,1.0509594700946205
2026-04-15,TRX,2,-0.010787853396755533,0.0,0.0,mark,0.3216,0.0,1.0396828082552
2026-04-15,TRX,2,0.008764236954724166,0.0,0.0,mark,0.3272,0.0,1.0488348816321211
2026-04-16,TRX,2,0.0,0.0,0.0,mark,0.3272,0.0,1.0488348816321211
2026-04-16,TRX,2,-0.00016751937200148602,0.0001675053414149274,0.0,funding,0.3272,0.0,1.0486591961871854
2026-04-16,TRX,2,-0.00343451454088199,0.0,0.0,mark,0.325,0.0,1.0450637387891093
2026-04-16,TRX,2,0.004369156720102978,0.0,0.0,mark,0.3278,0.0,1.0496397754775697
2026-04-16,TRX,2,-0.0012463837967006254,0.0,0.0,mark,0.327,0.0,1.0483323364237238
2026-04-17,TRX,2,0.0,0.0,0.0,mark,0.327,0.0,1.0483323364237238
2026-04-17,TRX,2,-0.00016749723009889947,0.00016748320322099248,0.0,funding,0.327,0.0,1.0481567583659794
2026-04-17,TRX,2,0.0015579979023120304,0.0,0.0,mark,0.328,0.0,1.0497910571832867
2026-04-17,TRX,2,-0.007186974870637061,0.0,0.0,mark,0.3234,0.0,1.042273282623673
2026-04-17,TRX,2,0.006875569418264088,0.0,0.0,mark,0.3278,0.0,1.049464197419825
2026-04-18,TRX,2,0.0,0.0,0.0,mark,0.3278,0.0,1.049464197419825
2026-04-18,TRX,2,-0.00016772593850796093,0.00016771187329900561,0.0,funding,0.3278,0.0,1.0492881898133155
2026-04-18,TRX,2,0.003575919925282549,0.0,0.0,mark,0.3301,0.0,1.0530470770931224
2026-04-18,TRX,2,-0.005602762802173412,0.0,0.0,mark,0.3265,0.0,1.047163601350816
2026-04-18,TRX,2,0.0046711462157818275,0.0,0.0,mark,0.3295,0.0,1.052066497802738
2026-04-19,TRX,2,0.0,0.0,0.0,mark,0.3295,0.0,1.052066497802738
2026-04-19,TRX,2,-0.00016817879435521998,0.00016816465309455855,0.0,funding,0.3295,0.0,1.0518895774051027
2026-04-19,TRX,2,-0.0031121959960516256,0.0,0.0,mark,0.3275,0.0,1.048620979770488
2026-04-19,TRX,2,0.014082918326539278,0.0,0.0,mark,0.3366,0.0,1.0634930990079845
2026-04-19,TRX,2,-0.01159238715086344,0.0,0.0,mark,0.3291,0.0,1.0512358578781795
2026-04-20,TRX,2,-0.00015547660936134696,0.0,0.0,mark,0.329,0.0,1.0510724279964487
2026-04-20,TRX,2,-0.00016808239984937603,0.00016806827479428377,0.0,funding,0.329,0.0,1.0508957760667916
2026-04-20,TRX,2,-0.004207740644124586,0.0,0.0,mark,0.3263,0.0,1.0464831692600618
2026-04-20,TRX,2,0.010409065961191802,0.0,0.0,mark,0.333,0.0,1.0574329713360209
2026-04-20,TRX,2,-0.006667978683571414,0.0,0.0,mark,0.3287,0.0,1.0504054864215993
2026-04-21,TRX,2,0.00015557531957416571,0.0,0.0,mark,0.3288,0.0,1.05056891630333
2026-04-21,TRX,2,-0.00016806072904292872,0.00016804660762963938,0.0,funding,0.3288,0.0,1.050392371760864
2026-04-21,TRX,2,-0.0010897190806097863,0.0,0.0,mark,0.3281,0.0,1.049248362588749
2026-04-21,TRX,2,0.011768167127971683,0.0,0.0,mark,0.3357,0.0,1.0616690336002845
2026-04-21,TRX,2,-0.004010386387778908,0.0,0.0,mark,0.3331,0.0,1.0574198566752855
2026-04-22,TRX,2,0.0,0.0,0.0,mark,0.3331,0.0,1.0574198566752855
2026-04-22,TRX,2,-0.0001691556039925837,0.00016914129799000432,0.0,funding,0.3331,0.0,1.057241003308207
2026-04-22,TRX,2,0.003395022998594015,0.0,0.0,mark,0.3353,0.0,1.060836460706283
2026-04-22,TRX,2,-0.012089271707794272,0.0,0.0,mark,0.3275,0.0,1.0480889299312859
2026-04-22,TRX,2,0.0031137734080866186,0.0,0.0,mark,0.3295,0.0,1.0513575275659006
2026-04-23,TRX,2,0.00015543445160953452,0.0,0.0,mark,0.3296,0.0,1.0515209574476314
2026-04-23,TRX,2,-0.0001683171260453386,0.0001683029615126419,0.0,funding,0.3296,0.0,1.0513439833564004
2026-04-23,TRX,2,0.0010875481483176104,0.0,0.0,mark,0.3303,0.0,1.0524879925285155
2026-04-23,TRX,2,-0.0060743145372094964,0.0,0.0,mark,0.3264,0.0,1.046114227141017
2026-04-23,TRX,2,0.0037424042133178204,0.0,0.0,mark,0.3288,0.0,1.0500365443025546
2026-04-24,TRX,2,0.0,0.0,0.0,mark,0.3288,0.0,1.0500365443025546
2026-04-24,TRX,2,-0.0001681459435523635,0.0001681318078154927,0.0,funding,0.3288,0.0,1.0498599997600886
2026-04-24,TRX,2,0.0001556561471674758,0.0,0.0,mark,0.3289,0.0,1.0500234296418194
2026-04-24,TRX,2,-0.014264868205619221,0.0,0.0,mark,0.3198,0.0,1.0351513104043226
2026-04-24,TRX,2,0.005667595502136288,0.0,0.0,mark,0.3234,0.0,1.0410347861466291
2026-04-25,TRX,2,0.0,0.0,0.0,mark,0.3234,0.0,1.0410347861466291
2026-04-25,TRX,2,-0.00016681437956148502,0.00016680046681636737,0.0,funding,0.3234,0.0,1.0408611410583277
2026-04-25,TRX,2,0.0018823964538609594,0.0,0.0,mark,0.3246,0.0,1.0428222996390966
2026-04-25,TRX,2,-0.004240385920038351,0.0,0.0,mark,0.3219,0.0,1.0384096928323667
2026-04-25,TRX,2,0.0031427519904501174,0.0,0.0,mark,0.3239,0.0,1.0416782904669815
2026-04-26,TRX,2,0.0,0.0,0.0,mark,0.3239,0.0,1.0416782904669815
2026-04-26,TRX,2,-0.00016696908956372354,0.00016695515100115252,0.0,funding,0.3239,0.0,1.041504376910702
2026-04-26,TRX,2,-0.001570403777416683,0.0,0.0,mark,0.3229,0.0,1.0398700780933947
2026-04-26,TRX,2,0.00266822089267342,0.0,0.0,mark,0.3246,0.0,1.042648386082817
2026-04-26,TRX,2,-0.0018827107329938513,0.0,0.0,mark,0.3234,0.0,1.0406872275020482
2026-04-27,TRX,2,0.0,0.0,0.0,mark,0.3234,0.0,1.0406872275020482
2026-04-27,TRX,2,-0.000166870095261375,0.00016685617322135642,0.0,funding,0.3234,0.0,1.0405135824137468
2026-04-27,TRX,2,0.004544587736681852,0.0,0.0,mark,0.3263,0.0,1.045253048983938
2026-04-27,TRX,2,-0.00501589844510175,0.0,0.0,mark,0.3231,0.0,1.0400232927685547
2026-04-27,TRX,2,0.0034511311372789765,0.0,0.0,mark,0.3253,0.0,1.0436187501666307
2026-04-28,TRX,2,0.00015658695912136258,0.0,0.0,mark,0.3254,0.0,1.0437821800483615
2026-04-28,TRX,2,-0.00016740426145552085,0.00016739025014399976,0.0,funding,0.3254,0.0,1.0436074610881474
2026-04-28,TRX,2,0.0006262075450800336,0.0,0.0,mark,0.3258,0.0,1.0442611806150703
2026-04-28,TRX,2,-0.0053353053668660135,0.0,0.0,mark,0.3224,0.0,1.0387045646362254
2026-04-28,TRX,2,0.0009435952835033704,0.0,0.0,mark,0.323,0.0,1.0396851439266097
2026-04-29,TRX,2,0.0,0.0,0.0,mark,0.323,0.0,1.0396851439266097
2026-04-29,TRX,2,-0.00016682433285915228,0.00016681041845396919,0.0,funding,0.323,0.0,1.039511713612691
2026-04-29,TRX,2,0.0018848377587691281,0.0,0.0,mark,0.3242,0.0,1.0414728721934599
2026-04-29,TRX,2,-0.004245891832086182,0.0,0.0,mark,0.3215,0.0,1.03706026538673
2026-04-29,TRX,2,0.0026754405123877835,0.0,0.0,mark,0.3232,0.0,1.0398385733761524
2026-04-30,TRX,2,-0.00015718086468135054,0.0,0.0,mark,0.3231,0.0,1.0396751434944216
2026-04-30,TRX,2,-0.00016687759085068257,0.0001668636675599663,0.0,funding,0.3231,0.0,1.039501659486907
2026-04-30,TRX,2,0.006112837129112891,0.0,0.0,mark,0.327,0.0,1.0458754248744058
2026-04-30,TRX,2,-0.006112837129112957,0.0,0.0,mark,0.3231,0.0,1.039501659486907
2026-04-30,TRX,2,0.005487596398999296,0.0,0.0,mark,0.3266,0.0,1.0452217053474828
2026-05-01,TRX,2,0.0,0.0,0.0,mark,0.3266,0.0,1.0452217053474828
2026-05-01,TRX,2,-0.00016779023531498271,0.00016777615932069755,0.0,funding,0.3266,0.0,1.045046342064121
2026-05-01,TRX,2,-0.002035078218068692,0.0,0.0,mark,0.3253,0.0,1.0429217536016213
2026-05-01,TRX,2,0.003441556329519977,0.0,0.0,mark,0.3275,0.0,1.0465172109996974
2026-05-01,TRX,2,-0.0007811324960449241,0.0,0.0,mark,0.327,0.0,1.0457000615910437
2026-05-02,TRX,2,-0.0001562997460661704,0.0,0.0,mark,0.3269,0.0,1.0455366317093129
2026-05-02,TRX,2,-1.645189267474969e-05,1.6451757342964372e-05,0.011346039546871979,resize,0.3269,-0.036288467332753704,1.0455194307943547
2026-05-02,TRX,2,-0.00016416821249869758,0.00016415473763501054,0.0,funding,0.3269,0.0,1.0453478038265003
2026-05-02,TRX,2,0.011248783658625717,0.0,0.0,mark,0.3343,0.0,1.057173080416312
2026-05-02,TRX,2,-0.012319438007921275,0.0,0.0,mark,0.3262,0.0,1.044229196581518
2026-05-02,TRX,2,0.005798392890025294,0.0,0.0,mark,0.33,0.0,1.0503016359114214
2026-05-03,TRX,2,-0.00015215932971126512,0.0,0.0,mark,0.3299,0.0,1.050141834876424
2026-05-03,TRX,2,-0.00016494561777506263,0.00016493201499468197,0.0,funding,0.3299,0.0,1.0499686328675677
2026-05-03,TRX,2,0.02093457971465712,0.0,0.0,mark,0.3438,0.0,1.0721809767322141
2026-05-03,TRX,2,-0.02184817296505277,0.0,0.0,mark,0.3293,0.0,1.049009826657583
2026-05-03,TRX,2,0.013917531089659384,0.0,0.0,mark,0.3385,0.0,1.063711521877349
2026-05-04,TRX,2,0.00015021839049818853,0.0,0.0,mark,0.3386,0.0,1.0638713229123464
2026-05-04,TRX,2,-0.00016711088828817703,0.00016709692604141183,0.0,funding,0.3386,0.0,1.0636935532845841
2026-05-04,TRX,2,-0.0036120888242414484,0.0,0.0,mark,0.3362,0.0,1.0598583284446452
2026-05-04,TRX,2,0.00825847618888752,0.0,0.0,mark,0.3417,0.0,1.0686473853695053
2026-05-04,TRX,2,-0.0014964771009014916,0.0,0.0,mark,0.3407,0.0,1.0670493750195307
2026-05-05,TRX,2,-0.00014977095326065902,0.0,0.0,mark,0.3406,0.0,1.0668895739845332
2026-05-05,TRX,2,-0.00016762244844318295,0.00016760840058555228,0.0,funding,0.3406,0.0,1.0667107543294363
2026-05-05,TRX,2,-0.0048053601819574455,0.0,0.0,mark,0.3374,0.0,1.0615971212095177
2026-05-05,TRX,2,0.01301100194455043,0.0,0.0,mark,0.3461,0.0,1.0754998112542964
2026-05-05,TRX,2,-0.0019334474680998929,0.0,0.0,mark,0.3448,0.0,1.0734223977993294
2026-05-06,TRX,2,-0.0001488816810079951,0.0,0.0,mark,0.3447,0.0,1.0732625967643319
2026-05-06,TRX,2,-0.0001686329804553012,0.00016861876271347624,0.0,funding,0.3447,0.0,1.0730816245531989
2026-05-06,TRX,2,0.004161031382870275,0.0,0.0,mark,0.3475,0.0,1.0775560535331277
2026-05-06,TRX,2,-0.008339449319094737,0.0,0.0,mark,0.3419,0.0,1.06860719557327
2026-05-06,TRX,2,0.006558269837424934,0.0,0.0,mark,0.3463,0.0,1.0756384411131583
2026-05-07,TRX,2,0.0,0.0,0.0,mark,0.3463,0.0,1.0756384411131583
2026-05-07,TRX,2,-0.00016904156024526314,0.0001690272735257105,0.0,funding,0.3463,0.0,1.0754566288801575
2026-05-07,TRX,2,0.005187138828405264,0.0,0.0,mark,0.3498,0.0,1.0810496651050685
2026-05-07,TRX,2,-0.008759648872437336,0.0,0.0,mark,0.3439,0.0,1.0716214040402186
2026-05-07,TRX,2,0.007576387070254353,0.0,0.0,mark,0.349,0.0,1.0797712568250888
2026-05-08,TRX,2,0.0,0.0,0.0,mark,0.349,0.0,1.0797712568250888
2026-05-08,TRX,2,-0.00016970753473983562,0.00016969313523068652,0.0,funding,0.349,0.0,1.079588027055186
2026-05-08,TRX,2,0.0044307811145451285,0.0,0.0,mark,0.352,0.0,1.0843820581051098
2026-05-08,TRX,2,-0.007692543343652101,0.0,0.0,mark,0.3468,0.0,1.076072404285242
2026-05-08,TRX,2,0.005036431187656637,0.0,0.0,mark,0.3502,0.0,1.0815056394751557
2026-05-09,TRX,2,-0.00014776884767165298,0.0,0.0,mark,0.3501,0.0,1.0813458384401582
2026-05-09,TRX,2,-0.00016999455859900567,0.0001699801103427256,0.0,funding,0.3501,0.0,1.0811620311552215
2026-05-09,TRX,2,0.005012781249411462,0.0,0.0,mark,0.3535,0.0,1.086595266345135
2026-05-09,TRX,2,-0.0056041756482794565,0.0,0.0,mark,0.3497,0.0,1.0805228270152316
2026-05-09,TRX,2,0.0007391883667184964,0.0,0.0,mark,0.3502,0.0,1.081321832190219
2026-05-10,TRX,2,0.0,0.0,0.0,mark,0.3502,0.0,1.081321832190219
2026-05-10,TRX,2,-0.000170046894148944,0.00017003243699522023,0.0,funding,0.3502,0.0,1.0811379724039154
2026-05-10,TRX,2,0.003246504336243811,0.0,0.0,mark,0.3524,0.0,1.0846535951738594
2026-05-10,TRX,2,-0.005762405607105475,0.0,0.0,mark,0.3485,0.0,1.0784213548089585
2026-05-10,TRX,2,0.003106959277838697,0.0,0.0,mark,0.3506,0.0,1.0817771765439053
2026-05-11,TRX,2,0.00014770993200133556,0.0,0.0,mark,0.3507,0.0,1.0819369775789027
2026-05-11,TRX,2,-0.00017019287218056778,0.00017017839019526748,0.0,funding,0.3507,0.0,1.0817528552857656
2026-05-11,TRX,2,0.0029501273496045518,0.0,0.0,mark,0.3527,0.0,1.0849488759857147
2026-05-11,TRX,2,-0.005316511635857403,0.0,0.0,mark,0.3491,0.0,1.0791960387258062
2026-05-11,TRX,2,0.0029571064271153177,0.0,0.0,mark,0.3511,0.0,1.0823920594257552
2026-05-12,TRX,2,0.00014762602746419082,0.0,0.0,mark,0.3512,0.0,1.0825518604607527
2026-05-12,TRX,2,-0.0001703387256422593,0.00017032421882523478,0.0,funding,0.3512,0.0,1.082367475660782
2026-05-12,TRX,2,0.0002952369692632239,0.0,0.0,mark,0.3514,0.0,1.0826870777307769
2026-05-12,TRX,2,-0.006664006550242344,0.0,0.0,mark,0.3469,0.0,1.0754960311558912
2026-05-12,TRX,2,0.0032635074031459937,0.0,0.0,mark,0.3491,0.0,1.0790116539258354
2026-05-13,TRX,2,0.0,0.0,0.0,mark,0.3491,0.0,1.0790116539258354
2026-05-13,TRX,2,-0.00016987568080799675,0.00016986125275154828,0.0,funding,0.3491,0.0,1.0788283716545661
2026-05-13,TRX,2,0.003843842898099275,0.0,0.0,mark,0.3517,0.0,1.0829831985645
2026-05-13,TRX,2,-0.004732985746208712,0.0,0.0,mark,0.3485,0.0,1.0778695654445813
2026-05-13,TRX,2,0.0017774958234725113,0.0,0.0,mark,0.3497,0.0,1.079787177864551
2026-05-14,TRX,2,-0.0001480040365031064,0.0,0.0,mark,0.3496,0.0,1.0796273768295535
2026-05-14,TRX,2,-0.0001700219777747544,0.00017000752485735735,0.0,funding,0.3496,0.0,1.0794438320514503
2026-05-14,TRX,2,-0.00044421912345177136,0.0,0.0,mark,0.3493,0.0,1.078964428946458
2026-05-14,TRX,2,0.009287412033346388,0.0,0.0,mark,0.3556,0.0,1.0890318941512978
2026-05-14,TRX,2,-0.0026447563522182227,0.0,0.0,mark,0.3538,0.0,1.0861554755213434
2026-05-15,TRX,2,0.0,0.0,0.0,mark,0.3538,0.0,1.0861554755213434
2026-05-15,TRX,2,-0.0001710305058432093,0.00017101588096005821,0.0,funding,0.3538,0.0,1.0859697256858376
2026-05-15,TRX,2,0.0005884290143529478,0.0,0.0,mark,0.3542,0.0,1.0866089298258275
2026-05-15,TRX,2,-0.006195841849473963,0.0,0.0,mark,0.35,0.0,1.0798972863559342
2026-05-15,TRX,2,0.0031027194740897227,0.0,0.0,mark,0.3521,0.0,1.083253108090881
2026-05-16,TRX,2,0.00014750869217269616,0.0,0.0,mark,0.3522,0.0,1.0834129091258784
2026-05-16,TRX,2,-0.00017068801144388856,0.00017067344507396944,0.0,funding,0.3522,0.0,1.0832279993122402
2026-05-16,TRX,2,0.004856447069184711,0.0,0.0,mark,0.3555,0.0,1.0885014334671563
2026-05-16,TRX,2,-0.009736594362195813,0.0,0.0,mark,0.3489,0.0,1.0779545651573241
2026-05-16,TRX,2,0.00929607247422905,0.0,0.0,mark,0.3552,0.0,1.088022030362164
2026-05-17,TRX,2,-0.0001468837642196883,0.0,0.0,mark,0.3551,0.0,1.0878622293271665
2026-05-17,TRX,2,-0.00017138965301996537,0.00017137496665246474,0.0,funding,0.3551,0.0,1.087675796973893
2026-05-17,TRX,2,0.0035198715104012624,0.0,0.0,mark,0.3575,0.0,1.091511021813832
2026-05-17,TRX,2,-0.0060206312241035944,0.0,0.0,mark,0.3534,0.0,1.0849591793789362
2026-05-17,TRX,2,0.0027945560124064597,0.0,0.0,mark,0.3553,0.0,1.0879953990438878
2026-05-18,TRX,2,0.0,0.0,0.0,mark,0.3553,0.0,1.0879953990438878
2026-05-18,TRX,2,-0.00017146520009209677,0.0001714505007749238,0.0,funding,0.3553,0.0,1.087808861687881
2026-05-18,TRX,2,-0.002205957718277097,0.0,0.0,mark,0.3538,0.0,1.085411846162919
2026-05-18,TRX,2,0.006749574363134629,0.0,0.0,mark,0.3584,0.0,1.0927626937728019
2026-05-18,TRX,2,-0.003956182183154972,0.0,0.0,mark,0.3557,0.0,1.0884480658278706
2026-05-19,TRX,2,-0.000146826267413766,0.0,0.0,mark,0.3556,0.0,1.088288264792873
2026-05-19,TRX,2,-0.00017156380496371814,0.00017154908873580742,0.0,funding,0.3556,0.0,1.088101569932766
2026-05-19,TRX,2,0.003225760936412687,0.0,0.0,mark,0.3578,0.0,1.09161719270271
2026-05-19,TRX,2,-0.005431124579138826,0.0,0.0,mark,0.3541,0.0,1.0857045544078041
2026-05-19,TRX,2,0.003379571918294357,0.0,0.0,mark,0.3564,0.0,1.0893799782127456
2026-05-20,TRX,2,0.0,0.0,0.0,mark,0.3564,0.0,1.0893799782127456
2026-05-20,TRX,2,-0.00017177747553999483,0.00017176272263416147,0.0,funding,0.3564,0.0,1.0891928633417045
2026-05-20,TRX,2,-0.0019091174474746547,0.0,0.0,mark,0.3551,0.0,1.0871154498867377
2026-05-20,TRX,2,0.007031006494279448,0.0,0.0,mark,0.3599,0.0,1.0947858995666155
2026-05-20,TRX,2,-0.0010222812592437516,0.0,0.0,mark,0.3592,0.0,1.0936672923216333
2026-05-21,TRX,2,0.0,0.0,0.0,mark,0.3592,0.0,1.0936672923216333
2026-05-21,TRX,2,-0.00017244839603734174,0.00017243352766744725,0.0,funding,0.3592,0.0,1.0934787074123238
2026-05-21,TRX,2,0.009019881500246189,0.0,0.0,mark,0.3654,0.0,1.1033863715821661
2026-05-21,TRX,2,-0.009604612629574526,0.0,0.0,mark,0.3588,0.0,1.092839503272334
2026-05-21,TRX,2,0.009604612629574575,0.0,0.0,mark,0.3654,0.0,1.1033863715821661
2026-05-22,TRX,2,0.0,0.0,0.0,mark,0.3654,0.0,1.1033863715821661
2026-05-22,TRX,2,-0.00017387986477606322,0.00017386474854856756,0.0,funding,0.3654,0.0,1.103194531588119
2026-05-22,TRX,2,0.0015921148874067413,0.0,0.0,mark,0.3665,0.0,1.1049523429730912
2026-05-22,TRX,2,-0.010175171022484279,0.0,0.0,mark,0.3595,0.0,1.0937662705232691
2026-05-22,TRX,2,0.004082500882205237,0.0,0.0,mark,0.3623,0.0,1.098240699503198
2026-05-23,TRX,2,0.0,0.0,0.0,mark,0.3623,0.0,1.098240699503198
2026-05-23,TRX,2,-0.00017321241674914383,0.00017319741634446066,0.0,funding,0.3623,0.0,1.0980504870515195
2026-05-23,TRX,2,-0.005545548649870892,0.0,0.0,mark,0.3585,0.0,1.091978047721616
2026-05-23,TRX,2,0.007145116166560587,0.0,0.0,mark,0.3634,0.0,1.0998082984364914
2026-05-23,TRX,2,-0.0007267589755259588,0.0,0.0,mark,0.3629,0.0,1.099009293261504
2026-05-24,TRX,2,0.00014539405553565412,0.0,0.0,mark,0.363,0.0,1.0991690942965016
2026-05-24,TRX,2,-0.00017340051320902211,0.0001733854802089422,0.0,funding,0.363,0.0,1.0989785143352562
2026-05-24,TRX,2,0.007244132701304036,0.0,0.0,mark,0.368,0.0,1.106968566085129
2026-05-24,TRX,2,-0.00855366805136229,0.0,0.0,mark,0.3621,0.0,1.097540305020279
2026-05-24,TRX,2,0.005227883436079884,0.0,0.0,mark,0.3657,0.0,1.1032931422801875
2026-05-25,TRX,2,0.0,0.0,0.0,mark,0.3657,0.0,1.1032931422801875
2026-05-25,TRX,2,-0.00017403734206322032,0.00017402219844351547,0.0,funding,0.3657,0.0,1.1031011447820402
2026-05-25,TRX,2,0.011952104821677889,0.0,0.0,mark,0.374,0.0,1.1163646306868291
2026-05-25,TRX,2,-0.014417851711629513,0.0,0.0,mark,0.364,0.0,1.1003845271870833
2026-05-25,TRX,2,0.01126371195248845,0.0,0.0,mark,0.3718,0.0,1.1128490079168851
2026-05-26,TRX,2,-0.00014360664239284628,0.0,0.0,mark,0.3717,0.0,1.1126892068818877
2026-05-26,TRX,2,-0.00017539910857438954,0.00017538372705004957,0.0,funding,0.3717,0.0,1.1124940593017363
2026-05-26,TRX,2,0.008296731257466989,0.0,0.0,mark,0.3775,0.0,1.1217625193315888
2026-05-26,TRX,2,-0.008871464972513891,0.0,0.0,mark,0.3713,0.0,1.1118548551617464
2026-05-26,TRX,2,0.0061611443515517,0.0,0.0,mark,0.3756,0.0,1.118726299666637
2026-05-27,TRX,2,0.0,0.0,0.0,mark,0.3756,0.0,1.118726299666637
2026-05-27,TRX,2,-0.00017628307755502537,0.0001762675406064084,0.0,funding,0.3756,0.0,1.118529104533183
2026-05-27,TRX,2,-0.011206191054317185,0.0,0.0,mark,0.3678,0.0,1.1060646238033816
2026-05-27,TRX,2,0.011634700599560541,0.0,0.0,mark,0.3759,0.0,1.1190085076381755
2026-05-27,TRX,2,-0.011201363133994722,0.0,0.0,mark,0.3681,0.0,1.1065440269083737
2026-05-28,TRX,2,0.0,0.0,0.0,mark,0.3681,0.0,1.1065440269083737
2026-05-28,TRX,2,-0.00017466490658712665,0.00017464965356039794,0.0,funding,0.3681,0.0,1.1063507693774248
2026-05-28,TRX,2,0.0007219381191313786,0.0,0.0,mark,0.3686,0.0,1.1071497745524121
2026-05-28,TRX,2,-0.030184107680417783,0.0,0.0,mark,0.348,0.0,1.074230761342936
2026-05-28,TRX,2,0.007410403654246963,0.0,0.0,mark,0.353,0.0,1.0822208130928088
2026-05-29,TRX,2,-0.00014767118905762954,0.0,0.0,mark,0.3529,0.0,1.0820610120578114
2026-05-29,TRX,2,-0.00017124097913912202,0.00017122631823959124,0.0,funding,0.3529,0.0,1.0818757347346062
2026-05-29,TRX,2,0.00029537114240084725,0.0,0.0,mark,0.3531,0.0,1.0821953368046011
2026-05-29,TRX,2,-0.019684083281530342,0.0,0.0,mark,0.3399,0.0,1.0611016001849367
2026-05-29,TRX,2,0.0067541028833808,0.0,0.0,mark,0.3444,0.0,1.0682926467598224
2026-05-30,TRX,2,-0.00014959663780236333,0.0,0.0,mark,0.3443,0.0,1.068132845724825
2026-05-30,TRX,2,-0.00016924627258306936,0.00016923195124053468,0.0,funding,0.3443,0.0,1.0679520835191587
2026-05-30,TRX,2,0.008047720190267102,0.0,0.0,mark,0.3497,0.0,1.0765813394090213
2026-05-30,TRX,2,-0.011495218454119509,0.0,0.0,mark,0.342,0.0,1.0642766597142173
2026-05-30,TRX,2,0.009117453369901234,0.0,0.0,mark,0.3481,0.0,1.0740245228490621
2026-05-31,TRX,2,0.0,0.0,0.0,mark,0.3481,0.0,1.0740245228490621
2026-05-31,TRX,2,-0.00017017563805225857,0.00017016115899962876,0.0,funding,0.3481,0.0,1.07384176559146
2026-05-31,TRX,2,0.004898792484825647,0.0,0.0,mark,0.3514,0.0,1.0791151997463762
2026-05-31,TRX,2,-0.009074246458105485,0.0,0.0,mark,0.3453,0.0,1.0693673366115313
2026-05-31,TRX,2,0.009074246458105464,0.0,0.0,mark,0.3514,0.0,1.0791151997463762
2026-06-01,TRX,2,-0.00014809620723594538,0.0,0.0,mark,0.3513,0.0,1.0789553987113787
2026-06-01,TRX,2,-0.00017095522879591378,0.00017094061678341317,0.0,funding,0.3513,0.0,1.0787709614100411
2026-06-01,TRX,2,0.00192387062000228,0.0,0.0,mark,0.3526,0.0,1.0808483748650082
2026-06-01,TRX,2,-0.013995168622654573,0.0,0.0,mark,0.3432,0.0,1.0658270775752472
2026-06-01,TRX,2,0.0005995461706541585,0.0,0.0,mark,0.3436,0.0,1.066466281715237
2026-06-02,TRX,2,0.000149830394556379,0.0,0.0,mark,0.3437,0.0,1.0666260827502345
2026-06-02,TRX,2,-2.2171799268471857e-05,2.2171553475921726e-05,0.01529072653511843,resize,0.3437,-0.04745268474413278,1.066602433993002
2026-06-02,TRX,2,-0.00016416915160532815,0.00016415567658746208,0.0,funding,0.3437,0.0,1.0664273451488
2026-06-02,TRX,2,0.0,0.0,0.0,mark,0.3437,0.0,1.0664273451488
2026-06-02,TRX,2,-0.016714211392399262,0.0,0.0,mark,0.3323,0.0,1.048750987765173
2026-06-02,TRX,2,0.0005912173128647132,0.0,0.0,mark,0.3327,0.0,1.0493712108312652
2026-06-03,TRX,2,0.00014774972905774709,0.0,0.0,mark,0.3328,0.0,1.0495262665977882
2026-06-03,TRX,2,-0.00016154890869266952,0.0001615358603704336,0.0,funding,0.3328,0.0,1.049356730469332
2026-06-03,TRX,2,0.004423084232302562,0.0,0.0,mark,0.3358,0.0,1.0540084034650234
2026-06-03,TRX,2,-0.009459677844179924,0.0,0.0,mark,0.3294,0.0,1.0440848344075486
2026-06-03,TRX,2,0.00592277693687716,0.0,0.0,mark,0.3334,0.0,1.0502870650684704
2026-06-04,TRX,2,-0.00014764269539996634,0.0,0.0,mark,0.3333,0.0,1.0501320093019473
2026-06-04,TRX,2,-0.00016169830697395602,0.0001616852345073857,0.0,funding,0.3333,0.0,1.0499622184617596
2026-06-04,TRX,2,0.000590535489133089,0.0,0.0,mark,0.3337,0.0,1.0505824415278517
2026-06-04,TRX,2,-0.01083255192897401,0.0,0.0,mark,0.3264,0.0,1.0392633705716696
2026-06-04,TRX,2,0.009059898234262993,0.0,0.0,mark,0.3325,0.0,1.0487217723295752
2026-06-05,TRX,2,0.0,0.0,0.0,mark,0.3325,0.0,1.0487217723295752
2026-06-05,TRX,2,-0.00016152709541416766,0.00016151405061526556,0.0,funding,0.3325,0.0,1.0485523890281578
2026-06-05,TRX,2,0.00014786509931206056,0.0,0.0,mark,0.3326,0.0,1.048707444794681
2026-06-05,TRX,2,-0.020916822944511193,0.0,0.0,mark,0.3186,0.0,1.0269996374814547
2026-06-05,TRX,2,0.0025633612074545064,0.0,0.0,mark,0.3203,0.0,1.0296355855123465
2026-06-06,TRX,2,0.0,0.0,0.0,mark,0.3203,0.0,1.0296355855123465
2026-06-06,TRX,2,-0.00015848448483359124,0.00015847192683096997,0.0,funding,0.3203,0.0,1.0294724171771765
2026-06-06,TRX,2,0.00600659334493685,0.0,0.0,mark,0.3243,0.0,1.0356746478380983
2026-06-06,TRX,2,-0.009023474106688176,0.0,0.0,mark,0.3183,0.0,1.0263713018467158
2026-06-06,TRX,2,0.008873748152622657,0.0,0.0,mark,0.3242,0.0,1.0355195920715752
2026-06-07,TRX,2,0.00014972595406560367,0.0,0.0,mark,0.3243,0.0,1.0356746478380983
2026-06-07,TRX,2,-0.00015952809815186344,0.00015951537422140207,0.0,funding,0.3243,0.0,1.0355094418090767
2026-06-07,TRX,2,0.00790482186827064,0.0,0.0,mark,0.3296,0.0,1.043727397434798
2026-06-07,TRX,2,-0.010003363104765699,0.0,0.0,mark,0.3229,0.0,1.0333386610777542
2026-06-07,TRX,2,0.005835017688612572,0.0,0.0,mark,0.3268,0.0,1.0393858359721528
2026-06-08,TRX,2,0.0,0.0,0.0,mark,0.3268,0.0,1.0393858359721528
2026-06-08,TRX,2,-0.00016018394320094567,0.00016017111443805245,0.0,funding,0.3268,0.0,1.039219356384474
2026-06-08,TRX,2,-0.0019415365846354952,0.0,0.0,mark,0.3255,0.0,1.0372036314196744
2026-06-08,TRX,2,0.003879310908349013,0.0,0.0,mark,0.3281,0.0,1.0412350813492735
2026-06-08,TRX,2,-0.0019377743237137823,0.0,0.0,mark,0.3268,0.0,1.0392193563844738
2026-06-09,TRX,2,-0.0001492152106266035,0.0,0.0,mark,0.3267,0.0,1.0390643006179507
2026-06-09,TRX,2,-0.00016018448062586586,0.00016017165177700495,0.0,funding,0.3267,0.0,1.0388978719726183
2026-06-09,TRX,2,-0.00899535210595099,0.0,0.0,mark,0.3207,0.0,1.0295945259812356
2026-06-09,TRX,2,0.009144591218669305,0.0,0.0,mark,0.3268,0.0,1.0390529277391412
2026-06-09,TRX,2,-0.0058368926707014325,0.0,0.0,mark,0.3229,0.0,1.0330057528447425
2026-06-10,TRX,2,-0.00015011281816795736,0.0,0.0,mark,0.3228,0.0,1.0328506970782194
2026-06-10,TRX,2,-0.00015922435470778644,0.00015921167918299379,0.0,funding,0.3228,0.0,1.0326862551843923
2026-06-10,TRX,2,0.0009004823898575438,0.0,0.0,mark,0.3234,0.0,1.0336165897835305
2026-06-10,TRX,2,-0.004058571719023512,0.0,0.0,mark,0.3207,0.0,1.0294300840874082
2026-06-10,TRX,2,0.0006023102598890788,0.0,0.0,mark,0.3211,0.0,1.0300503071535003
2026-06-11,TRX,2,-0.00015054355798192471,0.0,0.0,mark,0.321,0.0,1.0298952513869772
2026-06-11,TRX,2,-0.00015879082348090056,0.0001587782168853486,0.0,funding,0.321,0.0,1.0297317264553834
2026-06-11,TRX,2,0.003007050266442011,0.0,0.0,mark,0.323,0.0,1.0328328417858443
2026-06-11,TRX,2,-0.018485259584760206,0.0,0.0,mark,0.3108,0.0,1.013916038270033
2026-06-11,TRX,2,0.00943684501666213,0.0,0.0,mark,0.317,0.0,1.0235294957944616
2026-06-12,TRX,2,0.0,0.0,0.0,mark,0.317,0.0,1.0235294957944616
2026-06-12,TRX,2,-0.00015778732226113284,0.00015777487449634118,0.0,funding,0.317,0.0,1.0233680085567194
2026-06-12,TRX,2,0.0,0.0,0.0,mark,0.317,0.0,1.0233680085567194
2026-06-12,TRX,2,-0.007604599761878323,0.0,0.0,mark,0.312,0.0,1.0156152202305673
2026-06-12,TRX,2,0.005177413984358732,0.0,0.0,mark,0.3154,0.0,1.0208871162923507
2026-06-13,TRX,2,-0.00015189489654268145,0.0,0.0,mark,0.3153,0.0,1.0207320605258277
2026-06-13,TRX,2,-0.00015737122696341918,0.00015735884476145972,0.0,funding,0.3153,0.0,1.0205714393079723
2026-06-13,TRX,2,-0.000759940385260424,0.0,0.0,mark,0.3148,0.0,1.0197961604753571
2026-06-13,TRX,2,0.00560993104722536,0.0,0.0,mark,0.3185,0.0,1.0255332238367096
2026-06-13,TRX,2,-0.001967472637637503,0.0,0.0,mark,0.3172,0.0,1.02351749887191
2026-06-14,TRX,2,0.0,0.0,0.0,mark,0.3172,0.0,1.02351749887191
2026-06-14,TRX,2,-0.00015788873126206554,0.00015787626749220709,0.0,funding,0.3172,0.0,1.023355909749475
2026-06-14,TRX,2,0.008749593541475937,0.0,0.0,mark,0.323,0.0,1.0323491442078117
2026-06-14,TRX,2,-0.011328704746532806,0.0,0.0,mark,0.3155,0.0,1.0207199617185834
2026-06-14,TRX,2,0.00952471427675159,0.0,0.0,mark,0.3218,0.0,1.030488475009535
2026-06-15,TRX,2,-0.00015047954143742606,0.0,0.0,mark,0.3217,0.0,1.030333419243012
2026-06-15,TRX,2,-0.00015906944254580707,0.00015905679167269244,0.0,funding,0.3217,0.0,1.030169537714994
2026-06-15,TRX,2,0.0009026812873504259,0.0,0.0,mark,0.3223,0.0,1.0310998723141322
2026-06-15,TRX,2,-0.006184624376930905,0.0,0.0,mark,0.3182,0.0,1.0247425858866874
2026-06-15,TRX,2,0.0003025780554162034,0.0,0.0,mark,0.3184,0.0,1.0250526974197336
2026-06-16,TRX,2,-0.00015127758352317564,0.0,0.0,mark,0.3183,0.0,1.0248976416532105
2026-06-16,TRX,2,-0.00015822293844379985,0.00015821042185490996,0.0,funding,0.3183,0.0,1.0247354921649665
2026-06-16,TRX,2,0.0012097716578214673,0.0,0.0,mark,0.3191,0.0,1.0259759382971507
2026-06-16,TRX,2,-0.004240619356815833,0.0,0.0,mark,0.3163,0.0,1.0216343768345055
2026-06-16,TRX,2,0.0012134416264908154,0.0,0.0,mark,0.3171,0.0,1.0228748229666897
2026-06-17,TRX,2,0.0,0.0,0.0,mark,0.3171,0.0,1.0228748229666897
2026-06-17,TRX,2,-0.00015793813017595608,0.0001579256586060541,0.0,funding,0.3171,0.0,1.0227132847866012
2026-06-17,TRX,2,0.007852917109755693,0.0,0.0,mark,0.3223,0.0,1.0307761846457995
2026-06-17,TRX,2,-0.008459549699850993,0.0,0.0,mark,0.3167,0.0,1.022093061720509
2026-06-17,TRX,2,0.00770713560054817,0.0,0.0,mark,0.3218,0.0,1.0300009058131843
2026-06-18,TRX,2,0.0,0.0,0.0,mark,0.3218,0.0,1.0300009058131843
2026-06-18,TRX,2,-0.00015917026516416377,0.0001591575982496978,0.0,funding,0.3218,0.0,1.02983697334282
2026-06-18,TRX,2,-0.005283653297032332,0.0,0.0,mark,0.3183,0.0,1.0244100215145135
2026-06-18,TRX,2,0.00648743574068975,0.0,0.0,mark,0.3226,0.0,1.0310774194750043
2026-06-18,TRX,2,-0.0027105511503946566,0.0,0.0,mark,0.3208,0.0,1.0282864156775895
2026-06-19,TRX,2,0.0,0.0,0.0,mark,0.3208,0.0,1.0282864156775895
2026-06-19,TRX,2,-0.0001589401863123666,0.00015892755598997442,0.0,funding,0.3208,0.0,1.028122992630688
2026-06-19,TRX,2,-0.0019625118475903943,0.0,0.0,mark,0.3195,0.0,1.0261072676658884
2026-06-19,TRX,2,0.006626863655941687,0.0,0.0,mark,0.3239,0.0,1.0329297213929023
2026-06-19,TRX,2,0.0,0.0,0.0,mark,0.3239,0.0,1.0329297213929023
2026-06-20,TRX,2,0.0,0.0,0.0,mark,0.3239,0.0,1.0329297213929023
2026-06-20,TRX,2,-0.00015975476019126276,0.00015974200007900277,0.0,funding,0.3239,0.0,1.0327647191332658
2026-06-20,TRX,2,-0.0030072489143630737,0.0,0.0,mark,0.3219,0.0,1.0296636038028049
2026-06-20,TRX,2,0.007501233328680956,0.0,0.0,mark,0.3269,0.0,1.037416392128957
2026-06-20,TRX,2,-0.0001494745566334719,0.0,0.0,mark,0.3268,0.0,1.037261336362434
2026-06-21,TRX,2,0.0,0.0,0.0,mark,0.3268,0.0,1.037261336362434
2026-06-21,TRX,2,-0.0001605120553422808,0.00016049917397154015,0.0,funding,0.3268,0.0,1.037094856774755
2026-06-21,TRX,2,0.0022401348936869274,0.0,0.0,mark,0.3283,0.0,1.0394206932726007
2026-06-21,TRX,2,-0.00343692856320992,0.0,0.0,mark,0.326,0.0,1.0358544106425707
2026-06-21,TRX,2,0.0026907743713799636,0.0,0.0,mark,0.3278,0.0,1.0386454144399855
2026-06-22,TRX,2,-0.0001492976711663593,0.0,0.0,mark,0.3277,0.0,1.0384903586734624
2026-06-22,TRX,2,-0.00016076363785774272,0.00016075071607660066,0.0,funding,0.3277,0.0,1.038323420604667
2026-06-22,TRX,2,0.009511918533328733,0.0,0.0,mark,0.3341,0.0,1.0482469896621418
2026-06-22,TRX,2,-0.009810628786747329,0.0,0.0,mark,0.3275,0.0,1.038013309071621
2026-06-22,TRX,2,0.009810628786747306,0.0,0.0,mark,0.3341,0.0,1.0482469896621418
2026-06-23,TRX,2,-0.0001479300556445476,0.0,0.0,mark,0.334,0.0,1.0480919338956187
2026-06-23,TRX,2,-0.00016235336184418746,0.00016234018325025996,0.0,funding,0.334,0.0,1.047921786459007
2026-06-23,TRX,2,-0.007873057320999037,0.0,0.0,mark,0.3287,0.0,1.0397038308332855
2026-06-23,TRX,2,0.008168943579348,0.0,0.0,mark,0.3342,0.0,1.0482318979920529
2026-06-23,TRX,2,-0.007274536360110102,0.0,0.0,mark,0.3293,0.0,1.0406341654324236
2026-06-24,TRX,2,-0.0001490123278394737,0.0,0.0,mark,0.3292,0.0,1.0404791096659005
2026-06-24,TRX,2,-0.00016119085796722216,0.00016117786741880714,0.0,funding,0.3292,0.0,1.0403114074619106
2026-06-24,TRX,2,0.003867744424823927,0.0,0.0,mark,0.3318,0.0,1.0443428573915097
2026-06-24,TRX,2,-0.009997438280665214,0.0,0.0,mark,0.3251,0.0,1.0339541210344658
2026-06-24,TRX,2,0.0034432343829997577,0.0,0.0,mark,0.3274,0.0,1.0375204036644958
2026-06-25,TRX,2,0.00014943723584764717,0.0,0.0,mark,0.3275,0.0,1.037675459431019
2026-06-25,TRX,2,-0.0001607916963654648,0.00016077877007354802,0.0,funding,0.3275,0.0,1.0375086232469162
2026-06-25,TRX,2,-0.007500563986526237,0.0,0.0,mark,0.3225,0.0,1.029755834920764
2026-06-25,TRX,2,0.011974046000467838,0.0,0.0,mark,0.3305,0.0,1.0421602962426075
2026-06-25,TRX,2,-0.010018480809084372,0.0,0.0,mark,0.3238,0.0,1.0317715598855635
2026-06-26,TRX,2,0.0001502698104333069,0.0,0.0,mark,0.3239,0.0,1.0319266156520865
2026-06-26,TRX,2,-0.00015991006554753884,0.00015989728061436079,0.0,funding,0.3239,0.0,1.03176161339245
2026-06-26,TRX,2,-0.00799686502608196,0.0,0.0,mark,0.3186,0.0,1.0235436577667287
2026-06-26,TRX,2,0.00844761107560228,0.0,0.0,mark,0.3242,0.0,1.0322267806920191
2026-06-26,TRX,2,-0.005422408466072016,0.0,0.0,mark,0.3206,0.0,1.0266447730971895
2026-06-27,TRX,2,0.0,0.0,0.0,mark,0.3206,0.0,1.0266447730971895
2026-06-27,TRX,2,-0.0001590951014720558,0.00015908244651754265,0.0,funding,0.3206,0.0,1.0264814519349807
2026-06-27,TRX,2,-0.0010579485956191015,0.0,0.0,mark,0.3199,0.0,1.0253960615693194
2026-06-27,TRX,2,0.0024165256671098557,0.0,0.0,mark,0.3215,0.0,1.027876953833688
2026-06-27,TRX,2,-0.00030174654834388785,0.0,0.0,mark,0.3213,0.0,1.0275668423006419
2026-06-28,TRX,2,0.0,0.0,0.0,mark,0.3213,0.0,1.0275668423006419
2026-06-28,TRX,2,-0.00015929941403890378,0.00015928672656108985,0.0,funding,0.3213,0.0,1.0274031645420092
2026-06-28,TRX,2,-0.00015093146835286822,0.0,0.0,mark,0.3212,0.0,1.0272481087754861
2026-06-28,TRX,2,0.004968749642570857,0.0,0.0,mark,0.3245,0.0,1.0323649490707465
2026-06-28,TRX,2,-0.003460459094054956,0.0,0.0,mark,0.3222,0.0,1.0287986664407165
2026-06-29,TRX,2,0.0,0.0,0.0,mark,0.3222,0.0,1.0287986664407165
2026-06-29,TRX,2,-0.00015955438102718377,0.0001595416529040199,0.0,funding,0.3222,0.0,1.0286345302009672
2026-06-29,TRX,2,0.003611217638716663,0.0,0.0,mark,0.3246,0.0,1.0323558685975203
2026-06-29,TRX,2,-0.005723799367917903,0.0,0.0,mark,0.3208,0.0,1.0264637494696445
2026-06-29,TRX,2,0.0009059387145258332,0.0,0.0,mark,0.3214,0.0,1.0273940840687827
2026-06-30,TRX,2,-0.000150932802439323,0.0,0.0,mark,0.3213,0.0,1.0272390283022597
2026-06-30,TRX,2,-0.00015935025394796901,0.00015933755837071212,0.0,funding,0.3213,0.0,1.027075350543627
2026-06-30,TRX,2,0.00015095685372067252,0.0,0.0,mark,0.3214,0.0,1.02723040631015
2026-06-30,TRX,2,-0.009707474899383362,0.0,0.0,mark,0.315,0.0,1.0173068372526752
2026-06-30,TRX,2,0.0004571491758596874,0.0,0.0,mark,0.3153,0.0,1.0177720045522445
2026-07-01,TRX,2,0.000152336629218596,0.0,0.0,mark,0.3154,0.0,1.0179270603187676
2026-07-01,TRX,2,-0.00015785496647885563,0.0001578425080391364,0.0,funding,0.3154,0.0,1.017766388158566
2026-07-01,TRX,2,0.005469581186627123,0.0,0.0,mark,0.319,0.0,1.0233483957533955
2026-07-01,TRX,2,-0.006994233616108464,0.0,0.0,mark,0.3144,0.0,1.0162158304933355
2026-07-01,TRX,2,0.002590527698764208,0.0,0.0,mark,0.3161,0.0,1.0188517785242273
2026-07-02,TRX,2,0.0,0.0,0.0,mark,0.3161,0.0,1.0188517785242273
2026-07-02,TRX,2,-0.00015806173831950043,0.00015804924722112267,0.0,funding,0.3161,0.0,1.0186907497676017
2026-07-02,TRX,2,0.005313238832365009,0.0,0.0,mark,0.3196,0.0,1.0241177015959082
2026-07-02,TRX,2,-0.006379282678900562,0.0,0.0,mark,0.3154,0.0,1.0176053594019403
2026-07-02,TRX,2,0.0033466038708145807,0.0,0.0,mark,0.3176,0.0,1.0210165862654472
2026-07-03,TRX,2,0.0,0.0,0.0,mark,0.3176,0.0,1.0210165862654472
2026-07-03,TRX,2,-0.00015847510648514364,0.000158462549968759,0.0,funding,0.3176,0.0,1.0208547933736272
2026-07-03,TRX,2,0.009072014758528217,0.0,0.0,mark,0.3236,0.0,1.0301581393650099
2026-07-03,TRX,2,-0.009679752073922628,0.0,0.0,mark,0.3172,0.0,1.020234570307535
2026-07-03,TRX,2,0.00937867381471455,0.0,0.0,mark,0.3234,0.0,1.0298480278319637
2026-07-04,TRX,2,0.0,0.0,0.0,mark,0.3234,0.0,1.0298480278319637
2026-07-04,TRX,2,-0.0001599854759256635,0.00015997267893178493,0.0,funding,0.3234,0.0,1.0296832802840588
2026-07-04,TRX,2,0.004657300310393587,0.0,0.0,mark,0.3265,0.0,1.0344900090462732
2026-07-04,TRX,2,-0.005410513321783529,0.0,0.0,mark,0.3229,0.0,1.0289080014514436
2026-07-04,TRX,2,0.0034600920101911605,0.0,0.0,mark,0.3252,0.0,1.0324742840814736
2026-07-05,TRX,2,0.0,0.0,0.0,mark,0.3252,0.0,1.0324742840814736
2026-07-05,TRX,2,-0.00016046675919355452,0.0001604538850916879,0.0,funding,0.3252,0.0,1.0323086195713354
2026-07-05,TRX,2,0.007780207258359446,0.0,0.0,mark,0.3304,0.0,1.0403715194305336
2026-07-05,TRX,2,-0.009283365611026004,0.0,0.0,mark,0.3242,0.0,1.030758061906105
2026-07-05,TRX,2,0.007493298291892493,0.0,0.0,mark,0.3292,0.0,1.038510850232257
2026-07-06,TRX,2,0.0,0.0,0.0,mark,0.3292,0.0,1.038510850232257
2026-07-06,TRX,2,-0.00016149638298580462,0.000161483343146837,0.0,funding,0.3292,0.0,1.0383431480282672
2026-07-06,TRX,2,-0.004190005400092023,0.0,0.0,mark,0.3264,0.0,1.034001586565622
2026-07-06,TRX,2,0.0055330729442581595,0.0,0.0,mark,0.3301,0.0,1.0397386499269745
2026-07-06,TRX,2,-0.0005966962244973337,0.0,0.0,mark,0.3297,0.0,1.0391184268608824
2026-07-07,TRX,2,0.0,0.0,0.0,mark,0.3297,0.0,1.0391184268608824
2026-07-07,TRX,2,-0.00016164711030033254,0.0001616340461102321,0.0,funding,0.3297,0.0,1.0389504699451613
2026-07-07,TRX,2,0.0049129207018181135,0.0,0.0,mark,0.333,0.0,1.0440673102404217
2026-07-07,TRX,2,-0.005958165634358092,0.0,0.0,mark,0.329,0.0,1.0378650795795
2026-07-07,TRX,2,0.004025652970328989,0.0,0.0,mark,0.3317,0.0,1.042051585275622
2026-07-08,TRX,2,0.0,0.0,0.0,mark,0.3317,0.0,1.042051585275622
2026-07-08,TRX,2,-0.00016216996049101968,0.00016215681165376134,0.0,funding,0.3317,0.0,1.041882609512975
2026-07-08,TRX,2,-0.006869383754497775,0.0,0.0,mark,0.3271,0.0,1.034750044252915
2026-07-08,TRX,2,0.007464497375877141,0.0,0.0,mark,0.3321,0.0,1.042502832579067
2026-07-08,TRX,2,-0.0053688155201911,0.0,0.0,mark,0.3285,0.0,1.0369208249842374
2026-07-09,TRX,2,0.0,0.0,0.0,mark,0.3285,0.0,1.0369208249842374
2026-07-09,TRX,2,-0.00016140008831378344,0.00016138706402031838,0.0,funding,0.3285,0.0,1.0367534793766717
2026-07-09,TRX,2,0.006113193435978506,0.0,0.0,mark,0.3326,0.0,1.0431107658041165
2026-07-09,TRX,2,-0.006861267946809175,0.0,0.0,mark,0.328,0.0,1.0359782005440565
2026-07-09,TRX,2,0.006266501265530971,0.0,0.0,mark,0.3322,0.0,1.0424905427380244
2026-07-10,TRX,2,0.0,0.0,0.0,mark,0.3322,0.0,1.0424905427380244
2026-07-10,TRX,2,-0.00016234604033384573,0.00016233286292845003,0.0,funding,0.3322,0.0,1.0423213122636459
2026-07-10,TRX,2,0.0020804749565520924,0.0,0.0,mark,0.3336,0.0,1.0444920929949686
2026-07-10,TRX,2,-0.0062544551971921705,0.0,0.0,mark,0.3294,0.0,1.0379797508010007
2026-07-10,TRX,2,0.0014927080099790292,0.0,0.0,mark,0.3304,0.0,1.039530308466231
2026-07-11,TRX,2,0.0,0.0,0.0,mark,0.3304,0.0,1.039530308466231
2026-07-11,TRX,2,-0.00016192614907095527,0.00016191303973964692,0.0,funding,0.3304,0.0,1.0393619949540858
2026-07-11,TRX,2,0.00193750864749417,0.0,0.0,mark,0.3317,0.0,1.0413777199188854
2026-07-11,TRX,2,-0.004177770195369558,0.0,0.0,mark,0.3289,0.0,1.0370361584562402
2026-07-11,TRX,2,0.0014940652010103626,0.0,0.0,mark,0.3299,0.0,1.0385867161214706
2026-07-12,TRX,2,-0.00014930610972657213,0.0,0.0,mark,0.3298,0.0,1.0384316603549475
2026-07-12,TRX,2,-0.00016180308916221545,0.0001617899997483587,0.0,funding,0.3298,0.0,1.03826365249688
2026-07-12,TRX,2,0.0035777861247266404,0.0,0.0,mark,0.3322,0.0,1.041984990893433
2026-07-12,TRX,2,-0.004025910772739356,0.0,0.0,mark,0.3295,0.0,1.037798485197311
2026-07-12,TRX,2,0.0031326635777057135,0.0,0.0,mark,0.3316,0.0,1.0410546562942948
2026-07-13,TRX,2,-0.0001489521360056047,0.0,0.0,mark,0.3315,0.0,1.0408996005277718
2026-07-13,TRX,2,-0.00016225155458201128,0.0001622383925105128,0.0,funding,0.3315,0.0,1.0407307266498174
2026-07-13,TRX,2,0.0011911894632623938,0.0,0.0,mark,0.3323,0.0,1.0419711727820016
2026-07-13,TRX,2,-0.0122774836593531,0.0,0.0,mark,0.3241,0.0,1.029256599927112
2026-07-13,TRX,2,0.0004518428312836618,0.0,0.0,mark,0.3244,0.0,1.0297217672266812
2026-07-14,TRX,2,0.0,0.0,0.0,mark,0.3244,0.0,1.0297217672266812
2026-07-14,TRX,2,-0.00016049989312231372,0.00016048701370360038,0.0,funding,0.3244,0.0,1.0295565102553135
2026-07-14,TRX,2,0.0031577021377773708,0.0,0.0,mark,0.3265,0.0,1.0328126813522973
2026-07-14,TRX,2,-0.0037603013653583366,0.0,0.0,mark,0.324,0.0,1.0289362871892211
2026-07-14,TRX,2,0.0028591177528275854,0.0,0.0,mark,0.3259,0.0,1.031882346753159
2026-07-15,TRX,2,0.0001502536780991435,0.0,0.0,mark,0.326,0.0,1.0320374025196821
2026-07-15,TRX,2,-0.0001609296444289305,0.00016091669594822832,0.0,funding,0.326,0.0,1.0318713304707736
2026-07-15,TRX,2,0.004048989185158118,0.0,0.0,mark,0.3287,0.0,1.0360578361668957
2026-07-15,TRX,2,-0.006908137505671449,0.0,0.0,mark,0.3241,0.0,1.0289252709068357
2026-07-15,TRX,2,0.0006026056774208378,0.0,0.0,mark,0.3245,0.0,1.0295454939729278
2026-07-16,TRX,2,0.0,0.0,0.0,mark,0.3245,0.0,1.0295454939729278
2026-07-16,TRX,2,-0.00016057686362600714,0.00016056397185148748,0.0,funding,0.3245,0.0,1.0293801860592138
2026-07-16,TRX,2,0.0006023394473993175,0.0,0.0,mark,0.3249,0.0,1.0300004091253059
2026-07-16,TRX,2,-0.002864349201927022,0.0,0.0,mark,0.323,0.0,1.027054349561368
2026-07-16,TRX,2,0.00045281147114665236,0.0,0.0,mark,0.3233,0.0,1.027519516860937
2026-07-17,TRX,2,0.0,0.0,0.0,mark,0.3233,0.0,1.027519516860937
2026-07-17,TRX,2,-0.00016029846977636515,0.00016028562266315907,0.0,funding,0.3233,0.0,1.0273548202553784
2026-07-17,TRX,2,0.0009051533088689098,0.0,0.0,mark,0.3239,0.0,1.0282851548545167
2026-07-17,TRX,2,-0.0033229086151441694,0.0,0.0,mark,0.3217,0.0,1.0248739279910097
2026-07-17,TRX,2,0.001511781952571384,0.0,0.0,mark,0.3227,0.0,1.0264244856562401
2026-07-18,TRX,2,0.0,0.0,0.0,mark,0.3227,0.0,1.0264244856562401
2026-07-18,TRX,2,-0.0001601716633964046,0.0001601588366003909,0.0,funding,0.3227,0.0,1.0262600947047593
2026-07-18,TRX,2,0.005424435472896473,0.0,0.0,mark,0.3263,0.0,1.031842102299589
2026-07-18,TRX,2,-0.006633871959999968,0.0,0.0,mark,0.3219,0.0,1.025019648572575
2026-07-18,TRX,2,0.005882235414700772,0.0,0.0,mark,0.3258,0.0,1.0310668234669738
2026-07-19,TRX,2,0.0,0.0,0.0,mark,0.3258,0.0,1.0310668234669738
2026-07-19,TRX,2,-0.00016098231455719333,0.00016096935759973401,0.0,funding,0.3258,0.0,1.030900853302758
2026-07-19,TRX,2,0.0027036862849697464,0.0,0.0,mark,0.3276,0.0,1.0336918571001728
2026-07-19,TRX,2,-0.003305499458399132,0.0,0.0,mark,0.3254,0.0,1.0302806302366658
2026-07-19,TRX,2,0.002405082665861996,0.0,0.0,mark,0.327,0.0,1.0327615225010345
2026-07-20,TRX,2,-0.00015014831993380342,0.0,0.0,mark,0.3269,0.0,1.0326064667345114
2026-07-20,TRX,2,-0.00016128502502326433,0.0001612720192927993,0.0,funding,0.3269,0.0,1.0324399362044863
2026-07-20,TRX,2,-0.0024058327073244617,0.0,0.0,mark,0.3253,0.0,1.0299590439401174
2026-07-20,TRX,2,0.0033065298370769792,0.0,0.0,mark,0.3275,0.0,1.0333702708036243
2026-07-20,TRX,2,-0.0009006971297528264,0.0,0.0,mark,0.3269,0.0,1.032439936204486
2026-07-21,TRX,2,0.0,0.0,0.0,mark,0.3269,0.0,1.032439936204486
2026-07-21,TRX,2,-0.00016131104207884784,0.00016129803215215248,0.0,funding,0.3269,0.0,1.032273405674461
2026-07-21,TRX,2,0.005094076542268752,0.0,0.0,mark,0.3303,0.0,1.0375453017362444
2026-07-21,TRX,2,-0.0065972862106691175,0.0,0.0,mark,0.3259,0.0,1.0307228480092305
2026-07-21,TRX,2,0.005700215067721151,0.0,0.0,mark,0.3297,0.0,1.036614967137106
2026-07-22,TRX,2,0.0,0.0,0.0,mark,0.3297,0.0,1.036614967137106
2026-07-22,TRX,2,-0.00016203752509377702,0.00016202439772318005,0.0,funding,0.3297,0.0,1.036447010221385
2026-07-22,TRX,2,0.0011961097991132518,0.0,0.0,mark,0.3305,0.0,1.0376874563535694
2026-07-22,TRX,2,-0.0037426033889192034,0.0,0.0,mark,0.328,0.0,1.0338110621904932
2026-07-22,TRX,2,0.0013489513985720718,0.0,0.0,mark,0.3289,0.0,1.0352065640892008
2026-07-23,TRX,2,0.0001497712251306247,0.0,0.0,mark,0.329,0.0,1.0353616198557238
2026-07-23,TRX,2,-0.00016188922091694817,0.00016187611756416278,0.0,funding,0.329,0.0,1.0351940195364266
2026-07-23,TRX,2,0.0005989576149674323,0.0,0.0,mark,0.3294,0.0,1.0358142426025188
2026-07-23,TRX,2,-0.004952162514969669,0.0,0.0,mark,0.3261,0.0,1.0306974023072584
2026-07-23,TRX,2,0.004203409424745807,0.0,0.0,mark,0.3289,0.0,1.0350389637699036
2026-07-24,TRX,2,0.0,0.0,0.0,mark,0.3289,0.0,1.0350389637699036
2026-07-24,TRX,2,-0.0001618904654852466,0.00016187736193102738,0.0,funding,0.3289,0.0,1.0348714143929527
2026-07-24,TRX,2,0.005230380907663202,0.0,0.0,mark,0.3324,0.0,1.0402983662212593
2026-07-24,TRX,2,-0.006279747946500013,0.0,0.0,mark,0.3282,0.0,1.0337860240272914
2026-07-24,TRX,2,0.004041505113605988,0.0,0.0,mark,0.3309,0.0,1.0379725297234137
2026-07-25,TRX,2,0.0,0.0,0.0,mark,0.3309,0.0,1.0379725297234137
2026-07-25,TRX,2,-0.00016241461926180963,0.00016240143072151727,0.0,funding,0.3309,0.0,1.037803961499537
2026-07-25,TRX,2,0.003877071219205039,0.0,0.0,mark,0.3335,0.0,1.041835411429136
2026-07-25,TRX,2,-0.006120699800816641,0.0,0.0,mark,0.3294,0.0,1.0354781250016911
2026-07-25,TRX,2,0.0032889350382817,0.0,0.0,mark,0.3316,0.0,1.038889351865198
2026-07-26,TRX,2,-0.00014926261256498885,0.0,0.0,mark,0.3315,0.0,1.038734296098675
2026-07-26,TRX,2,-0.00016258980525264748,0.00016257658824660428,0.0,funding,0.3315,0.0,1.0385654222207206
2026-07-26,TRX,2,0.002236966500953986,0.0,0.0,mark,0.333,0.0,1.0408912587185661
2026-07-26,TRX,2,-0.003731062357958194,0.0,0.0,mark,0.3305,0.0,1.03701486455549
2026-07-26,TRX,2,0.002836876150210726,0.0,0.0,mark,0.3324,0.0,1.0399609241194276
2026-07-27,TRX,2,-0.00014910880140178007,0.0,0.0,mark,0.3323,0.0,1.0398058683529046
2026-07-27,TRX,2,-0.00016281423577579375,0.0001628009822573293,0.0,funding,0.3323,0.0,1.0396365869361797
2026-07-27,TRX,2,0.00029824391984808075,0.0,0.0,mark,0.3325,0.0,1.0399466984692258
2026-07-27,TRX,2,-0.011094698822218129,0.0,0.0,mark,0.3251,0.0,1.0284725717465206
2026-07-27,TRX,2,0.0,0.0,0.0,mark,0.3251,0.0,1.0284725717465206
2026-07-28,TRX,2,0.0,0.0,0.0,mark,0.3251,0.0,1.0284725717465206
2026-07-28,TRX,2,-0.00016104163401099977,0.00016102866750311159,0.0,funding,0.3251,0.0,1.0283069581787287
2026-07-28,TRX,2,-0.0024155139336580413,0.0,0.0,mark,0.3235,0.0,1.02582606591436
2026-07-28,TRX,2,0.00407280163603429,0.0,0.0,mark,0.3262,0.0,1.0300125716104822
2026-07-28,TRX,2,-0.002109752347960206,0.0,0.0,mark,0.3248,0.0,1.0278417908791595
2026-07-29,TRX,2,0.0,0.0,0.0,mark,0.3248,0.0,1.0278417908791595
2026-07-29,TRX,2,-0.00016099176107340103,0.00016097880259513644,0.0,funding,0.3248,0.0,1.0276763301384064
2026-07-29,TRX,2,0.004065483707771098,0.0,0.0,mark,0.3275,0.0,1.0318628358345288
2026-07-29,TRX,2,-0.004518226068707543,0.0,0.0,mark,0.3245,0.0,1.0272111628388374
2026-07-29,TRX,2,0.001960404894995241,0.0,0.0,mark,0.3258,0.0,1.029226887803637
2026-07-30,TRX,2,-0.00015066400743662207,0.0,0.0,mark,0.3257,0.0,1.029071832037114
2026-07-30,TRX,2,-0.00016124491398805828,0.00016123191472565952,0.0,funding,0.3257,0.0,1.0289059128152445
2026-07-30,TRX,2,0.006009890591676463,0.0,0.0,mark,0.3297,0.0,1.0351081434761662
2026-07-30,TRX,2,-0.006160601603432522,0.0,0.0,mark,0.3256,0.0,1.0287508570487214
2026-07-30,TRX,2,0.00466151169861594,0.0,0.0,mark,0.3287,0.0,1.0335575858109358
2026-07-31,TRX,2,-0.00015003266451497856,0.0,0.0,mark,0.3286,0.0,1.0334025300444127
2026-07-31,TRX,2,-0.00016199893501552014,0.00016198581389657442,0.0,funding,0.3286,0.0,1.0332351334945007
2026-07-31,TRX,2,0.0009000042480609638,0.0,0.0,mark,0.3292,0.0,1.034165468093639
2026-07-31,TRX,2,-0.00496007738215454,0.0,0.0,mark,0.3259,0.0,1.0290486277983786
2026-07-31,TRX,2,0.0003013121118241066,0.0,0.0,mark,0.3261,0.0,1.0293587393314245
2026-08-01,TRX,2,0.0,0.0,0.0,mark,0.3261,0.0,1.0293587393314245
2026-08-01,TRX,2,-0.00016139795702229328,0.00016138493307265062,0.0,funding,0.3261,0.0,1.0291926163401697
2026-08-01,TRX,2,0.004809461570516957,0.0,0.0,mark,0.3293,0.0,1.034154400868907
2026-08-01,TRX,2,-0.005110822324754462,0.0,0.0,mark,0.3259,0.0,1.0288825048071235
2026-08-01,TRX,2,0.0030095285021761297,0.0,0.0,mark,0.3279,0.0,1.0319836201375845
2026-08-02,TRX,2,0.0,0.0,0.0,mark,0.3279,0.0,1.0319836201375845
2026-08-02,TRX,2,-0.00016187609035661545,0.00016186298912934007,0.0,funding,0.3279,0.0,1.0318165801840966
2026-08-02,TRX,2,0.0012014742960525923,0.0,0.0,mark,0.3287,0.0,1.0330570263162808
2026-08-02,TRX,2,-0.003458136811092282,0.0,0.0,mark,0.3264,0.0,1.0294907436862508
2026-08-02,TRX,2,0.0006022747812810621,0.0,0.0,mark,0.3268,0.0,1.030110966752343
2026-08-03,TRX,2,0.0001505120350529592,0.0,0.0,mark,0.3269,0.0,1.030266022518866
2026-08-03,TRX,2,-0.00016165144409105003,0.00016163837920028852,0.0,funding,0.3269,0.0,1.0300994919888409
2026-08-03,TRX,2,0.004055939606520956,0.0,0.0,mark,0.3296,0.0,1.034285997684963
2026-08-03,TRX,2,-0.0063163680406281035,0.0,0.0,mark,0.3254,0.0,1.027773655490995
2026-08-03,TRX,2,0.005116322231327172,0.0,0.0,mark,0.3288,0.0,1.0330455515527786
2026-08-04,TRX,2,0.000150084505806094,0.0,0.0,mark,0.3289,0.0,1.0332006073193016
2026-08-04,TRX,2,-0.0001621785378246633,0.00016216538759652175,0.0,funding,0.3289,0.0,1.0330330579423508
2026-08-04,TRX,2,0.003446299122791341,0.0,0.0,mark,0.3312,0.0,1.0365993405723808
2026-08-04,TRX,2,-0.006001219086479394,0.0,0.0,mark,0.3272,0.0,1.030397109911459
2026-08-04,TRX,2,0.00015047024073058075,0.0,0.0,mark,0.3273,0.0,1.0305521656779821
2026-08-05,TRX,2,0.00015044760284340237,0.0,0.0,mark,0.3274,0.0,1.0307072214445052
2026-08-05,TRX,2,-0.0001618294060898651,0.00016181631241778596,0.0,funding,0.3274,0.0,1.0305404362027486
2026-08-05,TRX,2,0.0025545650820515027,0.0,0.0,mark,0.3291,0.0,1.0331763842336403
2026-08-05,TRX,2,-0.004060304470388274,0.0,0.0,mark,0.3264,0.0,1.0289898785375182
2026-08-05,TRX,2,0.0015057393883368406,0.0,0.0,mark,0.3274,0.0,1.0305404362027486
2026-08-06,TRX,2,0.00015044931508947262,0.0,0.0,mark,0.3275,0.0,1.0306954919692717
2026-08-06,TRX,2,-0.00016188068109796746,0.0001618675791276256,0.0,funding,0.3275,0.0,1.030528655785169
2026-08-06,TRX,2,0.0021042574404858696,0.0,0.0,mark,0.3289,0.0,1.0326994365164917
2026-08-06,TRX,2,-0.004816253937255754,0.0,0.0,mark,0.3257,0.0,1.0277376519877541
2026-08-06,TRX,2,0.0022605075315573937,0.0,0.0,mark,0.3272,0.0,1.0300634884855997
2026-08-07,TRX,2,-0.00015054163138812898,0.0,0.0,mark,0.3271,0.0,1.0299084327190766
2026-08-07,TRX,2,-0.00016180651686335562,0.00016179342689498193,0.0,funding,0.3271,0.0,1.029741800304359
2026-08-07,TRX,2,0.0021058636725860406,0.0,0.0,mark,0.3285,0.0,1.0319125810356817
2026-08-07,TRX,2,-0.003009735996745711,0.0,0.0,mark,0.3265,0.0,1.0288114657052208
2026-08-07,TRX,2,0.0015060003117917254,0.0,0.0,mark,0.3275,0.0,1.0303620233704511
2026-08-08,TRX,2,0.00015047536425300597,0.0,0.0,mark,0.3276,0.0,1.0305170791369742
2026-08-08,TRX,2,-0.00016195815145429238,0.00016194503694094695,0.0,funding,0.3276,0.0,1.0303501920105251
2026-08-08,TRX,2,0.0030052480002712846,0.0,0.0,mark,0.3296,0.0,1.0334513073409861
2026-08-08,TRX,2,-0.003607382904132466,0.0,0.0,mark,0.3272,0.0,1.029729968944433
2026-08-08,TRX,2,0.002856917184474683,0.0,0.0,mark,0.3291,0.0,1.032676028508371
2026-08-09,TRX,2,0.0,0.0,0.0,mark,0.3291,0.0,1.032676028508371
2026-08-09,TRX,2,-0.0001623596048319655,0.00016234642522460673,0.0,funding,0.3291,0.0,1.0325083772467274
2026-08-09,TRX,2,0.0018004644877228763,0.0,0.0,mark,0.3303,0.0,1.034369046445004
2026-08-09,TRX,2,-0.0019506496230373039,0.0,0.0,mark,0.329,0.0,1.0323533214802043
2026-08-09,TRX,2,0.0013508549075274233,0.0,0.0,mark,0.3299,0.0,1.0337488233789118
2026-08-10,TRX,2,-0.0001500049072558032,0.0,0.0,mark,0.3298,0.0,1.0335937676123887
2026-08-10,TRX,2,-0.00016256049467664133,0.000162547282435356,0.0,funding,0.3298,0.0,1.0334257597543213
2026-08-10,TRX,2,0.003145897961926147,0.0,0.0,mark,0.3319,0.0,1.0366819308513051
2026-08-10,TRX,2,-0.0032959497663728994,0.0,0.0,mark,0.3297,0.0,1.0332707039877982
2026-08-10,TRX,2,0.001799137334766326,0.0,0.0,mark,0.3309,0.0,1.0351313731860747
2026-08-11,TRX,2,0.0,0.0,0.0,mark,0.3309,0.0,1.0351313731860747
2026-08-11,TRX,2,-0.00016286043990536777,0.00016284717886375303,0.0,funding,0.3309,0.0,1.034962804962198
2026-08-11,TRX,2,0.009987743185237222,0.0,0.0,mark,0.3376,0.0,1.0453515413192418
2026-08-11,TRX,2,-0.010287423522583123,0.0,0.0,mark,0.3307,0.0,1.0346526934291518
2026-08-11,TRX,2,0.006721180213702957,0.0,0.0,mark,0.3352,0.0,1.0416302029226887
2026-08-12,TRX,2,0.0,0.0,0.0,mark,0.3352,0.0,1.0416302029226887
2026-08-12,TRX,2,-0.000163947572191572,0.00016393413352271938,0.0,funding,0.3352,0.0,1.0414594441779215
2026-08-12,TRX,2,0.003418462927561769,0.0,0.0,mark,0.3375,0.0,1.0450257268079515
2026-08-12,TRX,2,-0.005952684970658557,0.0,0.0,mark,0.3335,0.0,1.0388234961470297
2026-08-12,TRX,2,0.00417059714171793,0.0,0.0,mark,0.3363,0.0,1.043165057609675
2026-08-13,TRX,2,-0.00014865077224087417,0.0,0.0,mark,0.3362,0.0,1.0430100018431518
2026-08-13,TRX,2,-0.00016421916479246495,0.0001642056815634354,0.0,funding,0.3362,0.0,1.0428387336749216
2026-08-13,TRX,2,0.003413949275981259,0.0,0.0,mark,0.3385,0.0,1.0464050163049516
2026-08-13,TRX,2,-0.007735173186923497,0.0,0.0,mark,0.3333,0.0,1.0383421164457534
2026-08-13,TRX,2,0.0017903579503322697,0.0,0.0,mark,0.3345,0.0,1.04020278564403
2026-08-14,TRX,2,0.00014905190917662063,0.0,0.0,mark,0.3346,0.0,1.040357841410553
2026-08-14,TRX,2,-0.00016385425189037792,0.00016384082851567065,0.0,funding,0.3346,0.0,1.0401873883198636
2026-08-14,TRX,2,0.00014905411534607733,0.0,0.0,mark,0.3347,0.0,1.0403424440863867
2026-08-14,TRX,2,-0.004481316335724214,0.0,0.0,mark,0.3317,0.0,1.0356907710906953
2026-08-14,TRX,2,0.001496004576828955,0.0,0.0,mark,0.3327,0.0,1.0372413287559257
2026-08-15,TRX,2,0.0,0.0,0.0,mark,0.3327,0.0,1.0372413287559257
2026-08-15,TRX,2,-0.0001634133059061852,0.00016339995467904618,0.0,funding,0.3327,0.0,1.0370718435698156
2026-08-15,TRX,2,-0.0026948626459882647,0.0,0.0,mark,0.3309,0.0,1.0342808397724008
2026-08-15,TRX,2,0.0037409066479700487,0.0,0.0,mark,0.3334,0.0,1.0381572339354768
2026-08-15,TRX,2,-0.003291258246243627,0.0,0.0,mark,0.3312,0.0,1.0347460070719698
2026-08-16,TRX,2,0.0,0.0,0.0,mark,0.3312,0.0,1.0347460070719698
2026-08-16,TRX,2,-0.00016306881757207324,0.00016305552257507065,0.0,funding,0.3312,0.0,1.0345772860210543
2026-08-16,TRX,2,0.001946460514742602,0.0,0.0,mark,0.3325,0.0,1.0365930109858539
2026-08-16,TRX,2,-0.002396182262572433,0.0,0.0,mark,0.3309,0.0,1.0341121187214852
2026-08-16,TRX,2,0.00044972174782996905,0.0,0.0,mark,0.3312,0.0,1.0345772860210543
2026-08-17,TRX,2,0.00014986231613624106,0.0,0.0,mark,0.3313,0.0,1.0347323417875773
2026-08-17,TRX,2,-0.00016312021175078227,0.00016310690837237438,0.0,funding,0.3313,0.0,1.0345635697943154
2026-08-17,TRX,2,0.0034412095017077775,0.0,0.0,mark,0.3336,0.0,1.0381298524243454
2026-08-17,TRX,2,-0.0074960586954786485,0.0,0.0,mark,0.3286,0.0,1.0303770640981933
2026-08-17,TRX,2,0.004054849193770912,0.0,0.0,mark,0.3313,0.0,1.0345635697943154
2026-08-18,TRX,2,0.0,0.0,0.0,mark,0.3313,0.0,1.0345635697943154
2026-08-18,TRX,2,-0.0001631468242953556,0.000163133516575915,0.0,funding,0.3313,0.0,1.0343947978010535
2026-08-18,TRX,2,0.0058290773549280455,0.0,0.0,mark,0.3352,0.0,1.0404419726954521
2026-08-18,TRX,2,-0.006428857134013252,0.0,0.0,mark,0.3309,0.0,1.0337745747349614
2026-08-18,TRX,2,0.0029953079974385072,0.0,0.0,mark,0.3329,0.0,1.0368756900654221
2026-08-19,TRX,2,-0.0001495525093194329,0.0,0.0,mark,0.3328,0.0,1.036720634298899
2026-08-19,TRX,2,-0.00016354453319263434,0.00016353116051451473,0.0,funding,0.3328,0.0,1.0365510981704429
2026-08-19,TRX,2,0.002539770688279113,0.0,0.0,mark,0.3345,0.0,1.0391870462013346
2026-08-19,TRX,2,-0.004336441597410212,0.0,0.0,mark,0.3316,0.0,1.0346904289721663
2026-08-19,TRX,2,0.00418722174706966,0.0,0.0,mark,0.3344,0.0,1.0390319904348115
2026-08-20,TRX,2,0.0,0.0,0.0,mark,0.3344,0.0,1.0390319904348115
2026-08-20,TRX,2,-0.00016396528094291855,0.00016395183937080674,0.0,funding,0.3344,0.0,1.0388616392288146
2026-08-20,TRX,2,0.009063385898934283,0.0,0.0,mark,0.3405,0.0,1.0483200409867204
2026-08-20,TRX,2,-0.012202672860480896,0.0,0.0,mark,0.3323,0.0,1.0356054681318307
2026-08-20,TRX,2,0.007755534776841935,0.0,0.0,mark,0.3375,0.0,1.043668367991029
2026-08-21,TRX,2,0.0,0.0,0.0,mark,0.3375,0.0,1.043668367991029
2026-08-21,TRX,2,-0.00016475020914741314,0.0001647366385769342,0.0,funding,0.3375,0.0,1.043496437572297
2026-08-21,TRX,2,0.008876042400084381,0.0,0.0,mark,0.3435,0.0,1.0527997835636798
2026-08-21,TRX,2,-0.009024645962247743,0.0,0.0,mark,0.3374,0.0,1.043341381805774
2026-08-21,TRX,2,0.008877355671796773,0.0,0.0,mark,0.3434,0.0,1.0526447277971567
2026-08-22,TRX,2,0.00014729029045108344,0.0,0.0,mark,0.3435,0.0,1.0527997835636798
2026-08-22,TRX,2,-0.0001662248665285962,0.00016621105194099706,0.0,funding,0.3435,0.0,1.0526247966041704
2026-08-22,TRX,2,0.009820979051672712,0.0,0.0,mark,0.3502,0.0,1.0630135329612143
2026-08-22,TRX,2,-0.014693861885485363,0.0,0.0,mark,0.3402,0.0,1.0475079563089098
2026-08-22,TRX,2,0.005903479078184031,0.0,0.0,mark,0.3442,0.0,1.0537101869698315
2026-08-23,TRX,2,0.0,0.0,0.0,mark,0.3442,0.0,1.0537101869698315
2026-08-23,TRX,2,-0.00016641971276235267,0.00016640586577002507,0.0,funding,0.3442,0.0,1.053534843413898
2026-08-23,TRX,2,0.0019114688928852292,0.0,0.0,mark,0.3455,0.0,1.0555505683786977
2026-08-23,TRX,2,-0.005154609277463663,0.0,0.0,mark,0.342,0.0,1.050123616550391
2026-08-23,TRX,2,0.002801512824381673,0.0,0.0,mark,0.3439,0.0,1.0530696761143288
2026-08-24,TRX,2,0.0001472308583401701,0.0,0.0,mark,0.344,0.0,1.0532247318808519
2026-08-24,TRX,2,-0.00016639967370563337,0.00016638583004776274,0.0,funding,0.344,0.0,1.053049490209611
2026-08-24,TRX,2,0.0014713622136383136,0.0,0.0,mark,0.345,0.0,1.0546000478748414
2026-08-24,TRX,2,-0.003239859320932679,0.0,0.0,mark,0.3428,0.0,1.0511888210113345
2026-08-24,TRX,2,0.0030928204821569615,0.0,0.0,mark,0.3449,0.0,1.0544449921083183
2026-08-25,TRX,2,0.00014703883877581519,0.0,0.0,mark,0.345,0.0,1.0546000478748414
2026-08-25,TRX,2,-0.00016666578131829465,0.00016665189334847747,0.0,funding,0.345,0.0,1.0544242967801376
2026-08-25,TRX,2,0.002496773571691268,0.0,0.0,mark,0.3467,0.0,1.0570602448110293
2026-08-25,TRX,2,-0.015819861273386762,0.0,0.0,mark,0.336,0.0,1.0404692777930638
2026-08-25,TRX,2,0.0004469746087208674,0.0,0.0,mark,0.3363,0.0,1.0409344450926328
2026-08-26,TRX,2,-0.00014896933886504,0.0,0.0,mark,0.3362,0.0,1.0407793893261097
2026-08-26,TRX,2,-0.00016457115049843074,0.00016455760940945277,0.0,funding,0.3362,0.0,1.0406081211578795
2026-08-26,TRX,2,-0.002984548442125126,0.0,0.0,mark,0.3342,0.0,1.0375070058274185
2026-08-26,TRX,2,0.00744473566007705,0.0,0.0,mark,0.3392,0.0,1.0452597941535706
2026-08-26,TRX,2,-0.004758241542223998,0.0,0.0,mark,0.336,0.0,1.0402980096248333
2026-08-27,TRX,2,0.0001490382666834991,0.0,0.0,mark,0.3361,0.0,1.0404530653913564
2026-08-27,TRX,2,-0.00016457380049208424,0.0001645602589670319,0.0,funding,0.3361,0.0,1.0402818481654725
2026-08-27,TRX,2,0.0037193667973373,0.0,0.0,mark,0.3386,0.0,1.0441582423285487
2026-08-27,TRX,2,-0.007153445348651411,0.0,0.0,mark,0.3338,0.0,1.0367155655354425
2026-08-27,TRX,2,0.0058160663887057975,0.0,0.0,mark,0.3377,0.0,1.0427627404298412
2026-08-28,TRX,2,-0.0001487081287266862,0.0,0.0,mark,0.3376,0.0,1.042607684663318
2026-08-28,TRX,2,-0.00016496669801764675,0.00016495309176024786,0.0,funding,0.3376,0.0,1.04243570330224
2026-08-28,TRX,2,0.006966631508472576,0.0,0.0,mark,0.3423,0.0,1.049723324328823
2026-08-28,TRX,2,-0.007264163210770853,0.0,0.0,mark,0.3374,0.0,1.0421255917691938
2026-08-28,TRX,2,0.005785960401556745,0.0,0.0,mark,0.3413,0.0,1.0481727666635925
2026-08-29,TRX,2,0.0001479186484492262,0.0,0.0,mark,0.3414,0.0,1.0483278224301156
2026-08-29,TRX,2,-0.00016591336651231205,0.00016589960365080104,0.0,funding,0.3414,0.0,1.0481539052598783
2026-08-29,TRX,2,0.001182758273005162,0.0,0.0,mark,0.3422,0.0,1.0493943513920627
2026-08-29,TRX,2,-0.006671286007409182,0.0,0.0,mark,0.3377,0.0,1.0424168418985258
2026-08-29,TRX,2,0.004748592795419017,0.0,0.0,mark,0.3409,0.0,1.047378626427263
2026-08-30,TRX,2,-0.00014805271093657282,0.0,0.0,mark,0.3408,0.0,1.04722357066074
2026-08-30,TRX,2,-0.000165796410150248,0.00016578266668499321,0.0,funding,0.3408,0.0,1.0470499591445805
2026-08-30,TRX,2,0.0010360806352274505,0.0,0.0,mark,0.3415,0.0,1.048135349510242
2026-08-30,TRX,2,-0.008318858667110155,0.0,0.0,mark,0.3359,0.0,1.0394522265849513
2026-08-30,TRX,2,0.00029829680939157945,0.0,0.0,mark,0.3361,0.0,1.0397623381179975
2026-08-31,TRX,2,0.0,0.0,0.0,mark,0.3361,0.0,1.0397623381179975
2026-08-31,TRX,2,-0.00016468313795225554,0.000164669578428617,0.0,funding,0.3361,0.0,1.0395911208921136
2026-08-31,TRX,2,0.001639313535751637,0.0,0.0,mark,0.3372,0.0,1.041296734323867
2026-08-31,TRX,2,-0.00807344932186058,0.0,0.0,mark,0.3318,0.0,1.0329237229316226
2026-08-31,TRX,2,0.0012001872643034282,0.0,0.0,mark,0.3326,0.0,1.034164169063807
2026-09-01,TRX,2,-0.00014994465709039102,0.0,0.0,mark,0.3325,0.0,1.034009113297284
2026-09-01,TRX,2,-0.00016382561263656508,0.00016381219395372124,0.0,funding,0.3325,0.0,1.0338397299958666
2026-09-01,TRX,2,0.00014996922203591555,0.0,0.0,mark,0.3326,0.0,1.0339947857623897
2026-09-01,TRX,2,-0.01602323470263695,0.0,0.0,mark,0.322,0.0,1.017558874510947
2026-09-01,TRX,2,0.0004570359713045923,0.0,0.0,mark,0.3223,0.0,1.018024041810516
2026-09-02,TRX,2,0.00015229891735596076,0.0,0.0,mark,0.3224,0.0,1.018179097577039
2026-09-02,TRX,2,-0.0007121662959355456,0.0007119127657077829,0.4909743211777812,rotation,0.3224,-1.550557665230436,1.017454242879697
2026-09-02,SOL,3,-0.0005016937018204333,0.0005015678745784019,0.3459088790195874,entry,100.01,0.0035191126548169086,1.0169439205176152
2026-09-02,SOL,3,-0.00011370912184116996,0.00011370265720407898,0.0,funding,100.01,0.0,1.0168282912916249
2026-09-02,SOL,3,-0.009143770745944958,0.0,0.0,mark,97.38,0.0,1.0075730250094563
2026-09-02,SOL,3,0.011563451419888376,0.0,0.0,mark,100.71,0.0,1.0192916701499966
2026-09-02,SOL,3,-0.0009671698005155168,0.0,0.0,mark,100.43,0.0,1.0183063186066479
2026-09-03,SOL,3,3.455789072815348e-05,0.0,0.0,mark,100.44,0.0,1.018341509733196
2026-09-03,SOL,3,-0.00011404131380775214,0.00011403481134435394,0.0,funding,100.44,0.0,1.0182253833512496
2026-09-03,SOL,3,0.018728516756553706,0.0,0.0,mark,105.91,0.0,1.037474929573098
2026-09-03,SOL,3,-0.022919194804870792,0.0,0.0,mark,99.23,0.0,1.013967257038921
2026-09-03,SOL,3,0.016214533087574503,0.0,0.0,mark,103.94,0.0,1.0305422776431088
2026-09-04,SOL,3,3.414758081156257e-05,0.0,0.0,mark,103.95,0.0,1.030577468769657
2026-09-04,SOL,3,-0.00011662545905485511,0.00011661865857041459,0.0,funding,103.95,0.0,1.0304572842076962
2026-09-04,SOL,3,0.002864575539218335,0.0,0.0,mark,104.79,0.0,1.0334133388377424
2026-09-04,SOL,3,-0.015719311444401234,0.0,0.0,mark,100.21,0.0,1.017295802878681
2026-09-04,SOL,3,0.005932333219591413,0.0,0.0,mark,101.93,0.0,1.023348676644966
2026-09-05,SOL,3,0.0,0.0,0.0,mark,101.93,0.0,1.023348676644966
2026-09-05,SOL,3,-0.00011516687725205746,0.0001151602458019032,0.0,funding,101.93,0.0,1.0232308275598225
2026-09-05,SOL,3,0.008356674526255764,0.0,0.0,mark,104.37,0.0,1.0318174624375758
2026-09-05,SOL,3,-0.009492260604901607,0.0,0.0,mark,101.6,0.0,1.0220695203837329
2026-09-05,SOL,3,0.0054253926899163335,0.0,0.0,mark,103.18,0.0,1.0276297183783436
2026-09-06,SOL,3,0.0,0.0,0.0,mark,103.18,0.0,1.0276297183783436
2026-09-06,SOL,3,-0.00011609359733299954,0.00011608685873209195,0.0,funding,103.18,0.0,1.0275104240723973
2026-09-06,SOL,3,-3.424951062930932e-05,0.0,0.0,mark,103.17,0.0,1.0274752329458492
2026-09-06,SOL,3,0.014248792784862319,0.0,0.0,mark,107.36,0.0,1.042220314969532
2026-09-06,SOL,3,-0.002738755305825694,0.0,0.0,mark,106.55,0.0,1.0393698337191302
2026-09-07,SOL,3,0.0,0.0,0.0,mark,106.55,0.0,1.0393698337191302
2026-09-07,SOL,3,-0.00011853136232576409,0.00011852433776130134,0.0,funding,106.55,0.0,1.0392466430978995
2026-09-07,SOL,3,0.0017254801933335286,0.0,0.0,mark,107.06,0.0,1.041041390551856
2026-09-07,SOL,3,-0.01395648707103196,0.0,0.0,mark,102.96,0.0,1.0266130286671067
2026-09-07,SOL,3,0.002875286823466122,0.0,0.0,mark,103.8,0.0,1.029569083297153
2026-09-08,SOL,3,3.417985806748522e-05,0.0,0.0,mark,103.81,0.0,1.029604274423701
2026-09-08,SOL,3,-0.00011657847231188254,0.00011657167730590212,0.0,funding,103.81,0.0,1.0294842517264702
2026-09-08,SOL,3,0.0034806279722469063,0.0,0.0,mark,104.83,0.0,1.0330737466343833
2026-09-08,SOL,3,-0.010650571774274418,0.0,0.0,mark,101.72,0.0,1.0221293062779027
2026-09-08,SOL,3,0.005664748178573375,0.0,0.0,mark,103.37,0.0,1.0279358421583507
2026-09-09,SOL,3,0.0,0.0,0.0,mark,103.37,0.0,1.0279358421583507
2026-09-09,SOL,3,-0.00011627275054595967,0.00011626599113167311,0.0,funding,103.37,0.0,1.0278163281788424
2026-09-09,SOL,3,0.0062461399218717495,0.0,0.0,mark,105.2,0.0,1.0342563043371573
2026-09-09,SOL,3,-0.016709262127660454,0.0,0.0,mark,100.33,0.0,1.017118225708199
2026-09-09,SOL,3,0.00428108116669881,0.0,0.0,mark,101.57,0.0,1.021481925400172
2026-09-10,SOL,3,0.0,0.0,0.0,mark,101.57,0.0,1.021481925400172
2026-09-10,SOL,3,-0.0001149698387998921,0.0001149632300212021,0.0,funding,101.57,0.0,1.0213644925386196
2026-09-10,SOL,3,0.002133932332575018,0.0,0.0,mark,102.19,0.0,1.023546342384606
2026-09-10,SOL,3,-0.012767962638724841,0.0,0.0,mark,98.5,0.0,1.0105608166883318
2026-09-10,SOL,3,0.0005918220164429546,0.0,0.0,mark,98.67,0.0,1.0111590658396505
2026-09-11,SOL,3,0.0,0.0,0.0,mark,98.67,0.0,1.0111590658396505
2026-09-11,SOL,3,-0.00011282733739275881,0.00011282097262813464,0.0,funding,98.67,0.0,1.0110449858903607
2026-09-11,SOL,3,-0.0023347715000335825,0.0,0.0,mark,98.0,0.0,1.0086871804116333
2026-09-11,SOL,3,0.026848995457074205,0.0,0.0,mark,105.8,0.0,1.0361362591192051
2026-09-11,SOL,3,-0.011408742719996546,0.0,0.0,mark,102.46,0.0,1.0243824228521166
2026-09-12,SOL,3,-3.435409496118773e-05,0.0,0.0,mark,102.45,0.0,1.0243472317255684
2026-09-12,SOL,3,-0.00011564159334961875,0.00011563490711827797,0.0,funding,102.45,0.0,1.0242287814285709
2026-09-12,SOL,3,0.000480905560204544,0.0,0.0,mark,102.59,0.0,1.0247214572002452
2026-09-12,SOL,3,-0.004681471890797921,0.0,0.0,mark,101.23,0.0,1.0199354639896943
2026-09-12,SOL,3,0.0018270042485065223,0.0,0.0,mark,101.76,0.0,1.0218005936967471
2026-09-13,SOL,3,3.4439714345970946e-05,0.0,0.0,mark,101.77,0.0,1.0218357848232953
2026-09-13,SOL,3,-0.00011515634277247842,0.00011514971253534226,0.0,funding,101.77,0.0,1.0217181207264145
2026-09-13,SOL,3,0.001961331314433546,0.0,0.0,mark,102.34,0.0,1.0237240149396603
2026-09-13,SOL,3,-0.010887366656644535,0.0,0.0,mark,99.19,0.0,1.012638810076987
2026-09-13,SOL,3,0.00038219789527204695,0.0,0.0,mark,99.3,0.0,1.0130259124690169
2026-09-14,SOL,3,3.473802089713596e-05,0.0,0.0,mark,99.31,0.0,1.013061103595565
2026-09-14,SOL,3,-0.00011334598598622313,0.00011333956257258226,0.0,funding,99.31,0.0,1.0129462836932241
2026-09-14,SOL,3,0.018961574362336354,0.0,0.0,mark,104.82,0.0,1.0323365944212652
2026-09-14,SOL,3,-0.020039136732570222,0.0,0.0,mark,99.0,0.0,1.0118553587702308
2026-09-14,SOL,3,0.01220217016860469,0.0,0.0,mark,102.53,0.0,1.0242778264417345
2026-09-15,SOL,3,3.435642276197403e-05,0.0,0.0,mark,102.54,0.0,1.0243130175682826
2026-09-15,SOL,3,-0.0001157470540280643,0.00011574035559628117,0.0,funding,102.54,0.0,1.0241944632153874
2026-09-15,SOL,3,0.001098909878215661,0.0,0.0,mark,102.86,0.0,1.025320579264929
2026-09-15,SOL,3,-0.02445944679257597,0.0,0.0,mark,95.82,0.0,1.0005460261750179
2026-09-15,SOL,3,0.0037212911058878877,0.0,0.0,mark,96.88,0.0,1.0042762855891239
2026-09-16,SOL,3,0.0,0.0,0.0,mark,96.88,0.0,1.0042762855891239
2026-09-16,SOL,3,-0.00011153966455708704,0.00011153344423986816,0.0,funding,96.88,0.0,1.0041642751960236
2026-09-16,SOL,3,0.007193374414144093,0.0,0.0,mark,98.94,0.0,1.0114136472649464
2026-09-16,SOL,3,-0.009965783902515138,0.0,0.0,mark,96.09,0.0,1.0013841761987183
2026-09-16,SOL,3,0.008991077027155113,0.0,0.0,mark,98.66,0.0,1.0104282957215978
2026-09-17,SOL,3,0.0,0.0,0.0,mark,98.66,0.0,1.0104282957215978
2026-09-17,SOL,3,-0.00011289749816524087,0.00011289112548248761,0.0,funding,98.66,0.0,1.0103142273340744
2026-09-17,SOL,3,-0.0006620244829972964,0.0,0.0,mark,98.47,0.0,1.009645595929659
2026-09-17,SOL,3,0.01240085549912006,0.0,0.0,mark,102.05,0.0,1.0222440192339035
2026-09-17,SOL,3,-0.0014124371078369257,0.0,0.0,mark,101.64,0.0,1.0208011830454287
2026-09-18,SOL,3,-3.4474620265416464e-05,0.0,0.0,mark,101.63,0.0,1.0207659919188805
2026-09-18,SOL,3,-0.00011511844688024768,0.00011511182100603578,0.0,funding,101.63,0.0,1.0206484896867296
2026-09-18,SOL,3,0.04282390983701247,0.0,0.0,mark,114.32,0.0,1.065306029276356
2026-09-18,SOL,3,-0.045344063151705104,0.0,0.0,mark,100.9,0.0,1.0180795374487133
2026-09-18,SOL,3,0.04004463491424253,0.0,0.0,mark,112.72,0.0,1.059675449028649
2026-09-19,SOL,3,0.0,0.0,0.0,mark,112.72,0.0,1.059675449028649
2026-09-19,SOL,3,-0.00012299260670369118,0.00012298504342316696,0.0,funding,112.72,0.0,1.0595451247975358
2026-09-19,SOL,3,0.0045399186998119415,0.0,0.0,mark,114.09,0.0,1.064366309134635
2026-09-19,SOL,3,-0.013346932041141303,0.0,0.0,mark,110.08,0.0,1.0502546673888191
2026-09-19,SOL,3,0.0032783291145855984,0.0,0.0,mark,111.06,0.0,1.0537033977905397
2026-09-20,SOL,3,0.0,0.0,0.0,mark,111.06,0.0,1.0537033977905397
2026-09-20,SOL,3,-0.00012186807269378138,0.0001218606470818836,0.0,funding,111.06,0.0,1.0535749928126525
2026-09-20,SOL,3,0.0013351736282246926,0.0,0.0,mark,111.46,0.0,1.0549826378745792
2026-09-20,SOL,3,-0.013635511697615675,0.0,0.0,mark,107.4,0.0,1.0406950404960227
2026-09-20,SOL,3,0.012667688564510527,0.0,0.0,mark,111.17,0.0,1.0539620952046824
2026-09-21,SOL,3,0.0,0.0,0.0,mark,111.17,0.0,1.0539620952046824
2026-09-21,SOL,3,-0.00012195884071945305,0.00012195140404249511,0.0,funding,111.17,0.0,1.0538335630473648
2026-09-21,SOL,3,-0.0016041710550008022,0.0,0.0,mark,110.69,0.0,1.0521443889730526
2026-09-21,SOL,3,0.030631776881437582,0.0,0.0,mark,119.99,0.0,1.0848721366628498
2026-09-21,SOL,3,-0.003542011963462614,0.0,0.0,mark,118.9,0.0,1.0810363038690993
2026-09-22,SOL,3,3.255261053111733e-05,0.0,0.0,mark,118.91,0.0,1.0810714949956475
2026-09-22,SOL,3,-0.0001271791067506049,0.00012717101983090328,0.0,funding,118.91,0.0,1.0809340140311188
2026-09-22,SOL,3,-0.011032076639809029,0.0,0.0,mark,115.54,0.0,1.0690746043843857
2026-09-22,SOL,3,0.012886061538985631,0.0,0.0,mark,119.48,0.0,1.0829399082443643
2026-09-22,SOL,3,-0.002961509489065868,0.0,0.0,mark,118.57,0.0,1.0797375157284808
2026-09-23,SOL,3,0.0,0.0,0.0,mark,118.57,0.0,1.0797375157284808
2026-09-23,SOL,3,-0.00012697212593464752,0.00012696406531532192,0.0,funding,118.57,0.0,1.0796004278640103
2026-09-23,SOL,3,0.0039039420449302905,0.0,0.0,mark,119.77,0.0,1.0838233630497907
2026-09-23,SOL,3,-0.02222700374297884,0.0,0.0,mark,113.0,0.0,1.0599989703766801
2026-09-23,SOL,3,0.006584914224792637,0.0,0.0,mark,114.99,0.0,1.0670020045597657
2026-09-24,SOL,3,0.0,0.0,0.0,mark,114.99,0.0,1.0670020045597657
2026-09-24,SOL,3,-0.00012460804659889644,0.00012460028333872688,0.0,funding,114.99,0.0,1.0668690558076745
2026-09-24,SOL,3,0.009193528012922164,0.0,0.0,mark,117.79,0.0,1.0767225712411619
2026-09-24,SOL,3,-0.017374298810189308,0.0,0.0,mark,112.52,0.0,1.0581768475502766
2026-09-24,SOL,3,0.014920022551369294,0.0,0.0,mark,117.04,0.0,1.074083236750049
2026-09-25,SOL,3,0.0,0.0,0.0,mark,117.04,0.0,1.074083236750049
2026-09-25,SOL,3,-0.00012599343738367772,0.0001259855005438632,0.0,funding,117.04,0.0,1.0739479178358413
2026-09-25,SOL,3,0.019148610185716924,0.0,0.0,mark,122.94,0.0,1.094710682499261
2026-09-25,SOL,3,-0.023022729031806022,0.0,0.0,mark,115.86,0.0,1.0697953649031573
2026-09-25,SOL,3,0.020479924650943438,0.0,0.0,mark,122.15,0.0,1.0919305835019557
2026-09-25,SOL,3,-0.0005709835478545273,0.0005708205677695605,0.39366935708245554,boundary_exit,122.15,-0.0035191126548169086,1.091307287066316
