date,asset,episode,log_growth,cost_fraction,turnover,event,price,quantity_change,equity_after
2021-01-01,LTC,1,-0.0002671252087063366,0.00026708953394438635,0.18419967858233538,entry,124.22,0.001482850415249842,0.9997329104660556
2021-01-01,LTC,1,-6.053534829538686e-05,6.0533516068129885e-05,0.0,funding,124.22,0.0,0.999672393117856
2021-01-01,LTC,1,0.01435894473016662,0.0,0.0,mark,133.97,0.0,1.014130184666542
2021-01-01,LTC,1,-0.016333730704465085,0.0,0.0,mark,122.89,0.0,0.9977002020655737
2021-01-01,LTC,1,0.004966645356443005,0.0,0.0,mark,126.24,0.0,1.0026677509566606
2021-01-02,LTC,1,-5.915795239116236e-05,0.0,0.0,mark,126.2,0.0,1.0026084369400505
2021-01-02,LTC,1,-6.132388786751898e-05,6.132200759644064e-05,0.0,funding,126.2,0.0,1.0025469549778643
2021-01-02,LTC,1,0.02310062943027039,0.0,0.0,mark,142.0,0.0,1.0259759915388118
2021-01-02,LTC,1,-0.027622039550292427,0.0,0.0,mark,123.15,0.0,0.9980242612113522
2021-01-02,LTC,1,0.020311031207259078,0.0,0.0,mark,136.96,0.0,1.0185024254459525
2021-01-03,LTC,1,-2.9118673998611515e-05,0.0,0.0,mark,136.94,0.0,1.0184727684376476
2021-01-03,LTC,1,-2.2897689553671264e-05,2.2897427403548945e-05,0.015791329243826858,resize,136.94,-0.0001174458800370288,1.0184494480313697
2021-01-03,LTC,1,-6.031930194831225e-05,6.0317482775829756e-05,0.0,funding,136.94,0.0,1.01838801772433
2021-01-03,LTC,1,0.015767712008075092,0.0,0.0,mark,148.79356629441375,0.0,1.0345729309011684
2021-01-03,LTC,1,-7.118817381311623e-05,7.118563999525784e-05,0.04909354482431575,partial_tp,148.79356629441375,-0.0003413511338032033,1.0344992841649605
2021-01-03,LTC,1,0.015623138808928037,0.0,0.0,mark,164.7,0.0,1.0507883217054625
2021-01-03,LTC,1,-0.02907046484176494,0.0,0.0,mark,135.3,0.0,1.02068115170402
2021-01-03,LTC,1,0.025692798779819042,0.0,0.0,mark,161.24,0.0,1.0472450969365852
2021-01-04,LTC,1,-9.778593486032098e-06,0.0,0.0,mark,161.23,0.0,1.047234856402571
2021-01-04,LTC,1,-0.00022863463366320136,0.00022860849875723806,0.1576610336256814,rotation,161.23,-0.00102405340140961,1.0469954496142027
2021-01-04,DOGE,2,-9.27889985439158e-05,9.278469377799504e-05,0.06398944398482416,entry,0.0098188,6.823303934844767,1.0468983044620233
2021-01-04,DOGE,2,-2.1025397796404882e-05,2.1025176764427273e-05,0.0,funding,0.0098188,0.0,1.0468762932401177
2021-01-04,DOGE,2,-0.014567227476497769,0.0,0.0,mark,0.0076,0.0,1.031736746469484
2021-01-04,DOGE,2,0.025592955085590605,0.0,0.0,mark,0.0115198,0.0,1.0584827332332885
2021-01-04,DOGE,2,-0.01140056990535098,0.0,0.0,mark,0.0097613,0.0,1.046483953263864
2021-01-05,DOGE,2,7.041587954093676e-05,0.0,0.0,mark,0.0097721,0.0,1.0465576449463603
2021-01-05,DOGE,2,-2.0932207519012925e-05,2.0931988441965118e-05,0.0,funding,0.0097721,0.0,1.0465357384138325
2021-01-05,DOGE,2,0.003320280595378832,0.0,0.0,mark,0.0102822,0.0,1.0500163057509968
2021-01-05,DOGE,2,-0.009349765360963543,0.0,0.0,mark,0.0088501,0.0,1.0402446521859057
2021-01-05,DOGE,2,0.007318940433216912,0.0,0.0,mark,0.00997,0.0,1.0478860702625383
2021-01-06,DOGE,2,4.6230539264768476e-05,0.0,0.0,mark,0.0099771,0.0,1.0479345157204758
2021-01-06,DOGE,2,-2.1343250080698305e-05,2.1343022315179854e-05,0.0,funding,0.0099771,0.0,1.047912149630722
2021-01-06,DOGE,2,0.006638358783037372,0.0,0.0,mark,0.011,0.0,1.0548917072256747
2021-01-06,DOGE,2,-0.009409510989852916,0.0,0.0,mark,0.0095521,0.0,1.045012245458413
2021-01-06,DOGE,2,0.005650870786254167,0.0,0.0,mark,0.01042,0.0,1.0509341909434649
2021-01-07,DOGE,2,-8.44042626681115e-06,0.0,0.0,mark,0.0104187,0.0,1.0509253206483495
2021-01-07,DOGE,2,-2.2224512390507444e-05,2.2224265427866192e-05,0.0,funding,0.0104187,0.0,1.0509019646050786
2021-01-07,DOGE,2,0.0010045818068808727,0.0,0.0,mark,0.0105735,0.0,1.0519582120541926
2021-01-07,DOGE,2,-0.011570764260044475,0.0,0.0,mark,0.0087999,0.0,1.0398564001953519
2021-01-07,DOGE,2,0.006175209869704707,0.0,0.0,mark,0.0097439,0.0,1.0462975991098453
2021-01-08,DOGE,2,5.086546807862466e-05,0.0,0.0,mark,0.0097517,0.0,1.0463508208805372
2021-01-08,DOGE,2,-2.089263840466628e-05,2.0892420155151494e-05,0.0,funding,0.0097517,0.0,1.0463289600795578
2021-01-08,DOGE,2,0.003686144454954728,0.0,0.0,mark,0.010318,0.0,1.0501929970978603
2021-01-08,DOGE,2,-0.009880853591953412,0.0,0.0,mark,0.0088047,0.0,1.0398672912532596
2021-01-08,DOGE,2,0.0061184083704432434,0.0,0.0,mark,0.00974,0.0,1.04624912742352
2021-01-09,DOGE,2,4.8911417620131415e-05,0.0,0.0,mark,0.0097475,0.0,1.0463003022030313
2021-01-09,DOGE,2,-2.0884648312488887e-05,2.088443022977072e-05,0.0,funding,0.0097475,0.0,1.0462784508173706
2021-01-09,DOGE,2,0.006775656081266746,0.0,0.0,mark,0.01079,0.0,1.0533917451694463
2021-01-09,DOGE,2,-0.007420840425092442,0.0,0.0,mark,0.0096486,0.0,1.0456036260582144
2021-01-09,DOGE,2,0.003454608907341044,0.0,0.0,mark,0.0101789,0.0,1.0492220241348627
2021-01-10,DOGE,2,6.568019446234837e-05,0.0,0.0,mark,0.010189,0.0,1.0492909395046046
2021-01-10,DOGE,2,-2.176837972343513e-05,2.17681427939895e-05,0.0,funding,0.010189,0.0,1.049268098389601
2021-01-10,DOGE,2,0.004713244792915944,0.0,0.0,mark,0.0109155,0.0,1.0542252286982656
2021-01-10,DOGE,2,-0.012780704339114941,0.0,0.0,mark,0.0089534,0.0,1.0408372240477066
2021-01-10,DOGE,2,0.005664999371392923,0.0,0.0,mark,0.00982,0.0,1.0467502992376432
2021-01-11,DOGE,2,-2.4770832268759432e-05,0.0,0.0,mark,0.0098162,0.0,1.0467243706826908
2021-01-11,DOGE,2,-2.1023323145523373e-05,2.102310215694101e-05,0.0,funding,0.0098162,0.0,1.0467023652893157
2021-01-11,DOGE,2,0.0001909842964625564,0.0,0.0,mark,0.0098455,0.0,1.0469022880946066
2021-01-11,DOGE,2,-0.018069844913721846,0.0,0.0,mark,0.007097935167359619,0.0,1.0281548181608104
2021-01-11,DOGE,2,-6.830477486652712e-05,6.83024421486077e-05,0.04710513251628116,stop,0.007097935167359619,-6.823303934844767,1.0280845926758233
2021-01-16,DOGE,3,-9.42137931878032e-05,9.42093552077685e-05,0.06497196910880586,entry,0.0093568,7.138838106678869,1.0279877374892483
2021-01-16,DOGE,3,-2.1348265869410766e-05,2.134803799682263e-05,0.0,funding,0.0093568,0.0,1.0279657919679681
2021-01-16,DOGE,3,0.0014621632451657077,0.0,0.0,mark,0.0095675,0.0,1.0294699451570453
2021-01-16,DOGE,3,-0.003437080396358687,0.0,0.0,mark,0.0090727,0.0,1.0259376480618605
2021-01-16,DOGE,3,0.0011453848236300647,0.0,0.0,mark,0.0092374,0.0,1.0271134146980305
2021-01-17,DOGE,3,0.0,0.0,0.0,mark,0.0092374,0.0,1.0271134146980305
2021-01-17,DOGE,3,-2.1093783472171562e-05,2.1093560999810323e-05,0.0,funding,0.0092374,0.0,1.0270917492185638
2021-01-17,DOGE,3,0.0010996649845387986,0.0,0.0,mark,0.0093957,0.0,1.028221827290851
2021-01-17,DOGE,3,-0.0042908771604287885,0.0,0.0,mark,0.008779,0.0,1.023819305830462
2021-01-17,DOGE,3,0.0022267078575698026,0.0,0.0,mark,0.0090987,0.0,1.0261015923731673
2021-01-18,DOGE,3,0.0,0.0,0.0,mark,0.0090987,0.0,1.0261015923731673
2021-01-18,DOGE,3,-2.079754415515597e-05,2.0797327887850295e-05,0.0,funding,0.0090987,0.0,1.0260802522019046
2021-01-18,DOGE,3,-0.0011395734306515867,0.0,0.0,mark,0.008935,0.0,1.0249116244038412
2021-01-18,DOGE,3,0.0026780592480641187,0.0,0.0,mark,0.00932,0.0,1.0276600770749125
2021-01-18,DOGE,3,-0.000985526406988319,0.0,0.0,mark,0.0091782,0.0,1.0266477898313855
2021-01-19,DOGE,3,0.0,0.0,0.0,mark,0.0091782,0.0,1.0266477898313855
2021-01-19,DOGE,3,-2.096810334027836e-05,2.096788351128457e-05,0.0,funding,0.0091782,0.0,1.0266262632001213
2021-01-19,DOGE,3,0.0034534893145649302,0.0,0.0,mark,0.0096757,0.0,1.030177835158194
2021-01-19,DOGE,3,-0.004971936161468661,0.0,0.0,mark,0.00896,0.0,1.0250685687252439
2021-01-19,DOGE,3,0.0005764740564057735,0.0,0.0,mark,0.0090428,0.0,1.025659664520477
2021-01-20,DOGE,3,0.0,0.0,0.0,mark,0.0090428,0.0,1.025659664520477
2021-01-20,DOGE,3,-9.12672579591954e-05,9.126309322968502e-05,0.06294006429633449,rotation,0.0090428,-7.138838106678869,1.0255660596468918
2021-01-20,ADA,4,-0.0001894654779027465,0.00018944753045249365,0.1306534692775818,entry,0.3672,0.3649067637968568,1.0253717686895758
2021-01-20,ADA,4,-4.293421971202701e-05,4.2933298051670134e-05,0.0,funding,0.3672,0.0,1.025327746097817
2021-01-20,ADA,4,-0.013208618571369207,0.0,0.0,mark,0.33033,0.0,1.0118736337166268
2021-01-20,ADA,4,0.016654833717126585,0.0,0.0,mark,0.3769,0.0,1.0288673417066463
2021-01-20,ADA,4,-0.0005605331872970528,0.0,0.0,mark,0.37532,0.0,1.0282907890198472
2021-01-21,ADA,4,5.67771542614119e-05,0.0,0.0,mark,0.37548,0.0,1.0283491741020547
2021-01-21,ADA,4,-0.0001932137707986879,0.00019319510622024095,0.13323800428982133,rotation,0.37548,-0.3649067637968568,1.0281505020741326
2021-01-21,DOGE,5,-9.394628096836474e-05,9.394186815475941e-05,0.06478749527914442,entry,0.0090589,7.353132918939146,1.0280539156952235
2021-01-21,DOGE,5,-2.1287645753722235e-05,2.128741917348409e-05,0.0,funding,0.0090589,0.0,1.0280320310805873
2021-01-21,DOGE,5,0.00029392989827023354,0.0,0.0,mark,0.0091,0.0,1.0283342448435557
2021-01-21,DOGE,5,-0.007679764061606835,0.0,0.0,mark,0.0080301,0.0,1.0204671279335826
2021-01-21,DOGE,5,0.0009218986173842667,0.0,0.0,mark,0.0081581,0.0,1.021408328947207
2021-01-22,DOGE,5,0.0,0.0,0.0,mark,0.0081581,0.0,1.021408328947207
2021-01-22,DOGE,5,-1.929555423555246e-05,1.9295368077434262e-05,0.0,funding,0.0081581,0.0,1.0213886204975424
2021-01-22,DOGE,5,0.004401221423796571,0.0,0.0,mark,0.0087708,0.0,1.0258938850369765
2021-01-22,DOGE,5,-0.008688133809924038,0.0,0.0,mark,0.0075639,0.0,1.0170193889171089
2021-01-22,DOGE,5,0.006799138149852342,0.0,0.0,mark,0.0085075,0.0,1.0239578051394198
2021-01-23,DOGE,5,1.2207778092910856e-05,0.0,0.0,mark,0.0085092,0.0,1.023970305465382
2021-01-23,DOGE,5,-2.0075629230300063e-05,2.0075427716245986e-05,0.0,funding,0.0085092,0.0,1.023949748823531
2021-01-23,DOGE,5,0.0023182572382850555,0.0,0.0,mark,0.0088324,0.0,1.0263262813829321
2021-01-23,DOGE,5,-0.0034621497200067147,0.0,0.0,mark,0.00835,0.0,1.022779130062836
2021-01-23,DOGE,5,0.0016371155759271328,0.0,0.0,mark,0.0085779,0.0,1.024454909055062
2021-01-24,DOGE,5,3.0863226238995155e-05,0.0,0.0,mark,0.0085822,0.0,1.0244865275266135
2021-01-24,DOGE,5,-2.0237656120924335e-05,2.0237451340992913e-05,0.0,funding,0.0085822,0.0,1.0244657945303632
2021-01-24,DOGE,5,-0.0005901669956152758,0.0,0.0,mark,0.0085,0.0,1.0238613670044265
2021-01-24,DOGE,5,0.0033497046203326934,0.0,0.0,mark,0.0089672,0.0,1.0272967507041548
2021-01-24,DOGE,5,-0.001817571860050909,0.0,0.0,mark,0.0087135,0.0,1.02543126088262
2021-01-25,DOGE,5,5.09111792873561e-05,0.0,0.0,mark,0.0087206,0.0,1.0254834681263445
2021-01-25,DOGE,5,-2.0544028182540267e-05,2.054381715534698e-05,0.0,funding,0.0087206,0.0,1.0254624007814794
2021-01-25,DOGE,5,0.0014087380636287974,0.0,0.0,mark,0.0089172,0.0,1.0269080267133428
2021-01-25,DOGE,5,-0.005296271190413011,0.0,0.0,mark,0.0081795,0.0,1.0214836205590414
2021-01-25,DOGE,5,0.0012330595298295605,0.0,0.0,mark,0.0083509,0.0,1.0227439475413476
2021-01-26,DOGE,5,-0.00012079278925200627,0.0,0.0,mark,0.0083341,0.0,1.0226204149083093
2021-01-26,DOGE,5,-1.968846972068753e-05,1.9688275904054525e-05,0.0,funding,0.0083341,0.0,1.0226002812754356
2021-01-26,DOGE,5,-0.0027491552596699835,0.0,0.0,mark,0.0079523,0.0,1.0197928551269846
2021-01-26,DOGE,5,0.003664821256925967,0.0,0.0,mark,0.0084615,0.0,1.0235370704093083
2021-01-26,DOGE,5,-0.0015407264299470908,0.0,0.0,mark,0.0082472,0.0,1.0219612940247795
2021-01-27,DOGE,5,0.0,0.0,0.0,mark,0.0082472,0.0,1.0219612940247795
2021-01-27,DOGE,5,-1.9495741174290686e-05,1.9495551133553365e-05,0.0,funding,0.0082472,0.0,1.0219413703261153
2021-01-27,DOGE,5,7.195233189246664e-06,0.0,0.0,mark,0.0082482,0.0,1.0219487234590343
2021-01-27,DOGE,5,-0.007157442972044315,0.0,0.0,mark,0.007257,0.0,1.0146602981097819
2021-01-27,DOGE,5,0.0011255332626662275,0.0,0.0,mark,0.0074124,0.0,1.015802974965385
2021-01-28,DOGE,5,-1.4477583405539253e-05,0.0,0.0,mark,0.0074104,0.0,1.0157882686995472
2021-01-28,DOGE,5,-1.7624050281719285e-05,1.762389497892021e-05,0.0,funding,0.0074104,0.0,1.0157703665537787
2021-01-28,DOGE,5,0.030423119013192793,0.0,0.0,mark,0.01167766784823502,0.0,1.0471481542425662
2021-01-28,DOGE,5,-2.9725890188099897e-05,2.9725448378275752e-05,0.020500309226397073,partial_tp,0.01167766784823502,-1.8382832297347864,1.047117027294163
2021-01-28,DOGE,5,0.12744193673384227,0.0,0.0,mark,0.0374849,0.0,1.1894400335055488
2021-01-28,DOGE,5,-0.15083243099950197,0.0,0.0,mark,0.007288,0.0,1.0229086689256137
2021-01-28,DOGE,5,0.1462531458681598,0.0,0.0,mark,0.0364995,0.0,1.1840057006218068
2021-01-29,DOGE,5,-0.0002678587851271346,0.0,0.0,mark,0.036442,0.0,1.1836885967646775
2021-01-29,DOGE,5,-0.0002462180495490163,0.00024618774037257383,0.16978464853280953,rotation,0.036442,-5.514849689204359,1.1833971871437352
2021-01-29,ETH,6,-0.00023207577850317858,0.00023204885100278864,0.16003369034675077,entry,1329.44,0.0001424535285568182,1.1831225811861785
2021-01-29,ETH,6,-5.2591390163794236e-05,5.259000726077988e-05,0.0,funding,1329.44,0.0,1.1830603607610435
2021-01-29,ETH,6,-0.005323065165222589,0.0,0.0,mark,1285.35,0.0,1.1767795846869733
2021-01-29,ETH,6,0.01817943708150557,0.0,0.0,mark,1436.9,0.0,1.198368416939759
2021-01-29,ETH,6,-0.006846689617820718,0.0,0.0,mark,1379.5,0.0,1.1901915844005977
2021-01-30,ETH,6,7.181348898303115e-06,0.0,0.0,mark,1379.56,0.0,1.1902001316123112
2021-01-30,ETH,6,-0.00023944943011939976,0.00023942076439275234,0.16511776854672575,rotation,1379.56,-0.0001424535285568182,1.1899151729870203
2021-01-30,DOGE,7,-2.1506306743857613e-05,2.150607548486006e-05,0.014831776196455213,entry,0.0459059,0.38445070325404307,1.1898895825814895
2021-01-30,DOGE,7,-4.87297948747841e-06,4.8729676144932e-06,0.0,funding,0.0459059,0.0,1.1898837842880887
2021-01-30,DOGE,7,0.0016059675686411006,0.0,0.0,mark,0.0508804,0.0,1.191796234311426
2021-01-30,DOGE,7,-0.009294779963124097,0.0,0.0,mark,0.0222001,0.0,1.180770072806889
2021-01-30,DOGE,7,0.001971118285501219,0.0,0.0,mark,0.02826,0.0,1.1830998056235382
2021-01-31,DOGE,7,-5.5891908221561486e-06,0.0,0.0,mark,0.0282428,0.0,1.1830931930714423
2021-01-31,DOGE,7,-3.0152347582155547e-06,3.015230212398378e-06,0.0,funding,0.0282428,0.0,1.1830896257731025
2021-01-31,DOGE,7,-0.00047997598627553894,0.0,0.0,mark,0.0267661,0.0,1.1825219074196072
2021-01-31,DOGE,7,0.007358790888300005,0.0,0.0,mark,0.0494843,0.0,1.191255935386273
2021-01-31,DOGE,7,-0.004037161677083294,0.0,0.0,mark,0.037,0.0,1.1864563374716386
2021-02-01,DOGE,7,-1.2216109083905997e-05,0.0,0.0,mark,0.0369623,0.0,1.1864418436801258
2021-02-01,DOGE,7,-3.935003002971106e-06,3.934995260784598e-06,0.0,funding,0.0369623,0.0,1.1864371750370937
2021-02-01,DOGE,7,0.002221888476777137,0.0,0.0,mark,0.0438268,0.0,1.189076236889581
2021-02-01,DOGE,7,-0.0035515870745377576,0.0,0.0,mark,0.0328615,0.0,1.1848606195931894
2021-02-01,DOGE,7,0.0006343954676869662,0.0,0.0,mark,0.0348173,0.0,1.1856125282786136
2021-02-02,DOGE,7,1.9455782734464003e-06,0.0,0.0,mark,0.0348233,0.0,1.1856148349828333
2021-02-02,DOGE,7,-3.7098708090656986e-06,3.709863927571278e-06,0.0,funding,0.0348233,0.0,1.185610436513125
2021-02-02,DOGE,7,0.0001526193863735942,0.0,0.0,mark,0.035294,0.0,1.1857913974591467
2021-02-02,DOGE,7,-0.0021174152002945523,0.0,0.0,mark,0.02877,0.0,1.1832832410711174
2021-02-02,DOGE,7,0.0008375380884788961,0.0,0.0,mark,0.0313489,0.0,1.1842747009897392
2021-02-03,DOGE,7,0.0,0.0,0.0,mark,0.0313489,0.0,1.1842747009897392
2021-02-03,DOGE,7,-3.3435071929839123e-06,3.343501603550867e-06,0.0,funding,0.0313489,0.0,1.1842707413653775
2021-02-03,DOGE,7,0.0027344210783008327,0.0,0.0,mark,0.0397836,0.0,1.1875134677121144
2021-02-03,DOGE,7,-0.002915289226797402,0.0,0.0,mark,0.0307918,0.0,1.1840565638785947
2021-02-03,DOGE,7,0.0020978570091506245,0.0,0.0,mark,0.0372597,0.0,1.1865431525821715
2021-02-04,DOGE,7,-8.748282243006622e-06,0.0,0.0,mark,0.0372327,0.0,1.1865327724131836
2021-02-04,DOGE,7,-3.963486057129333e-06,3.963478202468618e-06,0.0,funding,0.0372327,0.0,1.1865280696164036
2021-02-04,DOGE,7,0.004835299501098285,0.0,0.0,mark,0.05219199517789545,0.0,1.1922791811677302
2021-02-04,DOGE,7,-6.100647528948338e-06,6.100628919928398e-06,0.004207330289605792,partial_tp,0.05219199517789545,-0.09611267581351077,1.1922719075148769
2021-02-04,DOGE,7,0.0018382228695941053,0.0,0.0,mark,0.0598,0.0,1.1944655846180405
2021-02-04,DOGE,7,-0.0058014166791916415,0.0,0.0,mark,0.0358367,0.0,1.187556053965075
2021-02-04,DOGE,7,0.004136360998439866,0.0,0.0,mark,0.0529081,0.0,1.192478387766723
2021-02-05,DOGE,7,-2.2535760175758922e-05,0.0,0.0,mark,0.0528149,0.0,1.1924515146625656
2021-02-05,DOGE,7,-4.195749851519245e-06,4.195741049286219e-06,0.0,funding,0.0528149,0.0,1.1924465114447962
2021-02-05,DOGE,7,0.0003687069046931099,0.0,0.0,mark,0.05434,0.0,1.1928862557704458
2021-02-05,DOGE,7,-0.0027080631567099962,0.0,0.0,mark,0.0431516,0.0,1.18966021458423
2021-02-05,DOGE,7,0.0008643300517468406,0.0,0.0,mark,0.0467193,0.0,1.1906889181647298
2021-02-06,DOGE,7,8.08813370424765e-06,0.0,0.0,mark,0.0467527,0.0,1.1906985486548463
2021-02-06,DOGE,7,-3.719620432309599e-06,3.719613514533666e-06,0.0,funding,0.0467527,0.0,1.190694119716433
2021-02-06,DOGE,7,0.0029296134980565723,0.0,0.0,mark,0.0588683,0.0,1.1941875079216915
2021-02-06,DOGE,7,-0.0034948769026224057,0.0,0.0,mark,0.0444191,0.0,1.1900212540955977
2021-02-06,DOGE,7,0.003202098591412642,0.0,0.0,mark,0.0576559,0.0,1.1938379268972226
2021-02-07,DOGE,7,4.830437220403724e-07,0.0,0.0,mark,0.0576579,0.0,1.1938385035732775
2021-02-07,DOGE,7,-4.575169380015688e-06,4.575158913927416e-06,0.0,funding,0.0576579,0.0,1.193833041572406
2021-02-07,DOGE,7,0.007133021021442813,0.0,0.0,mark,0.087297,0.0,1.2023791212015187
2021-02-07,DOGE,7,-0.008223680913835681,0.0,0.0,mark,0.0531446,0.0,1.1925316855531587
2021-02-07,DOGE,7,0.005973615302271161,0.0,0.0,mark,0.0779247,0.0,1.1996767307069378
2021-02-08,DOGE,7,1.4516819408297099e-05,0.0,0.0,mark,0.0779851,0.0,1.1996941463237951
2021-02-08,DOGE,7,-6.157938897255429e-06,6.157919937258486e-06,0.0,funding,0.0779851,0.0,1.1996867587032929
2021-02-08,DOGE,7,-0.0037959128248193663,0.0,0.0,mark,0.0622214,0.0,1.1951414845401285
2021-02-08,DOGE,7,0.005565780254976726,0.0,0.0,mark,0.0853555,0.0,1.2018119253007404
2021-02-08,DOGE,7,-0.0015980599585432107,0.0,0.0,mark,0.0787,0.0,1.19989289155911
2021-02-09,DOGE,7,9.227597935510636e-06,0.0,0.0,mark,0.0787384,0.0,1.1999039637393638
2021-02-09,DOGE,7,-6.2163347309038634e-06,6.216315409519644e-06,0.0,funding,0.0787384,0.0,1.199896504757864
2021-02-09,DOGE,7,0.0012155995916531242,0.0,0.0,mark,0.0838001,0.0,1.2013559853513598
2021-02-09,DOGE,7,-0.005004744866960844,0.0,0.0,mark,0.063,0.0,1.195358525546794
2021-02-09,DOGE,7,0.0016899926341411142,0.0,0.0,mark,0.0700121,0.0,1.1973803806290098
2021-02-10,DOGE,7,2.4080737336223294e-08,0.0,0.0,mark,0.0700122,0.0,1.1973804094628124
2021-02-10,DOGE,7,-5.539055589787319e-06,5.539040249226604e-06,0.0,funding,0.0700122,0.0,1.1973737771245307
2021-02-10,DOGE,7,-0.0009666397277615426,0.0,0.0,mark,0.066,0.0,1.1962169072908337
2021-02-10,DOGE,7,0.0037651075730146997,0.0,0.0,mark,0.0816496,0.0,1.200729282085067
2021-02-10,DOGE,7,-0.0021868803905495874,0.0,0.0,mark,0.0725527,0.0,1.1981062998832432
2021-02-11,DOGE,7,-9.62645939333351e-08,0.0,0.0,mark,0.0725523,0.0,1.1981061845480323
2021-02-11,DOGE,7,-5.736540510915481e-06,5.7365240570517e-06,0.0,funding,0.0725523,0.0,1.1980993115830818
2021-02-11,DOGE,7,0.000724108963756355,0.0,0.0,mark,0.0755622,0.0,1.198967180211875
2021-02-11,DOGE,7,-0.0018202791544989277,0.0,0.0,mark,0.068,0.0,1.1967867103807643
2021-02-11,DOGE,7,0.0003813144611286394,0.0,0.0,mark,0.069583,0.0,1.1972431494782028
2021-02-12,DOGE,7,5.53920295872718e-07,0.0,0.0,mark,0.0695853,0.0,1.197243812655666
2021-02-12,DOGE,7,-5.505909171314258e-06,5.505894013786873e-06,0.0,funding,0.0695853,0.0,1.1972372207581248
2021-02-12,DOGE,7,0.0008172325225495216,0.0,0.0,mark,0.07298,0.0,1.198216041859877
2021-02-12,DOGE,7,-0.0029352920365651883,0.0,0.0,mark,0.0608,0.0,1.1947040846856514
2021-02-12,DOGE,7,0.0021619389015683143,0.0,0.0,mark,0.0697675,0.0,1.1972897559467244
2021-02-13,DOGE,7,2.5286656343586804e-06,0.0,0.0,mark,0.069778,0.0,1.1972927834960125
2021-02-13,DOGE,7,-5.520930700998192e-06,5.5209154607299735e-06,0.0,funding,0.069778,0.0,1.1972861733437732
2021-02-13,DOGE,7,0.00046492753534094726,0.0,0.0,mark,0.071709,0.0,1.1978429540747608
2021-02-13,DOGE,7,-0.0014716064466307817,0.0,0.0,mark,0.0656,0.0,1.1960814970651266
2021-02-13,DOGE,7,0.000154392698770801,0.0,0.0,mark,0.0662405,0.0,1.1962661775717023
2021-02-14,DOGE,7,-7.954048078280544e-07,0.0,0.0,mark,0.0662372,0.0,1.1962652260562117
2021-02-14,DOGE,7,-5.245278721709393e-06,5.245264965132623e-06,0.0,funding,0.0662372,0.0,1.1962589513281323
2021-02-14,DOGE,7,5.521916320011322e-05,0.0,0.0,mark,0.0664663,0.0,1.196325009570219
2021-02-14,DOGE,7,-0.0026325785981580864,0.0,0.0,mark,0.055558,0.0,1.1931797318654893
2021-02-14,DOGE,7,0.001719178532054238,0.0,0.0,mark,0.0626783,0.0,1.1952327851222742
2021-02-15,DOGE,7,2.291777933201941e-06,0.0,0.0,mark,0.0626878,0.0,1.1952355243335349
2021-02-15,DOGE,7,-4.968480155160079e-06,4.968467812419413e-06,0.0,funding,0.0626878,0.0,1.195229585844304
2021-02-15,DOGE,7,-0.003053146057842562,0.0,0.0,mark,0.050051085344610814,0.0,1.1915859404672402
2021-02-15,DOGE,7,-1.7561510507241224e-05,1.756135630477707e-05,0.012111280210191082,stop,0.050051085344610814,-0.2883380274405323,1.1915650146019718
2021-02-28,ADA,8,-0.00019322870526914548,0.00019321003780533777,0.1332483019347157,entry,1.314,0.12083258359248665,1.1913347922804531
2021-02-28,ADA,8,-4.3787094762279335e-05,4.378613612133262e-05,0.0,funding,1.314,0.0,1.1912826283330722
2021-02-28,ADA,8,0.004604478145193308,0.0,0.0,mark,1.3595,0.0,1.1967805108865304
2021-02-28,ADA,8,-0.020966514827707523,0.0,0.0,mark,1.154,0.0,1.1719494149582743
2021-02-28,ADA,8,0.016162198315372366,0.0,0.0,mark,1.31203,0.0,1.191044588143395
2021-03-01,ADA,8,7.709973610465493e-05,0.0,0.0,mark,1.31279,0.0,1.1911364209069253
2021-03-01,ADA,8,-4.37540581596696e-05,4.375310096485786e-05,0.0,funding,1.31279,0.0,1.1910843049948385
2021-03-01,ADA,8,0.0035656038786695352,0.0,0.0,mark,1.348,0.0,1.19533882026313
2021-03-01,ADA,8,-0.011865902553125814,0.0,0.0,mark,1.23131,0.0,1.1812388660837227
2021-03-01,ADA,8,0.006622979248161314,0.0,0.0,mark,1.29627,0.0,1.1890881507138906
2021-03-02,ADA,8,5.182376159355378e-05,0.0,0.0,mark,1.29678,0.0,1.1891497753315228
2021-03-02,ADA,8,-4.329265589220775e-05,4.329171877876799e-05,0.0,funding,1.29678,0.0,1.1890982949938633
2021-03-02,ADA,8,0.00032512149424263824,0.0,0.0,mark,1.29998,0.0,1.1894849592613592
2021-03-02,ADA,8,-0.012262925887210122,0.0,0.0,mark,1.18,0.0,1.1749874658819326
2021-03-02,ADA,8,0.004391780082047589,0.0,0.0,mark,1.2228,0.0,1.180159100459691
2021-03-03,ADA,8,1.0238663726696374e-06,0.0,0.0,mark,1.22281,0.0,1.1801603087855268
2021-03-03,ADA,8,-0.00018155552294679225,0.00018153904274024498,0.1251993398208586,rotation,1.22281,-0.12083258359248665,1.1799460636127899
2021-03-03,BNB,9,-9.449415589920872e-05,9.448969146696764e-05,0.06516530445997767,entry,239.7204,0.0003207551150493643,1.1798345708732914
2021-03-03,BNB,9,-2.141179801656749e-05,2.1411568785662726e-05,0.0,funding,239.7204,0.0,1.1798093087642214
2021-03-03,BNB,9,0.004104338062234928,0.0,0.0,mark,254.8481,0.0,1.1846615959181537
2021-03-03,BNB,9,-0.0051157719262357884,0.0,0.0,mark,236.002,0.0,1.1786166129444218
2021-03-03,BNB,9,0.00124241538274619,0.0,0.0,mark,240.5701,0.0,1.1800818543854787
2021-03-04,BNB,9,-2.4462975467924132e-05,0.0,0.0,mark,240.4801,0.0,1.1800529864251244
2021-03-04,BNB,9,-2.1475679356498947e-05,2.147544875574916e-05,0.0,funding,240.4801,0.0,1.1800276442576854
2021-03-04,BNB,9,0.002581239028653578,0.0,0.0,mark,249.9885,0.0,1.1830775121936208
2021-03-04,BNB,9,-0.006653036291128009,0.0,0.0,mark,225.5308,0.0,1.175232579816278
2021-03-04,BNB,9,0.00112004649814382,0.0,0.0,mark,229.6369,0.0,1.1765496323941822
2021-03-05,BNB,9,0.0,0.0,0.0,mark,229.6369,0.0,1.1765496323941822
2021-03-05,BNB,9,-2.0568399618456358e-05,2.056818809047593e-05,0.0,funding,229.6369,0.0,1.1765254329000454
2021-03-05,BNB,9,0.0006985317144765446,0.0,0.0,mark,232.2,0.0,1.1773475603354284
2021-03-05,BNB,9,-0.004520726536774641,0.0,0.0,mark,215.6439,0.0,1.1720371065751596
2021-03-05,BNB,9,0.0026859128224462916,0.0,0.0,mark,225.4714,0.0,1.1751893274683072
2021-03-06,BNB,9,1.847780622061351e-05,0.0,0.0,mark,225.5391,0.0,1.175211042589596
2021-03-06,BNB,9,-2.0224369133503618e-05,2.022416462235068e-05,0.0,funding,225.5391,0.0,1.1751872749280048
2021-03-06,BNB,9,-0.0017449777099453954,0.0,0.0,mark,219.1514,0.0,1.173138387479604
2021-03-06,BNB,9,0.0036429712899629847,0.0,0.0,mark,232.4996,0.0,1.1774198909063058
2021-03-06,BNB,9,-0.0016681229984876246,0.0,0.0,mark,226.3814,0.0,1.1754574469614107
2021-03-07,BNB,9,-5.4575369713854075e-08,0.0,0.0,mark,226.3812,0.0,1.1754573828103878
2021-03-07,BNB,9,-2.029562776223012e-05,2.029542180738661e-05,0.0,funding,226.3812,0.0,1.175433526406987
2021-03-07,BNB,9,0.004782760554124362,0.0,0.0,mark,243.95,0.0,1.1810688088722663
2021-03-07,BNB,9,-0.005172239567923501,0.0,0.0,mark,224.9542,0.0,1.1749758088578115
2021-03-07,BNB,9,0.004128826745673959,0.0,0.0,mark,240.11,0.0,1.1798371092304767
2021-03-08,BNB,9,-1.6583711503781191e-06,0.0,0.0,mark,240.1039,0.0,1.179835152624275
2021-03-08,BNB,9,-2.1446041984174944e-05,2.1445812019504072e-05,0.0,funding,240.1039,0.0,1.1798098501013778
2021-03-08,BNB,9,0.000813838368536948,0.0,0.0,mark,243.0986,0.0,1.180770415444416
2021-03-08,BNB,9,-0.003918243963057034,0.0,0.0,mark,228.7029,0.0,1.1761529210347
2021-03-08,BNB,9,0.003225924180818841,0.0,0.0,mark,240.5509,0.0,1.1799532276378049
2021-03-09,BNB,9,6.368941454493005e-05,0.0,0.0,mark,240.7852,0.0,1.180028380561261
2021-03-09,BNB,9,-2.1503374484759e-05,2.1503143288898376e-05,0.0,funding,240.7852,0.0,1.180003006241909
2021-03-09,BNB,9,0.015244352940470714,0.0,0.0,mark,297.2962,0.0,1.1981291985484634
2021-03-09,BNB,9,-0.016654790453473303,0.0,0.0,mark,235.6001,0.0,1.1783398588948664
2021-03-09,BNB,9,0.01555897517913052,0.0,0.0,mark,293.2052,0.0,1.1968169893727965
2021-03-10,BNB,9,-2.0020309834429483e-05,0.0,0.0,mark,293.1305,0.0,1.1967930289657023
2021-03-10,BNB,9,-0.00011392218041725767,0.00011391569153205244,0.07856254588417408,rotation,293.1305,-0.0003207551150493643,1.196656695460187
2021-03-10,DOGE,10,-0.00020731074416770572,0.0002072892567802838,0.14295810812433363,entry,0.0579432,2.9524047214738776,1.1964086413831638
2021-03-10,DOGE,10,-4.697859766939679e-05,4.69774941924713e-05,0.0,funding,0.0579432,0.0,1.1963524371031615
2021-03-10,DOGE,10,0.0020117314069831136,0.0,0.0,mark,0.0587592,0.0,1.1987615993558842
2021-03-10,DOGE,10,-0.01054530082110627,0.0,0.0,mark,0.0545,0.0,1.1861867171661826
2021-03-10,DOGE,10,0.0034021288109320823,0.0,0.0,mark,0.0558692,0.0,1.1902291497108246
2021-03-11,DOGE,10,3.447883809915243e-05,0.0,0.0,mark,0.0558831,0.0,1.190270188136453
2021-03-11,DOGE,10,-0.00020101222711715988,0.00020099202551306737,0.13861519000901196,rotation,0.0558831,-2.9524047214738776,1.1900309533204316
2021-03-11,BNB,11,-9.6837776824686e-05,9.683308819864877e-05,0.06678144013699915,entry,278.3522,0.0002855087219369721,1.1899157189481697
2021-03-11,BNB,11,-2.194287973014051e-05,2.1942638986884134e-05,0.0,funding,278.3522,0.0,1.189889609057124
2021-03-11,BNB,11,0.008822944249907516,0.0,0.0,mark,315.2855,0.0,1.2004343883370387
2021-03-11,BNB,11,-0.010319452143694735,0.0,0.0,mark,272.12,0.0,1.1881102616002683
2021-03-11,BNB,11,0.004294649631147307,0.0,0.0,mark,290.0301,0.0,1.1932237513610318
2021-03-12,BNB,11,-5.840875552182596e-05,0.0,0.0,mark,289.786,0.0,1.1931540586820069
2021-03-12,BNB,11,-2.2782229674391108e-05,2.2781970161279526e-05,0.0,funding,289.786,0.0,1.193126876281844
2021-03-12,BNB,11,-0.010157128039647767,0.0,0.0,mark,247.5547,0.0,1.1810694717931072
2021-03-12,BNB,11,0.010327969731923375,0.0,0.0,mark,290.5,0.0,1.193330729509307
2021-03-12,BNB,11,-0.006548208195758559,0.0,0.0,mark,263.2201,0.0,1.1855420801257386
2021-03-13,BNB,11,-6.76721844550091e-06,0.0,0.0,mark,263.192,0.0,1.185534057330652
2021-03-13,BNB,11,-2.0824451583853664e-05,2.082423475647888e-05,0.0,funding,263.192,0.0,1.1855093694911305
2021-03-13,BNB,11,0.005067180391460821,0.0,0.0,mark,284.2857,0.0,1.1915318048190524
2021-03-13,BNB,11,-0.0069405366815992004,0.0,0.0,mark,255.4206,0.0,1.1832905670094696
2021-03-13,BNB,11,0.00502093792955084,0.0,0.0,mark,276.2822,0.0,1.1892467357630299
2021-03-14,BNB,11,1.6805254233844033e-06,0.0,0.0,mark,276.2892,0.0,1.1892487343240834
2021-03-14,BNB,11,-2.179246436825682e-05,2.1792226914193037e-05,0.0,funding,276.2892,0.0,1.1892228179458075
2021-03-14,BNB,11,0.00014295747507601887,0.0,0.0,mark,276.8847,0.0,1.189392838389721
2021-03-14,BNB,11,-0.003338457969449866,0.0,0.0,mark,263.0003,0.0,1.1854287210908592
2021-03-14,BNB,11,5.7248048266512e-05,0.0,0.0,mark,263.238,0.0,1.1854965865140636
2021-03-15,BNB,11,2.6973123299736192e-05,0.0,0.0,mark,263.35,0.0,1.1855285634909205
2021-03-15,BNB,11,-9.19662869977039e-05,9.196205822828519e-05,0.0634221091229553,rotation,263.35,-0.0002855087219369721,1.1854195398441334
2021-03-15,DOGE,12,-0.00022057733353462344,0.00022055300814320796,0.1521055228573848,entry,0.058221,3.0969728948893422,1.185158091998709
2021-03-15,DOGE,12,-4.9985340445921335e-05,4.998409119954106e-05,0.0,funding,0.058221,0.0,1.1850988529485527
2021-03-15,DOGE,12,0.004051482980031455,0.0,0.0,mark,0.0597745,0.0,1.1899100003407632
2021-03-15,DOGE,12,-0.012504423072622903,0.0,0.0,mark,0.055,0.0,1.175123503254114
2021-03-15,DOGE,12,0.00517603515634258,0.0,0.0,mark,0.0569691,0.0,1.1812217525814406
2021-03-16,DOGE,12,0.00012085945990794018,0.0,0.0,mark,0.0570152,0.0,1.181364523031895
2021-03-16,DOGE,12,-4.910727288186958e-05,4.9106067139417114e-05,0.0,funding,0.0570152,0.0,1.1813065108663108
2021-03-16,DOGE,12,0.005562064601117242,0.0,0.0,mark,0.0591427,0.0,1.1878953207001879
2021-03-16,DOGE,12,-0.01015629580557325,0.0,0.0,mark,0.0552668,0.0,1.1758917634568862
2021-03-16,DOGE,12,0.008872774686912362,0.0,0.0,mark,0.0586507,0.0,1.1863716100359023
2021-03-17,DOGE,12,-3.080387519915952e-05,0.0,0.0,mark,0.0586389,0.0,1.1863350657557425
2021-03-17,DOGE,12,-5.029418724711475e-05,5.029292251559753e-05,0.0,funding,0.0586389,0.0,1.1862754014982029
2021-03-17,DOGE,12,0.0008337611989500771,0.0,0.0,mark,0.0589584,0.0,1.18726488433812
2021-03-17,DOGE,12,-0.006350938639186031,0.0,0.0,mark,0.0565314,0.0,1.1797485311222236
2021-03-17,DOGE,12,0.003565364915306526,0.0,0.0,mark,0.057892,0.0,1.1839622724430099
2021-03-18,DOGE,12,1.3078841032760398e-06,0.0,0.0,mark,0.0578925,0.0,1.1839638209294574
2021-03-18,DOGE,12,-4.97534387006871e-05,4.9752201018936754e-05,0.0,funding,0.0578925,0.0,1.1839049161234394
2021-03-18,DOGE,12,-0.0026269301041282936,0.0,0.0,mark,0.0568896,0.0,1.1807989620071548
2021-03-18,DOGE,12,0.006274937226465194,0.0,0.0,mark,0.0592896,0.0,1.1882316969548892
2021-03-18,DOGE,12,-0.00507206838984498,0.0,0.0,mark,0.0573485,0.0,1.1822201628686195
2021-03-19,DOGE,12,3.772188122152108e-05,0.0,0.0,mark,0.0573629,0.0,1.182264759278306
2021-03-19,DOGE,12,-4.9369133051493435e-05,4.936791441582265e-05,0.0,funding,0.0573629,0.0,1.182206393332853
2021-03-19,DOGE,12,-0.0025936755389295496,0.0,0.0,mark,0.0563741,0.0,1.1791441065343864
2021-03-19,DOGE,12,0.009218012800924606,0.0,0.0,mark,0.0599,0.0,1.1900637232644766
2021-03-19,DOGE,12,-0.004310455431863678,0.0,0.0,mark,0.0582472,0.0,1.1849450464638036
2021-03-20,DOGE,12,3.9725937603440685e-05,0.0,0.0,mark,0.0582624,0.0,1.184992120451806
2021-03-20,DOGE,12,-5.0027891258043855e-05,5.002663988393063e-05,0.0,funding,0.0582624,0.0,1.1849328392777307
2021-03-20,DOGE,12,-0.0007645168101567915,0.0,0.0,mark,0.05797,0.0,1.184027284403265
2021-03-20,DOGE,12,0.006920485904920283,0.0,0.0,mark,0.060625,0.0,1.1922497474391962
2021-03-20,DOGE,12,-0.004703325152417858,0.0,0.0,mark,0.0588186,0.0,1.186655375601868
2021-03-21,DOGE,12,5.480500066419798e-05,0.0,0.0,mark,0.0588396,0.0,1.1867204120326607
2021-03-21,DOGE,12,-5.044994301765836e-05,5.04486704408242e-05,0.0,funding,0.0588396,0.0,1.1866605435656887
2021-03-21,DOGE,12,0.0018666283959175008,0.0,0.0,mark,0.0595555,0.0,1.18887766646114
2021-03-21,DOGE,12,-0.007466252402584677,0.0,0.0,mark,0.0567,0.0,1.1800342603597835
2021-03-21,DOGE,12,0.0020400233690188296,0.0,0.0,mark,0.0574781,0.0,1.182444014969297
2021-03-22,DOGE,12,2.802428295045597e-05,0.0,0.0,mark,0.0574888,0.0,1.1824771525792723
2021-03-22,DOGE,12,-4.946860379434482e-05,4.9467380243110774e-05,0.0,funding,0.0574888,0.0,1.1824186585323369
2021-03-22,DOGE,12,0.0012797002487397774,0.0,0.0,mark,0.0579777,0.0,1.1839327685806482
2021-03-22,DOGE,12,-0.009340953892395228,0.0,0.0,mark,0.0544234,0.0,1.172925197820343
2021-03-22,DOGE,12,0.0012259705851279832,0.0,0.0,mark,0.054888,0.0,1.1743640514273086
2021-03-23,DOGE,12,5.537997406099598e-06,0.0,0.0,mark,0.0548901,0.0,1.1743705550703878
2021-03-23,DOGE,12,-4.755844226873777e-05,4.7557311383966225e-05,0.0,funding,0.0548901,0.0,1.1743147051642202
2021-03-23,DOGE,12,0.0031994107337669545,0.0,0.0,mark,0.0561052,0.0,1.1780778369288003
2021-03-23,DOGE,12,-0.009267128550511053,0.0,0.0,mark,0.0525963,0.0,1.167210868737923
2021-03-23,DOGE,12,0.002006276824186929,0.0,0.0,mark,0.0533532,0.0,1.1695549675220647
2021-03-24,DOGE,12,0.0001858718050214804,0.0,0.0,mark,0.0534234,0.0,1.1697723750192859
2021-03-24,DOGE,12,-4.64695727690858e-05,4.646849307517701e-05,0.0,funding,0.0534234,0.0,1.1697180174597777
2021-03-24,DOGE,12,-0.007103325614795109,0.0,0.0,mark,0.05075,0.0,1.1614385701225804
2021-03-24,DOGE,12,0.01600225408734523,0.0,0.0,mark,0.0567995,0.0,1.1801737076502135
2021-03-24,DOGE,12,-0.014005442613007998,0.0,0.0,mark,0.0514996,0.0,1.1637600610045895
2021-03-25,DOGE,12,0.0,0.0,0.0,mark,0.0514996,0.0,1.1637600610045895
2021-03-25,DOGE,12,-4.5027580431526343e-05,4.502656670518454e-05,0.0,funding,0.0514996,0.0,1.1637076608845738
2021-03-25,DOGE,12,-0.00512225632501636,0.0,0.0,mark,0.0495798,0.0,1.1577620923209653
2021-03-25,DOGE,12,0.0076478297573523545,0.0,0.0,mark,0.0524498,0.0,1.1666504045292976
2021-03-25,DOGE,12,-0.003147445972684827,0.0,0.0,mark,0.051266,0.0,1.1629842080163275
2021-03-26,DOGE,12,0.0,0.0,0.0,mark,0.051266,0.0,1.1629842080163275
2021-03-26,DOGE,12,-0.00019797210944596177,0.000197952514260962,0.13651897535238758,rotation,0.051266,-3.0969728948893422,1.1627539923683048
2021-03-26,BNB,13,-0.0003015138195894891,0.0003014683688659178,0.2079092199075295,entry,234.0024,0.001033097419076299,1.1624034588188332
2021-03-26,BNB,13,-6.832986358582458e-05,6.832752915386474e-05,0.0,funding,234.0024,0.0,1.1623240346626122
2021-03-26,BNB,13,0.018675428431952447,0.0,0.0,mark,255.2113,0.0,1.1842348945140595
2021-03-26,BNB,13,-0.018845207557375048,0.0,0.0,mark,233.8114,0.0,1.1621267130555686
2021-03-26,BNB,13,0.018844509656791672,0.0,0.0,mark,255.2105,0.0,1.1842340680361243
2021-03-27,BNB,13,-7.886590326720472e-05,0.0,0.0,mark,255.1201,0.0,1.1841406760294397
2021-03-27,BNB,13,-2.8035778361318485e-05,2.8035385362478105e-05,0.01933474852584697,resize,255.1201,-8.974229074955537e-05,1.1841074781892638
2021-03-27,BNB,13,-6.677813554879551e-05,6.677590593877232e-05,0.0,funding,255.1201,0.0,1.1840284083396788
2021-03-27,BNB,13,0.016498858547132136,0.0,0.0,mark,276.0,0.0,1.2037255690836284
2021-03-27,BNB,13,-0.020986555627822794,0.0,0.0,mark,249.5001,0.0,1.1787267525184826
2021-03-27,BNB,13,0.0156616077015189,0.0,0.0,mark,269.2234,0.0,1.1973328287210094
2021-03-28,BNB,13,4.963523652412671e-05,0.0,0.0,mark,269.2864,0.0,1.197392260094094
2021-03-28,BNB,13,-2.5591353860328527e-05,2.5591026404466778e-05,0.017648983727218466,resize,269.2864,-7.847688005594789e-05,1.1973616175971495
2021-03-28,BNB,13,-6.390707806916986e-05,6.390503605530659e-05,0.0,funding,269.2864,0.0,1.1972851001598057
2021-03-28,BNB,13,0.008708023234780612,0.0,0.0,mark,281.3939,0.0,1.2077566135507443
2021-03-28,BNB,13,-0.014711825042339722,0.0,0.0,mark,261.0,0.0,1.1901183730433345
2021-03-28,BNB,13,0.0053823015763003875,0.0,0.0,mark,268.4263,0.0,1.1965412183784678
2021-03-29,BNB,13,0.00014245673971093964,0.0,0.0,mark,268.6234,0.0,1.196711685881202
2021-03-29,BNB,13,-6.37843532753728e-05,6.378231909676528e-05,0.0,funding,268.6234,0.0,1.1966353568345862
2021-03-29,BNB,13,-0.003014756247971075,0.0,0.0,mark,264.4585,0.0,1.193033225418363
2021-03-29,BNB,13,0.009755487160058612,0.0,0.0,mark,277.9813,0.0,1.2047288009940793
2021-03-29,BNB,13,-0.0019274153154330439,0.0,0.0,mark,275.2991,0.0,1.2024090245565675
2021-03-30,BNB,13,-3.5964400885298604e-07,0.0,0.0,mark,275.2986,0.0,1.2024085921174434
2021-03-30,BNB,13,-6.505969987329796e-05,6.505758353702659e-05,0.0,funding,275.2986,0.0,1.2023303663200162
2021-03-30,BNB,13,0.006902005435670423,0.0,0.0,mark,284.9267700402969,0.0,1.2106575611585215
2021-03-30,BNB,13,-7.378888445916315e-05,7.378616212643875e-05,0.050887008363061204,partial_tp,284.9267700402969,-0.00021621956206769894,1.2105682313834343
2021-03-30,BNB,13,0.014155483054961874,0.0,0.0,mark,311.5325,0.0,1.2278262692245696
2021-03-30,BNB,13,-0.02149162038143093,0.0,0.0,mark,271.2857,0.0,1.2017198328126908
2021-03-30,BNB,13,0.02136677567044236,0.0,0.0,mark,311.2962,0.0,1.22767299117702
2021-03-31,BNB,13,0.0,0.0,0.0,mark,311.2962,0.0,1.22767299117702
2021-03-31,BNB,13,-5.4039349406808874e-05,5.4037889307577656e-05,0.0,funding,311.2962,0.0,1.2276066503198169
2021-03-31,BNB,13,0.00285110298768085,0.0,0.0,mark,316.6997,0.0,1.2311116775307154
2021-03-31,BNB,13,-0.017379246596677653,0.0,0.0,mark,284.0,0.0,1.20990073308948
2021-03-31,BNB,13,0.009801718728223878,0.0,0.0,mark,302.3724,0.0,1.2218181499358778
2021-04-01,BNB,13,4.6027646453847015e-05,0.0,0.0,mark,302.4591,0.0,1.2218743886439716
2021-04-01,BNB,13,-5.275441466886162e-05,5.275302317917465e-05,0.0,funding,302.4591,0.0,1.2218099310760253
2021-04-01,BNB,13,0.019213784985102417,0.0,0.0,mark,339.0,0.0,1.2455125032627041
2021-04-01,BNB,13,-0.020148127240029012,0.0,0.0,mark,300.7,0.0,1.2206688755811255
2021-04-01,BNB,13,0.01795791600940994,0.0,0.0,mark,334.7991,0.0,1.2427875529878336
2021-04-02,BNB,13,-6.707134803129887e-05,0.0,0.0,mark,334.6706,0.0,1.2427042003466564
2021-04-02,BNB,13,-5.739439979522431e-05,5.7392752768178794e-05,0.0,funding,334.6706,0.0,1.242632878131722
2021-04-02,BNB,13,0.011582527654836727,0.0,0.0,mark,356.9882,0.0,1.2571093832269282
2021-04-02,BNB,13,-0.016844780839506968,0.0,0.0,mark,324.6162,0.0,1.2361110042371615
2021-04-02,BNB,13,0.007151477281530717,0.0,0.0,mark,338.2932,0.0,1.2449827090883612
2021-04-03,BNB,13,0.0,0.0,0.0,mark,338.2932,0.0,1.2449827090883612
2021-04-03,BNB,13,-5.790949567635141e-05,5.790781895386762e-05,0.0,funding,338.2932,0.0,1.2449106148550426
2021-04-03,BNB,13,0.005633050784465983,0.0,0.0,mark,349.1347,0.0,1.2519430480015135
2021-04-03,BNB,13,-0.01736432446739701,0.0,0.0,mark,315.91,0.0,1.2303915577500215
2021-04-03,BNB,13,0.0031790529185193907,0.0,0.0,mark,321.9497,0.0,1.2343092616170823
2021-04-04,BNB,13,5.255222511627966e-06,0.0,0.0,mark,321.9597,0.0,1.2343157482039444
2021-04-04,BNB,13,-5.55897312787003e-05,5.5588186198216815e-05,0.0,funding,321.9597,0.0,1.234247134830306
2021-04-04,BNB,13,-0.0031370361963774904,0.0,0.0,mark,316.0,0.0,1.2303813236581413
2021-04-04,BNB,13,0.018970817503905033,0.0,0.0,mark,352.3275,0.0,1.2539454720811842
2021-04-04,BNB,13,-0.0017944472032173206,0.0,0.0,mark,348.8617,0.0,1.2516973508065414
2021-04-05,BNB,13,4.560354321420642e-06,0.0,0.0,mark,348.8705,0.0,1.25170305900298
2021-04-05,BNB,13,-5.939954140385997e-05,5.939777728603291e-05,0.0,funding,348.8705,0.0,1.2516287106234532
2021-04-05,BNB,13,0.01600416321459788,0.0,0.0,mark,380.0,0.0,1.2718211311956125
2021-04-05,BNB,13,-0.02277795553440702,0.0,0.0,mark,335.8442,0.0,1.2431790879793658
2021-04-05,BNB,13,0.016652363762504088,0.0,0.0,mark,368.0263,0.0,1.2640542866846225
2021-04-06,BNB,13,6.378341832168958e-05,0.0,0.0,mark,368.1506,0.0,1.2641349149593175
2021-04-06,BNB,13,-6.20658665042019e-05,6.20639404581494e-05,0.0,funding,368.1506,0.0,1.2640564577652245
2021-04-06,BNB,13,0.0221292106504194,0.0,0.0,mark,411.755,0.0,1.2923408305818989
2021-04-06,BNB,13,-0.02434711860180917,0.0,0.0,mark,363.8333,0.0,1.26125600361928
2021-04-06,BNB,13,0.020126971818419444,0.0,0.0,mark,403.3648,0.0,1.2868984544729176
2021-04-07,BNB,13,-5.2472781077971644e-05,0.0,0.0,mark,403.2607,0.0,1.286830929103684
2021-04-07,BNB,13,-6.678611345121275e-05,6.678388330829484e-05,0.0,funding,403.2607,0.0,1.286744989537077
2021-04-07,BNB,13,0.00558982917092271,0.0,0.0,mark,414.3803,0.0,1.293957814664181
2021-04-07,BNB,13,-0.029702728355981107,0.0,0.0,mark,356.0,0.0,1.2560889259660384
2021-04-07,BNB,13,0.010047163729456585,0.0,0.0,mark,375.5538,0.0,1.2687726681843166
2021-04-08,BNB,13,0.0,0.0,0.0,mark,375.5538,0.0,1.2687726681843166
2021-04-08,BNB,13,-6.30825591881079e-05,6.308056952537432e-05,0.0,funding,375.5538,0.0,1.2686926332818094
2021-04-08,BNB,13,0.023785227148004507,0.0,0.0,mark,422.6323,0.0,1.2992305112402218
2021-04-08,BNB,13,-0.02571656395423563,0.0,0.0,mark,371.78,0.0,1.266244725131816
2021-04-08,BNB,13,0.02375378060965067,0.0,0.0,mark,418.7048,0.0,1.296682904250159
2021-04-09,BNB,13,-5.00244663770322e-08,0.0,0.0,mark,418.7047,0.0,1.2966828393842904
2021-04-09,BNB,13,-6.881708546862896e-05,6.881471762734632e-05,0.0,funding,418.7047,0.0,1.296593608520846
2021-04-09,BNB,13,0.017500321407524378,0.0,0.0,mark,453.9937,0.0,1.3194841248982672
2021-04-09,BNB,13,-0.025292280208899114,0.0,0.0,mark,403.19,0.0,1.2865298636020108
2021-04-09,BNB,13,0.025292280208899207,0.0,0.0,mark,453.9937,0.0,1.3194841248982672
2021-04-10,BNB,13,-1.9172426962043026e-06,0.0,0.0,mark,453.9898,0.0,1.319481595129391
2021-04-10,BNB,13,-1.9279427055773316e-05,1.9279241208800122e-05,0.013296028419862152,resize,453.9898,-3.864374219051932e-05,1.319456156525448
2021-04-10,BNB,13,-6.896005541981907e-05,6.895767772981164e-05,0.0,funding,453.9898,0.0,1.3193651698930275
2021-04-10,BNB,13,-0.0018464071192919693,0.0,0.0,mark,450.0,0.0,1.316931332269406
2021-04-10,BNB,13,0.017178503622611856,0.0,0.0,mark,487.4062,0.0,1.3397496732681293
2021-04-10,BNB,13,-0.007361645300611639,0.0,0.0,mark,471.2975,0.0,1.3299231255395139
2021-04-11,BNB,13,-4.586843765643603e-08,0.0,0.0,mark,471.2974,0.0,1.3299230645380193
2021-04-11,BNB,13,-1.4655916288234199e-05,1.4655808890791831e-05,0.01010745440744264,resize,471.2974,-2.8521559296156582e-05,1.329903573439746
2021-04-11,BNB,13,-6.770572498131393e-05,6.770343300043157e-05,0.0,funding,471.2974,0.0,1.3298135344022646
2021-04-11,BNB,13,-0.0058243257765686,0.0,0.0,mark,458.0165,0.0,1.3220907789091842
2021-04-11,BNB,13,0.030833116042851588,0.0,0.0,mark,529.211,0.0,1.3634899096873774
2021-04-11,BNB,13,-0.0014013096916758259,0.0,0.0,mark,525.9275,0.0,1.361580576158661
2021-04-12,BNB,13,0.0,0.0,0.0,mark,525.9275,0.0,1.361580576158661
2021-04-12,BNB,13,-2.5366144747295714e-05,2.5365823029438667e-05,0.017493671054785286,resize,525.9275,-4.528959355406333e-05,1.361546038546726
2021-04-12,BNB,13,-6.805017206932483e-05,6.804785670887628e-05,0.0,funding,525.9275,0.0,1.3614533882569924
2021-04-12,BNB,13,0.04340694107908977,0.0,0.0,mark,638.5673,0.0,1.4218512760527622
2021-04-12,BNB,13,-0.047680433540735735,0.0,0.0,mark,515.1,0.0,1.355647641708182
2021-04-12,BNB,13,0.03176959079759652,0.0,0.0,mark,596.7104,0.0,1.3994074475864584
2021-04-13,BNB,13,2.9656522198334455e-05,0.0,0.0,mark,596.7878,0.0,1.3994489497598943
2021-04-13,BNB,13,-3.387456632100897e-05,3.387399258433528e-05,0.023361374196093295,resize,596.7878,-5.47817006039176e-05,1.399401544836548
2021-04-13,BNB,13,-6.74542426684825e-05,6.745196768227822e-05,0.0,funding,596.7878,0.0,1.3993071524487712
2021-04-13,BNB,13,-0.023165428988832427,0.0,0.0,mark,530.2288,0.0,1.367264179523292
2021-04-13,BNB,13,0.025227320113802902,0.0,0.0,mark,602.7871,0.0,1.4021953479966585
2021-04-13,BNB,13,-0.017715114037987846,0.0,0.0,mark,551.6442,0.0,1.377574026161437
2021-04-14,BNB,13,-8.688224996661113e-05,0.0,0.0,mark,551.3956,0.0,1.3774543446297243
2021-04-14,BNB,13,-6.331649531647721e-05,6.331449086951627e-05,0.0,funding,551.3956,0.0,1.377367131809198
2021-04-14,BNB,13,0.013588064299279966,0.0,0.0,mark,590.5369,0.0,1.396210618282373
2021-04-14,BNB,13,-0.024222491994668752,0.0,0.0,mark,521.1313,0.0,1.3627972292339101
2021-04-14,BNB,13,0.01015287819027332,0.0,0.0,mark,550.0182,0.0,1.3767040210216628
2021-04-15,BNB,13,0.0,0.0,0.0,mark,550.0182,0.0,1.3767040210216628
2021-04-15,BNB,13,-0.00027892732584875883,0.0002788884292386942,0.19233684775082358,rotation,550.0182,-0.00048142209055844,1.3763200741997135
2021-04-15,XRP,14,-0.00013367155909290923,0.00013366262544817873,0.09218112099874394,entry,1.83396,0.06917856839451461,1.376136111645139
2021-04-15,XRP,14,-3.028988586064508e-05,3.0289427126568724e-05,0.0,funding,1.83396,0.0,1.376094429270669
2021-04-15,XRP,14,0.0025625799468718827,0.0,0.0,mark,1.885,0.0,1.379625303401525
2021-04-15,XRP,14,-0.011730291991022173,0.0,0.0,mark,1.65243,0.0,1.3635364437500126
2021-04-15,XRP,14,0.005332177922145142,0.0,0.0,mark,1.75781,0.0,1.3708264812874265
2021-04-16,XRP,14,0.0,0.0,0.0,mark,1.75781,0.0,1.3708264812874265
2021-04-16,XRP,14,-2.9144617894136458e-05,2.91441931939447e-05,0.0,funding,1.75781,0.0,1.3707865296556205
2021-04-16,XRP,14,-0.017195022372456934,0.0,0.0,mark,1.42,0.0,1.3474173174662696
2021-04-16,XRP,14,0.019846034407077898,0.0,0.0,mark,1.81041,0.0,1.374425322353172
2021-04-16,XRP,14,-0.013293258228810707,0.0,0.0,mark,1.54805,0.0,1.356275633149187
2021-04-17,XRP,14,0.0,0.0,0.0,mark,1.54805,0.0,1.356275633149187
2021-04-17,XRP,14,-0.00011449893835832765,0.00011449238360493006,0.07896026455512417,rotation,1.54805,-0.06917856839451461,1.3561203499191223
2021-04-17,DOGE,15,-0.00012687095442595476,0.00012686290664675807,0.08749165975638487,entry,0.3653855,0.32472339554753393,1.3559483085497688
2021-04-17,DOGE,15,-2.8748753483144388e-05,2.874834024178582e-05,0.0,funding,0.3653855,0.0,1.3559093272864444
2021-04-17,DOGE,15,0.0037921508505167276,0.0,0.0,mark,0.38125,0.0,1.3610609015951083
2021-04-17,DOGE,15,-0.03650508517418911,0.0,0.0,mark,0.231,0.0,1.3122712114140913
2021-04-17,DOGE,15,0.012602926375401913,0.0,0.0,mark,0.2822532,0.0,1.3289143245507682
2021-04-18,DOGE,15,5.896049427259624e-05,0.0,0.0,mark,0.2824945,0.0,1.3289926803061138
2021-04-18,DOGE,15,-2.5860552889915247e-05,2.5860218508770488e-05,0.017834633454324473,resize,0.2824945,-0.08390286294685301,1.3289583122650046
2021-04-18,DOGE,15,-1.6818483170171936e-05,1.6818341740369856e-05,0.0,funding,0.2824945,0.0,1.3289359613899503
2021-04-18,DOGE,15,0.01233766728881051,0.0,0.0,mark,0.351,0.0,1.3454334923860263
2021-04-18,DOGE,15,-0.020122814728927307,0.0,0.0,mark,0.2397,0.0,1.3186301671075704
2021-04-18,DOGE,15,0.01497791152580018,0.0,0.0,mark,0.3223299,0.0,1.3385291436343114
2021-04-19,DOGE,15,4.774811500170694e-05,0.0,0.0,mark,0.3225953,0.0,1.3385930574036635
2021-04-19,DOGE,15,-1.9067692606776797e-05,1.9067510819599147e-05,0.0,funding,0.3225953,0.0,1.3385675337660585
2021-04-19,DOGE,15,0.013049604326909063,0.0,0.0,mark,0.3956050540698449,0.0,1.3561497816262034
2021-04-19,DOGE,15,-2.54660288216347e-05,2.5465704565142344e-05,0.01756255487251196,partial_tp,0.3956050540698449,-0.06020513315017023,1.3561152463165185
2021-04-19,DOGE,15,0.005305471008927633,0.0,0.0,mark,0.435546,0.0,1.3633291962201246
2021-04-19,DOGE,15,-0.01704182944467668,0.0,0.0,mark,0.308,0.0,1.3402924244818097
2021-04-19,DOGE,15,0.013505890491388806,0.0,0.0,mark,0.408903,0.0,1.3585170601325647
2021-04-20,DOGE,15,-4.387364476050905e-07,0.0,0.0,mark,0.4088997,0.0,1.3585164641017464
2021-04-20,DOGE,15,-1.7860826906788213e-05,1.7860667403225616e-05,0.0,funding,0.4088997,0.0,1.3584922000910193
2021-04-20,DOGE,15,0.0020880897162302865,0.0,0.0,mark,0.4246216,0.0,1.3613318173396403
2021-04-20,DOGE,15,-0.020727845538900808,0.0,0.0,mark,0.27,0.0,1.333404775291963
2021-04-20,DOGE,15,0.006389309632249059,0.0,0.0,mark,0.3173205,0.0,1.341951586301661
2021-04-21,DOGE,15,0.0,0.0,0.0,mark,0.3173205,0.0,1.341951586301661
2021-04-21,DOGE,15,-1.4031694681241112e-05,1.4031596237446907e-05,0.0,funding,0.3173205,0.0,1.3419327565788317
2021-04-21,DOGE,15,0.004075318074956224,0.0,0.0,mark,0.347661,0.0,1.34741271810586
2021-04-21,DOGE,15,-0.00694834165893154,0.0,0.0,mark,0.2960052,0.0,1.3380828851549242
2021-04-21,DOGE,15,0.0013246195364987094,0.0,0.0,mark,0.3058251,0.0,1.3398565103159883
2021-04-22,DOGE,15,-2.385999067426229e-06,0.0,0.0,mark,0.3058074,0.0,1.339853313423418
2021-04-22,DOGE,15,-1.3543767011223173e-05,1.354367529475233e-05,0.0,funding,0.3058074,0.0,1.3398351668851984
2021-04-22,DOGE,15,0.0004840186255730221,0.0,0.0,mark,0.3093988,0.0,1.340483829030785
2021-04-22,DOGE,15,-0.004222273275951819,0.0,0.0,mark,0.278128171551352,0.0,1.334835871982464
2021-04-22,DOGE,15,-5.456972173940724e-05,5.456823283932464e-05,0.03763326402712044,stop,0.278128171551352,-0.1806153994505107,1.3347630323477995
2021-04-29,DOGE,16,-6.768796778512898e-05,6.768567700628823e-05,0.04667977724571602,entry,0.32321,0.19277386536868205,1.334672688008312
2021-04-29,DOGE,16,-1.5337427518960086e-05,1.533730990124429e-05,0.0,funding,0.32321,0.0,1.3346522177196793
2021-04-29,DOGE,16,-0.004010394759408038,0.0,0.0,mark,0.2955,0.0,1.329310453910313
2021-04-29,DOGE,16,0.00441906944117176,0.0,0.0,mark,0.32604,0.0,1.3351977677586726
2021-04-29,DOGE,16,-0.0030727594486805016,0.0,0.0,mark,0.30479,0.0,1.331101323119588
2021-04-30,DOGE,16,0.0,0.0,0.0,mark,0.30479,0.0,1.331101323119588
2021-04-30,DOGE,16,-1.4502134376151161e-05,1.450202922070872e-05,0.0,funding,0.30479,0.0,1.3310820194493045
2021-04-30,DOGE,16,0.005086328591251208,0.0,0.0,mark,0.34,0.0,1.3378695872489357
2021-04-30,DOGE,16,-0.005471637137003039,0.0,0.0,mark,0.30213,0.0,1.3305692409674237
2021-04-30,DOGE,16,0.005105581097580754,0.0,0.0,mark,0.33746,0.0,1.3373799416308991
2021-05-01,DOGE,16,0.0,0.0,0.0,mark,0.33746,0.0,1.3373799416308991
2021-05-01,DOGE,16,-1.5981227880558985e-05,1.5981100181450214e-05,0.0,funding,0.33746,0.0,1.3373585688280714
2021-05-01,DOGE,16,-0.001428057016084584,0.0,0.0,mark,0.32756,0.0,1.3354501075609213
2021-05-01,DOGE,16,0.010045301603216171,0.0,0.0,mark,0.3975,0.0,1.3489327117048069
2021-05-01,DOGE,16,-0.0009479320826061347,0.0,0.0,mark,0.39087,0.0,1.3476546209774125
2021-05-02,DOGE,16,-1.4304407096692262e-06,0.0,0.0,mark,0.39086,0.0,1.347652693238759
2021-05-02,DOGE,16,-1.8369037889906605e-05,1.8368869180122015e-05,0.0,funding,0.39086,0.0,1.3476279383827365
2021-05-02,DOGE,16,0.0013051651933182046,0.0,0.0,mark,0.39999,0.0,1.3493879637735526
2021-05-02,DOGE,16,-0.005442040949990829,0.0,0.0,mark,0.362,0.0,1.3420644846281964
2021-05-02,DOGE,16,0.001717891905974047,0.0,0.0,mark,0.37397,0.0,1.3443719877966596
2021-05-03,DOGE,16,8.889986182783741e-05,0.0,0.0,mark,0.37459,0.0,1.344491507593188
2021-05-03,DOGE,16,-1.7645790744066506e-05,1.7645635058043256e-05,0.0,funding,0.37459,0.0,1.3444677831867065
2021-05-03,DOGE,16,0.009075535978992072,0.0,0.0,mark,0.4381738389121765,0.0,1.3567250855887862
2021-05-03,DOGE,16,-2.2569173583615205e-05,2.256891890170991e-05,0.01556477165635166,partial_tp,0.4381738389121765,-0.04819346634217051,1.3566944657703577
2021-05-03,DOGE,16,0.001035962054119283,0.0,0.0,mark,0.4479,0.0,1.3581006780214313
2021-05-03,DOGE,16,-0.007913363124326805,0.0,0.0,mark,0.37386,0.0,1.3473959452775084
2021-05-03,DOGE,16,0.007223278580829878,0.0,0.0,mark,0.44142,0.0,1.3571637970357395
2021-05-04,DOGE,16,0.0,0.0,0.0,mark,0.44142,0.0,1.3571637970357395
2021-05-04,DOGE,16,-1.544982397210879e-05,1.544970462416439e-05,0.0,funding,0.44142,0.0,1.3571428292559486
2021-05-04,DOGE,16,0.017994593996550828,0.0,0.0,mark,0.61186,0.0,1.3817851124660272
2021-05-04,DOGE,16,-0.022641688048803926,0.0,0.0,mark,0.3979,0.0,1.3508506902903148
2021-05-04,DOGE,16,0.014940413550096721,0.0,0.0,mark,0.53854,0.0,1.3711844776094033
2021-05-05,DOGE,16,0.0,0.0,0.0,mark,0.53854,0.0,1.3711844776094033
2021-05-05,DOGE,16,-1.865634522075909e-05,1.86561711922728e-05,0.0,funding,0.53854,0.0,1.371158896557053
2021-05-05,DOGE,16,-0.0023076651822728374,0.0,0.0,mark,0.51668,0.0,1.3679983690343334
2021-05-05,DOGE,16,0.01883988461306432,0.0,0.0,mark,0.69663,0.0,1.394015611839154
2021-05-05,DOGE,16,-0.004431175759998784,0.0,0.0,mark,0.654,0.0,1.3878521494286538
2021-05-06,DOGE,16,0.0,0.0,0.0,mark,0.654,0.0,1.3878521494286538
2021-05-06,DOGE,16,-2.9801792262747253e-05,2.9801348193750276e-05,0.020552653926724326,resize,0.654,-0.043614747597351095,1.3878107895635072
2021-05-06,DOGE,16,-1.5632036351286827e-05,1.5631914171665345e-05,0.0,funding,0.654,0.0,1.3877890954243584
2021-05-06,DOGE,16,0.0007999616087642158,0.0,0.0,mark,0.665,0.0,1.388899717590079
2021-05-06,DOGE,16,-0.009128374910937948,0.0,0.0,mark,0.54,0.0,1.376279011161434
2021-05-06,DOGE,16,0.0030076883598531335,0.0,0.0,mark,0.58106,0.0,1.3804246608091153
2021-05-07,DOGE,16,-5.119883680304178e-06,0.0,0.0,mark,0.58099,0.0,1.3804175932135152
2021-05-07,DOGE,16,-1.3961300552440344e-05,1.3961203093961603e-05,0.0,funding,0.58099,0.0,1.3803983209231419
2021-05-07,DOGE,16,0.011057022012391553,0.0,0.0,mark,0.733,0.0,1.3957461095968886
2021-05-07,DOGE,16,-0.015735899118401266,0.0,0.0,mark,0.51717,0.0,1.3739546930489328
2021-05-07,DOGE,16,0.0126074505430343,0.0,0.0,mark,0.68982,0.0,1.3913864127681774
2021-05-08,DOGE,16,0.0,0.0,0.0,mark,0.68982,0.0,1.3913864127681774
2021-05-08,DOGE,16,-1.6445847848156685e-05,1.6445712615985768e-05,0.0,funding,0.68982,0.0,1.3913635304270953
2021-05-08,DOGE,16,0.003631131790499277,0.0,0.0,mark,0.73995,0.0,1.396424938533239
2021-05-08,DOGE,16,-0.010170341787691143,0.0,0.0,mark,0.6,0.0,1.382294795615728
2021-05-08,DOGE,16,0.0027047382664305906,0.0,0.0,mark,0.63708,0.0,1.3860386019707214
2021-05-09,DOGE,16,0.0,0.0,0.0,mark,0.63708,0.0,1.3860386019707214
2021-05-09,DOGE,16,-1.524707826458824e-05,1.5246962028503844e-05,0.0,funding,0.63708,0.0,1.3860174690927871
2021-05-09,DOGE,16,0.004579516397242835,0.0,0.0,mark,0.70009,0.0,1.3923793147893384
2021-05-09,DOGE,16,-0.017032449798483593,0.0,0.0,mark,0.4671909437044054,0.0,1.368864509853217
2021-05-09,DOGE,16,-4.996736593560016e-05,4.996611758753792e-05,0.034459391439681325,stop,0.4671909437044054,-0.10096565142916045,1.3687961130081563
2021-05-16,DOGE,17,-0.00012876893387406486,0.00012876064351076275,0.08880044380052603,entry,0.50838,0.2390922190242717,1.3686198659398103
2021-05-16,DOGE,17,-2.917886652871012e-05,2.9178440829651876e-05,0.0,funding,0.50838,0.0,1.3685799317460337
2021-05-16,DOGE,17,0.007053944964418041,0.0,0.0,mark,0.5489,0.0,1.378267948460897
2021-05-16,DOGE,17,-0.017305353219135438,0.0,0.0,mark,0.45,0.0,1.3546217279993966
2021-05-16,DOGE,17,0.011180385694175428,0.0,0.0,mark,0.5137,0.0,1.3698519023512428
2021-05-17,DOGE,17,1.745385833013373e-06,0.0,0.0,mark,0.51371,0.0,1.369854293273433
2021-05-17,DOGE,17,-2.945822029761539e-05,2.9457786408427787e-05,0.0,funding,0.51371,0.0,1.369813940398251
2021-05-17,DOGE,17,0.0004345190788112425,0.0,0.0,mark,0.5162,0.0,1.3704092800236214
2021-05-17,DOGE,17,-0.010637850661201707,0.0,0.0,mark,0.45555,0.0,1.3559083369397993
2021-05-17,DOGE,17,0.0056180481803297785,0.0,0.0,mark,0.4875,0.0,1.3635473333376247
2021-05-18,DOGE,17,-8.76732553685856e-06,0.0,0.0,mark,0.48745,0.0,1.3635353787266735
2021-05-18,DOGE,17,-2.808188302939485e-05,2.808148873696495e-05,0.0,funding,0.48745,0.0,1.3634970886232933
2021-05-18,DOGE,17,0.004882142923055707,0.0,0.0,mark,0.51536,0.0,1.3701701524562608
2021-05-18,DOGE,17,-0.008328484977168801,0.0,0.0,mark,0.46783,0.0,1.3588060992860371
2021-05-18,DOGE,17,0.001390856687161961,0.0,0.0,mark,0.47574,0.0,1.3606973187385192
2021-05-19,DOGE,17,0.0,0.0,0.0,mark,0.47574,0.0,1.3606973187385192
2021-05-19,DOGE,17,-2.7464428556150155e-05,2.7464051412163836e-05,0.0,funding,0.47574,0.0,1.360659948477401
2021-05-19,DOGE,17,0.0006429205549024501,0.0,0.0,mark,0.4794,0.0,1.3615350259990298
2021-05-19,DOGE,17,-0.04825899518301185,0.0,0.0,mark,0.21111,0.0,1.297388974557008
2021-05-19,DOGE,17,0.02157414612865819,0.0,0.0,mark,0.32945,0.0,1.3256831477563402
2021-05-20,DOGE,17,4.869438638319029e-05,0.0,0.0,mark,0.32972,0.0,1.3257477026554767
2021-05-20,DOGE,17,-1.9536425898070033e-05,1.9536235063321344e-05,0.0,funding,0.32972,0.0,1.325721802536723
2021-05-20,DOGE,17,0.018809106817125,0.0,0.0,mark,0.435,0.0,1.3508934313555983
2021-05-20,DOGE,17,-0.025268372031456352,0.0,0.0,mark,0.29402,0.0,1.3171862103175564
2021-05-20,DOGE,17,0.01862344425957427,0.0,0.0,mark,0.39758,0.0,1.34194660051971
2021-05-21,DOGE,17,-1.9598694767543313e-05,0.0,0.0,mark,0.39747,0.0,1.3419203003756173
2021-05-21,DOGE,17,-2.3266933493484796e-05,2.326666282045606e-05,0.0,funding,0.39747,0.0,1.3418890783684565
2021-05-21,DOGE,17,0.002581995275149198,0.0,0.0,mark,0.41198,0.0,1.3453583064664987
2021-05-21,DOGE,17,-0.017643810374537792,0.0,0.0,mark,0.31357,0.0,1.32182924119232
2021-05-21,DOGE,17,0.007964892164239089,0.0,0.0,mark,0.35778,0.0,1.332399508195383
2021-05-22,DOGE,17,0.0,0.0,0.0,mark,0.35778,0.0,1.332399508195383
2021-05-22,DOGE,17,-2.1093208255820777e-05,2.1092985795740845e-05,0.0,funding,0.35778,0.0,1.3323714039114825
2021-05-22,DOGE,17,-0.007395439598048351,0.0,0.0,mark,0.31672,0.0,1.3225542773983459
2021-05-22,DOGE,17,0.008510987602586884,0.0,0.0,mark,0.364,0.0,1.3338585575138133
2021-05-22,DOGE,17,-0.003953063766980398,0.0,0.0,mark,0.34199,0.0,1.328596137773089
2021-05-23,DOGE,17,0.0,0.0,0.0,mark,0.34199,0.0,1.328596137773089
2021-05-23,DOGE,17,-2.0220005830368482e-05,2.0219801407378038e-05,0.0,funding,0.34199,0.0,1.3285692738230326
2021-05-23,DOGE,17,0.0016093657614947529,0.0,0.0,mark,0.35094,0.0,1.3307091491832999
2021-05-23,DOGE,17,-0.018701648350054764,0.0,0.0,mark,0.24782,0.0,1.306053959557517
2021-05-23,DOGE,17,0.010654150986563506,0.0,0.0,mark,0.30633,0.0,1.320043245292627
2021-05-24,DOGE,17,-1.811261753549412e-05,0.0,0.0,mark,0.30623,0.0,1.3200193360707246
2021-05-24,DOGE,17,-1.82233351616673e-05,1.8223169117639416e-05,0.0,funding,0.30623,0.0,1.3199952811351248
2021-05-24,DOGE,17,0.012379444384924616,0.0,0.0,mark,0.375,0.0,1.336437653037424
2021-05-24,DOGE,17,-0.014395653584656803,0.0,0.0,mark,0.29511,0.0,1.317336575659575
2021-05-24,DOGE,17,0.012764520996623823,0.0,0.0,mark,0.36589,0.0,1.3342595229221128
2021-05-25,DOGE,17,0.0,0.0,0.0,mark,0.36589,0.0,1.3342595229221128
2021-05-25,DOGE,17,-9.507455885253603e-05,9.507003940990524e-05,0.06556554442062429,rotation,0.36589,-0.2390922190242717,1.3341326748166855
2021-05-25,ADA,18,-0.00014836529435035772,0.00014835428876442614,0.10231330259615595,entry,1.5497,0.08808125447631056,1.3339347505125958
2021-05-25,ADA,18,-3.3619779418695733e-05,3.3619214280259814e-05,0.0,funding,1.5497,0.0,1.3338899046743824
2021-05-25,ADA,18,0.006594751088037081,0.0,0.0,mark,1.6499,0.0,1.3427156463729086
2021-05-25,ADA,18,-0.014170993420713027,0.0,0.0,mark,1.4354,0.0,1.32382221728774
2021-05-25,ADA,18,0.007807332447550491,0.0,0.0,mark,1.5532,0.0,1.3341981890650494
2021-05-26,ADA,18,-4.621375096104363e-05,0.0,0.0,mark,1.5525,0.0,1.334136532186916
2021-05-26,ADA,18,-3.367543060179735e-05,3.3674863590791587e-05,0.0,funding,1.5525,0.0,1.334091605321183
2021-05-26,ADA,18,0.018285337940405006,0.0,0.0,mark,1.832,0.0,1.358710315947312
2021-05-26,ADA,18,-0.0183183501818481,0.0,0.0,mark,1.552,0.0,1.334047564693945
2021-05-26,ADA,18,0.014883102687036706,0.0,0.0,mark,1.7791,0.0,1.354050817585515
2021-05-27,ADA,18,-1.9515245542931584e-05,0.0,0.0,mark,1.7788,0.0,1.3540243932091722
2021-05-27,ADA,18,-1.918338032574195e-05,1.918319632583046e-05,0.013229790569538246,resize,1.7788,-0.010070530215990248,1.3539984186934073
2021-05-27,ADA,18,-3.367143354585557e-05,3.3670866669433994e-05,0.0,funding,1.7788,0.0,1.3539528283931808
2021-05-27,ADA,18,0.000558728954895666,0.0,0.0,mark,1.7885,0.0,1.354709532418506
2021-05-27,ADA,18,-0.010465915207767157,0.0,0.0,mark,1.6077,0.0,1.34060519347224
2021-05-27,ADA,18,0.002760244192438489,0.0,0.0,mark,1.6552,0.0,1.3443107028746053
2021-05-28,ADA,18,0.0,0.0,0.0,mark,1.6552,0.0,1.3443107028746053
2021-05-28,ADA,18,-3.155753011588788e-05,3.1557032182260494e-05,0.0,funding,1.6552,0.0,1.3442682804184918
2021-05-28,ADA,18,-0.011979659339112516,0.0,0.0,mark,1.45,0.0,1.328260479800274
2021-05-28,ADA,18,0.013301916871420509,0.0,0.0,mark,1.678,0.0,1.346046924931627
2021-05-28,ADA,18,-0.009591106792561508,0.0,0.0,mark,1.5133,0.0,1.3331985586459523
2021-05-29,ADA,18,0.0,0.0,0.0,mark,1.5133,0.0,1.3331985586459523
2021-05-29,ADA,18,-2.9092553749360594e-05,2.909213056513474e-05,0.0,funding,1.5133,0.0,1.333159773059415
2021-05-29,ADA,18,0.002868999397904134,0.0,0.0,mark,1.5624,0.0,1.3369900996205966
2021-05-29,ADA,18,-0.013357150484580554,0.0,0.0,mark,1.335,0.0,1.3192504609237998
2021-05-29,ADA,18,0.004007065263909214,0.0,0.0,mark,1.4029,0.0,1.3245473891010755
2021-05-30,ADA,18,3.5337057734225336e-05,0.0,0.0,mark,1.4035,0.0,1.3245941955356317
2021-05-30,ADA,18,-2.7156937813785676e-05,2.715656906751269e-05,0.0,funding,1.4035,0.0,1.3245582241018743
2021-05-30,ADA,18,0.017311843281584485,0.0,0.0,mark,1.7,0.0,1.3476884038450592
2021-05-30,ADA,18,-0.02072181950954243,0.0,0.0,mark,1.3457,0.0,1.3200492042396277
2021-05-30,ADA,18,0.01346574152923086,0.0,0.0,mark,1.5751,0.0,1.3379448643849452
2021-05-31,ADA,18,0.0,0.0,0.0,mark,1.5751,0.0,1.3379448643849452
2021-05-31,ADA,18,-3.0173229637940737e-05,3.017277443071237e-05,0.0,funding,1.5751,0.0,1.3379044948763514
2021-05-31,ADA,18,0.010146444199756292,0.0,0.0,mark,1.75,0.0,1.3515485705494814
2021-05-31,ADA,18,-0.013077805133683403,0.0,0.0,mark,1.5249,0.0,1.3339883565184834
2021-05-31,ADA,18,0.012344498524657441,0.0,0.0,mark,1.7373,0.0,1.3505578343513753
2021-06-01,ADA,18,1.7328406020962976e-05,0.0,0.0,mark,1.7376,0.0,1.3505812375686534
2021-06-01,ADA,18,-3.297475576352672e-05,3.297421210218763e-05,0.0,funding,1.7376,0.0,1.3505367032164646
2021-06-01,ADA,18,0.0024230977465769963,0.0,0.0,mark,1.7796,0.0,1.3538131536353981
2021-06-01,ADA,18,-0.007316001520867864,0.0,0.0,mark,1.6531,0.0,1.3439447970164675
2021-06-01,ADA,18,0.004817809369855789,0.0,0.0,mark,1.7363,0.0,1.350435289274926
2021-06-02,ADA,18,-5.776726230630631e-06,0.0,0.0,mark,1.7362,0.0,1.3504274882025
2021-06-02,ADA,18,-3.2951938558347425e-05,3.295139564925479e-05,0.0,funding,1.7362,0.0,1.3503829897320407
2021-06-02,ADA,18,0.003920618945873231,0.0,0.0,mark,1.8042,0.0,1.3556877189817425
2021-06-02,ADA,18,-0.005013055826599469,0.0,0.0,mark,1.7173,0.0,1.3489085870435207
2021-06-02,ADA,18,0.0020855760778221107,0.0,0.0,mark,1.7534,0.0,1.3517247741893181
2021-06-03,ADA,18,0.0,0.0,0.0,mark,1.7534,0.0,1.3517247741893181
2021-06-03,ADA,18,-3.324645004194373e-05,3.324589738487559e-05,0.0,funding,1.7534,0.0,1.351679834886183
2021-06-03,ADA,18,0.007835626661052782,0.0,0.0,mark,1.8897,0.0,1.3623126966028645
2021-06-03,ADA,18,-0.01014685176459948,0.0,0.0,mark,1.7134,0.0,1.34855940591577
2021-06-03,ADA,18,0.007601116973415506,0.0,0.0,mark,1.8453,0.0,1.3588490204457062
2021-06-04,ADA,18,5.740924794339622e-06,0.0,0.0,mark,1.8454,0.0,1.3588568215181323
2021-06-04,ADA,18,-3.480724956035376e-05,3.480664379518177e-05,0.0,funding,1.8454,0.0,1.3588095242727771
2021-06-04,ADA,18,0.00014925767226490861,0.0,0.0,mark,1.848,0.0,1.359012352155854
2021-06-04,ADA,18,-0.013872381207223148,0.0,0.0,mark,1.608,0.0,1.3402897783333771
2021-06-04,ADA,18,0.005786203435819976,0.0,0.0,mark,1.7077,0.0,1.348067447542131
2021-06-05,ADA,18,1.736041781628057e-05,0.0,0.0,mark,1.708,0.0,1.3480908507594092
2021-06-05,ADA,18,-3.2472900955226965e-05,3.2472373716285006e-05,0.0,funding,1.708,0.0,1.3480470750494997
2021-06-05,ADA,18,0.004290481818141595,0.0,0.0,mark,1.7823,0.0,1.3538432718620415
2021-06-05,ADA,18,-0.009977828911438235,0.0,0.0,mark,1.61,0.0,1.3404020240719883
2021-06-05,ADA,18,0.002621358573158922,0.0,0.0,mark,1.6551,0.0,1.3439203077361288
2021-06-06,ADA,18,2.3218584663210295e-05,0.0,0.0,mark,1.6555,0.0,1.343951512025833
2021-06-06,ADA,18,-3.157168579013378e-05,3.1571187409607316e-05,0.0,funding,1.6555,0.0,1.3439090818807773
2021-06-06,ADA,18,0.003025504328319147,0.0,0.0,mark,1.7077,0.0,1.347981241687166
2021-06-06,ADA,18,-0.0036293818780092878,0.0,0.0,mark,1.6451,0.0,1.3430977703484699
2021-06-06,ADA,18,0.0018569207640473442,0.0,0.0,mark,1.6771,0.0,1.3455941135248002
2021-06-07,ADA,18,0.0,0.0,0.0,mark,1.6771,0.0,1.3455941135248002
2021-06-07,ADA,18,-3.1944577493055584e-05,3.194406727044006e-05,0.0,funding,1.6771,0.0,1.345551129775919
2021-06-07,ADA,18,0.0037209756457170164,0.0,0.0,mark,1.7414,0.0,1.3505672193458578
2021-06-07,ADA,18,-0.011117108698358883,0.0,0.0,mark,1.55,0.0,1.3356359667224325
2021-06-07,ADA,18,0.0009282431388345906,0.0,0.0,mark,1.5659,0.0,1.3368763372381716
2021-06-08,ADA,18,0.0,0.0,0.0,mark,1.5659,0.0,1.3368763372381716
2021-06-08,ADA,18,-3.002096430559011e-05,3.0020513680969387e-05,0.0,funding,1.5659,0.0,1.3368362035237997
2021-06-08,ADA,18,0.001789887602383338,0.0,0.0,mark,1.5966,0.0,1.3392311327585915
2021-06-08,ADA,18,-0.011518104400364163,0.0,0.0,mark,1.4,0.0,1.3238942243690126
2021-06-08,ADA,18,0.01066145697619326,0.0,0.0,mark,1.5819,0.0,1.3380843751119649
2021-06-09,ADA,18,-5.8300472761210716e-06,0.0,0.0,mark,1.5818,0.0,1.3380765740395388
2021-06-09,ADA,18,-3.0298596701899917e-05,3.0298137704163282e-05,0.0,funding,1.5818,0.0,1.33803603281124
2021-06-09,ADA,18,-0.005794524626175648,0.0,0.0,mark,1.4827,0.0,1.3303051700370423
2021-06-09,ADA,18,0.008891412482408193,0.0,0.0,mark,1.635,0.0,1.342186203341889
2021-06-09,ADA,18,-0.00041275231079051155,0.0,0.0,mark,1.6279,0.0,1.3416323271996407
2021-06-10,ADA,18,1.7443686086793263e-05,0.0,0.0,mark,1.6282,0.0,1.3416557304169188
2021-06-10,ADA,18,-3.110417925003081e-05,3.1103695520060006e-05,0.0,funding,1.6282,0.0,1.3416139999655872
2021-06-10,ADA,18,-0.007107493565506732,0.0,0.0,mark,1.5064,0.0,1.3321122937506802
2021-06-10,ADA,18,0.007665548272706239,0.0,0.0,mark,1.6378,0.0,1.3423629029184863
2021-06-10,ADA,18,-0.00612071398235709,0.0,0.0,mark,1.5328,0.0,1.3341717768711525
2021-06-11,ADA,18,0.0,0.0,0.0,mark,1.5328,0.0,1.3341717768711525
2021-06-11,ADA,18,-2.944594305629536e-05,2.944550952869713e-05,0.0,funding,1.5328,0.0,1.3341324915033836
2021-06-11,ADA,18,0.0008533415467231892,0.0,0.0,mark,1.5474,0.0,1.3352714480775842
2021-06-11,ADA,18,-0.007518033732396434,0.0,0.0,mark,1.4192,0.0,1.3252704732274112
2021-06-11,ADA,18,0.0010531109261782807,0.0,0.0,mark,1.4371,0.0,1.3266668651916709
2021-06-12,ADA,18,-1.7640768996489656e-05,0.0,0.0,mark,1.4368,0.0,1.3266434619743928
2021-06-12,ADA,18,-2.775833784945243e-05,2.77579525904246e-05,0.0,funding,1.4368,0.0,1.326606637068071
2021-06-12,ADA,18,0.003322820141938588,0.0,0.0,mark,1.4934,0.0,1.331022044061205
2021-06-12,ADA,18,-0.00807374791937862,0.0,0.0,mark,1.3562,0.0,1.3203189726926892
2021-06-12,ADA,18,0.007223546805283719,0.0,0.0,mark,1.4789,0.0,1.3298908885594305
2021-06-13,ADA,18,0.0,0.0,0.0,mark,1.4789,0.0,1.3298908885594305
2021-06-13,ADA,18,-2.8501933265127627e-05,2.850152708891133e-05,0.0,funding,1.4789,0.0,1.329852984638245
2021-06-13,ADA,18,0.005913126654850872,0.0,0.0,mark,1.58,0.0,1.3377398688609634
2021-06-13,ADA,18,-0.010546343182067253,0.0,0.0,mark,1.4001,0.0,1.3237057395665317
2021-06-13,ADA,18,0.00918083288376943,0.0,0.0,mark,1.5566,0.0,1.3359144179132718
2021-06-14,ADA,18,-1.7518653860816857e-05,0.0,0.0,mark,1.5563,0.0,1.3358910146959937
2021-06-14,ADA,18,-2.9858920594974998e-05,2.985847482192273e-05,0.0,funding,1.5563,0.0,1.3358511270277666
2021-06-14,ADA,18,-0.0029651585808348237,0.0,0.0,mark,1.5056,0.0,1.3318959833077684
2021-06-14,ADA,18,0.005222602259813632,0.0,0.0,mark,1.595,0.0,1.338870142056641
2021-06-14,ADA,18,-0.001055172674737771,0.0,0.0,mark,1.5769,0.0,1.3374581479475292
2021-06-15,ADA,18,0.0,0.0,0.0,mark,1.5769,0.0,1.3374581479475292
2021-06-15,ADA,18,-3.0218704761184115e-05,3.0218248180676444e-05,0.0,funding,1.5769,0.0,1.3374177323052832
2021-06-15,ADA,18,0.001981234397033006,0.0,0.0,mark,1.6109,0.0,1.340070096930134
2021-06-15,ADA,18,-0.0038962700109861836,0.0,0.0,mark,1.5441,0.0,1.3348589805495445
2021-06-15,ADA,18,0.0006484867044058687,0.0,0.0,mark,1.5552,0.0,1.335724899588834
2021-06-16,ADA,18,-1.168072555899474e-05,0.0,0.0,mark,1.555,0.0,1.335709297443982
2021-06-16,ADA,18,-2.9838037472258492e-05,2.9837592322400173e-05,0.0,funding,1.555,0.0,1.3356694430945035
2021-06-16,ADA,18,0.0011907672714085024,0.0,0.0,mark,1.5754,0.0,1.337260861869414
2021-06-16,ADA,18,-0.005932855859694988,0.0,0.0,mark,1.474,0.0,1.3293505744294174
2021-06-16,ADA,18,0.0006511729524246035,0.0,0.0,mark,1.4851,0.0,1.3302164934687069
2021-06-17,ADA,18,0.0,0.0,0.0,mark,1.4851,0.0,1.3302164934687069
2021-06-17,ADA,18,-2.861441784065963e-05,2.8614008452186665e-05,0.0,funding,1.4851,0.0,1.3301784306427196
2021-06-17,ADA,18,0.003144385036635997,0.0,0.0,mark,1.5388,0.0,1.3343676065354988
2021-06-17,ADA,18,-0.0048054686501889975,0.0,0.0,mark,1.4568,0.0,1.3279707271461525
2021-06-17,ADA,18,0.0015144558343911194,0.0,0.0,mark,1.4826,0.0,1.3299834038320688
2021-06-18,ADA,18,-5.865558384002781e-06,0.0,0.0,mark,1.4825,0.0,1.3299756027596428
2021-06-18,ADA,18,-2.8569494943703596e-05,2.856908683963157e-05,0.0,funding,1.4825,0.0,1.329937606571153
2021-06-18,ADA,18,0.0005981268893044966,0.0,0.0,mark,1.4927,0.0,1.3307333159586083
2021-06-18,ADA,18,-0.006982796921060777,0.0,0.0,mark,1.374,0.0,1.3214734429889083
2021-06-18,ADA,18,0.0024939891637706124,0.0,0.0,mark,1.4163,0.0,1.3247732966251198
2021-06-19,ADA,18,5.888592015896071e-06,0.0,0.0,mark,1.4164,0.0,1.3247810976975458
2021-06-19,ADA,18,-2.740268238772323e-05,2.7402306937734126e-05,0.0,funding,1.4164,0.0,1.3247447956392815
2021-06-19,ADA,18,0.0014534610162533455,0.0,0.0,mark,1.4411,0.0,1.3266716605285114
2021-06-19,ADA,18,-0.003398634534432217,0.0,0.0,mark,1.3834,0.0,1.3221704417386908
2021-06-19,ADA,18,2.9500573875673177e-05,0.0,0.0,mark,1.3839,0.0,1.322209447100821
2021-06-20,ADA,18,5.900010342600905e-06,0.0,0.0,mark,1.384,0.0,1.322217248173247
2021-06-20,ADA,18,-2.6827761012614812e-05,2.682740115143408e-05,0.0,funding,1.384,0.0,1.3221817765207209
2021-06-20,ADA,18,0.0044740912400283266,0.0,0.0,mark,1.46,0.0,1.3281105915645053
2021-06-20,ADA,18,-0.005327000282443135,0.0,0.0,mark,1.3695504480032334,0.0,1.321054556504216
2021-06-20,ADA,18,-0.00011727489663505298,0.00011726802020320975,0.08087449669186877,stop,1.3695504480032334,-0.07801072426032031,1.3208996390517944
2021-08-01,BTC,19,-0.0005707882270961927,0.0005706253584853436,0.3935347299898921,entry,41461.84,1.2537308590211961e-05,1.3201459002217373
2021-08-01,BTC,19,-0.00012937491283579187,0.0001293665442626933,0.0,funding,41461.84,0.0,1.319975117508703
2021-08-01,BTC,19,-0.019564738529607793,0.0,0.0,mark,39422.01,0.0,1.294401139327131
2021-08-01,BTC,19,0.030307730383948118,0.0,0.0,mark,42599.0,0.0,1.3342320433451484
2021-08-01,BTC,19,-0.02621485996562019,0.0,0.0,mark,39845.44,0.0,1.2997098119034844
2021-08-02,BTC,19,4.659023830269893e-05,0.0,0.0,mark,39850.27,0.0,1.299770367103975
2021-08-02,BTC,19,-0.00012629536089000593,0.00012628738596653257,0.0,funding,39850.27,0.0,1.2996062225019567
2021-08-02,BTC,19,0.006056726293624012,0.0,0.0,mark,40480.01,0.0,1.3075014672135568
2021-08-02,BTC,19,-0.017312972057680433,0.0,0.0,mark,38690.0,0.0,1.2850595594639915
2021-08-02,BTC,19,0.00445664163403722,0.0,0.0,mark,39147.82,0.0,1.2907993900827623
2021-08-03,BTC,19,-9.324355474734664e-06,0.0,0.0,mark,39146.86,0.0,1.2907873542665158
2021-08-03,BTC,19,-0.00012492941189362616,0.00012492160853957816,0.0,funding,39146.86,0.0,1.2906261070339382
2021-08-03,BTC,19,0.006131567144705745,0.0,0.0,mark,39780.0,0.0,1.298563978594745
2021-08-03,BTC,19,-0.020857577406408388,0.0,0.0,mark,37642.03,0.0,1.2717595889481295
2021-08-03,BTC,19,0.0055546459336766945,0.0,0.0,mark,38207.05,0.0,1.278843419047771
2021-08-04,BTC,19,-9.803631165590552e-08,0.0,0.0,mark,38207.04,0.0,1.2788432936746852
2021-08-04,BTC,19,-0.00012306884465140375,0.00012306127199187688,0.0,funding,38207.04,0.0,1.2786859175922873
2021-08-04,BTC,19,-0.006872041902595229,0.0,0.0,mark,37508.56,0.0,1.269928858288196
2021-08-04,BTC,19,0.02400660719276853,0.0,0.0,mark,39969.66,0.0,1.3007844284595667
2021-08-04,BTC,19,-0.0023784665422698034,0.0,0.0,mark,39723.18,0.0,1.2976942326382512
2021-08-05,BTC,19,-9.661219791248486e-08,0.0,0.0,mark,39723.17,0.0,1.2976941072651653
2021-08-05,BTC,19,-1.71542977814165e-05,1.7154150647187845e-05,0.011830448722198513,resize,39723.17,-3.864823374645004e-07,1.2976718464249553
2021-08-05,BTC,19,-0.00012220877355406602,0.00012220130636609374,0.0,funding,39723.17,0.0,1.2975132692300877
2021-08-05,BTC,19,0.015119895687328515,0.0,0.0,mark,41350.0,0.0,1.3172805979028448
2021-08-05,BTC,19,-0.037760307814888816,0.0,0.0,mark,37332.7,0.0,1.2684670835976823
2021-08-05,BTC,19,0.03325301110532108,0.0,0.0,mark,40862.46,0.0,1.3113565840715802
2021-08-06,BTC,19,0.0,0.0,0.0,mark,40862.46,0.0,1.3113565840715802
2021-08-06,BTC,19,-0.0005491573023742323,0.0005490065431009224,0.37862520213856715,rotation,40862.46,-1.215082625274746e-05,1.3106366407265864
2021-08-06,ETH,20,-0.0005051068604380643,0.0005049793154433698,0.34826159685749636,entry,2827.01,0.00016145836392491913,1.3099747963329573
2021-08-06,ETH,20,-0.00011448295558908936,0.00011447640266555393,0.0,funding,2827.01,0.0,1.3098248351306905
2021-08-06,ETH,20,0.014652138803090464,0.0,0.0,mark,2946.75,0.0,1.3291578596270603
2021-08-06,ETH,20,-0.027923232333870122,0.0,0.0,mark,2720.06,0.0,1.2925568631089204
2021-08-06,ETH,20,0.021198944269781635,0.0,0.0,mark,2891.58,0.0,1.3202502016893225
2021-08-07,ETH,20,-4.891762444002592e-06,0.0,0.0,mark,2891.54,0.0,1.3202437433547656
2021-08-07,ETH,20,-0.00011618548745505985,0.00011617873818274424,0.0,funding,2891.54,0.0,1.320090359102569
2021-08-07,ETH,20,0.032907979171660356,0.0,0.0,mark,3165.0730441287587,0.0,1.364254556887001
2021-08-07,ETH,20,-0.00013579580995369252,0.0001357865901200027,0.09364592422069151,partial_tp,3165.0730441287587,-4.036459098122978e-05,1.3640693094126657
2021-08-07,ETH,20,0.0005260207036392316,0.0,0.0,mark,3171.0,0.0,1.364787026861185
2021-08-07,ETH,20,-0.027480317733409185,0.0,0.0,mark,2865.5,0.0,1.3277928792268878
2021-08-07,ETH,20,0.02653137353555227,0.0,0.0,mark,3160.31,0.0,1.3634925344284168
2021-08-08,ETH,20,1.509783550662241e-05,0.0,0.0,mark,3160.48,0.0,1.3635131203698172
2021-08-08,ETH,20,-9.222031102228691e-05,9.221605886003917e-05,0.0,funding,3160.48,0.0,1.3633873825636527
2021-08-08,ETH,20,0.002617599634011774,0.0,0.0,mark,3189.99,0.0,1.3669608598032208
2021-08-08,ETH,20,-0.021576828515371634,0.0,0.0,mark,2949.03,0.0,1.3377821042747096
2021-08-08,ETH,20,0.0056702538099242675,0.0,0.0,mark,3011.85,0.0,1.345389215091032
2021-08-09,ETH,20,-9.000653942653192e-07,0.0,0.0,mark,3011.84,0.0,1.3453880041533026
2021-08-09,ETH,20,-8.906693725627613e-05,8.906297091449711e-05,0.0,funding,3011.84,0.0,1.34526817990062
2021-08-09,ETH,20,0.01555532831455783,0.0,0.0,mark,3186.0,0.0,1.366357871396493
2021-08-09,ETH,20,-0.02628936383638448,0.0,0.0,mark,2893.23,0.0,1.330905247491769
2021-08-09,ETH,20,0.024028639606640135,0.0,0.0,mark,3160.52,0.0,1.3632724020618878
2021-08-10,ETH,20,-8.882584767003889e-07,0.0,0.0,mark,3160.51,0.0,1.3632711911241584
2021-08-10,ETH,20,-9.223755297777828e-05,9.223329922553967e-05,0.0,funding,3160.51,0.0,1.363145452124462
2021-08-10,ETH,20,0.006418936975220349,0.0,0.0,mark,3233.0,0.0,1.37192353972515
2021-08-10,ETH,20,-0.016175050123721665,0.0,0.0,mark,3051.22,0.0,1.349911113679446
2021-08-10,ETH,20,0.008080187149697262,0.0,0.0,mark,3141.66,0.0,1.3608628345044733
2021-08-11,ETH,20,-4.627227461815428e-05,0.0,0.0,mark,3141.14,0.0,1.3607998657425426
2021-08-11,ETH,20,-9.183871745997172e-05,9.183450041397416e-05,0.0,funding,3141.14,0.0,1.3606748973667087
2021-08-11,ETH,20,0.011754569109244663,0.0,0.0,mark,3274.0,0.0,1.3767634160400073
2021-08-11,ETH,20,-0.013613629571100133,0.0,0.0,mark,3120.27,0.0,1.3581476703253739
2021-08-11,ETH,20,0.0035805283482376743,0.0,0.0,mark,3160.5,0.0,1.3630192728108985
2021-08-12,ETH,20,-8.884269890785225e-06,0.0,0.0,mark,3160.4,0.0,1.363007163433604
2021-08-12,ETH,20,-9.225221005672178e-05,9.224795495246899e-05,0.0,funding,3160.4,0.0,1.3628814288101918
2021-08-12,ETH,20,0.006959438220198352,0.0,0.0,mark,3239.0,0.0,1.3723993993635657
2021-08-12,ETH,20,-0.02318217523470342,0.0,0.0,mark,2979.29,0.0,1.34095013559236
2021-08-12,ETH,20,0.006002546719120084,0.0,0.0,mark,3045.96,0.0,1.349023457434516
2021-08-13,ETH,20,1.3464512834545802e-05,0.0,0.0,mark,3046.11,0.0,1.3490416215004575
2021-08-13,ETH,20,-8.983644819883507e-05,8.983241302601208e-05,0.0,funding,3046.11,0.0,1.3489204338363256
2021-08-13,ETH,20,0.024975745197623102,0.0,0.0,mark,3327.83,0.0,1.3830349715500219
2021-08-13,ETH,20,-0.026081435767761105,0.0,0.0,mark,3033.8,0.0,1.3474297694913888
2021-08-13,ETH,20,0.025598882758098167,0.0,0.0,mark,3322.32,0.0,1.382367744861102
2021-08-14,ETH,20,8.759877416932232e-07,0.0,0.0,mark,3322.33,0.0,1.3823689557988315
2021-08-14,ETH,20,-9.562080410685002e-05,9.561623258353854e-05,0.0,funding,3322.33,0.0,1.3822367788872376
2021-08-14,ETH,20,-0.010774818498455695,0.0,0.0,mark,3200.0,0.0,1.367423377643036
2021-08-14,ETH,20,0.011532333034696005,0.0,0.0,mark,3330.98,0.0,1.3832842400232004
2021-08-14,ETH,20,-0.00595470943189703,0.0,0.0,mark,3263.16,0.0,1.3750716603421593
2021-08-15,ETH,20,0.0,0.0,0.0,mark,3263.16,0.0,1.3750716603421593
2021-08-15,ETH,20,-0.00041676702216807707,0.0004166801868564992,0.2873656461079304,rotation,3263.16,-0.00012109377294368935,1.374498695225787
2021-08-15,ADA,21,-0.0003944530344107978,0.0003943752480407152,0.27198292968325183,entry,2.1875,0.1708983689020876,1.3739566269619257
2021-08-15,ADA,21,-8.93970915995058e-05,8.939309579870304e-05,0.0,funding,2.1875,0.0,1.3738338047255485
2021-08-15,ADA,21,0.0077322908456630285,0.0,0.0,mark,2.2499,0.0,1.3844978629450386
2021-08-15,ADA,21,-0.027519011591493,0.0,0.0,mark,2.03,0.0,1.3469173116234696
2021-08-15,ADA,21,0.01719594685225839,0.0,0.0,mark,2.1667,0.0,1.370279118652385
2021-08-16,ADA,21,0.0,0.0,0.0,mark,2.1667,0.0,1.370279118652385
2021-08-16,ADA,21,-0.0003919049617275276,0.000391828177009116,0.2702263289718041,rotation,2.1667,-0.1708983689020876,1.3697422046833299
2021-08-16,XRP,22,-0.0002748918095206292,0.0002748540302290013,0.1895545036062078,entry,1.2838,0.20224396609847425,1.3693657255179978
2021-08-16,XRP,22,-6.229569565452267e-05,6.229375531803015e-05,0.0,funding,1.2838,0.0,1.3692804225845516
2021-08-16,XRP,22,-0.020985409583880423,0.0,0.0,mark,1.1432,0.0,1.3408449209511062
2021-08-16,XRP,22,0.027609959722384055,0.0,0.0,mark,1.3288,0.0,1.378381401058983
2021-08-16,XRP,22,-0.021249981831476947,0.0,0.0,mark,1.1855,0.0,1.3493998407170715
2021-08-17,XRP,22,0.0,0.0,0.0,mark,1.1855,0.0,1.3493998407170715
2021-08-17,XRP,22,-5.837678521548349e-05,5.8375081324089196e-05,0.0,funding,1.1855,0.0,1.3493210693916309
2021-08-17,XRP,22,-0.015178122441882914,0.0,0.0,mark,1.085,0.0,1.328995550798734
2021-08-17,XRP,22,0.024487524389705643,0.0,0.0,mark,1.2479,0.0,1.3619410928761755
2021-08-17,XRP,22,-0.022541539864617207,0.0,0.0,mark,1.0978,0.0,1.3315842735647945
2021-08-18,XRP,22,3.037598122029741e-05,0.0,0.0,mark,1.098,0.0,1.3316247223580142
2021-08-18,XRP,22,-0.00024183356534258546,0.00024180432596295062,0.16676160411237972,rotation,1.098,-0.20224396609847425,1.3313027297395887
2021-08-18,SOL,23,-0.0002650148498220394,0.00026497973648864875,0.18274464585424052,entry,64.135,0.003793380305153891,1.3309499614930758
2021-08-18,SOL,23,-6.005702550354913e-05,6.005522211647633e-05,0.0,funding,64.135,0.0,1.3308700309975123
2021-08-18,SOL,23,0.027093723865159135,0.0,0.0,mark,73.77050700533823,0.0,1.3674211735017348
2021-08-18,SOL,23,-7.418754050268994e-05,7.41847886750641e-05,0.051161923224182136,partial_tp,73.77050700533823,-0.0009483450762884728,1.3673197316509487
2021-08-18,SOL,23,0.013905190406529263,0.0,0.0,mark,80.5,0.0,1.3864653762931645
2021-08-18,SOL,23,-0.043572210438400295,0.0,0.0,mark,59.722,0.0,1.3273512343077989
2021-08-18,SOL,23,0.027359927934005032,0.0,0.0,mark,72.663,0.0,1.3641688352045462
2021-08-19,SOL,23,-8.342214020356185e-06,0.0,0.0,mark,72.659,0.0,1.3641574550636308
2021-08-19,SOL,23,-4.978682100911188e-05,4.9785581665821213e-05,0.0,funding,72.659,0.0,1.3640895396912467
2021-08-19,SOL,23,-0.00925929348891197,0.0,0.0,mark,68.24,0.0,1.3515173290148903
2021-08-19,SOL,23,0.015034479546348857,0.0,0.0,mark,75.436,0.0,1.3719902025218058
2021-08-19,SOL,23,-0.005556215099095382,0.0,0.0,mark,72.764,0.0,1.3643882683902775
2021-08-20,SOL,23,7.506472061368233e-05,0.0,0.0,mark,72.8,0.0,1.3644906896585167
2021-08-20,SOL,23,-0.0002201224061399865,0.0002200981809807683,0.151791848952254,rotation,72.8,-0.0028450352288654185,1.3641903677397578
2021-08-20,AVAX,24,-0.00022731714903352317,0.000227291314448101,0.15675263065386275,entry,30.653,0.006976166406415929,1.3638802991179169
2021-08-20,AVAX,24,-5.1512872478712064e-05,5.151154571341913e-05,0.0,funding,30.653,0.0,1.3638100435355411
2021-08-20,AVAX,24,0.024364479170550433,0.0,0.0,mark,35.474649159862366,0.0,1.3974466704280966
2021-08-20,AVAX,24,-6.41980221888776e-05,6.4195961539857e-05,0.04427307692403931,partial_tp,35.474649159862366,-0.0017440416016039823,1.3973569599953877
2021-08-20,AVAX,24,0.01395952971202837,0.0,0.0,mark,39.229,0.0,1.4170001921520383
2021-08-20,AVAX,24,-0.0348891935046757,0.0,0.0,mark,29.943,0.0,1.3684146812145546
2021-08-20,AVAX,24,0.03461591891871606,0.0,0.0,mark,39.155,0.0,1.4166130149164822
2021-08-21,AVAX,24,-2.5854165324476443e-05,0.0,0.0,mark,39.148,0.0,1.4165763900428485
2021-08-21,AVAX,24,-4.750605996390716e-05,4.75049315688658e-05,0.0,funding,39.148,0.0,1.4165090956783775
2021-08-21,AVAX,24,0.040259651954029106,0.0,0.0,mark,50.27,0.0,1.474700787757496
2021-08-21,AVAX,24,-0.04571157691853515,0.0,0.0,mark,37.676,0.0,1.4088074079656943
2021-08-21,AVAX,24,0.02203856516501187,0.0,0.0,mark,43.676,0.0,1.440200156794566
2021-08-22,AVAX,24,6.175764857321113e-05,0.0,0.0,mark,43.693,0.0,1.4402891029162477
2021-08-22,AVAX,24,-3.7033873881079854e-05,3.703318813563596e-05,0.025540129748714453,resize,43.693,-0.0008419007750472733,1.4402357644189296
2021-08-22,AVAX,24,-4.3758807631022975e-05,4.3757850228451725e-05,0.0,funding,43.693,0.0,1.4401727427980566
2021-08-22,AVAX,24,0.004067428921741672,0.0,0.0,mark,45.03,0.0,1.446042472325852
2021-08-22,AVAX,24,-0.01373476091541261,0.0,0.0,mark,40.537,0.0,1.4263171957601193
2021-08-22,AVAX,24,0.009575875781669727,0.0,0.0,mark,43.663,0.0,1.4400410360771636
2021-08-23,AVAX,24,5.7923238773847564e-05,0.0,0.0,mark,43.682,0.0,1.4401244503337292
2021-08-23,AVAX,24,-4.375117237192406e-05,4.375021530335516e-05,0.0,funding,43.682,0.0,1.4400614445789635
2021-08-23,AVAX,24,0.029856327360304562,0.0,0.0,mark,53.623,0.0,1.483704661658854
2021-08-23,AVAX,24,-0.03006365614039968,0.0,0.0,mark,43.614,0.0,1.4397629093449393
2021-08-23,AVAX,24,0.00861357185818647,0.0,0.0,mark,46.451,0.0,1.4522179749173818
2021-08-24,AVAX,24,-0.0001330259707805767,0.0,0.0,mark,46.407,0.0,1.4520248050600721
2021-08-24,AVAX,24,-4.609960168727748e-05,4.609853911700306e-05,0.0,funding,46.407,0.0,1.4519578688377972
2021-08-24,AVAX,24,0.0373028955994794,0.0,0.0,mark,58.977,0.0,1.507142984891939
2021-08-24,AVAX,24,-0.044147639961054426,0.0,0.0,mark,44.151,0.0,1.442053523426648
2021-08-24,AVAX,24,0.03389117684640977,0.0,0.0,mark,55.474,0.0,1.4917640301156734
2021-08-25,AVAX,24,2.9429705241607387e-06,0.0,0.0,mark,55.475,0.0,1.4917684203397032
2021-08-25,AVAX,24,-3.278387735213671e-05,3.2783339966717525e-05,0.022609199977046565,resize,55.475,-0.00060798000062917,1.4917195151884277
2021-08-25,AVAX,24,-4.621263601811832e-05,4.6211568230771466e-05,0.0,funding,55.475,0.0,1.4916505804902704
2021-08-25,AVAX,24,0.005333353700819419,0.0,0.0,mark,57.584,0.0,1.4996273331477172
2021-08-25,AVAX,24,-0.030561286335505245,0.0,0.0,mark,45.65,0.0,1.454490032904014
2021-08-25,AVAX,24,0.0014499669426180793,0.0,0.0,mark,46.208,0.0,1.4566005250722716
2021-08-26,AVAX,24,7.789841962534294e-06,0.0,0.0,mark,46.211,0.0,1.456611871804359
2021-08-26,AVAX,24,-3.94230889049457e-05,3.942231182523151e-05,0.0,funding,46.211,0.0,1.4565544487969404
2021-08-26,AVAX,24,0.0058307505443779125,0.0,0.0,mark,48.463,0.0,1.4650720623505535
2021-08-26,AVAX,24,-0.01170351542788824,0.0,0.0,mark,43.95600718895571,0.0,1.4480255157016246
2021-08-26,AVAX,24,-0.00016649290163690494,0.0001664790424628937,0.11481313273303013,stop,43.95600718895571,-0.003782244029135504,1.4477844498003087
2021-08-30,AVAX,25,-0.0001590325154684482,0.00015901987046828346,0.10966887618502306,entry,47.43,0.0033476047558033267,1.4475542233046355
2021-08-30,AVAX,25,-3.60372221424844e-05,3.6036572809587304e-05,0.0,funding,47.43,0.0,1.4475020584114715
2021-08-30,AVAX,25,-0.01498218784915074,0.0,0.0,mark,41.0,0.0,1.425976959831656
2021-08-30,AVAX,25,0.01706143404136043,0.0,0.0,mark,48.33,0.0,1.4505149026916944
2021-08-30,AVAX,25,-0.01602902894203241,0.0,0.0,mark,41.44,0.0,1.4274499059242094
2021-08-31,AVAX,25,-4.690438874520878e-05,0.0,0.0,mark,41.42,0.0,1.4273829538290934
2021-08-31,AVAX,25,-3.19155046946413e-05,3.1914995400265075e-05,0.0,funding,41.42,0.0,1.4273373989086875
2021-08-31,AVAX,25,-0.0076515840432949175,0.0,0.0,mark,38.17,0.0,1.4164576834523266
2021-08-31,AVAX,25,0.014197093394750379,0.0,0.0,mark,44.22,0.0,1.4367106922249366
2021-08-31,AVAX,25,-0.011058749352147988,0.0,0.0,mark,39.5,0.0,1.420909997777545
2021-09-01,AVAX,25,2.355930585023087e-05,0.0,0.0,mark,39.51,0.0,1.420943473825103
2021-09-01,AVAX,25,-0.00013497760442965703,0.0001349684953626806,0.09308172093977972,rotation,39.51,-0.0033476047558033267,1.4207516912224454
2021-09-01,SOL,26,-0.00023192445265203936,0.00023189756025531066,0.15992935190021423,entry,108.27,0.002098641333595077,1.4204222223715224
2021-09-01,SOL,26,-5.2557092879344215e-05,5.255571177960257e-05,0.0,funding,108.27,0.0,1.4203475710705982
2021-09-01,SOL,26,0.01677648663398469,0.0,0.0,mark,119.72,0.0,1.4443770143402619
2021-09-01,SOL,26,-0.02029926469759453,0.0,0.0,mark,105.89,0.0,1.415352804696642
2021-09-01,SOL,26,0.007121528433818238,0.0,0.0,mark,110.71,0.0,1.4254682559245702
2021-09-02,SOL,26,0.0,0.0,0.0,mark,110.71,0.0,1.4254682559245702
2021-09-02,SOL,26,-0.00023636700391173242,0.00023633907143224235,0.16299246305671886,rotation,110.71,-0.002098641333595077,1.4251313620806088
2021-09-02,AVAX,27,-0.00014501924551758275,0.0001450087307351262,0.10000602119663875,entry,42.5,0.0033534521695112477,1.4249247055906626
2021-09-02,AVAX,27,-3.2861492720143456e-05,3.286095278719446e-05,0.0,funding,42.5,0.0,1.424877881207187
2021-09-02,AVAX,27,0.0128147275042982,0.0,0.0,mark,47.98,0.0,1.4432547990961087
2021-09-02,AVAX,27,-0.016351225734498126,0.0,0.0,mark,41.0,0.0,1.4198477029529202
2021-09-02,AVAX,27,0.015421379802882903,0.0,0.0,mark,47.58,0.0,1.4419134182283042
2021-09-03,AVAX,27,4.6512836879549524e-05,0.0,0.0,mark,47.6,0.0,1.4419804872716944
2021-09-03,AVAX,27,-1.4785999911247495e-05,1.4785890598808974e-05,0.010197165930213085,resize,47.6,-0.0003089099642193064,1.4419591663059639
2021-09-03,AVAX,27,-3.3019780432597e-05,3.301923528568487e-05,0.0,funding,47.6,0.0,1.4419115539169793
2021-09-03,AVAX,27,0.008536002287565965,0.0,0.0,mark,51.66,0.0,1.4542723952704646
2021-09-03,AVAX,27,-0.015209326409157582,0.0,0.0,mark,44.45,0.0,1.4323212459703096
2021-09-03,AVAX,27,0.003056189258096254,0.0,0.0,mark,45.89,0.0,1.43670538674593
2021-09-04,AVAX,27,2.1190913427186067e-05,0.0,0.0,mark,45.9,0.0,1.436735832167983
2021-09-04,AVAX,27,-0.00014104457630167186,0.00014103462998305298,0.0972652620572779,rotation,45.9,-0.0030445422052919413,1.4365332026615099
2021-09-04,SOL,28,-0.0002231567793087836,0.0002231318816868745,0.1538840563357755,entry,146.36,0.001510382319531127,1.4362126663048944
2021-09-04,SOL,28,-5.056995229375513e-05,5.056867365522512e-05,0.0,funding,146.36,0.0,1.4361400389352725
2021-09-04,SOL,28,0.004449277085859549,0.0,0.0,mark,150.6,0.0,1.4425440599700845
2021-09-04,SOL,28,-0.015691763075425608,0.0,0.0,mark,135.73,0.0,1.4200846748786566
2021-09-04,SOL,28,0.0033446964730387864,0.0,0.0,mark,138.88,0.0,1.4248423791851796
2021-09-05,SOL,28,0.0,0.0,0.0,mark,138.88,0.0,1.4248423791851796
2021-09-05,SOL,28,-4.8368353238695484e-05,4.836718350877409e-05,0.0,funding,138.88,0.0,1.4247734635723546
2021-09-05,SOL,28,0.006456238672776185,0.0,0.0,mark,144.99,0.0,1.4340018995446897
2021-09-05,SOL,28,-0.010854653332770383,0.0,0.0,mark,134.74,0.0,1.4185204807694956
2021-09-05,SOL,28,0.007700425157537618,0.0,0.0,mark,142.0,0.0,1.4294858564092916
2021-09-06,SOL,28,-2.113204928267684e-05,0.0,0.0,mark,141.98,0.0,1.4294556487629009
2021-09-06,SOL,28,-4.9288443549345825e-05,4.9287228893903313e-05,0.0,funding,141.98,0.0,1.4293851948551466
2021-09-06,SOL,28,-0.005361073392430991,0.0,0.0,mark,136.92,0.0,1.421742660318319
2021-09-06,SOL,28,0.030559389174769615,0.0,0.0,mark,166.13,0.0,1.465860927871823
2021-09-06,SOL,28,-0.0019699499412941775,0.0,0.0,mark,164.22,0.0,1.4629760976415187
2021-09-07,SOL,28,-3.0972598506361124e-05,0.0,0.0,mark,164.19,0.0,1.4629307861719327
2021-09-07,SOL,28,-5.569457983637368e-05,5.569302892205438e-05,0.0,funding,164.19,0.0,1.4628493111253476
2021-09-07,SOL,28,0.005889674713505447,0.0,0.0,mark,169.91115299841078,0.0,1.4714904394614796
2021-09-07,SOL,28,-6.322270522349791e-05,6.322070671031797e-05,0.04360048738642618,partial_tp,169.91115299841078,-0.00037759557988278176,1.4713974107959793
2021-09-07,SOL,28,0.019493484669718647,0.0,0.0,mark,195.48,0.0,1.500361461627477
2021-09-07,SOL,28,-0.05228375546772455,0.0,0.0,mark,128.01,0.0,1.423932340303403
2021-09-07,SOL,28,0.03551870094600325,0.0,0.0,mark,173.46,0.0,1.4754174976204204
2021-09-08,SOL,28,2.303294550502936e-05,0.0,0.0,mark,173.49,0.0,1.4754514812226098
2021-09-08,SOL,28,-4.3762104118807094e-05,4.376114657187698e-05,0.0,funding,173.49,0.0,1.4753869137740803
2021-09-08,SOL,28,-0.02094036861894182,0.0,0.0,mark,146.5,0.0,1.4448129996709713
2021-09-08,SOL,28,0.03958401404849031,0.0,0.0,mark,198.0,0.0,1.503151516762861
2021-09-08,SOL,28,-0.0052740660609939495,0.0,0.0,mark,191.02,0.0,1.4952446653201157
2021-09-09,SOL,28,0.0,0.0,0.0,mark,191.02,0.0,1.4952446653201157
2021-09-09,SOL,28,-4.754622941880613e-05,4.754509911484896e-05,0.0,funding,191.02,0.0,1.4951735737643022
2021-09-09,SOL,28,0.01874870978422699,0.0,0.0,mark,216.0,0.0,1.5234705865207179
2021-09-09,SOL,28,-0.026598166776289605,0.0,0.0,mark,180.7,0.0,1.4834832146111312
2021-09-09,SOL,28,0.005482856571254624,0.0,0.0,mark,187.9,0.0,1.4916392791365993
2021-09-10,SOL,28,-7.594269317302852e-06,0.0,0.0,mark,187.89,0.0,1.4916279512692028
2021-09-10,SOL,28,-4.688052984390512e-05,4.687943096896571e-05,0.0,funding,187.89,0.0,1.4915580245996298
2021-09-10,SOL,28,0.007204098839163076,0.0,0.0,mark,197.41,0.0,1.502342154361082
2021-09-10,SOL,28,-0.02256393035650262,0.0,0.0,mark,167.82,0.0,1.4688229947348874
2021-09-10,SOL,28,0.00904396000398533,0.0,0.0,mark,179.6,0.0,1.482167222527945
2021-09-11,SOL,28,0.0,0.0,0.0,mark,179.6,0.0,1.482167222527945
2021-09-11,SOL,28,-4.50980847480609e-05,4.509706784478053e-05,0.0,funding,179.6,0.0,1.4821003811321534
2021-09-11,SOL,28,0.010575458664551432,0.0,0.0,mark,193.51,0.0,1.4978574446806618
2021-09-11,SOL,28,-0.013990112380524217,0.0,0.0,mark,175.14,0.0,1.4770481522733216
2021-09-11,SOL,28,0.002986547510199995,0.0,0.0,mark,179.04,0.0,1.4814660205579502
2021-09-12,SOL,28,7.646361057889364e-06,0.0,0.0,mark,179.05,0.0,1.4814773484253467
2021-09-12,SOL,28,-4.498091185338524e-05,4.497990022734515e-05,0.0,funding,179.05,0.0,1.4814107117220254
2021-09-12,SOL,28,0.002062474095540332,0.0,0.0,mark,181.75,0.0,1.4844692359190759
2021-09-12,SOL,28,-0.008891278835333529,0.0,0.0,mark,170.15,0.0,1.471328909739155
2021-09-12,SOL,28,0.003182346818616388,0.0,0.0,mark,174.29,0.0,1.4760186468412992
2021-09-13,SOL,28,1.5349102105911323e-05,0.0,0.0,mark,174.31,0.0,1.4760413025760921
2021-09-13,SOL,28,-4.395137989189416e-05,4.395041404412488e-05,0.0,funding,174.31,0.0,1.4759764299496976
2021-09-13,SOL,28,0.0005294230640652084,0.0,0.0,mark,175.0,0.0,1.476758052800055
2021-09-13,SOL,28,-0.017033532773214084,0.0,0.0,mark,152.98227783011964,0.0,1.451816669088753
2021-09-13,SOL,28,-0.00017309442874862015,0.00017307944877234264,0.11936513708437423,stop,152.98227783011964,-0.0011327867396483454,1.4515653894599487
2021-09-18,AVAX,29,-0.00018060719682250762,0.00018059088832447315,0.12454544022377459,entry,70.15,0.002577132579385376,1.451303249976805
2021-09-18,AVAX,29,-4.092664809838203e-05,4.092581061453932e-05,0.0,funding,70.15,0.0,1.4512438542148522
2021-09-18,AVAX,29,0.009614040171238273,0.0,0.0,mark,75.59,0.0,1.4652634554467088
2021-09-18,AVAX,29,-0.014937856882889882,0.0,0.0,mark,67.16,0.0,1.44353822780249
2021-09-18,AVAX,29,0.003315135961628657,0.0,0.0,mark,69.02,0.0,1.4483316944001468
2021-09-19,AVAX,29,0.0,0.0,0.0,mark,69.02,0.0,1.4483316944001468
2021-09-19,AVAX,29,-4.034999310473335e-05,4.0349179054668285e-05,0.0,funding,69.02,0.0,1.4482732554052788
2021-09-19,AVAX,29,0.01281851683240052,0.0,0.0,mark,76.27,0.0,1.4669574666058227
2021-09-19,AVAX,29,-0.01745582746606716,0.0,0.0,mark,66.42,0.0,1.4415727106988767
2021-09-19,AVAX,29,0.006503991782747859,0.0,0.0,mark,70.07,0.0,1.4509792446136334
2021-09-20,AVAX,29,-1.7761490909560464e-05,0.0,0.0,mark,70.06,0.0,1.4509534732878395
2021-09-20,AVAX,29,-4.0883993163957035e-05,4.088315742490345e-05,0.0,funding,70.06,0.0,1.4508941537285749
2021-09-20,AVAX,29,0.0006924927897920274,0.0,0.0,mark,70.45,0.0,1.4518992354345353
2021-09-20,AVAX,29,-0.027806925523371873,0.0,0.0,mark,55.0,0.0,1.4120825370830312
2021-09-20,AVAX,29,0.004243369380047964,0.0,0.0,mark,57.33,0.0,1.4180872559929991
2021-09-21,AVAX,29,1.817313533606934e-05,0.0,0.0,mark,57.34,0.0,1.418113027318793
2021-09-21,AVAX,29,-3.423592441134324e-05,3.4235338368717614e-05,0.0,funding,57.34,0.0,1.4180644777394575
2021-09-21,AVAX,29,-0.008743261913948641,0.0,0.0,mark,52.55,0.0,1.4057200126842015
2021-09-21,AVAX,29,0.02478834555777635,0.0,0.0,mark,66.24,0.0,1.4410009576959872
2021-09-21,AVAX,29,-0.013069047285211643,0.0,0.0,mark,58.98,0.0,1.4222909751696493
2021-09-22,AVAX,29,3.6238518403336054e-05,0.0,0.0,mark,59.0,0.0,1.422342517821237
2021-09-22,AVAX,29,-3.512232267026159e-05,3.512170588874839e-05,0.0,funding,59.0,0.0,1.422292562725653
2021-09-22,AVAX,29,0.02803297961576711,0.0,0.0,mark,74.69,0.0,1.4627277728962096
2021-09-22,AVAX,29,-0.0303549779814989,0.0,0.0,mark,57.72,0.0,1.4189938330240397
2021-09-22,AVAX,29,0.029262023050496345,0.0,0.0,mark,74.07,0.0,1.4611299506969906
2021-09-23,AVAX,29,-5.2915226948858236e-05,0.0,0.0,mark,74.04,0.0,1.461052636719609
2021-09-23,AVAX,29,-4.2907938322058996e-05,4.2907017789563884e-05,0.0,funding,74.04,0.0,1.4609899473081338
2021-09-23,AVAX,29,-0.0022604258017940378,0.0,0.0,mark,72.76,0.0,1.4576912176065204
2021-09-23,AVAX,29,0.012369583976526372,0.0,0.0,mark,79.8,0.0,1.4758342309653933
2021-09-23,AVAX,29,-0.005884582467893456,0.0,0.0,mark,76.44,0.0,1.4671750654986584
2021-09-24,AVAX,29,-1.756542401976672e-05,0.0,0.0,mark,76.43,0.0,1.4671492941728645
2021-09-24,AVAX,29,-3.289733614169721e-05,3.289679503023449e-05,0.022687444848437575,resize,76.43,-0.0004355078986781496,1.4671010296632554
2021-09-24,AVAX,29,-3.6656093702757626e-05,3.6655421876312795e-05,0.0,funding,76.43,0.0,1.4670472524560778
2021-09-24,AVAX,29,0.0035410851544678476,0.0,0.0,mark,78.86,0.0,1.4722514004301963
2021-09-24,AVAX,29,-0.01800988238533565,0.0,0.0,mark,66.59,0.0,1.4459736655979187
2021-09-24,AVAX,29,0.008436179801785407,0.0,0.0,mark,72.31,0.0,1.458223758771564
2021-09-25,AVAX,29,-1.4686637729593946e-05,0.0,0.0,mark,72.3,0.0,1.458202342524757
2021-09-25,AVAX,29,-3.48869068686553e-05,3.488629832763166e-05,0.0,funding,72.3,0.0,1.4581514712428136
2021-09-25,AVAX,29,0.00044052069539491674,0.0,0.0,mark,72.6,0.0,1.4587939586470258
2021-09-25,AVAX,29,-0.007515372364670816,0.0,0.0,mark,67.5,0.0,1.4478716727754188
2021-09-25,AVAX,29,0.0011530748066817345,0.0,0.0,mark,68.28,0.0,1.4495421400263704
2021-09-26,AVAX,29,0.0,0.0,0.0,mark,68.28,0.0,1.4495421400263704
2021-09-26,AVAX,29,-3.314394875105041e-05,3.314339949632761e-05,0.0,funding,68.28,0.0,1.4494940972721366
2021-09-26,AVAX,29,0.004658028313230339,0.0,0.0,mark,71.44,0.0,1.4562616312631715
2021-09-26,AVAX,29,-0.014591665779560508,0.0,0.0,mark,61.59,0.0,1.4351666281582054
2021-09-26,AVAX,29,0.007700122995758394,0.0,0.0,mark,66.77,0.0,1.446260244004269
2021-09-27,AVAX,29,0.0,0.0,0.0,mark,66.77,0.0,1.446260244004269
2021-09-27,AVAX,29,-3.248451347029821e-05,3.248398585429743e-05,0.0,funding,66.77,0.0,1.4462132637069611
2021-09-27,AVAX,29,0.008728427261668767,0.0,0.0,mark,72.69,0.0,1.4588916818167479
2021-09-27,AVAX,29,-0.010892808612988334,0.0,0.0,mark,65.31,0.0,1.4430864916731285
2021-09-27,AVAX,29,0.0015125950550084002,0.0,0.0,mark,66.33,0.0,1.4452709488474498
2021-09-28,AVAX,29,1.4818043738466893e-05,0.0,0.0,mark,66.34,0.0,1.4452923650942568
2021-09-28,AVAX,29,-3.22969236218225e-05,3.2296402081819605e-05,0.0,funding,66.34,0.0,1.445245687350908
2021-09-28,AVAX,29,-0.007780217306256299,0.0,0.0,mark,61.11,0.0,1.4340449902708092
2021-09-28,AVAX,29,0.012363406316953672,0.0,0.0,mark,69.44,0.0,1.4518847238611003
2021-09-28,AVAX,29,-0.01176621856263269,0.0,0.0,mark,61.51,0.0,1.434901640143092
2021-09-29,AVAX,29,0.0,0.0,0.0,mark,61.51,0.0,1.434901640143092
2021-09-29,AVAX,29,-3.0162305142028765e-05,3.0161850264347148e-05,0.0,funding,61.51,0.0,1.434858360854678
2021-09-29,AVAX,29,0.011855074020330298,0.0,0.0,mark,69.5,0.0,1.4519699420535288
2021-09-29,AVAX,29,-0.012228285830606367,0.0,0.0,mark,61.26,0.0,1.4343229546845013
2021-09-29,AVAX,29,0.0062515468663155525,0.0,0.0,mark,65.46,0.0,1.4433177783434716
2021-09-30,AVAX,29,0.0,0.0,0.0,mark,65.46,0.0,1.4433177783434716
2021-09-30,AVAX,29,-3.1912097780078e-05,3.191158859455693e-05,0.0,funding,65.46,0.0,1.443271719780318
2021-09-30,AVAX,29,-0.0017524989372344642,0.0,0.0,mark,64.28,0.0,1.4407446026570834
2021-09-30,AVAX,29,0.0068587841495913555,0.0,0.0,mark,68.91,0.0,1.4506603249287577
2021-09-30,AVAX,29,-0.003371665008331326,0.0,0.0,mark,66.63,0.0,1.4457774206567453
2021-10-01,AVAX,29,1.4812852852379984e-05,0.0,0.0,mark,66.64,0.0,1.4457988369035524
2021-10-01,AVAX,29,-3.243161265150232e-05,3.2431086752518535e-05,0.0,funding,66.64,0.0,1.4457519480760461
2021-10-01,AVAX,29,-0.005227896357579995,0.0,0.0,mark,63.12,0.0,1.4382134291999566
2021-10-01,AVAX,29,0.009573528131607424,0.0,0.0,mark,69.58,0.0,1.4520483246373252
2021-10-01,AVAX,29,-0.0028210325404756146,0.0,0.0,mark,67.67,0.0,1.4479578214971744
2021-10-02,AVAX,29,-1.4790765912378554e-05,0.0,0.0,mark,67.66,0.0,1.4479364052503674
2021-10-02,AVAX,29,-3.28794110779425e-05,3.287887055604376e-05,0.0,funding,67.66,0.0,1.4478887987367257
2021-10-02,AVAX,29,0.008469068911591274,0.0,0.0,mark,73.41,0.0,1.4602031406507923
2021-10-02,AVAX,29,-0.011224053660689681,0.0,0.0,mark,65.8,0.0,1.4439053768306103
2021-10-02,AVAX,29,0.004853155398765422,0.0,0.0,mark,69.08,0.0,1.45092990578333
2021-10-03,AVAX,29,1.4760250421072375e-05,0.0,0.0,mark,69.09,0.0,1.450951322030137
2021-10-03,AVAX,29,-3.350456703725448e-05,3.3504005765492965e-05,0.0,funding,69.09,0.0,1.4509027093486784
2021-10-03,AVAX,29,-0.002275725448533293,0.0,0.0,mark,67.55,0.0,1.4476046073403892
2021-10-03,AVAX,29,0.005988504824779543,0.0,0.0,mark,71.61,0.0,1.4562996035440605
2021-10-03,AVAX,29,-0.004303379187169869,0.0,0.0,mark,68.69,0.0,1.4500460594763953
2021-10-04,AVAX,29,0.0,0.0,0.0,mark,68.69,0.0,1.4500460594763953
2021-10-04,AVAX,29,-3.333138356360782e-05,3.333082807931244e-05,0.0,funding,68.69,0.0,1.44999772824048
2021-10-04,AVAX,29,0.00010338359540392131,0.0,0.0,mark,68.76,0.0,1.4501476419681294
2021-10-04,AVAX,29,-0.008096189489627882,0.0,0.0,mark,63.3,0.0,1.438454371211468
2021-10-04,AVAX,29,0.0029584060445069487,0.0,0.0,mark,65.29,0.0,1.4427162043260753
2021-10-05,AVAX,29,-4.453417163502641e-05,0.0,0.0,mark,65.26,0.0,1.442651955585654
2021-10-05,AVAX,29,-0.00014048416401169124,0.00014047429657350265,0.09687882522310527,rotation,65.26,-0.0021416246807072262,1.4424493000669927
2021-10-05,SOL,30,-0.00023170433009671404,0.00023167748872154995,0.15977757842865514,entry,167.13,0.0013789927372154169,1.442115117035545
2021-10-05,SOL,30,-5.250720316059083e-05,5.250582468164003e-05,0.0,funding,167.13,0.0,1.4420393975920394
2021-10-05,SOL,30,0.0029124073453682467,0.0,0.0,mark,170.18,0.0,1.4462453254405463
2021-10-05,SOL,30,-0.010062188619210488,0.0,0.0,mark,159.68,0.0,1.4317659016997843
2021-10-05,SOL,30,0.004746634442965062,0.0,0.0,mark,164.62,0.0,1.4385781258216286
2021-10-06,SOL,30,1.9171423419757162e-05,0.0,0.0,mark,164.64,0.0,1.4386057056763728
2021-10-06,SOL,30,-5.1851083806505344e-05,5.184973956227442e-05,0.0,funding,164.64,0.0,1.4385311143452006
2021-10-06,SOL,30,0.000747437714083244,0.0,0.0,mark,165.42,0.0,1.4396067286802288
2021-10-06,SOL,30,-0.01478370068745052,0.0,0.0,mark,150.1,0.0,1.4184805599460886
2021-10-06,SOL,30,0.0036583503808610518,0.0,0.0,mark,153.87,0.0,1.4236793625653907
2021-10-07,SOL,30,2.905793407335947e-05,0.0,0.0,mark,153.9,0.0,1.4237207323475072
2021-10-07,SOL,30,-4.8975338418149174e-05,4.897413914591334e-05,0.0,funding,153.9,0.0,1.4236510068502564
2021-10-07,SOL,30,0.007257705405983265,0.0,0.0,mark,161.42,0.0,1.4340210322341163
2021-10-07,SOL,30,-0.010711991545946783,0.0,0.0,mark,150.34,0.0,1.4187417927057695
2021-10-07,SOL,30,0.0038029325761160682,0.0,0.0,mark,154.26,0.0,1.4241474442356539
2021-10-08,SOL,30,0.0,0.0,0.0,mark,154.26,0.0,1.4241474442356539
2021-10-08,SOL,30,-4.907519444308428e-05,4.907399027548209e-05,0.0,funding,154.26,0.0,1.4240775556378247
2021-10-08,SOL,30,0.014143799875939042,0.0,0.0,mark,168.97,0.0,1.4443625388022634
2021-10-08,SOL,30,-0.015956239091532255,0.0,0.0,mark,152.39,0.0,1.4214988392192318
2021-10-08,SOL,30,0.006256916648167466,0.0,0.0,mark,158.86,0.0,1.4304209222290156
2021-10-09,SOL,30,1.9280750467539015e-05,0.0,0.0,mark,158.88,0.0,1.4304485020837598
2021-10-09,SOL,30,-5.032235202697551e-05,5.0321085878610614e-05,0.0,funding,158.88,0.0,1.4303765203618415
2021-10-09,SOL,30,0.0025611615606799865,0.0,0.0,mark,161.54,0.0,1.4340446410428345
2021-10-09,SOL,30,-0.007102619078205112,0.0,0.0,mark,154.18,0.0,1.423895254496929
2021-10-09,SOL,30,0.0025728044350297507,0.0,0.0,mark,156.84,0.0,1.427563375177922
2021-10-10,SOL,30,-3.863980831601052e-05,0.0,0.0,mark,156.8,0.0,1.4275082154684333
2021-10-10,SOL,30,-4.976582966898642e-05,4.976459137067533e-05,0.0,funding,156.8,0.0,1.4274371761054123
2021-10-10,SOL,30,0.0016409582008220808,0.0,0.0,mark,158.5,0.0,1.4297814637586785
2021-10-10,SOL,30,-0.012568645381100344,0.0,0.0,mark,145.55,0.0,1.411923507811739
2021-10-10,SOL,30,0.0019514480081897843,0.0,0.0,mark,147.55,0.0,1.4146814932861698
2021-10-11,SOL,30,9.747678348829679e-06,0.0,0.0,mark,147.56,0.0,1.414695283213542
2021-10-11,SOL,30,-0.00020858401111579594,0.00020856225898333489,0.14383604067816197,rotation,147.56,-0.0013789927372154169,1.4144002311695019
2021-10-11,AVAX,31,-0.00023333124743614924,0.00023330402781773324,0.1608993295294712,entry,56.5,0.00402789467046906,1.4140702458986236
2021-10-11,AVAX,31,-5.28759364706427e-05,5.287453856297055e-05,0.0,funding,56.5,0.0,1.4139954775868762
2021-10-11,AVAX,31,0.007746570888000722,0.0,0.0,mark,59.23,0.0,1.4249916300372567
2021-10-11,AVAX,31,-0.015582329522226834,0.0,0.0,mark,53.76,0.0,1.402959046189791
2021-10-11,AVAX,31,0.004411593770037643,0.0,0.0,mark,55.3,0.0,1.4091620039823134
2021-10-12,AVAX,31,0.0,0.0,0.0,mark,55.3,0.0,1.4091620039823134
2021-10-12,AVAX,31,-0.00022922400097541727,0.00022919773116137422,0.15806740080094772,rotation,55.3,-0.00402789467046906,1.408839027248162
2021-10-12,SOL,32,-0.0002884777616631471,0.00028843615595444455,0.19892148686513417,entry,144.79,0.0019355504803773304,1.4084326671347838
2021-10-12,SOL,32,-6.537507474944125e-05,6.537293784583917e-05,0.0,funding,144.79,0.0,1.4083405937535751
2021-10-12,SOL,32,0.011899492938965993,0.0,0.0,mark,153.5,0.0,1.4251992384376617
2021-10-12,SOL,32,-0.021816323249825634,0.0,0.0,mark,137.61,0.0,1.394443341304466
2021-10-12,SOL,32,0.02021249023361364,0.0,0.0,mark,152.32,0.0,1.4229152888708163
2021-10-13,SOL,32,4.080729900427791e-05,0.0,0.0,mark,152.35,0.0,1.4229733553852277
2021-10-13,SOL,32,-6.808571441964635e-05,6.808339663996063e-05,0.0,funding,152.35,0.0,1.4228764745258649
2021-10-13,SOL,32,0.004357083308329689,0.0,0.0,mark,155.56,0.0,1.429089591567876
2021-10-13,SOL,32,-0.015395469606973456,0.0,0.0,mark,144.28,0.0,1.4072565821492198
2021-10-13,SOL,32,0.005158203687321613,0.0,0.0,mark,148.04,0.0,1.4145342519554385
2021-10-14,SOL,32,1.3683212233701402e-05,0.0,0.0,mark,148.05,0.0,1.4145536074602423
2021-10-14,SOL,32,-6.65578029801094e-05,6.655558805876994e-05,0.0,funding,148.05,0.0,1.4144594610130572
2021-10-14,SOL,32,0.010346155790646367,0.0,0.0,mark,155.65,0.0,1.4291696446639248
2021-10-14,SOL,32,-0.01141408010956044,0.0,0.0,mark,147.27,0.0,1.4129497316383628
2021-10-14,SOL,32,0.0037600510770135855,0.0,0.0,mark,150.02,0.0,1.4182724954594004
2021-10-15,SOL,32,-1.3647332893800463e-05,0.0,0.0,mark,150.01,0.0,1.4182531399545966
2021-10-15,SOL,32,-6.726305478582109e-05,6.726079267723051e-05,0.0,funding,150.01,0.0,1.4181577471241862
2021-10-15,SOL,32,0.021254997080202058,0.0,0.0,mark,165.75,0.0,1.4486233116853253
2021-10-15,SOL,32,-0.025810255089821002,0.0,0.0,mark,146.68,0.0,1.4117123640245297
2021-10-15,SOL,32,0.022370489262496348,0.0,0.0,mark,163.18,0.0,1.4436489469507556
2021-10-16,SOL,32,-4.022285496922362e-05,0.0,0.0,mark,163.15,0.0,1.4435908804363442
2021-10-16,SOL,32,-7.187106472629678e-05,7.186848206322088e-05,0.0,funding,163.15,0.0,1.443487131751047
2021-10-16,SOL,32,0.0022100166349533854,0.0,0.0,mark,164.8,0.0,1.4466807900436696
2021-10-16,SOL,32,-0.011356327169988044,0.0,0.0,mark,156.36,0.0,1.430344743989285
2021-10-16,SOL,32,0.0015955090755676636,0.0,0.0,mark,157.54,0.0,1.43262869355613
2021-10-17,SOL,32,0.0,0.0,0.0,mark,157.54,0.0,1.43262869355613
2021-10-17,SOL,32,-7.486702534375018e-05,7.486422287792635e-05,0.05163049853650093,resize,157.54,0.0004695146227370764,1.4325214409223144
2021-10-17,SOL,32,-8.690133311009937e-05,8.689755729867928e-05,0.0,funding,157.54,0.0,1.4323969583083203
2021-10-17,SOL,32,0.01683271988897446,0.0,0.0,mark,167.65,0.0,1.456712166500807
2021-10-17,SOL,32,-0.02426487746869948,0.0,0.0,mark,153.13,0.0,1.4217906212035858
2021-10-17,SOL,32,0.011754748887528258,0.0,0.0,mark,160.12,0.0,1.4386020262743555
2021-10-18,SOL,32,-1.67182108980664e-05,0.0,0.0,mark,160.11,0.0,1.4385779756233243
2021-10-18,SOL,32,-8.794719774730362e-05,8.794333050584591e-05,0.0,funding,160.11,0.0,1.4384514622849556
2021-10-18,SOL,32,0.0047871121128562465,0.0,0.0,mark,162.98,0.0,1.445353999130894
2021-10-18,SOL,32,-0.013519435051685569,0.0,0.0,mark,154.91,0.0,1.4259451237487606
2021-10-18,SOL,32,0.003720558509537952,0.0,0.0,mark,157.12,0.0,1.4312603176266434
2021-10-19,SOL,32,0.0,0.0,0.0,mark,157.12,0.0,1.4312603176266434
2021-10-19,SOL,32,-8.67460153690838e-05,8.674225304238586e-05,0.0,funding,157.12,0.0,1.4311361668820024
2021-10-19,SOL,32,0.00390798525285783,0.0,0.0,mark,159.45,0.0,1.4367399685722588
2021-10-19,SOL,32,-0.010754313640650128,0.0,0.0,mark,153.06,0.0,1.4213716025633578
2021-10-19,SOL,32,0.004591880851488923,0.0,0.0,mark,155.78,0.0,1.427913379643829
2021-10-20,SOL,32,-1.6843356131717396e-05,0.0,0.0,mark,155.77,0.0,1.4278893289927979
2021-10-20,SOL,32,-8.620368851131993e-05,8.619997308015379e-05,0.0,funding,155.77,0.0,1.4277662449710773
2021-10-20,SOL,32,0.0338178190487946,0.0,0.0,mark,176.18926052343375,0.0,1.4768758958873893
2021-10-20,SOL,32,-0.00010401425537563886,0.00010400884608047201,0.0717302386761876,partial_tp,176.18926052343375,-0.0006012662757786017,1.476722287729654
2021-10-20,SOL,32,0.0008311697105839842,0.0,0.0,mark,176.87,0.0,1.4779502047992055
2021-10-20,SOL,32,-0.027054445335975657,0.0,0.0,mark,155.0,0.0,1.4385011244453714
2021-10-20,SOL,32,0.026871357574974667,0.0,0.0,mark,176.72,0.0,1.4776796349751051
2021-10-21,SOL,32,0.0,0.0,0.0,mark,176.72,0.0,1.4776796349751051
2021-10-21,SOL,32,-7.087611873123402e-05,7.087360707850632e-05,0.0,funding,176.72,0.0,1.477574906489268
2021-10-21,SOL,32,0.021126750837586212,0.0,0.0,mark,194.21,0.0,1.5091233479793713
2021-10-21,SOL,32,-0.02115116680242493,0.0,0.0,mark,176.7,0.0,1.4775388305127213
2021-10-21,SOL,32,0.01670688101110226,0.0,0.0,mark,190.5,0.0,1.5024312543299554
2021-10-22,SOL,32,-4.8024617056116205e-05,0.0,0.0,mark,190.46,0.0,1.5023591023768619
2021-10-22,SOL,32,-7.513208889943771e-05,7.512926655476617e-05,0.0,funding,190.46,0.0,1.5022462312393985
2021-10-22,SOL,32,0.029156874158650113,0.0,0.0,mark,215.1,0.0,1.5466918343449527
2021-10-22,SOL,32,-0.032163224872497696,0.0,0.0,mark,187.96,0.0,1.497736734171059
2021-10-22,SOL,32,0.009982244431291082,0.0,0.0,mark,196.29,0.0,1.5127623784027662
2021-10-23,SOL,32,0.0,0.0,0.0,mark,196.29,0.0,1.5127623784027662
2021-10-23,SOL,32,-7.689945817311221e-05,7.689650148553468e-05,0.0,funding,196.29,0.0,1.512646052268288
2021-10-23,SOL,32,0.011253072818725554,0.0,0.0,mark,205.78,0.0,1.529764103139705
2021-10-23,SOL,32,-0.0165497580063587,0.0,0.0,mark,191.86,0.0,1.5046552234631905
2021-10-23,SOL,32,0.007036190879432102,0.0,0.0,mark,197.75,0.0,1.5152795985561984
2021-10-24,SOL,32,0.0,0.0,0.0,mark,197.75,0.0,1.5152795985561984
2021-10-24,SOL,32,-7.73427540453958e-05,7.733976317179286e-05,0.0,funding,197.75,0.0,1.5151624071909071
2021-10-24,SOL,32,0.008428822984920049,0.0,0.0,mark,204.86,0.0,1.5279874168532648
2021-10-24,SOL,32,-0.02345814791097213,0.0,0.0,mark,185.22,0.0,1.4925608078843895
2021-10-24,SOL,32,0.020242004426813405,0.0,0.0,mark,202.14,0.0,1.5230810840429112
2021-10-25,SOL,32,1.184302113038218e-05,0.0,0.0,mark,202.15,0.0,1.5230991220311847
2021-10-25,SOL,32,-7.865779718222122e-05,7.86547037387476e-05,0.0,funding,202.15,0.0,1.5229793231209765
2021-10-25,SOL,32,-0.004927330650404542,0.0,0.0,mark,198.0,0.0,1.5154935579875328
2021-10-25,SOL,32,0.02460645519066533,0.0,0.0,mark,218.93,0.0,1.5532470674436711
2021-10-25,SOL,32,-0.01077673729400202,0.0,0.0,mark,209.7,0.0,1.5365980042673617
2021-10-26,SOL,32,3.521611497191181e-05,0.0,0.0,mark,209.73,0.0,1.5366521182321817
2021-10-26,SOL,32,-8.088755050099418e-05,8.088427919131057e-05,0.0,funding,209.73,0.0,1.5365278272332308
2021-10-26,SOL,32,0.005233812857211024,0.0,0.0,mark,214.2,0.0,1.544590807991422
2021-10-26,SOL,32,-0.021053935452239384,0.0,0.0,mark,196.36,0.0,1.5124110369117512
2021-10-26,SOL,32,0.004153759996608325,0.0,0.0,mark,199.85,0.0,1.518706294819153
2021-10-27,SOL,32,2.3754130864357223e-05,0.0,0.0,mark,199.87,0.0,1.5187423707956997
2021-10-27,SOL,32,-7.79937066803411e-05,7.79906652502976e-05,0.0,funding,199.87,0.0,1.5186239230678575
2021-10-27,SOL,32,0.006653170605603224,0.0,0.0,mark,205.49,0.0,1.5287612724774848
2021-10-27,SOL,32,-0.03426685489206909,0.0,0.0,mark,176.94,0.0,1.4772628159570476
2021-10-27,SOL,32,0.009176627063563106,0.0,0.0,mark,184.49,0.0,1.490881497103433
2021-10-28,SOL,32,-4.8396669490446285e-05,0.0,0.0,mark,184.45,0.0,1.4908093451503395
2021-10-28,SOL,32,-7.33249198600257e-05,7.332223165378714e-05,0.0,funding,184.45,0.0,1.4907000356821827
2021-10-28,SOL,32,0.020278874771235196,0.0,0.0,mark,201.38,0.0,1.5212383498289779
2021-10-28,SOL,32,-0.023684866194467732,0.0,0.0,mark,181.64,0.0,1.485631360977369
2021-10-28,SOL,32,0.016592743842772085,0.0,0.0,mark,195.42,0.0,1.5104877088180564
2021-10-29,SOL,32,-5.971093543495935e-05,0.0,0.0,mark,195.37,0.0,1.5103975188766896
2021-10-29,SOL,32,-7.665886428408128e-05,7.665592606844626e-05,0.0,funding,195.37,0.0,1.5102817379561486
2021-10-29,SOL,32,-0.0010994023650627944,0.0,0.0,mark,194.45,0.0,1.5086222430349996
2021-10-29,SOL,32,0.012795048163724825,0.0,0.0,mark,205.22,0.0,1.5280491564054062
2021-10-29,SOL,32,-0.005694187209663882,0.0,0.0,mark,200.41,0.0,1.5193728840459209
2021-10-30,SOL,32,-5.936174013390881e-05,0.0,0.0,mark,200.36,0.0,1.519282694104554
2021-10-30,SOL,32,-7.815711596106844e-05,7.815406177325109e-05,0.0,funding,200.36,0.0,1.519163955991028
2021-10-30,SOL,32,-0.015628449159809002,0.0,0.0,mark,187.3,0.0,1.4956063433060223
2021-10-30,SOL,32,0.015937115855421582,0.0,0.0,mark,200.62,0.0,1.519632943686135
2021-10-30,SOL,32,-0.005857141883325534,0.0,0.0,mark,195.7,0.0,1.510758253455643
2021-10-31,SOL,32,-1.1939763305531299e-05,0.0,0.0,mark,195.69,0.0,1.5107402154673697
2021-10-31,SOL,32,-7.676701155994016e-05,7.676406504834198e-05,0.0,funding,195.69,0.0,1.5106242449071985
2021-10-31,SOL,32,0.011055501483775423,0.0,0.0,mark,205.0,0.0,1.527417611989695
2021-10-31,SOL,32,-0.023527453702232682,0.0,0.0,mark,185.31,0.0,1.4919008130794529
2021-10-31,SOL,32,0.020558875549972027,0.0,0.0,mark,202.49,0.0,1.522890076933082
2021-11-01,SOL,32,4.737718435604029e-05,0.0,0.0,mark,202.53,0.0,1.5229622288861755
2021-11-01,SOL,32,-7.881274713817043e-05,7.880964149510081e-05,0.0,funding,202.53,0.0,1.5228422047789063
2021-11-01,SOL,32,0.010756380611336613,0.0,0.0,mark,211.66,0.0,1.5393108880724822
2021-11-01,SOL,32,-0.016493919225977025,0.0,0.0,mark,197.7,0.0,1.5141298564428742
2021-11-01,SOL,32,0.0073589813805904,0.0,0.0,mark,203.9,0.0,1.5253134091723564
2021-11-02,SOL,32,1.1825688746359263e-05,0.0,0.0,mark,203.91,0.0,1.5253314471606296
2021-11-02,SOL,32,-0.00034970862140095874,0.0003496474804684205,0.24113619342649686,rotation,203.91,-0.001803798827335805,1.5247981188632507
2021-11-02,DOT,33,-0.00032353366956635395,0.0003234813381924377,0.2230905780637501,entry,49.98,0.006806084309078059,1.5243048751272874
2021-11-02,DOT,33,-7.33210508151459e-05,7.331836289257381e-05,0.0,funding,49.98,0.0,1.5241931155892938
2021-11-02,DOT,33,0.014936190368203574,0.0,0.0,mark,53.35,0.0,1.5471296197108868
2021-11-02,DOT,33,-0.023771886861292994,0.0,0.0,mark,48.01,0.0,1.51078512950041
2021-11-02,DOT,33,0.016309517287420524,0.0,0.0,mark,51.66,0.0,1.535627337228545
2021-11-03,DOT,33,0.0,0.0,0.0,mark,51.66,0.0,1.535627337228545
2021-11-03,DOT,33,-5.376814309328825e-05,5.376669761265871e-05,0.03708048111217841,resize,51.66,-0.001102241588723343,1.5355447716178585
2021-11-03,DOT,33,-6.304696306380715e-05,6.304497564581085e-05,0.0,funding,51.66,0.0,1.5354479632351288
2021-11-03,DOT,33,0.010641725594828304,0.0,0.0,mark,54.54,0.0,1.5518750302697504
2021-11-03,DOT,33,-0.020309574590265538,0.0,0.0,mark,49.07,0.0,1.52067501058941
2021-11-03,DOT,33,0.015889276637170494,0.0,0.0,mark,53.34,0.0,1.5450304190053246
2021-11-04,DOT,33,3.6916667577680144e-05,0.0,0.0,mark,53.35,0.0,1.5450874574325282
2021-11-04,DOT,33,-5.218924945548013e-05,5.218788762021e-05,0.03599164663462758,resize,53.35,0.001042366294048861,1.5450068225819362
2021-11-04,DOT,33,-7.653700363446059e-05,7.653407475267095e-05,0.0,funding,53.35,0.0,1.5448885769142833
2021-11-04,DOT,33,-0.0052100326513582745,0.0,0.0,mark,52.16,0.0,1.5368605881871429
2021-11-04,DOT,33,0.012779531830445287,0.0,0.0,mark,55.09,0.0,1.5566269805993453
2021-11-04,DOT,33,-0.005519209630962205,0.0,0.0,mark,53.82,0.0,1.5480592951510528
2021-11-05,DOT,33,4.357754283046322e-05,0.0,0.0,mark,53.83,0.0,1.5481267572411967
2021-11-05,DOT,33,-7.707000947736867e-05,7.70670396604444e-05,0.0,funding,53.83,0.0,1.548007447694997
2021-11-05,DOT,33,0.00043570458618050564,0.0,0.0,mark,53.93,0.0,1.5486820685964373
2021-11-05,DOT,33,-0.014788864402675102,0.0,0.0,mark,50.56,0.0,1.5259473442178972
2021-11-05,DOT,33,0.005291173720114362,0.0,0.0,mark,51.76,0.0,1.5340427950351816
2021-11-06,DOT,33,-4.397763464277597e-05,0.0,0.0,mark,51.75,0.0,1.5339753329450376
2021-11-06,DOT,33,-7.477544897229355e-05,7.477265335805479e-05,0.0,funding,51.75,0.0,1.5338606335392075
2021-11-06,DOT,33,0.0029424533860923133,0.0,0.0,mark,52.42,0.0,1.538380593578858
2021-11-06,DOT,33,-0.01511121316930056,0.0,0.0,mark,49.0,0.0,1.5153085587495976
2021-11-06,DOT,33,0.01335556628820693,0.0,0.0,mark,52.02,0.0,1.5356821099730964
2021-11-07,DOT,33,4.392875840233892e-05,0.0,0.0,mark,52.03,0.0,1.5357495720632404
2021-11-07,DOT,33,-7.509318815675683e-05,7.50903687338559e-05,0.0,funding,52.03,0.0,1.5356342520615913
2021-11-07,DOT,33,0.006568046931272193,0.0,0.0,mark,53.53,0.0,1.5457535655831967
2021-11-07,DOT,33,-0.009824243423552861,0.0,0.0,mark,51.29,0.0,1.5306420573909327
2021-11-07,DOT,33,0.004090539086337822,0.0,0.0,mark,52.22,0.0,1.536916031774328
2021-11-08,DOT,33,0.0,0.0,0.0,mark,52.22,0.0,1.536916031774328
2021-11-08,DOT,33,-0.00033241966195762866,0.0003323644166636098,0.22921683907835155,rotation,52.22,-0.006746209014403577,1.5364052155739665
2021-11-08,BNB,34,-0.0004453865373610242,0.00044528736750070917,0.3070947362073856,entry,649.5,0.0007264387288442474,1.5357210737401092
2021-11-08,BNB,34,-0.00010094358909901676,0.0001009384944664223,0.0,funding,649.5,0.0,1.5355660603670056
2021-11-08,BNB,34,0.0029287752376797793,0.0,0.0,mark,655.7,0.0,1.54006998048584
2021-11-08,BNB,34,-0.011719195337539613,0.0,0.0,mark,631.0,0.0,1.522126943883387
2021-11-08,BNB,34,0.010680934074222829,0.0,0.0,mark,653.5,0.0,1.5384718152823826
2021-11-09,BNB,34,4.721708721620087e-05,0.0,0.0,mark,653.6,0.0,1.538544459155267
2021-11-09,BNB,34,-0.0004475753615547589,0.0004474752146442796,0.3086035963063997,rotation,653.6,-0.0007264387288442474,1.5378559986431668
2021-11-09,AVAX,35,-0.00034913655589987485,0.0003490756148250864,0.2407418033276458,entry,91.18,0.00406038853226139,1.537319170614928
2021-11-09,AVAX,35,-7.912456591793477e-05,7.912143565213969e-05,0.0,funding,91.18,0.0,1.5371975357150935
2021-11-09,AVAX,35,-0.011102552945143672,0.0,0.0,mark,87.0,0.0,1.520225111650241
2021-11-09,AVAX,35,0.011921058928229134,0.0,0.0,mark,91.49,0.0,1.5384562561600945
2021-11-09,AVAX,35,-0.008375039623837163,0.0,0.0,mark,88.33,0.0,1.5256254283981485
2021-11-10,AVAX,35,5.322775033720827e-05,0.0,0.0,mark,88.35,0.0,1.5257066361687937
2021-11-10,AVAX,35,-7.72522091431547e-05,7.724922526813174e-05,0.0,funding,88.35,0.0,1.5255887765131633
2021-11-10,AVAX,35,0.014925657060622363,0.0,0.0,mark,94.0,0.0,1.5485299717204402
2021-11-10,AVAX,35,-0.04201085547734659,0.0,0.0,mark,78.31,0.0,1.484822475649259
2021-11-10,AVAX,35,0.01874657902206957,0.0,0.0,mark,85.23,0.0,1.5129203642925078
2021-11-11,AVAX,35,-0.00010735810264182478,0.0,0.0,mark,85.19,0.0,1.5127579487512173
2021-11-11,AVAX,35,-7.51266635919904e-05,7.51238416547657e-05,0.0,funding,85.19,0.0,1.5126443045626132
2021-11-11,AVAX,35,0.011662115964565314,0.0,0.0,mark,89.56,0.0,1.5303882024485955
2021-11-11,AVAX,35,-0.015588891179856434,0.0,0.0,mark,83.73,0.0,1.5067161373055116
2021-11-11,AVAX,35,0.011121592751718657,0.0,0.0,mark,87.88,0.0,1.5235667497143963
2021-11-12,AVAX,35,-5.330251199606754e-05,0.0,0.0,mark,87.86,0.0,1.5234855419437512
2021-11-12,AVAX,35,-0.0003395957111704462,0.000339538055073714,0.23416417591290617,rotation,87.86,-0.00406038853226139,1.5229682606259067
2021-11-12,SOL,36,-0.000384960423700564,0.00038488633594390087,0.26543885237510406,entry,233.34,0.0017324717035409661,1.5223820909523156
2021-11-12,SOL,36,-8.72452202911952e-05,8.724141453765839e-05,0.0,funding,233.34,0.0,1.5222492761852342
2021-11-12,SOL,36,0.006522754759718664,0.0,0.0,mark,239.09,0.0,1.5322109884805948
2021-11-12,SOL,36,-0.02086271160853956,0.0,0.0,mark,220.83,0.0,1.5005760551739367
2021-11-12,SOL,36,0.008793437943318175,0.0,0.0,mark,228.48,0.0,1.513829463706025
2021-11-13,SOL,36,-2.2888859971419598e-05,0.0,0.0,mark,228.46,0.0,1.5137948142719542
2021-11-13,SOL,36,-8.590510730866288e-05,8.590141757060521e-05,0.0,funding,228.46,0.0,1.5136647771514973
2021-11-13,SOL,36,0.015344597331490252,0.0,0.0,mark,241.97,0.0,1.5370704698663358
2021-11-13,SOL,36,-0.019553958979652987,0.0,0.0,mark,224.79,0.0,1.507306605999502
2021-11-13,SOL,36,0.019125559445320035,0.0,0.0,mark,241.59,0.0,1.5364121306189902
2021-11-14,SOL,36,-1.1276150694475971e-05,0.0,0.0,mark,241.58,0.0,1.5363948059019548
2021-11-14,SOL,36,-0.000395073668627607,0.0003949956373022235,0.272410784346361,rotation,241.58,-0.0017324717035409661,1.5357879366564497
2021-11-14,BNB,37,-0.00045569053477301116,0.000455586723610491,0.3141977404210282,entry,649.5,0.0007429424164177518,1.535088252062228
2021-11-14,BNB,37,-0.00010327956723208582,0.00010327423408115917,0.0,funding,649.5,0.0,1.5349297169987492
2021-11-14,BNB,37,0.00555083851728504,0.0,0.0,mark,661.0,0.0,1.5434735547875533
2021-11-14,BNB,37,-0.012837679215015415,0.0,0.0,mark,634.5,0.0,1.523785580752483
2021-11-14,BNB,37,0.007915873672052333,0.0,0.0,mark,650.8,0.0,1.5358955421400922
2021-11-15,BNB,37,-4.83731064641596e-05,0.0,0.0,mark,650.7,0.0,1.5358212478984505
2021-11-15,BNB,37,-0.00010342100836347847,0.00010341566059533628,0.0,funding,650.7,0.0,1.5356624199295428
2021-11-15,BNB,37,-0.00991839813942632,0.0,0.0,mark,630.3,0.0,1.5205063946346207
2021-11-15,BNB,37,0.014166737759849809,0.0,0.0,mark,659.5,0.0,1.542200313194019
2021-11-15,BNB,37,-0.012458045481842012,0.0,0.0,mark,633.8,0.0,1.5231066930920827
2021-11-16,BNB,37,4.877690451485082e-05,0.0,0.0,mark,633.9,0.0,1.5231809873337245
2021-11-16,BNB,37,-0.000448424950107109,0.00044832442266615674,0.3091892570111426,rotation,633.9,-0.0007429424164177518,1.5224981080969622
2021-11-16,SOL,38,-0.000375412091739957,0.00037534163343783144,0.25885629892264234,entry,238.18,0.0016546654856776583,1.521926651170163
2021-11-16,SOL,38,-8.50807428614911e-05,8.50771235976744e-05,0.0,funding,238.18,0.0,1.5217971700283548
2021-11-16,SOL,38,3.26187720381566e-05,0.0,0.0,mark,238.21,0.0,1.5218468099929252
2021-11-16,SOL,38,-0.02688775962010175,0.0,0.0,mark,213.81,0.0,1.4814729721423903
2021-11-16,SOL,38,0.005824421460911612,0.0,0.0,mark,219.04,0.0,1.4901268726324843
2021-11-17,SOL,38,5.5519418629943036e-05,0.0,0.0,mark,219.09,0.0,1.4902096059067682
2021-11-17,SOL,38,-7.99270496658431e-05,7.992385558437041e-05,0.0,funding,219.09,0.0,1.4900905026094353
2021-11-17,SOL,38,-0.010672616935775854,0.0,0.0,mark,209.53,0.0,1.474271900566357
2021-11-17,SOL,38,0.014385709971673646,0.0,0.0,mark,222.44,0.0,1.4956336319864554
2021-11-17,SOL,38,-0.0038796738547514087,0.0,0.0,mark,218.94,0.0,1.4898423027865835
2021-11-18,SOL,38,-4.4426238619662805e-05,0.0,0.0,mark,218.9,0.0,1.4897761161671563
2021-11-18,SOL,38,-0.0003525977428626196,0.0003525355875839458,0.243127991437204,rotation,218.9,-0.0016546654856776583,1.4892509170686747
2021-11-18,BNB,39,-0.0004437450794950467,0.0004436466392086153,0.3059631994542174,entry,577.9,0.000788468550573558,1.488590215904379
2021-11-18,BNB,39,-0.00010057146346337245,0.00010056640632328485,0.0,funding,577.9,0.0,1.4884405137358774
2021-11-18,BNB,39,0.005441366819305379,0.0,0.0,mark,588.2,0.0,1.496561739806785
2021-11-18,BNB,39,-0.042072704622521266,0.0,0.0,mark,510.0,0.0,1.4349034991519327
2021-11-18,BNB,39,0.011907754504917243,0.0,0.0,mark,531.8,0.0,1.4520921135544362
2021-11-19,BNB,39,5.429732298273181e-05,0.0,0.0,mark,531.9,0.0,1.4521709604094937
2021-11-19,BNB,39,-9.488733380854296e-05,9.488283214796133e-05,0.0,funding,531.9,0.0,1.452033174316007
2021-11-19,BNB,39,0.028689819554687607,0.0,0.0,mark,585.5,0.0,1.4942950886267499
2021-11-19,BNB,39,-0.03304336257709823,0.0,0.0,mark,523.9,0.0,1.4457254259114187
2021-11-19,BNB,39,0.030666102848891538,0.0,0.0,mark,581.0,0.0,1.4907469801491688
2021-11-20,BNB,39,0.0,0.0,0.0,mark,581.0,0.0,1.4907469801491688
2021-11-20,BNB,39,-0.00010096468973438193,0.00010095959297157312,0.0,funding,581.0,0.0,1.4905964749408294
2021-11-20,BNB,39,0.012510703902145523,0.0,0.0,mark,604.8,0.0,1.50936202644448
2021-11-20,BNB,39,-0.016963883477016137,0.0,0.0,mark,572.6,0.0,1.4839733391160115
2021-11-20,BNB,39,0.016702656705112423,0.0,0.0,mark,604.3,0.0,1.5089677921691933
2021-11-21,BNB,39,5.22508138201407e-05,0.0,0.0,mark,604.4,0.0,1.5090466390242507
2021-11-21,BNB,39,-3.4869856756298794e-05,3.4869248809883e-05,0.02404775779991931,resize,604.4,-6.0041674526865397e-05,1.5089940197015288
2021-11-21,BNB,39,-9.585940634202381e-05,9.58548119759024e-05,0.0,funding,604.4,0.0,1.5088493753634975
2021-11-21,BNB,39,0.0003861412592423054,0.0,0.0,mark,605.2,0.0,1.509432116864335
2021-11-21,BNB,39,-0.01243108164336624,0.0,0.0,mark,579.6,0.0,1.4907843888375396
2021-11-21,BNB,39,0.0021476196463785426,0.0,0.0,mark,584.0,0.0,1.493989467092145
2021-11-22,BNB,39,0.0,0.0,0.0,mark,584.0,0.0,1.493989467092145
2021-11-22,BNB,39,-0.00041296091084930747,0.00041287565422862174,0.28474183050249774,rotation,584.0,-0.0007284268760466926,1.4933726352135086
2021-11-22,AVAX,40,-0.00028375621385916017,0.00028371595887229193,0.19566617853261511,entry,128.52,0.002273595678940307,1.4929489415643553
2021-11-22,AVAX,40,-6.430488736032621e-05,6.430281984546872e-05,0.0,funding,128.52,0.0,1.4928529407375275
2021-11-22,AVAX,40,0.024789023935221574,0.0,0.0,mark,145.0,0.0,1.5303217975264638
2021-11-22,AVAX,40,-0.029001327467928523,0.0,0.0,mark,125.76,0.0,1.4865778166636523
2021-11-22,AVAX,40,0.01379155374448173,0.0,0.0,mark,134.84,0.0,1.5072220654284303
2021-11-23,AVAX,40,0.0,0.0,0.0,mark,134.84,0.0,1.5072220654284303
2021-11-23,AVAX,40,-6.682827768090906e-05,6.682604472136103e-05,0.0,funding,134.84,0.0,1.507121343739281
2021-11-23,AVAX,40,0.002486045136454402,0.0,0.0,mark,136.49,0.0,1.5108727766095325
2021-11-23,AVAX,40,-0.022430786490453915,0.0,0.0,mark,121.75,0.0,1.4773599763019523
2021-11-23,AVAX,40,0.003195921258905993,0.0,0.0,mark,123.83,0.0,1.4820890553141481
2021-11-24,AVAX,40,0.0,0.0,0.0,mark,123.83,0.0,1.4820890553141481
2021-11-24,AVAX,40,-6.241218425161982e-05,6.241023665175117e-05,0.0,funding,123.83,0.0,1.481996557785467
2021-11-24,AVAX,40,0.0013031726444858252,0.0,0.0,mark,124.68,0.0,1.4839291141125663
2021-11-24,AVAX,40,-0.018619303172816633,0.0,0.0,mark,112.64,0.0,1.456555022138125
2021-11-24,AVAX,40,0.004050231944400787,0.0,0.0,mark,115.24,0.0,1.4624663709033696
2021-11-25,AVAX,40,1.5546189993585172e-05,0.0,0.0,mark,115.25,0.0,1.462489106860159
2021-11-25,AVAX,40,-5.886610940575798e-05,5.8864376830440594e-05,0.0,funding,115.25,0.0,1.4624030183502625
2021-11-25,AVAX,40,0.022672819904216275,0.0,0.0,mark,130.0,0.0,1.495938554614632
2021-11-25,AVAX,40,-0.024275442803048178,0.0,0.0,mark,114.22,0.0,1.460061214800954
2021-11-25,AVAX,40,0.007833061041887227,0.0,0.0,mark,119.27,0.0,1.4715428729796025
2021-11-26,AVAX,40,-3.0901319280835766e-05,0.0,0.0,mark,119.25,0.0,1.4714974010660238
2021-11-26,AVAX,40,-6.0536358124007694e-05,6.05345258356005e-05,0.0,funding,119.25,0.0,1.4714083246685818
2021-11-26,AVAX,40,0.0009575550893420297,0.0,0.0,mark,119.87,0.0,1.4728179539895248
2021-11-26,AVAX,40,-0.01911534647292053,0.0,0.0,mark,107.60482424164688,0.0,1.4449319033838897
2021-11-26,AVAX,40,-0.00024553811449602123,0.00024550797248035737,0.1693158430899016,stop,107.60482424164688,-0.002273595678940307,1.4445771610819178
2021-12-02,AVAX,41,-0.0002495899962347894,0.0002495588512428675,0.17210955258128793,entry,119.64,0.0020781137484366095,1.4442166540650665
2021-12-02,AVAX,41,-5.656094730704974e-05,5.6559347766771664e-05,0.0,funding,119.64,0.0,1.4441349701130786
2021-12-02,AVAX,41,0.0001582777420270005,0.0,0.0,mark,119.75,0.0,1.4443635626254065
2021-12-02,AVAX,41,-0.01869061677799047,0.0,0.0,mark,106.88,0.0,1.4176182386830274
2021-12-02,AVAX,41,0.0013184577033777199,0.0,0.0,mark,107.78,0.0,1.4194885410566203
2021-12-03,AVAX,41,1.4639769725704804e-05,0.0,0.0,mark,107.79,0.0,1.4195093221941046
2021-12-03,AVAX,41,-5.184558963807894e-05,5.184424567881366e-05,0.0,funding,107.79,0.0,1.4194357288040615
2021-12-03,AVAX,41,-0.011470422907804964,0.0,0.0,mark,100.0,0.0,1.4032472227037402
2021-12-03,AVAX,41,0.019403263900148245,0.0,0.0,mark,113.23,0.0,1.4307406675955565
2021-12-03,AVAX,41,-0.007157199535892004,0.0,0.0,mark,108.32,0.0,1.4205371290907327
2021-12-04,AVAX,41,5.851456907409672e-05,0.0,0.0,mark,108.36,0.0,1.4206202536406702
2021-12-04,AVAX,41,-5.207900042938739e-05,5.207764434186711e-05,0.0,funding,108.36,0.0,1.4205462710843564
2021-12-04,AVAX,41,0.0006580873386507297,0.0,0.0,mark,108.81,0.0,1.421481422271153
2021-12-04,AVAX,41,-0.04827972535772007,0.0,0.0,mark,76.57,0.0,1.3544830350215566
2021-12-04,AVAX,41,0.02497005460204729,0.0,0.0,mark,93.05,0.0,1.388730349595792
2021-12-05,AVAX,41,-4.489338904796564e-05,0.0,0.0,mark,93.02,0.0,1.3886680061833387
2021-12-05,AVAX,41,-4.5734946307506496e-05,4.573390048086718e-05,0.0,funding,93.02,0.0,1.388604496978943
2021-12-05,AVAX,41,-0.015792915239614836,0.0,0.0,mark,82.55,0.0,1.3668466460328117
2021-12-05,AVAX,41,0.019497484712497744,0.0,0.0,mark,95.5,0.0,1.3937582190750657
2021-12-05,AVAX,41,-0.013736700842487317,0.0,0.0,mark,86.35,0.0,1.3747434782768706
2021-12-06,AVAX,41,-1.5116488917435597e-05,0.0,0.0,mark,86.34,0.0,1.3747226971393862
2021-12-06,AVAX,41,-0.00018926719999934626,0.0001892492900927537,0.13051675178810598,rotation,86.34,-0.0020781137484366095,1.3744625318448782
2021-12-06,BNB,42,-0.00038302021977258574,0.00038294687689240434,0.2641012944085547,entry,557.7,0.0006508827932155131,1.3739361857109025
2021-12-06,BNB,42,-8.680540030745231e-05,8.680163282768873e-05,0.0,funding,557.7,0.0,1.3738169258065818
2021-12-06,BNB,42,0.016586014777157015,0.0,0.0,mark,593.0,0.0,1.3967930884070894
2021-12-06,BNB,42,-0.028357316167424325,0.0,0.0,mark,533.0,0.0,1.3577401208141586
2021-12-06,BNB,42,0.025791116012449357,0.0,0.0,mark,587.5,0.0,1.393213233044404
2021-12-07,BNB,42,0.0,0.0,0.0,mark,587.5,0.0,1.393213233044404
2021-12-07,BNB,42,-9.017863849589106e-05,9.017457252458649e-05,0.0,funding,587.5,0.0,1.3930876006366786
2021-12-07,BNB,42,0.00307892809937557,0.0,0.0,mark,594.1,0.0,1.397383427071901
2021-12-07,BNB,42,-0.010253115524004708,0.0,0.0,mark,572.2,0.0,1.3831290939004812
2021-12-07,BNB,42,0.003054147883351895,0.0,0.0,mark,578.7,0.0,1.387359832056382
2021-12-08,BNB,42,0.0,0.0,0.0,mark,578.7,0.0,1.387359832056382
2021-12-08,BNB,42,-8.920260721103561e-05,8.91986287768046e-05,0.0,funding,578.7,0.0,1.3872360814617426
2021-12-08,BNB,42,0.013468595387152326,0.0,0.0,mark,607.6,0.0,1.406046594185671
2021-12-08,BNB,42,-0.018973287799212396,0.0,0.0,mark,567.0,0.0,1.379620752781121
2021-12-08,BNB,42,0.018788103875925166,0.0,0.0,mark,607.2,0.0,1.4057862410683848
2021-12-09,BNB,42,4.6299195897698486e-05,0.0,0.0,mark,607.3,0.0,1.4058513293477062
2021-12-09,BNB,42,-1.597539863481316e-05,1.5975271028727136e-05,0.011017428295673886,resize,607.3,-2.55044726090337e-05,1.4058288704916937
2021-12-09,BNB,42,-8.876135854347979e-05,8.8757419370609e-05,0.0,funding,607.3,0.0,1.405704092749072
2021-12-09,BNB,42,0.004306111302990706,0.0,0.0,mark,617.0,0.0,1.411770262458955
2021-12-09,BNB,42,-0.022080639068141835,0.0,0.0,mark,567.7,0.0,1.3809391112530556
2021-12-09,BNB,42,0.001131520875767581,0.0,0.0,mark,570.2,0.0,1.3825025570545717
2021-12-10,BNB,42,0.0,0.0,0.0,mark,570.2,0.0,1.3825025570545717
2021-12-10,BNB,42,-8.474488897577793e-05,8.47412982291164e-05,0.0,funding,570.2,0.0,1.382385401993082
2021-12-10,BNB,42,0.011201556463605745,0.0,0.0,mark,595.1,0.0,1.3979573221761832
2021-12-10,BNB,42,-0.02029055081940628,0.0,0.0,mark,550.2,0.0,1.3698778355809522
2021-12-10,BNB,42,0.0010038426971703907,0.0,0.0,mark,552.4,0.0,1.3712536678862863
2021-12-11,BNB,42,4.560527895640027e-05,0.0,0.0,mark,552.5,0.0,1.371316205718347
2021-12-11,BNB,42,-8.278401648448408e-05,8.27805899824308e-05,0.0,funding,552.5,0.0,1.3712026873537853
2021-12-11,BNB,42,0.009170639776004023,0.0,0.0,mark,572.7,0.0,1.383835329430036
2021-12-11,BNB,42,-0.013970984540589499,0.0,0.0,mark,542.0,0.0,1.3646362149874172
2021-12-11,BNB,42,0.010258384271763748,0.0,0.0,mark,564.5,0.0,1.378707227201063
2021-12-12,BNB,42,4.535873354336457e-05,0.0,0.0,mark,564.6,0.0,1.3787697650331237
2021-12-12,BNB,42,-0.00037139888233578234,0.00037132992230838976,0.2560896015919929,rotation,564.6,-0.0006253783206064794,1.3782577865633927
2022-01-01,AVAX,1,-0.0005332412946153567,0.0005330991467436813,0.36765458396115946,entry,109.43,0.0033597238779234165,0.9994669008532563
2022-01-01,AVAX,1,-0.00012086173793236764,0.00012085443444677804,0.0,funding,109.43,0.0,0.9993461108462054
2022-01-01,AVAX,1,0.01690131035350798,0.0,0.0,mark,114.5,0.0,1.016379910907277
2022-01-01,AVAX,1,-0.020302629711885605,0.0,0.0,mark,108.42,0.0,0.9959527897295027
2022-01-01,AVAX,1,0.019078817005537475,0.0,0.0,mark,114.13,0.0,1.0151368130724454
2022-01-02,AVAX,1,-3.3096814469244546e-05,0.0,0.0,mark,114.12,0.0,1.0151032158336661
2022-01-02,AVAX,1,-1.5175853927874783e-05,1.5175738775057253e-05,0.010466026741418794,resize,114.12,-9.309584123918125e-05,1.0150878108924328
2022-01-02,AVAX,1,-0.00012066326100073844,0.00012065598148216483,0.0,funding,114.12,0.0,1.014965334476319
2022-01-02,AVAX,1,-0.006846524907446275,0.0,0.0,mark,112.0,0.0,1.0080400830385483
2022-01-02,AVAX,1,0.01776169479959999,0.0,0.0,mark,117.53,0.0,1.026104536081412
2022-01-02,AVAX,1,-0.014429462095977303,0.0,0.0,mark,113.03,0.0,1.011404709916333
2022-01-03,AVAX,1,-3.2298453413008116e-05,0.0,0.0,mark,113.02,0.0,1.0113720436359661
2022-01-03,AVAX,1,-0.00011993918932986241,0.00011993199691288818,0.0,funding,113.02,0.0,1.011250747767151
2022-01-03,AVAX,1,0.003579203259782039,0.0,0.0,mark,114.13,0.0,1.0148767048878706
2022-01-03,AVAX,1,-0.026483819959738326,0.0,0.0,mark,106.01,0.0,0.9883516852299947
2022-01-03,AVAX,1,0.0069167908715015445,0.0,0.0,mark,108.11,0.0,0.9952116041070316
2022-01-04,AVAX,1,0.0,0.0,0.0,mark,108.11,0.0,0.9952116041070316
2022-01-04,AVAX,1,-0.00011659138463803427,0.00011658458812672552,0.0,funding,108.11,0.0,0.9950955777720678
2022-01-04,AVAX,1,0.0038334346584379137,0.0,0.0,mark,109.28,0.0,0.9989175325749884
2022-01-04,AVAX,1,-0.021485255210998387,0.0,0.0,mark,102.78,0.0,0.9776844503365408
2022-01-04,AVAX,1,0.001835967252168999,0.0,0.0,mark,103.33,0.0,0.9794810957567172
2022-01-05,AVAX,1,0.0,0.0,0.0,mark,103.33,0.0,0.9794810957567172
2022-01-05,AVAX,1,-0.0001132258693951388,0.00011321945958835934,0.0,funding,103.33,0.0,0.9793701994363786
2022-01-05,AVAX,1,-0.04408481817871683,0.0,0.0,mark,90.4,0.0,0.9371326989220514
2022-01-05,AVAX,1,0.055130595044561914,0.0,0.0,mark,106.66,0.0,0.990248070798537
2022-01-05,AVAX,1,-0.03095509386507001,0.0,0.0,mark,97.42,0.0,0.9600644277395747
2022-01-06,AVAX,1,0.0,0.0,0.0,mark,97.42,0.0,0.9600644277395747
2022-01-06,AVAX,1,-0.00010890858169782653,0.000108902651373514,0.0,funding,97.42,0.0,0.9599598741779044
2022-01-06,AVAX,1,0.0018698346430930481,0.0,0.0,mark,97.97,0.0,0.9617565195980807
2022-01-06,AVAX,1,-0.023819345241807677,0.0,0.0,mark,91.04,0.0,0.939118787303859
2022-01-06,AVAX,1,0.014057800537560035,0.0,0.0,mark,95.11,0.0,0.9524139634131639
2022-01-07,AVAX,1,-3.429899375201106e-05,0.0,0.0,mark,95.1,0.0,0.952381297132797
2022-01-07,AVAX,1,-0.00010717256808083188,0.00010716682530632377,0.0,funding,95.1,0.0,0.9522792334527022
2022-01-07,AVAX,1,0.001508205444347768,0.0,0.0,mark,95.54,0.0,0.9537165497888432
2022-01-07,AVAX,1,-0.03676891213403155,0.0,0.0,mark,85.0,0.0,0.9192862902821913
2022-01-07,AVAX,1,0.006163948169986777,0.0,0.0,mark,86.74,0.0,0.9249702230660218
2022-01-08,AVAX,1,0.0,0.0,0.0,mark,86.74,0.0,0.9249702230660218
2022-01-08,AVAX,1,-0.00010064778639314808,0.00010064272157465909,0.0,funding,86.74,0.0,0.924877131545397
2022-01-08,AVAX,1,-0.027064573153952633,0.0,0.0,mark,79.18,0.0,0.9001814235880642
2022-01-08,AVAX,1,0.037255153238357916,0.0,0.0,mark,89.64,0.0,0.9343503528517813
2022-01-08,AVAX,1,-0.020271990500511886,0.0,0.0,mark,83.9,0.0,0.9155999079212137
2022-01-09,AVAX,1,-0.00010703811255513274,0.0,0.0,mark,83.87,0.0,0.9155019090801132
2022-01-09,AVAX,1,-9.832397913931042e-05,9.831914549538467e-05,0.0,funding,83.87,0.0,0.9154118977147131
2022-01-09,AVAX,1,0.028182628510065328,0.0,0.0,mark,91.88,0.0,0.9415775882885538
2022-01-09,AVAX,1,-0.03322688464666816,0.0,0.0,mark,82.46,0.0,0.9108059521829882
2022-01-09,AVAX,1,0.024340769852892682,0.0,0.0,mark,89.33,0.0,0.9332476867950089
2022-01-10,AVAX,1,-3.500341072154028e-05,0.0,0.0,mark,89.32,0.0,0.933215020514642
2022-01-10,AVAX,1,-0.00010272591236237736,0.000102720636236469,0.0,funding,89.32,0.0,0.9331191600739893
2022-01-10,AVAX,1,0.010724631758022409,0.0,0.0,mark,92.4,0.0,0.9431803744269768
2022-01-10,AVAX,1,-0.04353404731784521,0.0,0.0,mark,80.1,0.0,0.9030008495757607
2022-01-10,AVAX,1,0.015293117836098004,0.0,0.0,mark,84.36,0.0,0.9169166850120355
2022-01-11,AVAX,1,0.00021373450872529153,0.0,0.0,mark,84.42,0.0,0.9171126826942365
2022-01-11,AVAX,1,-9.879496415839551e-05,9.879008409667335e-05,0.0,funding,84.42,0.0,0.917022081055187
2022-01-11,AVAX,1,-0.004319593833676182,0.0,0.0,mark,83.21,0.0,0.913069461130799
2022-01-11,AVAX,1,0.027488472431350726,0.0,0.0,mark,91.0,0.0,0.9385164935365692
2022-01-11,AVAX,1,-0.00491976960359698,0.0,0.0,mark,89.59,0.0,0.9339105480048444
2022-01-12,AVAX,1,-6.995835541122851e-05,0.0,0.0,mark,89.57,0.0,0.9338452154441107
2022-01-12,AVAX,1,-0.00010294392827346403,0.00010293862972914892,0.0,funding,89.57,0.0,0.9337490866972538
2022-01-12,AVAX,1,0.025285890046520227,0.0,0.0,mark,96.89,0.0,0.9576608039257823
2022-01-12,AVAX,1,-0.027983292960056753,0.0,0.0,mark,88.8,0.0,0.9312337831090068
2022-01-12,AVAX,1,0.02473753452225851,0.0,0.0,mark,95.94,0.0,0.9545575072909323
2022-01-13,AVAX,1,3.422079988627497e-05,0.0,0.0,mark,95.95,0.0,0.9545901735712992
2022-01-13,AVAX,1,-0.0001078803015963543,0.00010787448272594493,0.0,funding,95.95,0.0,0.9544871976501099
2022-01-13,AVAX,1,0.004473311524849127,0.0,0.0,mark,97.26,0.0,0.9587664803781663
2022-01-13,AVAX,1,-0.02826594839673754,0.0,0.0,mark,89.08,0.0,0.9320454630380892
2022-01-13,AVAX,1,0.001995740187096788,0.0,0.0,mark,89.65,0.0,0.9339074410189993
2022-01-14,AVAX,1,0.0,0.0,0.0,mark,89.65,0.0,0.9339074410189993
2022-01-14,AVAX,1,-0.00010302901245790625,0.00010302370515146125,0.0,funding,89.65,0.0,0.9338112264141569
2022-01-14,AVAX,1,0.007388750820482474,0.0,0.0,mark,91.77,0.0,0.9407364778519275
2022-01-14,AVAX,1,-0.01589035247004014,0.0,0.0,mark,87.23,0.0,0.925905986565381
2022-01-14,AVAX,1,0.011086900794932946,0.0,0.0,mark,90.39,0.0,0.9362285311613032
2022-01-15,AVAX,1,3.4890744521780496e-05,0.0,0.0,mark,90.4,0.0,0.9362611974416701
2022-01-15,AVAX,1,-0.00010362978927600063,0.00010362441989493727,0.0,funding,90.4,0.0,0.9361641779182152
2022-01-15,AVAX,1,0.013998635974623369,0.0,0.0,mark,94.44,0.0,0.9493613551864194
2022-01-15,AVAX,1,-0.017249031699328683,0.0,0.0,mark,89.47,0.0,0.9331262138440988
2022-01-15,AVAX,1,0.012212701945643927,0.0,0.0,mark,92.98,0.0,0.9445920782528604
2022-01-16,AVAX,1,0.0,0.0,0.0,mark,92.98,0.0,0.9445920782528604
2022-01-16,AVAX,1,-0.00010564741867830124,0.00010564183818629201,0.0,funding,92.98,0.0,0.9444922898093776
2022-01-16,AVAX,1,0.006618575066548316,0.0,0.0,mark,94.9,0.0,0.9507642156398114
2022-01-16,AVAX,1,-0.010708082464075626,0.0,0.0,mark,91.8,0.0,0.9406376687260902
2022-01-16,AVAX,1,0.001526857125523306,0.0,0.0,mark,92.24,0.0,0.9420749850622313
2022-01-17,AVAX,1,3.467421866555339e-05,0.0,0.0,mark,92.25,0.0,0.9421076513425982
2022-01-17,AVAX,1,-0.0001050943506816481,0.00010508882846387473,0.0,funding,92.25,0.0,0.9420086463532318
2022-01-17,AVAX,1,0.0008665559747562071,0.0,0.0,mark,92.5,0.0,0.9428253033624029
2022-01-17,AVAX,1,-0.02512030242174745,0.0,0.0,mark,85.34,0.0,0.9194362466197438
2022-01-17,AVAX,1,0.004714174271397072,0.0,0.0,mark,86.67,0.0,0.9237808619085338
2022-01-18,AVAX,1,0.0,0.0,0.0,mark,86.67,0.0,0.9237808619085338
2022-01-18,AVAX,1,-0.00010069604382756189,0.00010069097415108079,0.0,funding,86.67,0.0,0.9236878455136461
2022-01-18,AVAX,1,0.0026135963631562305,0.0,0.0,mark,87.41,0.0,0.9261051502607924
2022-01-18,AVAX,1,-0.013172570843341731,0.0,0.0,mark,83.7,0.0,0.9139859602446939
2022-01-18,AVAX,1,0.008186703538112019,0.0,0.0,mark,86.0,0.0,0.9214992047290677
2022-01-19,AVAX,1,0.00010634152478580034,0.0,0.0,mark,86.03,0.0,0.9215972035701682
2022-01-19,AVAX,1,-0.00010018927568226005,0.00010018425690437556,0.0,funding,86.03,0.0,0.9215048740391634
2022-01-19,AVAX,1,0.001239940414089613,0.0,0.0,mark,86.38,0.0,0.9226481938520028
2022-01-19,AVAX,1,-0.018942893722386816,0.0,0.0,mark,81.08,0.0,0.9053350652575763
2022-01-19,AVAX,1,0.005505360366646796,0.0,0.0,mark,82.61,0.0,0.9103330061537033
2022-01-20,AVAX,1,-0.00010765743489980332,0.0,0.0,mark,82.58,0.0,0.9102350073126028
2022-01-20,AVAX,1,-9.737179917811217e-05,9.736705869829074e-05,0.0,funding,82.58,0.0,0.9101463804072165
2022-01-20,AVAX,1,0.018561883620760285,0.0,0.0,mark,87.8,0.0,0.9271981787587082
2022-01-20,AVAX,1,-0.032658356507818995,0.0,0.0,mark,78.68,0.0,0.897406531064148
2022-01-20,AVAX,1,0.002363254756368403,0.0,0.0,mark,79.33,0.0,0.8995298392879928
2022-01-21,AVAX,1,-3.631549737408643e-05,0.0,0.0,mark,79.32,0.0,0.8994971730076259
2022-01-21,AVAX,1,-9.464423407588195e-05,9.463975545164646e-05,0.0,funding,79.32,0.0,0.899412044815143
2022-01-21,AVAX,1,-0.05751879611394384,0.0,0.0,mark,63.93,0.0,0.8491386393305727
2022-01-21,AVAX,1,0.0613612812743551,0.0,0.0,mark,80.38,0.0,0.9028746705340283
2022-01-21,AVAX,1,-0.053200581392502694,0.0,0.0,mark,66.06,0.0,0.85609655704871
2022-01-22,AVAX,1,-0.00011447826739792628,0.0,0.0,mark,66.03,0.0,0.8559985582076095
2022-01-22,AVAX,1,-8.278982187296211e-05,8.27863948902022e-05,0.0,funding,66.03,0.0,0.8559276931729443
2022-01-22,AVAX,1,-0.05120857618764672,0.0,0.0,mark,52.95,0.0,0.8132001984531144
2022-01-22,AVAX,1,0.056954914027525554,0.0,0.0,mark,67.54,0.0,0.8608603015083374
2022-01-22,AVAX,1,-0.02988840540933235,0.0,0.0,mark,59.78,0.0,0.8355112679436677
2022-01-23,AVAX,1,0.00011728518580950243,0.0,0.0,mark,59.81,0.0,0.8356092667847682
2022-01-23,AVAX,1,-7.682064384520671e-05,7.681769321514015e-05,0.0,funding,59.81,0.0,0.8355450772084646
2022-01-23,AVAX,1,0.027265603272099544,0.0,0.0,mark,66.88,0.0,0.8586401374278221
2022-01-23,AVAX,1,-0.03035894877420448,0.0,0.0,mark,59.02,0.0,0.832964441059484
2022-01-23,AVAX,1,0.022529315258187688,0.0,0.0,mark,64.83,0.0,0.8519435499526193
2022-01-24,AVAX,1,-0.00011503635179654819,0.0,0.0,mark,64.8,0.0,0.8518455511115188
2022-01-24,AVAX,1,-8.164368181757393e-05,8.164034906279451e-05,0.0,funding,64.8,0.0,0.8517760061433785
2022-01-24,AVAX,1,0.00011504574363108651,0.0,0.0,mark,64.83,0.0,0.851874004984479
2022-01-24,AVAX,1,-0.03786557501519291,0.0,0.0,mark,55.14,0.0,0.8202203793090087
2022-01-24,AVAX,1,0.031055128037626827,0.0,0.0,mark,63.06,0.0,0.8460920733595478
2022-01-25,AVAX,1,-0.00023167737101385837,0.0,0.0,mark,63.0,0.0,0.8458960756773468
2022-01-25,AVAX,1,-7.993401050755272e-05,7.993081586958217e-05,0.0,funding,63.0,0.0,0.845828462513877
2022-01-25,AVAX,1,0.02866636809741778,0.0,0.0,mark,70.53,0.0,0.8704261716301093
2022-01-25,AVAX,1,-0.033893768651397864,0.0,0.0,mark,61.65,0.0,0.8414185146643532
2022-01-25,AVAX,1,0.02439143980828588,0.0,0.0,mark,68.01,0.0,0.862194268977665
2022-01-26,AVAX,1,0.0,0.0,0.0,mark,68.01,0.0,0.862194268977665
2022-01-26,AVAX,1,-8.465970156550575e-05,8.465611803403321e-05,0.0,funding,68.01,0.0,0.8621212789578622
2022-01-26,AVAX,1,0.0205885258998042,0.0,0.0,mark,73.5,0.0,0.8800550668792586
2022-01-26,AVAX,1,-0.034399856842842226,0.0,0.0,mark,64.39,0.0,0.8502960854650652
2022-01-26,AVAX,1,0.005669692185738587,0.0,0.0,mark,65.87,0.0,0.8551306949593579
2022-01-27,AVAX,1,0.0,0.0,0.0,mark,65.87,0.0,0.8551306949593579
2022-01-27,AVAX,1,-8.267302456422274e-05,8.266960724391012e-05,0.0,funding,65.87,0.0,0.8550600016406634
2022-01-27,AVAX,1,0.007952822728926607,0.0,0.0,mark,67.96,0.0,0.8618872542373335
2022-01-27,AVAX,1,-0.02649963752980476,0.0,0.0,mark,61.06,0.0,0.8393475207842123
2022-01-27,AVAX,1,0.014066986440078264,0.0,0.0,mark,64.7,0.0,0.8512380468377428
2022-01-28,AVAX,1,-7.675299317661545e-05,0.0,0.0,mark,64.68,0.0,0.8511727142770091
2022-01-28,AVAX,1,-8.155690463382757e-05,8.155357895989158e-05,0.0,funding,64.68,0.0,0.8511032980958468
2022-01-28,AVAX,1,0.010765315552293818,0.0,0.0,mark,67.5,0.0,0.8603151891592964
2022-01-28,AVAX,1,-0.022229970832402995,0.0,0.0,mark,61.71,0.0,0.8414014128268946
2022-01-28,AVAX,1,0.020367701469524473,0.0,0.0,mark,67.01,0.0,0.8587145414213211
2022-01-29,AVAX,1,3.804018387891238e-05,0.0,0.0,mark,67.02,0.0,0.8587472077016879
2022-01-29,AVAX,1,-8.376218173911626e-05,8.375867378542414e-05,0.0,funding,67.02,0.0,0.8586752801744538
2022-01-29,AVAX,1,-0.0006088676704961518,0.0,0.0,mark,66.86,0.0,0.8581526196885844
2022-01-29,AVAX,1,0.025258529363660576,0.0,0.0,mark,73.58,0.0,0.8801043600951024
2022-01-29,AVAX,1,-0.0062924226115193055,0.0,0.0,mark,71.89,0.0,0.874583758713106
2022-01-30,AVAX,1,7.469852943203518e-05,0.0,0.0,mark,71.91,0.0,0.8746490912738397
2022-01-30,AVAX,1,-8.823996091106375e-05,8.823606788028023e-05,0.0,funding,71.91,0.0,0.8745719156772507
2022-01-30,AVAX,1,0.0017912506962972803,0.0,0.0,mark,72.39,0.0,0.8761398971348591
2022-01-30,AVAX,1,-0.02087182227692951,0.0,0.0,mark,66.85,0.0,0.8580427778116284
2022-01-30,AVAX,1,0.004216942745448731,0.0,0.0,mark,67.96,0.0,0.8616687349323479
2022-01-31,AVAX,1,-7.582384621765081e-05,0.0,0.0,mark,67.94,0.0,0.8616034023716141
2022-01-31,AVAX,1,-8.463056125677476e-05,8.462698019175529e-05,0.0,funding,67.94,0.0,0.8615304874775485
2022-01-31,AVAX,1,0.010222957310609224,0.0,0.0,mark,70.65,0.0,0.8703830494569628
2022-01-31,AVAX,1,-0.02431297102349868,0.0,0.0,mark,64.25,0.0,0.8494766300221837
2022-01-31,AVAX,1,0.02138126567421168,0.0,0.0,mark,69.87,0.0,0.867835079588349
2022-02-01,AVAX,1,0.00011291697079698231,0.0,0.0,mark,69.9,0.0,0.8679330784294496
2022-02-01,AVAX,1,-8.643714452977378e-05,8.64334089474747e-05,0.0,funding,69.9,0.0,0.8678580600147426
2022-02-01,AVAX,1,0.014832578521523204,0.0,0.0,mark,73.87,0.0,0.8808265733203791
2022-02-01,AVAX,1,-0.020229653534482264,0.0,0.0,mark,68.47,0.0,0.8631867819222842
2022-02-01,AVAX,1,0.01822500487465345,0.0,0.0,mark,73.33,0.0,0.8790625941805695
2022-02-02,AVAX,1,-3.716104807955587e-05,0.0,0.0,mark,73.32,0.0,0.8790299279002026
2022-02-02,AVAX,1,-8.952182777903789e-05,8.951782081979351e-05,0.0,funding,73.32,0.0,0.8789512390566216
2022-02-02,AVAX,1,0.005707103545564189,0.0,0.0,mark,74.86,0.0,0.8839818462331154
2022-02-02,AVAX,1,-0.02784047296050082,0.0,0.0,mark,67.43,0.0,0.8597107999205515
2022-02-02,AVAX,1,0.0013669509778882535,0.0,0.0,mark,67.79,0.0,0.8608867860137579
2022-02-03,AVAX,1,0.0,0.0,0.0,mark,67.79,0.0,0.8608867860137579
2022-02-03,AVAX,1,-8.451399873993213e-05,8.45104275325023e-05,0.0,funding,67.79,0.0,0.8608140321034148
2022-02-03,AVAX,1,0.005751543448962656,0.0,0.0,mark,69.31,0.0,0.8657793067191748
2022-02-03,AVAX,1,-0.01697099618094763,0.0,0.0,mark,64.85,0.0,0.8512101456755631
2022-02-03,AVAX,1,0.013683043864345991,0.0,0.0,mark,68.44,0.0,0.8629373403272595
2022-02-04,AVAX,1,0.0,0.0,0.0,mark,68.44,0.0,0.8629373403272595
2022-02-04,AVAX,1,-8.51216296267231e-05,8.511800688365866e-05,0.0,funding,68.44,0.0,0.8628638888207855
2022-02-04,AVAX,1,0.03536997698559412,0.0,0.0,mark,77.95,0.0,0.8939295214496525
2022-02-04,AVAX,1,-0.03920096141734277,0.0,0.0,mark,67.43,0.0,0.8595645945037345
2022-02-04,AVAX,1,0.03854298279919738,0.0,0.0,mark,77.77,0.0,0.8933415284030494
2022-02-05,AVAX,1,0.00010969317241086778,0.0,0.0,mark,77.8,0.0,0.8934395272441499
2022-02-05,AVAX,1,-9.345992658958407e-05,9.345555934672855e-05,0.0,funding,77.8,0.0,0.8933560303533888
2022-02-05,AVAX,1,0.011380096619245161,0.0,0.0,mark,80.93,0.0,0.9035805761082105
2022-02-05,AVAX,1,-0.021892983451776947,0.0,0.0,mark,74.94,0.0,0.8840134741684719
2022-02-05,AVAX,1,0.007620008075750258,0.0,0.0,mark,77.01,0.0,0.8907753942044082
2022-02-06,AVAX,1,0.0,0.0,0.0,mark,77.01,0.0,0.8907753942044082
2022-02-06,AVAX,1,-9.278756256001892e-05,9.278325792719253e-05,0.0,funding,77.01,0.0,0.8906927451612525
2022-02-06,AVAX,1,0.007817840669446609,0.0,0.0,mark,79.15,0.0,0.8976833291597568
2022-02-06,AVAX,1,-0.018547665396009973,0.0,0.0,mark,74.1,0.0,0.8811868575745013
2022-02-06,AVAX,1,0.01774677496354214,0.0,0.0,mark,78.93,0.0,0.8969646709916862
2022-02-07,AVAX,1,-7.28400373934958e-05,0.0,0.0,mark,78.91,0.0,0.8968993384309525
2022-02-07,AVAX,1,-9.44277302900695e-05,9.442327213227925e-05,0.0,funding,78.91,0.0,0.8968146502606446
2022-02-07,AVAX,1,0.023435759379341073,0.0,0.0,mark,85.42,0.0,0.9180803987794589
2022-02-07,AVAX,1,-0.028804589108722214,0.0,0.0,mark,77.44,0.0,0.8920127070467186
2022-02-07,AVAX,1,0.02087422985027745,0.0,0.0,mark,83.2,0.0,0.9108284845380199
2022-02-08,AVAX,1,0.00010758729128868867,0.0,0.0,mark,83.23,0.0,0.9109264833791204
2022-02-08,AVAX,1,-9.806376581133202e-05,9.805895771734461e-05,0.0,funding,83.23,0.0,0.9108371588776031
2022-02-08,AVAX,1,0.0430644226173472,0.0,0.0,mark,95.5,0.0,0.9509186848877187
2022-02-08,AVAX,1,-0.04874705308341399,0.0,0.0,mark,81.65,0.0,0.905675886579642
2022-02-08,AVAX,1,0.01677459617256293,0.0,0.0,mark,86.34,0.0,0.920996372071691
2022-02-09,AVAX,1,3.5467784738943414e-05,0.0,0.0,mark,86.35,0.0,0.9210290383520578
2022-02-09,AVAX,1,-0.00010062399959979134,0.00010061893717496222,0.0,funding,86.35,0.0,0.9209363653891116
2022-02-09,AVAX,1,-0.007155152845400831,0.0,0.0,mark,84.34,0.0,0.9143704430353763
2022-02-09,AVAX,1,0.027102251745595468,0.0,0.0,mark,92.03,0.0,0.939490812637478
2022-02-09,AVAX,1,-0.006908306443723223,0.0,0.0,mark,90.05,0.0,0.9330228891248432
2022-02-10,AVAX,1,0.0,0.0,0.0,mark,90.05,0.0,0.9330228891248432
2022-02-10,AVAX,1,-0.0001035868481901538,0.00010358148325786441,0.0,funding,90.05,0.0,0.9329262452300742
2022-02-10,AVAX,1,-0.018090253891319706,0.0,0.0,mark,84.93,0.0,0.9162011096822509
2022-02-10,AVAX,1,0.0352741168861147,0.0,0.0,mark,95.0,0.0,0.9490960540116611
2022-02-10,AVAX,1,-0.01330474722085143,0.0,0.0,mark,91.16,0.0,0.9365522023507936
2022-02-11,AVAX,1,6.975615659440441e-05,0.0,0.0,mark,91.18,0.0,0.9366175349115273
2022-02-11,AVAX,1,-0.00010448421846778753,0.00010447876018199965,0.0,funding,91.18,0.0,0.9365196782727151
2022-02-11,AVAX,1,0.005149035838626905,0.0,0.0,mark,92.66,0.0,0.9413542877670077
2022-02-11,AVAX,1,-0.04492616583560998,0.0,0.0,mark,80.0,0.0,0.8999987768225853
2022-02-11,AVAX,1,0.006331697798348755,0.0,0.0,mark,81.75,0.0,0.9057153758867827
2022-02-12,AVAX,1,3.606617726294421e-05,0.0,0.0,mark,81.76,0.0,0.9057480421671497
2022-02-12,AVAX,1,-9.68824745803108e-05,9.687778162497893e-05,0.0,funding,81.76,0.0,0.9056602953061134
2022-02-12,AVAX,1,0.01090530287720729,0.0,0.0,mark,84.8,0.0,0.9155908445376334
2022-02-12,AVAX,1,-0.022186158726935197,0.0,0.0,mark,78.65,0.0,0.8955010821120254
2022-02-12,AVAX,1,0.00965643123340059,0.0,0.0,mark,81.31,0.0,0.9041903126896055
2022-02-13,AVAX,1,-7.225793092787382e-05,0.0,0.0,mark,81.29,0.0,0.9041249801288718
2022-02-13,AVAX,1,-9.649844516826496e-05,9.649378934304547e-05,0.0,funding,81.29,0.0,0.9040377376834994
2022-02-13,AVAX,1,0.0071648885126520696,0.0,0.0,mark,83.28,0.0,0.910538327476501
2022-02-13,AVAX,1,-0.02099085607387463,0.0,0.0,mark,77.49,0.0,0.8916245511440992
2022-02-13,AVAX,1,0.0015375634149051287,0.0,0.0,mark,77.91,0.0,0.8929965349195066
2022-02-14,AVAX,1,7.315837004556379e-05,0.0,0.0,mark,77.93,0.0,0.8930618674802403
2022-02-14,AVAX,1,-9.36556912874792e-05,9.365130573010023e-05,0.0,funding,77.93,0.0,0.892978231070253
2022-02-14,AVAX,1,0.016939173134838666,0.0,0.0,mark,82.6,0.0,0.9082333840015683
2022-02-14,AVAX,1,-0.023508753498480108,0.0,0.0,mark,76.14,0.0,0.8871309668845881
2022-02-14,AVAX,1,0.020843659489858002,0.0,0.0,mark,81.86,0.0,0.905816079254422
2022-02-15,AVAX,1,-7.212823708872269e-05,0.0,0.0,mark,81.84,0.0,0.9057507466936883
2022-02-15,AVAX,1,-9.697698653558599e-05,9.697228441963793e-05,0.0,funding,81.84,0.0,0.9056629139746666
2022-02-15,AVAX,1,0.041818871157818356,0.0,0.0,mark,93.68,0.0,0.9443397899290079
2022-02-15,AVAX,1,-0.043371038572555004,0.0,0.0,mark,81.41,0.0,0.9042582639188923
2022-02-15,AVAX,1,0.040912009820969306,0.0,0.0,mark,92.97,0.0,0.942020484022962
2022-02-16,AVAX,1,-3.467742720618088e-05,0.0,0.0,mark,92.96,0.0,0.9419878177425951
2022-02-16,AVAX,1,-0.0001059167228027962,0.00010591111382479084,0.0,funding,92.96,0.0,0.9418880507636086
2022-02-16,AVAX,1,0.015110525825365423,0.0,0.0,mark,97.35,0.0,0.9562285478446524
2022-02-16,AVAX,1,-0.020396088484764686,0.0,0.0,mark,91.44,0.0,0.9369227761478486
2022-02-16,AVAX,1,0.013437129766068728,0.0,0.0,mark,95.32,0.0,0.9495972929301834
2022-02-17,AVAX,1,3.439954890416338e-05,0.0,0.0,mark,95.33,0.0,0.9496299592105503
2022-02-17,AVAX,1,-0.00010774305563289348,0.00010773725155827976,0.0,funding,95.33,0.0,0.9495276486887475
2022-02-17,AVAX,1,0.011765036062411716,0.0,0.0,mark,98.77,0.0,0.9607648491349413
2022-02-17,AVAX,1,-0.04325240077440504,0.0,0.0,mark,86.32,0.0,0.9200953300782225
2022-02-17,AVAX,1,0.006793476347136241,0.0,0.0,mark,88.24,0.0,0.9263672559086563
2022-02-18,AVAX,1,0.0,0.0,0.0,mark,88.24,0.0,0.9263672559086563
2022-02-18,AVAX,1,-0.0001022339662552883,0.00010222874054142148,0.0,funding,88.24,0.0,0.9262725545508059
2022-02-18,AVAX,1,-0.020990668822270537,0.0,0.0,mark,82.35,0.0,0.9070321154147358
2022-02-18,AVAX,1,0.027143318981936386,0.0,0.0,mark,89.99,0.0,0.9319891536150033
2022-02-18,AVAX,1,-0.022400673165841354,0.0,0.0,mark,83.67,0.0,0.911344064423159
2022-02-19,AVAX,1,7.16855703691446e-05,0.0,0.0,mark,83.69,0.0,0.9114093969838927
2022-02-19,AVAX,1,-9.855352737480115e-05,9.854867113541615e-05,0.0,funding,83.69,0.0,0.9113195787989595
2022-02-19,AVAX,1,0.009454102546774763,0.0,0.0,mark,86.34,0.0,0.9199761430961728
2022-02-19,AVAX,1,-0.019794909338676562,0.0,0.0,mark,80.82,0.0,0.9019443563336758
2022-02-19,AVAX,1,0.015061192574984584,0.0,0.0,mark,85.01,0.0,0.9156315278073828
2022-02-20,AVAX,1,0.0,0.0,0.0,mark,85.01,0.0,0.9156315278073828
2022-02-20,AVAX,1,-9.964640208197435e-05,9.964143754418693e-05,0.0,funding,85.01,0.0,0.9155402929656913
2022-02-20,AVAX,1,0.002565650387482947,0.0,0.0,mark,85.73,0.0,0.917892265152104
2022-02-20,AVAX,1,-0.033178908824313125,0.0,0.0,mark,76.56,0.0,0.8879372860557095
2022-02-20,AVAX,1,0.0029754738291116758,0.0,0.0,mark,77.37,0.0,0.8905832547654238
2022-02-21,AVAX,1,-0.00011004499895569587,0.0,0.0,mark,77.34,0.0,0.8904852559243233
2022-02-21,AVAX,1,-9.321555348397482e-05,9.321120904928456e-05,0.0,funding,77.34,0.0,0.890402252716978
2022-02-21,AVAX,1,0.019473443647049025,0.0,0.0,mark,82.7,0.0,0.9079113789936055
2022-02-21,AVAX,1,-0.04911127213287354,0.0,0.0,mark,69.38,0.0,0.8643998935449715
2022-02-21,AVAX,1,0.0024910811321158257,0.0,0.0,mark,70.04,0.0,0.8665558680491832
2022-02-22,AVAX,1,-3.7697391815145665e-05,0.0,0.0,mark,70.03,0.0,0.8665232017688163
2022-02-22,AVAX,1,-8.673881251161853e-05,8.673505080962901e-05,0.0,funding,70.03,0.0,0.8664480438348832
2022-02-22,AVAX,1,0.01834212387710833,0.0,0.0,mark,74.94,0.0,0.8824871874950028
2022-02-22,AVAX,1,-0.02906893938988991,0.0,0.0,mark,67.2,0.0,0.8572034864910668
2022-02-22,AVAX,1,0.027142244571631,0.0,0.0,mark,74.42,0.0,0.880788540915927
2022-02-23,AVAX,1,0.0,0.0,0.0,mark,74.42,0.0,0.880788540915927
2022-02-23,AVAX,1,-9.068352804677944e-05,9.067941642000603e-05,0.0,funding,74.42,0.0,0.8807086715250473
2022-02-23,AVAX,1,0.029529141652224596,0.0,0.0,mark,82.5,0.0,0.9071030260614559
2022-02-23,AVAX,1,-0.03376646946050639,0.0,0.0,mark,73.28,0.0,0.8769847155632272
2022-02-23,AVAX,1,0.0007074693470963236,0.0,0.0,mark,73.47,0.0,0.8776053748901972
2022-02-24,AVAX,1,-3.722275326679747e-05,0.0,0.0,mark,73.46,0.0,0.8775727086098303
2022-02-24,AVAX,1,-8.984171437257532e-05,8.983767872667011e-05,0.0,funding,73.46,0.0,0.8774938695147749
2022-02-24,AVAX,1,-0.03411675223632531,0.0,0.0,mark,64.45,0.0,0.84806155090425
2022-02-24,AVAX,1,0.0580987390725848,0.0,0.0,mark,79.98,0.0,0.8987922843139561
2022-02-24,AVAX,1,-0.013133594420280193,0.0,0.0,mark,76.39,0.0,0.8870650896622596
2022-02-25,AVAX,1,0.0,0.0,0.0,mark,76.39,0.0,0.8870650896622596
2022-02-25,AVAX,1,-9.242549782699822e-05,9.242122672232623e-05,0.0,funding,76.39,0.0,0.8869831060184905
2022-02-25,AVAX,1,0.02041418001528428,0.0,0.0,mark,81.99,0.0,0.9052762230239222
2022-02-25,AVAX,1,-0.034171766247384563,0.0,0.0,mark,72.68,0.0,0.874863916002392
2022-02-25,AVAX,1,0.03052059211148503,0.0,0.0,mark,80.98,0.0,0.9019769287068712
2022-02-26,AVAX,1,0.0,0.0,0.0,mark,80.98,0.0,0.9019769287068712
2022-02-26,AVAX,1,-9.63593749069287e-05,9.635473249152355e-05,0.0,funding,80.98,0.0,0.9018900189611921
2022-02-26,AVAX,1,-0.010778946880098625,0.0,0.0,mark,78.02,0.0,0.8922207999726067
2022-02-26,AVAX,1,0.025055808227584703,0.0,0.0,mark,84.95,0.0,0.9148585322668285
2022-02-26,AVAX,1,-0.01127512727054717,0.0,0.0,mark,81.81,0.0,0.90460132023164
2022-02-27,AVAX,1,0.0,0.0,0.0,mark,81.81,0.0,0.90460132023164
2022-02-27,AVAX,1,-9.706462011997755e-05,9.705990950210794e-05,0.0,funding,81.81,0.0,0.9045135197093628
2022-02-27,AVAX,1,0.004540136566558468,0.0,0.0,mark,83.07,0.0,0.9086294710355849
2022-02-27,AVAX,1,-0.036799794777291825,0.0,0.0,mark,73.02,0.0,0.8757998592669083
2022-02-27,AVAX,1,0.007617168768414085,0.0,0.0,mark,75.07,0.0,0.8824964467421109
2022-02-28,AVAX,1,-3.701644928543869e-05,0.0,0.0,mark,75.06,0.0,0.8824637804617441
2022-02-28,AVAX,1,-9.128978841268483e-05,9.128562162676154e-05,0.0,funding,75.06,0.0,0.8823832242069816
2022-02-28,AVAX,1,0.03927474628811989,0.0,0.0,mark,85.88,0.0,0.917728139563905
2022-02-28,AVAX,1,-0.05156675399166674,0.0,0.0,mark,71.76,0.0,0.8716033516859236
2022-02-28,AVAX,1,0.04678564961186504,0.0,0.0,mark,84.54,0.0,0.9133508579947481
2022-03-01,AVAX,1,0.0,0.0,0.0,mark,84.54,0.0,0.9133508579947481
2022-03-01,AVAX,1,-9.934291079945761e-05,9.933797645597515e-05,0.0,funding,84.54,0.0,0.9132601275687207
2022-03-01,AVAX,1,0.02214430594152331,0.0,0.0,mark,90.8,0.0,0.9337092190783639
2022-03-01,AVAX,1,-0.02594301183744617,0.0,0.0,mark,83.48,0.0,0.9097975018498353
2022-03-01,AVAX,1,0.01216925869446524,0.0,0.0,mark,86.89,0.0,0.9209367034549285
2022-03-02,AVAX,1,0.0,0.0,0.0,mark,86.89,0.0,0.9209367034549285
2022-03-02,AVAX,1,-0.00010126344797893426,0.00010125832100902348,0.0,funding,86.89,0.0,0.9208434509505811
2022-03-02,AVAX,1,0.010761548925592907,0.0,0.0,mark,89.94,0.0,0.930806666462468
2022-03-02,AVAX,1,-0.027214336565968555,0.0,0.0,mark,82.29,0.0,0.9058169619818336
2022-03-02,AVAX,1,0.0038512920059069794,0.0,0.0,mark,83.36,0.0,0.9093122539810857
2022-03-03,AVAX,1,-3.592480689917092e-05,0.0,0.0,mark,83.35,0.0,0.9092795877007188
2022-03-03,AVAX,1,-9.838303874926014e-05,9.837819929678548e-05,0.0,funding,83.35,0.0,0.9091901344122235
2022-03-03,AVAX,1,0.0035148563583212635,0.0,0.0,mark,84.33,0.0,0.9123914298881741
2022-03-03,AVAX,1,-0.02652051753279459,0.0,0.0,mark,77.02,0.0,0.8885123789400123
2022-03-03,AVAX,1,0.0054264903801678034,0.0,0.0,mark,78.5,0.0,0.893346988434305
2022-03-04,AVAX,1,0.0,0.0,0.0,mark,78.5,0.0,0.893346988434305
2022-03-04,AVAX,1,-9.431063409218598e-05,9.430618698409652e-05,0.0,funding,78.5,0.0,0.893262740286172
2022-03-04,AVAX,1,0.013584351935142087,0.0,0.0,mark,82.24,0.0,0.905479929143371
2022-03-04,AVAX,1,-0.026762731098615905,0.0,0.0,mark,74.92,0.0,0.8815682119148425
2022-03-04,AVAX,1,0.0032185771479822586,0.0,0.0,mark,75.79,0.0,0.8844101783067577
2022-03-05,AVAX,1,-3.693634973733713e-05,0.0,0.0,mark,75.78,0.0,0.8843775120263908
2022-03-05,AVAX,1,-9.196606125206067e-05,9.196183250343809e-05,0.0,funding,75.78,0.0,0.88429618304976
2022-03-05,AVAX,1,0.010875019023635144,0.0,0.0,mark,78.74,0.0,0.8939654020383453
2022-03-05,AVAX,1,-0.02019031970748969,0.0,0.0,mark,73.27,0.0,0.8760969466776826
2022-03-05,AVAX,1,0.012634424901966347,0.0,0.0,mark,76.68,0.0,0.8872361482827759
2022-03-06,AVAX,1,3.6817344616561304e-05,0.0,0.0,mark,76.69,0.0,0.8872688145631427
2022-03-06,AVAX,1,-9.276718346479734e-05,9.276288072263038e-05,0.0,funding,76.69,0.0,0.8871865089519284
2022-03-06,AVAX,1,-0.017082313371191097,0.0,0.0,mark,72.09,0.0,0.8721600199831809
2022-03-06,AVAX,1,0.01859079841385511,0.0,0.0,mark,77.1,0.0,0.8885258264469689
2022-03-06,AVAX,1,-0.017018947206162115,0.0,0.0,mark,72.51,0.0,0.8735320037585883
2022-03-07,AVAX,1,0.0,0.0,0.0,mark,72.51,0.0,0.8735320037585883
2022-03-07,AVAX,1,-8.909003639051609e-05,8.908606799111463e-05,0.0,funding,72.51,0.0,0.8734541842271091
2022-03-07,AVAX,1,0.014922486761719988,0.0,0.0,mark,76.53,0.0,0.8865860289345797
2022-03-07,AVAX,1,-0.023033467936481318,0.0,0.0,mark,70.35,0.0,0.8663982676678711
2022-03-07,AVAX,1,0.00503955423544497,0.0,0.0,mark,71.69,0.0,0.8707755492370279
2022-03-08,AVAX,1,-7.503082947120494e-05,0.0,0.0,mark,71.67,0.0,0.8707102166762942
2022-03-08,AVAX,1,-8.83433073438854e-05,8.833940518879267e-05,0.0,funding,71.67,0.0,0.8706332986536612
2022-03-08,AVAX,1,0.01840210551187551,0.0,0.0,mark,76.62,0.0,0.8868031074352483
2022-03-08,AVAX,1,-0.020204695762735397,0.0,0.0,mark,71.19,0.0,0.8690653171960528
2022-03-08,AVAX,1,0.006780358757853421,0.0,0.0,mark,73.0,0.0,0.8749779139424513
2022-03-09,AVAX,1,7.466488090621396e-05,0.0,0.0,mark,73.02,0.0,0.875043246503185
2022-03-09,AVAX,1,-8.956172833502835e-05,8.955771780318172e-05,0.0,funding,73.02,0.0,0.874964879627049
2022-03-09,AVAX,1,0.027325356215749705,0.0,0.0,mark,80.44,0.0,0.8992032596592461
2022-03-09,AVAX,1,-0.029867322821520333,0.0,0.0,mark,72.34,0.0,0.8727435725621038
2022-03-09,AVAX,1,0.01960668646315609,0.0,0.0,mark,77.63,0.0,0.8900240348761633
2022-03-10,AVAX,1,-0.00011011414623485967,0.0,0.0,mark,77.6,0.0,0.8899260360350628
2022-03-10,AVAX,1,-9.358771356659982e-05,9.358333437319657e-05,0.0,funding,77.6,0.0,0.8898427537892651
2022-03-10,AVAX,1,0.005126262288906774,0.0,0.0,mark,79.0,0.0,0.8944160330406231
2022-03-10,AVAX,1,-0.027774001975838403,0.0,0.0,mark,71.5,0.0,0.8699163227654914
2022-03-10,AVAX,1,0.009083527241669572,0.0,0.0,mark,73.93,0.0,0.877854228894634
2022-03-11,AVAX,1,0.0,0.0,0.0,mark,73.93,0.0,0.877854228894634
2022-03-11,AVAX,1,-9.038755410026812e-05,9.038346926832174e-05,0.0,funding,73.93,0.0,0.8777748853839147
2022-03-11,AVAX,1,0.011249804205031872,0.0,0.0,mark,76.97,0.0,0.8877054346154347
2022-03-11,AVAX,1,-0.023004085836470692,0.0,0.0,mark,70.79,0.0,0.8675176733487262
2022-03-11,AVAX,1,0.0016178507345867698,0.0,0.0,mark,71.22,0.0,0.8689223234045004
2022-03-12,AVAX,1,3.7593310096973345e-05,0.0,0.0,mark,71.23,0.0,0.8689549896848673
2022-03-12,AVAX,1,-8.797828133271776e-05,8.797441135730268e-05,0.0,funding,71.23,0.0,0.8688785438811538
2022-03-12,AVAX,1,0.008945294010764958,0.0,0.0,mark,73.62,0.0,0.8766857848888291
2022-03-12,AVAX,1,-0.011052884433488515,0.0,0.0,mark,70.67,0.0,0.8670492321806106
2022-03-12,AVAX,1,0.0010167142158667417,0.0,0.0,mark,70.94,0.0,0.8679312217505153
2022-03-13,AVAX,1,-3.7637654105659725e-05,0.0,0.0,mark,70.93,0.0,0.8678985554701485
2022-03-13,AVAX,1,-8.771436985875303e-05,8.771052306589695e-05,0.0,funding,70.93,0.0,0.8678224316338801
2022-03-13,AVAX,1,0.003982077377466451,0.0,0.0,mark,71.99,0.0,0.8712850573527653
2022-03-13,AVAX,1,-0.018083739084220927,0.0,0.0,mark,67.21,0.0,0.8556705753374146
2022-03-13,AVAX,1,0.0027829889950652525,0.0,0.0,mark,67.94,0.0,0.8580552138041941
2022-03-14,AVAX,1,-7.614317473802095e-05,0.0,0.0,mark,67.92,0.0,0.8579898812434604
2022-03-14,AVAX,1,-8.496198823791797e-05,8.495837907047291e-05,0.0,funding,67.92,0.0,0.8579169878138911
2022-03-14,AVAX,1,0.013539234794950136,0.0,0.0,mark,71.5,0.0,0.8696115161852207
2022-03-14,AVAX,1,-0.022604274802493617,0.0,0.0,mark,65.55,0.0,0.8501750793669495
2022-03-14,AVAX,1,0.013055077742979856,0.0,0.0,mark,68.97,0.0,0.8613469472524096
2022-03-15,AVAX,1,0.0,0.0,0.0,mark,68.97,0.0,0.8613469472524096
2022-03-15,AVAX,1,-8.593923335227924e-05,8.593554068225015e-05,0.0,funding,68.97,0.0,0.8612729269367825
2022-03-15,AVAX,1,0.012326145900703482,0.0,0.0,mark,72.24,0.0,0.8719548006167399
2022-03-15,AVAX,1,-0.02350123228595125,0.0,0.0,mark,66.04,0.0,0.8517017067892977
2022-03-15,AVAX,1,0.014393773034399948,0.0,0.0,mark,69.82,0.0,0.864049560767964
2022-03-16,AVAX,1,0.0,0.0,0.0,mark,69.82,0.0,0.864049560767964
2022-03-16,AVAX,1,-8.672628224352451e-05,8.672252162824434e-05,0.0,funding,69.82,0.0,0.8639746282112425
2022-03-16,AVAX,1,0.018357033445791295,0.0,0.0,mark,74.72,0.0,0.8799811055909953
2022-03-16,AVAX,1,-0.02499564877403474,0.0,0.0,mark,68.07,0.0,0.8582580291470451
2022-03-16,AVAX,1,0.02261704163826826,0.0,0.0,mark,74.08,0.0,0.8778904636475173
2022-03-17,AVAX,1,-3.721066521434278e-05,0.0,0.0,mark,74.07,0.0,0.8778577973671504
2022-03-17,AVAX,1,-9.055835910874541e-05,9.05542588243306e-05,0.0,funding,74.07,0.0,0.8777783036049567
2022-03-17,AVAX,1,-0.0033922875083447672,0.0,0.0,mark,73.16,0.0,0.874805672091574
2022-03-17,AVAX,1,0.03150001926070791,0.0,0.0,mark,81.73,0.0,0.9028006743659579
2022-03-17,AVAX,1,-0.008466441241722742,0.0,0.0,mark,79.4,0.0,0.8951894310404837
2022-03-18,AVAX,1,0.0,0.0,0.0,mark,79.4,0.0,0.8951894310404837
2022-03-18,AVAX,1,-9.519561288326291e-05,9.519108192464104e-05,0.0,funding,79.4,0.0,0.8951042169900154
2022-03-18,AVAX,1,0.02718050326842581,0.0,0.0,mark,86.95,0.0,0.9197672586669814
2022-03-18,AVAX,1,-0.037894050130548154,0.0,0.0,mark,76.48,0.0,0.8855656631228974
2022-03-18,AVAX,1,0.033480363533392676,0.0,0.0,mark,85.71,0.0,0.9157166399014929
2022-03-19,AVAX,1,3.56722771071233e-05,0.0,0.0,mark,85.72,0.0,0.9157493061818598
2022-03-19,AVAX,1,-0.00010046576288268836,0.00010046071636694654,0.0,funding,85.72,0.0,0.9156573093505482
2022-03-19,AVAX,1,0.023516677501598672,0.0,0.0,mark,92.39,0.0,0.937445718355232
2022-03-19,AVAX,1,-0.02401625541731233,0.0,0.0,mark,85.58,0.0,0.9151999814254124
2022-03-19,AVAX,1,0.014000292409635452,0.0,0.0,mark,89.53,0.0,0.9281031621703151
2022-03-20,AVAX,1,3.519620106616379e-05,0.0,0.0,mark,89.54,0.0,0.928135828450682
2022-03-20,AVAX,1,-0.0001035425228636608,0.00010353716252161195,0.0,funding,89.54,0.0,0.9280397319005695
2022-03-20,AVAX,1,0.001547567847968612,0.0,0.0,mark,89.98,0.0,0.9294770482367106
2022-03-20,AVAX,1,-0.020307634016393086,0.0,0.0,mark,84.26,0.0,0.9107919358668768
2022-03-20,AVAX,1,0.0020780556792563093,0.0,0.0,mark,84.84,0.0,0.9126865801281536
2022-03-21,AVAX,1,0.00010736827115144539,0.0,0.0,mark,84.87,0.0,0.9127845789692541
2022-03-21,AVAX,1,-9.979258762135177e-05,9.978760850669299e-05,0.0,funding,84.87,0.0,0.912693494379037
2022-03-21,AVAX,1,0.02694236238208608,0.0,0.0,mark,92.5,0.0,0.9376178662989377
2022-03-21,AVAX,1,-0.03358572944329932,0.0,0.0,mark,83.02,0.0,0.9066502325111712
2022-03-21,AVAX,1,0.011570377593518016,0.0,0.0,mark,86.25,0.0,0.9172014410696613
2022-03-22,AVAX,1,-3.561579891335188e-05,0.0,0.0,mark,86.24,0.0,0.9171687747892944
2022-03-22,AVAX,1,-0.00010091880699015596,0.00010091371485870397,0.0,funding,86.24,0.0,0.917076219881078
2022-03-22,AVAX,1,0.012917518567924826,0.0,0.0,mark,89.89,0.0,0.9289994122149755
2022-03-22,AVAX,1,-0.02200618267195768,0.0,0.0,mark,83.7,0.0,0.9087789846679001
2022-03-22,AVAX,1,0.0010059606229274448,0.0,0.0,mark,83.98,0.0,0.9096936405181717
2022-03-23,AVAX,1,-3.5909745253066505e-05,0.0,0.0,mark,83.97,0.0,0.9096609742378048
2022-03-23,AVAX,1,-9.907334126421028e-05,9.906843366272541e-05,0.0,funding,83.97,0.0,0.9095708555499229
2022-03-23,AVAX,1,0.011888396806069767,0.0,0.0,mark,87.3,0.0,0.9204487269120813
2022-03-23,AVAX,1,-0.018229312829520988,0.0,0.0,mark,82.21,0.0,0.9038215902053586
2022-03-23,AVAX,1,0.013605000000068219,0.0,0.0,mark,86.0,0.0,0.9162021104643918
2022-03-24,AVAX,1,-3.565464688374231e-05,0.0,0.0,mark,85.99,0.0,0.9161694441840249
2022-03-24,AVAX,1,-0.0001007360057332785,0.00010073093203227547,0.0,funding,85.99,0.0,0.9160771575820128
2022-03-24,AVAX,1,0.008203459429180214,0.0,0.0,mark,88.3,0.0,0.9236230683467533
2022-03-24,AVAX,1,-0.016654564002522822,0.0,0.0,mark,83.63,0.0,0.9083679154154379
2022-03-24,AVAX,1,0.014033934826818766,0.0,0.0,mark,87.56,0.0,0.921205763599607
2022-03-25,AVAX,1,3.5459722998246206e-05,0.0,0.0,mark,87.57,0.0,0.9212384298799738
2022-03-25,AVAX,1,-0.00010202254748912937,0.0001020173433659541,0.0,funding,87.57,0.0,0.9211444475827508
2022-03-25,AVAX,1,-0.019046399414126836,0.0,0.0,mark,82.25,0.0,0.9037659864275908
2022-03-25,AVAX,1,0.019861709337437975,0.0,0.0,mark,87.8,0.0,0.9218957720311882
2022-03-25,AVAX,1,-0.015209889551090174,0.0,0.0,mark,83.54,0.0,0.9079799365949134
2022-03-26,AVAX,1,0.0,0.0,0.0,mark,83.54,0.0,0.9079799365949134
2022-03-26,AVAX,1,-9.874846835860195e-05,9.874359288904225e-05,0.0,funding,83.54,0.0,0.9078902793937028
2022-03-26,AVAX,1,0.011447958153205052,0.0,0.0,mark,86.74,0.0,0.9183434891110923
2022-03-26,AVAX,1,-0.01534141399409868,0.0,0.0,mark,82.46,0.0,0.9043623211140838
2022-03-26,AVAX,1,0.012206267659354527,0.0,0.0,mark,85.86,0.0,0.9154688564388102
2022-03-27,AVAX,1,3.5681932096964926e-05,0.0,0.0,mark,85.87,0.0,0.9155015227191771
2022-03-27,AVAX,1,-0.00010066881543487914,0.00010066374849971675,0.0,funding,85.87,0.0,0.9154093649041429
2022-03-27,AVAX,1,0.014595144533499875,0.0,0.0,mark,89.99,0.0,0.9288678724152819
2022-03-27,AVAX,1,-0.01985462989916375,0.0,0.0,mark,84.4,0.0,0.910607421690217
2022-03-27,AVAX,1,0.019467708771629316,0.0,0.0,mark,89.88,0.0,0.9285085433312465
2022-03-28,AVAX,1,0.0,0.0,0.0,mark,89.88,0.0,0.9285085433312465
2022-03-28,AVAX,1,-0.00010389399021917393,0.00010388859342545631,0.0,funding,89.88,0.0,0.9284120818846964
2022-03-28,AVAX,1,0.022096606135251676,0.0,0.0,mark,96.23,0.0,0.9491551699176413
2022-03-28,AVAX,1,-0.02668116335590191,0.0,0.0,mark,88.58,0.0,0.9241654654370068
2022-03-28,AVAX,1,0.0035284464597307467,0.0,0.0,mark,89.58,0.0,0.927432093473691
2022-03-29,AVAX,1,-3.522290839497506e-05,0.0,0.0,mark,89.57,0.0,0.9273994271933241
2022-03-29,AVAX,1,-0.00010365946586919271,0.00010365409341243831,0.0,funding,89.57,0.0,0.9273032984464672
2022-03-29,AVAX,1,0.023981654687785823,0.0,0.0,mark,96.46,0.0,0.9498103656192216
2022-03-29,AVAX,1,-0.025039028916043392,0.0,0.0,mark,89.27,0.0,0.926323310035462
2022-03-29,AVAX,1,0.01216249954853844,0.0,0.0,mark,92.74,0.0,0.9376585093227563
2022-03-30,AVAX,1,-3.483874893844301e-05,0.0,0.0,mark,92.73,0.0,0.9376258430423895
2022-03-30,AVAX,1,-0.00010614619888379001,0.00010614056557536414,0.0,funding,92.73,0.0,0.937526322905111
2022-03-30,AVAX,1,-0.011318115375358678,0.0,0.0,mark,89.5,0.0,0.9269751143466208
2022-03-30,AVAX,1,0.03796332470886345,0.0,0.0,mark,100.48,0.0,0.9628426901894137
2022-03-30,AVAX,1,-0.01676392005997199,0.0,0.0,mark,95.58,0.0,0.9468362128096609
2022-03-31,AVAX,1,-3.4501050380965717e-05,0.0,0.0,mark,95.57,0.0,0.946803546529294
2022-03-31,AVAX,1,-0.00010833678452509929,0.00010833091630761846,0.0,funding,95.57,0.0,0.9467009784335352
2022-03-31,AVAX,1,0.021876896917348,0.0,0.0,mark,101.98,0.0,0.9676400641486812
2022-03-31,AVAX,1,-0.02841977241162565,0.0,0.0,mark,93.68,0.0,0.940527051444202
2022-03-31,AVAX,1,0.012871796131033265,0.0,0.0,mark,97.41,0.0,0.9527115740210341
2022-04-01,AVAX,1,6.857303145564905e-05,0.0,0.0,mark,97.43,0.0,0.9527769065817678
2022-04-01,AVAX,1,-0.00010975290376834628,0.00010974688113878123,0.0,funding,97.43,0.0,0.9526723422878495
2022-04-01,AVAX,1,0.008093675150865828,0.0,0.0,mark,99.8,0.0,0.960414250734791
2022-04-01,AVAX,1,-0.03298622697905581,0.0,0.0,mark,90.26,0.0,0.9292506192648234
2022-04-01,AVAX,1,0.02283308638562359,0.0,0.0,mark,96.83,0.0,0.9507123654658388
2022-04-02,AVAX,1,-6.872194790256432e-05,0.0,0.0,mark,96.81,0.0,0.9506470329051051
2022-04-02,AVAX,1,-0.00010929879234954673,0.00010929281945410373,0.0,funding,96.81,0.0,0.9505431340105732
2022-04-02,AVAX,1,0.02313352967639589,0.0,0.0,mark,103.62,0.0,0.9727888709403929
2022-04-02,AVAX,1,-0.026851952795727264,0.0,0.0,mark,95.73,0.0,0.9470151757309543
2022-04-02,AVAX,1,0.001792077913496706,0.0,0.0,mark,96.25,0.0,0.9487138223100301
2022-04-03,AVAX,1,0.0,0.0,0.0,mark,96.25,0.0,0.9487138223100301
2022-04-03,AVAX,1,-0.00010888795994672832,0.00010888203186799496,0.0,funding,96.25,0.0,0.9486105244213957
2022-04-03,AVAX,1,0.013136729083142125,0.0,0.0,mark,100.09,0.0,0.9611543760822632
2022-04-03,AVAX,1,-0.01949309816361992,0.0,0.0,mark,94.41,0.0,0.9425999288338966
2022-04-03,AVAX,1,0.012535704008025596,0.0,0.0,mark,98.05,0.0,0.9544904548874272
2022-04-04,AVAX,1,-0.00010267663943690191,0.0,0.0,mark,98.02,0.0,0.9543924560463267
2022-04-04,AVAX,1,-0.00011023064358309001,0.00011022456840890731,0.0,funding,98.02,0.0,0.9542872585497663
2022-04-04,AVAX,1,-0.024990278366470303,0.0,0.0,mark,90.81,0.0,0.9307348704052729
2022-04-04,AVAX,1,0.025195643737919528,0.0,0.0,mark,98.08,0.0,0.9544832562319673
2022-04-04,AVAX,1,-0.006592701310280806,0.0,0.0,mark,96.16,0.0,0.9482113304015335
2022-04-05,AVAX,1,0.0,0.0,0.0,mark,96.16,0.0,0.9482113304015335
2022-04-05,AVAX,1,-0.00010884378999062797,0.00010883786672021491,0.0,funding,96.16,0.0,0.9481081291031327
2022-04-05,AVAX,1,0.005291915540269365,0.0,0.0,mark,97.7,0.0,0.9531387362796264
2022-04-05,AVAX,1,-0.024634298677303053,0.0,0.0,mark,90.6,0.0,0.9299456772191683
2022-04-05,AVAX,1,0.0016145418117829605,0.0,0.0,mark,91.06,0.0,0.9314483261160431
2022-04-06,AVAX,1,3.5069801141187196e-05,0.0,0.0,mark,91.07,0.0,0.9314809923964099
2022-04-06,AVAX,1,-0.00010493366263378426,0.0001049281572895636,0.0,funding,91.07,0.0,0.9313832538123274
2022-04-06,AVAX,1,0.000140281625409455,0.0,0.0,mark,91.11,0.0,0.9315139189337949
2022-04-06,AVAX,1,-0.03018874789443733,0.0,0.0,mark,82.63,0.0,0.9038129131827125
2022-04-06,AVAX,1,0.001119797911850793,0.0,0.0,mark,82.94,0.0,0.9048255678740846
2022-04-07,AVAX,1,0.0,0.0,0.0,mark,82.94,0.0,0.9048255678740846
2022-04-07,AVAX,1,-9.838100089107217e-05,9.837616163908548e-05,0.0,funding,82.94,0.0,0.9047365546077643
2022-04-07,AVAX,1,0.020442172702940475,0.0,0.0,mark,88.66,0.0,0.9234216669775981
2022-04-07,AVAX,1,-0.026235859392759377,0.0,0.0,mark,81.34,0.0,0.8995099497490695
2022-04-07,AVAX,1,0.022301476130552403,0.0,0.0,mark,87.55,0.0,0.9197957098568785
2022-04-08,AVAX,1,3.5514082055112345e-05,0.0,0.0,mark,87.56,0.0,0.9198283761372454
2022-04-08,AVAX,1,-0.00010216728240205901,0.00010216206350301445,0.0,funding,87.56,0.0,0.9197344045722706
2022-04-08,AVAX,1,-0.017448155528741894,0.0,0.0,mark,82.69,0.0,0.9038259260336183
2022-04-08,AVAX,1,0.028046913712136655,0.0,0.0,mark,90.56,0.0,0.9295342886823232
2022-04-08,AVAX,1,-0.02454724882277525,0.0,0.0,mark,83.66,0.0,0.906994555229202
2022-04-09,AVAX,1,0.0,0.0,0.0,mark,83.66,0.0,0.906994555229202
2022-04-09,AVAX,1,-9.89977636031446e-05,9.899286348625855e-05,0.0,funding,83.66,0.0,0.9069047692410135
2022-04-09,AVAX,1,0.006820398150514156,0.0,0.0,mark,85.56,0.0,0.9131113625107136
2022-04-09,AVAX,1,-0.013252515654438714,0.0,0.0,mark,81.88,0.0,0.9010901713357156
2022-04-09,AVAX,1,0.00963272793983084,0.0,0.0,mark,84.55,0.0,0.9098120681936624
2022-04-10,AVAX,1,7.180627450633983e-05,0.0,0.0,mark,84.57,0.0,0.9098774007543962
2022-04-10,AVAX,1,-9.97575606351546e-05,9.975258501506181e-05,0.0,funding,84.57,0.0,0.9097866381316241
2022-04-10,AVAX,1,0.0039060532915209077,0.0,0.0,mark,85.66,0.0,0.9133472626916099
2022-04-10,AVAX,1,-0.018008139607252546,0.0,0.0,mark,80.67,0.0,0.8970467887885556
2022-04-10,AVAX,1,0.001237356346349304,0.0,0.0,mark,81.01,0.0,0.8981574423210282
2022-04-11,AVAX,1,-3.6370988964396825e-05,0.0,0.0,mark,81.0,0.0,0.8981247760406613
2022-04-11,AVAX,1,-9.679659206047546e-05,9.679190742142548e-05,0.0,funding,81.0,0.0,0.8980378448304859
2022-04-11,AVAX,1,-0.030544022007240244,0.0,0.0,mark,72.73,0.0,0.8710228309671073
2022-04-11,AVAX,1,0.03250635461840072,0.0,0.0,mark,81.54,0.0,0.8998018239702954
2022-04-11,AVAX,1,-0.026449192452225448,0.0,0.0,mark,74.35,0.0,0.8763147683865357
2022-04-12,AVAX,1,0.0,0.0,0.0,mark,74.35,0.0,0.8763147683865357
2022-04-12,AVAX,1,-9.10607707869916e-05,9.105662488082089e-05,0.0,funding,74.35,0.0,0.8762349741213932
2022-04-12,AVAX,1,0.019017359613511635,0.0,0.0,mark,79.5,0.0,0.893058108510317
2022-04-12,AVAX,1,-0.020771069365704598,0.0,0.0,mark,73.88,0.0,0.8746996589441516
2022-04-12,AVAX,1,0.009034077248201381,0.0,0.0,mark,76.31,0.0,0.8826375650732943
2022-04-13,AVAX,1,3.700916116350672e-05,0.0,0.0,mark,76.32,0.0,0.8826702313536611
2022-04-13,AVAX,1,-9.28005904815853e-05,9.279628463999853e-05,0.0,funding,76.32,0.0,0.8825883228356292
2022-04-13,AVAX,1,0.015899094317034634,0.0,0.0,mark,80.65,0.0,0.8967328222344719
2022-04-13,AVAX,1,-0.01782556814352919,0.0,0.0,mark,75.8,0.0,0.8808896762565533
2022-04-13,AVAX,1,0.016184958205103867,0.0,0.0,mark,80.2,0.0,0.895262839617964
2022-04-14,AVAX,1,0.0,0.0,0.0,mark,80.2,0.0,0.895262839617964
2022-04-14,AVAX,1,-9.614692399628962e-05,9.614230202893448e-05,0.0,funding,80.2,0.0,0.8951767669876423
2022-04-14,AVAX,1,0.006075575076191142,0.0,0.0,mark,81.87,0.0,0.9006320358089049
2022-04-14,AVAX,1,-0.020927864032254766,0.0,0.0,mark,76.16,0.0,0.8819795897194379
2022-04-14,AVAX,1,0.0024045414206032194,0.0,0.0,mark,76.81,0.0,0.8841028979432827
2022-04-15,AVAX,1,-3.6949187637384994e-05,0.0,0.0,mark,76.8,0.0,0.8840702316629158
2022-04-15,AVAX,1,-9.323638042977306e-05,9.323203405351778e-05,0.0,funding,76.8,0.0,0.8839878079969716
2022-04-15,AVAX,1,0.006372575521846692,0.0,0.0,mark,78.53,0.0,0.8896390745004353
2022-04-15,AVAX,1,-0.013976844505770768,0.0,0.0,mark,74.75,0.0,0.8772912205217689
2022-04-15,AVAX,1,0.009929622129928184,0.0,0.0,mark,77.43,0.0,0.8860457836600827
2022-04-16,AVAX,1,3.686680623293742e-05,0.0,0.0,mark,77.44,0.0,0.8860784499404495
2022-04-16,AVAX,1,-9.380030378801142e-05,9.379590467700846e-05,0.0,funding,77.44,0.0,0.8859953394106225
2022-04-16,AVAX,1,0.003018744960984518,0.0,0.0,mark,78.26,0.0,0.8886739744007036
2022-04-16,AVAX,1,-0.006490505531924467,0.0,0.0,mark,76.5,0.0,0.8829247090561393
2022-04-16,AVAX,1,0.004577236853113042,0.0,0.0,mark,77.74,0.0,0.8869753278216277
2022-04-17,AVAX,1,0.0,0.0,0.0,mark,77.74,0.0,0.8869753278216277
2022-04-17,AVAX,1,-9.406848071257057e-05,9.406405641176792e-05,0.0,funding,77.74,0.0,0.8868918953243556
2022-04-17,AVAX,1,0.0034562577270557575,0.0,0.0,mark,78.68,0.0,0.8899625256788388
2022-04-17,AVAX,1,-0.013301963409941988,0.0,0.0,mark,75.08,0.0,0.8782026647467756
2022-04-17,AVAX,1,0.0012638902758750816,0.0,0.0,mark,75.42,0.0,0.8793133182792482
2022-04-18,AVAX,1,-3.7150451920922845e-05,0.0,0.0,mark,75.41,0.0,0.8792806519988813
2022-04-18,AVAX,1,-9.204752556705314e-05,9.204328932350766e-05,0.0,funding,75.41,0.0,0.8791997201154328
2022-04-18,AVAX,1,0.00939300597872011,0.0,0.0,mark,77.95,0.0,0.8874969553286107
2022-04-18,AVAX,1,-0.02402699607437749,0.0,0.0,mark,71.5,0.0,0.8664272044919974
2022-04-18,AVAX,1,0.023216909582596264,0.0,0.0,mark,77.73,0.0,0.8867782971605402
2022-04-19,AVAX,1,0.0,0.0,0.0,mark,77.73,0.0,0.8867782971605402
2022-04-19,AVAX,1,-9.407727884052952e-05,9.407285371214678e-05,0.0,funding,77.73,0.0,0.8866948753955164
2022-04-19,AVAX,1,-0.003432049018635483,0.0,0.0,mark,76.8,0.0,0.8836569113214
2022-04-19,AVAX,1,0.015770859506339278,0.0,0.0,mark,81.1,0.0,0.8977034118791422
2022-04-19,AVAX,1,-0.0029883358785202895,0.0,0.0,mark,80.28,0.0,0.8950247768890611
2022-04-20,AVAX,1,-3.649829294765242e-05,0.0,0.0,mark,80.27,0.0,0.8949921106086942
2022-04-20,AVAX,1,-9.625995737165719e-05,9.625532453066027e-05,0.0,funding,80.27,0.0,0.8949059628526352
2022-04-20,AVAX,1,0.003789069548611494,0.0,0.0,mark,81.31,0.0,0.8983032560107869
2022-04-20,AVAX,1,-0.014099231875064115,0.0,0.0,mark,77.46,0.0,0.8857267380695525
2022-04-20,AVAX,1,0.002762238936050378,0.0,0.0,mark,78.21,0.0,0.8881767090970657
2022-04-21,AVAX,1,3.677835652521347e-05,0.0,0.0,mark,78.22,0.0,0.8882093753774326
2022-04-21,AVAX,1,-9.45178184874813e-05,9.451335181925784e-05,0.0,funding,78.22,0.0,0.8881254277322485
2022-04-21,AVAX,1,0.007292792970475387,0.0,0.0,mark,80.21,0.0,0.8946260175252501
2022-04-21,AVAX,1,-0.02245058710229709,0.0,0.0,mark,74.13,0.0,0.8747649190622099
2022-04-21,AVAX,1,0.0033180095974771466,0.0,0.0,mark,75.02,0.0,0.8776722180148588
2022-04-22,AVAX,1,-3.721991834556438e-05,0.0,0.0,mark,75.01,0.0,0.877639551734492
2022-04-22,AVAX,1,-9.173046689756596e-05,9.172625978695338e-05,0.0,funding,75.01,0.0,0.8775590491409704
2022-04-22,AVAX,1,0.008192856331188804,0.0,0.0,mark,77.22,0.0,0.8847782971020425
2022-04-22,AVAX,1,-0.014466128494375159,0.0,0.0,mark,73.33,0.0,0.8720711140393408
2022-04-22,AVAX,1,0.002618647658256688,0.0,0.0,mark,74.03,0.0,0.8743577536650198
2022-04-23,AVAX,1,3.7359616282749794e-05,0.0,0.0,mark,74.04,0.0,0.8743904199453867
2022-04-23,AVAX,1,-9.088065748543292e-05,9.087652796355587e-05,0.0,funding,74.04,0.0,0.8743109583799374
2022-04-23,AVAX,1,0.0014187610060456218,0.0,0.0,mark,74.42,0.0,0.8755522770338774
2022-04-23,AVAX,1,-0.0077530111058468935,0.0,0.0,mark,72.35,0.0,0.868790356997941
2022-04-23,AVAX,1,0.00180316023184254,0.0,0.0,mark,72.83,0.0,0.8703583384555494
2022-04-24,AVAX,1,3.753128559091033e-05,0.0,0.0,mark,72.84,0.0,0.8703910047359164
2022-04-24,AVAX,1,-8.981849079065493e-05,8.981445723071814e-05,0.0,funding,72.84,0.0,0.8703128310402475
2022-04-24,AVAX,1,-0.006930205738284683,0.0,0.0,mark,71.0,0.0,0.8643022354527484
2022-04-24,AVAX,1,0.009366941390581099,0.0,0.0,mark,73.49,0.0,0.8724361392640921
2022-04-24,AVAX,1,-0.007441253053968027,0.0,0.0,mark,71.51,0.0,0.8659682157514574
2022-04-25,AVAX,1,-3.7722974020518425e-05,0.0,0.0,mark,71.5,0.0,0.8659355494710905
2022-04-25,AVAX,1,-8.861973001819309e-05,8.861580340589051e-05,0.0,funding,71.5,0.0,0.8658588138966764
2022-04-25,AVAX,1,0.005605586585323586,0.0,0.0,mark,72.99,0.0,0.8707260896713359
2022-04-25,AVAX,1,-0.021347838076967256,0.0,0.0,mark,67.36,0.0,0.8523349738248037
2022-04-25,AVAX,1,0.020935075381303316,0.0,0.0,mark,72.88,0.0,0.8703667605873007
2022-04-26,AVAX,1,7.506043633261093e-05,0.0,0.0,mark,72.9,0.0,0.8704320931480344
2022-04-26,AVAX,1,-8.988823616272012e-05,8.988419633623116e-05,0.0,funding,72.9,0.0,0.8703538550588765
2022-04-26,AVAX,1,0.001050349320535072,0.0,0.0,mark,73.18,0.0,0.8712685109091481
2022-04-26,AVAX,1,-0.02152592952424969,0.0,0.0,mark,67.5,0.0,0.8527140636607816
2022-04-26,AVAX,1,0.004586497693869864,0.0,0.0,mark,68.7,0.0,0.8566340173048027
2022-04-27,AVAX,1,0.0,0.0,0.0,mark,68.7,0.0,0.8566340173048027
2022-04-27,AVAX,1,-8.607376851194802e-05,8.60700642714756e-05,0.0,funding,68.7,0.0,0.8565602867598762
2022-04-27,AVAX,1,-0.001450241152199759,0.0,0.0,mark,68.32,0.0,0.8553189681059361
2022-04-27,AVAX,1,0.01388145090899536,0.0,0.0,mark,71.98,0.0,0.8672748267202004
2022-04-27,AVAX,1,-0.00801712284528213,0.0,0.0,mark,69.86,0.0,0.8603495752824298
2022-04-28,AVAX,1,0.0,0.0,0.0,mark,69.86,0.0,0.8603495752824298
2022-04-28,AVAX,1,-8.714917161756051e-05,8.714537423888604e-05,0.0,funding,69.86,0.0,0.8602745997967156
2022-04-28,AVAX,1,-0.012263882019066131,0.0,0.0,mark,66.65,0.0,0.8497887237989592
2022-04-28,AVAX,1,0.015675528746667472,0.0,0.0,mark,70.76,0.0,0.8632145650297314
2022-04-28,AVAX,1,-0.013333404817524352,0.0,0.0,mark,67.26,0.0,0.8517813669013365
2022-04-29,AVAX,1,0.0,0.0,0.0,mark,67.26,0.0,0.8517813669013365
2022-04-29,AVAX,1,-8.474963513987987e-05,8.474604399096489e-05,0.0,funding,67.26,0.0,0.8517091818001464
2022-04-29,AVAX,1,-0.019597809559273736,0.0,0.0,mark,62.2,0.0,0.8351800439345242
2022-04-29,AVAX,1,0.02239372446540375,0.0,0.0,mark,67.99,0.0,0.8540938202669258
2022-04-29,AVAX,1,-0.017711161561513807,0.0,0.0,mark,63.4,0.0,0.8390999975785451
2022-04-30,AVAX,1,0.0,0.0,0.0,mark,63.4,0.0,0.8390999975785451
2022-04-30,AVAX,1,-8.109309083139085e-05,8.108980287559959e-05,0.0,funding,63.4,0.0,0.8390319551251486
2022-04-30,AVAX,1,0.004854858216216989,0.0,0.0,mark,64.65,0.0,0.8431152401710039
2022-04-30,AVAX,1,-0.03790432790669316,0.0,0.0,mark,55.05,0.0,0.8117556110188352
2022-04-30,AVAX,1,0.007736608643600309,0.0,0.0,mark,56.98,0.0,0.8180602031296358
2022-05-01,AVAX,1,0.0,0.0,0.0,mark,56.98,0.0,0.8180602031296358
2022-05-01,AVAX,1,-7.475566664701797e-05,7.475287251182321e-05,0.0,funding,56.98,0.0,0.8179990507795643
2022-05-01,AVAX,1,-0.002839367775851186,0.0,0.0,mark,56.27,0.0,0.8156797448735185
2022-05-01,AVAX,1,0.019315586112516724,0.0,0.0,mark,61.14,0.0,0.8315882234121706
2022-05-01,AVAX,1,-0.00935339297294788,0.0,0.0,mark,58.77,0.0,0.823846314965229
2022-05-02,AVAX,1,-0.00011895989385606312,0.0,0.0,mark,58.74,0.0,0.8237483161241285
2022-05-02,AVAX,1,-7.653264583622764e-05,7.65297172879828e-05,0.0,funding,58.74,0.0,0.8236852748983791
2022-05-02,AVAX,1,0.014645265950145347,0.0,0.0,mark,62.46,0.0,0.8358371311948444
2022-05-02,AVAX,1,-0.022608627855596794,0.0,0.0,mark,56.74,0.0,0.8171520188250105
2022-05-02,AVAX,1,0.014288705344798334,0.0,0.0,mark,60.34,0.0,0.8289118797570738
2022-05-03,AVAX,1,0.0,0.0,0.0,mark,60.34,0.0,0.8289118797570738
2022-05-03,AVAX,1,-7.81276234307254e-05,7.812457154743479e-05,0.0,funding,60.34,0.0,0.8288471213716172
2022-05-03,AVAX,1,0.008672274261649363,0.0,0.0,mark,62.55,0.0,0.8360663693326893
2022-05-03,AVAX,1,-0.017460174070752177,0.0,0.0,mark,58.12,0.0,0.8215952071301781
2022-05-03,AVAX,1,0.005985746203843125,0.0,0.0,mark,59.63,0.0,0.8265278154655713
2022-05-04,AVAX,1,0.0,0.0,0.0,mark,59.63,0.0,0.8265278154655713
2022-05-04,AVAX,1,-7.743099787253126e-05,7.742800017020092e-05,0.0,funding,59.63,0.0,0.8264638190697348
2022-05-04,AVAX,1,0.031168974867148716,0.0,0.0,mark,67.64,0.0,0.8526295096435754
2022-05-04,AVAX,1,-0.03247416315054661,0.0,0.0,mark,59.3,0.0,0.8253858318176289
2022-05-04,AVAX,1,0.031055598770380166,0.0,0.0,mark,67.27,0.0,0.8514208572700023
2022-05-05,AVAX,1,3.836604829912746e-05,0.0,0.0,mark,67.28,0.0,0.8514535235503692
2022-05-05,AVAX,1,-8.480747986926043e-05,8.480388381665198e-05,0.0,funding,67.28,0.0,0.8513813169846828
2022-05-05,AVAX,1,0.00855783585537805,0.0,0.0,mark,69.52,0.0,0.8586985637868555
2022-05-05,AVAX,1,-0.05075884925128746,0.0,0.0,mark,56.51,0.0,0.8161997330295936
2022-05-05,AVAX,1,0.010074748591166813,0.0,0.0,mark,59.04,0.0,0.8244643019624047
2022-05-06,AVAX,1,0.0,0.0,0.0,mark,59.04,0.0,0.8244643019624047
2022-05-06,AVAX,1,-7.685672747590902e-05,7.68537740733072e-05,0.0,funding,59.04,0.0,0.8244009387692102
2022-05-06,AVAX,1,-0.01613771796089437,0.0,0.0,mark,55.0,0.0,0.8112037615010058
2022-05-06,AVAX,1,0.01756317501489913,0.0,0.0,mark,59.4,0.0,0.8255769248624164
2022-05-06,AVAX,1,-0.00954165429541549,0.0,0.0,mark,57.0,0.0,0.8177370175743742
2022-05-07,AVAX,1,0.0,0.0,0.0,mark,57.0,0.0,0.8177370175743742
2022-05-07,AVAX,1,-7.481146326142038e-05,7.480866495360977e-05,0.0,funding,57.0,0.0,0.8176758437598063
2022-05-07,AVAX,1,0.00211512000856929,0.0,0.0,mark,57.53,0.0,0.8194071566192489
2022-05-07,AVAX,1,-0.017250341774492032,0.0,0.0,mark,53.24,0.0,0.8053933223418736
2022-05-07,AVAX,1,0.00727417326954978,0.0,0.0,mark,55.04,0.0,0.8112732528079052
2022-05-08,AVAX,1,4.026463661930379e-05,0.0,0.0,mark,55.05,0.0,0.811305919088272
2022-05-08,AVAX,1,-7.282478297301569e-05,7.282213131289312e-05,0.0,funding,55.05,0.0,0.8112468380620972
2022-05-08,AVAX,1,0.001689775374582324,0.0,0.0,mark,55.47,0.0,0.8126188218375046
2022-05-08,AVAX,1,-0.019647970004342683,0.0,0.0,mark,50.63,0.0,0.7968083421399529
2022-05-08,AVAX,1,0.00405043037143726,0.0,0.0,mark,51.62,0.0,0.8000423038962703
2022-05-09,AVAX,1,0.0,0.0,0.0,mark,51.62,0.0,0.8000423038962703
2022-05-09,AVAX,1,-6.924856721394214e-05,6.924616958719415e-05,0.0,funding,51.62,0.0,0.7999869040312177
2022-05-09,AVAX,1,0.005862806834008877,0.0,0.0,mark,53.06,0.0,0.804690848404043
2022-05-09,AVAX,1,-0.04955631007752916,0.0,0.0,mark,41.15,0.0,0.7657853084871338
2022-05-09,AVAX,1,0.00021326340991052994,0.0,0.0,mark,41.2,0.0,0.765948639888968
2022-05-10,AVAX,1,0.0,0.0,0.0,mark,41.2,0.0,0.765948639888968
2022-05-10,AVAX,1,-5.772990052678939e-05,5.772823418813577e-05,0.0,funding,41.2,0.0,0.7659044230265084
2022-05-10,AVAX,1,0.038159904391299675,0.0,0.0,mark,50.32,0.0,0.7956960707210686
2022-05-10,AVAX,1,-0.04329111813899241,0.0,0.0,mark,40.0,0.0,0.7619844693824873
2022-05-10,AVAX,1,0.019444194150219748,0.0,0.0,mark,44.58,0.0,0.7769456257905011
2022-05-11,AVAX,1,0.0,0.0,0.0,mark,44.58,0.0,0.7769456257905011
2022-05-11,AVAX,1,-6.158196139175222e-05,6.158006526172177e-05,0.0,funding,44.58,0.0,0.7768977814281601
2022-05-11,AVAX,1,0.006997323290215766,0.0,0.0,mark,46.25,0.0,0.7823530502494228
2022-05-11,AVAX,1,-0.08783971323450157,0.0,0.0,mark,26.11,0.0,0.7165631615906023
2022-05-11,AVAX,1,0.022805217754978985,0.0,0.0,mark,31.17,0.0,0.7330922994562246
2022-05-12,AVAX,1,0.0,0.0,0.0,mark,31.17,0.0,0.7330922994562246
2022-05-12,AVAX,1,-4.563297260450898e-05,4.563193143631989e-05,0.0,funding,31.17,0.0,0.7330588470386793
2022-05-12,AVAX,1,0.012268004538989862,0.0,0.0,mark,33.94,0.0,0.7421074067002946
2022-05-12,AVAX,1,-0.04699837312422391,0.0,0.0,mark,23.51,0.0,0.7080364762776781
2022-05-12,AVAX,1,0.030935440336563612,0.0,0.0,mark,30.32,0.0,0.7302822132074978
2022-05-13,AVAX,1,-4.4732037007215005e-05,0.0,0.0,mark,30.31,0.0,0.730249546927131
2022-05-13,AVAX,1,-4.454664694245645e-05,4.4545654755364525e-05,0.0,funding,30.31,0.0,0.7302170174829283
2022-05-13,AVAX,1,0.033779497352312324,0.0,0.0,mark,37.99,0.0,0.7553047208046633
2022-05-13,AVAX,1,-0.03718515231644489,0.0,0.0,mark,29.55,0.0,0.7277343801750483
2022-05-13,AVAX,1,0.011869392025362559,0.0,0.0,mark,32.21,0.0,0.7364236107526284
2022-05-14,AVAX,1,-4.4358986345309585e-05,0.0,0.0,mark,32.2,0.0,0.7363909444722616
2022-05-14,AVAX,1,-4.6929759617640806e-05,4.6928658433648236e-05,0.0,funding,32.2,0.0,0.7363563866331548
2022-05-14,AVAX,1,0.00936080567091638,0.0,0.0,mark,34.32,0.0,0.7432816380709254
2022-05-14,AVAX,1,-0.02244410120614855,0.0,0.0,mark,29.27,0.0,0.72678516648567
2022-05-14,AVAX,1,0.020728630349021573,0.0,0.0,mark,33.93,0.0,0.7420076531366185
2022-05-15,AVAX,1,0.0,0.0,0.0,mark,33.93,0.0,0.7420076531366185
2022-05-15,AVAX,1,-4.907686793895171e-05,4.9075663689201755e-05,0.0,funding,33.93,0.0,0.7419712386185784
2022-05-15,AVAX,1,0.013729588131212249,0.0,0.0,mark,37.07,0.0,0.7522284506537669
2022-05-15,AVAX,1,-0.02284039244345419,0.0,0.0,mark,31.87,0.0,0.7352419848630088
2022-05-15,AVAX,1,0.020666731242968358,0.0,0.0,mark,36.57,0.0,0.7505951366354248
2022-05-16,AVAX,1,-4.352145333690526e-05,0.0,0.0,mark,36.56,0.0,0.750562470355058
2022-05-16,AVAX,1,-5.227829326905136e-05,5.227692678298157e-05,0.0,funding,36.56,0.0,0.7505232332557492
2022-05-16,AVAX,1,0.0,0.0,0.0,mark,36.56,0.0,0.7505232332557492
2022-05-16,AVAX,1,-0.02271477081130671,0.0,0.0,mark,31.4,0.0,0.7336674325864585
2022-05-16,AVAX,1,0.005151566430669964,0.0,0.0,mark,32.56,0.0,0.7374567211090123
2022-05-17,AVAX,1,0.0,0.0,0.0,mark,32.56,0.0,0.7374567211090123
2022-05-17,AVAX,1,-4.738586954031669e-05,4.7384746847697156e-05,0.0,funding,32.56,0.0,0.7374217769089714
2022-05-17,AVAX,1,0.0141194942914932,0.0,0.0,mark,35.77,0.0,0.7479076529067278
2022-05-17,AVAX,1,-0.015715493780911395,0.0,0.0,mark,32.2,0.0,0.736245790815765
2022-05-17,AVAX,1,0.009669844782473463,0.0,0.0,mark,34.39,0.0,0.7433997062161035
2022-05-18,AVAX,1,4.394077964797533e-05,0.0,0.0,mark,34.4,0.0,0.7434323724964703
2022-05-18,AVAX,1,-4.966134351895829e-05,4.9660110414821426e-05,0.0,funding,34.4,0.0,0.7433954535627662
2022-05-18,AVAX,1,-0.022350751698039174,0.0,0.0,mark,29.37,0.0,0.7269643145382445
2022-05-18,AVAX,1,0.025684779374626987,0.0,0.0,mark,35.16,0.0,0.7458780908706462
2022-05-18,AVAX,1,-0.024741585309790013,0.0,0.0,mark,29.58,0.0,0.7276503064259481
2022-05-19,AVAX,1,4.4891820781807837e-05,0.0,0.0,mark,29.59,0.0,0.7276829727063149
2022-05-19,AVAX,1,-4.364182822928768e-05,4.3640875938522334e-05,0.0,funding,29.59,0.0,0.7276512159839804
2022-05-19,AVAX,1,0.01027239545348899,0.0,0.0,mark,31.89,0.0,0.7351644604683542
2022-05-19,AVAX,1,-0.01965396169270406,0.0,0.0,mark,27.51,0.0,0.7208566296676772
2022-05-19,AVAX,1,0.012966554269135998,0.0,0.0,mark,30.39,0.0,0.7302645184133277
2022-05-20,AVAX,1,0.0,0.0,0.0,mark,30.39,0.0,0.7302645184133277
2022-05-20,AVAX,1,-4.4663309971492005e-05,4.4662312580789533e-05,0.0,funding,30.39,0.0,0.7302319031111397
2022-05-20,AVAX,1,0.006865433112460251,0.0,0.0,mark,31.93,0.0,0.7352625102876335
2022-05-20,AVAX,1,-0.018383445773955474,0.0,0.0,mark,27.83,0.0,0.7218693353372281
2022-05-20,AVAX,1,0.0043798718290489905,0.0,0.0,mark,28.8,0.0,0.7250379645328118
2022-05-21,AVAX,1,0.0,0.0,0.0,mark,28.8,0.0,0.7250379645328118
2022-05-21,AVAX,1,-4.2631607023610135e-05,4.263069830964428e-05,0.0,funding,28.8,0.0,0.7250070556580828
2022-05-21,AVAX,1,0.00812215232786723,0.0,0.0,mark,30.61,0.0,0.7309196524044812
2022-05-21,AVAX,1,-0.01087438273872353,0.0,0.0,mark,28.19,0.0,0.7230144125557053
2022-05-21,AVAX,1,0.007651368506493252,0.0,0.0,mark,29.89,0.0,0.7285676802180685
2022-05-22,AVAX,1,0.0,0.0,0.0,mark,29.89,0.0,0.7285676802180685
2022-05-22,AVAX,1,-4.40307700717227e-05,4.4029800731682255e-05,0.0,funding,29.89,0.0,0.728535601528289
2022-05-22,AVAX,1,-0.003953573368569348,0.0,0.0,mark,29.01,0.0,0.7256609688560068
2022-05-22,AVAX,1,0.0164744150045304,0.0,0.0,mark,32.7,0.0,0.7377148263113716
2022-05-22,AVAX,1,-0.00439339277812042,0.0,0.0,mark,31.71,0.0,0.7344808645550542
2022-05-23,AVAX,1,0.0,0.0,0.0,mark,31.71,0.0,0.7344808645550542
2022-05-23,AVAX,1,-4.633578496553805e-05,4.6334711479605944e-05,0.0,funding,31.71,0.0,0.7344468325961078
2022-05-23,AVAX,1,0.006074913125863902,0.0,0.0,mark,33.08,0.0,0.7389221130063651
2022-05-23,AVAX,1,-0.020274586558016196,0.0,0.0,mark,28.54,0.0,0.7240916217198187
2022-05-23,AVAX,1,0.002343152732580431,0.0,0.0,mark,29.06,0.0,0.7257902682988945
2022-05-24,AVAX,1,0.0,0.0,0.0,mark,29.06,0.0,0.7257902682988945
2022-05-24,AVAX,1,-4.297189511957661e-05,4.297097184087346e-05,0.0,funding,29.06,0.0,0.725759080385713
2022-05-24,AVAX,1,0.002696948731890566,0.0,0.0,mark,29.66,0.0,0.7277190572077236
2022-05-24,AVAX,1,-0.01260300106493231,0.0,0.0,mark,26.87,0.0,0.7186051649853745
2022-05-24,AVAX,1,0.00999606790717576,0.0,0.0,mark,29.08,0.0,0.7258244129464467
2022-05-25,AVAX,1,-4.500677421641034e-05,0.0,0.0,mark,29.07,0.0,0.7257917466660799
2022-05-25,AVAX,1,-4.2986595176259885e-05,4.29856712658037e-05,0.0,funding,29.07,0.0,0.7257605480206503
2022-05-25,AVAX,1,0.0027418307746874706,0.0,0.0,mark,29.68,0.0,0.7277531911230276
2022-05-25,AVAX,1,-0.011602879640392366,0.0,0.0,mark,27.11,0.0,0.7193579570687492
2022-05-25,AVAX,1,0.0006355425839821383,0.0,0.0,mark,27.25,0.0,0.7198152849938849
2022-05-26,AVAX,1,0.0,0.0,0.0,mark,27.25,0.0,0.7198152849938849
2022-05-26,AVAX,1,-4.0629826837084904e-05,4.0629001456902416e-05,0.0,funding,27.25,0.0,0.7197860396176222
2022-05-26,AVAX,1,0.003533648286079222,0.0,0.0,mark,28.03,0.0,0.7223340094862359
2022-05-26,AVAX,1,-0.023750686565606777,0.0,0.0,mark,22.84,0.0,0.7053802099758447
2022-05-26,AVAX,1,0.0027285743279231896,0.0,0.0,mark,23.43,0.0,0.7073075205174885
2022-05-27,AVAX,1,-4.61850521477088e-05,0.0,0.0,mark,23.42,0.0,0.7072748542371217
2022-05-27,AVAX,1,-3.5538336606301525e-05,3.553770512708671e-05,0.0,funding,23.42,0.0,0.7072497193119079
2022-05-27,AVAX,1,0.0021223831153581603,0.0,0.0,mark,23.88,0.0,0.7087523682087827
2022-05-27,AVAX,1,-0.011729247963974282,0.0,0.0,mark,21.35,0.0,0.7004877992759716
2022-05-27,AVAX,1,0.005719547161617596,0.0,0.0,mark,22.58,0.0,0.7045057517610932
2022-05-28,AVAX,1,-4.636873104016205e-05,0.0,0.0,mark,22.57,0.0,0.7044730854807264
2022-05-28,AVAX,1,-3.4384706904883095e-05,3.438411575755138e-05,0.0,funding,22.57,0.0,0.7044488627966071
2022-05-28,AVAX,1,0.014547039451239694,0.0,0.0,mark,25.73,0.0,0.7147714073925293
2022-05-28,AVAX,1,-0.016403617847878596,0.0,0.0,mark,22.17,0.0,0.7031422115819335
2022-05-28,AVAX,1,0.011960696151914947,0.0,0.0,mark,24.76,0.0,0.7116027781969456
2022-05-29,AVAX,1,0.0,0.0,0.0,mark,24.76,0.0,0.7116027781969456
2022-05-29,AVAX,1,-3.73432249668008e-05,3.7342527717171755e-05,0.0,funding,24.76,0.0,0.7115762051504771
2022-05-29,AVAX,1,0.010230640808044629,0.0,0.0,mark,27.0,0.0,0.7188934519526499
2022-05-29,AVAX,1,-0.015016395198040046,0.0,0.0,mark,23.72,0.0,0.7081789119923255
2022-05-29,AVAX,1,0.01119215994283042,0.0,0.0,mark,26.16,0.0,0.716149484401835
2022-05-30,AVAX,1,0.0,0.0,0.0,mark,26.16,0.0,0.716149484401835
2022-05-30,AVAX,1,-3.9204261356236775e-05,3.920349287922569e-05,0.0,funding,26.16,0.0,0.7161214088406228
2022-05-30,AVAX,1,0.010527204363233723,0.0,0.0,mark,28.48,0.0,0.7236999858857303
2022-05-30,AVAX,1,-0.014366271349139474,0.0,0.0,mark,25.32,0.0,0.7133774412898081
2022-05-30,AVAX,1,0.010884600895412483,0.0,0.0,mark,27.71,0.0,0.7211846822974833
2022-05-31,AVAX,1,0.0,0.0,0.0,mark,27.71,0.0,0.7211846822974833
2022-05-31,AVAX,1,-4.123724975206716e-05,4.123639950835928e-05,0.0,funding,27.71,0.0,0.7211549432378048
2022-05-31,AVAX,1,-0.009832369115925828,0.0,0.0,mark,25.55,0.0,0.7140990266785668
2022-05-31,AVAX,1,0.016153950000418058,0.0,0.0,mark,29.11,0.0,0.7257282224891627
2022-05-31,AVAX,1,-0.01218205530995546,0.0,0.0,mark,26.42,0.0,0.7169409930704821
2022-06-01,AVAX,1,4.556237753387245e-05,0.0,0.0,mark,26.43,0.0,0.7169736593508489
2022-06-01,AVAX,1,-3.956336841747585e-05,3.956258579774786e-05,0.0,funding,26.43,0.0,0.7169452940189361
2022-06-01,AVAX,1,0.0027300585274296725,0.0,0.0,mark,27.03,0.0,0.7189052708409467
2022-06-01,AVAX,1,-0.017556321313046245,0.0,0.0,mark,23.2,0.0,0.706394085460446
2022-06-01,AVAX,1,0.0022172379953098852,0.0,0.0,mark,23.68,0.0,0.7079620669180544
2022-06-02,AVAX,1,0.0,0.0,0.0,mark,23.68,0.0,0.7079620669180544
2022-06-02,AVAX,1,-0.00015844327185808476,0.00015843072038571892,0.10926256578325441,rotation,23.68,-0.0032666280366842352,0.7078499039777868
2022-06-02,TRX,2,-0.0007247373144570303,0.0007244747558020435,0.49963776262209897,entry,0.08356,4.232510080130792,0.7073370845914579
2022-06-02,TRX,2,-0.00016428454119421496,0.00016427104722792606,0.0,funding,0.08356,0.0,0.7072208895878289
2022-06-02,TRX,2,0.012725954256046,0.0,0.0,mark,0.0857,0.0,0.7162784611593088
2022-06-02,TRX,2,-0.02755778422940119,0.0,0.0,mark,0.0811,0.0,0.6968089147907072
2022-06-02,TRX,2,0.019369894974455654,0.0,0.0,mark,0.08432,0.0,0.7104375972487283
2022-06-03,TRX,2,0.0,0.0,0.0,mark,0.08432,0.0,0.7104375972487283
2022-06-03,TRX,2,-0.00016505531906008892,0.00016504169818042506,0.0,funding,0.08432,0.0,0.7103203454212272
2022-06-03,TRX,2,0.012611937925613045,0.0,0.0,mark,0.08645,0.0,0.7193355918919058
2022-06-03,TRX,2,-0.036612871315395104,0.0,0.0,mark,0.08034,0.0,0.6934749553023066
2022-06-03,TRX,2,0.004627809874803425,0.0,0.0,mark,0.0811,0.0,0.6966916629632061
2022-06-04,TRX,2,0.00012149572599710162,0.0,0.0,mark,0.08112,0.0,0.6967763131648086
2022-06-04,TRX,2,-0.00016190443398635956,0.0001618913281708653,0.0,funding,0.08112,0.0,0.6966635111220324
2022-06-04,TRX,2,0.001335695745769673,0.0,0.0,mark,0.08134,0.0,0.6975946633396611
2022-06-04,TRX,2,-0.031244224026703647,0.0,0.0,mark,0.07627,0.0,0.6761358372333981
2022-06-04,TRX,2,0.025707690525367703,0.0,0.0,mark,0.08043,0.0,0.6937430791667422
2022-06-05,TRX,2,0.0,0.0,0.0,mark,0.08043,0.0,0.6937430791667422
2022-06-05,TRX,2,-0.00016122910293998337,0.00016121610622664138,0.0,funding,0.08043,0.0,0.6936312366087972
2022-06-05,TRX,2,0.013455419719815039,0.0,0.0,mark,0.08265,0.0,0.7030274089866876
2022-06-05,TRX,2,-0.02111210752009186,0.0,0.0,mark,0.07918,0.0,0.6883405990086338
2022-06-05,TRX,2,0.014225184743936834,0.0,0.0,mark,0.08151,0.0,0.6982023474953385
2022-06-06,TRX,2,0.0,0.0,0.0,mark,0.08151,0.0,0.6982023474953385
2022-06-06,TRX,2,-0.00016235058748658655,0.00016233740934300386,0.0,funding,0.08151,0.0,0.6980890031350488
2022-06-06,TRX,2,0.020107515111197467,0.0,0.0,mark,0.08486,0.0,0.712267911903487
2022-06-06,TRX,2,-0.022657220716338237,0.0,0.0,mark,0.08109,0.0,0.6963113489013939
2022-06-06,TRX,2,0.003155821371921233,0.0,0.0,mark,0.08161,0.0,0.698512254143062
2022-06-07,TRX,2,-6.059504741528388e-05,0.0,0.0,mark,0.0816,0.0,0.6984699290422607
2022-06-07,TRX,2,-0.00016246759319948618,0.0001624543960547791,0.0,funding,0.0816,0.0,0.6983564595317757
2022-06-07,TRX,2,0.009109993812886838,0.0,0.0,mark,0.08311,0.0,0.7047475497527732
2022-06-07,TRX,2,-0.025794038748395233,0.0,0.0,mark,0.07887,0.0,0.6868017070130186
2022-06-07,TRX,2,0.0182585796630701,0.0,0.0,mark,0.08186,0.0,0.6994569121526096
2022-06-08,TRX,2,0.0,0.0,0.0,mark,0.08186,0.0,0.6994569121526096
2022-06-08,TRX,2,-0.00016275529924860668,0.00016274205532341223,0.0,funding,0.08186,0.0,0.6993430810971157
2022-06-08,TRX,2,0.004830014771881562,0.0,0.0,mark,0.08266,0.0,0.7027290891612203
2022-06-08,TRX,2,-0.018724943299928236,0.0,0.0,mark,0.07958,0.0,0.6896929581144176
2022-06-08,TRX,2,0.006361995044886724,0.0,0.0,mark,0.08062,0.0,0.6940947685977535
2022-06-09,TRX,2,0.0,0.0,0.0,mark,0.08062,0.0,0.6940947685977535
2022-06-09,TRX,2,-0.00016152811320020854,0.00016151506823696096,0.0,funding,0.08062,0.0,0.6939826618338406
2022-06-09,TRX,2,0.00813927195846509,0.0,0.0,mark,0.08196,0.0,0.6996542253412159
2022-06-09,TRX,2,-0.011560484874014811,0.0,0.0,mark,0.08006,0.0,0.6916124561889674
2022-06-09,TRX,2,0.005857790073987588,0.0,0.0,mark,0.08102,0.0,0.6956756658658929
2022-06-10,TRX,2,-6.08421286896953e-05,0.0,0.0,mark,0.08101,0.0,0.6956333407650916
2022-06-10,TRX,2,-0.00016195055190874636,0.00016193743862597814,0.0,funding,0.08101,0.0,0.6955206916836653
2022-06-10,TRX,2,0.003644580488123381,0.0,0.0,mark,0.08161,0.0,0.6980601977317438
2022-06-10,TRX,2,-0.01699949757072443,0.0,0.0,mark,0.07883,0.0,0.6862938197089802
2022-06-10,TRX,2,0.0006165297367577501,0.0,0.0,mark,0.07893,0.0,0.6867170707169933
2022-06-11,TRX,2,0.0,0.0,0.0,mark,0.07893,0.0,0.6867170707169933
2022-06-11,TRX,2,-0.00015984092733025646,0.00015982815344978908,0.0,funding,0.07893,0.0,0.6866073139956381
2022-06-11,TRX,2,0.00871533399070323,0.0,0.0,mark,0.08035,0.0,0.6926174783094239
2022-06-11,TRX,2,-0.03519995742490609,0.0,0.0,mark,0.07469,0.0,0.6686614712558836
2022-06-11,TRX,2,0.009512646678714936,0.0,0.0,mark,0.0762,0.0,0.6750525614768811
2022-06-12,TRX,2,6.269700524364897e-05,0.0,0.0,mark,0.07621,0.0,0.6750948865776824
2022-06-12,TRX,2,-0.00015698937303695737,0.00015697705085014708,0.0,funding,0.07621,0.0,0.6749889121733433
2022-06-12,TRX,2,0.016418563813289613,0.0,0.0,mark,0.07885,0.0,0.6861627387848886
2022-06-12,TRX,2,-0.029674056396792336,0.0,0.0,mark,0.07411,0.0,0.6661006410050686
2022-06-12,TRX,2,0.013067360238557556,0.0,0.0,mark,0.07618,0.0,0.6748619368709393
2022-06-13,TRX,2,-6.271864775472619e-05,0.0,0.0,mark,0.07617,0.0,0.674819611770138
2022-06-13,TRX,2,-0.00015697097933630995,0.00015695866003668648,0.0,funding,0.07617,0.0,0.6747136929881081
2022-06-13,TRX,2,-0.10277644314965137,0.0,0.0,mark,0.0606,0.0,0.6088135110404717
2022-06-13,TRX,2,0.10634570201981264,0.0,0.0,mark,0.07674,0.0,0.6771262237337826
2022-06-13,TRX,2,-0.08386700461169992,0.0,0.0,mark,0.06387,0.0,0.6226538190024993
2022-06-14,TRX,2,-6.797764360570092e-05,0.0,0.0,mark,0.06386,0.0,0.622611493901698
2022-06-14,TRX,2,-0.00014263686196901065,0.00014262668981554873,0.0,funding,0.06386,0.0,0.6225226928852817
2022-06-14,TRX,2,0.0069110083032203,0.0,0.0,mark,0.06488,0.0,0.6268398531670151
2022-06-14,TRX,2,-0.089284391363259,0.0,0.0,mark,0.05223,0.0,0.5732986006533606
2022-06-14,TRX,2,0.02450330728939512,0.0,0.0,mark,0.05559,0.0,0.5875198345226
2022-06-15,TRX,2,7.20376978464916e-05,0.0,0.0,mark,0.0556,0.0,0.5875621596234013
2022-06-15,TRX,2,-0.00013159475225745697,0.00013158609404784744,0.0,funding,0.0556,0.0,0.5874848446138061
2022-06-15,TRX,2,-0.06672966297677119,0.0,0.0,mark,0.04664,0.0,0.5495615542958342
2022-06-15,TRX,2,0.12548661230788605,0.0,0.0,mark,0.064,0.0,0.6230379292869047
2022-06-15,TRX,2,-0.006679735549256209,0.0,0.0,mark,0.06302,0.0,0.6188900694083765
2022-06-16,TRX,2,0.0,0.0,0.0,mark,0.06302,0.0,0.6188900694083765
2022-06-16,TRX,2,-0.00014160697856199582,0.00014159695276706955,0.0,funding,0.06302,0.0,0.6188024364604505
2022-06-16,TRX,2,-0.03281667281185558,0.0,0.0,mark,0.0583,0.0,0.5988249888822331
2022-06-16,TRX,2,0.05145152232523671,0.0,0.0,mark,0.06577,0.0,0.6304418391808101
2022-06-16,TRX,2,-0.04489976862643371,0.0,0.0,mark,0.05923,0.0,0.6027612232567547
2022-06-17,TRX,2,7.02162203396242e-05,0.0,0.0,mark,0.05924,0.0,0.602803548357556
2022-06-17,TRX,2,-0.00013666520225792767,0.0001366558639944741,0.0,funding,0.05924,0.0,0.6027211717178362
2022-06-17,TRX,2,0.02831662409993715,0.0,0.0,mark,0.06333,0.0,0.6200321379455711
2022-06-17,TRX,2,-0.03218638632270819,0.0,0.0,mark,0.05869,0.0,0.6003932911737643
2022-06-17,TRX,2,0.00842389426194768,0.0,0.0,mark,0.05989,0.0,0.6054723032699212
2022-06-18,TRX,2,6.990182918195681e-05,0.0,0.0,mark,0.0599,0.0,0.6055146283707225
2022-06-18,TRX,2,-0.00013756915757020052,0.00013755969536750976,0.0,funding,0.0599,0.0,0.6054313339629032
2022-06-18,TRX,2,0.027307692817986968,0.0,0.0,mark,0.06386,0.0,0.6221920738802211
2022-06-18,TRX,2,-0.04729026904275797,0.0,0.0,mark,0.05707,0.0,0.593453330436133
2022-06-18,TRX,2,0.026879727373598387,0.0,0.0,mark,0.06089,0.0,0.6096215189422326
2022-06-19,TRX,2,-6.943089907096055e-05,0.0,0.0,mark,0.06088,0.0,0.6095791938414313
2022-06-19,TRX,2,-0.0001388876692315669,0.00013887802478584956,0.0,funding,0.06088,0.0,0.6094945366870401
2022-06-19,TRX,2,0.014477710593405642,0.0,0.0,mark,0.06298,0.0,0.6183828078553147
2022-06-19,TRX,2,-0.031072627688911496,0.0,0.0,mark,0.05851,0.0,0.5994634877971301
2022-06-19,TRX,2,0.019645748529320568,0.0,0.0,mark,0.06132,0.0,0.6113568411222976
2022-06-20,TRX,2,0.0,0.0,0.0,mark,0.06132,0.0,0.6113568411222976
2022-06-20,TRX,2,-0.00013948473470015135,0.00013947500715685127,0.0,funding,0.06132,0.0,0.6112715721225067
2022-06-20,TRX,2,0.006074726037490664,0.0,0.0,mark,0.0622,0.0,0.6149961809930218
2022-06-20,TRX,2,-0.01903721725307349,0.0,0.0,mark,0.05946,0.0,0.6033991033734634
2022-06-20,TRX,2,0.011784699615428771,0.0,0.0,mark,0.06115,0.0,0.6105520454088844
2022-06-21,TRX,2,-6.932507757842507e-05,0.0,0.0,mark,0.06114,0.0,0.6105097203080831
2022-06-21,TRX,2,-0.00013926824899262975,0.00013925855162018308,0.0,funding,0.06114,0.0,0.610424701608683
2022-06-21,TRX,2,0.03889454652873966,0.0,0.0,mark,0.06686,0.0,0.6346346592670311
2022-06-21,TRX,2,-0.0401433944701258,0.0,0.0,mark,0.06096,0.0,0.6096628497942594
2022-06-21,TRX,2,0.026985562378719415,0.0,0.0,mark,0.0649,0.0,0.6263389395099748
2022-06-22,TRX,2,0.0001351416565501258,0.0,0.0,mark,0.06492,0.0,0.6264235897115774
2022-06-22,TRX,2,-0.0001441221476320658,0.00014411176253436043,0.0,funding,0.06492,0.0,0.626333314703971
2022-06-22,TRX,2,0.005996250606137406,0.0,0.0,mark,0.06581,0.0,0.6301002486752874
2022-06-22,TRX,2,-0.019192686027950608,0.0,0.0,mark,0.06298,0.0,0.6181222451485172
2022-06-22,TRX,2,0.000821346684521061,0.0,0.0,mark,0.0631,0.0,0.618630146358133
2022-06-23,TRX,2,0.0,0.0,0.0,mark,0.0631,0.0,0.618630146358133
2022-06-23,TRX,2,-0.00014184632983653642,0.00014183627012148966,0.0,funding,0.0631,0.0,0.6185424021655888
2022-06-23,TRX,2,0.010482647424270882,0.0,0.0,mark,0.06464,0.0,0.6250604676889902
2022-06-23,TRX,2,-0.019348940920395314,0.0,0.0,mark,0.06181,0.0,0.61308246416222
2022-06-23,TRX,2,0.013644759719377076,0.0,0.0,mark,0.0638,0.0,0.6215051592216803
2022-06-24,TRX,2,-6.810328350255342e-05,0.0,0.0,mark,0.06379,0.0,0.621462834120879
2022-06-24,TRX,2,-0.00014274386754686423,0.0001427336801257566,0.0,funding,0.06379,0.0,0.6213741304435035
2022-06-24,TRX,2,0.019828024552945335,0.0,0.0,mark,0.06673,0.0,0.633817710079088
2022-06-24,TRX,2,-0.02119125983476247,0.0,0.0,mark,0.06359,0.0,0.6205276284274773
2022-06-24,TRX,2,0.015230283409192193,0.0,0.0,mark,0.06584,0.0,0.6300507761077716
2022-06-25,TRX,2,6.717502910450125e-05,0.0,0.0,mark,0.06585,0.0,0.630093101208573
2022-06-25,TRX,2,-0.00014533547555667964,0.00014532491486809676,0.0,funding,0.06585,0.0,0.6300015329822809
2022-06-25,TRX,2,0.0032865376878932493,0.0,0.0,mark,0.06634,0.0,0.6320754629215449
2022-06-25,TRX,2,-0.018381602649714543,0.0,0.0,mark,0.06362,0.0,0.6205630355035892
2022-06-25,TRX,2,0.008015900398135427,0.0,0.0,mark,0.0648,0.0,0.6255573973981435
2022-06-26,TRX,2,0.0,0.0,0.0,mark,0.0648,0.0,0.6255573973981435
2022-06-26,TRX,2,-0.0001440549363992917,0.00014404456098518847,0.0,funding,0.0648,0.0,0.6254672892574643
2022-06-26,TRX,2,0.007348913298427494,0.0,0.0,mark,0.06589,0.0,0.6300807252448068
2022-06-26,TRX,2,-0.012641118592522557,0.0,0.0,mark,0.06402,0.0,0.6221659313949622
2022-06-26,TRX,2,0.006914957533500759,0.0,0.0,mark,0.06504,0.0,0.6264830916766957
2022-06-27,TRX,2,-6.75621276402483e-05,0.0,0.0,mark,0.06503,0.0,0.6264407665758944
2022-06-27,TRX,2,-0.0001443624060535322,0.0001443519863029212,0.0,funding,0.06503,0.0,0.6263503386069381
2022-06-27,TRX,2,0.036035618534986665,0.0,0.0,mark,0.07046,0.0,0.6493328683420483
2022-06-27,TRX,2,-0.03691446874892908,0.0,0.0,mark,0.0649,0.0,0.6258001122965211
2022-06-27,TRX,2,0.01430317233538194,0.0,0.0,mark,0.06703,0.0,0.6348153587671997
2022-06-28,TRX,2,0.0,0.0,0.0,mark,0.06703,0.0,0.6348153587671997
2022-06-28,TRX,2,-0.000146839433977405,0.00014682865359532058,0.0,funding,0.06703,0.0,0.6347221496827903
2022-06-28,TRX,2,0.008631416290844369,0.0,0.0,mark,0.06833,0.0,0.6402244127869603
2022-06-28,TRX,2,-0.021044473253058166,0.0,0.0,mark,0.06518,0.0,0.6268920060345483
2022-06-28,TRX,2,0.004916545669047044,0.0,0.0,mark,0.06591,0.0,0.6299817383930437
2022-06-29,TRX,2,0.0,0.0,0.0,mark,0.06591,0.0,0.6299817383930437
2022-06-29,TRX,2,-0.00014549362576334073,0.0001454830420791049,0.0,funding,0.06591,0.0,0.6298900867332881
2022-06-29,TRX,2,0.004826332936662362,0.0,0.0,mark,0.06663,0.0,0.6329374939909822
2022-06-29,TRX,2,-0.01726717406945507,0.0,0.0,mark,0.06407,0.0,0.6221022681858474
2022-06-29,TRX,2,0.005766368457306948,0.0,0.0,mark,0.06492,0.0,0.6256999017539585
2022-06-30,TRX,2,0.0,0.0,0.0,mark,0.06492,0.0,0.6256999017539585
2022-06-30,TRX,2,-0.00014428885212947263,0.00014427844299380274,0.0,funding,0.06492,0.0,0.6256096267463521
2022-06-30,TRX,2,-0.02050505032910891,0.0,0.0,mark,0.06192,0.0,0.6129120965059597
2022-06-30,TRX,2,0.027650800682573338,0.0,0.0,mark,0.06598,0.0,0.6300960874312906
2022-06-30,TRX,2,-0.007890223288042014,0.0,0.0,mark,0.06481,0.0,0.6251440506375376
2022-07-01,TRX,2,0.0,0.0,0.0,mark,0.06481,0.0,0.6251440506375376
2022-07-01,TRX,2,-0.0001441724397414015,0.0001441620473946913,0.0,funding,0.06481,0.0,0.6250539285912812
2022-07-01,TRX,2,-0.004479161504267253,0.0,0.0,mark,0.06415,0.0,0.6222604719383948
2022-07-01,TRX,2,0.01753020274621708,0.0,0.0,mark,0.06675,0.0,0.6332649981467349
2022-07-01,TRX,2,-0.010954097492521126,0.0,0.0,mark,0.06512,0.0,0.6263660067161216
2022-07-02,TRX,2,-6.757475727882426e-05,0.0,0.0,mark,0.06511,0.0,0.6263236816153204
2022-07-02,TRX,2,-2.2889450667442885e-05,2.2889188705955322e-05,0.01578564738341746,resize,0.06511,-0.15184955899037433,0.6263093455743809
2022-07-02,TRX,2,-0.00013938324057120838,0.0001393735271785686,0.0,funding,0.06511,0.0,0.6262220546317833
2022-07-02,TRX,2,0.002473139182940216,0.0,0.0,mark,0.06549,0.0,0.6277727056298167
2022-07-02,TRX,2,-0.007568826312154685,0.0,0.0,mark,0.06433,0.0,0.6230391394252938
2022-07-02,TRX,2,0.0027470576538845904,0.0,0.0,mark,0.06475,0.0,0.6247530168441727
2022-07-03,TRX,2,0.0,0.0,0.0,mark,0.06475,0.0,0.6247530168441727
2022-07-03,TRX,2,-0.00013895784572852475,0.00013894819153418837,0.0,funding,0.06475,0.0,0.6246662085423267
2022-07-03,TRX,2,-0.014807316918562255,0.0,0.0,mark,0.0625,0.0,0.6154847223697607
2022-07-03,TRX,2,0.025916039008692254,0.0,0.0,mark,0.06646,0.0,0.6316441380334767
2022-07-03,TRX,2,-0.001163544874822658,0.0,0.0,mark,0.06628,0.0,0.6309096191396715
2022-07-04,TRX,2,6.467691150238877e-05,0.0,0.0,mark,0.06629,0.0,0.6309504257448829
2022-07-04,TRX,2,-0.00014086557012444706,0.00014085564903589453,0.0,funding,0.06629,0.0,0.6308615528131551
2022-07-04,TRX,2,0.009014992920422162,0.0,0.0,mark,0.06769,0.0,0.6365744775427518
2022-07-04,TRX,2,-0.014333191853978121,0.0,0.0,mark,0.06547,0.0,0.62751541118582
2022-07-04,TRX,2,0.01202280160389524,0.0,0.0,mark,0.06733,0.0,0.6351054397551412
2022-07-05,TRX,2,0.0,0.0,0.0,mark,0.06733,0.0,0.6351054397551412
2022-07-05,TRX,2,-0.000142139614948955,0.00014212951359245964,0.0,funding,0.06733,0.0,0.6350151725279088
2022-07-05,TRX,2,0.015621254952133422,0.0,0.0,mark,0.06978,0.0,0.6450127908047029
2022-07-05,TRX,2,-0.02051704324837479,0.0,0.0,mark,0.06657,0.0,0.6319138705318421
2022-07-05,TRX,2,0.010087416078124798,0.0,0.0,mark,0.06814,0.0,0.6383205075500326
2022-07-06,TRX,2,6.392603784515173e-05,0.0,0.0,mark,0.06815,0.0,0.638361314155244
2022-07-06,TRX,2,-0.00014313698638829367,0.00014312674277861147,0.0,funding,0.06815,0.0,0.6382699475796331
2022-07-06,TRX,2,0.0030640918400989836,0.0,0.0,mark,0.06863,0.0,0.6402286646297805
2022-07-06,TRX,2,-0.012184059219649991,0.0,0.0,mark,0.06673,0.0,0.6324754096396137
2022-07-06,TRX,2,0.005276602395537729,0.0,0.0,mark,0.06755,0.0,0.6358215512669488
2022-07-07,TRX,2,6.417727696676604e-05,0.0,0.0,mark,0.06756,0.0,0.6358623578721603
2022-07-07,TRX,2,-0.00014245540967842735,0.00014244526338833956,0.0,funding,0.06756,0.0,0.6357717822911144
2022-07-07,TRX,2,0.008372999612488713,0.0,0.0,mark,0.06887,0.0,0.6411174475738084
2022-07-07,TRX,2,-0.017464194394376662,0.0,0.0,mark,0.06615,0.0,0.6300180509563065
2022-07-07,TRX,2,0.015871697333606632,0.0,0.0,mark,0.06862,0.0,0.6400972824435233
2022-07-08,TRX,2,0.0,0.0,0.0,mark,0.06862,0.0,0.6400972824435233
2022-07-08,TRX,2,-0.00014373331070392418,0.00014372298156661682,0.0,funding,0.06862,0.0,0.6400052857535978
2022-07-08,TRX,2,0.007622053494158435,0.0,0.0,mark,0.06982,0.0,0.6449020783789663
2022-07-08,TRX,2,-0.01389011663929867,0.0,0.0,mark,0.06764,0.0,0.6360062384428802
2022-07-08,TRX,2,0.00881520817724015,0.0,0.0,mark,0.06902,0.0,0.6416375499620539
2022-07-09,TRX,2,-6.359961768111491e-05,0.0,0.0,mark,0.06901,0.0,0.6415967433568425
2022-07-09,TRX,2,-0.0001442124248484838,0.0001442020267366325,0.0,funding,0.06901,0.0,0.6415042238061028
2022-07-09,TRX,2,-0.0004453748555731974,0.0,0.0,mark,0.06894,0.0,0.641218577569623
2022-07-09,TRX,2,0.01634817719319456,0.0,0.0,mark,0.07153,0.0,0.6517874883193766
2022-07-09,TRX,2,-0.010890132559180601,0.0,0.0,mark,0.0698,0.0,0.6447279456178037
2022-07-10,TRX,2,0.0,0.0,0.0,mark,0.0698,0.0,0.6447279456178037
2022-07-10,TRX,2,-0.0001451549782534718,0.00014514444377925671,0.0,funding,0.0698,0.0,0.644634366938748
2022-07-10,TRX,2,0.0018340732825937582,0.0,0.0,mark,0.07009,0.0,0.6458177584898787
2022-07-10,TRX,2,-0.018300809058282814,0.0,0.0,mark,0.06722,0.0,0.6341062627942057
2022-07-10,TRX,2,0.002634996075941124,0.0,0.0,mark,0.06763,0.0,0.6357793336078732
2022-07-11,TRX,2,6.418153839403145e-05,0.0,0.0,mark,0.06764,0.0,0.6358201402130846
2022-07-11,TRX,2,-0.0001426335785433615,0.0001426234068580935,0.0,funding,0.06764,0.0,0.6357294573785385
2022-07-11,TRX,2,0.0007058258159944068,0.0,0.0,mark,0.06775,0.0,0.6361783300358639
2022-07-11,TRX,2,-0.02100143777379214,0.0,0.0,mark,0.06451,0.0,0.6229569899473689
2022-07-11,TRX,2,0.0015708781116888014,0.0,0.0,mark,0.06475,0.0,0.6239363484724426
2022-07-12,TRX,2,0.0,0.0,0.0,mark,0.06475,0.0,0.6239363484724426
2022-07-12,TRX,2,-0.00013913973988034388,0.0001391300603956722,0.0,funding,0.06475,0.0,0.6238495401705966
2022-07-12,TRX,2,0.006649760463890544,0.0,0.0,mark,0.06577,0.0,0.6280118139021598
2022-07-12,TRX,2,-0.008876210234944339,0.0,0.0,mark,0.06441,0.0,0.6224621155934088
2022-07-12,TRX,2,0.00131027659541359,0.0,0.0,mark,0.06461,0.0,0.623278247697637
2022-07-13,TRX,2,-6.547307120641419e-05,0.0,0.0,mark,0.0646,0.0,0.6232374410924255
2022-07-13,TRX,2,-0.0001389730686826541,0.0001389634123730791,0.0,funding,0.0646,0.0,0.6231508338908927
2022-07-13,TRX,2,0.012300572264731417,0.0,0.0,mark,0.06649,0.0,0.630863282275848
2022-07-13,TRX,2,-0.018541013257195,0.0,0.0,mark,0.06365,0.0,0.6192742063958092
2022-07-13,TRX,2,0.016922610505493665,0.0,0.0,mark,0.06624,0.0,0.6298431171455628
2022-07-14,TRX,2,6.478642420290123e-05,0.0,0.0,mark,0.06625,0.0,0.6298839237507743
2022-07-14,TRX,2,-0.000141018947107405,0.0001410090044030674,0.0,funding,0.06625,0.0,0.6297951044457967
2022-07-14,TRX,2,0.00845212348800882,0.0,0.0,mark,0.06756,0.0,0.6351407697284905
2022-07-14,TRX,2,-0.016780269570970983,0.0,0.0,mark,0.06497,0.0,0.6245718589787369
2022-07-14,TRX,2,0.011820886309898944,0.0,0.0,mark,0.06679,0.0,0.6319986611272125
2022-07-15,TRX,2,-6.456963466764626e-05,0.0,0.0,mark,0.06678,0.0,0.631957854522001
2022-07-15,TRX,2,-0.0001416806536243828,0.00014167061739446768,0.0,funding,0.06678,0.0,0.6318683246625836
2022-07-15,TRX,2,-0.0018099012026992608,0.0,0.0,mark,0.0665,0.0,0.6307257397166642
2022-07-15,TRX,2,0.009593812898930612,0.0,0.0,mark,0.06799,0.0,0.6368059238931634
2022-07-15,TRX,2,-0.0061706919216921105,0.0,0.0,mark,0.06703,0.0,0.6328884897928686
2022-07-16,TRX,2,-6.447884811494053e-05,0.0,0.0,mark,0.06702,0.0,0.6328476831876572
2022-07-16,TRX,2,-0.0001419899313361835,0.00014197985124300821,0.0,funding,0.06702,0.0,0.6327578315677387
2022-07-16,TRX,2,0.01548606958417829,0.0,0.0,mark,0.06944,0.0,0.6426330300288985
2022-07-16,TRX,2,-0.02150170503021339,0.0,0.0,mark,0.06609,0.0,0.628962817283078
2022-07-16,TRX,2,0.01838539954446668,0.0,0.0,mark,0.06895,0.0,0.6406335063735397
2022-07-17,TRX,2,0.0,0.0,0.0,mark,0.06895,0.0,0.6406335063735397
2022-07-17,TRX,2,-0.0001443036923725682,0.0001442932810956,0.0,funding,0.06895,0.0,0.6405410672629253
2022-07-17,TRX,2,0.0026720981710149673,0.0,0.0,mark,0.06937,0.0,0.6422549446818042
2022-07-17,TRX,2,-0.013174919997925121,0.0,0.0,mark,0.06731,0.0,0.633848784008255
2022-07-17,TRX,2,0.0008365780855618647,0.0,0.0,mark,0.06744,0.0,0.6343792698760032
2022-07-18,TRX,2,0.00012864222549209553,0.0,0.0,mark,0.06746,0.0,0.6344608830864261
2022-07-18,TRX,2,-0.00014255876658450682,0.0001425486055663935,0.0,funding,0.06746,0.0,0.6343704415722557
2022-07-18,TRX,2,0.021194409681925017,0.0,0.0,mark,0.07079,0.0,0.6479590411076533
2022-07-18,TRX,2,-0.022481760869401027,0.0,0.0,mark,0.06726,0.0,0.6335543094680276
2022-07-18,TRX,2,0.009997661813987771,0.0,0.0,mark,0.06882,0.0,0.6399201398810067
2022-07-19,TRX,2,-6.377031102319102e-05,0.0,0.0,mark,0.06881,0.0,0.6398793332757953
2022-07-19,TRX,2,-0.0001441804146104582,0.00014417002111403177,0.0,funding,0.06881,0.0,0.6397870818588065
2022-07-19,TRX,2,0.0066113767418359195,0.0,0.0,mark,0.06985,0.0,0.6440309688007926
2022-07-19,TRX,2,-0.014166063354331185,0.0,0.0,mark,0.06763,0.0,0.6349719024438608
2022-07-19,TRX,2,0.00933897693312741,0.0,0.0,mark,0.06909,0.0,0.6409296668047259
2022-07-20,TRX,2,6.366580975404398e-05,0.0,0.0,mark,0.0691,0.0,0.6409704734099373
2022-07-20,TRX,2,-0.0001445416132489578,0.00014453116761327804,0.0,funding,0.0691,0.0,0.6408778331990097
2022-07-20,TRX,2,-0.014365439437821237,0.0,0.0,mark,0.06686,0.0,0.6317371536316552
2022-07-20,TRX,2,0.022166707521617413,0.0,0.0,mark,0.07033,0.0,0.6458970456400124
2022-07-20,TRX,2,-0.017848228973349742,0.0,0.0,mark,0.06753,0.0,0.6344711961808193
2022-07-21,TRX,2,6.431386208857732e-05,0.0,0.0,mark,0.06754,0.0,0.6345120027860307
2022-07-21,TRX,2,-0.00014271633762819776,0.00014270615413602768,0.0,funding,0.06754,0.0,0.6344214540183599
2022-07-21,TRX,2,0.004684441878139935,0.0,0.0,mark,0.06827,0.0,0.6374003361987924
2022-07-21,TRX,2,-0.011979254391155976,0.0,0.0,mark,0.06641,0.0,0.6298103076294712
2022-07-21,TRX,2,0.010377462963845518,0.0,0.0,mark,0.06802,0.0,0.6363801710685073
2022-07-22,TRX,2,0.0,0.0,0.0,mark,0.06802,0.0,0.6363801710685073
2022-07-22,TRX,2,-0.00014330871277856705,0.0001432984445755582,0.0,funding,0.06802,0.0,0.6362889787798345
2022-07-22,TRX,2,-0.009148490996410795,0.0,0.0,mark,0.0666,0.0,0.6304944408398151
2022-07-22,TRX,2,0.015987197894651545,0.0,0.0,mark,0.06909,0.0,0.6406552855374547
2022-07-22,TRX,2,-0.013401679470433773,0.0,0.0,mark,0.067,0.0,0.6321267050482712
2022-07-23,TRX,2,0.0,0.0,0.0,mark,0.067,0.0,0.6321267050482712
2022-07-23,TRX,2,-0.00014210946706544406,0.0001420993699934242,0.0,funding,0.067,0.0,0.6320368802417278
2022-07-23,TRX,2,0.005793910948470302,0.0,0.0,mark,0.0679,0.0,0.6357094747107541
2022-07-23,TRX,2,-0.012401182836512554,0.0,0.0,mark,0.06598,0.0,0.6278746065101645
2022-07-23,TRX,2,0.0064781362589761025,0.0,0.0,mark,0.06698,0.0,0.6319552670313049
2022-07-24,TRX,2,0.0,0.0,0.0,mark,0.06698,0.0,0.6319552670313049
2022-07-24,TRX,2,-0.0001421055862696449,0.00014209548974902767,0.0,funding,0.06698,0.0,0.6318654690381366
2022-07-24,TRX,2,-0.001939314066707675,0.0,0.0,mark,0.06668,0.0,0.6306412708817944
2022-07-24,TRX,2,0.00734947021798879,0.0,0.0,mark,0.06782,0.0,0.6352932238758945
2022-07-24,TRX,2,-0.006379343067327391,0.0,0.0,mark,0.06683,0.0,0.6312533699599655
2022-07-25,TRX,2,6.464169264434758e-05,0.0,0.0,mark,0.06684,0.0,0.631294176565177
2022-07-25,TRX,2,-0.0001419570517626894,0.00014194697633715002,0.0,funding,0.06684,0.0,0.6312045662656343
2022-07-25,TRX,2,0.0010984257714060119,0.0,0.0,mark,0.06701,0.0,0.6318982785542282
2022-07-25,TRX,2,-0.022003021841390667,0.0,0.0,mark,0.06364,0.0,0.618146452597985
2022-07-25,TRX,2,0.0003300178457411675,0.0,0.0,mark,0.06369,0.0,0.6183504856240419
2022-07-26,TRX,2,6.599050174734636e-05,0.0,0.0,mark,0.0637,0.0,0.6183912922292534
2022-07-26,TRX,2,-0.00013811076940135336,0.00013810123254819092,0.0,funding,0.0637,0.0,0.6183058916295995
2022-07-26,TRX,2,0.01122235517639309,0.0,0.0,mark,0.06541,0.0,0.6252838211207495
2022-07-26,TRX,2,-0.016051811277460918,0.0,0.0,mark,0.06297,0.0,0.615327009449167
2022-07-26,TRX,2,0.0157254533662675,0.0,0.0,mark,0.06536,0.0,0.6250797880946926
2022-07-27,TRX,2,6.528010355377207e-05,0.0,0.0,mark,0.06537,0.0,0.625120594699904
2022-07-27,TRX,2,-0.0001402060036952142,0.00014019617529288612,0.0,funding,0.06537,0.0,0.6250329551834303
2022-07-27,TRX,2,0.021827094855137487,0.0,0.0,mark,0.06875,0.0,0.638825587744885
2022-07-27,TRX,2,-0.02398389422901153,0.0,0.0,mark,0.06504,0.0,0.623686337211454
2022-07-27,TRX,2,0.02340883107756821,0.0,0.0,mark,0.06866,0.0,0.6384583282979822
2022-07-28,TRX,2,0.0,0.0,0.0,mark,0.06866,0.0,0.6384583282979822
2022-07-28,TRX,2,-0.00014418631405205826,0.00014417591970495108,0.0,funding,0.06866,0.0,0.6383662779813065
2022-07-28,TRX,2,-0.0073783554606470314,0.0,0.0,mark,0.06751,0.0,0.633673518381995
2022-07-28,TRX,2,0.018692491122246965,0.0,0.0,mark,0.07044,0.0,0.6456298537089364
2022-07-28,TRX,2,-0.00481510344541817,0.0,0.0,mark,0.06968,0.0,0.6425285517128697
2022-07-29,TRX,2,0.0,0.0,0.0,mark,0.06968,0.0,0.6425285517128697
2022-07-29,TRX,2,-0.0001454014615582684,0.00014539089127802628,0.0,funding,0.06968,0.0,0.6424351339140646
2022-07-29,TRX,2,0.014628799629277305,0.0,0.0,mark,0.072,0.0,0.6519022663231103
2022-07-29,TRX,2,-0.025164683037764257,0.0,0.0,mark,0.06803,0.0,0.6357020440541828
2022-07-29,TRX,2,0.007737150500317666,0.0,0.0,mark,0.06924,0.0,0.6406396432847627
2022-07-30,TRX,2,0.0,0.0,0.0,mark,0.06924,0.0,0.6406396432847627
2022-07-30,TRX,2,-0.00014490928168623231,0.00014489878284339186,0.0,funding,0.06924,0.0,0.6405468153802095
2022-07-30,TRX,2,0.01303804748136124,0.0,0.0,mark,0.0713,0.0,0.6489529760537588
2022-07-30,TRX,2,-0.014887226981754527,0.0,0.0,mark,0.06895,0.0,0.6393634238290787
2022-07-30,TRX,2,0.0010206597976205277,0.0,0.0,mark,0.06911,0.0,0.6400163295124612
2022-07-31,TRX,2,6.375666134943093e-05,0.0,0.0,mark,0.06912,0.0,0.6400571361176727
2022-07-31,TRX,2,-0.00014478978180881266,0.00014477930027425684,0.0,funding,0.06912,0.0,0.63996446909337
2022-07-31,TRX,2,0.010781526211638222,0.0,0.0,mark,0.07082,0.0,0.6469015919793087
2022-07-31,TRX,2,-0.013846884936741875,0.0,0.0,mark,0.06864,0.0,0.6380057520432226
2022-07-31,TRX,2,0.0014061225776052573,0.0,0.0,mark,0.06886,0.0,0.6389034973578736
2022-08-01,TRX,2,0.0,0.0,0.0,mark,0.06886,0.0,0.6389034973578736
2022-08-01,TRX,2,-0.00014450558063093812,0.0001444951402023895,0.0,funding,0.06886,0.0,0.638811178907447
2022-08-01,TRX,2,0.016974677599865526,0.0,0.0,mark,0.07154,0.0,0.6497473491041034
2022-08-01,TRX,2,-0.02081478004133804,0.0,0.0,mark,0.06826,0.0,0.6363627825947628
2022-08-01,TRX,2,0.010207684089728816,0.0,0.0,mark,0.06986,0.0,0.6428918394285874
2022-08-02,TRX,2,-6.347553014803369e-05,0.0,0.0,mark,0.06985,0.0,0.642851032823376
2022-08-02,TRX,2,-0.0001456831041349033,0.00014567249286676835,0.0,funding,0.06985,0.0,0.6427573871108826
2022-08-02,TRX,2,0.0039916905539594105,0.0,0.0,mark,0.07048,0.0,0.645328203239201
2022-08-02,TRX,2,-0.017606641720373725,0.0,0.0,mark,0.06772,0.0,0.6340655802008535
2022-08-02,TRX,2,0.0037898766786650414,0.0,0.0,mark,0.06831,0.0,0.6364731699083263
2022-08-03,TRX,2,-6.41156851953382e-05,0.0,0.0,mark,0.0683,0.0,0.6364323633031148
2022-08-03,TRX,2,-0.00014388687479717513,0.00014387652357719544,0.0,funding,0.0683,0.0,0.6363407956271907
2022-08-03,TRX,2,-0.006562436395905584,0.0,0.0,mark,0.06728,0.0,0.6321785218956275
2022-08-03,TRX,2,0.012508531215939055,0.0,0.0,mark,0.06923,0.0,0.6401358099118513
2022-08-03,TRX,2,-0.008964613416599578,0.0,0.0,mark,0.06783,0.0,0.6344228851822546
2022-08-04,TRX,2,0.0,0.0,0.0,mark,0.06783,0.0,0.6344228851822546
2022-08-04,TRX,2,-0.00014334930502585825,0.00014333903100514507,0.0,funding,0.06783,0.0,0.6343319476206452
2022-08-04,TRX,2,0.011385685095464794,0.0,0.0,mark,0.06961,0.0,0.6415955233482751
2022-08-04,TRX,2,-0.012995230942286731,0.0,0.0,mark,0.06758,0.0,0.63331178249036
2022-08-04,TRX,2,0.008533167448723757,0.0,0.0,mark,0.06891,0.0,0.6387390609834768
2022-08-05,TRX,2,-6.388823112429805e-05,0.0,0.0,mark,0.0689,0.0,0.6386982543782653
2022-08-05,TRX,2,-0.00014463599496031615,0.0001446255356789988,0.0,funding,0.0689,0.0,0.6386058823010886
2022-08-05,TRX,2,0.007765510870927273,0.0,0.0,mark,0.07012,0.0,0.64358428813688
2022-08-05,TRX,2,-0.012441088857197689,0.0,0.0,mark,0.06817,0.0,0.6356270001206561
2022-08-05,TRX,2,0.010981704347943346,0.0,0.0,mark,0.06989,0.0,0.6426457362170176
2022-08-06,TRX,2,0.0,0.0,0.0,mark,0.06989,0.0,0.6426457362170176
2022-08-06,TRX,2,-0.0001458131057664069,0.0001458024755522401,0.0,funding,0.06989,0.0,0.6425520368777741
2022-08-06,TRX,2,0.004498867758256371,0.0,0.0,mark,0.0706,0.0,0.6454493058477838
2022-08-06,TRX,2,-0.008444078994362992,0.0,0.0,mark,0.06927,0.0,0.6400220273546671
2022-08-06,TRX,2,0.0012743501954045134,0.0,0.0,mark,0.06947,0.0,0.6408381594588952
2022-08-07,TRX,2,0.0,0.0,0.0,mark,0.06947,0.0,0.6408381594588952
2022-08-07,TRX,2,-0.00014534563154521352,0.00014533506938059913,0.0,funding,0.06947,0.0,0.6407450232005285
2022-08-07,TRX,2,-0.002231504382192594,0.0,0.0,mark,0.06912,0.0,0.6393167920181293
2022-08-07,TRX,2,0.007883571657620618,0.0,0.0,mark,0.07036,0.0,0.6443768110643434
2022-08-07,TRX,2,-0.004697230522624672,0.0,0.0,mark,0.06962,0.0,0.6413571222786995
2022-08-08,TRX,2,0.0,0.0,0.0,mark,0.06962,0.0,0.6413571222786995
2022-08-08,TRX,2,-0.00014554161455002115,0.00014553102388296452,0.0,funding,0.06962,0.0,0.6412637849200196
2022-08-08,TRX,2,0.009878058455966643,0.0,0.0,mark,0.07118,0.0,0.6476296153329986
2022-08-08,TRX,2,-0.010323600339985441,0.0,0.0,mark,0.06955,0.0,0.6409781386835397
2022-08-08,TRX,2,0.0034953503379687176,0.0,0.0,mark,0.0701,0.0,0.643222501970167
2022-08-09,TRX,2,-6.344289813366146e-05,0.0,0.0,mark,0.07009,0.0,0.6431816953649555
2022-08-09,TRX,2,-0.00014610853910157286,0.00014609786576884716,0.0,funding,0.07009,0.0,0.6430877278919611
2022-08-09,TRX,2,0.005757722943622524,0.0,0.0,mark,0.071,0.0,0.6468011289661989
2022-08-09,TRX,2,-0.017501986966829114,0.0,0.0,mark,0.06825,0.0,0.6355793125330628
2022-08-09,TRX,2,0.000962593514403135,0.0,0.0,mark,0.0684,0.0,0.6361914116112338
2022-08-10,TRX,2,-6.414408184672963e-05,0.0,0.0,mark,0.06839,0.0,0.6361506050060224
2022-08-10,TRX,2,-0.00014414030819375154,0.00014412992047865283,0.0,funding,0.06839,0.0,0.6360589166699104
2022-08-10,TRX,2,0.013952242706708945,0.0,0.0,mark,0.07058,0.0,0.644995563211208
2022-08-10,TRX,2,-0.017293899892385736,0.0,0.0,mark,0.06787,0.0,0.6339369731989174
2022-08-10,TRX,2,0.016027768891004764,0.0,0.0,mark,0.07038,0.0,0.6441794311069798
2022-08-11,TRX,2,-6.33486506650176e-05,0.0,0.0,mark,0.07037,0.0,0.6441386245017684
2022-08-11,TRX,2,-0.00014647432435945922,0.0001464635975192571,0.0,funding,0.07037,0.0,0.6440442816415227
2022-08-11,TRX,2,0.004929903131849192,0.0,0.0,mark,0.07115,0.0,0.6472271968480122
2022-08-11,TRX,2,-0.007276973021572848,0.0,0.0,mark,0.07,0.0,0.6425344372487007
2022-08-11,TRX,2,0.0021569720107944084,0.0,0.0,mark,0.07034,0.0,0.6439218618258885
2022-08-12,TRX,2,6.336997497269104e-05,0.0,0.0,mark,0.07035,0.0,0.6439626684311
2022-08-12,TRX,2,-0.0001464727056807801,0.00014646197907765602,0.0,funding,0.07035,0.0,0.6438683523842293
2022-08-12,TRX,2,0.002468663072637449,0.0,0.0,mark,0.07074,0.0,0.6454598099874741
2022-08-12,TRX,2,-0.009209318779526507,0.0,0.0,mark,0.06929,0.0,0.6395428522318205
2022-08-12,TRX,2,0.007374227452872613,0.0,0.0,mark,0.07045,0.0,0.6442764184363433
2022-08-13,TRX,2,0.0,0.0,0.0,mark,0.07045,0.0,0.6442764184363433
2022-08-13,TRX,2,-0.00014660949066852536,0.00014659874402234884,0.0,funding,0.07045,0.0,0.6441819683225973
2022-08-13,TRX,2,-0.005590078145324486,0.0,0.0,mark,0.06957,0.0,0.6405909870639938
2022-08-13,TRX,2,0.010455893233471686,0.0,0.0,mark,0.07122,0.0,0.6473240769238754
2022-08-13,TRX,2,-0.007911074130956278,0.0,0.0,mark,0.06997,0.0,0.6422232512724498
2022-08-14,TRX,2,-6.354161361038162e-05,0.0,0.0,mark,0.06996,0.0,0.6421824446672384
2022-08-14,TRX,2,-0.0001460644664578293,0.00014605379956305202,0.0,funding,0.06996,0.0,0.6420886514811821
2022-08-14,TRX,2,0.015450488177240677,0.0,0.0,mark,0.07241,0.0,0.6520862697579761
2022-08-14,TRX,2,-0.018441945110806345,0.0,0.0,mark,0.06949,0.0,0.640170741036246
2022-08-14,TRX,2,0.005530347803449254,0.0,0.0,mark,0.07036,0.0,0.6437209156896383
2022-08-15,TRX,2,6.338975613529557e-05,0.0,0.0,mark,0.07037,0.0,0.6437617222948497
2022-08-15,TRX,2,-0.0001465600867462248,0.00014654934734132088,0.0,funding,0.07037,0.0,0.6436673794346041
2022-08-15,TRX,2,0.0050589449590915415,0.0,0.0,mark,0.07117,0.0,0.6469319078515163
2022-08-15,TRX,2,-0.018525994961104495,0.0,0.0,mark,0.06826,0.0,0.6350571857349977
2022-08-15,TRX,2,0.0038479820340171977,0.0,0.0,mark,0.06886,0.0,0.6375055820476819
2022-08-16,TRX,2,0.0,0.0,0.0,mark,0.06886,0.0,0.6375055820476819
2022-08-16,TRX,2,-0.0001448224738433429,0.00014481198757506413,0.0,funding,0.06886,0.0,0.6374132635972554
2022-08-16,TRX,2,0.011014417330304033,0.0,0.0,mark,0.07059,0.0,0.6444728062988283
2022-08-16,TRX,2,-0.014348962462491479,0.0,0.0,mark,0.06834,0.0,0.6352913201262623
2022-08-16,TRX,2,0.008952413597330516,0.0,0.0,mark,0.06974,0.0,0.6410042448558589
2022-08-17,TRX,2,0.0,0.0,0.0,mark,0.06974,0.0,0.6410042448558589
2022-08-17,TRX,2,-0.00014587276023461258,0.00014586212132089852,0.0,funding,0.06974,0.0,0.6409107466169286
2022-08-17,TRX,2,0.007674511093928275,0.0,0.0,mark,0.07095,0.0,0.6458483458475085
2022-08-17,TRX,2,-0.019136832382408046,0.0,0.0,mark,0.06795,0.0,0.6336063642840872
2022-08-17,TRX,2,0.0023801028495245976,0.0,0.0,mark,0.06832,0.0,0.6351162086769092
2022-08-18,TRX,2,0.0,0.0,0.0,mark,0.06832,0.0,0.6351162086769092
2022-08-18,TRX,2,-0.000144227297964338,0.0001442168977075399,0.0,funding,0.06832,0.0,0.63502461418761
2022-08-18,TRX,2,0.0021824526210872477,0.0,0.0,mark,0.06866,0.0,0.6364120387647978
2022-08-18,TRX,2,-0.008564502722054678,0.0,0.0,mark,0.06733,0.0,0.630984760271681
2022-08-18,TRX,2,0.0005172366162174817,0.0,0.0,mark,0.06741,0.0,0.6313112131133722
2022-08-19,TRX,2,-6.463994816885474e-05,0.0,0.0,mark,0.0674,0.0,0.6312704065081608
2022-08-19,TRX,2,-0.00014315187429409694,0.00014314162855337613,0.0,funding,0.0674,0.0,0.6311800454341157
2022-08-19,TRX,2,0.00019393506837821146,0.0,0.0,mark,0.06743,0.0,0.6313024652497499
2022-08-19,TRX,2,-0.02294954060619399,0.0,0.0,mark,0.06392,0.0,0.616979346820547
2022-08-19,TRX,2,0.0009915982654629886,0.0,0.0,mark,0.06407,0.0,0.6175914458987181
2022-08-20,TRX,2,0.0,0.0,0.0,mark,0.06407,0.0,0.6175914458987181
2022-08-20,TRX,2,-0.00013909295799243533,0.0001390832850154715,0.0,funding,0.06407,0.0,0.617505549251625
2022-08-20,TRX,2,0.011759438916827054,0.0,0.0,mark,0.06586,0.0,0.6248099315844664
2022-08-20,TRX,2,-0.012552749232202932,0.0,0.0,mark,0.06395,0.0,0.6170158699890882
2022-08-20,TRX,2,0.01209547168775431,0.0,0.0,mark,0.06579,0.0,0.6245242853479865
2022-08-21,TRX,2,-6.53424364509866e-05,0.0,0.0,mark,0.06578,0.0,0.6244834787427751
2022-08-21,TRX,2,-0.00014122938598750814,0.00014121941358733917,0.0,funding,0.06578,0.0,0.6243952895521121
2022-08-21,TRX,2,-0.008071000542223523,0.0,0.0,mark,0.06455,0.0,0.6193760771111093
2022-08-21,TRX,2,0.011854355053632748,0.0,0.0,mark,0.06636,0.0,0.6267620726543734
2022-08-21,TRX,2,-0.0029994162648302827,0.0,0.0,mark,0.0659,0.0,0.6248849688146488
2022-08-22,TRX,2,0.0,0.0,0.0,mark,0.0659,0.0,0.6248849688146488
2022-08-22,TRX,2,-0.0001413961315272276,0.00014138613556532483,0.0,funding,0.0659,0.0,0.6247966187437353
2022-08-22,TRX,2,0.0024136222628889396,0.0,0.0,mark,0.06627,0.0,0.6263064631365572
2022-08-22,TRX,2,-0.011335713730979002,0.0,0.0,mark,0.06454,0.0,0.6192469204349843
2022-08-22,TRX,2,0.007091686297326779,0.0,0.0,mark,0.06562,0.0,0.6236540337978159
2022-08-23,TRX,2,0.0,0.0,0.0,mark,0.06562,0.0,0.6236540337978159
2022-08-23,TRX,2,-0.00014107323047180445,0.00014106328011157613,0.0,funding,0.06562,0.0,0.6235660591141536
2022-08-23,TRX,2,-0.0049859028896426195,0.0,0.0,mark,0.06486,0.0,0.6204647571180869
2022-08-23,TRX,2,0.012808114583364581,0.0,0.0,mark,0.06682,0.0,0.6284628517395221
2022-08-23,TRX,2,-0.003316966625596143,0.0,0.0,mark,0.06631,0.0,0.6263817148737404
2022-08-24,TRX,2,0.00013028460462380725,0.0,0.0,mark,0.06633,0.0,0.6264633280841633
2022-08-24,TRX,2,-0.00014196021803229835,0.00014195014215739955,0.0,funding,0.06633,0.0,0.6263744015256854
2022-08-24,TRX,2,0.0007163637233326789,0.0,0.0,mark,0.06644,0.0,0.6268232741830108
2022-08-24,TRX,2,-0.011194638668456222,0.0,0.0,mark,0.06473,0.0,0.6198453446918606
2022-08-24,TRX,2,0.0005923262827945922,0.0,0.0,mark,0.06482,0.0,0.6202126041387632
2022-08-25,TRX,2,-6.579670813528302e-05,0.0,0.0,mark,0.06481,0.0,0.6201717975335518
2022-08-25,TRX,2,-0.00014011412584232917,0.00014010431031667174,0.0,funding,0.06481,0.0,0.6200849087915805
2022-08-25,TRX,2,0.006297704670566911,0.0,0.0,mark,0.06577,0.0,0.6240023428918753
2022-08-25,TRX,2,-0.007021855825354316,0.0,0.0,mark,0.0647,0.0,0.619636036134255
2022-08-25,TRX,2,0.0051891186445978356,0.0,0.0,mark,0.06549,0.0,0.6228597579459559
2022-08-26,TRX,2,0.0,0.0,0.0,mark,0.06549,0.0,0.6228597579459559
2022-08-26,TRX,2,-0.00014097328412156852,0.00014096334785507957,0.0,funding,0.06549,0.0,0.6227719575492316
2022-08-26,TRX,2,0.0010478372793658128,0.0,0.0,mark,0.06565,0.0,0.623424863232614
2022-08-26,TRX,2,-0.02814554068939955,0.0,0.0,mark,0.06141,0.0,0.6061228626229787
2022-08-26,TRX,2,0.0011438532588926382,0.0,0.0,mark,0.06158,0.0,0.6068165749115726
2022-08-27,TRX,2,0.0,0.0,0.0,mark,0.06158,0.0,0.6068165749115726
2022-08-27,TRX,2,-0.00013606088218206017,0.00013605162631998984,0.0,funding,0.06158,0.0,0.606734016529678
2022-08-27,TRX,2,0.009571677080112253,0.0,0.0,mark,0.06301,0.0,0.6125693610749088
2022-08-27,TRX,2,-0.012602793856207212,0.0,0.0,mark,0.06113,0.0,0.6048977192951648
2022-08-27,TRX,2,0.011869754911511937,0.0,0.0,mark,0.0629,0.0,0.6121204884175834
2022-08-28,TRX,2,0.0,0.0,0.0,mark,0.0629,0.0,0.6121204884175834
2022-08-28,TRX,2,-0.00013777332315846908,0.00013776383285000825,0.0,funding,0.0629,0.0,0.612036160352933
2022-08-28,TRX,2,0.0017985666503591772,0.0,0.0,mark,0.06317,0.0,0.6131379386936409
2022-08-28,TRX,2,-0.012119365427580537,0.0,0.0,mark,0.06136,0.0,0.6057519431503767
2022-08-28,TRX,2,0.0003367693232519432,0.0,0.0,mark,0.06141,0.0,0.6059559761764337
2022-08-29,TRX,2,0.0,0.0,0.0,mark,0.06141,0.0,0.6059559761764337
2022-08-29,TRX,2,-0.0001358779598158656,0.00013586872882400482,0.0,funding,0.06141,0.0,0.6058736457082273
2022-08-29,TRX,2,0.0137126439622045,0.0,0.0,mark,0.06346,0.0,0.6142389997765652
2022-08-29,TRX,2,-0.016815630324120028,0.0,0.0,mark,0.06095,0.0,0.6039965418685027
2022-08-29,TRX,2,0.016217541819790775,0.0,0.0,mark,0.06337,0.0,0.6138717403296625
2022-08-30,TRX,2,-6.64763644958387e-05,0.0,0.0,mark,0.06336,0.0,0.6138309337244511
2022-08-30,TRX,2,-0.00013839421521179033,0.00013838463917423125,0.0,funding,0.06336,0.0,0.6137459889521737
2022-08-30,TRX,2,0.024237864300203717,0.0,0.0,mark,0.06705,0.0,0.6288036262751818
2022-08-30,TRX,2,-0.027567791106909222,0.0,0.0,mark,0.06286,0.0,0.6117056586916034
2022-08-30,TRX,2,0.01233162705801143,0.0,0.0,mark,0.06472,0.0,0.6192956872609247
2022-08-31,TRX,2,6.588978689224085e-05,0.0,0.0,mark,0.06473,0.0,0.6193364938661361
2022-08-31,TRX,2,-0.00014012991292092753,0.0001401200951831777,0.0,funding,0.06473,0.0,0.6192497123776651
2022-08-31,TRX,2,-0.01033311174012542,0.0,0.0,mark,0.06317,0.0,0.6128838819646861
2022-08-31,TRX,2,0.017097556724320947,0.0,0.0,mark,0.06576,0.0,0.6234527927144398
2022-08-31,TRX,2,-0.01563383989496859,0.0,0.0,mark,0.06339,0.0,0.6137816272793369
2022-09-01,TRX,2,0.0,0.0,0.0,mark,0.06339,0.0,0.6137816272793369
2022-09-01,TRX,2,-0.00013847087086267393,0.00013846128421402492,0.0,funding,0.06339,0.0,0.6136966422869968
2022-09-01,TRX,2,0.002191869098276491,0.0,0.0,mark,0.06372,0.0,0.6150432602589732
2022-09-01,TRX,2,-0.010940626994513555,0.0,0.0,mark,0.06208,0.0,0.6083509770043029
2022-09-01,TRX,2,0.008017065941830593,0.0,0.0,mark,0.06328,0.0,0.6132477696296713
2022-09-02,TRX,2,0.0,0.0,0.0,mark,0.06328,0.0,0.6132477696296713
2022-09-02,TRX,2,-0.00013835091098275888,0.00013834134093683063,0.0,funding,0.06328,0.0,0.6131629321108942
2022-09-02,TRX,2,0.0022601778126422737,0.0,0.0,mark,0.06362,0.0,0.614550356688082
2022-09-02,TRX,2,-0.008736551146691782,0.0,0.0,mark,0.06231,0.0,0.609204691405388
2022-09-02,TRX,2,0.002007485832749684,0.0,0.0,mark,0.06261,0.0,0.6104288895617301
2022-09-03,TRX,2,0.0,0.0,0.0,mark,0.06261,0.0,0.6104288895617301
2022-09-03,TRX,2,-0.00013751813497919554,0.00013750867979384372,0.0,funding,0.06261,0.0,0.6103449502910184
2022-09-03,TRX,2,0.0038702802383315396,0.0,0.0,mark,0.06319,0.0,0.6127117333932799
2022-09-03,TRX,2,-0.005476167375934322,0.0,0.0,mark,0.06237,0.0,0.6093655917659447
2022-09-03,TRX,2,0.0048765876085657784,0.0,0.0,mark,0.0631,0.0,0.6123444739463773
2022-09-04,TRX,2,6.663772979572296e-05,0.0,0.0,mark,0.06311,0.0,0.6123852805515887
2022-09-04,TRX,2,-0.000138173553995526,0.00013816400846969286,0.0,funding,0.06311,0.0,0.6123006709464999
2022-09-04,TRX,2,0.003725157155869751,0.0,0.0,mark,0.06367,0.0,0.6145858408383386
2022-09-04,TRX,2,-0.007932613298159093,0.0,0.0,mark,0.06248,0.0,0.6097298548181814
2022-09-04,TRX,2,0.00686969792785868,0.0,0.0,mark,0.06351,0.0,0.6139329351549561
2022-09-05,TRX,2,0.0,0.0,0.0,mark,0.06351,0.0,0.6139329351549561
2022-09-05,TRX,2,-0.00013869882631699403,0.00013868920807955302,0.0,funding,0.06351,0.0,0.6138477892823655
2022-09-05,TRX,2,-0.007071479438214033,0.0,0.0,mark,0.06245,0.0,0.6095222891299567
2022-09-05,TRX,2,0.008200946077993966,0.0,0.0,mark,0.06368,0.0,0.6145415015709593
2022-09-05,TRX,2,-0.004859111050508943,0.0,0.0,mark,0.06295,0.0,0.6115626193905268
2022-09-06,TRX,2,6.672292021274104e-05,0.0,0.0,mark,0.06296,0.0,0.6116034259957382
2022-09-06,TRX,2,-0.00013802134914478437,0.00013801182463663356,0.0,funding,0.06296,0.0,0.6115190174909626
2022-09-06,TRX,2,0.007379722065937089,0.0,0.0,mark,0.06407,0.0,0.6160485506694284
2022-09-06,TRX,2,-0.02399935244018336,0.0,0.0,mark,0.06049,0.0,0.6014397860037457
2022-09-06,TRX,2,0.0013560441006852646,0.0,0.0,mark,0.06069,0.0,0.6022559181079737
2022-09-07,TRX,2,0.0,0.0,0.0,mark,0.06069,0.0,0.6022559181079737
2022-09-07,TRX,2,-0.00013510981129100647,0.00013510068437162445,0.0,funding,0.06069,0.0,0.6021745529212705
2022-09-07,TRX,2,0.008367802867220659,0.0,0.0,mark,0.06193,0.0,0.6072345719674846
2022-09-07,TRX,2,-0.012714221085275312,0.0,0.0,mark,0.06005,0.0,0.5995629301877407
2022-09-07,TRX,2,0.011907487028654719,0.0,0.0,mark,0.06181,0.0,0.6067448927049478
2022-09-08,TRX,2,0.0,0.0,0.0,mark,0.06181,0.0,0.6067448927049478
2022-09-08,TRX,2,-0.00013658523709007817,0.00013657590975133188,0.0,funding,0.06181,0.0,0.6066620259692397
2022-09-08,TRX,2,0.0008740518488809445,0.0,0.0,mark,0.06194,0.0,0.607192511836988
2022-09-08,TRX,2,-0.013600348840521864,0.0,0.0,mark,0.05993,0.0,0.5989903841894957
2022-09-08,TRX,2,0.009019908589703609,0.0,0.0,mark,0.06126,0.0,0.6044176626826124
2022-09-09,TRX,2,0.0,0.0,0.0,mark,0.06126,0.0,0.6044176626826124
2022-09-09,TRX,2,-0.00013589104590013492,0.00013588181313022181,0.0,funding,0.06126,0.0,0.6043355333147192
2022-09-09,TRX,2,-0.0006754590141946546,0.0,0.0,mark,0.06116,0.0,0.6039274672626052
2022-09-09,TRX,2,0.017149691777454155,0.0,0.0,mark,0.06372,0.0,0.6143739581967246
2022-09-09,TRX,2,-0.0019280321217632432,0.0,0.0,mark,0.06343,0.0,0.6131905666455939
2022-09-10,TRX,2,0.0,0.0,0.0,mark,0.06343,0.0,0.6131905666455939
2022-09-10,TRX,2,-0.00013869182099824308,0.00013868220373226315,0.0,funding,0.06343,0.0,0.6131055280265036
2022-09-10,TRX,2,0.008879132300687652,0.0,0.0,mark,0.06477,0.0,0.6185736131248318
2022-09-10,TRX,2,-0.011878701832997725,0.0,0.0,mark,0.06298,0.0,0.6112692307919905
2022-09-10,TRX,2,0.011680775622630578,0.0,0.0,mark,0.06474,0.0,0.6184511933091976
2022-09-11,TRX,2,6.597975630532903e-05,0.0,0.0,mark,0.06475,0.0,0.6184919999144091
2022-09-11,TRX,2,-0.00014036461976501277,0.00014035476911267926,0.0,funding,0.06475,0.0,0.618405191612563
2022-09-11,TRX,2,0.0015824314847780662,0.0,0.0,mark,0.06499,0.0,0.6193845501376367
2022-09-11,TRX,2,-0.009998072704775367,0.0,0.0,mark,0.06348,0.0,0.6132227527507146
2022-09-11,TRX,2,0.004713533758560172,0.0,0.0,mark,0.06419,0.0,0.6161200217207243
2022-09-12,TRX,2,6.622939117302032e-05,0.0,0.0,mark,0.0642,0.0,0.6161608283259358
2022-09-12,TRX,2,-0.00013969882897185975,0.00013968907154478848,0.0,funding,0.0642,0.0,0.6160747573919046
2022-09-12,TRX,2,0.003768368454456715,0.0,0.0,mark,0.06477,0.0,0.6184007338889547
2022-09-12,TRX,2,-0.01101433025482732,0.0,0.0,mark,0.06311,0.0,0.6116268374238616
2022-09-12,TRX,2,0.004991382827013819,0.0,0.0,mark,0.06386,0.0,0.6146873328147169
2022-09-13,TRX,2,-6.638815798793509e-05,0.0,0.0,mark,0.06385,0.0,0.6146465262095054
2022-09-13,TRX,2,-0.0001392795008774027,0.0001392698019380125,0.0,funding,0.06385,0.0,0.6145609245095384
2022-09-13,TRX,2,0.0007964780374302254,0.0,0.0,mark,0.06397,0.0,0.6150506037720752
2022-09-13,TRX,2,-0.022205499733006884,0.0,0.0,mark,0.06066,0.0,0.6015436174471004
2022-09-13,TRX,2,0.00013566376934784748,0.0,0.0,mark,0.06068,0.0,0.6016252306575232
2022-09-14,TRX,2,0.0,0.0,0.0,mark,0.06068,0.0,0.6016252306575232
2022-09-14,TRX,2,-0.00013522917018882332,0.0001352200271368177,0.0,funding,0.06068,0.0,0.6015438788775075
2022-09-14,TRX,2,0.007232284718588478,0.0,0.0,mark,0.06175,0.0,0.6059101856351278
2022-09-14,TRX,2,-0.008046653705795683,0.0,0.0,mark,0.06056,0.0,0.6010541996149706
2022-09-14,TRX,2,0.007170751235119949,0.0,0.0,mark,0.06162,0.0,0.6053796997673795
2022-09-15,TRX,2,0.0,0.0,0.0,mark,0.06162,0.0,0.6053796997673795
2022-09-15,TRX,2,-0.00013647244190060452,0.00013646312996052669,0.0,funding,0.06162,0.0,0.6052970877587347
2022-09-15,TRX,2,0.0023567746529817224,0.0,0.0,mark,0.06197,0.0,0.6067253189411338
2022-09-15,TRX,2,-0.00946060933214794,0.0,0.0,mark,0.06057,0.0,0.6010123942115372
2022-09-15,TRX,2,0.005011757098417869,0.0,0.0,mark,0.06131,0.0,0.6040320829971811
2022-09-16,TRX,2,6.755473431942909e-05,0.0,0.0,mark,0.06132,0.0,0.6040728896023926
2022-09-16,TRX,2,-0.00013610179170703583,0.0001360925302782886,0.0,funding,0.06132,0.0,0.603990679794374
2022-09-16,TRX,2,0.0020247981275788745,0.0,0.0,mark,0.06162,0.0,0.6052148779507162
2022-09-16,TRX,2,-0.007240623760880725,0.0,0.0,mark,0.06055,0.0,0.6008485711930959
2022-09-16,TRX,2,0.005215825633301919,0.0,0.0,mark,0.06132,0.0,0.603990679794374
2022-09-17,TRX,2,0.0,0.0,0.0,mark,0.06132,0.0,0.603990679794374
2022-09-17,TRX,2,-0.00013612031792617428,0.00013611105397602307,0.0,funding,0.06132,0.0,0.6039084699863555
2022-09-17,TRX,2,-6.757312733641719e-05,0.0,0.0,mark,0.06131,0.0,0.6038676633811441
2022-09-17,TRX,2,0.007070364061189075,0.0,0.0,mark,0.06236,0.0,0.6081523569283415
2022-09-17,TRX,2,-0.0005369386279353911,0.0,0.0,mark,0.06228,0.0,0.6078259040866503
2022-09-18,TRX,2,0.0,0.0,0.0,mark,0.06228,0.0,0.6078259040866503
2022-09-18,TRX,2,-0.00013737911621467566,0.00013736968013592165,0.0,funding,0.06228,0.0,0.6077424072366275
2022-09-18,TRX,2,0.0024812683547287633,0.0,0.0,mark,0.06265,0.0,0.6092522516294495
2022-09-18,TRX,2,-0.012671847089956048,0.0,0.0,mark,0.06077,0.0,0.6015806098497055
2022-09-18,TRX,2,0.0,0.0,0.0,mark,0.06077,0.0,0.6015806098497055
2022-09-19,TRX,2,0.0,0.0,0.0,mark,0.06077,0.0,0.6015806098497055
2022-09-19,TRX,2,-0.00013543980025226368,0.00013543062869654832,0.0,funding,0.06077,0.0,0.6014991374095019
2022-09-19,TRX,2,-0.010228357121869041,0.0,0.0,mark,0.05927,0.0,0.5953781466277913
2022-09-19,TRX,2,0.01327657419491044,0.0,0.0,mark,0.06122,0.0,0.6033354346440151
2022-09-19,TRX,2,-0.006377988233714244,0.0,0.0,mark,0.06028,0.0,0.5994996137541431
2022-09-20,TRX,2,0.0,0.0,0.0,mark,0.06028,0.0,0.5994996137541431
2022-09-20,TRX,2,-0.000134814032093818,0.000134804945090583,0.0,funding,0.06028,0.0,0.5994187982416291
2022-09-20,TRX,2,0.0025835838760072606,0.0,0.0,mark,0.06066,0.0,0.6009694492396624
2022-09-20,TRX,2,-0.00845540727611129,0.0,0.0,mark,0.05942,0.0,0.5959094301934483
2022-09-20,TRX,2,0.0024621694932141576,0.0,0.0,mark,0.05978,0.0,0.5973784679810589
2022-09-21,TRX,2,0.0,0.0,0.0,mark,0.05978,0.0,0.5973784679810589
2022-09-21,TRX,2,-0.0001341704783675505,0.00013416147791136114,0.0,funding,0.05978,0.0,0.597298322802922
2022-09-21,TRX,2,0.016397925429197435,0.0,0.0,mark,0.0622,0.0,0.6071735212640819
2022-09-21,TRX,2,-0.023872521806658588,0.0,0.0,mark,0.05869,0.0,0.592850402834879
2022-09-21,TRX,2,0.002474858244620255,0.0,0.0,mark,0.05905,0.0,0.5943194406224895
2022-09-22,TRX,2,-6.866342138373378e-05,0.0,0.0,mark,0.05904,0.0,0.5942786340172781
2022-09-22,TRX,2,-0.00013320074199063434,0.00013319187116564245,0.0,funding,0.05904,0.0,0.5941994809340195
2022-09-22,TRX,2,0.009704597149391899,0.0,0.0,mark,0.06046,0.0,0.5999940188740389
2022-09-22,TRX,2,-0.011904613033399476,0.0,0.0,mark,0.05872,0.0,0.5928936695672546
2022-09-22,TRX,2,0.010270998932275375,0.0,0.0,mark,0.06022,0.0,0.5990146603489652
2022-09-23,TRX,2,0.0,0.0,0.0,mark,0.06022,0.0,0.5990146603489652
2022-09-23,TRX,2,-0.00013478887738534902,0.0001347797937727547,0.0,funding,0.06022,0.0,0.5989339252765765
2022-09-23,TRX,2,0.006451689211326512,0.0,0.0,mark,0.06117,0.0,0.60281055277166
2022-09-23,TRX,2,-0.013219614486479571,0.0,0.0,mark,0.05923,0.0,0.5948940713606475
2022-09-23,TRX,2,0.008129639024809012,0.0,0.0,mark,0.06042,0.0,0.5997500573808047
2022-09-24,TRX,2,6.803703733708291e-05,0.0,0.0,mark,0.06043,0.0,0.5997908639860161
2022-09-24,TRX,2,-0.00013508389312836402,0.00013507476971006123,0.0,funding,0.06043,0.0,0.599709847373189
2022-09-24,TRX,2,0.0034642322207677047,0.0,0.0,mark,0.06094,0.0,0.6017909842389706
2022-09-24,TRX,2,-0.009333197548863264,0.0,0.0,mark,0.05957,0.0,0.5962004793250082
2022-09-24,TRX,2,0.0019146101557570207,0.0,0.0,mark,0.05985,0.0,0.5973430642709275
2022-09-25,TRX,2,0.0,0.0,0.0,mark,0.05985,0.0,0.5973430642709275
2022-09-25,TRX,2,-0.00013433555915697804,0.0001343265365397753,0.0,funding,0.05985,0.0,0.597262825245978
2022-09-25,TRX,2,-0.0027366489678410997,0.0,0.0,mark,0.05945,0.0,0.5956305610375218
2022-09-25,TRX,2,0.0057383379219515,0.0,0.0,mark,0.06029,0.0,0.5990583158752797
2022-09-25,TRX,2,-0.0040270548712241505,0.0,0.0,mark,0.0597,0.0,0.5966507261678068
2022-09-26,TRX,2,0.0,0.0,0.0,mark,0.0597,0.0,0.5966507261678068
2022-09-26,TRX,2,-0.00013415435524334572,0.0001341453569502617,0.0,funding,0.0597,0.0,0.5965706882431704
2022-09-26,TRX,2,0.0013671043156340175,0.0,0.0,mark,0.0599,0.0,0.5973868203473984
2022-09-26,TRX,2,-0.006441703488119872,0.0,0.0,mark,0.05896,0.0,0.5935509994575264
2022-09-26,TRX,2,0.004321894385497905,0.0,0.0,mark,0.05959,0.0,0.5961218155858449
2022-09-27,TRX,2,0.0,0.0,0.0,mark,0.05959,0.0,0.5961218155858449
2022-09-27,TRX,2,-0.00013402597053451733,0.0001340169894552818,0.0,funding,0.05959,0.0,0.5960419251347714
2022-09-27,TRX,2,0.008792909692988892,0.0,0.0,mark,0.06088,0.0,0.6013059772070425
2022-09-27,TRX,2,-0.012840385588839801,0.0,0.0,mark,0.059,0.0,0.5936343354272985
2022-09-27,TRX,2,0.002608725899615189,0.0,0.0,mark,0.05938,0.0,0.5951849864253319
2022-09-28,TRX,2,0.0,0.0,0.0,mark,0.05938,0.0,0.5951849864253319
2022-09-28,TRX,2,-0.00013376384983935155,0.00013375490385458388,0.0,funding,0.05938,0.0,0.5951053775146969
2022-09-28,TRX,2,-0.007087808995346516,0.0,0.0,mark,0.05835,0.0,0.5909022971779223
2022-09-28,TRX,2,0.01071545157331626,0.0,0.0,mark,0.05991,0.0,0.5972681275909013
2022-09-28,TRX,2,-0.00253111781137983,0.0,0.0,mark,0.05954,0.0,0.5957582831980793
2022-09-29,TRX,2,0.0,0.0,0.0,mark,0.05954,0.0,0.5957582831980793
2022-09-29,TRX,2,-0.00013399522589100318,0.00013398624893172116,0.0,funding,0.05954,0.0,0.5956784597804436
2022-09-29,TRX,2,0.01671166540599717,0.0,0.0,mark,0.062,0.0,0.6057168846624491
2022-09-29,TRX,2,-0.01815129391708587,0.0,0.0,mark,0.05933,0.0,0.5948215210710042
2022-09-29,TRX,2,0.011323759518414892,0.0,0.0,mark,0.06099,0.0,0.6015954175360972
2022-09-30,TRX,2,0.0,0.0,0.0,mark,0.06099,0.0,0.6015954175360972
2022-09-30,TRX,2,-0.00013592680772132515,0.0001359175700912909,0.0,funding,0.06099,0.0,0.6015136501487677
2022-09-30,TRX,2,0.008982240752804882,0.0,0.0,mark,0.06232,0.0,0.6069409286418844
2022-09-30,TRX,2,-0.014219601469217653,0.0,0.0,mark,0.06022,0.0,0.5983715415474895
2022-09-30,TRX,2,0.00537303124404591,0.0,0.0,mark,0.06101,0.0,0.6015952633591904
2022-10-01,TRX,2,0.0,0.0,0.0,mark,0.06101,0.0,0.6015952633591904
2022-10-01,TRX,2,-0.0001359714190744717,0.00013596217538004978,0.0,funding,0.06101,0.0,0.6015134691584858
2022-10-01,TRX,2,0.0032510242202280337,0.0,0.0,mark,0.06149,0.0,0.6034721862086332
2022-10-01,TRX,2,-0.009784952979040286,0.0,0.0,mark,0.06005,0.0,0.5975960350581909
2022-10-01,TRX,2,0.0030000177693026036,0.0,0.0,mark,0.06049,0.0,0.5993915256874928
2022-10-02,TRX,2,6.807773294735127e-05,0.0,0.0,mark,0.0605,0.0,0.5994323322927042
2022-10-02,TRX,2,-0.0001353212754453718,0.00013531211993468158,0.0,funding,0.0605,0.0,0.5993512218330643
2022-10-02,TRX,2,0.010026095310868581,0.0,0.0,mark,0.06198,0.0,0.6053905994043521
2022-10-02,TRX,2,-0.010843444790602947,0.0,0.0,mark,0.06038,0.0,0.5988615425705275
2022-10-02,TRX,2,0.003740711311239814,0.0,0.0,mark,0.06093,0.0,0.6011059058571547
2022-10-03,TRX,2,0.0,0.0,0.0,mark,0.06093,0.0,0.6011059058571547
2022-10-03,TRX,2,-0.00013590366907390827,0.00013589443458855496,0.0,funding,0.06093,0.0,0.6010242189099504
2022-10-03,TRX,2,0.003862551979233855,0.0,0.0,mark,0.0615,0.0,0.6033501954070004
2022-10-03,TRX,2,-0.005561371896852143,0.0,0.0,mark,0.06068,0.0,0.6000040537796653
2022-10-03,TRX,2,0.004681751372782764,0.0,0.0,mark,0.06137,0.0,0.6028197095392521
2022-10-04,TRX,2,-6.769517616367664e-05,0.0,0.0,mark,0.06136,0.0,0.6027789029340407
2022-10-04,TRX,2,-0.00013648295962988884,0.0001364736462544771,0.0,funding,0.06136,0.0,0.602696639499272
2022-10-04,TRX,2,0.007554543705142803,0.0,0.0,mark,0.06248,0.0,0.6072669792829493
2022-10-04,TRX,2,-0.009587810623505914,0.0,0.0,mark,0.06106,0.0,0.6014724413429299
2022-10-04,TRX,2,0.008781119636299546,0.0,0.0,mark,0.06236,0.0,0.6067773000204124
2022-10-05,TRX,2,0.0,0.0,0.0,mark,0.06236,0.0,0.6067773000204124
2022-10-05,TRX,2,-0.0001377933282876326,0.00013778383522298598,0.0,funding,0.06236,0.0,0.6066936959168894
2022-10-05,TRX,2,-0.002896397958669021,0.0,0.0,mark,0.06193,0.0,0.604939011892799
2022-10-05,TRX,2,0.005449041443963111,0.0,0.0,mark,0.06274,0.0,0.6082443469149227
2022-10-05,TRX,2,-0.0019474808888447761,0.0,0.0,mark,0.06245,0.0,0.6070609553637919
2022-10-06,TRX,2,-6.722220630602507e-05,0.0,0.0,mark,0.06244,0.0,0.6070201487585805
2022-10-06,TRX,2,-0.00013791491081391585,0.00013790540098975232,0.0,funding,0.06244,0.0,0.606936437401557
2022-10-06,TRX,2,-0.003772195099540783,0.0,0.0,mark,0.06188,0.0,0.6046512675097183
2022-10-06,TRX,2,0.009069604293656207,0.0,0.0,mark,0.06323,0.0,0.6101601592132578
2022-10-06,TRX,2,-0.00308115356099839,0.0,0.0,mark,0.06277,0.0,0.6082830553735333
2022-10-07,TRX,2,6.708264542102085e-05,0.0,0.0,mark,0.06278,0.0,0.6083238619787448
2022-10-07,TRX,2,-0.00013836874212701448,0.00013835916961422895,0.0,funding,0.06278,0.0,0.6082396947943449
2022-10-07,TRX,2,0.003549446185125848,0.0,0.0,mark,0.06331,0.0,0.6104024448705494
2022-10-07,TRX,2,-0.008796181134676676,0.0,0.0,mark,0.062,0.0,0.6050567795878554
2022-10-07,TRX,2,0.003433671038672413,0.0,0.0,mark,0.06251,0.0,0.607137916453637
2022-10-08,TRX,2,-6.721368490099099e-05,0.0,0.0,mark,0.0625,0.0,0.6070971098484256
2022-10-08,TRX,2,-0.00013802994415701878,0.0001380204184625327,0.0,funding,0.0625,0.0,0.6070133180512769
2022-10-08,TRX,2,0.0016121051937312623,0.0,0.0,mark,0.06274,0.0,0.6079926765763506
2022-10-08,TRX,2,-0.006531627448104443,0.0,0.0,mark,0.06177,0.0,0.6040344358708444
2022-10-08,TRX,2,0.0018898022833773876,0.0,0.0,mark,0.06205,0.0,0.6051770208167637
2022-10-09,TRX,2,6.742693144519233e-05,0.0,0.0,mark,0.06206,0.0,0.6052178274219752
2022-10-09,TRX,2,-0.00013748375991745032,0.0001374743094583968,0.0,funding,0.06206,0.0,0.6051346255190784
2022-10-09,TRX,2,0.004910600041212405,0.0,0.0,mark,0.06279,0.0,0.6081135076995109
2022-10-09,TRX,2,-0.005787625589247253,0.0,0.0,mark,0.06193,0.0,0.6046041396513301
2022-10-09,TRX,2,0.002897999865024873,0.0,0.0,mark,0.06236,0.0,0.6063588236754205
2022-10-10,TRX,2,-6.730004871165969e-05,0.0,0.0,mark,0.06235,0.0,0.606318017070209
2022-10-10,TRX,2,-0.00013787559856874454,0.0001378660941652961,0.0,funding,0.06235,0.0,0.6062344263733735
2022-10-10,TRX,2,0.01946432034347288,0.0,0.0,mark,0.06527,0.0,0.6181499550951035
2022-10-10,TRX,2,-0.0200029581299403,0.0,0.0,mark,0.06227,0.0,0.6059079735316822
2022-10-10,TRX,2,0.0031603502355682903,0.0,0.0,mark,0.06274,0.0,0.6078258839766183
2022-10-11,TRX,2,-0.00013427972088175027,0.0,0.0,mark,0.06272,0.0,0.6077442707661954
2022-10-11,TRX,2,-0.00013836833340136507,0.00013835876094500627,0.0,funding,0.06272,0.0,0.6076601840219208
2022-10-11,TRX,2,-0.010259808573692316,0.0,0.0,mark,0.0612,0.0,0.6014575800297873
2022-10-11,TRX,2,0.01032695997868657,0.0,0.0,mark,0.06273,0.0,0.6077009906271321
2022-10-11,TRX,2,-0.007210895218249053,0.0,0.0,mark,0.06166,0.0,0.603334683869512
2022-10-12,TRX,2,6.763281870752088e-05,0.0,0.0,mark,0.06167,0.0,0.6033754904747234
2022-10-12,TRX,2,-0.00013703690083061775,0.00013702751170334966,0.0,funding,0.06167,0.0,0.6032928114326408
2022-10-12,TRX,2,-0.0035234697444070625,0.0,0.0,mark,0.06115,0.0,0.6011708679616478
2022-10-12,TRX,2,0.022484628839910537,0.0,0.0,mark,0.0645,0.0,0.6148410807074681
2022-10-12,TRX,2,-0.01855540262475455,0.0,0.0,mark,0.06173,0.0,0.6035376510639091
2022-10-13,TRX,2,-6.761464627294895e-05,0.0,0.0,mark,0.06172,0.0,0.6034968444586977
2022-10-13,TRX,2,-0.00013712043318641706,0.00013711103260941973,0.0,funding,0.06172,0.0,0.6034140983831774
2022-10-13,TRX,2,0.0038472833613666844,0.0,0.0,mark,0.06229,0.0,0.6057400748802274
2022-10-13,TRX,2,-0.020141986754769296,0.0,0.0,mark,0.05933,0.0,0.5936613197376518
2022-10-13,TRX,2,0.011413724047278839,0.0,0.0,mark,0.061,0.0,0.6004760228079563
2022-10-14,TRX,2,-6.795940266285188e-05,0.0,0.0,mark,0.06099,0.0,0.6004352162027449
2022-10-14,TRX,2,-0.00013618947253251086,0.0001361801991673188,0.0,funding,0.06099,0.0,0.6003534488154153
2022-10-14,TRX,2,0.030194431917406263,0.0,0.0,mark,0.0655,0.0,0.6187572277657586
2022-10-14,TRX,2,-0.031895151527860786,0.0,0.0,mark,0.06074,0.0,0.5993332836851302
2022-10-14,TRX,2,0.021487135664511277,0.0,0.0,mark,0.06393,0.0,0.6123505907475681
2022-10-15,TRX,2,0.0,0.0,0.0,mark,0.06393,0.0,0.6123505907475681
2022-10-15,TRX,2,-0.00013997692423331585,0.00013996712792062563,0.0,funding,0.06393,0.0,0.6122648817941007
2022-10-15,TRX,2,-0.01483889737342762,0.0,0.0,mark,0.06172,0.0,0.6032466220423803
2022-10-15,TRX,2,0.02280491778422193,0.0,0.0,mark,0.06513,0.0,0.6171616744194691
2022-10-15,TRX,2,-0.02266963697664694,0.0,0.0,mark,0.06174,0.0,0.6033282352528031
2022-10-16,TRX,2,-6.763811617548199e-05,0.0,0.0,mark,0.06173,0.0,0.6032874286475917
2022-10-16,TRX,2,-0.00013719026007326867,0.0001371808499197915,0.0,funding,0.06173,0.0,0.6032046691653838
2022-10-16,TRX,2,0.0022299513787933925,0.0,0.0,mark,0.06206,0.0,0.6045512871373602
2022-10-16,TRX,2,-0.005821827698042931,0.0,0.0,mark,0.0612,0.0,0.6010419190891794
2022-10-16,TRX,2,0.004538523682169286,0.0,0.0,mark,0.06187,0.0,0.6037759616383435
2022-10-17,TRX,2,0.0,0.0,0.0,mark,0.06187,0.0,0.6037759616383435
2022-10-17,TRX,2,-0.00013739015677538714,0.00013738071917990645,0.0,funding,0.06187,0.0,0.60369301446251
2022-10-17,TRX,2,-0.0015558938571113448,0.0,0.0,mark,0.06164,0.0,0.6027544625426478
2022-10-17,TRX,2,0.00970161735509761,0.0,0.0,mark,0.06308,0.0,0.6086306136930899
2022-10-17,TRX,2,-0.002887167086930481,0.0,0.0,mark,0.06265,0.0,0.6068759296689995
2022-10-18,TRX,2,6.723818057526475e-05,0.0,0.0,mark,0.06266,0.0,0.6069167362742109
2022-10-18,TRX,2,-0.00013842445516121766,0.00013841487493833023,0.0,funding,0.06266,0.0,0.6068327299700615
2022-10-18,TRX,2,0.0022837280547477338,0.0,0.0,mark,0.063,0.0,0.6082201545472493
2022-10-18,TRX,2,-0.008760197054176055,0.0,0.0,mark,0.0617,0.0,0.6029152958697668
2022-10-18,TRX,2,0.003243477571888357,0.0,0.0,mark,0.06218,0.0,0.6048740129199142
2022-10-19,TRX,2,6.74607074102269e-05,0.0,0.0,mark,0.06219,0.0,0.6049148195251256
2022-10-19,TRX,2,-0.00013784078947213488,0.00013783128986700807,0.0,funding,0.06219,0.0,0.6048314433352908
2022-10-19,TRX,2,0.006791128841665246,0.0,0.0,mark,0.0632,0.0,0.6089529104616427
2022-10-19,TRX,2,-0.010441039149984864,0.0,0.0,mark,0.06165,0.0,0.602627886653875
2022-10-19,TRX,2,0.0006092442633969915,0.0,0.0,mark,0.06174,0.0,0.6029951461007776
2022-10-20,TRX,2,0.0,0.0,0.0,mark,0.06174,0.0,0.6029951461007776
2022-10-20,TRX,2,-0.0001372789997570439,0.00013726957742627048,0.0,funding,0.06174,0.0,0.6029123732118823
2022-10-20,TRX,2,0.0062747432862691735,0.0,0.0,mark,0.06267,0.0,0.6067073874965428
2022-10-20,TRX,2,-0.008103842053493767,0.0,0.0,mark,0.06147,0.0,0.6018105948711743
2022-10-20,TRX,2,0.004600237332344712,0.0,0.0,mark,0.06215,0.0,0.6045854440255498
2022-10-21,TRX,2,0.0,0.0,0.0,mark,0.06215,0.0,0.6045854440255498
2022-10-21,TRX,2,-0.0001378271774433925,0.00013781767971430035,0.0,funding,0.06215,0.0,0.6045021214624652
2022-10-21,TRX,2,0.005385829257185416,0.0,0.0,mark,0.06295,0.0,0.6077666498793776
2022-10-21,TRX,2,-0.015222198631280198,0.0,0.0,mark,0.0607,0.0,0.5985851637068116
2022-10-21,TRX,2,0.006590893163890886,0.0,0.0,mark,0.06167,0.0,0.6025434044123178
2022-10-22,TRX,2,0.0,0.0,0.0,mark,0.06167,0.0,0.6025434044123178
2022-10-22,TRX,2,-0.00013722615577635417,0.0001372167406980072,0.0,funding,0.06167,0.0,0.6024607253702352
2022-10-22,TRX,2,0.0022327019446289893,0.0,0.0,mark,0.062,0.0,0.6038073433422115
2022-10-22,TRX,2,-0.005625110691566234,0.0,0.0,mark,0.06117,0.0,0.600420395109665
2022-10-22,TRX,2,0.0027826238805738223,0.0,0.0,mark,0.06158,0.0,0.6020934659233326
2022-10-23,TRX,2,6.777223929337834e-05,0.0,0.0,mark,0.06159,0.0,0.602134272528544
2022-10-23,TRX,2,-0.00013714125649121427,0.00013713185305902825,0.0,funding,0.06159,0.0,0.6020517007399618
2022-10-23,TRX,2,0.0028426837183429757,0.0,0.0,mark,0.06201,0.0,0.6037655781588408
2022-10-23,TRX,2,-0.006373429823000685,0.0,0.0,mark,0.06107,0.0,0.5999297572689688
2022-10-23,TRX,2,0.005494414732299819,0.0,0.0,mark,0.06188,0.0,0.6032350922910925
2022-10-24,TRX,2,0.0,0.0,0.0,mark,0.06188,0.0,0.6032350922910925
2022-10-24,TRX,2,-0.00013753557896066916,0.00013752612137645038,0.0,funding,0.06188,0.0,0.6031521317085715
2022-10-24,TRX,2,0.0010143190525398157,0.0,0.0,mark,0.06203,0.0,0.6037642307867426
2022-10-24,TRX,2,-0.005421629467606714,0.0,0.0,mark,0.06123,0.0,0.6004997023698302
2022-10-24,TRX,2,0.0005434875935893945,0.0,0.0,mark,0.06131,0.0,0.6008261552115214
2022-10-25,TRX,2,0.0,0.0,0.0,mark,0.06131,0.0,0.6008261552115214
2022-10-25,TRX,2,-0.0001368149898204514,0.00013680563107647305,0.0,funding,0.06131,0.0,0.6007439588101904
2022-10-25,TRX,2,0.01067524812977636,0.0,0.0,mark,0.06289,0.0,0.6071914024335923
2022-10-25,TRX,2,-0.01189867832985262,0.0,0.0,mark,0.06113,0.0,0.6000094399163851
2022-10-25,TRX,2,0.008262979876861294,0.0,0.0,mark,0.06235,0.0,0.6049878457521765
2022-10-26,TRX,2,0.0,0.0,0.0,mark,0.06235,0.0,0.6049878457521765
2022-10-26,TRX,2,-0.00013817876306943848,0.00013816921682383457,0.0,funding,0.06235,0.0,0.604904255055341
2022-10-26,TRX,2,-0.0004723288005907562,0.0,0.0,mark,0.06228,0.0,0.6046186088188611
2022-10-26,TRX,2,0.010072820495340373,0.0,0.0,mark,0.06378,0.0,0.6107395996005717
2022-10-26,TRX,2,-0.0024752181810720627,0.0,0.0,mark,0.06341,0.0,0.6092297552077497
2022-10-27,TRX,2,-6.698289364576285e-05,0.0,0.0,mark,0.0634,0.0,0.6091889486025382
2022-10-27,TRX,2,-0.00013953688681742792,0.00013952715199873312,0.0,funding,0.0634,0.0,0.6091039502035106
2022-10-27,TRX,2,-0.004767957070064648,0.0,0.0,mark,0.06269,0.0,0.6062066812335009
2022-10-27,TRX,2,0.009846619632998762,0.0,0.0,mark,0.06416,0.0,0.6122052521995772
2022-10-27,TRX,2,-0.008030773078804775,0.0,0.0,mark,0.06296,0.0,0.6073084595742088
2022-10-28,TRX,2,0.0,0.0,0.0,mark,0.06296,0.0,0.6073084595742088
2022-10-28,TRX,2,-0.00013899752237480015,0.00013898786266680353,0.0,funding,0.06296,0.0,0.6072240510694331
2022-10-28,TRX,2,0.005428591763320672,0.0,0.0,mark,0.06377,0.0,0.6105293860915568
2022-10-28,TRX,2,-0.00791815817448292,0.0,0.0,mark,0.06259,0.0,0.6057142066766111
2022-10-28,TRX,2,0.006513572757847469,0.0,0.0,mark,0.06356,0.0,0.6096724473821173
2022-10-29,TRX,2,-6.693425474900984e-05,0.0,0.0,mark,0.06355,0.0,0.6096316407769059
2022-10-29,TRX,2,-0.0001397654710719842,0.00013975570433351285,0.0,funding,0.06355,0.0,0.6095464412775651
2022-10-29,TRX,2,0.0065392657144747734,0.0,0.0,mark,0.06453,0.0,0.6135454885882827
2022-10-29,TRX,2,-0.007208948411491567,0.0,0.0,mark,0.06345,0.0,0.6091383752254511
2022-10-29,TRX,2,0.005544826966481161,0.0,0.0,mark,0.06428,0.0,0.6125253234579976
2022-10-30,TRX,2,0.0,0.0,0.0,mark,0.06428,0.0,0.6125253234579976
2022-10-30,TRX,2,-0.00014070316302817215,0.00014069326480242668,0.0,funding,0.06428,0.0,0.6124391452704662
2022-10-30,TRX,2,0.0035251507394861927,0.0,0.0,mark,0.06481,0.0,0.6146018953466706
2022-10-30,TRX,2,-0.01262808930146874,0.0,0.0,mark,0.06292,0.0,0.6068894469617152
2022-10-30,TRX,2,0.0012095691584912268,0.0,0.0,mark,0.0631,0.0,0.6076239658555205
2022-10-31,TRX,2,0.0,0.0,0.0,mark,0.0631,0.0,0.6076239658555205
2022-10-31,TRX,2,-0.00013923428409273915,0.00013922459144973266,0.0,funding,0.0631,0.0,0.6075393696571192
2022-10-31,TRX,2,0.002012983002851429,0.0,0.0,mark,0.0634,0.0,0.6087635678134613
2022-10-31,TRX,2,-0.007130749505030326,0.0,0.0,mark,0.06234,0.0,0.6044380676610525
2022-10-31,TRX,2,0.006124764516090329,0.0,0.0,mark,0.06325,0.0,0.6081514687352902
2022-11-01,TRX,2,0.0,0.0,0.0,mark,0.06325,0.0,0.6081514687352902
2022-11-01,TRX,2,-0.00013944422641139125,0.00013943450451711008,0.0,funding,0.06325,0.0,0.6080666714365758
2022-11-01,TRX,2,0.0012742543858503272,0.0,0.0,mark,0.06344,0.0,0.6088419969355925
2022-11-01,TRX,2,-0.006117796721251055,0.0,0.0,mark,0.06253,0.0,0.6051285958613547
2022-11-01,TRX,2,0.0016171221687434902,0.0,0.0,mark,0.06277,0.0,0.6061079543864284
2022-11-02,TRX,2,0.0,0.0,0.0,mark,0.06277,0.0,0.6061079543864284
2022-11-02,TRX,2,-0.0006129622233583016,0.0006127744003926791,0.42260303475357175,rotation,0.06277,-4.080660521140418,0.605736546948106
2022-11-02,DOGE,3,-0.00035608677498145204,0.0003560233836103396,0.2455333680071307,entry,0.14211,1.0465733199435503,0.6055208905730851
2022-11-02,DOGE,3,-8.070003308353973e-05,8.069677692342895e-05,0.0,funding,0.14211,0.0,0.605472026988856
2022-11-02,DOGE,3,0.010129532769363122,0.0,0.0,mark,0.148,0.0,0.6116363438433235
2022-11-02,DOGE,3,-0.04550868997232452,0.0,0.0,mark,0.122,0.0,0.5844254375247913
2022-11-02,DOGE,3,0.01006702473773365,0.0,0.0,mark,0.12765,0.0,0.5903385767824724
2022-11-03,DOGE,3,1.7728200124517544e-05,0.0,0.0,mark,0.12766,0.0,0.5903490425156718
2022-11-03,DOGE,3,-7.435716169622164e-05,7.435439727107498e-05,0.0,funding,0.12766,0.0,0.590305147468436
2022-11-03,DOGE,3,0.016406173748924006,0.0,0.0,mark,0.13699,0.0,0.6000696765435093
2022-11-03,DOGE,3,-0.03007992555287877,0.0,0.0,mark,0.12,0.0,0.5822883958376683
2022-11-03,DOGE,3,0.0046979918582472704,0.0,0.0,mark,0.12262,0.0,0.5850304179359205
2022-11-04,DOGE,3,0.0,0.0,0.0,mark,0.12262,0.0,0.5850304179359205
2022-11-04,DOGE,3,-7.207077546714267e-05,7.206817843123896e-05,0.0,funding,0.12262,0.0,0.584988255859373
2022-11-04,DOGE,3,0.011614783894153522,0.0,0.0,mark,0.12915,0.0,0.5918223796386043
2022-11-04,DOGE,3,-0.024398403261648542,0.0,0.0,mark,0.11552,0.0,0.5775575852877737
2022-11-04,DOGE,3,0.01904355103162081,0.0,0.0,mark,0.12613,0.0,0.5886617282123747
2022-11-05,DOGE,3,-1.7779015915787924e-05,0.0,0.0,mark,0.12612,0.0,0.5886512624791753
2022-11-05,DOGE,3,-7.367201705181696e-05,7.366930333546664e-05,0.0,funding,0.12612,0.0,0.588607896950761
2022-11-05,DOGE,3,0.017414599828156303,0.0,0.0,mark,0.136,0.0,0.5989480413518032
2022-11-05,DOGE,3,-0.028122232279764188,0.0,0.0,mark,0.12013,0.0,0.5823389227642991
2022-11-05,DOGE,3,0.007733874411684341,0.0,0.0,mark,0.12445,0.0,0.5868601195064552
2022-11-06,DOGE,3,-1.783359641022442e-05,0.0,0.0,mark,0.12444,0.0,0.5868496537732558
2022-11-06,DOGE,3,-7.29137883526811e-05,7.291113020715127e-05,0.0,funding,0.12444,0.0,0.5868068659017376
2022-11-06,DOGE,3,0.0057973908000865425,0.0,0.0,mark,0.1277,0.0,0.5902186949247535
2022-11-06,DOGE,3,-0.028544153288167024,0.0,0.0,mark,0.11183,0.0,0.5736095763372494
2022-11-06,DOGE,3,0.005349810292215185,0.0,0.0,mark,0.11477,0.0,0.5766865018978834
2022-11-07,DOGE,3,0.0,0.0,0.0,mark,0.11477,0.0,0.5766865018978834
2022-11-07,DOGE,3,-6.84327725642699e-05,6.843043109545424e-05,0.0,funding,0.11477,0.0,0.5766470389919516
2022-11-07,DOGE,3,0.0077919072297385995,0.0,0.0,mark,0.11908,0.0,0.5811577700009083
2022-11-07,DOGE,3,-0.02168137981254333,0.0,0.0,mark,0.10717,0.0,0.5686930817603806
2022-11-07,DOGE,3,0.007443896455044337,0.0,0.0,mark,0.11123,0.0,0.5729421694393514
2022-11-08,DOGE,3,1.8266481630857837e-05,0.0,0.0,mark,0.11124,0.0,0.5729526351725508
2022-11-08,DOGE,3,-6.676017036790214e-05,6.675794195743754e-05,0.0,funding,0.11124,0.0,0.5729143860337876
2022-11-08,DOGE,3,0.0032099286994112805,0.0,0.0,mark,0.113,0.0,0.5747563550768883
2022-11-08,DOGE,3,-0.06643657477648961,0.0,0.0,mark,0.0777,0.0,0.537812316882881
2022-11-08,DOGE,3,0.020360348503448204,0.0,0.0,mark,0.08827,0.0,0.5488745968746843
2022-11-09,DOGE,3,0.0,0.0,0.0,mark,0.08827,0.0,0.5488745968746843
2022-11-09,DOGE,3,-5.529841505843494e-05,5.529688612922032e-05,0.0,funding,0.08827,0.0,0.5488442458186017
2022-11-09,DOGE,3,-0.034413232443268785,0.0,0.0,mark,0.07053,0.0,0.5302780351228031
2022-11-09,DOGE,3,0.04186035472844347,0.0,0.0,mark,0.09219,0.0,0.5529468132327804
2022-11-09,DOGE,3,-0.03405557521041224,0.0,0.0,mark,0.0745,0.0,0.534432931202979
2022-11-10,DOGE,3,3.9164982712163414e-05,0.0,0.0,mark,0.07452,0.0,0.5344538626693779
2022-11-10,DOGE,3,-4.794393959193108e-05,4.794279029953214e-05,0.0,funding,0.07452,0.0,0.5344282394599151
2022-11-10,DOGE,3,0.03858814863292628,0.0,0.0,mark,0.09461,0.0,0.555453897457581
2022-11-10,DOGE,3,-0.04145136856371415,0.0,0.0,mark,0.07306,0.0,0.5329002424127975
2022-11-10,DOGE,3,0.03230913166935961,0.0,0.0,mark,0.08978,0.0,0.5503989483222537
2022-11-11,DOGE,3,-3.803034958663754e-05,0.0,0.0,mark,0.08976,0.0,0.5503780168558549
2022-11-11,DOGE,3,-5.6078271987494424e-05,5.6076699630579094e-05,0.0,funding,0.08976,0.0,0.5503471534731204
2022-11-11,DOGE,3,-0.01871523017474853,0.0,0.0,mark,0.08001,0.0,0.5401430636036707
2022-11-11,DOGE,3,0.025896674213494234,0.0,0.0,mark,0.09355,0.0,0.5543136663557063
2022-11-11,DOGE,3,-0.01610186645502834,0.0,0.0,mark,0.08509,0.0,0.545459656068984
2022-11-12,DOGE,3,3.8373259258048806e-05,0.0,0.0,mark,0.08511,0.0,0.5454805875353829
2022-11-12,DOGE,3,-5.365048119363983e-05,5.36490420323336e-05,0.0,funding,0.08511,0.0,0.5454513230244143
2022-11-12,DOGE,3,0.019174956337007228,0.0,0.0,mark,0.0952,0.0,0.5560112478226448
2022-11-12,DOGE,3,-0.03203604241882341,0.0,0.0,mark,0.07845,0.0,0.5384811447135903
2022-11-12,DOGE,3,0.018677076801263272,0.0,0.0,mark,0.08815,0.0,0.5486329059170427
2022-11-13,DOGE,3,-1.907620361456957e-05,0.0,0.0,mark,0.08814,0.0,0.5486224401838433
2022-11-13,DOGE,3,-5.524235125455247e-05,5.52408254239032e-05,0.0,funding,0.08814,0.0,0.5485921338274015
2022-11-13,DOGE,3,0.006522245559643694,0.0,0.0,mark,0.09157,0.0,0.5521818803148079
2022-11-13,DOGE,3,-0.016973878572539455,0.0,0.0,mark,0.08269,0.0,0.5428883092337091
2022-11-13,DOGE,3,0.004347336472132178,0.0,0.0,mark,0.08495,0.0,0.5452535649367816
2022-11-14,DOGE,3,1.919406572043181e-05,0.0,0.0,mark,0.08496,0.0,0.545264030669981
2022-11-14,DOGE,3,-5.3577194528131056e-05,5.357575929597384e-05,0.0,funding,0.08496,0.0,0.5452348177355211
2022-11-14,DOGE,3,0.012475329540396912,0.0,0.0,mark,0.0915,0.0,0.5520794072479519
2022-11-14,DOGE,3,-0.023651402667768547,0.0,0.0,mark,0.07917,0.0,0.539175158213048
2022-11-14,DOGE,3,0.013074565928779756,0.0,0.0,mark,0.08595,0.0,0.5462709253222652
2022-11-15,DOGE,3,-1.9158686595680506e-05,0.0,0.0,mark,0.08594,0.0,0.5462604595890658
2022-11-15,DOGE,3,-5.409635594545729e-05,5.409489276394267e-05,0.0,funding,0.08594,0.0,0.5462309096880831
2022-11-15,DOGE,3,-0.002378655174105556,0.0,0.0,mark,0.0847,0.0,0.5449331587713531
2022-11-15,DOGE,3,0.009176424638024483,0.0,0.0,mark,0.0895,0.0,0.5499567107070821
2022-11-15,DOGE,3,-0.004654159102467642,0.0,0.0,mark,0.08706,0.0,0.5474030718064198
2022-11-16,DOGE,3,-1.9119061960470545e-05,0.0,0.0,mark,0.08705,0.0,0.5473926060732204
2022-11-16,DOGE,3,-5.46817497656042e-05,5.4680254745975974e-05,0.0,funding,0.08705,0.0,0.5473626745060742
2022-11-16,DOGE,3,0.007922574102826827,0.0,0.0,mark,0.09121,0.0,0.5517164195170394
2022-11-16,DOGE,3,-0.014964456576209404,0.0,0.0,mark,0.08338,0.0,0.5435217504218814
2022-11-16,DOGE,3,0.004035482210945168,0.0,0.0,mark,0.08548,0.0,0.5457195543937629
2022-11-17,DOGE,3,1.9177676081489844e-05,0.0,0.0,mark,0.08549,0.0,0.5457300201269623
2022-11-17,DOGE,3,-5.386539510589936e-05,5.386394439153763e-05,0.0,funding,0.08549,0.0,0.5457006249555053
2022-11-17,DOGE,3,0.0034461896014300704,0.0,0.0,mark,0.08729,0.0,0.5475844569314037
2022-11-17,DOGE,3,-0.009525042416131776,0.0,0.0,mark,0.08233,0.0,0.5423934532644836
2022-11-17,DOGE,3,0.004504975851656902,0.0,0.0,mark,0.08467,0.0,0.5448424348331515
2022-11-18,DOGE,3,0.0,0.0,0.0,mark,0.08467,0.0,0.5448424348331515
2022-11-18,DOGE,3,-5.343562810797711e-05,5.343420045024102e-05,0.0,funding,0.08467,0.0,0.5448133216132749
2022-11-18,DOGE,3,0.004064199081062497,0.0,0.0,mark,0.08679,0.0,0.5470320570515552
2022-11-18,DOGE,3,-0.006064012424337938,0.0,0.0,mark,0.08363,0.0,0.5437248853605335
2022-11-18,DOGE,3,0.0021342726238177123,0.0,0.0,mark,0.08474,0.0,0.5448865817456708
2022-11-19,DOGE,3,0.0,0.0,0.0,mark,0.08474,0.0,0.5448865817456708
2022-11-19,DOGE,3,-5.347547354297951e-05,5.347404375542049e-05,0.0,funding,0.08474,0.0,0.5448574444567569
2022-11-19,DOGE,3,0.0004992886508615103,0.0,0.0,mark,0.085,0.0,0.5451295535199422
2022-11-19,DOGE,3,-0.0037892977646131246,0.0,0.0,mark,0.08303,0.0,0.5430678040796534
2022-11-19,DOGE,3,0.002924986616239236,0.0,0.0,mark,0.08455,0.0,0.5446585955259676
2022-11-20,DOGE,3,0.0,0.0,0.0,mark,0.08455,0.0,0.5446585955259676
2022-11-20,DOGE,3,-5.3377904646537125e-05,5.337648007139848e-05,0.0,funding,0.08455,0.0,0.5446295235672978
2022-11-20,DOGE,3,0.0024758279374120424,0.0,0.0,mark,0.08584,0.0,0.5459796031500249
2022-11-20,DOGE,3,-0.01839766193504351,0.0,0.0,mark,0.07633,0.0,0.5360266908773618
2022-11-20,DOGE,3,0.001365792337704208,0.0,0.0,mark,0.07703,0.0,0.5367592922013222
2022-11-21,DOGE,3,3.8995241613479395e-05,0.0,0.0,mark,0.07705,0.0,0.536780223667721
2022-11-21,DOGE,3,-4.935686131296201e-05,4.935564328314099e-05,0.0,funding,0.07705,0.0,0.5367537305344803
2022-11-21,DOGE,3,0.0006432337798175947,0.0,0.0,mark,0.07738,0.0,0.5370990997300616
2022-11-21,DOGE,3,-0.011898303642586512,0.0,0.0,mark,0.07131,0.0,0.5307463996780043
2022-11-21,DOGE,3,0.0065841073655114905,0.0,0.0,mark,0.07466,0.0,0.5342524202998152
2022-11-22,DOGE,3,0.0,0.0,0.0,mark,0.07466,0.0,0.5342524202998152
2022-11-22,DOGE,3,-4.8052125452827244e-05,4.805097096799588e-05,0.0,funding,0.07466,0.0,0.5342267489522778
2022-11-22,DOGE,3,-0.0031197401400906385,0.0,0.0,mark,0.07307,0.0,0.5325626973735675
2022-11-22,DOGE,3,0.012944892967516932,0.0,0.0,mark,0.0797,0.0,0.5395014784847932
2022-11-22,DOGE,3,-0.0018251608392080032,0.0,0.0,mark,0.07876,0.0,0.5385176995640463
2022-11-23,DOGE,3,1.943414582642957e-05,0.0,0.0,mark,0.07877,0.0,0.5385281652972457
2022-11-23,DOGE,3,-5.02949088476592e-05,5.029364407999127e-05,0.0,funding,0.07877,0.0,0.5385010807533732
2022-11-23,DOGE,3,0.009227756717863016,0.0,0.0,mark,0.08354,0.0,0.5434932354895039
2022-11-23,DOGE,3,-0.011134196394664848,0.0,0.0,mark,0.07779,0.0,0.5374754388998285
2022-11-23,DOGE,3,0.008106359413280053,0.0,0.0,mark,0.08197,0.0,0.5418501153771925
2022-11-24,DOGE,3,0.0,0.0,0.0,mark,0.08197,0.0,0.5418501153771925
2022-11-24,DOGE,3,-5.2017292196357076e-05,5.201593932042467e-05,0.0,funding,0.08197,0.0,0.5418219305344703
2022-11-24,DOGE,3,0.004567402124460008,0.0,0.0,mark,0.08434,0.0,0.5443023093027365
2022-11-24,DOGE,3,-0.008127843287847351,0.0,0.0,mark,0.08013,0.0,0.5398962356257742
2022-11-24,DOGE,3,0.0025748489653221337,0.0,0.0,mark,0.08146,0.0,0.541288178141299
2022-11-25,DOGE,3,0.0,0.0,0.0,mark,0.08146,0.0,0.541288178141299
2022-11-25,DOGE,3,-5.1747310283407215e-05,5.174597141439916e-05,0.0,funding,0.08146,0.0,0.541260168658706
2022-11-25,DOGE,3,0.020004546366134423,0.0,0.0,mark,0.09191,0.0,0.5521968598521161
2022-11-25,DOGE,3,-0.021804400516872834,0.0,0.0,mark,0.08053,0.0,0.5402868554711585
2022-11-25,DOGE,3,0.017226287448797527,0.0,0.0,mark,0.0895,0.0,0.5496746181510521
2022-11-26,DOGE,3,0.0,0.0,0.0,mark,0.0895,0.0,0.5496746181510521
2022-11-26,DOGE,3,-5.598738585011787e-05,5.598581858568458e-05,0.0,funding,0.0895,0.0,0.5496438441675991
2022-11-26,DOGE,3,0.011510389587357553,0.0,0.0,mark,0.09558,0.0,0.5560070099528559
2022-11-26,DOGE,3,-0.016052431803608186,0.0,0.0,mark,0.08712,0.0,0.5471529996661335
2022-11-26,DOGE,3,0.0034561194697501946,0.0,0.0,mark,0.08893,0.0,0.5490472973752313
2022-11-27,DOGE,3,-1.9061805781874153e-05,0.0,0.0,mark,0.08892,0.0,0.5490368316420319
2022-11-27,DOGE,3,-5.56891703215945e-05,5.5687619708514983e-05,0.0,funding,0.08892,0.0,0.5490062570877454
2022-11-27,DOGE,3,0.03572643986088457,0.0,0.0,mark,0.108,0.0,0.5689748760322684
2022-11-27,DOGE,3,-0.03595522261808496,0.0,0.0,mark,0.0888,0.0,0.5488806682893522
2022-11-27,DOGE,3,0.018663352982298227,0.0,0.0,mark,0.09868,0.0,0.5592208126903945
2022-11-28,DOGE,3,3.742899799918344e-05,0.0,0.0,mark,0.0987,0.0,0.5592417441567933
2022-11-28,DOGE,3,-6.068640758423571e-05,6.068456620143739e-05,0.0,funding,0.0987,0.0,0.5592078068141474
2022-11-28,DOGE,3,-0.015351474805154915,0.0,0.0,mark,0.09056,0.0,0.5506886999898069
2022-11-28,DOGE,3,0.017314651384913903,0.0,0.0,mark,0.09975,0.0,0.560306708800088
2022-11-28,DOGE,3,-0.008666953329856448,0.0,0.0,mark,0.09513,0.0,0.5554715400619489
2022-11-29,DOGE,3,-1.8841346566194692e-05,0.0,0.0,mark,0.09512,0.0,0.5554610743287495
2022-11-29,DOGE,3,-5.8883237291820835e-05,5.888150370806103e-05,0.0,funding,0.09512,0.0,0.5554283679454417
2022-11-29,DOGE,3,-0.002868189625466253,0.0,0.0,mark,0.0936,0.0,0.5538375764991275
2022-11-29,DOGE,3,0.02175740493762362,0.0,0.0,mark,0.10524,0.0,0.5660196899432703
2022-11-29,DOGE,3,-0.007013778596107268,0.0,0.0,mark,0.10146,0.0,0.5620636427938838
2022-11-30,DOGE,3,0.0,0.0,0.0,mark,0.10146,0.0,0.5620636427938838
2022-11-30,DOGE,3,-6.207025407982019e-05,6.20683277615281e-05,0.0,funding,0.10146,0.0,0.56202875644348
2022-11-30,DOGE,3,0.015777509331777982,0.0,0.0,mark,0.11,0.0,0.570966492595798
2022-11-30,DOGE,3,-0.0196769641168081,0.0,0.0,mark,0.09937,0.0,0.559841418204798
2022-11-30,DOGE,3,0.013738824947617021,0.0,0.0,mark,0.10677,0.0,0.5675860607723803
2022-12-01,DOGE,3,-1.8439194358174575e-05,0.0,0.0,mark,0.10676,0.0,0.5675755950391809
2022-12-01,DOGE,3,-6.46784460762045e-05,6.467635447058864e-05,0.0,funding,0.10676,0.0,0.5675388863188072
2022-12-01,DOGE,3,0.001860763964383171,0.0,0.0,mark,0.10777,0.0,0.5685959253719503
2022-12-01,DOGE,3,-0.013938206167948667,0.0,0.0,mark,0.10025,0.0,0.5607256940059747
2022-12-01,DOGE,3,0.0027957814783576883,0.0,0.0,mark,0.10175,0.0,0.56229555398589
2022-12-02,DOGE,3,0.0,0.0,0.0,mark,0.10175,0.0,0.56229555398589
2022-12-02,DOGE,3,-6.222199909232401e-05,6.222006334395195e-05,0.0,funding,0.10175,0.0,0.5622605679209031
2022-12-02,DOGE,3,0.0034376137552726387,0.0,0.0,mark,0.1036,0.0,0.5641967285627987
2022-12-02,DOGE,3,-0.012975931403880186,0.0,0.0,mark,0.09665,0.0,0.556923043989191
2022-12-02,DOGE,3,0.010189584011872987,0.0,0.0,mark,0.1021,0.0,0.5626268685828834
2022-12-03,DOGE,3,0.0,0.0,0.0,mark,0.1021,0.0,0.5626268685828834
2022-12-03,DOGE,3,-6.23992693073642e-05,6.239732251347412e-05,0.0,funding,0.1021,0.0,0.5625917621727097
2022-12-03,DOGE,3,0.0020256427383839606,0.0,0.0,mark,0.10319,0.0,0.5637325270914482
2022-12-03,DOGE,3,-0.009532036054035022,0.0,0.0,mark,0.09808,0.0,0.5583845374265366
2022-12-03,DOGE,3,0.003031745828547788,0.0,0.0,mark,0.0997,0.0,0.5600799862048451
2022-12-04,DOGE,3,0.0,0.0,0.0,mark,0.0997,0.0,0.5600799862048451
2022-12-04,DOGE,3,-6.120953445799726e-05,6.120766119267831e-05,0.0,funding,0.0997,0.0,0.5600457050188087
2022-12-04,DOGE,3,0.011242373906264501,0.0,0.0,mark,0.10575,0.0,0.5663774736044671
2022-12-04,DOGE,3,-0.01154141516026566,0.0,0.0,mark,0.09954,0.0,0.5598782532876176
2022-12-04,DOGE,3,0.008413684171670023,0.0,0.0,mark,0.10406,0.0,0.5646087646937625
2022-12-05,DOGE,3,-1.8536428856257743e-05,0.0,0.0,mark,0.10405,0.0,0.5645982989605631
2022-12-05,DOGE,3,-6.336901552265821e-05,6.336700774891306e-05,0.0,funding,0.10405,0.0,0.5645625220557778
2022-12-05,DOGE,3,0.01448383027785497,0.0,0.0,mark,0.11192,0.0,0.5727990540837335
2022-12-05,DOGE,3,-0.023477901437367013,0.0,0.0,mark,0.09922,0.0,0.5595075729204505
2022-12-05,DOGE,3,0.004237104224554415,0.0,0.0,mark,0.10149,0.0,0.5618832943567224
2022-12-06,DOGE,3,0.0,0.0,0.0,mark,0.10149,0.0,0.5618832943567224
2022-12-06,DOGE,3,-6.210853705307254e-05,6.210660835794574e-05,0.0,funding,0.10149,0.0,0.5618483976910169
2022-12-06,DOGE,3,0.002362876593942247,0.0,0.0,mark,0.10276,0.0,0.5631775458073452
2022-12-06,DOGE,3,-0.008847538722060051,0.0,0.0,mark,0.09802,0.0,0.5582167882708128
2022-12-06,DOGE,3,0.004060173063804684,0.0,0.0,mark,0.10019,0.0,0.5604878523750902
2022-12-07,DOGE,3,1.8672368090300577e-05,0.0,0.0,mark,0.1002,0.0,0.5604983181082897
2022-12-07,DOGE,3,-6.147059778047211e-05,6.146870850206122e-05,0.0,funding,0.1002,0.0,0.560463865000558
2022-12-07,DOGE,3,0.0018655928578577435,0.0,0.0,mark,0.1012,0.0,0.5615104383205015
2022-12-07,DOGE,3,-0.015988533279620718,0.0,0.0,mark,0.09269,0.0,0.5526040993677819
2022-12-07,DOGE,3,0.005778585920783601,0.0,0.0,mark,0.09575,0.0,0.5558066137268092
2022-12-08,DOGE,3,0.0,0.0,0.0,mark,0.09575,0.0,0.5558066137268092
2022-12-08,DOGE,3,-5.9236394386849316e-05,5.923463994617341e-05,0.0,funding,0.09575,0.0,0.5557736907221653
2022-12-08,DOGE,3,0.006438237589503675,0.0,0.0,mark,0.09918,0.0,0.5593634372095717
2022-12-08,DOGE,3,-0.008625014250643371,0.0,0.0,mark,0.09459,0.0,0.5545596656710308
2022-12-08,DOGE,3,0.007295715629884101,0.0,0.0,mark,0.09847,0.0,0.5586203701524117
2022-12-09,DOGE,3,0.0,0.0,0.0,mark,0.09847,0.0,0.5586203701524117
2022-12-09,DOGE,3,-6.061233460077384e-05,6.061049771033096e-05,0.0,funding,0.09847,0.0,0.5585865118937456
2022-12-09,DOGE,3,0.0018344542391004262,0.0,0.0,mark,0.09945,0.0,0.5596121537472903
2022-12-09,DOGE,3,-0.007207387460569336,0.0,0.0,mark,0.09561,0.0,0.5555933121987071
2022-12-09,DOGE,3,0.002051132300871555,0.0,0.0,mark,0.0967,0.0,0.5567340771174456
2022-12-10,DOGE,3,0.0,0.0,0.0,mark,0.0967,0.0,0.5567340771174456
2022-12-10,DOGE,3,-5.972447197040075e-05,5.9722688499637736e-05,0.0,funding,0.0967,0.0,0.5567008274615808
2022-12-10,DOGE,3,0.0013714273832445,0.0,0.0,mark,0.09743,0.0,0.5574648259851396
2022-12-10,DOGE,3,-0.002631792141220057,0.0,0.0,mark,0.09603,0.0,0.5559996233372186
2022-12-10,DOGE,3,0.0005457260076263682,0.0,0.0,mark,0.09632,0.0,0.5563031296000023
2022-12-11,DOGE,3,0.0,0.0,0.0,mark,0.09632,0.0,0.5563031296000023
2022-12-11,DOGE,3,-5.9535852861019856e-05,5.953408063734671e-05,0.0,funding,0.09632,0.0,0.5562700106046259
2022-12-11,DOGE,3,0.0015603543419233788,0.0,0.0,mark,0.09715,0.0,0.5571386664601791
2022-12-11,DOGE,3,-0.010461303124472514,0.0,0.0,mark,0.09161,0.0,0.5513406502676917
2022-12-11,DOGE,3,0.0019911615491939277,0.0,0.0,mark,0.09266,0.0,0.5524395522536325
2022-12-12,DOGE,3,0.0,0.0,0.0,mark,0.09266,0.0,0.5524395522536325
2022-12-12,DOGE,3,-5.767408797833913e-05,5.767242486002521e-05,0.0,funding,0.09266,0.0,0.5524076917250654
2022-12-12,DOGE,3,0.0006439453636853876,0.0,0.0,mark,0.093,0.0,0.5527635266538462
2022-12-12,DOGE,3,-0.0158203331002037,0.0,0.0,mark,0.08471,0.0,0.5440874338315141
2022-12-12,DOGE,3,0.010676153336258425,0.0,0.0,mark,0.09029,0.0,0.5499273129567992
2022-12-13,DOGE,3,0.0,0.0,0.0,mark,0.09029,0.0,0.5499273129567992
2022-12-13,DOGE,3,-5.6455635787312304e-05,5.6454042197977614e-05,0.0,funding,0.09029,0.0,0.5498962673370678
2022-12-13,DOGE,3,0.009961157300097985,0.0,0.0,mark,0.09555,0.0,0.5554012429999708
2022-12-13,DOGE,3,-0.01641481949010349,0.0,0.0,mark,0.08691,0.0,0.5463588495156586
2022-12-13,DOGE,3,0.007899063942408089,0.0,0.0,mark,0.09105,0.0,0.5506916630602249
2022-12-14,DOGE,3,0.0,0.0,0.0,mark,0.09105,0.0,0.5506916630602249
2022-12-14,DOGE,3,-5.6851833331251845e-05,5.6850217296402124e-05,0.0,funding,0.09105,0.0,0.5506603561195166
2022-12-14,DOGE,3,0.0026951864124605185,0.0,0.0,mark,0.09247,0.0,0.5521464902338364
2022-12-14,DOGE,3,-0.010422307424395502,0.0,0.0,mark,0.087,0.0,0.5464217341737452
2022-12-14,DOGE,3,0.0023721828635007705,0.0,0.0,mark,0.08824,0.0,0.5477194850904752
2022-12-15,DOGE,3,1.9107651812420548e-05,0.0,0.0,mark,0.08825,0.0,0.5477299508236746
2022-12-15,DOGE,3,-5.5401424976468465e-05,5.539989034588838e-05,0.0,funding,0.08825,0.0,0.5476996066444598
2022-12-15,DOGE,3,0.001050417151684168,0.0,0.0,mark,0.0888,0.0,0.5482752219704288
2022-12-15,DOGE,3,-0.00916616823894159,0.0,0.0,mark,0.08402,0.0,0.5432726015010986
2022-12-15,DOGE,3,0.001597654900657619,0.0,0.0,mark,0.08485,0.0,0.5441412573566518
2022-12-16,DOGE,3,-3.8467711667148785e-05,0.0,0.0,mark,0.08483,0.0,0.5441203258902529
2022-12-16,DOGE,3,-5.360765856110872e-05,5.360622169634013e-05,0.0,funding,0.08483,0.0,0.5440911576554338
2022-12-16,DOGE,3,0.0038205086785256027,0.0,0.0,mark,0.08682,0.0,0.5461738385621214
2022-12-16,DOGE,3,-0.025049150806280538,0.0,0.0,mark,0.07391,0.0,0.5326625770016502
2022-12-16,DOGE,3,0.0034912354834185253,0.0,0.0,mark,0.07569,0.0,0.5345254775111498
2022-12-17,DOGE,3,0.0,0.0,0.0,mark,0.07569,0.0,0.5345254775111498
2022-12-17,DOGE,3,-4.8690176470606496e-05,4.868899112319118e-05,0.0,funding,0.07569,0.0,0.5344994520049201
2022-12-17,DOGE,3,0.0074130218439644666,0.0,0.0,mark,0.07949,0.0,0.5384764306207056
2022-12-17,DOGE,3,-0.007745944696852784,0.0,0.0,mark,0.07552,0.0,0.5343215345405297
2022-12-17,DOGE,3,0.0071626999190170775,0.0,0.0,mark,0.07919,0.0,0.5381624586247225
2022-12-18,DOGE,3,-1.9447352369933445e-05,0.0,0.0,mark,0.07918,0.0,0.538151992891523
2022-12-18,DOGE,3,-5.05920422582551e-05,5.059076250251481e-05,0.0,funding,0.07918,0.0,0.5381247673718604
2022-12-18,DOGE,3,0.0016905918525814334,0.0,0.0,mark,0.08005,0.0,0.5390352861602113
2022-12-18,DOGE,3,-0.004787698476338078,0.0,0.0,mark,0.07759,0.0,0.5364607157931502
2022-12-18,DOGE,3,0.001715307075882587,0.0,0.0,mark,0.07847,0.0,0.5373817003147006
2022-12-19,DOGE,3,-1.9475607574432167e-05,0.0,0.0,mark,0.07846,0.0,0.5373712345815012
2022-12-19,DOGE,3,-5.020482657555479e-05,5.020356633427613e-05,0.0,funding,0.07846,0.0,0.5373442566290797
2022-12-19,DOGE,3,0.0020429730866525606,0.0,0.0,mark,0.07951,0.0,0.5384431586150205
2022-12-19,DOGE,3,-0.018716997209138737,0.0,0.0,mark,0.06997,0.0,0.528458849142759
2022-12-19,DOGE,3,0.0026897578798291003,0.0,0.0,mark,0.07133,0.0,0.5298821888578822
2022-12-20,DOGE,3,0.0,0.0,0.0,mark,0.07133,0.0,0.5298821888578822
2022-12-20,DOGE,3,-4.62874903112539e-05,4.6286419061920267e-05,0.0,funding,0.07133,0.0,0.5298576625088353
2022-12-20,DOGE,3,0.008516237146645156,0.0,0.0,mark,0.07566,0.0,0.5343893249841908
2022-12-20,DOGE,3,-0.00914850005565173,0.0,0.0,mark,0.07101,0.0,0.5295227590464533
2022-12-20,DOGE,3,0.00752166623646639,0.0,0.0,mark,0.07483,0.0,0.5335206691286376
2022-12-21,DOGE,3,0.0,0.0,0.0,mark,0.07483,0.0,0.5335206691286376
2022-12-21,DOGE,3,-4.822759988667941e-05,4.822643695477019e-05,0.0,funding,0.07483,0.0,0.5334949393277238
2022-12-21,DOGE,3,0.0003726593580878962,0.0,0.0,mark,0.07502,0.0,0.5336937882585131
2022-12-21,DOGE,3,-0.007301902741031307,0.0,0.0,mark,0.07131,0.0,0.5298110012415225
2022-12-21,DOGE,3,0.004788667686769351,0.0,0.0,mark,0.07374,0.0,0.5323541744089852
2022-12-22,DOGE,3,-9.830154537950219e-05,0.0,0.0,mark,0.07369,0.0,0.5323018457429881
2022-12-22,DOGE,3,-4.760160558607479e-05,4.760047264766023e-05,0.0,funding,0.07369,0.0,0.5322765079235395
2022-12-22,DOGE,3,0.008107203140332328,0.0,0.0,mark,0.07783,0.0,0.5366093214681058
2022-12-22,DOGE,3,-0.008933357188644369,0.0,0.0,mark,0.07327,0.0,0.5318369471291632
2022-12-22,DOGE,3,0.007020190127587915,0.0,0.0,mark,0.07685,0.0,0.5355836796145611
2022-12-23,DOGE,3,3.908083496308616e-05,0.0,0.0,mark,0.07687,0.0,0.5356046110809599
2022-12-23,DOGE,3,-4.9349637914197206e-05,4.9348420240723014e-05,0.0,funding,0.07687,0.0,0.5355781798395294
2022-12-23,DOGE,3,0.004231431846396817,0.0,0.0,mark,0.07904,0.0,0.5378492439438068
2022-12-23,DOGE,3,-0.005619806190478914,0.0,0.0,mark,0.07616,0.0,0.5348351127823694
2022-12-23,DOGE,3,0.002052547731285912,0.0,0.0,mark,0.07721,0.0,0.5359340147683102
2022-12-24,DOGE,3,0.0,0.0,0.0,mark,0.07721,0.0,0.5359340147683102
2022-12-24,DOGE,3,-4.95374524118977e-05,4.953622545258945e-05,0.0,funding,0.07721,0.0,0.5359074666201269
2022-12-24,DOGE,3,0.0018145490647354455,0.0,0.0,mark,0.07814,0.0,0.5368807798076743
2022-12-24,DOGE,3,-0.002986975672226356,0.0,0.0,mark,0.07661,0.0,0.5352795226281607
2022-12-24,DOGE,3,0.0017776422126078936,0.0,0.0,mark,0.07752,0.0,0.5362319043493093
2022-12-25,DOGE,3,-1.9517367852711877e-05,0.0,0.0,mark,0.07751,0.0,0.5362214386161099
2022-12-25,DOGE,3,-4.970327856188551e-05,4.970204337450092e-05,0.0,funding,0.07751,0.0,0.5361947873149095
2022-12-25,DOGE,3,0.00027322206945029127,0.0,0.0,mark,0.07765,0.0,0.5363413075797017
2022-12-25,DOGE,3,-0.008721292491302459,0.0,0.0,mark,0.0732,0.0,0.5316840563059528
2022-12-25,DOGE,3,0.005457267576866084,0.0,0.0,mark,0.07598,0.0,0.5345935301353959
2022-12-26,DOGE,3,1.9576800254793418e-05,0.0,0.0,mark,0.07599,0.0,0.5346039958685953
2022-12-26,DOGE,3,-4.8875986685356475e-05,4.887479227379931e-05,0.0,funding,0.07599,0.0,0.5345778672093485
2022-12-26,DOGE,3,-0.003490892737474633,0.0,0.0,mark,0.07421,0.0,0.532714966699849
2022-12-26,DOGE,3,0.004762625498659421,0.0,0.0,mark,0.07664,0.0,0.5352581398673117
2022-12-26,DOGE,3,-0.001878821532166472,0.0,0.0,mark,0.07568,0.0,0.534253429480166
2022-12-27,DOGE,3,1.9589262537752123e-05,0.0,0.0,mark,0.07569,0.0,0.5342638952133654
2022-12-27,DOGE,3,-4.8714016371724426e-05,4.871282986335108e-05,0.0,funding,0.07569,0.0,0.5342378697071357
2022-12-27,DOGE,3,0.0009203075599381789,0.0,0.0,mark,0.07616,0.0,0.5347297591675092
2022-12-27,DOGE,3,-0.007070861307553486,0.0,0.0,mark,0.07256,0.0,0.5309620952157124
2022-12-27,DOGE,3,0.0022838527693749325,0.0,0.0,mark,0.07372,0.0,0.5321761202668469
2022-12-28,DOGE,3,0.0,0.0,0.0,mark,0.07372,0.0,0.5321761202668469
2022-12-28,DOGE,3,-4.763223580297509e-05,4.763110140604209e-05,0.0,funding,0.07372,0.0,0.5321507721320966
2022-12-28,DOGE,3,0.00037360048784076505,0.0,0.0,mark,0.07391,0.0,0.5323496210628859
2022-12-28,DOGE,3,-0.00928292346247287,0.0,0.0,mark,0.06921,0.0,0.5274307264591511
2022-12-28,DOGE,3,0.0023585166564682545,0.0,0.0,mark,0.0704,0.0,0.528676148709884
2022-12-29,DOGE,3,-1.979630973841598e-05,0.0,0.0,mark,0.07039,0.0,0.5286656829766846
2022-12-29,DOGE,3,-4.578260152817055e-05,4.57815535208235e-05,0.0,funding,0.07039,0.0,0.5286414798404248
2022-12-29,DOGE,3,0.0024321216741604542,0.0,0.0,mark,0.07162,0.0,0.5299287650239554
2022-12-29,DOGE,3,-0.004691577295530472,0.0,0.0,mark,0.06925,0.0,0.5274483862556891
2022-12-29,DOGE,3,0.0033477209082012436,0.0,0.0,mark,0.07094,0.0,0.5292170951663937
2022-12-30,DOGE,3,-1.9776074470925833e-05,0.0,0.0,mark,0.07093,0.0,0.5292066294331943
2022-12-30,DOGE,3,-4.608667453927639e-05,4.60856125646626e-05,0.0,funding,0.07093,0.0,0.5291822406215035
2022-12-30,DOGE,3,0.0010278849812278116,0.0,0.0,mark,0.07145,0.0,0.5297264587478742
2022-12-30,DOGE,3,-0.011205417720611106,0.0,0.0,mark,0.06581,0.0,0.5238237852233926
2022-12-30,DOGE,3,0.005161345773537285,0.0,0.0,mark,0.0684,0.0,0.5265344101220464
2022-12-31,DOGE,3,0.0,0.0,0.0,mark,0.0684,0.0,0.5265344101220464
2022-12-31,DOGE,3,-4.466833076648185e-05,4.466733315150653e-05,0.0,funding,0.0684,0.0,0.5265108912341337
2022-12-31,DOGE,3,-0.0008749937783943184,0.0,0.0,mark,0.06796,0.0,0.5260503989733586
2022-12-31,DOGE,3,0.006761260479131203,0.0,0.0,mark,0.07137,0.0,0.5296192139943661
2022-12-31,DOGE,3,-0.002215669539191345,0.0,0.0,mark,0.07025,0.0,0.5284470518760293
2022-12-31,DOGE,3,-0.00020175593569977124,0.00020173558433960042,0.13912798919972444,boundary_exit,0.07025,-1.0465733199435503,0.5283404453012265
2024-01-01,SOL,1,-0.000586766906285887,0.0005865947922499863,0.40454813258619743,entry,101.72,0.003977075625110081,0.99941340520775
2024-01-01,SOL,1,-0.00013299794533704683,0.0001329891015024404,0.0,funding,101.72,0.0,0.999280494116962
2024-01-01,SOL,1,0.03215281444728086,0.0,0.0,mark,109.93,0.0,1.0319322849991157
2024-01-01,SOL,1,-0.033267818813819634,0.0,0.0,mark,101.44,0.0,0.998166912941931
2024-01-01,SOL,1,0.03319073567633793,0.0,0.0,mark,109.91,0.0,1.0318527434866134
2024-01-02,SOL,1,7.708313748175231e-05,0.0,0.0,mark,109.93,0.0,1.0319322849991157
2024-01-02,SOL,1,-0.00013920349074072406,0.0001391938023843817,0.0,funding,109.93,0.0,1.0317886464205634
2024-01-02,SOL,1,0.02669928560834941,0.0,0.0,mark,116.95,0.0,1.0597077173088363
2024-01-02,SOL,1,-0.041885281780433783,0.0,0.0,mark,106.02,0.0,1.016238280726383
2024-01-02,SOL,1,0.0027747507590365076,0.0,0.0,mark,106.73,0.0,1.0190620044202112
2024-01-03,SOL,1,-3.902758827439327e-05,0.0,0.0,mark,106.72,0.0,1.01902223366396
2024-01-03,SOL,1,-0.00013685061198318322,0.00013684124836521686,0.0,funding,106.72,0.0,1.0188827893893935
2024-01-03,SOL,1,0.01233630771636628,0.0,0.0,mark,109.9,0.0,1.0315298898772436
2024-01-03,SOL,1,-0.10092839969709384,0.0,0.0,mark,85.0,0.0,0.9325007068120026
2024-01-03,SOL,1,0.05606102126762639,0.0,0.0,mark,98.52,0.0,0.9862707692634909
2024-01-04,SOL,1,0.0,0.0,0.0,mark,98.52,0.0,0.9862707692634909
2024-01-04,SOL,1,-0.000130530336029645,0.0001305218173159669,0.0,funding,98.52,0.0,0.986142039410321
2024-01-04,SOL,1,0.03810224758341702,0.0,0.0,mark,108.15,0.0,1.024441277680131
2024-01-04,SOL,1,-0.045875673955368186,0.0,0.0,mark,96.6,0.0,0.9785060542101096
2024-01-04,SOL,1,0.03321760210958219,0.0,0.0,mark,104.91,0.0,1.0115555526547744
2024-01-05,SOL,1,0.0,0.0,0.0,mark,104.91,0.0,1.0115555526547744
2024-01-05,SOL,1,-0.00013552251337244574,0.00013551333061139793,0.0,funding,104.91,0.0,1.0114184733927356
2024-01-05,SOL,1,0.002238832363825282,0.0,0.0,mark,105.48,0.0,1.0136854064990484
2024-01-05,SOL,1,-0.04104563518951899,0.0,0.0,mark,95.23,0.0,0.97292038134167
2024-01-05,SOL,1,0.019070399429703372,0.0,0.0,mark,99.94,0.0,0.9916524075359385
2024-01-06,SOL,1,-4.0106345211276264e-05,0.0,0.0,mark,99.93,0.0,0.9916126367796875
2024-01-06,SOL,1,-0.00013168530085364737,0.0001316766307249174,0.0,funding,99.93,0.0,0.991482064568692
2024-01-06,SOL,1,-0.03427518250332736,0.0,0.0,mark,91.53,0.0,0.9580746293177673
2024-01-06,SOL,1,0.03575824218645697,0.0,0.0,mark,100.3,0.0,0.9929535825499827
2024-01-06,SOL,1,-0.026502714901350803,0.0,0.0,mark,93.77,0.0,0.9669832787180138
2024-01-07,SOL,1,0.0,0.0,0.0,mark,93.77,0.0,0.9669832787180138
2024-01-07,SOL,1,-0.000126714798694593,0.0001267067707135843,0.0,funding,93.77,0.0,0.9668607553894334
2024-01-07,SOL,1,0.012386541595917741,0.0,0.0,mark,96.8,0.0,0.978911294533517
2024-01-07,SOL,1,-0.034205800427903846,0.0,0.0,mark,88.5230043924013,0.0,0.945993057053393
2024-01-07,SOL,1,-0.0005397805782143803,0.0005396349228866047,0.3721620157838653,stop,88.5230043924013,-0.003977075625110081,0.9454825661629987
2024-01-11,SOL,2,-0.0005674526166601974,0.0005672916458733538,0.39123561784369215,entry,101.99,0.0036268894590961893,0.9449462018018956
2024-01-11,SOL,2,-0.00012861859989474563,0.00012861032887724106,0.0,funding,101.99,0.0,0.9448246719601106
2024-01-11,SOL,2,0.02025372178973665,0.0,0.0,mark,107.32,0.0,0.9641559927770932
2024-01-11,SOL,2,-0.036975904195619795,0.0,0.0,mark,97.67,0.0,0.9291565094968149
2024-01-11,SOL,2,0.008666962992126359,0.0,0.0,mark,99.9,0.0,0.9372444729905994
2024-01-12,SOL,2,-3.869811709720287e-05,0.0,0.0,mark,99.89,0.0,0.9372082040960085
2024-01-12,SOL,2,-0.00012701027368182635,0.00012700220821842116,0.0,funding,99.89,0.0,0.9370891765845278
2024-01-12,SOL,2,-0.05117664240560352,0.0,0.0,mark,87.0,0.0,0.890338571456778
2024-01-12,SOL,2,0.05349617708456936,0.0,0.0,mark,100.49,0.0,0.9392653102599855
2024-01-12,SOL,2,-0.03285383581281235,0.0,0.0,mark,92.12,0.0,0.9089082454873504
2024-01-13,SOL,2,7.980441938169003e-05,0.0,0.0,mark,92.14,0.0,0.9089807832765323
2024-01-13,SOL,2,-0.00012079392036838366,0.00012078662507655537,0.0,funding,92.14,0.0,0.908870990555461
2024-01-13,SOL,2,-0.010550592361094,0.0,0.0,mark,89.51,0.0,0.8993322712780379
2024-01-13,SOL,2,0.029954679325805717,0.0,0.0,mark,97.05,0.0,0.9266790177996231
2024-01-13,SOL,2,-0.004707692602908495,0.0,0.0,mark,95.85,0.0,0.9223267504487077
2024-01-14,SOL,2,0.0,0.0,0.0,mark,95.85,0.0,0.9223267504487077
2024-01-14,SOL,2,-0.00012383960107101871,0.00012383193326407824,0.0,funding,95.85,0.0,0.9222125369440984
2024-01-14,SOL,2,0.027234109321378777,0.0,0.0,mark,102.87,0.0,0.9476733009469537
2024-01-14,SOL,2,-0.0360429666356281,0.0,0.0,mark,93.62,0.0,0.914124573450314
2024-01-14,SOL,2,0.000753561830330452,0.0,0.0,mark,93.81,0.0,0.9148136824475422
2024-01-15,SOL,2,0.0,0.0,0.0,mark,93.81,0.0,0.9148136824475422
2024-01-15,SOL,2,-0.00012219919926504598,0.0001221917332470328,0.0,funding,93.81,0.0,0.9147018997780859
2024-01-15,SOL,2,-0.0033362476417939935,0.0,0.0,mark,92.97,0.0,0.9116553126324451
2024-01-15,SOL,2,0.01574897210416257,0.0,0.0,mark,96.96,0.0,0.9261266015742389
2024-01-15,SOL,2,-0.010234290992325463,0.0,0.0,mark,94.36,0.0,0.9166966889805888
2024-01-16,SOL,2,-3.956555372249621e-05,0.0,0.0,mark,94.35,0.0,0.9166604200859978
2024-01-16,SOL,2,-0.00012265504031070708,0.00012264751848870502,0.0,funding,94.35,0.0,0.9165479939601774
2024-01-16,SOL,2,-0.0007521353883145075,0.0,0.0,mark,94.16,0.0,0.9158588849629491
2024-01-16,SOL,2,0.017935827553801936,0.0,0.0,mark,98.73,0.0,0.9324337697910187
2024-01-16,SOL,2,-0.004365983241167828,0.0,0.0,mark,97.61,0.0,0.9283716535968309
2024-01-17,SOL,2,-3.906797771264706e-05,0.0,0.0,mark,97.6,0.0,0.92833538470224
2024-01-17,SOL,2,-0.00012528453310174062,0.00012527668532233175,0.0,funding,97.6,0.0,0.928219085922377
2024-01-17,SOL,2,0.020114628289033647,0.0,0.0,mark,102.8,0.0,0.9470789111096772
2024-01-17,SOL,2,-0.024421991621521366,0.0,0.0,mark,96.5,0.0,0.9242295075173712
2024-01-17,SOL,2,0.021737704620447666,0.0,0.0,mark,102.1,0.0,0.9445400884883098
2024-01-18,SOL,2,0.0,0.0,0.0,mark,102.1,0.0,0.9445400884883098
2024-01-18,SOL,2,-0.00012881269266997193,0.00012880439667126416,0.0,funding,102.1,0.0,0.9444184275720803
2024-01-18,SOL,2,0.005705800035292039,0.0,0.0,mark,103.59,0.0,0.9498224928661336
2024-01-18,SOL,2,-0.04762553503294594,0.0,0.0,mark,91.41,0.0,0.905646979254342
2024-01-18,SOL,2,0.011903078022583821,0.0,0.0,mark,94.4,0.0,0.9164913787370397
2024-01-19,SOL,2,-3.95744172802773e-05,0.0,0.0,mark,94.39,0.0,0.9164551098424487
2024-01-19,SOL,2,-0.00012273453483643634,0.00012272700326158628,0.0,funding,94.39,0.0,0.916342636053194
2024-01-19,SOL,2,0.004265535905987893,0.0,0.0,mark,95.47,0.0,0.9202596766690179
2024-01-19,SOL,2,-0.03378842162551677,0.0,0.0,mark,87.04,0.0,0.889684998528837
2024-01-19,SOL,2,0.02647056767447318,0.0,0.0,mark,93.62,0.0,0.9135499311696899
2024-01-20,SOL,2,0.0,0.0,0.0,mark,93.62,0.0,0.9135499311696899
2024-01-20,SOL,2,-0.0001221203966232295,0.00012211294023116372,0.0,funding,93.62,0.0,0.9134383749015468
2024-01-20,SOL,2,-0.013672462063572631,0.0,0.0,mark,90.2,0.0,0.9010344129514378
2024-01-20,SOL,2,0.01625002093231525,0.0,0.0,mark,94.27,0.0,0.9157958530499593
2024-01-20,SOL,2,-0.005520120708028886,0.0,0.0,mark,92.88,0.0,0.9107544767018155
2024-01-21,SOL,2,0.0,0.0,0.0,mark,92.88,0.0,0.9107544767018155
2024-01-21,SOL,2,-0.00012152695654212252,0.0001215195724407044,0.0,funding,92.88,0.0,0.9106438022072083
2024-01-21,SOL,2,-0.008358837905739025,0.0,0.0,mark,90.79,0.0,0.9030636032376973
2024-01-21,SOL,2,0.012532031859622416,0.0,0.0,mark,93.93,0.0,0.9144520361392593
2024-01-21,SOL,2,-0.011327895323963728,0.0,0.0,mark,91.09,0.0,0.9041516700754261
2024-01-22,SOL,2,-4.011453304913565e-05,0.0,0.0,mark,91.08,0.0,0.9041154011808351
2024-01-22,SOL,2,-0.00012004679310489344,0.000120039587777028,0.0,funding,91.08,0.0,0.9040068715407745
2024-01-22,SOL,2,0.003284452874233492,0.0,0.0,mark,91.9,0.0,0.9069809208972335
2024-01-22,SOL,2,-0.04014386982325009,0.0,0.0,mark,82.06,0.0,0.8712923286197269
2024-01-22,SOL,2,0.007382210395201664,0.0,0.0,mark,83.84,0.0,0.8777481918569182
2024-01-23,SOL,2,0.0,0.0,0.0,mark,83.84,0.0,0.8777481918569182
2024-01-23,SOL,2,-0.00011382335514509077,0.00011381687751276546,0.0,funding,83.84,0.0,0.8776482892984786
2024-01-23,SOL,2,0.008886616251567284,0.0,0.0,mark,86.0,0.0,0.8854823705301264
2024-01-23,SOL,2,-0.029090694576267204,0.0,0.0,mark,79.0,0.0,0.860094144316453
2024-01-23,SOL,2,0.022309440087204237,0.0,0.0,mark,84.35,0.0,0.8794980029226176
2024-01-24,SOL,2,4.123732704268271e-05,0.0,0.0,mark,84.36,0.0,0.8795342718172086
2024-01-24,SOL,2,-0.00011429677170929898,0.0001142902400821195,0.0,funding,84.36,0.0,0.8794337496341221
2024-01-24,SOL,2,0.020855257619358587,0.0,0.0,mark,89.47,0.0,0.8979671547701037
2024-01-24,SOL,2,-0.02523640702180832,0.0,0.0,mark,83.3,0.0,0.8755892468074802
2024-01-24,SOL,2,0.022405102565117792,0.0,0.0,mark,88.77,0.0,0.8954283321487363
2024-01-25,SOL,2,0.0,0.0,0.0,mark,88.77,0.0,0.8954283321487363
2024-01-25,SOL,2,-0.00011813712069458326,0.00011813014277972273,0.0,funding,88.77,0.0,0.8953225550720105
2024-01-25,SOL,2,0.0035181137222136897,0.0,0.0,mark,89.64,0.0,0.8984779489014242
2024-01-25,SOL,2,-0.01853777046146111,0.0,0.0,mark,85.09,0.0,0.8819756018625365
2024-01-25,SOL,2,0.00745639649925395,0.0,0.0,mark,86.91,0.0,0.8885765406780916
2024-01-26,SOL,2,-4.081768214863962e-05,0.0,0.0,mark,86.9,0.0,0.8885402717835006
2024-01-26,SOL,2,-0.00011654490923827012,0.00011653811814414833,0.0,funding,86.9,0.0,0.8884367229723317
2024-01-26,SOL,2,0.02746094498590612,0.0,0.0,mark,93.72,0.0,0.9131721090833677
2024-01-26,SOL,2,-0.03130571427894812,0.0,0.0,mark,85.96,0.0,0.8850274468807812
2024-01-26,SOL,2,0.02556997929687511,0.0,0.0,mark,92.28,0.0,0.9079493882622691
2024-01-27,SOL,2,3.9945145270710105e-05,0.0,0.0,mark,92.29,0.0,0.9079856571568601
2024-01-27,SOL,2,-0.00012112318984869635,0.00012111585473128856,0.0,funding,92.29,0.0,0.9078756856979098
2024-01-27,SOL,2,0.008790024389398118,0.0,0.0,mark,94.5,0.0,0.9158911114025123
2024-01-27,SOL,2,-0.015242616596578546,0.0,0.0,mark,90.68,0.0,0.9020363936687649
2024-01-27,SOL,2,0.014371046339633063,0.0,0.0,mark,94.28,0.0,0.9150931957215112
2024-01-28,SOL,2,-3.963488475496606e-05,0.0,0.0,mark,94.27,0.0,0.9150569268269202
2024-01-28,SOL,2,-0.0001227657984868905,0.00012275826307456432,0.0,funding,94.27,0.0,0.9149445960279685
2024-01-28,SOL,2,0.02028697795465203,0.0,0.0,mark,99.44,0.0,0.9336956145314959
2024-01-28,SOL,2,-0.02409972875744095,0.0,0.0,mark,93.31,0.0,0.9114627821472362
2024-01-28,SOL,2,0.010568411582376647,0.0,0.0,mark,95.98,0.0,0.921146577003023
2024-01-29,SOL,2,3.937286583484234e-05,0.0,0.0,mark,95.99,0.0,0.921182845897614
2024-01-29,SOL,2,-0.00012417450981256047,0.0001241668004771407,0.0,funding,95.99,0.0,0.9210684655709844
2024-01-29,SOL,2,-0.00366878089830965,0.0,0.0,mark,95.06,0.0,0.917695458374025
2024-01-29,SOL,2,0.026981721250016095,0.0,0.0,mark,101.98,0.0,0.9427935334309706
2024-01-29,SOL,2,-0.0011547546150171067,0.0,0.0,mark,101.68,0.0,0.9417054665932417
2024-01-30,SOL,2,-3.851479504650162e-05,0.0,0.0,mark,101.67,0.0,0.9416691976986508
2024-01-30,SOL,2,-0.0001286612414781213,0.00012865296497555255,0.0,funding,101.67,0.0,0.9415480491643407
2024-01-30,SOL,2,0.018396617167871616,0.0,0.0,mark,106.49,0.0,0.9590296563571843
2024-01-30,SOL,2,-0.02117394583900206,0.0,0.0,mark,100.95,0.0,0.9389366887537914
2024-01-30,SOL,2,0.0017367341421845154,0.0,0.0,mark,101.4,0.0,0.9405687890103848
2024-01-31,SOL,2,0.0,0.0,0.0,mark,101.4,0.0,0.9405687890103848
2024-01-31,SOL,2,-0.00012846967600503966,0.00012846142412955324,0.0,funding,101.4,0.0,0.9404479622042566
2024-01-31,SOL,2,0.005116108756261468,0.0,0.0,mark,102.73,0.0,0.9452717251848546
2024-01-31,SOL,2,-0.02655534912676392,0.0,0.0,mark,95.9,0.0,0.9205000701792276
2024-01-31,SOL,2,0.004167839721403553,0.0,0.0,mark,96.96,0.0,0.9243445730058696
2024-02-01,SOL,2,0.0,0.0,0.0,mark,96.96,0.0,0.9243445730058696
2024-02-01,SOL,2,-0.00012500034020615535,0.0001249925279890985,0.0,funding,96.96,0.0,0.9242290368409566
2024-02-01,SOL,2,0.004502714717982111,0.0,0.0,mark,98.11,0.0,0.9283999597189172
2024-02-01,SOL,2,-0.019726302165002943,0.0,0.0,mark,93.11,0.0,0.9102655124234362
2024-02-01,SOL,2,0.018553634155266143,0.0,0.0,mark,97.81,0.0,0.9273118928811883
2024-02-02,SOL,2,0.0,0.0,0.0,mark,97.81,0.0,0.9273118928811883
2024-02-02,SOL,2,-0.00012569270233861067,0.00012568480334189343,0.0,funding,97.81,0.0,0.9271953438682949
2024-02-02,SOL,2,-0.0016442557312127861,0.0,0.0,mark,97.39,0.0,0.9256720502954745
2024-02-02,SOL,2,0.02009261977112644,0.0,0.0,mark,102.57,0.0,0.9444593376935927
2024-02-02,SOL,2,-0.007671298239678135,0.0,0.0,mark,100.58,0.0,0.9372418276699913
2024-02-03,SOL,2,-3.8698226322839316e-05,0.0,0.0,mark,100.57,0.0,0.9372055587754003
2024-02-03,SOL,2,-0.00012787531086783983,0.0001278671351688212,0.0,funding,100.57,0.0,0.9370857209855354
2024-02-03,SOL,2,0.00258980646695056,0.0,0.0,mark,101.24,0.0,0.9395157369231298
2024-02-03,SOL,2,-0.01834972954518925,0.0,0.0,mark,96.53,0.0,0.9224330875707868
2024-02-03,SOL,2,0.005606830246478703,0.0,0.0,mark,97.96,0.0,0.9276195394972944
2024-02-04,SOL,2,-3.909965465573759e-05,0.0,0.0,mark,97.95,0.0,0.9275832706027034
2024-02-04,SOL,2,-0.00012583579532087367,0.0001258278783292732,0.0,funding,97.95,0.0,0.9274665547677897
2024-02-04,SOL,2,-0.011286688170563691,0.0,0.0,mark,95.08,0.0,0.9170573820201836
2024-02-04,SOL,2,0.013786303262507989,0.0,0.0,mark,98.59,0.0,0.9297877640216112
2024-02-04,SOL,2,-0.01216609891027557,0.0,0.0,mark,95.49,0.0,0.918544406698413
2024-02-05,SOL,2,-3.948596321231757e-05,0.0,0.0,mark,95.48,0.0,0.918508137803822
2024-02-05,SOL,2,-0.00012387442207910428,0.00012386674995972159,0.0,funding,95.48,0.0,0.9183943651859807
2024-02-05,SOL,2,-0.005425042896074368,0.0,0.0,mark,94.11,0.0,0.9134255266270189
2024-02-05,SOL,2,0.0180611759364655,0.0,0.0,mark,98.7,0.0,0.9300729492442704
2024-02-05,SOL,2,-0.011925536153286441,0.0,0.0,mark,95.66,0.0,0.9190472052886179
2024-02-06,SOL,2,0.0,0.0,0.0,mark,95.66,0.0,0.9190472052886179
2024-02-06,SOL,2,-0.0001240351659749772,0.0001240274739317489,0.0,funding,95.66,0.0,0.9189332181853219
2024-02-06,SOL,2,0.008723838320667929,0.0,0.0,mark,97.88,0.0,0.9269849127845154
2024-02-06,SOL,2,-0.019756713887410474,0.0,0.0,mark,92.88,0.0,0.9088504654890345
2024-02-06,SOL,2,0.01583647398675591,0.0,0.0,mark,96.88,0.0,0.9233580233254193
2024-02-07,SOL,2,-3.928011237514058e-05,0.0,0.0,mark,96.87,0.0,0.9233217544308283
2024-02-07,SOL,2,-0.00012502265585880688,0.00012501484085234162,0.0,funding,96.87,0.0,0.9232063255086427
2024-02-07,SOL,2,0.01833450063389989,0.0,0.0,mark,101.58,0.0,0.9402889748609857
2024-02-07,SOL,2,-0.02721310294260056,0.0,0.0,mark,94.62,0.0,0.9150458242256763
2024-02-07,SOL,2,0.02551448992216619,0.0,0.0,mark,101.14,0.0,0.9386931434989834
2024-02-08,SOL,2,0.0,0.0,0.0,mark,101.14,0.0,0.9386931434989834
2024-02-08,SOL,2,-0.00012839630477039907,0.00012838806231762838,0.0,funding,101.14,0.0,0.9385726265051787
2024-02-08,SOL,2,0.014729744385986458,0.0,0.0,mark,104.98,0.0,0.9524998820281081
2024-02-08,SOL,2,-0.017167196899201778,0.0,0.0,mark,100.51,0.0,0.9362876861459482
2024-02-08,SOL,2,0.008678042047720321,0.0,0.0,mark,102.76,0.0,0.9444481874289146
2024-02-09,SOL,2,3.8401469438661e-05,0.0,0.0,mark,102.77,0.0,0.9444844563235055
2024-02-09,SOL,2,-0.0001296656789739814,0.00012965727274320834,0.0,funding,102.77,0.0,0.9443619970447503
2024-02-09,SOL,2,-3.840644920978676e-05,0.0,0.0,mark,102.76,0.0,0.9443257281501594
2024-02-09,SOL,2,0.024170894038690972,0.0,0.0,mark,109.13,0.0,0.967429014004602
2024-02-09,SOL,2,-0.00824419585253029,0.0,0.0,mark,106.94,0.0,0.9594861260891814
2024-02-10,SOL,2,0.0,0.0,0.0,mark,106.94,0.0,0.9594861260891814
2024-02-10,SOL,2,-0.00013281761024422887,0.000132808790375872,0.0,funding,106.94,0.0,0.959358697897393
2024-02-10,SOL,2,0.014710959792729017,0.0,0.0,mark,110.86,0.0,0.9735761045770501
2024-02-10,SOL,2,-0.015013448364814313,0.0,0.0,mark,106.86,0.0,0.9590685467406653
2024-02-10,SOL,2,0.008097734688901107,0.0,0.0,mark,109.01,0.0,0.9668663590777221
2024-02-11,SOL,2,0.0,0.0,0.0,mark,109.01,0.0,0.9668663590777221
2024-02-11,SOL,2,-0.00013435517691810225,0.00013434615166556244,0.0,funding,109.01,0.0,0.9667364643032051
2024-02-11,SOL,2,-0.0066626262759870245,0.0,0.0,mark,107.24,0.0,0.9603168699606048
2024-02-11,SOL,2,0.012871108685325415,0.0,0.0,mark,110.67,0.0,0.9727571008053048
2024-02-11,SOL,2,-0.012040565767453153,0.0,0.0,mark,107.46,0.0,0.9611147856416059
2024-02-12,SOL,2,0.0,0.0,0.0,mark,107.46,0.0,0.9611147856416059
2024-02-12,SOL,2,-0.00013323730829118734,0.00013322843259524524,0.0,funding,107.46,0.0,0.9609867378251707
2024-02-12,SOL,2,0.017805400522894917,0.0,0.0,mark,112.22,0.0,0.9782507316504686
2024-02-12,SOL,2,-0.033246980688972215,0.0,0.0,mark,103.4,0.0,0.9462615666212403
2024-02-12,SOL,2,0.031094300588678687,0.0,0.0,mark,111.64,0.0,0.9761471357641929
2024-02-13,SOL,2,3.71544611367194e-05,0.0,0.0,mark,111.65,0.0,0.9761834046587838
2024-02-13,SOL,2,-0.00013629572802247933,0.000136286440181712,0.0,funding,111.65,0.0,0.9760503640975984
2024-02-13,SOL,2,-0.012714491623224142,0.0,0.0,mark,108.25,0.0,0.9637189399366713
2024-02-13,SOL,2,0.025636237414800162,0.0,0.0,mark,115.15,0.0,0.988744477204435
2024-02-13,SOL,2,-0.009842308809816768,0.0,0.0,mark,112.48,0.0,0.9790606823486482
2024-02-14,SOL,2,3.704389674561558e-05,0.0,0.0,mark,112.49,0.0,0.9790969512432391
2024-02-14,SOL,2,-0.00013691255940315118,0.0001369031873064021,0.0,funding,112.49,0.0,0.9789629097499319
2024-02-14,SOL,2,0.022710097727493588,0.0,0.0,mark,118.69,0.0,1.0014496243963282
2024-02-14,SOL,2,-0.029699544239050378,0.0,0.0,mark,110.61,0.0,0.972144357566831
2024-02-14,SOL,2,0.023450841859058307,0.0,0.0,mark,116.97,0.0,0.9952113745266828
2024-02-15,SOL,2,0.0,0.0,0.0,mark,116.97,0.0,0.9952113745266828
2024-02-15,SOL,2,-0.00014006025507481463,0.0001400504470951355,0.0,funding,116.97,0.0,0.9950719947287262
2024-02-15,SOL,2,0.0051623410126871135,0.0,0.0,mark,118.39,0.0,1.0002221777606428
2024-02-15,SOL,2,-0.025263918880965998,0.0,0.0,mark,111.51,0.0,0.9752691782820611
2024-02-15,SOL,2,0.007373281669332219,0.0,0.0,mark,113.5,0.0,0.9824866883056624
2024-02-16,SOL,2,0.0,0.0,0.0,mark,113.5,0.0,0.9824866883056624
2024-02-16,SOL,2,-0.0001376652794572365,0.00013765580402749233,0.0,funding,113.5,0.0,0.9823514433106374
2024-02-16,SOL,2,0.002765209874380472,0.0,0.0,mark,114.25,0.0,0.9850716104049595
2024-02-16,SOL,2,-0.023506624800117226,0.0,0.0,mark,107.94,0.0,0.9621859379180625
2024-02-16,SOL,2,0.008968591726105155,0.0,0.0,mark,110.33,0.0,0.9708542037253024
2024-02-17,SOL,2,-3.735841275665723e-05,0.0,0.0,mark,110.32,0.0,0.9708179348307114
2024-02-17,SOL,2,-0.00013541638252443332,0.00013540721414003121,0.0,funding,110.32,0.0,0.9706864790787189
2024-02-17,SOL,2,0.002835652651759978,0.0,0.0,mark,111.08,0.0,0.973442915067632
2024-02-17,SOL,2,-0.022913611040074874,0.0,0.0,mark,105.0,0.0,0.9513914271563272
2024-02-17,SOL,2,0.014833245096802089,0.0,0.0,mark,108.92,0.0,0.9656088338359843
2024-02-18,SOL,2,0.0,0.0,0.0,mark,108.92,0.0,0.9656088338359843
2024-02-18,SOL,2,-0.00013441908399897774,0.0001344100501587774,0.0,funding,108.92,0.0,0.9654790463041947
2024-02-18,SOL,2,0.019051009158440213,0.0,0.0,mark,114.04,0.0,0.9840487203347672
2024-02-18,SOL,2,-0.02436185020605077,0.0,0.0,mark,107.51,0.0,0.960365132166869
2024-02-18,SOL,2,0.01770552050390354,0.0,0.0,mark,112.24,0.0,0.977520319308394
2024-02-19,SOL,2,3.710226892423181e-05,0.0,0.0,mark,112.25,0.0,0.977556588202985
2024-02-19,SOL,2,-0.00013683572469384576,0.00013682636311299287,0.0,funding,112.25,0.0,0.977422832690284
2024-02-19,SOL,2,0.00967499032363962,0.0,0.0,mark,114.87,0.0,0.986925283073116
2024-02-19,SOL,2,-0.015256536886017956,0.0,0.0,mark,110.75,0.0,0.9719824985016396
2024-02-19,SOL,2,0.0029062918950903045,0.0,0.0,mark,111.53,0.0,0.9748114722797346
2024-02-20,SOL,2,0.0,0.0,0.0,mark,111.53,0.0,0.9748114722797346
2024-02-20,SOL,2,-0.00013634085620852152,0.0001363315622163323,0.0,funding,111.53,0.0,0.9746785747088523
2024-02-20,SOL,2,-0.03225576558684418,0.0,0.0,mark,103.0,0.0,0.9437412076227618
2024-02-20,SOL,2,0.034411685664795084,0.0,0.0,mark,112.11,0.0,0.9767821705951281
2024-02-20,SOL,2,-0.014210267668951062,0.0,0.0,mark,108.31,0.0,0.9629999906505625
2024-02-21,SOL,2,3.7661694676391495e-05,0.0,0.0,mark,108.32,0.0,0.9630362595451535
2024-02-21,SOL,2,-0.00013403569113221424,0.00013402670875036832,0.0,funding,108.32,0.0,0.9629071869648794
2024-02-21,SOL,2,0.0003012828796604791,0.0,0.0,mark,108.4,0.0,0.9631973381216071
2024-02-21,SOL,2,-0.031247022407244748,0.0,0.0,mark,100.23,0.0,0.9335656512407913
2024-02-21,SOL,2,0.018476191759627225,0.0,0.0,mark,105.03,0.0,0.950974720644453
2024-02-22,SOL,2,3.813792543360767e-05,0.0,0.0,mark,105.04,0.0,0.951010989539044
2024-02-22,SOL,2,-0.00013162036747303628,0.00013161170589251058,0.0,funding,105.04,0.0,0.9508858253603882
2024-02-22,SOL,2,0.007826589130934333,0.0,0.0,mark,107.1,0.0,0.9583572176461264
2024-02-22,SOL,2,-0.021304933870718027,0.0,0.0,mark,101.53,0.0,0.9381554433589606
2024-02-22,SOL,2,0.0008887801409292792,0.0,0.0,mark,101.76,0.0,0.9389896279345528
2024-02-23,SOL,2,-3.862619349690208e-05,0.0,0.0,mark,101.75,0.0,0.9389533590399618
2024-02-23,SOL,2,-0.00012913494433946872,0.000129126606781393,0.0,funding,101.75,0.0,0.938832115178783
2024-02-23,SOL,2,-0.006841055847193386,0.0,0.0,mark,99.98521385986932,0.0,0.9324314309295839
2024-02-23,SOL,2,-0.0005640838688374227,0.0005639248034419541,0.38891365754617513,stop,99.98521385986932,-0.0036268894590961893,0.9319056097181738
2024-03-02,SOL,3,-0.0010124279870808322,0.0010119156547808092,0.6978728653660752,entry,129.43,0.005024736445219356,0.930962599842922
2024-03-02,SOL,3,-0.00022953920261508905,0.0002295128605077986,0.0,funding,129.43,0.0,0.9307489319536062
2024-03-02,SOL,3,0.012126994353338779,0.0,0.0,mark,131.69,0.0,0.9421048363198019
2024-03-02,SOL,3,-0.024238915072076903,0.0,0.0,mark,127.2,0.0,0.919543769680767
2024-03-02,SOL,3,0.015292029803522393,0.0,0.0,mark,130.02,0.0,0.9337135264562856
2024-03-03,SOL,3,5.381309262151992e-05,0.0,0.0,mark,130.03,0.0,0.9337637738207377
2024-03-03,SOL,3,-0.00022991154182957046,0.00022988511419636248,0.0,funding,130.03,0.0,0.9335491154289605
2024-03-03,SOL,3,0.01113319115369783,0.0,0.0,mark,132.11,0.0,0.9440005672350168
2024-03-03,SOL,3,-0.04318219219109143,0.0,0.0,mark,124.17,0.0,0.904104159859975
2024-03-03,SOL,3,0.03274846858774822,0.0,0.0,mark,130.16,0.0,0.9342023311668389
2024-03-04,SOL,3,0.0,0.0,0.0,mark,130.16,0.0,0.9342023311668389
2024-03-04,SOL,3,-0.00023003337542922903,0.00023000691978094273,0.0,funding,130.16,0.0,0.9339874581661951
2024-03-04,SOL,3,-0.015232884271815036,0.0,0.0,mark,127.35,0.0,0.9198679487551287
2024-03-04,SOL,3,0.040676048961186165,0.0,0.0,mark,134.95,0.0,0.9580559457387957
2024-03-04,SOL,3,-0.008850179379069002,0.0,0.0,mark,133.27,0.0,0.9496143885108272
2024-03-05,SOL,3,-5.291484047376237e-05,0.0,0.0,mark,133.26,0.0,0.949564141146375
2024-03-05,SOL,3,-0.00023170218239717093,0.00023167534151959145,0.0,funding,133.26,0.0,0.9493441505496801
2024-03-05,SOL,3,0.04885717484867784,0.0,0.0,mark,142.72,0.0,0.9968781573214552
2024-03-05,SOL,3,-0.21087734484130502,0.0,0.0,mark,105.0,0.0,0.8073450986077811
2024-03-05,SOL,3,0.11903107936866886,0.0,0.0,mark,125.31,0.0,0.9093974958101863
2024-03-06,SOL,3,0.0,0.0,0.0,mark,125.31,0.0,0.9093974958101863
2024-03-06,SOL,3,-0.0002275022443048625,0.00022747636763165665,0.0,funding,125.31,0.0,0.9091906293711061
2024-03-06,SOL,3,-0.029785482443879217,0.0,0.0,mark,120.0,0.0,0.8825092788469913
2024-03-06,SOL,3,0.08169122743001125,0.0,0.0,mark,134.95,0.0,0.9576290887030205
2024-03-06,SOL,3,-0.02206951601379504,0.0,0.0,mark,130.79,0.0,0.936726185090908
2024-03-07,SOL,3,5.3640025899866834e-05,0.0,0.0,mark,130.8,0.0,0.9367764324553602
2024-03-07,SOL,3,-0.0002305293121398726,0.0002305027422997889,0.0,funding,130.8,0.0,0.9365605029187575
2024-03-07,SOL,3,0.0716765586766568,0.0,0.0,mark,144.650231318401,0.0,1.0061542649990456
2024-03-07,SOL,3,-0.0002618983290025749,0.00026186403662904534,0.18059588733037607,partial_tp,144.650231318401,-0.001256184111304839,1.0058907893817415
2024-03-07,SOL,3,0.01727028384668044,0.0,0.0,mark,149.3,0.0,1.023413685998944
2024-03-07,SOL,3,-0.07166170477489349,0.0,0.0,mark,130.52,0.0,0.9526402731680294
2024-03-07,SOL,3,0.05127612624943549,0.0,0.0,mark,143.82,0.0,1.0027620192090925
2024-03-08,SOL,3,0.0,0.0,0.0,mark,143.82,0.0,1.0027620192090925
2024-03-08,SOL,3,-0.00017759287730908886,0.00017757710862755264,0.0,funding,143.82,0.0,1.0025839516290798
2024-03-08,SOL,3,0.03261525848250591,0.0,0.0,mark,152.64,0.0,1.0358225832142058
2024-03-08,SOL,3,-0.039479854205813826,0.0,0.0,mark,142.0,0.0,0.9957251863813554
2024-03-08,SOL,3,0.010504039390279116,0.0,0.0,mark,144.79,0.0,1.006239447392977
2024-03-09,SOL,3,0.0,0.0,0.0,mark,144.79,0.0,1.006239447392977
2024-03-09,SOL,3,-0.0001781728350842237,0.00017815696324734794,0.0,funding,144.79,0.0,1.0060601788287298
2024-03-09,SOL,3,0.016199982673152907,0.0,0.0,mark,149.15,0.0,1.022491067004597
2024-03-09,SOL,3,-0.020893293800619852,0.0,0.0,mark,143.54,0.0,1.0013494884113365
2024-03-09,SOL,3,0.0028186291076248635,0.0,0.0,mark,144.29,0.0,1.0041759026617725
2024-03-10,SOL,3,3.752810250756027e-05,0.0,0.0,mark,144.3,0.0,1.0042135881851117
2024-03-10,SOL,3,-0.000177928060866968,0.00017791223260826044,0.0,funding,144.3,0.0,1.0040349263036221
2024-03-10,SOL,3,0.015641345833625205,0.0,0.0,mark,148.5,0.0,1.019862846106063
2024-03-10,SOL,3,-0.030273563964891025,0.0,0.0,mark,140.43,0.0,0.9894506287713729
2024-03-10,SOL,3,0.014969967772407156,0.0,0.0,mark,144.39,0.0,1.0043740960136742
2024-03-11,SOL,3,0.0,0.0,0.0,mark,144.39,0.0,1.0043740960136742
2024-03-11,SOL,3,-0.0001780105898485737,0.00017799474690359602,0.0,funding,144.39,0.0,1.0041953227006577
2024-03-11,SOL,3,-0.030095545714733572,0.0,0.0,mark,136.49,0.0,0.9744237592627331
2024-03-11,SOL,3,0.05166505724918781,0.0,0.0,mark,150.2,0.0,1.026090611760701
2024-03-11,SOL,3,-0.005044339494118729,0.0,0.0,mark,148.83,0.0,1.0209276950632382
2024-03-12,SOL,3,0.0,0.0,0.0,mark,148.83,0.0,1.0209276950632382
2024-03-12,SOL,3,-0.00018050958395383548,0.00018049329307917868,0.0,funding,148.83,0.0,1.0207434244615605
2024-03-12,SOL,3,0.022523866677013768,0.0,0.0,mark,155.0,0.0,1.043995392361813
2024-03-12,SOL,3,-0.04995891691138,0.0,0.0,mark,141.5,0.0,0.9931199358539671
2024-03-12,SOL,3,0.03559781360491531,0.0,0.0,mark,151.05,0.0,1.0291096106428508
2024-03-13,SOL,3,3.66188722297521e-05,0.0,0.0,mark,151.06,0.0,1.0291472961661898
2024-03-13,SOL,3,-0.00018175107207701118,0.00018173455635146923,0.0,funding,151.06,0.0,1.0289602645389007
2024-03-13,SOL,3,0.055804697207806044,0.0,0.0,mark,166.73,0.0,1.088013479611341
2024-03-13,SOL,3,-0.06444879155104441,0.0,0.0,mark,148.71,0.0,1.0201041665542014
2024-03-13,SOL,3,0.054598161900418614,0.0,0.0,mark,163.9,0.0,1.077348476506363
2024-03-14,SOL,3,0.0,0.0,0.0,mark,163.9,0.0,1.077348476506363
2024-03-14,SOL,3,-0.00018837758671145773,0.00018835984476805627,0.0,funding,163.9,0.0,1.0771455473145672
2024-03-14,SOL,3,-0.01658033948275149,0.0,0.0,mark,159.2,0.0,1.059433351345169
2024-03-14,SOL,3,0.0663987845190371,0.0,0.0,mark,178.5,0.0,1.1321664113897192
2024-03-14,SOL,3,-0.006176986297130868,0.0,0.0,mark,176.65,0.0,1.1251945895719773
2024-03-15,SOL,3,0.0,0.0,0.0,mark,176.65,0.0,1.1251945895719773
2024-03-15,SOL,3,-0.00019439889464481955,0.00019438000040409613,0.0,funding,176.65,0.0,1.1249758742472016
2024-03-15,SOL,3,0.0404739845510539,0.0,0.0,mark,188.98,0.0,1.1714421245243676
2024-03-15,SOL,3,-0.0820267022854897,0.0,0.0,mark,164.5,0.0,1.0791879633901402
2024-03-15,SOL,3,0.06571274149111236,0.0,0.0,mark,183.95,0.0,1.1524863062847774
2024-03-16,SOL,3,0.0,0.0,0.0,mark,183.95,0.0,1.1524863062847774
2024-03-16,SOL,3,-0.00019763893569168416,0.00019761940640396704,0.0,funding,183.95,0.0,1.1522585526250408
2024-03-16,SOL,3,0.04477076621635866,0.0,0.0,mark,197.95,0.0,1.2050182852998441
2024-03-16,SOL,3,-0.06850014372716282,0.0,0.0,mark,176.78,0.0,1.125238032390874
2024-03-16,SOL,3,0.017495890012853885,0.0,0.0,mark,182.05,0.0,1.1450983031906035
2024-03-17,SOL,3,0.0,0.0,0.0,mark,182.05,0.0,1.1450983031906035
2024-03-17,SOL,3,-0.00019685943352499704,0.00019684005797811704,0.0,funding,182.05,0.0,1.1448729019742128
2024-03-17,SOL,3,-0.011587750538946642,0.0,0.0,mark,178.55,0.0,1.131682968805512
2024-03-17,SOL,3,0.08502623675619295,0.0,0.0,mark,205.2,0.0,1.2321148885043336
2024-03-17,SOL,3,-0.010268278337495464,0.0,0.0,mark,201.86,0.0,1.2195279237090593
2024-03-18,SOL,3,-3.0902208053266486e-05,0.0,0.0,mark,201.85,0.0,1.21949023818572
2024-03-18,SOL,3,-0.00020495593671879532,0.0002049349346856079,0.0,funding,201.85,0.0,1.2192403220334076
2024-03-18,SOL,3,0.02542133583742086,0.0,0.0,mark,210.18,0.0,1.2506323629749156
2024-03-18,SOL,3,-0.050617880399813464,0.0,0.0,mark,193.8,0.0,1.1889034757453958
2024-03-18,SOL,3,0.006697437556243473,0.0,0.0,mark,195.92,0.0,1.1968928066932945
2024-03-19,SOL,3,0.0,0.0,0.0,mark,195.92,0.0,1.1968928066932945
2024-03-19,SOL,3,-0.0002026903629146689,0.00020266982261074102,0.0,funding,195.92,0.0,1.1966502326404778
2024-03-19,SOL,3,-0.09896501026454425,0.0,0.0,mark,166.0,0.0,1.0838951468097555
2024-03-19,SOL,3,0.10761938654747091,0.0,0.0,mark,198.68,0.0,1.207051437082082
2024-03-19,SOL,3,-0.09442520632649441,0.0,0.0,mark,169.82,0.0,1.0982910167253088
2024-03-20,SOL,3,0.0,0.0,0.0,mark,169.82,0.0,1.0982910167253088
2024-03-20,SOL,3,-0.00019146021915805494,0.00019144189181999322,0.0,funding,169.82,0.0,1.098080757815298
2024-03-20,SOL,3,-0.010126257457964033,0.0,0.0,mark,166.88430007140101,0.0,1.0870174189977035
2024-03-20,SOL,3,-0.0008392739904238397,0.0008389218985157693,0.5785668265625995,stop,166.88430007140101,-0.0037685523339145172,1.0861054962808383
2024-03-27,SOL,4,-0.0006036890412667411,0.0006035068577001312,0.41621162600009043,entry,190.46,0.002373462851069426,1.085450024165647
2024-03-27,SOL,4,-0.00013683497601787095,0.0001368256145396292,0.0,funding,190.46,0.0,1.0853015067990386
2024-03-27,SOL,4,0.004973777917667486,0.0,0.0,mark,192.74,0.0,1.0907130020994769
2024-03-27,SOL,4,-0.02811461129062446,0.0,0.0,mark,180.0,0.0,1.0604750853768523
2024-03-27,SOL,4,0.014067836295702674,0.0,0.0,mark,186.33,0.0,1.0754991052241218
2024-03-28,SOL,4,2.2068234650941492e-05,0.0,0.0,mark,186.34,0.0,1.0755228398526324
2024-03-28,SOL,4,-0.0001351105470026397,0.0001351014199836715,0.0,funding,186.34,0.0,1.0753775351897434
2024-03-28,SOL,4,0.010079606251984256,0.0,0.0,mark,190.93,0.0,1.0862717296761522
2024-03-28,SOL,4,-0.022114199694867706,0.0,0.0,mark,180.92,0.0,1.062513366536947
2024-03-28,SOL,4,0.01926970687955307,0.0,0.0,mark,189.63,0.0,1.0831862279697617
2024-03-29,SOL,4,2.1911623196914823e-05,0.0,0.0,mark,189.64,0.0,1.0832099625982723
2024-03-29,SOL,4,-0.00013652758471564274,0.00013651826524907647,0.0,funding,189.64,0.0,1.083062084653278
2024-03-29,SOL,4,0.007336253713057553,0.0,0.0,mark,193.0,0.0,1.0910369198328713
2024-03-29,SOL,4,-0.021127400189513274,0.0,0.0,mark,183.39,0.0,1.068227941834094
2024-03-29,SOL,4,0.018971412539143553,0.0,0.0,mark,192.01,0.0,1.0886871916103125
2024-03-30,SOL,4,2.180090844865194e-05,0.0,0.0,mark,192.02,0.0,1.0887109262388233
2024-03-30,SOL,4,-0.00013754259395846026,0.00013753313540949198,0.0,funding,192.02,0.0,1.088561192411583
2024-03-30,SOL,4,-0.002860367663338919,0.0,0.0,mark,190.71,0.0,1.085451956076682
2024-03-30,SOL,4,0.020110060848426512,0.0,0.0,mark,200.0,0.0,1.1075014259631168
2024-03-30,SOL,4,-0.012507754011758139,0.0,0.0,mark,194.2,0.0,1.0937353414269142
2024-03-31,SOL,4,-2.1700758073934805e-05,0.0,0.0,mark,194.19,0.0,1.0937116067984036
2024-03-31,SOL,4,-0.0001384610328426048,0.00013845144755611103,0.0,funding,194.19,0.0,1.0935601808432334
2024-03-31,SOL,4,0.019302689251423855,0.0,0.0,mark,203.17,0.0,1.1148738772458369
2024-03-31,SOL,4,-0.020388478431567696,0.0,0.0,mark,193.69,0.0,1.0923734494176986
2024-03-31,SOL,4,0.01885448939968627,0.0,0.0,mark,202.45,0.0,1.1131649839930668
2024-04-01,SOL,4,0.0,0.0,0.0,mark,202.45,0.0,1.1131649839930668
2024-04-01,SOL,4,-0.00014182817083206888,0.0001418181136924653,0.0,funding,202.45,0.0,1.1130071170348084
2024-04-01,SOL,4,0.004277120232791558,0.0,0.0,mark,204.46,0.0,1.117777777365458
2024-04-01,SOL,4,-0.038065577423961834,0.0,0.0,mark,186.87,0.0,1.0760285658151467
2024-04-01,SOL,4,0.011775339352271222,0.0,0.0,mark,192.24,0.0,1.0887740613253896
2024-04-02,SOL,4,0.0,0.0,0.0,mark,192.24,0.0,1.0887740613253896
2024-04-02,SOL,4,-1.974049795637188e-05,1.9740303113977434e-05,0.013614002147570642,resize,192.24,7.710451731743166e-05,1.0887525685953963
2024-04-02,SOL,4,-0.00014216840920868975,0.0001421583037592725,0.0,funding,192.24,0.0,1.0885977933770312
2024-04-02,SOL,4,0.0,0.0,0.0,mark,192.24,0.0,1.0885977933770312
2024-04-02,SOL,4,-0.0374301750518748,0.0,0.0,mark,175.92,0.0,1.0486045339249577
2024-04-02,SOL,4,0.013025257194148866,0.0,0.0,mark,181.53,0.0,1.062352216861608
2024-04-03,SOL,4,0.0,0.0,0.0,mark,181.53,0.0,1.062352216861608
2024-04-03,SOL,4,-0.0001375838386782263,0.0001375743744558244,0.0,funding,181.53,0.0,1.0622060644199214
2024-04-03,SOL,4,-0.010692483021145848,0.0,0.0,mark,176.92,0.0,1.0509089488516579
2024-04-03,SOL,4,0.03456023011604571,0.0,0.0,mark,192.0,0.0,1.0878635047669316
2024-04-03,SOL,4,-0.015779711485000122,0.0,0.0,mark,185.05,0.0,1.070832061556643
2024-04-04,SOL,4,0.0,0.0,0.0,mark,185.05,0.0,1.070832061556643
2024-04-04,SOL,4,-0.00013914115528932948,0.00013913147560784162,0.0,funding,185.05,0.0,1.0706830751117904
2024-04-04,SOL,4,0.011559972119472397,0.0,0.0,mark,190.13,0.0,1.0831319573431957
2024-04-04,SOL,4,-0.02313936261518417,0.0,0.0,mark,180.02,0.0,1.0583567212488045
2024-04-04,SOL,4,0.009173269928972643,0.0,0.0,mark,184.0,0.0,1.0681099793749842
2024-04-05,SOL,4,0.0,0.0,0.0,mark,184.0,0.0,1.0681099793749842
2024-04-05,SOL,4,-0.0001387042079781006,0.000138694588994144,0.0,funding,184.0,0.0,1.0679618383003942
2024-04-05,SOL,4,0.0024522349890020883,0.0,0.0,mark,185.07,0.0,1.070583945384568
2024-04-05,SOL,4,-0.040238291518289934,0.0,0.0,mark,167.84,0.0,1.0283606696272625
2024-04-05,SOL,4,0.015441058606048145,0.0,0.0,mark,174.37,0.0,1.0443628745428286
2024-04-06,SOL,4,0.0,0.0,0.0,mark,174.37,0.0,1.0443628745428286
2024-04-06,SOL,4,-0.00013443340590728794,0.00013442437014195256,0.0,funding,174.37,0.0,1.0442224867212186
2024-04-06,SOL,4,0.012871073394296006,0.0,0.0,mark,179.89,0.0,1.057749618594714
2024-04-06,SOL,4,-0.014820805788954259,0.0,0.0,mark,173.54,0.0,1.0421885158054573
2024-04-06,SOL,4,0.012013572019557595,0.0,0.0,mark,178.68,0.0,1.0547844320789659
2024-04-07,SOL,4,2.323260400369371e-05,0.0,0.0,mark,178.69,0.0,1.0548089377526497
2024-04-07,SOL,4,-0.0001363998001150252,0.0001363904980851762,0.0,funding,178.69,0.0,1.054665071836245
2024-04-07,SOL,4,-0.004284497961486645,0.0,0.0,mark,176.85,0.0,1.050156027878413
2024-04-07,SOL,4,0.013581815943902713,0.0,0.0,mark,182.71,0.0,1.06451635265716
2024-04-07,SOL,4,-0.007370628473103208,0.0,0.0,mark,179.52,0.0,1.0566990427520058
2024-04-08,SOL,4,-2.319104763952055e-05,0.0,0.0,mark,179.51,0.0,1.056674537078322
2024-04-08,SOL,4,-0.00013678383446889038,0.0001367744799867694,0.0,funding,179.51,0.0,1.0565300109679978
2024-04-08,SOL,4,0.011920221815114297,0.0,0.0,mark,184.68,0.0,1.0691994442625579
2024-04-08,SOL,4,-0.02185021369853733,0.0,0.0,mark,175.25,0.0,1.0460905939786698
2024-04-08,SOL,4,0.012640071507281147,0.0,0.0,mark,180.68,0.0,1.0593971747890105
2024-04-09,SOL,4,0.0,0.0,0.0,mark,180.68,0.0,1.0593971747890105
2024-04-09,SOL,4,-0.0001373215692614887,0.00013731214108629537,0.0,funding,180.68,0.0,1.0592517066946794
2024-04-09,SOL,4,0.0005088381407696596,0.0,0.0,mark,180.9,0.0,1.0597908315157245
2024-04-09,SOL,4,-0.027640669834399962,0.0,0.0,mark,169.11,0.0,1.0308986422424435
2024-04-09,SOL,4,0.00783746612309915,0.0,0.0,mark,172.42,0.0,1.039010020231804
2024-04-10,SOL,4,-2.3585877134685738e-05,0.0,0.0,mark,172.41,0.0,1.0389855145581202
2024-04-10,SOL,4,-0.00013361020782679415,0.0001336012823806279,0.0,funding,172.41,0.0,1.0388467047610004
2024-04-10,SOL,4,0.007262658746789481,0.0,0.0,mark,175.5,0.0,1.0464189579293157
2024-04-10,SOL,4,-0.03144876666249199,0.0,0.0,mark,162.28,0.0,1.0140224573192416
2024-04-10,SOL,4,0.02630689507206708,0.0,0.0,mark,173.31,0.0,1.0410522153925486
2024-04-11,SOL,4,-2.3539609012511302e-05,0.0,0.0,mark,173.3,0.0,1.0410277097188647
2024-04-11,SOL,4,-0.00013403648987820062,0.00013402750738922847,0.0,funding,173.3,0.0,1.040888183369808
2024-04-11,SOL,4,-0.00763346328893675,0.0,0.0,mark,170.07,0.0,1.0329728507699185
2024-04-11,SOL,4,0.014718304951451771,0.0,0.0,mark,176.32,0.0,1.0482888968223363
2024-04-11,SOL,4,-0.009276744986666311,0.0,0.0,mark,172.37,0.0,1.0386091557172081
2024-04-12,SOL,4,0.0,0.0,0.0,mark,172.37,0.0,1.0386091557172081
2024-04-12,SOL,4,-0.00013362761558596145,0.00013361868781389317,0.0,funding,172.37,0.0,1.0384703781246698
2024-04-12,SOL,4,0.008482745319724237,0.0,0.0,mark,175.98,0.0,1.0473169263245463
2024-04-12,SOL,4,-0.08539237751362451,0.0,0.0,mark,141.0,0.0,0.961596079778374
2024-04-12,SOL,4,0.03051853399318568,0.0,0.0,mark,153.16,0.0,0.9913949789779583
2024-04-13,SOL,4,0.0,0.0,0.0,mark,153.16,0.0,0.9913949789779583
2024-04-13,SOL,4,-0.00012438938504875634,0.00012438164900990941,0.0,funding,153.16,0.0,0.9912716676356528
2024-04-13,SOL,4,0.004538432649788536,0.0,0.0,mark,155.0,0.0,0.9957807115934846
2024-04-13,SOL,4,-0.1009005675373759,0.0,0.0,mark,116.0,0.0,0.9002085842263972
2024-04-13,SOL,4,0.059370491954799154,0.0,0.0,mark,138.47,0.0,0.9552728329940499
2024-04-14,SOL,4,0.0,0.0,0.0,mark,138.47,0.0,0.9552728329940499
2024-04-14,SOL,4,-0.00011671086181777735,0.00011670405137020706,0.0,funding,138.47,0.0,0.9551613487842756
2024-04-14,SOL,4,-0.02079079596421811,0.0,0.0,mark,130.45,0.0,0.935507798489813
2024-04-14,SOL,4,0.05699518903721602,0.0,0.0,mark,152.84,0.0,0.9903760018679948
2024-04-14,SOL,4,-0.003942025060645549,0.0,0.0,mark,151.25,0.0,0.9864795997522596
2024-04-15,SOL,4,2.4841232718498983e-05,0.0,0.0,mark,151.26,0.0,0.9865041054259435
2024-04-15,SOL,4,-0.0001234552815994693,0.00012344766130982572,0.0,funding,151.26,0.0,0.9863823238012561
2024-04-15,SOL,4,0.011854571816088106,0.0,0.0,mark,156.06,0.0,0.998145047169513
2024-04-15,SOL,4,-0.056824599485809195,0.0,0.0,mark,133.56,0.0,0.9430072813808087
2024-04-15,SOL,4,0.012781399138742986,0.0,0.0,mark,138.51,0.0,0.9551375898543236
2024-04-16,SOL,4,0.0,0.0,0.0,mark,138.51,0.0,0.9551375898543236
2024-04-16,SOL,4,-0.00011676110966329859,0.00011675429335028242,0.0,funding,138.51,0.0,0.9550260734399679
2024-04-16,SOL,4,0.005271974976848524,0.0,0.0,mark,140.57,0.0,0.9600742422188449
2024-04-16,SOL,4,-0.036838894174951994,0.0,0.0,mark,126.4,0.0,0.9253497026088031
2024-04-16,SOL,4,0.025673517996904663,0.0,0.0,mark,136.22,0.0,0.949414274166362
2024-04-17,SOL,4,-2.5811693186515526e-05,0.0,0.0,mark,136.21,0.0,0.9493897684926782
2024-04-17,SOL,4,-0.00011551734468767522,0.00011551067281615088,0.0,funding,136.21,0.0,0.9492801038417549
2024-04-17,SOL,4,0.016792852850486876,0.0,0.0,mark,142.77,0.0,0.9653558257783726
2024-04-17,SOL,4,-0.04119950445112902,0.0,0.0,mark,126.87,0.0,0.9263918046210216
2024-04-17,SOL,4,0.013061378089088138,0.0,0.0,mark,131.84,0.0,0.9385711244419043
2024-04-18,SOL,4,0.0,0.0,0.0,mark,131.84,0.0,0.9385711244419043
2024-04-18,SOL,4,-0.00011309990294687761,0.00011309350739398093,0.0,funding,131.84,0.0,0.9384649781415024
2024-04-18,SOL,4,0.03189163410137504,0.0,0.0,mark,144.25,0.0,0.9688765191831833
2024-04-18,SOL,4,-0.04297227641882865,0.0,0.0,mark,127.62,0.0,0.9281235838469098
2024-04-18,SOL,4,0.03744317208064997,0.0,0.0,mark,142.07,0.0,0.9635342823201
2024-04-19,SOL,4,2.543278688794107e-05,0.0,0.0,mark,142.08,0.0,0.9635587879937839
2024-04-19,SOL,4,-0.0001187239068982946,0.00011871685949413071,0.0,funding,142.08,0.0,0.9634443973205353
2024-04-19,SOL,4,0.013666779025158133,0.0,0.0,mark,147.49,0.0,0.9767019667835082
2024-04-19,SOL,4,-0.04881882194303079,0.0,0.0,mark,128.5,0.0,0.9301656924578418
2024-04-19,SOL,4,0.03621976299198269,0.0,0.0,mark,142.5,0.0,0.9644736356152578
2024-04-20,SOL,4,0.0,0.0,0.0,mark,142.5,0.0,0.9644736356152578
2024-04-20,SOL,4,-0.00011896193056311184,0.00011895485487319445,0.0,funding,142.5,0.0,0.9643589067939041
2024-04-20,SOL,4,0.024821226205884145,0.0,0.0,mark,152.39,0.0,0.9885950180672501
2024-04-20,SOL,4,-0.03206422040116031,0.0,0.0,mark,139.66,0.0,0.9573992954676854
2024-04-20,SOL,4,0.02915976553534115,0.0,0.0,mark,151.22,0.0,0.9857278542462375
2024-04-21,SOL,4,-2.4860795192908674e-05,0.0,0.0,mark,151.21,0.0,0.9857033485725537
2024-04-21,SOL,4,-0.00012351473464926525,0.00012350710701843865,0.0,funding,151.21,0.0,0.9855816072035931
2024-04-21,SOL,4,0.005677747149071913,0.0,0.0,mark,153.5,0.0,0.991193406477199
2024-04-21,SOL,4,-0.017005131751737467,0.0,0.0,mark,146.68,0.0,0.9744805370248006
2024-04-21,SOL,4,0.005317092723990955,0.0,0.0,mark,148.8,0.0,0.9796757398457808
2024-04-22,SOL,4,2.50137532237166e-05,0.0,0.0,mark,148.81,0.0,0.9797002455194647
2024-04-22,SOL,4,-0.0001222990614136758,0.000122291583188388,0.0,funding,148.81,0.0,0.97958043642539
2024-04-22,SOL,4,0.023951838967587707,0.0,0.0,mark,158.5,0.0,1.0033264342250587
2024-04-22,SOL,4,-0.02942036104825361,0.0,0.0,mark,146.63,0.0,0.9742381995623067
2024-04-22,SOL,4,0.025627390569742527,0.0,0.0,mark,156.95,0.0,0.999528054804059
2024-04-23,SOL,4,-2.451754503215583e-05,0.0,0.0,mark,156.94,0.0,0.9995035491303752
2024-04-23,SOL,4,-0.00012642542665398934,0.00012641743529649227,0.0,funding,156.94,0.0,0.9993771944551244
2024-04-23,SOL,4,0.0074753987656691525,0.0,0.0,mark,160.0,0.0,1.0068759306023882
2024-04-23,SOL,4,-0.01708458823271076,0.0,0.0,mark,153.04,0.0,0.9898199817184157
2024-04-23,SOL,4,0.004224631663416427,0.0,0.0,mark,154.75,0.0,0.9940104519183572
2024-04-24,SOL,4,0.0,0.0,0.0,mark,154.75,0.0,0.9940104519183572
2024-04-24,SOL,4,-0.00012535007364892746,0.0001253422176566832,0.0,funding,154.75,0.0,0.9938858604439399
2024-04-24,SOL,4,0.012374613064228417,0.0,0.0,mark,159.8,0.0,1.0062612256542935
2024-04-24,SOL,4,-0.03524408028811684,0.0,0.0,mark,145.58,0.0,0.9714141576758324
2024-04-24,SOL,4,0.0055345527506356455,0.0,0.0,mark,147.78,0.0,0.9768054058862834
2024-04-25,SOL,4,2.50872549920805e-05,0.0,0.0,mark,147.79,0.0,0.9768299115599672
2024-04-25,SOL,4,-0.00012181765054365179,0.00012181023107500517,0.0,funding,147.79,0.0,0.9767109236827192
2024-04-25,SOL,4,0.0045310088298141605,0.0,0.0,mark,149.6,0.0,0.9811464506194993
2024-04-25,SOL,4,-0.01893555599325495,0.0,0.0,mark,142.09,0.0,0.9627426896829141
2024-04-25,SOL,4,0.006975470809849494,0.0,0.0,mark,144.84,0.0,0.9694817499459779
2024-04-26,SOL,4,-2.5277405589582843e-05,0.0,0.0,mark,144.83,0.0,0.9694572442722941
2024-04-26,SOL,4,-0.00012028560515417307,0.00012027837113086037,0.0,funding,144.83,0.0,0.969340639534072
2024-04-26,SOL,4,0.003432287105913349,0.0,0.0,mark,146.19,0.0,0.9726734111550781
2024-04-26,SOL,4,-0.01894802236488613,0.0,0.0,mark,138.74,0.0,0.954416684260596
2024-04-26,SOL,4,0.0012573368605812447,0.0,0.0,mark,139.23,0.0,0.9556174622711056
2024-04-27,SOL,4,0.0,0.0,0.0,mark,139.23,0.0,0.9556174622711056
2024-04-27,SOL,4,-0.00011730914965960978,0.00011730226921043737,0.0,funding,139.23,0.0,0.955505366174284
2024-04-27,SOL,4,0.00972400647145325,0.0,0.0,mark,143.04,0.0,0.964842027847838
2024-04-27,SOL,4,-0.026143806991485653,0.0,0.0,mark,132.88,0.0,0.9399442633850276
2024-04-27,SOL,4,0.02174016073205506,0.0,0.0,mark,141.31,0.0,0.9606025463005288
2024-04-28,SOL,4,0.0,0.0,0.0,mark,141.31,0.0,0.9606025463005288
2024-04-28,SOL,4,-0.00011844385937729401,0.00011843684518031843,0.0,funding,141.31,0.0,0.9604887755654727
2024-04-28,SOL,4,0.008915466272803808,0.0,0.0,mark,144.82,0.0,0.9690902670285106
2024-04-28,SOL,4,-0.019895412281813442,0.0,0.0,mark,137.03,0.0,0.950000347228777
2024-04-28,SOL,4,0.0024733007777018963,0.0,0.0,mark,137.99,0.0,0.9523528919024284
2024-04-29,SOL,4,0.0,0.0,0.0,mark,137.99,0.0,0.9523528919024284
2024-04-29,SOL,4,-0.00011666288448330673,0.00011665607963365324,0.0,funding,137.99,0.0,0.9522417941476313
2024-04-29,SOL,4,-0.011934640167088796,0.0,0.0,mark,133.38,0.0,0.9409446785793679
2024-04-29,SOL,4,0.014350782400044754,0.0,0.0,mark,138.93,0.0,0.954545327473915
2024-04-29,SOL,4,-0.002982466351959497,0.0,0.0,mark,137.77,0.0,0.9517026693265862
2024-04-30,SOL,4,5.1497265882395526e-05,0.0,0.0,mark,137.79,0.0,0.9517516806739539
2024-04-30,SOL,4,-0.00011656737788901149,0.00011656058417610587,0.0,funding,137.79,0.0,0.9516407439420639
2024-04-30,SOL,4,0.005085738041585089,0.0,0.0,mark,139.77,0.0,0.9564928673314699
2024-04-30,SOL,4,-0.04871908776344594,0.0,0.0,mark,121.21,0.0,0.9110103369742097
2024-04-30,SOL,4,0.014845352612915218,0.0,0.0,mark,126.77,0.0,0.9246354915424406
2024-05-01,SOL,4,-2.6503415293326614e-05,0.0,0.0,mark,126.76,0.0,0.9246109858687568
2024-05-01,SOL,4,-0.00011038366718404933,0.0001103775751312495,0.0,funding,126.76,0.0,0.9245089295501969
2024-05-01,SOL,4,0.024119437203697424,0.0,0.0,mark,135.97,0.0,0.9470786550130399
2024-05-01,SOL,4,-0.04633851059362456,0.0,0.0,mark,118.47,0.0,0.9041937260662699
2024-05-01,SOL,4,0.042891198541725434,0.0,0.0,mark,134.64,0.0,0.9438194004130853
2024-05-02,SOL,4,0.0,0.0,0.0,mark,134.64,0.0,0.9438194004130853
2024-05-02,SOL,4,-0.0001148597354613283,0.00011485313933437403,0.0,funding,134.64,0.0,0.9437109997919831
2024-05-02,SOL,4,0.016124853946356186,0.0,0.0,mark,140.9,0.0,0.959051551518085
2024-05-02,SOL,4,-0.033015644220578746,0.0,0.0,mark,128.19,0.0,0.9279048402658879
2024-05-02,SOL,4,0.02449619656758543,0.0,0.0,mark,137.58,0.0,0.9509156678550406
2024-05-03,SOL,4,0.0,0.0,0.0,mark,137.58,0.0,0.9509156678550406
2024-05-03,SOL,4,-0.00011649204391390788,0.00011648525897914971,0.0,funding,137.58,0.0,0.9508049001972031
2024-05-03,SOL,4,0.018943452271474842,0.0,0.0,mark,145.0,0.0,0.9689881100706336
2024-05-03,SOL,4,-0.0233345927537963,0.0,0.0,mark,135.88,0.0,0.9466389356709454
2024-05-03,SOL,4,0.0200161074827518,0.0,0.0,mark,143.69,0.0,0.9657778668180468
2024-05-04,SOL,4,2.537370510056744e-05,0.0,0.0,mark,143.7,0.0,0.9658023724917306
2024-05-04,SOL,4,-0.00011979872102662565,0.00011979154544643013,0.0,funding,143.7,0.0,0.965686677532934
2024-05-04,SOL,4,-0.0037627810041786004,0.0,0.0,mark,142.22,0.0,0.9620598378277215
2024-05-04,SOL,4,0.017473137213785857,0.0,0.0,mark,149.14,0.0,0.9790177640169585
2024-05-04,SOL,4,-0.007764607834018218,0.0,0.0,mark,146.05,0.0,0.9714455108486432
2024-05-05,SOL,4,0.0,0.0,0.0,mark,146.05,0.0,0.9714455108486432
2024-05-05,SOL,4,-0.00012105063410690224,0.00012104330777446883,0.0,funding,146.05,0.0,0.9713279238706873
2024-05-05,SOL,4,0.004907601330713116,0.0,0.0,mark,148.0,0.0,0.9761065302390417
2024-05-05,SOL,4,-0.012378003029339685,0.0,0.0,mark,143.1,0.0,0.9640987501339461
2024-05-05,SOL,4,0.006662746265811677,0.0,0.0,mark,145.73,0.0,0.9705437423128035
2024-05-06,SOL,4,2.5249108560203143e-05,0.0,0.0,mark,145.74,0.0,0.9705682479864874
2024-05-06,SOL,4,-0.00012090286906634686,0.00012089556060905609,0.0,funding,145.74,0.0,0.9704509105940378
2024-05-06,SOL,4,-0.0008589314257546788,0.0,0.0,mark,145.4,0.0,0.9696177176887862
2024-05-06,SOL,4,0.028625647814290292,0.0,0.0,mark,156.89,0.0,0.9977747367515512
2024-05-06,SOL,4,-0.010046349031945153,0.0,0.0,mark,152.82,0.0,0.9878009275622166
2024-05-07,SOL,4,-2.480861981122393e-05,0.0,0.0,mark,152.81,0.0,0.9877764218885328
2024-05-07,SOL,4,-0.00012455978085481342,0.000124552023607394,0.0,funding,152.81,0.0,0.9876533923363149
2024-05-07,SOL,4,0.01570607871294824,0.0,0.0,mark,159.19,0.0,1.003288012146623
2024-05-07,SOL,4,-0.028315311061383186,0.0,0.0,mark,147.76,0.0,0.9752780271259612
2024-05-07,SOL,4,0.0006781951724830237,0.0,0.0,mark,148.03,0.0,0.9759396803154257
2024-05-08,SOL,4,0.0,0.0,0.0,mark,148.03,0.0,0.9759396803154257
2024-05-08,SOL,4,-0.00012212679214907118,0.00012211933497587938,0.0,funding,148.03,0.0,0.9758204992106889
2024-05-08,SOL,4,0.009920446908266883,0.0,0.0,mark,152.0,0.0,0.9855492516631847
2024-05-08,SOL,4,-0.030292200504020098,0.0,0.0,mark,140.0,0.0,0.9561424432425425
2024-05-08,SOL,4,0.0055717304146130735,0.0,0.0,mark,142.18,0.0,0.9614846801056258
2024-05-09,SOL,4,-2.548765101341492e-05,0.0,0.0,mark,142.17,0.0,0.9614601744319419
2024-05-09,SOL,4,-0.00011905843906707635,0.0001190513518923905,0.0,funding,142.17,0.0,0.9613457112983851
2024-05-09,SOL,4,0.028199542803320925,0.0,0.0,mark,153.39,0.0,0.9888410771716857
2024-05-09,SOL,4,-0.03218406813977414,0.0,0.0,mark,140.61,0.0,0.9575228262037017
2024-05-09,SOL,4,0.030149858783037903,0.0,0.0,mark,152.57,0.0,0.9868316119296084
2024-05-10,SOL,4,-2.48329883877046e-05,0.0,0.0,mark,152.56,0.0,0.9868071062559246
2024-05-10,SOL,4,-0.00012447814540619747,0.00012447039832329596,0.0,funding,152.56,0.0,0.9866842779823407
2024-05-10,SOL,4,0.007891587164801652,0.0,0.0,mark,155.75,0.0,0.9945015878874948
2024-05-10,SOL,4,-0.028138137500666478,0.0,0.0,mark,144.49,0.0,0.9669081993194588
2024-05-10,SOL,4,0.0038449421065229346,0.0,0.0,mark,146.01,0.0,0.9706330617194068
2024-05-11,SOL,4,2.5246785121027377e-05,0.0,0.0,mark,146.02,0.0,0.9706575673930907
2024-05-11,SOL,4,-0.00012112401783462785,0.00012111668261696469,0.0,funding,146.02,0.0,0.970540004568571
2024-05-11,SOL,4,0.004232948545460425,0.0,0.0,mark,147.7,0.0,0.9746569577474609
2024-05-11,SOL,4,-0.01158225075260027,0.0,0.0,mark,143.12,0.0,0.9634333592002491
2024-05-11,SOL,4,0.005833182003787972,0.0,0.0,mark,145.42,0.0,0.9690696641475388
2024-05-12,SOL,4,0.0,0.0,0.0,mark,145.42,0.0,0.9690696641475388
2024-05-12,SOL,4,-0.00012082395445034037,0.00012081665553033949,0.0,funding,145.42,0.0,0.9689525843917406
2024-05-12,SOL,4,0.006001188723644926,0.0,0.0,mark,147.8,0.0,0.9747849347285014
2024-05-12,SOL,4,-0.01341353241049701,0.0,0.0,mark,142.5,0.0,0.961796927676051
2024-05-12,SOL,4,0.0023667488509159793,0.0,0.0,mark,143.43,0.0,0.9640759553286508
2024-05-13,SOL,4,-2.5419143591782323e-05,0.0,0.0,mark,143.42,0.0,0.9640514496549668
2024-05-13,SOL,4,-0.0001197824478322379,0.0001197752742013006,0.0,funding,143.42,0.0,0.9639359801282402
2024-05-13,SOL,4,0.01878759633658921,0.0,0.0,mark,150.88,0.0,0.9822172126964062
2024-05-13,SOL,4,-0.03322967955806223,0.0,0.0,mark,137.78,0.0,0.9501147801705383
2024-05-13,SOL,4,0.024861684939407495,0.0,0.0,mark,147.54,0.0,0.974032317685994
2024-05-14,SOL,4,-2.5159310952127336e-05,0.0,0.0,mark,147.53,0.0,0.9740078120123101
2024-05-14,SOL,4,-0.00012195568558133707,0.00012194824928907592,0.0,funding,147.53,0.0,0.9738890334648413
2024-05-14,SOL,4,-0.014472117145470819,0.0,0.0,mark,141.82,0.0,0.9598962937913523
2024-05-14,SOL,4,0.01838981351705391,0.0,0.0,mark,149.09,0.0,0.9777119185595248
2024-05-14,SOL,4,-0.017853837650403954,0.0,0.0,mark,142.03,0.0,0.9604109129387135
2024-05-15,SOL,4,0.0,0.0,0.0,mark,142.03,0.0,0.9604109129387135
2024-05-15,SOL,4,-0.00011907114343850552,0.00011906405475121793,0.0,funding,142.03,0.0,0.9602965625211917
2024-05-15,SOL,4,0.04210048508541392,0.0,0.0,mark,158.88,0.0,1.0015886226785102
2024-05-15,SOL,4,-0.044195224052459375,0.0,0.0,mark,141.21,0.0,0.9582870972791144
2024-05-15,SOL,4,0.04331403092997261,0.0,0.0,mark,158.52,0.0,1.000706418425891
2024-05-16,SOL,4,0.0,0.0,0.0,mark,158.52,0.0,1.000706418425891
2024-05-16,SOL,4,-0.00012754479546103347,0.00012753666196939947,0.0,funding,158.52,0.0,1.0005787916696736
2024-05-16,SOL,4,0.015239456730734945,0.0,0.0,mark,164.79,0.0,1.0159438490694592
2024-05-16,SOL,4,-0.02029747559939739,0.0,0.0,mark,156.46,0.0,0.9955306228907967
2024-05-16,SOL,4,0.007137632320587358,0.0,0.0,mark,159.37,0.0,1.0026617739328025
2024-05-17,SOL,4,-2.444091695999447e-05,0.0,0.0,mark,159.36,0.0,1.0026372682591187
2024-05-17,SOL,4,-0.00012797376117633467,0.00012796557288384934,0.0,funding,159.36,0.0,1.0025089652066912
2024-05-17,SOL,4,0.03516105999902415,0.0,0.0,mark,174.0,0.0,1.0383852714798747
2024-05-17,SOL,4,-0.03525884215424781,0.0,0.0,mark,159.32,0.0,1.0024109425119556
2024-05-17,SOL,4,0.024439014409480226,0.0,0.0,mark,169.44,0.0,1.0272106842800306
2024-05-18,SOL,4,-2.385680598301324e-05,0.0,0.0,mark,169.43,0.0,1.0271861786063468
2024-05-18,SOL,4,-0.00013280904389348453,0.00013280022516289132,0.0,funding,169.43,0.0,1.0270497680505437
2024-05-18,SOL,4,0.015695530054145937,0.0,0.0,mark,176.06,0.0,1.0432970297029485
2024-05-18,SOL,4,-0.017558364271044,0.0,0.0,mark,168.65,0.0,1.0251383255032018
2024-05-18,SOL,4,0.00892433997888716,0.0,0.0,mark,172.4,0.0,1.0343279531346525
2024-05-19,SOL,4,0.0,0.0,0.0,mark,172.4,0.0,1.0343279531346525
2024-05-19,SOL,4,-0.00013420410774388702,0.00013419510277552514,0.0,funding,172.4,0.0,1.034189151388678
2024-05-19,SOL,4,0.007318770723284695,0.0,0.0,mark,175.5,0.0,1.0417859102306772
2024-05-19,SOL,4,-0.022696331482014435,0.0,0.0,mark,165.96,0.0,1.0184074975362667
2024-05-19,SOL,4,0.009507566841980867,0.0,0.0,mark,169.93,0.0,1.0281362499887625
2024-05-20,SOL,4,0.0,0.0,0.0,mark,169.93,0.0,1.0281362499887625
2024-05-20,SOL,4,-0.00013307790351284242,0.00013306904904144328,0.0,funding,169.93,0.0,1.0279994368756915
2024-05-20,SOL,4,-0.005881463336671218,0.0,0.0,mark,167.47,0.0,1.0219710411494598
2024-05-20,SOL,4,0.04878622925697034,0.0,0.0,mark,188.32,0.0,1.0730653707803257
2024-05-20,SOL,4,-0.0037064665174433753,0.0,0.0,mark,186.7,0.0,1.069095451643539
2024-05-21,SOL,4,-2.292213899938228e-05,0.0,0.0,mark,186.69,0.0,1.069070945969855
2024-05-21,SOL,4,-0.00014060563566854645,0.0001405957511593787,0.0,funding,186.69,0.0,1.0689206391371637
2024-05-21,SOL,4,0.005030960957451472,0.0,0.0,mark,188.89,0.0,1.0743118873476147
2024-05-21,SOL,4,-0.033681876500936854,0.0,0.0,mark,174.37,0.0,1.0387296491586375
2024-05-21,SOL,4,0.008878234409567467,0.0,0.0,mark,178.15,0.0,1.0479927938111397
2024-05-22,SOL,4,0.0,0.0,0.0,mark,178.15,0.0,1.0479927938111397
2024-05-22,SOL,4,-0.00013687209634244852,0.0001368627297844639,0.0,funding,178.15,0.0,1.0478493626565843
2024-05-22,SOL,4,0.015892883418676236,0.0,0.0,mark,185.0,0.0,1.0646357491300342
2024-05-22,SOL,4,-0.023381188431480154,0.0,0.0,mark,174.96,0.0,1.0400320527514302
2024-05-22,SOL,4,0.004677963143330339,0.0,0.0,mark,176.95,0.0,1.04490868181452
2024-05-23,SOL,4,2.3452179846727542e-05,0.0,0.0,mark,176.96,0.0,1.0449331874882037
2024-05-23,SOL,4,-0.00013635587777739754,0.00013634658173724429,0.0,funding,176.96,0.0,1.044790714419946
2024-05-23,SOL,4,0.009524182610224823,0.0,0.0,mark,181.04,0.0,1.0547890292829643
2024-05-23,SOL,4,-0.037133202577720105,0.0,0.0,mark,165.35,0.0,1.0163396272729746
2024-05-23,SOL,4,0.025730849078685374,0.0,0.0,mark,176.16,0.0,1.0428302605252364
2024-05-24,SOL,4,-2.349947306655486e-05,0.0,0.0,mark,176.15,0.0,1.0428057548515526
2024-05-24,SOL,4,-0.00013600861855298494,0.0001359993698001774,0.0,funding,176.15,0.0,1.0426639339260688
2024-05-24,SOL,4,0.0,0.0,0.0,mark,176.15,0.0,1.0426639339260688
2024-05-24,SOL,4,-0.03260741085016256,0.0,0.0,mark,162.5,0.0,1.0092136893475883
2024-05-24,SOL,4,0.012547561690970849,0.0,0.0,mark,167.7,0.0,1.0219566396631998
2024-05-25,SOL,4,0.0,0.0,0.0,mark,167.7,0.0,1.0219566396631998
2024-05-25,SOL,4,-0.00013212559345430854,0.00013211686525239447,0.0,funding,167.7,0.0,1.0218216219555436
2024-05-25,SOL,4,-0.004326165596757907,0.0,0.0,mark,165.9,0.0,1.0174106006924473
2024-05-25,SOL,4,0.011137880038833203,0.0,0.0,mark,170.55,0.0,1.0288057389554461
2024-05-25,SOL,4,-0.005254076082752007,0.0,0.0,mark,168.35,0.0,1.023414490744995
2024-05-26,SOL,4,0.0,0.0,0.0,mark,168.35,0.0,1.023414490744995
2024-05-26,SOL,4,-0.00013244878751584842,0.0001324400165623856,0.0,funding,168.35,0.0,1.0232789497128905
2024-05-26,SOL,4,0.0001197337570652639,0.0,0.0,mark,168.4,0.0,1.0234014780813099
2024-05-26,SOL,4,-0.017878405713977072,0.0,0.0,mark,161.0,0.0,1.005267279555247
2024-05-26,SOL,4,0.005857732435464475,0.0,0.0,mark,163.41,0.0,1.0111731469130594
2024-05-27,SOL,4,2.4234599996258784e-05,0.0,0.0,mark,163.42,0.0,1.0111976525867432
2024-05-27,SOL,4,-0.0001301233023747104,0.00013011483670508038,0.0,funding,163.42,0.0,1.0110660807693004
2024-05-27,SOL,4,0.021247063551187464,0.0,0.0,mark,172.28,0.0,1.0327781076532079
2024-05-27,SOL,4,-0.021634938124708236,0.0,0.0,mark,163.26,0.0,1.0106739899903583
2024-05-27,SOL,4,0.016568076818732378,0.0,0.0,mark,170.15,0.0,1.0275583991585437
2024-05-28,SOL,4,0.0,0.0,0.0,mark,170.15,0.0,1.0275583991585437
2024-05-28,SOL,4,-0.00013332514308238443,0.0001333162556805524,0.0,funding,170.15,0.0,1.027421408920275
2024-05-28,SOL,4,0.007343126318590527,0.0,0.0,mark,173.24,0.0,1.0349936620885902
2024-05-28,SOL,4,-0.0198959864994069,0.0,0.0,mark,164.92,0.0,1.0146049415836116
2024-05-28,SOL,4,0.009040509714507431,0.0,0.0,mark,168.68,0.0,1.0238190748887461
2024-05-29,SOL,4,0.0,0.0,0.0,mark,168.68,0.0,1.0238190748887461
2024-05-29,SOL,4,-0.00013265598504532352,0.00013264718662916983,0.0,funding,168.68,0.0,1.0236832681688448
2024-05-29,SOL,4,0.01248951169386943,0.0,0.0,mark,173.93,0.0,1.0365487468528758
2024-05-29,SOL,4,-0.01651932653805554,0.0,0.0,mark,167.0,0.0,1.0195663149899548
2024-05-29,SOL,4,0.00316764913547748,0.0,0.0,mark,168.32,0.0,1.0228010639162255
2024-05-30,SOL,4,0.0,0.0,0.0,mark,168.32,0.0,1.0228010639162255
2024-05-30,SOL,4,-0.00013250461106615363,0.00013249583271794278,0.0,funding,168.32,0.0,1.0226655470375572
2024-05-30,SOL,4,0.011152057120662535,0.0,0.0,mark,173.0,0.0,1.0341342023216078
2024-05-30,SOL,4,-0.022648019267987367,0.0,0.0,mark,163.55,0.0,1.010976340690352
2024-05-30,SOL,4,0.008039387959301949,0.0,0.0,mark,166.88,0.0,1.0191367300270802
2024-05-31,SOL,4,0.0,0.0,0.0,mark,166.88,0.0,1.0191367300270802
2024-05-31,SOL,4,-0.00013184332096256092,0.00013183463001400648,0.0,funding,166.88,0.0,1.0190023725133435
2024-05-31,SOL,4,-0.007749580549461545,0.0,0.0,mark,163.67,0.0,1.0111360512608216
2024-05-31,SOL,4,0.017465991713698167,0.0,0.0,mark,170.94,0.0,1.028951676028994
2024-05-31,SOL,4,-0.012678783713448372,0.0,0.0,mark,165.65,0.0,1.0159881746502275
2024-06-01,SOL,4,0.0,0.0,0.0,mark,165.65,0.0,1.0159881746502275
2024-06-01,SOL,4,-0.00013127709594276828,0.00013126847948172844,0.0,funding,165.65,0.0,1.0158548074273697
2024-06-01,SOL,4,0.0055330018056380425,0.0,0.0,mark,167.95,0.0,1.0214911123746595
2024-06-01,SOL,4,-0.005557125301522608,0.0,0.0,mark,165.64,0.0,1.0158303017536858
2024-06-01,SOL,4,0.0012054624809874803,0.0,0.0,mark,166.14,0.0,1.0170555854378793
2024-06-02,SOL,4,0.0,0.0,0.0,mark,166.14,0.0,1.0170555854378793
2024-06-02,SOL,4,-0.00013152725155311828,0.0001315186022234096,0.0,funding,166.14,0.0,1.016921823708899
2024-06-02,SOL,4,-0.011683167803699554,0.0,0.0,mark,161.32,0.0,1.0051100889932745
2024-06-02,SOL,4,0.013993893783410243,0.0,0.0,mark,167.1,0.0,1.0192743683825505
2024-06-02,SOL,4,-0.009542079426311995,0.0,0.0,mark,163.15,0.0,1.0095946272774223
2024-06-03,SOL,4,-2.427307994414963e-05,0.0,0.0,mark,163.14,0.0,1.0095701216037385
2024-06-03,SOL,4,-0.00013010976401830494,0.00013010130010999933,0.0,funding,163.14,0.0,1.0094387752183656
2024-06-03,SOL,4,0.009832055452123574,0.0,0.0,mark,167.21,0.0,1.0194125844077002
2024-06-03,SOL,4,-0.01311476961497726,0.0,0.0,mark,161.79,0.0,1.0061305092710433
2024-06-03,SOL,4,0.007522108484154233,0.0,0.0,mark,164.89,0.0,1.0137272681130425
2024-06-04,SOL,4,2.4173540814517783e-05,0.0,0.0,mark,164.9,0.0,1.0137517737867263
2024-06-04,SOL,4,-0.00013097099768948734,0.00013096242136274841,0.0,funding,164.9,0.0,1.0136190103997704
2024-06-04,SOL,4,0.01671055877822468,0.0,0.0,mark,171.87,0.0,1.0306994649574268
2024-06-04,SOL,4,-0.018137985542726387,0.0,0.0,mark,164.31,0.0,1.0121731756524222
2024-06-04,SOL,4,0.01792398071300416,0.0,0.0,mark,171.78,0.0,1.030478913894272
2024-06-05,SOL,4,0.0,0.0,0.0,mark,171.78,0.0,1.030478913894272
2024-06-05,SOL,4,-0.00013422094800434766,0.00013421194077580895,0.0,funding,171.78,0.0,1.0303406113193097
2024-06-05,SOL,4,0.009044482573374799,0.0,0.0,mark,175.6,0.0,1.0397017786665474
2024-06-05,SOL,4,-0.013287030550816231,0.0,0.0,mark,170.0,0.0,1.025978601403581
2024-06-05,SOL,4,0.008419804064352396,0.0,0.0,mark,173.54,0.0,1.0346536098876704
2024-06-06,SOL,4,2.3684625701800463e-05,0.0,0.0,mark,173.55,0.0,1.0346781155613543
2024-06-06,SOL,4,-0.00013505365694407474,0.0001350445376095373,0.0,funding,173.55,0.0,1.0345383879336636
2024-06-06,SOL,4,0.002011416992078012,0.0,0.0,mark,174.4,0.0,1.0366213701967923
2024-06-06,SOL,4,-0.016422029529912167,0.0,0.0,mark,167.51,0.0,1.019736961028607
2024-06-06,SOL,4,0.006324240790256358,0.0,0.0,mark,170.15,0.0,1.0262064588811481
2024-06-07,SOL,4,0.0,0.0,0.0,mark,170.15,0.0,1.0262064588811481
2024-06-07,SOL,4,-0.0001335007994149897,0.000133491888579884,0.0,funding,170.15,0.0,1.0260694686428793
2024-06-07,SOL,4,0.006427722742393022,0.0,0.0,mark,172.85,0.0,1.0326860005375238
2024-06-07,SOL,4,-0.048448877618174374,0.0,0.0,mark,152.92,0.0,0.9838461928855737
2024-06-07,SOL,4,0.023581650189991386,0.0,0.0,mark,162.5,0.0,1.0073226282747199
2024-06-08,SOL,4,2.4327236299099675e-05,0.0,0.0,mark,162.51,0.0,1.0073471339484037
2024-06-08,SOL,4,-0.00012989331736407305,0.0001298848815923614,0.0,funding,162.51,0.0,1.0072162947851884
2024-06-08,SOL,4,0.0030851587640483747,0.0,0.0,mark,163.78,0.0,1.0103285153430397
2024-06-08,SOL,4,-0.015669684440891486,0.0,0.0,mark,157.37,0.0,0.99462037851168
2024-06-08,SOL,4,0.0011327162612980394,0.0,0.0,mark,157.83,0.0,0.9957476395011379
2024-06-09,SOL,4,0.0,0.0,0.0,mark,157.83,0.0,0.9957476395011379
2024-06-09,SOL,4,-0.0001276220307867016,0.00012761388744174243,0.0,funding,157.83,0.0,0.9956205682739502
2024-06-09,SOL,4,0.012742089810353954,0.0,0.0,mark,163.04,0.0,1.0083880242632457
2024-06-09,SOL,4,-0.01597166340872031,0.0,0.0,mark,156.52,0.0,0.9924103250213634
2024-06-09,SOL,4,0.013733392047067635,0.0,0.0,mark,162.12,0.0,1.0061335022843299
2024-06-10,SOL,4,0.0,0.0,0.0,mark,162.12,0.0,1.0061335022843299
2024-06-10,SOL,4,-0.00012973788812617877,0.0001297294725302162,0.0,funding,162.12,0.0,1.0060029771157835
2024-06-10,SOL,4,0.002578773220899546,0.0,0.0,mark,163.18,0.0,1.0086005785262735
2024-06-10,SOL,4,-0.013995194405973403,0.0,0.0,mark,157.46,0.0,0.9945833331791006
2024-06-10,SOL,4,0.0039099686721769935,0.0,0.0,mark,159.05,0.0,0.9984797352948358
2024-06-11,SOL,4,-2.4543286702568985e-05,0.0,0.0,mark,159.04,0.0,0.9984552296211519
2024-06-11,SOL,4,-0.00012825174647467083,0.00012824352257096182,0.0,funding,159.04,0.0,0.9983271842053758
2024-06-11,SOL,4,-0.03456316609928746,0.0,0.0,mark,145.2,0.0,0.9644113318269016
2024-06-11,SOL,4,0.036304467399263025,0.0,0.0,mark,159.75,0.0,1.0000670870369304
2024-06-11,SOL,4,-0.02591512181913333,0.0,0.0,mark,149.31,0.0,0.9744831637109715
2024-06-12,SOL,4,0.0,0.0,0.0,mark,149.31,0.0,0.9744831637109715
2024-06-12,SOL,4,-0.00012336700216832998,0.00012335939277262838,0.0,funding,149.31,0.0,0.974362952059629
2024-06-12,SOL,4,0.031027163303851697,0.0,0.0,mark,161.84,0.0,1.0050685611855164
2024-06-12,SOL,4,-0.04080806770054213,0.0,0.0,mark,145.44,0.0,0.9648792563439719
2024-06-12,SOL,4,0.024535439115659082,0.0,0.0,mark,155.22,0.0,0.9888458052067953
2024-06-13,SOL,4,-2.4782405113958917e-05,0.0,0.0,mark,155.21,0.0,0.9888212995331115
2024-06-13,SOL,4,-0.00012638251605651506,0.00012637453012272944,0.0,funding,155.21,0.0,0.9886963377060076
2024-06-13,SOL,4,0.0,0.0,0.0,mark,155.21,0.0,0.9886963377060076
2024-06-13,SOL,4,-0.023016258838842594,0.0,0.0,mark,146.03,0.0,0.9662001292642163
2024-06-13,SOL,4,0.0031906346575459998,0.0,0.0,mark,147.29,0.0,0.9692878441483836
2024-06-14,SOL,4,0.0,0.0,0.0,mark,147.29,0.0,0.9692878441483836
2024-06-14,SOL,4,-0.0001223502134208565,0.00012234272893866534,0.0,funding,147.29,0.0,0.9691692588284034
2024-06-14,SOL,4,-0.01945538462138632,0.0,0.0,mark,139.67,0.0,0.9504959354812955
2024-06-14,SOL,4,0.023769839362020213,0.0,0.0,mark,149.0,0.0,0.9733597290283449
2024-06-14,SOL,4,-0.015093278274406341,0.0,0.0,mark,143.05,0.0,0.9587788531864431
2024-06-15,SOL,4,-2.5559582150960295e-05,0.0,0.0,mark,143.04,0.0,0.9587543475127591
2024-06-15,SOL,4,-0.00012012514014775444,0.0001201179254120073,0.0,funding,143.04,0.0,0.9586391839295562
2024-06-15,SOL,4,0.0069798404880641015,0.0,0.0,mark,145.78,0.0,0.9653537385189361
2024-06-15,SOL,4,-0.00728664329969651,0.0,0.0,mark,142.92,0.0,0.9583451158453496
2024-06-15,SOL,4,0.0066264108416563645,0.0,0.0,mark,145.52,0.0,0.9647165910031555
2024-06-16,SOL,4,0.0,0.0,0.0,mark,145.52,0.0,0.9647165910031555
2024-06-16,SOL,4,-0.00012145264547200407,0.00012144527039798081,0.0,funding,145.52,0.0,0.9645994307359037
2024-06-16,SOL,4,0.01470251655646803,0.0,0.0,mark,151.35,0.0,0.978886238493599
2024-06-16,SOL,4,-0.020920635409928768,0.0,0.0,mark,143.08,0.0,0.9586200463570398
2024-06-16,SOL,4,0.020795456372005538,0.0,0.0,mark,151.3,0.0,0.9787637101251797
2024-06-17,SOL,4,0.0,0.0,0.0,mark,151.3,0.0,0.9787637101251797
2024-06-17,SOL,4,-0.00012446457599435428,0.00012445683060033726,0.0,funding,151.3,0.0,0.9786418962959109
2024-06-17,SOL,4,0.0012262319336039176,0.0,0.0,mark,151.79,0.0,0.9798426743064205
2024-06-17,SOL,4,-0.030316647051757746,0.0,0.0,mark,139.85,0.0,0.9505828999278814
2024-06-17,SOL,4,0.008777993267160946,0.0,0.0,mark,143.27,0.0,0.9589638403277645
2024-06-18,SOL,4,2.5553998540493093e-05,0.0,0.0,mark,143.28,0.0,0.9589883460014483
2024-06-18,SOL,4,-0.00012029734237185803,0.00012029010693670796,0.0,funding,143.28,0.0,0.9588729891907568
2024-06-18,SOL,4,0.0013791128847469656,0.0,0.0,mark,143.82,0.0,0.9601962955696857
2024-06-18,SOL,4,-0.041345735862756465,0.0,0.0,mark,127.95,0.0,0.9213057914333862
2024-06-18,SOL,4,0.024851147545161215,0.0,0.0,mark,137.41,0.0,0.9444881587383258
2024-06-19,SOL,4,0.0,0.0,0.0,mark,137.41,0.0,0.9444881587383258
2024-06-19,SOL,4,-0.00011713992082396625,0.00011713306021127961,0.0,funding,137.41,0.0,0.9443775279499594
2024-06-19,SOL,4,0.011583759532107647,0.0,0.0,mark,141.9,0.0,0.9553805754340164
2024-06-19,SOL,4,-0.01924202191168749,0.0,0.0,mark,134.47,0.0,0.937172859886902
2024-06-19,SOL,4,0.003002566406205969,0.0,0.0,mark,135.62,0.0,0.9399910123605469
2024-06-20,SOL,4,0.0,0.0,0.0,mark,135.62,0.0,0.9399910123605469
2024-06-20,SOL,4,-0.00011616704218714378,0.00011616029505753072,0.0,funding,135.62,0.0,0.9398818227271997
2024-06-20,SOL,4,0.01467526204430934,0.0,0.0,mark,141.29,0.0,0.9537765397059531
2024-06-20,SOL,4,-0.024421815156124387,0.0,0.0,mark,131.9,0.0,0.9307657121168006
2024-06-20,SOL,4,0.0043347952153326265,0.0,0.0,mark,133.55,0.0,0.9348091482746389
2024-06-21,SOL,4,0.0,0.0,0.0,mark,133.55,0.0,0.9348091482746389
2024-06-21,SOL,4,-0.00011502800401110849,0.00011502138854390177,0.0,funding,133.55,0.0,0.9347016252283809
2024-06-21,SOL,4,0.004786355802649932,0.0,0.0,mark,135.38,0.0,0.9391861635125288
2024-06-21,SOL,4,-0.0174241281849162,0.0,0.0,mark,128.76,0.0,0.9229634075338078
2024-06-21,SOL,4,0.015386842756502808,0.0,0.0,mark,134.6,0.0,0.937274720965187
2024-06-22,SOL,4,2.6145326213052977e-05,0.0,0.0,mark,134.61,0.0,0.937299226638871
2024-06-22,SOL,4,-0.00011563301308185383,0.00011562632784269973,0.0,funding,134.61,0.0,0.937190850171205
2024-06-22,SOL,4,0.005554073207360877,0.0,0.0,mark,136.74,0.0,0.942410558665869
2024-06-22,SOL,4,-0.009772788746979908,0.0,0.0,mark,133.0,0.0,0.9332454367081021
2024-06-22,SOL,4,0.0018102006749935976,0.0,0.0,mark,133.69,0.0,0.934936328192289
2024-06-23,SOL,4,2.6210718089078642e-05,0.0,0.0,mark,133.7,0.0,0.9349608338659728
2024-06-23,SOL,4,-0.00011513852413162182,0.00011513189594623614,0.0,funding,133.7,0.0,0.9348531900525344
2024-06-23,SOL,4,0.003637039515852375,0.0,0.0,mark,135.09,0.0,0.9382594786945921
2024-06-23,SOL,4,-0.018106153237337455,0.0,0.0,mark,128.22,0.0,0.9214240808737744
2024-06-23,SOL,4,0.0012492048347456956,0.0,0.0,mark,128.69,0.0,0.9225758475369162
2024-06-24,SOL,4,-2.656258476493863e-05,0.0,0.0,mark,128.68,0.0,0.9225513418632324
2024-06-24,SOL,4,-0.00011230589718067597,0.0001122995911094031,0.0,funding,128.68,0.0,0.9224477397247637
2024-06-24,SOL,4,0.010517730758773942,0.0,0.0,mark,132.66,0.0,0.9322009978509433
2024-06-24,SOL,4,-0.028423114821073386,0.0,0.0,mark,122.0,0.0,0.9060779497039394
2024-06-24,SOL,4,0.027555235248151976,0.0,0.0,mark,132.33,0.0,0.9313923106193757
2024-06-25,SOL,4,2.6310450524671654e-05,0.0,0.0,mark,132.34,0.0,0.9314168162930595
2024-06-25,SOL,4,-0.00011440093260761963,0.00011439438907041444,0.0,funding,132.34,0.0,0.9313102674353897
2024-06-25,SOL,4,0.01969743994775171,0.0,0.0,mark,139.9,0.0,0.9498365567403944
2024-06-25,SOL,4,-0.022701643101270933,0.0,0.0,mark,131.2,0.0,0.9285166206354286
2024-06-25,SOL,4,0.014099186107510757,0.0,0.0,mark,136.58,0.0,0.94170067307735
2024-06-26,SOL,4,-2.6023123103783872e-05,0.0,0.0,mark,136.57,0.0,0.941676167403666
2024-06-26,SOL,4,-0.000116771471830161,0.00011676465430723643,0.0,funding,136.57,0.0,0.9415662129115098
2024-06-26,SOL,4,-0.004486607907373243,0.0,0.0,mark,134.85,0.0,0.9373512370378844
2024-06-26,SOL,4,0.014431172667135743,0.0,0.0,mark,140.41,0.0,0.9509763916061154
2024-06-26,SOL,4,-0.009320123747235719,0.0,0.0,mark,136.81,0.0,0.9421543490799227
2024-06-27,SOL,4,0.0,0.0,0.0,mark,136.81,0.0,0.9421543490799227
2024-06-27,SOL,4,-0.00011691731717392015,0.00011691048261085315,0.0,funding,136.81,0.0,0.9420442013602779
2024-06-27,SOL,4,0.036774593798380543,0.0,0.0,mark,151.21,0.0,0.9773323714650487
2024-06-27,SOL,4,-0.04097152911334428,0.0,0.0,mark,135.2,0.0,0.938098787897175
2024-06-27,SOL,4,0.03720333195196788,0.0,0.0,mark,149.71,0.0,0.9736565204124684
2024-06-28,SOL,4,0.0,0.0,0.0,mark,149.71,0.0,0.9736565204124684
2024-06-28,SOL,4,-0.00012380254840701758,0.00012379488518784817,0.0,funding,149.71,0.0,0.9735359867153116
2024-06-28,SOL,4,0.0028403780875589308,0.0,0.0,mark,150.84,0.0,0.9763051278415887
2024-06-28,SOL,4,-0.03014359011151384,0.0,0.0,mark,139.01,0.0,0.9473149158735722
2024-06-28,SOL,4,0.0026351182458721734,0.0,0.0,mark,140.03,0.0,0.9498144945893268
2024-06-29,SOL,4,0.0,0.0,0.0,mark,140.03,0.0,0.9498144945893268
2024-06-29,SOL,4,-0.00011870410547157109,0.00011869706041801131,0.0,funding,140.03,0.0,0.9497017544008766
2024-06-29,SOL,4,0.008300005084290461,0.0,0.0,mark,143.26,0.0,0.9576170870007661
2024-06-29,SOL,4,-0.009229364490479607,0.0,0.0,mark,139.67,0.0,0.9488195501482573
2024-06-29,SOL,4,0.0015742400964094691,0.0,0.0,mark,140.28,0.0,0.9503143962429733
2024-06-30,SOL,4,0.0,0.0,0.0,mark,140.28,0.0,0.9503143962429733
2024-06-30,SOL,4,-0.00011885348618010656,0.00011884642338434011,0.0,funding,140.28,0.0,0.9502014547758892
2024-06-30,SOL,4,0.01875290312979558,0.0,0.0,mark,147.62,0.0,0.9681886192598488
2024-06-30,SOL,4,-0.02701393434975125,0.0,0.0,mark,137.09,0.0,0.9423841448707352
2024-06-30,SOL,4,0.024454265678167417,0.0,0.0,mark,146.61,0.0,0.965713546217778
2024-07-01,SOL,4,0.0,0.0,0.0,mark,146.61,0.0,0.965713546217778
2024-07-01,SOL,4,-0.00012223609883888658,0.00012222862831129437,0.0,funding,146.61,0.0,0.9655955083756822
2024-07-01,SOL,4,0.00695493352172001,0.0,0.0,mark,149.36,0.0,0.972334568638746
2024-07-01,SOL,4,-0.008834731845821188,0.0,0.0,mark,145.87,0.0,0.9637820885230759
2024-07-01,SOL,4,0.0020320596460657965,0.0,0.0,mark,146.67,0.0,0.9657425424177853
2024-07-02,SOL,4,2.5374633194378276e-05,0.0,0.0,mark,146.68,0.0,0.9657670480914693
2024-07-02,SOL,4,-0.0005398217540337776,0.0005396760764852308,0.3721903975760212,rotation,146.68,-0.0024505673683868578,0.9652458467201566
2024-07-02,BNB,5,-0.001629920956856816,0.0016285933570862532,1.123167832473278,entry,576.9,0.0018792391843725294,0.963673853746233
2024-07-02,BNB,5,-0.00036967817882145625,0.00036960985626283366,0.0,funding,576.9,0.0,0.9633176703916656
2024-07-02,BNB,5,0.009899908881137847,0.0,0.0,mark,582.0,0.0,0.9729017902319655
2024-07-02,BNB,5,-0.015769498380736987,0.0,0.0,mark,573.9,0.0,0.957679952838548
2024-07-02,BNB,5,0.01209274237373606,0.0,0.0,mark,580.1,0.0,0.9693312357816578
2024-07-03,BNB,5,0.0,0.0,0.0,mark,580.1,0.0,0.9693312357816578
2024-07-03,BNB,5,-0.0003695591715938163,0.0003694908930144565,0.0,funding,580.1,0.0,0.968973076717722
2024-07-03,BNB,5,0.001743950322558077,0.0,0.0,mark,581.0,0.0,0.9706643919836573
2024-07-03,BNB,5,-0.06086424962990585,0.0,0.0,mark,550.5,0.0,0.9133475968602951
2024-07-03,BNB,5,0.012675998895960511,0.0,0.0,mark,556.7,0.0,0.9249988798034049
2024-07-04,BNB,5,0.0,0.0,0.0,mark,556.7,0.0,0.9249988798034049
2024-07-04,BNB,5,-0.00037164970770908257,0.00037158065451125573,0.0,funding,556.7,0.0,0.9246551681142253
2024-07-04,BNB,5,0.002841274363418623,0.0,0.0,mark,558.1,0.0,0.9272861029723468
2024-07-04,BNB,5,-0.09897755082909657,0.0,0.0,mark,511.6,0.0,0.8399014808990242
2024-07-04,BNB,5,0.0044649212354332425,0.0,0.0,mark,513.6,0.0,0.8436599592677693
2024-07-05,BNB,5,-0.00022277322677061566,0.0,0.0,mark,513.5,0.0,0.843472035349332
2024-07-05,BNB,5,-0.00037594513854837154,0.00037587448002962776,0.0,funding,513.5,0.0,0.8431549957366256
2024-07-05,BNB,5,0.005778201267229478,0.0,0.0,mark,516.1,0.0,0.8480410176159942
2024-07-05,BNB,5,-0.1459966191578209,0.0,0.0,mark,454.8,0.0,0.732843655613958
2024-07-05,BNB,5,0.10436807828267369,0.0,0.0,mark,497.7,0.0,0.8134630166235395
2024-07-06,BNB,5,0.00023099048280581424,0.0,0.0,mark,497.8,0.0,0.8136509405419767
2024-07-06,BNB,5,-0.0009430896656073894,0.0009426450963158627,0.6501000664247328,resize,497.8,-0.0010625844324887211,0.812883956472762
2024-07-06,BNB,5,-0.0001643204199744763,0.00016430692011363616,0.0,funding,497.8,0.0,0.8127503940134642
2024-07-06,BNB,5,0.03252338193093517,0.0,0.0,mark,530.7,0.0,0.8396183353504415
2024-07-06,BNB,5,-0.03433366649728507,0.0,0.0,mark,496.0,0.0,0.8112804154600733
2024-07-06,BNB,5,0.02975173056591807,0.0,0.0,mark,526.0,0.0,0.8357800580165876
2024-07-07,BNB,5,0.0,0.0,0.0,mark,526.0,0.0,0.8357800580165876
2024-07-07,BNB,5,-0.00016887288555018977,0.00016885862732707885,0.0,funding,526.0,0.0,0.8356389293432436
2024-07-07,BNB,5,0.0005861972578439286,0.0,0.0,mark,526.6,0.0,0.8361289221943738
2024-07-07,BNB,5,-0.03802412964826859,0.0,0.0,mark,488.4,0.0,0.8049327106724123
2024-07-07,BNB,5,0.0023307759761991274,0.0,0.0,mark,490.7,0.0,0.8068110166017451
2024-07-08,BNB,5,0.0,0.0,0.0,mark,490.7,0.0,0.8068110166017451
2024-07-08,BNB,5,-0.0001631958799223607,0.00016318256419908692,0.0,funding,490.7,0.0,0.806679359111232
2024-07-08,BNB,5,0.03335185275101738,0.0,0.0,mark,524.2,0.0,0.8340372932993396
2024-07-08,BNB,5,-0.05349702100747729,0.0,0.0,mark,471.0,0.0,0.790591260499121
2024-07-08,BNB,5,0.04009100421624959,0.0,0.0,mark,510.6,0.0,0.8229307886737198
2024-07-09,BNB,5,-9.924227980462279e-05,0.0,0.0,mark,510.5,0.0,0.8228491231985314
2024-07-09,BNB,5,-0.00016647200070778602,0.00016645814501305123,0.0,funding,510.5,0.0,0.8227121532598581
2024-07-09,BNB,5,0.010172250739079432,0.0,0.0,mark,520.8,0.0,0.8311236972042613
2024-07-09,BNB,5,-0.014150703406650896,0.0,0.0,mark,506.5,0.0,0.8194455342523228
2024-07-09,BNB,5,0.010311236770003207,0.0,0.0,mark,516.9,0.0,0.8279387436719144
2024-07-10,BNB,5,0.0,0.0,0.0,mark,516.9,0.0,0.8279387436719144
2024-07-10,BNB,5,-0.00016752291356279705,0.00016750888238301883,0.0,funding,516.9,0.0,0.8278000565782804
2024-07-10,BNB,5,-0.005539919979510996,0.0,0.0,mark,511.3,0.0,0.823226789967731
2024-07-10,BNB,5,0.01779620685207089,0.0,0.0,mark,529.4,0.0,0.8380082409768279
2024-07-10,BNB,5,-0.00459075960235037,0.0,0.0,mark,524.7,0.0,0.834169963642974
2024-07-11,BNB,5,0.0,0.0,0.0,mark,524.7,0.0,0.834169963642974
2024-07-11,BNB,5,-0.00016878066002536218,0.00016876641737110148,0.0,funding,524.7,0.0,0.8340291837667314
2024-07-11,BNB,5,-0.0045143475041407866,0.0,0.0,mark,520.1,0.0,0.8302725719080659
2024-07-11,BNB,5,0.024292492899862506,0.0,0.0,mark,545.1,0.0,0.8506889407051611
2024-07-11,BNB,5,-0.019680233381577296,0.0,0.0,mark,524.8,0.0,0.8341108492419197
2024-07-12,BNB,5,9.790242832082054e-05,0.0,0.0,mark,524.9,0.0,0.8341925147171081
2024-07-12,BNB,5,-0.00016884043477100892,0.00016882618202692997,0.0,funding,524.9,0.0,0.8340516811797729
2024-07-12,BNB,5,0.01226170211019615,0.0,0.0,mark,537.5,0.0,0.844341531053509
2024-07-12,BNB,5,-0.020026993248077003,0.0,0.0,mark,517.0,0.0,0.8276001086398909
2024-07-12,BNB,5,0.016441901072981963,0.0,0.0,mark,533.8,0.0,0.8413199084715388
2024-07-13,BNB,5,9.706356768569499e-05,0.0,0.0,mark,533.9,0.0,0.8414015739467272
2024-07-13,BNB,5,-0.0001702641001646657,0.00017024960605538836,0.0,funding,533.9,0.0,0.8412583256602284
2024-07-13,BNB,5,-0.006427588115665319,0.0,0.0,mark,527.3,0.0,0.8358684042977953
2024-07-13,BNB,5,0.011752531537969168,0.0,0.0,mark,539.4,0.0,0.8457499267955894
2024-07-13,BNB,5,-0.006782135374221926,0.0,0.0,mark,532.4,0.0,0.8400333435324027
2024-07-14,BNB,5,9.721221953920777e-05,0.0,0.0,mark,532.5,0.0,0.8401150090075911
2024-07-14,BNB,5,-0.00017007767673290225,0.00017006321434478663,0.0,funding,532.5,0.0,0.8399721363487399
2024-07-14,BNB,5,0.014669920976512568,0.0,0.0,mark,547.7,0.0,0.8523852885773738
2024-07-14,BNB,5,-0.0159346327620173,0.0,0.0,mark,531.2,0.0,0.838910485171291
2024-07-14,BNB,5,0.0131523287926909,0.0,0.0,mark,544.8,0.0,0.8500169897969106
2024-07-15,BNB,5,9.607049436671507e-05,0.0,0.0,mark,544.9,0.0,0.850098655272099
2024-07-15,BNB,5,-0.00017199441359262832,0.00017197962340142987,0.0,funding,544.9,0.0,0.8499524556255112
2024-07-15,BNB,5,0.039469266164621236,0.0,0.0,mark,586.8,0.0,0.8841702897294428
2024-07-15,BNB,5,-0.04052673152765054,0.0,0.0,mark,543.8,0.0,0.849054135398439
2024-07-15,BNB,5,0.03914031139091079,0.0,0.0,mark,585.3,0.0,0.882945307601617
2024-07-16,BNB,5,0.0,0.0,0.0,mark,585.3,0.0,0.882945307601617
2024-07-16,BNB,5,-0.0001778741593014584,0.00017785834063112205,0.0,funding,585.3,0.0,0.882788268414339
2024-07-16,BNB,5,0.002033120221713462,0.0,0.0,mark,587.5,0.0,0.8845849088684834
2024-07-16,BNB,5,-0.03103477841927024,0.0,0.0,mark,554.4,0.0,0.8575536365811294
2024-07-16,BNB,5,0.020547745018736262,0.0,0.0,mark,576.2,0.0,0.8753567101721964
2024-07-17,BNB,5,9.328958700983597e-05,0.0,0.0,mark,576.3,0.0,0.8754383756473847
2024-07-17,BNB,5,-0.00017664075428593917,0.0001766251542263426,0.0,funding,576.3,0.0,0.8752837512092703
2024-07-17,BNB,5,0.007158548405859816,0.0,0.0,mark,584.0,0.0,0.8815719927987756
2024-07-17,BNB,5,-0.01841790352788634,0.0,0.0,mark,564.3,0.0,0.8654838941866646
2024-07-17,BNB,5,0.004331083059026025,0.0,0.0,mark,568.9,0.0,0.8692405060453301
2024-07-18,BNB,5,0.0,0.0,0.0,mark,568.9,0.0,0.8692405060453301
2024-07-18,BNB,5,-0.00017561581625664334,0.00017560039670188484,0.0,funding,568.9,0.0,0.8690878670676392
2024-07-18,BNB,5,0.01000424637446213,0.0,0.0,mark,579.6,0.0,0.877826072912796
2024-07-18,BNB,5,-0.01688746368460622,0.0,0.0,mark,561.6,0.0,0.8631262873788874
2024-07-18,BNB,5,0.009698257758876384,0.0,0.0,mark,571.9,0.0,0.8715378313232907
2024-07-19,BNB,5,9.369834142994085e-05,0.0,0.0,mark,572.0,0.0,0.871619496798479
2024-07-19,BNB,5,-0.0001760908722007655,0.00017607536911321152,0.0,funding,572.0,0.0,0.871466026073854
2024-07-19,BNB,5,0.02471279841453332,0.0,0.0,mark,598.7,0.0,0.8932707079491518
2024-07-19,BNB,5,-0.031294139646631206,0.0,0.0,mark,565.0,0.0,0.8657494428106673
2024-07-19,BNB,5,0.02643694430510248,0.0,0.0,mark,593.4,0.0,0.8889424377641675
2024-07-20,BNB,5,0.0,0.0,0.0,mark,593.4,0.0,0.8889424377641675
2024-07-20,BNB,5,-0.0001791192704912416,0.00017910322959247742,0.0,funding,593.4,0.0,0.8887832253026421
2024-07-20,BNB,5,0.00412628137195237,0.0,0.0,mark,597.9,0.0,0.8924581716861192
2024-07-20,BNB,5,-0.01030157631512534,0.0,0.0,mark,586.7,0.0,0.8833116384650206
2024-07-20,BNB,5,0.005899603197550985,0.0,0.0,mark,593.1,0.0,0.8885382288770769
2024-07-21,BNB,5,9.19056939036276e-05,0.0,0.0,mark,593.2,0.0,0.8886198943522653
2024-07-21,BNB,5,-0.00017912389362658544,0.00017910785189978264,0.0,funding,593.2,0.0,0.8884607355518325
2024-07-21,BNB,5,0.009331950844854464,0.0,0.0,mark,603.4,0.0,0.8967906140210472
2024-07-21,BNB,5,-0.02014459563615459,0.0,0.0,mark,581.5,0.0,0.8789058749547918
2024-07-21,BNB,5,0.019324682247065655,0.0,0.0,mark,602.5,0.0,0.8960556247443517
2024-07-22,BNB,5,0.0,0.0,0.0,mark,602.5,0.0,0.8960556247443517
2024-07-22,BNB,5,-0.00018042253206741068,0.00018040625690111256,0.0,funding,602.5,0.0,0.8958939707031164
2024-07-22,BNB,5,-0.020444036944217488,0.0,0.0,mark,580.3,0.0,0.8777642352112958
2024-07-22,BNB,5,0.023265865844097337,0.0,0.0,mark,605.6,0.0,0.8984256004339561
2024-07-22,BNB,5,-0.01686675823807372,0.0,0.0,mark,587.2,0.0,0.8833991529992941
2024-07-23,BNB,5,9.2440320298968e-05,0.0,0.0,mark,587.3,0.0,0.8834808184744823
2024-07-23,BNB,5,-0.00017837382433728683,0.00017835791667261084,0.0,funding,587.3,0.0,0.883323242676279
2024-07-23,BNB,5,0.005715691592089691,0.0,0.0,mark,593.5,0.0,0.8883865021379587
2024-07-23,BNB,5,-0.01509726756392043,0.0,0.0,mark,577.2,0.0,0.8750750296822526
2024-07-23,BNB,5,0.00437663510112755,0.0,0.0,mark,581.9,0.0,0.8789133070161065
2024-07-24,BNB,5,9.291210036285927e-05,0.0,0.0,mark,582.0,0.0,0.8789949724912949
2024-07-24,BNB,5,-0.00017766614846471672,0.00017765036676921687,0.0,funding,582.0,0.0,0.8788388187120435
2024-07-24,BNB,5,0.006575955677560791,0.0,0.0,mark,589.1,0.0,0.8846370674504186
2024-07-24,BNB,5,-0.017413690231325083,0.0,0.0,mark,570.4,0.0,0.8693656235901913
2024-07-24,BNB,5,0.004218249276510638,0.0,0.0,mark,574.9,0.0,0.8730405699736684
2024-07-25,BNB,5,0.0,0.0,0.0,mark,574.9,0.0,0.8730405699736684
2024-07-25,BNB,5,-0.00017669561268694644,0.00017668000293657229,0.0,funding,574.9,0.0,0.8728863211632018
2024-07-25,BNB,5,-0.020606501274337153,0.0,0.0,mark,553.1,0.0,0.8550832475721347
2024-07-25,BNB,5,0.022195723338972427,0.0,0.0,mark,576.6,0.0,0.8742746342414042
2024-07-25,BNB,5,-0.0056203289242330754,0.0,0.0,mark,570.6,0.0,0.8693747057301013
2024-07-26,BNB,5,9.393146503026434e-05,0.0,0.0,mark,570.7,0.0,0.8694563712052897
2024-07-26,BNB,5,-0.00017612777075755846,0.0001761122611723197,0.0,funding,570.7,0.0,0.8693032492777661
2024-07-26,BNB,5,0.0113030545054622,0.0,0.0,mark,582.8,0.0,0.8791847717755602
2024-07-26,BNB,5,-0.011772882848654883,0.0,0.0,mark,570.2,0.0,0.8688949219018243
2024-07-26,BNB,5,0.010006456820707294,0.0,0.0,mark,580.9,0.0,0.877633127746981
2024-07-27,BNB,5,0.0,0.0,0.0,mark,580.9,0.0,0.877633127746981
2024-07-27,BNB,5,-0.00017760551579197397,0.00017758974486593838,0.0,funding,580.9,0.0,0.8774772691037385
2024-07-27,BNB,5,0.01101426868507097,0.0,0.0,mark,592.8,0.0,0.8871954606511557
2024-07-27,BNB,5,-0.018768942390924692,0.0,0.0,mark,572.6,0.0,0.8706990346631028
2024-07-27,BNB,5,0.008405940941458877,0.0,0.0,mark,581.6,0.0,0.8780489274300571
2024-07-28,BNB,5,0.0,0.0,0.0,mark,581.6,0.0,0.8780489274300571
2024-07-28,BNB,5,-0.00017773534035168414,0.00017771954636178737,0.0,funding,581.6,0.0,0.8778928809729908
2024-07-28,BNB,5,0.0030651035936157946,0.0,0.0,mark,584.9,0.0,0.8805878416542073
2024-07-28,BNB,5,-0.009691745112490708,0.0,0.0,mark,574.5,0.0,0.8720946322346157
2024-07-28,BNB,5,0.008763917553201064,0.0,0.0,mark,583.9,0.0,0.8797711869023235
2024-07-29,BNB,5,0.0,0.0,0.0,mark,583.9,0.0,0.8797711869023235
2024-07-29,BNB,5,-0.0001780889308492162,0.00017807307395686407,0.0,funding,583.9,0.0,0.8796145233426931
2024-07-29,BNB,5,0.013005827045151769,0.0,0.0,mark,598.0,0.0,0.8911293553442547
2024-07-29,BNB,5,-0.023927809727259716,0.0,0.0,mark,572.2,0.0,0.8700596627456525
2024-07-29,BNB,5,0.001969160364630927,0.0,0.0,mark,574.3,0.0,0.8717746377246084
2024-07-30,BNB,5,0.0,0.0,0.0,mark,574.3,0.0,0.8717746377246084
2024-07-30,BNB,5,-0.0001767675265875023,0.00017675190412891058,0.0,funding,574.3,0.0,0.8716205498974193
2024-07-30,BNB,5,0.013031852751792944,0.0,0.0,mark,588.3,0.0,0.8830537164237926
2024-07-30,BNB,5,-0.02027242814452106,0.0,0.0,mark,566.6,0.0,0.865332308307914
2024-07-30,BNB,5,0.0201799431120199,0.0,0.0,mark,588.2,0.0,0.8829720509486042
2024-07-31,BNB,5,-9.249358677347445e-05,0.0,0.0,mark,588.1,0.0,0.8828903854734158
2024-07-31,BNB,5,-0.0001787362814551435,0.00017872030907757335,0.0,funding,588.1,0.0,0.8827325950308423
2024-07-31,BNB,5,0.00443086035868043,0.0,0.0,mark,592.9,0.0,0.8866525378398846
2024-07-31,BNB,5,-0.016905272738979196,0.0,0.0,mark,574.7,0.0,0.8717894213555993
2024-07-31,BNB,5,0.0016847424360530733,0.0,0.0,mark,576.5,0.0,0.8732593999089902
2024-08-01,BNB,5,0.0,0.0,0.0,mark,576.5,0.0,0.8732593999089902
2024-08-01,BNB,5,-0.0001771430112285786,0.00017712732233174331,0.0,funding,576.5,0.0,0.8731047218097833
2024-08-01,BNB,5,0.001402035247147303,0.0,0.0,mark,578.0,0.0,0.874329703937609
2024-08-01,BNB,5,-0.022958599516007042,0.0,0.0,mark,553.7,0.0,0.8544849934668325
2024-08-01,BNB,5,0.02024622215796922,0.0,0.0,mark,575.1,0.0,0.8719614051571459
2024-08-02,BNB,5,9.365282759505201e-05,0.0,0.0,mark,575.2,0.0,0.8720430706323343
2024-08-02,BNB,5,-0.00017699006515010238,0.00017697440333259786,0.0,funding,575.2,0.0,0.8718887413302289
2024-08-02,BNB,5,0.002245437563902007,0.0,0.0,mark,577.6,0.0,0.87384871273475
2024-08-02,BNB,5,-0.035447121098474824,0.0,0.0,mark,540.3347345965456,0.0,0.8434158566628076
2024-08-02,BNB,5,-0.0007589137229326642,0.0007586258207488428,0.5231902212060984,stop,540.3347345965456,-0.0008166547518838082,0.8427760196163142
2024-08-19,BNB,6,-0.0007247373144570303,0.0007244747558020435,0.49963776262209897,entry,531.3,0.000792551712464998,0.8421654496653068
2024-08-19,BNB,6,-0.00016428454119421496,0.00016427104722792606,0.0,funding,531.3,0.0,0.8420271062649511
2024-08-19,BNB,6,-0.00207288046932638,0.0,0.0,mark,529.1,0.0,0.8402834924975282
2024-08-19,BNB,6,0.029369446156229363,0.0,0.0,mark,560.7,0.0,0.8653281266114221
2024-08-19,BNB,6,-0.002108785763580893,0.0,0.0,mark,558.4,0.0,0.8635052576727525
2024-08-20,BNB,6,9.177886714999508e-05,0.0,0.0,mark,558.5,0.0,0.8635845128439991
2024-08-20,BNB,6,-0.00016841219335634805,0.0001683980128190236,0.0,funding,558.5,0.0,0.8634390869281349
2024-08-20,BNB,6,0.014941397810797247,0.0,0.0,mark,574.9,0.0,0.8764369350125608
2024-08-20,BNB,6,-0.015216806070784178,0.0,0.0,mark,558.2,0.0,0.8632013214143954
2024-08-20,BNB,6,0.010230810687379454,0.0,0.0,mark,569.4,0.0,0.8720779005940034
2024-08-21,BNB,6,0.0,0.0,0.0,mark,569.4,0.0,0.8720779005940034
2024-08-21,BNB,6,-0.0001700269373914418,0.0001700124836309053,0.0,funding,569.4,0.0,0.8719296364642037
2024-08-21,BNB,6,0.005167713011126087,0.0,0.0,mark,575.1,0.0,0.8764471812252542
2024-08-21,BNB,6,-0.026574038411628836,0.0,0.0,mark,546.1,0.0,0.8534631815637693
2024-08-21,BNB,6,0.022042397111261738,0.0,0.0,mark,570.1,0.0,0.8724844226629292
2024-08-22,BNB,6,9.083436872418418e-05,0.0,0.0,mark,570.2,0.0,0.8725636778341758
2024-08-22,BNB,6,-0.0001701710443197968,0.00017015656604891434,0.0,funding,570.2,0.0,0.8724152053950965
2024-08-22,BNB,6,0.013389234261563753,0.0,0.0,mark,585.0375445894351,0.0,0.8841747267682291
2024-08-22,BNB,6,-0.00019011769632784723,0.00019009962510391237,0.1311031897268361,partial_tp,585.0375445894351,-0.0001981379281162495,0.8840066454841441
2024-08-22,BNB,6,0.0033312435738982816,0.0,0.0,mark,590.0,0.0,0.8869563973843999
2024-08-22,BNB,6,-0.020515232358450666,0.0,0.0,mark,559.7,0.0,0.8689456597186329
2024-08-22,BNB,6,0.015745651233673927,0.0,0.0,mark,582.9,0.0,0.8827360595155238
2024-08-23,BNB,6,6.73353904177168e-05,0.0,0.0,mark,583.0,0.0,0.8827955008939588
2024-08-23,BNB,6,-0.00012897820962285426,0.00012896989229114694,0.0,funding,583.0,0.0,0.8826816468532933
2024-08-23,BNB,6,0.011782471554158291,0.0,0.0,mark,600.6,0.0,0.8931433294578313
2024-08-23,BNB,6,-0.017658438625132163,0.0,0.0,mark,574.3,0.0,0.8775102469294591
2024-08-23,BNB,6,0.011717608749617867,0.0,0.0,mark,591.7,0.0,0.8878530467771274
2024-08-24,BNB,6,0.0,0.0,0.0,mark,591.7,0.0,0.8878530467771274
2024-08-24,BNB,6,-0.0001301573316096365,0.00013014886151159979,0.0,funding,591.7,0.0,0.8877374937138998
2024-08-24,BNB,6,0.00046859817252176123,0.0,0.0,mark,592.4,0.0,0.8881535833629438
2024-08-24,BNB,6,-0.011984518998953067,0.0,0.0,mark,574.6,0.0,0.8775730180015361
2024-08-24,BNB,6,0.003988331776945566,0.0,0.0,mark,580.5,0.0,0.8810800593291936
2024-08-25,BNB,6,0.0,0.0,0.0,mark,580.5,0.0,0.8810800593291936
2024-08-25,BNB,6,-0.00012867515094561047,0.00012866687265343982,0.0,funding,580.5,0.0,0.8809666935134024
2024-08-25,BNB,6,0.0022914512507789596,0.0,0.0,mark,583.9,0.0,0.8829877003801881
2024-08-25,BNB,6,-0.01008109551247415,0.0,0.0,mark,569.0,0.0,0.8741309349933918
2024-08-25,BNB,6,0.0033264877180749558,0.0,0.0,mark,573.9,0.0,0.8770435625367007
2024-08-26,BNB,6,0.0,0.0,0.0,mark,573.9,0.0,0.8770435625367007
2024-08-26,BNB,6,-0.00012779760167371467,0.00012778943590797338,0.0,funding,573.9,0.0,0.8769314856345773
2024-08-26,BNB,6,-0.01860916017404157,0.0,0.0,mark,546.7,0.0,0.8607634307002914
2024-08-26,BNB,6,0.01976081419314468,0.0,0.0,mark,575.6,0.0,0.8779419890679702
2024-08-26,BNB,6,-0.018725501619060107,0.0,0.0,mark,548.2,0.0,0.8616550513768144
2024-08-27,BNB,6,6.898274216446123e-05,0.0,0.0,mark,548.3,0.0,0.8617144927552493
2024-08-27,BNB,6,-0.00012426869182149017,0.00012426097078745908,0.0,funding,548.3,0.0,0.8616074152758378
2024-08-27,BNB,6,0.006875205075176097,0.0,0.0,mark,558.3,0.0,0.8675515531193253
2024-08-27,BNB,6,-0.022157718732160176,0.0,0.0,mark,526.3162883435392,0.0,0.8485399940360893
2024-08-27,BNB,6,-0.0005347459226115559,0.0005346029714926772,0.3686917044777084,stop,526.3162883435392,-0.0005944137843487485,0.8480863620338472
2024-09-14,BNB,7,-0.0007247373144570303,0.0007244747558020435,0.4996377626220989,entry,556.4,0.0007615671682906306,0.8474719448738137
2024-09-14,BNB,7,-0.00016428454119421496,0.00016427104722792606,0.0,funding,556.4,0.0,0.847332729769933
2024-09-14,BNB,7,-0.008031322209888206,0.0,0.0,mark,547.5,0.0,0.8405547819721464
2024-09-14,BNB,7,0.010544749719001266,0.0,0.0,mark,559.2,0.0,0.8494651178411468
2024-09-14,BNB,7,-0.00530353958635335,0.0,0.0,mark,553.3,0.0,0.844971871548232
2024-09-15,BNB,7,9.012523093834422e-05,0.0,0.0,mark,553.4,0.0,0.845048028265061
2024-09-15,BNB,7,-0.00016386740616984,0.00016385398063985571,0.0,funding,553.4,0.0,0.8449095637817979
2024-09-15,BNB,7,0.007632354150125583,0.0,0.0,mark,561.9,0.0,0.8513828847122683
2024-09-15,BNB,7,-0.014324757890296616,0.0,0.0,mark,546.0,0.0,0.8392739667364473
2024-09-15,BNB,7,0.0066924037401711635,0.0,0.0,mark,553.4,0.0,0.8449095637817979
2024-09-16,BNB,7,0.0,0.0,0.0,mark,553.4,0.0,0.8449095637817979
2024-09-16,BNB,7,-0.00016389426309768384,0.00016388083316672066,0.0,funding,553.4,0.0,0.8447710992985349
2024-09-16,BNB,7,0.0016213976560953153,0.0,0.0,mark,555.2,0.0,0.8461419202014581
2024-09-16,BNB,7,-0.025708976224001846,0.0,0.0,mark,527.0,0.0,0.8246657260556622
2024-09-16,BNB,7,0.00616829242315233,0.0,0.0,mark,533.7,0.0,0.8297682260832095
2024-09-17,BNB,7,0.0,0.0,0.0,mark,533.7,0.0,0.8297682260832095
2024-09-17,BNB,7,-0.0001609439236411135,0.000160930972862634,0.0,funding,533.7,0.0,0.8296346906753355
2024-09-17,BNB,7,-0.0043237215098655725,0.0,0.0,mark,529.0,0.0,0.8260553249843695
2024-09-17,BNB,7,0.02161451217413709,0.0,0.0,mark,552.7,0.0,0.8441044668728575
2024-09-17,BNB,7,-0.005881687379223746,0.0,0.0,mark,546.2,0.0,0.8391542802789683
2024-09-18,BNB,7,0.0,0.0,0.0,mark,546.2,0.0,0.8391542802789683
2024-09-18,BNB,7,-0.00016287126995900148,0.00016285800715379586,0.0,funding,546.2,0.0,0.8390176172851875
2024-09-18,BNB,7,0.012179333107550906,0.0,0.0,mark,559.7,0.0,0.8492987740571111
2024-09-18,BNB,7,-0.020748219163686653,0.0,0.0,mark,536.8,0.0,0.8318588859032555
2024-09-18,BNB,7,0.020568862854803256,0.0,0.0,mark,559.5,0.0,0.8491464606234529
2024-09-19,BNB,7,0.0,0.0,0.0,mark,559.5,0.0,0.8491464606234529
2024-09-19,BNB,7,-0.00016487413234482127,0.00016486054135207343,0.0,funding,559.5,0.0,0.8490064698782673
2024-09-19,BNB,7,0.011327624647840717,0.0,0.0,mark,572.2,0.0,0.8586783729155584
2024-09-19,BNB,7,-0.017175252788619543,0.0,0.0,mark,553.0,0.0,0.8440562832843782
2024-09-19,BNB,7,0.012552672896893916,0.0,0.0,mark,567.0,0.0,0.854718223640447
2024-09-20,BNB,7,-8.91055177774209e-05,0.0,0.0,mark,566.9,0.0,0.854642066923618
2024-09-20,BNB,7,-0.00016598065248001938,0.00016596687845350954,0.0,funding,566.9,0.0,0.8545002246475756
2024-09-20,BNB,7,0.009049605030329182,0.0,0.0,mark,577.1,0.0,0.8622682097641401
2024-09-20,BNB,7,-0.01971203651653554,0.0,0.0,mark,555.0,0.0,0.8454375753449171
2024-09-20,BNB,7,0.012532292075641322,0.0,0.0,mark,569.0,0.0,0.856099515700986
2024-09-21,BNB,7,8.895382869254786e-05,0.0,0.0,mark,569.1,0.0,0.856175672417815
2024-09-21,BNB,7,-0.0001663263485630084,0.00016631251710275908,0.0,funding,569.1,0.0,0.8560332796866531
2024-09-21,BNB,7,0.018422867714986337,0.0,0.0,mark,590.0,0.0,0.8719500335039273
2024-09-21,BNB,7,-0.020827803301336396,0.0,0.0,mark,566.4,0.0,0.8539770483322684
2024-09-21,BNB,7,0.019604285460481017,0.0,0.0,mark,588.6,0.0,0.8708838394683204
2024-09-22,BNB,7,8.744379412061075e-05,0.0,0.0,mark,588.7,0.0,0.8709599961851494
2024-09-22,BNB,7,-0.0001691343383533409,0.0001691200359475596,0.0,funding,588.7,0.0,0.8708126993992857
2024-09-22,BNB,7,0.0051465646086614695,0.0,0.0,mark,594.6,0.0,0.8753059456922004
2024-09-22,BNB,7,-0.015961774367517213,0.0,0.0,mark,576.4,0.0,0.861445423229311
2024-09-22,BNB,7,0.010815209758855828,0.0,0.0,mark,588.7,0.0,0.8708126993992857
2024-09-23,BNB,7,0.0,0.0,0.0,mark,588.7,0.0,0.8708126993992857
2024-09-23,BNB,7,-0.00016916294961693952,0.00016914864237203804,0.0,funding,588.7,0.0,0.8706654026134221
2024-09-23,BNB,7,0.012070319599204753,0.0,0.0,mark,602.583070110028,0.0,0.8812382930042963
2024-09-23,BNB,7,-0.000188790781357132,0.0001887729614990557,0.13018824930969355,partial_tp,602.583070110028,-0.00019039179207265764,0.8810719390419396
2024-09-23,BNB,7,0.008660228581973213,0.0,0.0,mark,616.0,0.0,0.8887353590195345
2024-09-23,BNB,7,-0.021174072495858506,0.0,0.0,mark,583.4,0.0,0.8701150417548286
2024-09-23,BNB,7,0.013755766792929919,0.0,0.0,mark,604.5,0.0,0.8821668421930278
2024-09-24,BNB,7,0.0,0.0,0.0,mark,604.5,0.0,0.8821668421930278
2024-09-24,BNB,7,-0.0001285979357696913,0.00012858966740959767,0.0,funding,604.5,0.0,0.8820534046521904
2024-09-24,BNB,7,-0.003892878953745704,0.0,0.0,mark,598.5,0.0,0.8786263523948825
2024-09-24,BNB,7,0.009639547272988647,0.0,0.0,mark,613.4,0.0,0.8871368655005303
2024-09-24,BNB,7,-0.004840506319286695,0.0,0.0,mark,605.9,0.0,0.8828530501788955
2024-09-25,BNB,7,-6.469863285120029e-05,0.0,0.0,mark,605.8,0.0,0.8827959326412737
2024-09-25,BNB,7,-0.00012878266493354963,0.00012877437280207403,0.0,funding,605.8,0.0,0.8826822511487356
2024-09-25,BNB,7,0.001616419358076506,0.0,0.0,mark,608.3,0.0,0.8841101895892804
2024-09-25,BNB,7,-0.015692176342447513,0.0,0.0,mark,584.2,0.0,0.8703448630224273
2024-09-25,BNB,7,0.0020978404952534716,0.0,0.0,mark,587.4,0.0,0.8721726242263248
2024-09-26,BNB,7,6.548665463398157e-05,0.0,0.0,mark,587.5,0.0,0.8722297417639466
2024-09-26,BNB,7,-0.00012640519579007473,0.00012639720698992226,0.0,funding,587.5,0.0,0.8721194943607341
2024-09-26,BNB,7,0.013982733871272706,0.0,0.0,mark,609.0,0.0,0.8843997649494205
2024-09-26,BNB,7,-0.01838040630532138,0.0,0.0,mark,580.8,0.0,0.8682926193400736
2024-09-26,BNB,7,0.01014449317299757,0.0,0.0,mark,596.3,0.0,0.8771458376714522
2024-09-27,BNB,7,0.0,0.0,0.0,mark,596.3,0.0,0.8771458376714522
2024-09-27,BNB,7,-0.0001275795904358364,0.00012757145250591136,0.0,funding,596.3,0.0,0.8770339389028808
2024-09-27,BNB,7,0.011911917912196217,0.0,0.0,mark,614.7,0.0,0.8875435658252916
2024-09-27,BNB,7,-0.012107314403322435,0.0,0.0,mark,596.0,0.0,0.8768625862900155
2024-09-27,BNB,7,0.007010331069724559,0.0,0.0,mark,606.8,0.0,0.8830312803531696
2024-09-28,BNB,7,6.468138976692322e-05,0.0,0.0,mark,606.9,0.0,0.8830883978907914
2024-09-28,BNB,7,-0.00012897379007102778,0.00012896547330931056,0.0,funding,606.9,0.0,0.8829745099775834
2024-09-28,BNB,7,0.0075399568798045985,0.0,0.0,mark,618.6,0.0,0.8896572618793337
2024-09-28,BNB,7,-0.015593567733233277,0.0,0.0,mark,594.5,0.0,0.8758919353124806
2024-09-28,BNB,7,0.00429467173985603,0.0,0.0,mark,601.1,0.0,0.8796616927955192
2024-09-29,BNB,7,0.0,0.0,0.0,mark,601.1,0.0,0.8796616927955192
2024-09-29,BNB,7,-0.0001282387843272028,0.00012823056208567066,0.0,funding,601.1,0.0,0.8795488932822068
2024-09-29,BNB,7,0.001103363966815056,0.0,0.0,mark,602.8,0.0,0.8805198914217772
2024-09-29,BNB,7,-0.006769127785050625,0.0,0.0,mark,592.4,0.0,0.8745796675091103
2024-09-29,BNB,7,0.002087693132283328,0.0,0.0,mark,595.6,0.0,0.8764074287130078
2024-09-30,BNB,7,0.0,0.0,0.0,mark,595.6,0.0,0.8764074287130078
2024-09-30,BNB,7,-0.00012753718613420491,0.00012752905361300673,0.0,funding,595.6,0.0,0.8762956613030446
2024-09-30,BNB,7,0.00013035284210138366,0.0,0.0,mark,595.8,0.0,0.8764098963782881
2024-09-30,BNB,7,-0.021275335403951216,0.0,0.0,mark,563.5,0.0,0.8579609317264476
2024-09-30,BNB,7,0.0025930051879063474,0.0,0.0,mark,567.4,0.0,0.8601885156936977
2024-10-01,BNB,7,0.0,0.0,0.0,mark,567.4,0.0,0.8601885156936977
2024-10-01,BNB,7,-0.0001237892892866907,0.0001237816277087951,0.0,funding,567.4,0.0,0.8600820401590887
2024-10-01,BNB,7,0.010372298033097546,0.0,0.0,mark,583.1,0.0,0.8690494935657109
2024-10-01,BNB,7,-0.01956061129319736,0.0,0.0,mark,553.6275086981536,0.0,0.8522155322582978
2024-10-01,BNB,7,-0.0005381738015307013,0.0005380290119855436,0.3710544910245128,stop,553.6275086981536,-0.0005711753762179729,0.8517570155774782
2024-10-02,TRX,8,-0.0007247373144570303,0.0007244747558020435,0.4996377626220989,entry,0.1536,2.770637822661507,0.851139939121615
2024-10-02,TRX,8,-0.00016428454119421496,0.00016427104722792604,0.0,funding,0.1536,0.0,0.8510001214724779
2024-10-02,TRX,8,0.00551950284828676,0.0,0.0,mark,0.1553,0.0,0.8557102057710025
2024-10-02,TRX,8,-0.007474859206718257,0.0,0.0,mark,0.153,0.0,0.8493377387788811
2024-10-02,TRX,8,0.0045565648065450425,0.0,0.0,mark,0.1544,0.0,0.8532166317306072
2024-10-03,TRX,8,0.0003246758167187083,0.0,0.0,mark,0.1545,0.0,0.8534936955128734
2024-10-03,TRX,8,-0.0001647914707663464,0.00016477789339782172,0.0,funding,0.1545,0.0,0.8533530586196985
2024-10-03,TRX,8,0.010336050188811166,0.0,0.0,mark,0.1577,0.0,0.8622190996522153
2024-10-03,TRX,8,-0.01358809851803899,0.0,0.0,mark,0.1535,0.0,0.8505824207970369
2024-10-03,TRX,8,0.013588098518039115,0.0,0.0,mark,0.1577,0.0,0.8622190996522153
2024-10-04,TRX,8,-0.00032138966473937834,0.0,0.0,mark,0.1576,0.0,0.8619420358699491
2024-10-04,TRX,8,-0.00016645048912674777,0.00016643663701257217,0.0,funding,0.1576,0.0,0.8617985771361991
2024-10-04,TRX,8,0.0006427830196210378,0.0,0.0,mark,0.1578,0.0,0.8623527047007314
2024-10-04,TRX,8,-0.004830973977872377,0.0,0.0,mark,0.1563,0.0,0.8581967479667392
2024-10-04,TRX,8,0.0006454798925583705,0.0,0.0,mark,0.1565,0.0,0.8587508755312715
2024-10-05,TRX,8,0.0,0.0,0.0,mark,0.1565,0.0,0.8587508755312715
2024-10-05,TRX,8,-0.00016590289095211067,0.00016588912982856945,0.0,funding,0.1565,0.0,0.8586084180957901
2024-10-05,TRX,8,0.0003226372852604403,0.0,0.0,mark,0.1566,0.0,0.8588854818780562
2024-10-05,TRX,8,-0.010050479840287965,0.0,0.0,mark,0.1535,0.0,0.8502965046278056
2024-10-05,TRX,8,0.0,0.0,0.0,mark,0.1535,0.0,0.8502965046278056
2024-10-06,TRX,8,0.0,0.0,0.0,mark,0.1535,0.0,0.8502965046278056
2024-10-06,TRX,8,-0.00016434044235509986,0.0001643269392044119,0.0,funding,0.1535,0.0,0.8501567780057839
2024-10-06,TRX,8,0.004227715255793701,0.0,0.0,mark,0.1548,0.0,0.8537586071752439
2024-10-06,TRX,8,-0.005532154790717572,0.0,0.0,mark,0.1531,0.0,0.8490485228767194
2024-10-06,TRX,8,0.003908224988484845,0.0,0.0,mark,0.1543,0.0,0.8523732882639131
2024-10-07,TRX,8,0.0,0.0,0.0,mark,0.1543,0.0,0.8523732882639131
2024-10-07,TRX,8,-0.00016479447946957963,0.00016478090160516404,0.0,funding,0.1543,0.0,0.8522328334249688
2024-10-07,TRX,8,0.00777219938998391,0.0,0.0,mark,0.1567,0.0,0.8588823641993565
2024-10-07,TRX,8,-0.009399038920532598,0.0,0.0,mark,0.1538,0.0,0.850847514513638
2024-10-07,TRX,8,0.0068150118812101415,0.0,0.0,mark,0.1559,0.0,0.8566658539412273
2024-10-08,TRX,8,-0.00032347337621281986,0.0,0.0,mark,0.1558,0.0,0.8563887901589611
2024-10-08,TRX,8,-0.0001656163549829001,0.00016560264135150035,0.0,funding,0.1558,0.0,0.856246969913287
2024-10-08,TRX,8,0.009701272182991973,0.0,0.0,mark,0.15881270276533752,0.0,0.864594078143368
2024-10-08,TRX,8,-0.00018450188740667928,0.00018448486798023205,0.12723094343464278,partial_tp,0.15881270276533752,-0.6926594556653768,0.8644345736190052
2024-10-08,TRX,8,0.003808376811890462,0.0,0.0,mark,0.1604,0.0,0.8677329429346267
2024-10-08,TRX,8,-0.0115612354411517,0.0,0.0,mark,0.1556,0.0,0.8577586467730453
2024-10-08,TRX,8,0.010602887942350989,0.0,0.0,mark,0.16,0.0,0.8669017515878282
2024-10-09,TRX,8,0.0,0.0,0.0,mark,0.16,0.0,0.8669017515878282
2024-10-09,TRX,8,-0.0001260113047414816,0.00012600336565040489,0.0,funding,0.16,0.0,0.8667925190494399
2024-10-09,TRX,8,0.0047831807731553945,0.0,0.0,mark,0.162,0.0,0.8709484757834322
2024-10-09,TRX,8,-0.006222607784242547,0.0,0.0,mark,0.1594,0.0,0.8655457320292421
2024-10-09,TRX,8,0.0026373688029776446,0.0,0.0,mark,0.1605,0.0,0.8678315082329379
2024-10-10,TRX,8,0.0,0.0,0.0,mark,0.1605,0.0,0.8678315082329379
2024-10-10,TRX,8,-0.0001262696815071395,0.0001262617098264539,0.0,funding,0.1605,0.0,0.8677219343428672
2024-10-10,TRX,8,0.0004788356314241232,0.0,0.0,mark,0.1607,0.0,0.8681375300162664
2024-10-10,TRX,8,-0.004798705471475159,0.0,0.0,mark,0.1587,0.0,0.8639815732822741
2024-10-10,TRX,8,0.0002404829665424854,0.0,0.0,mark,0.1588,0.0,0.8641893711189736
2024-10-11,TRX,8,0.0002404251483894013,0.0,0.0,mark,0.1589,0.0,0.8643971689556733
2024-10-11,TRX,8,-0.00012550755179841703,0.00012549967605509483,0.0,funding,0.1589,0.0,0.8642886873909864
2024-10-11,TRX,8,0.006231629971125729,0.0,0.0,mark,0.1615,0.0,0.8696914311451763
2024-10-11,TRX,8,-0.008397812248951378,0.0,0.0,mark,0.158,0.0,0.8624185068606899
2024-10-11,TRX,8,0.004327682350672892,0.0,0.0,mark,0.1598,0.0,0.8661588679212829
2024-10-12,TRX,8,-0.00023993608389049462,0.0,0.0,mark,0.1597,0.0,0.8659510700845834
2024-10-12,TRX,8,-0.00012591310906549924,0.0001259051823426583,0.0,funding,0.1597,0.0,0.8658420423572045
2024-10-12,TRX,8,0.010266903275119409,0.0,0.0,mark,0.164,0.0,0.8747773493352878
2024-10-12,TRX,8,-0.011948281612151702,0.0,0.0,mark,0.159,0.0,0.8643874575003072
2024-10-12,TRX,8,0.008378763152361352,0.0,0.0,mark,0.1625,0.0,0.8716603817847937
2024-10-13,TRX,8,0.00023836470739058952,0.0,0.0,mark,0.1626,0.0,0.8718681796214932
2024-10-13,TRX,8,-0.00012732960917365217,0.00012732150310302583,0.0,funding,0.1626,0.0,0.8717571720543561
2024-10-13,TRX,8,0.002143001979933738,0.0,0.0,mark,0.1635,0.0,0.8736273525846526
2024-10-13,TRX,8,-0.00381296213740104,0.0,0.0,mark,0.1619,0.0,0.8703025871974588
2024-10-13,TRX,8,0.0016699601574672466,0.0,0.0,mark,0.1626,0.0,0.8717571720543561
2024-10-14,TRX,8,0.0,0.0,0.0,mark,0.1626,0.0,0.8717571720543561
2024-10-14,TRX,8,-0.00012734582406770064,0.00012733771593242005,0.0,funding,0.1626,0.0,0.871646164487219
2024-10-14,TRX,8,0.0014293600195484553,0.0,0.0,mark,0.1632,0.0,0.8728929515074167
2024-10-14,TRX,8,-0.008606967734179122,0.0,0.0,mark,0.1596,0.0,0.8654122293862306
2024-10-14,TRX,8,0.0023982646898620115,0.0,0.0,mark,0.1606,0.0,0.8674902077532267
2024-10-15,TRX,8,-0.0002395678091489476,0.0,0.0,mark,0.1605,0.0,0.8672824099165272
2024-10-15,TRX,8,-0.00012634963107039518,0.00012634164929196145,0.0,funding,0.1605,0.0,0.8671728360264565
2024-10-15,TRX,8,0.00023959807673944446,0.0,0.0,mark,0.1606,0.0,0.867380633863156
2024-10-15,TRX,8,-0.006971758214033061,0.0,0.0,mark,0.1577,0.0,0.8613544965988672
2024-10-15,TRX,8,0.002650184895726599,0.0,0.0,mark,0.1588,0.0,0.863640272802563
2024-10-16,TRX,8,-0.00024063588284944717,0.0,0.0,mark,0.1587,0.0,0.8634324749658634
2024-10-16,TRX,8,-0.00012548963049932777,0.00012548175700500053,0.0,funding,0.1587,0.0,0.8633241299418495
2024-10-16,TRX,8,-0.0007223459514984082,0.0,0.0,mark,0.1584,0.0,0.8627007364317506
2024-10-16,TRX,8,0.004805812934158076,0.0,0.0,mark,0.1604,0.0,0.8668566931657428
2024-10-16,TRX,8,-0.0007194012308268061,0.0,0.0,mark,0.1601,0.0,0.8662332996556439
2024-10-17,TRX,8,-0.00023991546473234958,0.0,0.0,mark,0.16,0.0,0.8660255018189443
2024-10-17,TRX,8,-0.00012613881177293842,0.0001261308566074239,0.0,funding,0.16,0.0,0.865916269280556
2024-10-17,TRX,8,0.001199153302903082,0.0,0.0,mark,0.1605,0.0,0.8669552584640541
2024-10-17,TRX,8,-0.0036017824555373014,0.0,0.0,mark,0.159,0.0,0.8638382909135599
2024-10-17,TRX,8,0.0009617444870842418,0.0,0.0,mark,0.1594,0.0,0.8646694822603583
2024-10-18,TRX,8,-0.00024034942137831755,0.0,0.0,mark,0.1593,0.0,0.8644616844236588
2024-10-18,TRX,8,-0.00012581412174907263,0.0001258062074843214,0.0,funding,0.1593,0.0,0.8643529297776259
2024-10-18,TRX,8,0.0004807015495011291,0.0,0.0,mark,0.1595,0.0,0.8647685254510251
2024-10-18,TRX,8,-0.003128698478373692,0.0,0.0,mark,0.1582,0.0,0.8620671535739302
2024-10-18,TRX,8,0.0007228766533492814,0.0,0.0,mark,0.1585,0.0,0.862690547084029
2024-10-19,TRX,8,0.0,0.0,0.0,mark,0.1585,0.0,0.862690547084029
2024-10-19,TRX,8,-0.00012543926746970906,0.0001254314002937225,0.0,funding,0.1585,0.0,0.8625823386006881
2024-10-19,TRX,8,0.0004816880303604256,0.0,0.0,mark,0.1587,0.0,0.8629979342740873
2024-10-19,TRX,8,-0.0053113728111527795,0.0,0.0,mark,0.1565,0.0,0.8584263818666958
2024-10-19,TRX,8,0.0004840194943746535,0.0,0.0,mark,0.1567,0.0,0.8588419775400951
2024-10-20,TRX,8,0.0,0.0,0.0,mark,0.1567,0.0,0.8588419775400951
2024-10-20,TRX,8,-0.0001245703906732028,0.00012456263210427977,0.0,funding,0.1567,0.0,0.858734997922811
2024-10-20,TRX,8,-0.0014529429891420396,0.0,0.0,mark,0.1561,0.0,0.8574882109026133
2024-10-20,TRX,8,0.0021786236085055565,0.0,0.0,mark,0.157,0.0,0.8593583914329098
2024-10-20,TRX,8,-0.00072568061936364,0.0,0.0,mark,0.1567,0.0,0.8587349979228109
2024-10-21,TRX,8,0.00024195205698941338,0.0,0.0,mark,0.1568,0.0,0.8589427957595105
2024-10-21,TRX,8,-0.00012463526006415495,0.000124627493412848,0.0,funding,0.1568,0.0,0.85883574787189
2024-10-21,TRX,8,0.004586571497345032,0.0,0.0,mark,0.1587,0.0,0.8627839067691827
2024-10-21,TRX,8,-0.00612491566351726,0.0,0.0,mark,0.1561646857514425,0.0,0.8575155786071431
2024-10-21,TRX,8,-0.0005488693975350859,0.00054871879628198,0.3784267560565379,stop,0.1561646857514425,-2.0779783669961303,0.8570450436910567
2024-10-31,TRX,9,-0.0016299209568569272,0.0016285933570862534,1.1231678324732781,entry,0.1693,5.6857969524775545,0.8556492658261777
2024-10-31,TRX,9,-0.0003696781788213452,0.0003696098562628337,0.0,funding,0.1693,0.0,0.8553330094240243
2024-10-31,TRX,9,0.007945311247728829,0.0,0.0,mark,0.1705,0.0,0.8621559657669975
2024-10-31,TRX,9,-0.01863822252501114,0.0,0.0,mark,0.1677,0.0,0.8462357343000602
2024-10-31,TRX,9,0.004692223864975586,0.0,0.0,mark,0.1684,0.0,0.8502157921667944
2024-11-01,TRX,9,0.0,0.0,0.0,mark,0.1684,0.0,0.8502157921667944
2024-11-01,TRX,9,-0.0003700629812824163,0.00036999451642298327,0.0,funding,0.1684,0.0,0.8499012169859165
2024-11-01,TRX,9,0.0026724060837616677,0.0,0.0,mark,0.1688,0.0,0.8521755357669075
2024-11-01,TRX,9,-0.016142624205228825,0.0,0.0,mark,0.1664,0.0,0.8385296230809614
2024-11-01,TRX,9,0.006757789736291875,0.0,0.0,mark,0.1674,0.0,0.8442154200334389
2024-11-02,TRX,9,-0.0006737276258898371,0.0,0.0,mark,0.1673,0.0,0.8436468403381912
2024-11-02,TRX,9,-0.00037050841562472845,0.0003704397858579046,0.0,funding,0.1673,0.0,0.8433343199833165
2024-11-02,TRX,9,0.002693187646032379,0.0,0.0,mark,0.1677,0.0,0.8456086387643075
2024-11-02,TRX,9,-0.012176877375110006,0.0,0.0,mark,0.1659,0.0,0.8353742042498479
2024-11-02,TRX,9,0.001360331816597004,0.0,0.0,mark,0.1661,0.0,0.8365113636403434
2024-11-03,TRX,9,0.0006794725985406864,0.0,0.0,mark,0.1662,0.0,0.8370799433355911
2024-11-03,TRX,9,-0.0003709599304574119,0.00037089113332960374,0.0,funding,0.1662,0.0,0.8367694778067198
2024-11-03,TRX,9,-0.020595452622015,0.0,0.0,mark,0.1632,0.0,0.8197120869492873
2024-11-03,TRX,9,0.021274715698152903,0.0,0.0,mark,0.1663,0.0,0.8373380575019677
2024-11-03,TRX,9,-0.008181768723446762,0.0,0.0,mark,0.1651,0.0,0.8305151011589945
2024-11-04,TRX,9,0.0,0.0,0.0,mark,0.1651,0.0,0.8305151011589945
2024-11-04,TRX,9,-0.0003714176666682571,0.0003713486996653852,0.0,funding,0.1651,0.0,0.8302066904561266
2024-11-04,TRX,9,0.0041007717051123735,0.0,0.0,mark,0.1657,0.0,0.8336181686276131
2024-11-04,TRX,9,-0.020674119549354594,0.0,0.0,mark,0.1627,0.0,0.8165607777701805
2024-11-04,TRX,9,0.0013916518402302643,0.0,0.0,mark,0.1629,0.0,0.817697937160676
2024-11-05,TRX,9,0.0,0.0,0.0,mark,0.1629,0.0,0.817697937160676
2024-11-05,TRX,9,-0.00037221285871551,0.00037214359610319644,0.0,funding,0.1629,0.0,0.8173936361098149
2024-11-05,TRX,9,0.002084628155054793,0.0,0.0,mark,0.1632,0.0,0.8190993751955582
2024-11-05,TRX,9,-0.02388414629256061,0.0,0.0,mark,0.1598,0.0,0.7997676655571344
2024-11-05,TRX,9,0.002839688610253798,0.0,0.0,mark,0.1602,0.0,0.8020419843381255
2024-11-06,TRX,9,-0.0007091665262260978,0.0,0.0,mark,0.1601,0.0,0.8014734046428776
2024-11-06,TRX,9,-0.0003732206160097668,0.00037315097785937213,0.0,funding,0.1601,0.0,0.8011743340582068
2024-11-06,TRX,9,0.027991861176531036,0.0,0.0,mark,0.1641,0.0,0.8239175218681171
2024-11-06,TRX,9,-0.028701795983735165,0.0,0.0,mark,0.16,0.0,0.8006057543629591
2024-11-06,TRX,9,0.017598898676966804,0.0,0.0,mark,0.1625,0.0,0.814820246744153
2024-11-07,TRX,9,0.0,0.0,0.0,mark,0.1625,0.0,0.814820246744153
2024-11-07,TRX,9,-0.00037261027787561856,0.0003725408672873662,0.0,funding,0.1625,0.0,0.8145166929027476
2024-11-07,TRX,9,0.0027883399902240173,0.0,0.0,mark,0.1629,0.0,0.8167910116837386
2024-11-07,TRX,9,-0.023239726121032235,0.0,0.0,mark,0.1596,0.0,0.7980278817405626
2024-11-07,TRX,9,0.003556074615285508,0.0,0.0,mark,0.1601,0.0,0.8008707802168014
2024-11-08,TRX,9,0.0,0.0,0.0,mark,0.1601,0.0,0.8008707802168014
2024-11-08,TRX,9,-0.00037350150260572005,0.00037343175960272834,0.0,funding,0.1601,0.0,0.8005717096321305
2024-11-08,TRX,9,0.012702882954333578,0.0,0.0,mark,0.1619,0.0,0.8108061441465901
2024-11-08,TRX,9,-0.013413352349588585,0.0,0.0,mark,0.16,0.0,0.8000031299368828
2024-11-08,TRX,9,0.0063761257832470435,0.0,0.0,mark,0.1609,0.0,0.8051203471941125
2024-11-09,TRX,9,0.0007059553579800673,0.0,0.0,mark,0.161,0.0,0.8056889268893603
2024-11-09,TRX,9,-0.0003733549549820026,0.000373285266693936,0.0,funding,0.161,0.0,0.8053881750834141
2024-11-09,TRX,9,-0.008507725378786274,0.0,0.0,mark,0.1598,0.0,0.798565218740441
2024-11-09,TRX,9,0.01694367954694687,0.0,0.0,mark,0.1622,0.0,0.8122111314263871
2024-11-09,TRX,9,-0.0007002844214117612,0.0,0.0,mark,0.1621,0.0,0.8116425517311393
2024-11-10,TRX,9,0.0,0.0,0.0,mark,0.1621,0.0,0.8116425517311393
2024-11-10,TRX,9,-0.0003731484145631834,0.0003730788033522319,0.0,funding,0.1621,0.0,0.8113397450991897
2024-11-10,TRX,9,0.03240637804755883,0.0,0.0,mark,0.1668,0.0,0.8380629907758342
2024-11-10,TRX,9,-0.03873347211238464,0.0,0.0,mark,0.1612,0.0,0.8062225278419599
2024-11-10,TRX,9,0.01886243763037975,0.0,0.0,mark,0.1639,0.0,0.8215741796136492
2024-11-11,TRX,9,0.0006918219365655728,0.0,0.0,mark,0.164,0.0,0.822142759308897
2024-11-11,TRX,9,-0.0003727004421392602,0.00037263099795712535,0.0,funding,0.164,0.0,0.8218364034320326
2024-11-11,TRX,9,0.025950297858386127,0.0,0.0,mark,0.1678,0.0,0.8434424318514473
2024-11-11,TRX,9,-0.0280279761904551,0.0,0.0,mark,0.1637,0.0,0.8201306643462893
2024-11-11,TRX,9,0.027353630906374674,0.0,0.0,mark,0.1677,0.0,0.8428738521561994
2024-11-12,TRX,9,0.0,0.0,0.0,mark,0.1677,0.0,0.8428738521561994
2024-11-12,TRX,9,-0.00037173509821268255,0.0003716660132817721,0.0,funding,0.1677,0.0,0.842560584591869
2024-11-12,TRX,9,0.04620583471497382,0.0,0.0,mark,0.17470775185738602,0.0,0.8824052387463134
2024-11-12,TRX,9,-0.00040816154282346466,0.0004080782562328047,0.2814332801605549,partial_tp,0.17470775185738602,-1.4214492381193886,0.8820451483551951
2024-11-12,TRX,9,0.07267641154291604,0.0,0.0,mark,0.1903,0.0,0.9485359160838563
2024-11-12,TRX,9,-0.1237949845321422,0.0,0.0,mark,0.1644,0.0,0.8380893102819797
2024-11-12,TRX,9,0.11021606002292288,0.0,0.0,mark,0.1873,0.0,0.9357428729407817
2024-11-13,TRX,9,0.00045561408619479335,0.0,0.0,mark,0.1874,0.0,0.9361693077122176
2024-11-13,TRX,9,-0.00028049151334378773,0.0002804521792770242,0.0,funding,0.1874,0.0,0.9359067569896975
2024-11-13,TRX,9,0.021634897211648536,0.0,0.0,mark,0.1922,0.0,0.9563756260186167
2024-11-13,TRX,9,-0.08706308880798011,0.0,0.0,mark,0.1735,0.0,0.8766323237601189
2024-11-13,TRX,9,0.016882317660218218,0.0,0.0,mark,0.177,0.0,0.8915575407603725
2024-11-14,TRX,9,0.0,0.0,0.0,mark,0.177,0.0,0.8915575407603725
2024-11-14,TRX,9,-0.00027818129521772777,0.00027814260638882,0.0,funding,0.177,0.0,0.8913095606222399
2024-11-14,TRX,9,0.03756058310881283,0.0,0.0,mark,0.185,0.0,0.9254243423371052
2024-11-14,TRX,9,-0.041623465743522825,0.0,0.0,mark,0.17615252228465889,0.0,0.8876956209638556
2024-11-14,TRX,9,-0.001227755751060387,0.0012270023673235124,0.8462085291886292,stop,0.17615252228465889,-4.264347714358166,0.8866064163354702
2024-11-18,TRX,10,-0.0010285246247012504,0.0010279958745424468,0.7089626720982392,entry,0.1993,3.1538928952565923,0.8856949885971345
2024-11-18,TRX,10,-0.0002331909594770409,0.00023316377257847642,0.0,funding,0.1993,0.0,0.8854884766122393
2024-11-18,TRX,10,0.02670944280923735,0.0,0.0,mark,0.2069,0.0,0.9094580626161893
2024-11-18,TRX,10,-0.026709442809237295,0.0,0.0,mark,0.1993,0.0,0.8854884766122393
2024-11-18,TRX,10,0.010276108601076726,0.0,0.0,mark,0.2022,0.0,0.8946347660084834
2024-11-19,TRX,10,-0.0003525962854612242,0.0,0.0,mark,0.2021,0.0,0.8943193767189578
2024-11-19,TRX,10,-0.00023418684045289366,0.0002341594208552622,0.0,funding,0.2021,0.0,0.8941099634116456
2024-11-19,TRX,10,0.01609585236717719,0.0,0.0,mark,0.2067,0.0,0.9086178707298259
2024-11-19,TRX,10,-0.029233189465103088,0.0,0.0,mark,0.1984,0.0,0.8824405596991962
2024-11-19,TRX,10,0.003923754740826412,0.0,0.0,mark,0.1995,0.0,0.8859098418839785
2024-11-20,TRX,10,-0.00035606946462496555,0.0,0.0,mark,0.1994,0.0,0.8855944525944528
2024-11-20,TRX,10,-0.00023333446721116616,0.00023330724684149005,0.0,funding,0.1994,0.0,0.8853878369908998
2024-11-20,TRX,10,-0.021968729420657553,0.0,0.0,mark,0.1933,0.0,0.8661490903298347
2024-11-20,TRX,10,0.02303680674089538,0.0,0.0,mark,0.1997,0.0,0.8863340048594768
2024-11-20,TRX,10,-0.017951962021579133,0.0,0.0,mark,0.1947,0.0,0.8705645403831939
2024-11-21,TRX,10,0.00036221573342925194,0.0,0.0,mark,0.1948,0.0,0.8708799296727194
2024-11-21,TRX,10,-0.0002318029546164896,0.00023177609038742885,0.0,funding,0.1948,0.0,0.870678080527423
2024-11-21,TRX,10,0.023626142158360383,0.0,0.0,mark,0.2014,0.0,0.8914937736361165
2024-11-21,TRX,10,-0.02980316038816197,0.0,0.0,mark,0.1931,0.0,0.8653164626054868
2024-11-21,TRX,10,0.01949065873366586,0.0,0.0,mark,0.1985,0.0,0.8823474842398724
2024-11-22,TRX,10,0.0,0.0,0.0,mark,0.1985,0.0,0.8823474842398724
2024-11-22,TRX,10,-0.00023313605615128986,0.00023310888205269086,0.0,funding,0.1985,0.0,0.8821418012042392
2024-11-22,TRX,10,0.02227426159272767,0.0,0.0,mark,0.2048,0.0,0.9020113264443558
2024-11-22,TRX,10,-0.02837076226260297,0.0,0.0,mark,0.1968,0.0,0.876780183282303
2024-11-22,TRX,10,0.028370762262602888,0.0,0.0,mark,0.2048,0.0,0.9020113264443558
2024-11-23,TRX,10,0.0,0.0,0.0,mark,0.2048,0.0,0.9020113264443558
2024-11-23,TRX,10,-0.00023529192106188707,0.00023526424208874204,0.0,funding,0.2048,0.0,0.9017991154332844
2024-11-23,TRX,10,0.031383370226534764,0.0,0.0,mark,0.21391580610557853,0.0,0.9305493915442051
2024-11-23,TRX,10,-0.000262854535218953,0.00026281999199226835,0.18125516689121957,partial_tp,0.21391580610557853,-0.7884732238141481,0.9303048245605711
2024-11-23,TRX,10,0.02729844654392581,0.0,0.0,mark,0.2248,0.0,0.9560505109062294
2024-11-23,TRX,10,-0.05100972246388146,0.0,0.0,mark,0.2047,0.0,0.9085055755102363
2024-11-23,TRX,10,0.01882818960337098,0.0,0.0,mark,0.212,0.0,0.9257731391117661
2024-11-24,TRX,10,0.0002554748492661438,0.0,0.0,mark,0.2121,0.0,0.9260096810789104
2024-11-24,TRX,10,-0.00017801763314688267,0.00017800178894813757,0.0,funding,0.2121,0.0,0.925844849699095
2024-11-24,TRX,10,0.012693480599610974,0.0,0.0,mark,0.2171,0.0,0.9376719480563072
2024-11-24,TRX,10,-0.04172548219083554,0.0,0.0,mark,0.2009,0.0,0.8993521493789396
2024-11-24,TRX,10,0.019791885863110526,0.0,0.0,mark,0.2085,0.0,0.9173293388819022
2024-11-25,TRX,10,0.00025782613188047096,0.0,0.0,mark,0.2086,0.0,0.9175658808490464
2024-11-25,TRX,10,-0.00017669108635551728,0.000176675477404854,0.0,funding,0.2086,0.0,0.917403769458997
2024-11-25,TRX,10,0.00949480404580139,0.0,0.0,mark,0.2123,0.0,0.926155822243334
2024-11-25,TRX,10,-0.03310598851153634,0.0,0.0,mark,0.19954990632009637,0.0,0.8959964998401561
2024-11-25,TRX,10,-0.0007641653606531682,0.0007638734606619304,0.5268092832151243,stop,0.19954990632009637,-2.365419671442444,0.8953120718930822
2024-11-30,TRX,11,-0.0009194156626310388,0.0009189931295551037,0.6337883652104164,entry,0.2045,2.7747597770086423,0.8944892862502046
2024-11-30,TRX,11,-0.00020843941335972933,0.00020841769137443155,0.0,funding,0.2045,0.0,0.8943028588582052
2024-11-30,TRX,11,-0.005912588329830145,0.0,0.0,mark,0.2026,0.0,0.8890308152818888
2024-11-30,TRX,11,0.014255002435683865,0.0,0.0,mark,0.2072,0.0,0.9017947102561285
2024-11-30,TRX,11,-0.007102100796097926,0.0,0.0,mark,0.2049,0.0,0.8954127627690086
2024-12-01,TRX,11,0.0,0.0,0.0,mark,0.2049,0.0,0.8954127627690086
2024-12-01,TRX,11,-0.00020863174613422767,0.00020860998404499844,0.0,funding,0.2049,0.0,0.8952259707268537
2024-12-01,TRX,11,0.014462596761320754,0.0,0.0,mark,0.2096,0.0,0.9082673416787944
2024-12-01,TRX,11,-0.022553963742545487,0.0,0.0,mark,0.2023,0.0,0.8880115953066313
2024-12-01,TRX,11,0.015194944404712068,0.0,0.0,mark,0.2072,0.0,0.9016079182139737
2024-12-02,TRX,11,0.0,0.0,0.0,mark,0.2072,0.0,0.9016079182139737
2024-12-02,TRX,11,-0.0009250522920024099,0.0009246245630316561,0.6376721124356248,rotation,0.2072,-2.7747597770086423,0.9007742693865692
2024-12-02,XRP,12,-0.0004444098908877622,0.0004443111554390732,0.30642148650970563,entry,2.2937,0.1203368315974742,0.9003740453301483
2024-12-02,XRP,12,-0.00010072217900649522,0.0001007171066982239,0.0,funding,2.2937,0.0,0.9002833622613565
2024-12-02,XRP,12,0.03887205358754892,0.0,0.0,mark,2.590242154362735,0.0,0.9359683055524571
2024-12-02,XRP,12,-0.00012072911680408279,0.00012072182933754765,0.08325643402589493,partial_tp,2.590242154362735,-0.03008420789936855,0.9358553137464088
2024-12-02,XRP,12,0.026837898159936965,0.0,0.0,mark,2.8723,0.0,0.9613117743498073
2024-12-02,XRP,12,-0.06508856002992565,0.0,0.0,mark,2.2011,0.0,0.9007342133236388
2024-12-02,XRP,12,0.05111520315307214,0.0,0.0,mark,2.7245,0.0,0.9479724365672273
2024-12-03,XRP,12,-9.520641091244582e-06,0.0,0.0,mark,2.7244,0.0,0.9479634113048575
2024-12-03,XRP,12,-8.522139900353837e-05,8.521776776326194e-05,0.0,funding,2.7244,0.0,0.9478826279790249
2024-12-03,XRP,12,0.017442715441854644,0.0,0.0,mark,2.9092,0.0,0.9645613128384348
2024-12-03,XRP,12,-0.06366466520780566,0.0,0.0,mark,2.25,0.0,0.9050667832966436
2024-12-03,XRP,12,0.02561605065035952,0.0,0.0,mark,2.5102,0.0,0.9285505159828907
2024-12-04,XRP,12,9.719684985455675e-06,0.0,0.0,mark,2.5103,0.0,0.9285595412452605
2024-12-04,XRP,12,-8.016487765267229e-05,8.016166453468529e-05,0.0,funding,2.5103,0.0,0.9284851063668147
2024-12-04,XRP,12,0.01636097392081369,0.0,0.0,mark,2.68,0.0,0.9438009766083832
2024-12-04,XRP,12,-0.03900146680195607,0.0,0.0,mark,2.28,0.0,0.9076999271291409
2024-12-04,XRP,12,0.007666421449796434,0.0,0.0,mark,2.3574,0.0,0.9146854802033744
2024-12-05,XRP,12,0.0,0.0,0.0,mark,2.3574,0.0,0.9146854802033744
2024-12-05,XRP,12,-7.642385603233804e-05,7.642093580385395e-05,0.0,funding,2.3574,0.0,0.914615579083011
2024-12-05,XRP,12,0.01340887631001884,0.0,0.0,mark,2.4942,0.0,0.9269621380049119
2024-12-05,XRP,12,-0.024567639146721013,0.0,0.0,mark,2.2449462442298302,0.0,0.9044663325800473
2024-12-05,XRP,12,-0.00032487173060229715,0.00032481896549563087,0.2240130796521592,stop,2.2449462442298302,-0.09025262369810565,0.9041725447615729
2024-12-09,XRP,13,-0.00044951681900643066,0.0004494158014580822,0.30994193204005666,entry,2.6013,0.10773112882826913,0.9037661953327125
2024-12-09,XRP,13,-0.0001018799452225453,0.00010187475563708659,0.0,funding,2.6013,0.0,0.9036741243724099
2024-12-09,XRP,13,-0.07422869870385208,0.0,0.0,mark,2.0012,0.0,0.8390246739625655
2024-12-09,XRP,13,0.07497946864306634,0.0,0.0,mark,2.6076,0.0,0.9043528304840279
2024-12-09,XRP,13,-0.048222480252167334,0.0,0.0,mark,2.2124,0.0,0.861777488371096
2024-12-10,XRP,13,0.0,0.0,0.0,mark,2.2124,0.0,0.861777488371096
2024-12-10,XRP,13,-9.08699875666761e-05,9.086585901433234e-05,0.0,funding,2.2124,0.0,0.861699182219336
2024-12-10,XRP,13,0.02562341113852406,0.0,0.0,mark,2.42,0.0,0.8840641645640845
2024-12-10,XRP,13,-0.06546337836589139,0.0,0.0,mark,1.9,0.0,0.8280439775733845
2024-12-10,XRP,13,0.059462132524491104,0.0,0.0,mark,2.3709,0.0,0.8787745661386165
2024-12-11,XRP,13,-1.2259320346256714e-05,0.0,0.0,mark,2.3708,0.0,0.8787637930257337
2024-12-11,XRP,13,-9.549392229929071e-05,9.548936289982539e-05,0.0,funding,2.3708,0.0,0.8786798804309982
2024-12-11,XRP,13,0.012125452090122323,0.0,0.0,mark,2.4703,0.0,0.889399127749411
2024-12-11,XRP,13,-0.02950164305214339,0.0,0.0,mark,2.2303,0.0,0.8635436568306264
2024-12-11,XRP,13,0.02022883025014839,0.0,0.0,mark,2.3941,0.0,0.8811900157326968
2024-12-12,XRP,13,1.2225566378488786e-05,0.0,0.0,mark,2.3942,0.0,0.8812007888455797
2024-12-12,XRP,13,-9.616978917548179e-05,9.61651650095937e-05,0.0,funding,2.3942,0.0,0.8811160480263138
2024-12-12,XRP,13,0.010919709713469044,0.0,0.0,mark,2.484,0.0,0.8907903033950924
2024-12-12,XRP,13,-0.021515029721752104,0.0,0.0,mark,2.308,0.0,0.871829624721317
2024-12-12,XRP,13,0.0037494600668612973,0.0,0.0,mark,2.3384,0.0,0.8751046510376964
2024-12-13,XRP,13,1.231058086413537e-05,0.0,0.0,mark,2.3385,0.0,0.8751154241505792
2024-12-13,XRP,13,-9.458555283127592e-05,9.45810797588019e-05,0.0,funding,2.3385,0.0,0.8750326547888494
2024-12-13,XRP,13,0.01712578536241803,0.0,0.0,mark,2.4788,0.0,0.8901473321634555
2024-12-13,XRP,13,-0.02385825757895786,0.0,0.0,mark,2.284,0.0,0.8691613082677087
2024-12-13,XRP,13,0.016923674114998132,0.0,0.0,mark,2.4217,0.0,0.8839958847073613
2024-12-14,XRP,13,1.218676175390146e-05,0.0,0.0,mark,2.4218,0.0,0.8840066578202442
2024-12-14,XRP,13,-9.696969451493574e-05,9.696499310615072e-05,0.0,funding,2.4218,0.0,0.8839209401207629
2024-12-14,XRP,13,0.013329608805584819,0.0,0.0,mark,2.5319,0.0,0.8957821374047553
2024-12-14,XRP,13,-0.021529004590642057,0.0,0.0,mark,2.3548,0.0,0.8767029544892688
2024-12-14,XRP,13,0.005600004132714402,0.0,0.0,mark,2.4005,0.0,0.8816262670767208
2024-12-15,XRP,13,1.2219516890688914e-05,0.0,0.0,mark,2.4006,0.0,0.8816370401896035
2024-12-15,XRP,13,-9.637915939014086e-05,9.637451506818236e-05,0.0,funding,2.4006,0.0,0.8815520728473891
2024-12-15,XRP,13,-0.004028688254065966,0.0,0.0,mark,2.3677,0.0,0.8780077187089391
2024-12-15,XRP,13,0.012837505325315982,0.0,0.0,mark,2.473,0.0,0.8893518065745558
2024-12-15,XRP,13,-0.003166617204289593,0.0,0.0,mark,2.4469,0.0,0.886540024112138
2024-12-16,XRP,13,1.2151789128151754e-05,0.0,0.0,mark,2.447,0.0,0.8865507972250208
2024-12-16,XRP,13,-9.769757661571669e-05,9.769280436287553e-05,0.0,funding,2.447,0.0,0.8864641875914298
2024-12-16,XRP,13,-0.0139142053310295,0.0,0.0,mark,2.3333,0.0,0.8742151582436556
2024-12-16,XRP,13,0.030809049680162213,0.0,0.0,mark,2.5872,0.0,0.9015680918531531
2024-12-16,XRP,13,-0.012396251364114362,0.0,0.0,mark,2.4841,0.0,0.8904610124709585
2024-12-17,XRP,13,1.2098281186938051e-05,0.0,0.0,mark,2.4842,0.0,0.8904717855838413
2024-12-17,XRP,13,-9.874612639598652e-05,9.874125115774449e-05,0.0,funding,2.4842,0.0,0.8903838592856121
2024-12-17,XRP,13,0.02908339140461857,0.0,0.0,mark,2.7281,0.0,0.916659481606827
2024-12-17,XRP,13,-0.03443351441988984,0.0,0.0,mark,2.4401,0.0,0.8856329165042854
2024-12-17,XRP,13,0.015354515431508906,0.0,0.0,mark,2.5673,0.0,0.8993363160912412
2024-12-18,XRP,13,-1.1979030776238898e-05,0.0,0.0,mark,2.5672,0.0,0.8993255429783584
2024-12-18,XRP,13,-0.00010104083998585841,0.00010103573553206913,0.0,funding,2.5672,0.0,0.8992346789606408
2024-12-18,XRP,13,0.002978657320618216,0.0,0.0,mark,2.5921,0.0,0.9019171840684647
2024-12-18,XRP,13,-0.041995115729558524,0.0,0.0,mark,2.2478,0.0,0.8648253564128916
2024-12-18,XRP,13,0.007755461528766164,0.0,0.0,mark,2.3103,0.0,0.8715585519646584
2024-12-19,XRP,13,-1.2360821244751223e-05,0.0,0.0,mark,2.3102,0.0,0.8715477788517756
2024-12-19,XRP,13,-9.382336054491822e-05,9.381895927101619e-05,0.0,funding,2.3102,0.0,0.8714660111462087
2024-12-19,XRP,13,0.014908218000147374,0.0,0.0,mark,2.4317,0.0,0.8845553432988434
2024-12-19,XRP,13,-0.033713555721250524,0.0,0.0,mark,2.1595,0.0,0.8552309300317885
2024-12-19,XRP,13,0.009964588311724117,0.0,0.0,mark,2.239,0.0,0.8637955547736359
2024-12-20,XRP,13,1.2471754043759647e-05,0.0,0.0,mark,2.2391,0.0,0.8638063278865188
2024-12-20,XRP,13,-9.17506741468844e-05,9.17464651824638e-05,0.0,funding,2.2391,0.0,0.8637270767093329
2024-12-20,XRP,13,0.014352507323120128,0.0,0.0,mark,2.355,0.0,0.8762131145405293
2024-12-20,XRP,13,-0.04977159211004707,0.0,0.0,mark,1.9601,0.0,0.8336700917662458
2024-12-20,XRP,13,0.040420630065355026,0.0,0.0,mark,2.2793,0.0,0.8680578680882294
2024-12-21,XRP,13,0.0,0.0,0.0,mark,2.2793,0.0,0.8680578680882294
2024-12-21,XRP,13,-9.294054742673731e-05,9.293622858782347e-05,0.0,funding,2.2793,0.0,0.8679771940637733
2024-12-21,XRP,13,-0.01095732624609598,0.0,0.0,mark,2.1915,0.0,0.8585184009526512
2024-12-21,XRP,13,0.024089234076573894,0.0,0.0,mark,2.3858,0.0,0.8794505592839839
2024-12-21,XRP,13,-0.018271142398897943,0.0,0.0,mark,2.238,0.0,0.8635278984431657
2024-12-22,XRP,13,-1.247577536741745e-05,0.0,0.0,mark,2.2379,0.0,0.8635171253302828
2024-12-22,XRP,13,-9.17322133630868e-05,9.172800609216895e-05,0.0,funding,2.2379,0.0,0.8634379166261498
2024-12-22,XRP,13,0.006950431396798104,0.0,0.0,mark,2.2938,0.0,0.8694600867276501
2024-12-22,XRP,13,-0.016667159471474097,0.0,0.0,mark,2.1604,0.0,0.855088754141959
2024-12-22,XRP,13,0.005365279045204549,0.0,0.0,mark,2.2031,0.0,0.859688873342926
2024-12-23,XRP,13,1.2531330480368126e-05,0.0,0.0,mark,2.2032,0.0,0.8596996464558088
2024-12-23,XRP,13,-9.071082236141742e-05,9.070670825917479e-05,0.0,funding,2.2032,0.0,0.8596216659307871
2024-12-23,XRP,13,0.009442299126610834,0.0,0.0,mark,2.2789,0.0,0.8677769123830872
2024-12-23,XRP,13,-0.018557163018396942,0.0,0.0,mark,2.1308,0.0,0.8518219322036205
2024-12-23,XRP,13,0.016419566878774546,0.0,0.0,mark,2.2617,0.0,0.8659239369672409
2024-12-24,XRP,13,-1.2441254293217797e-05,0.0,0.0,mark,2.2616,0.0,0.8659131638543581
2024-12-24,XRP,13,-9.244719957038679e-05,9.244292645968015e-05,0.0,funding,2.2616,0.0,0.8658331163074314
2024-12-24,XRP,13,0.01102524933489154,0.0,0.0,mark,2.3507,0.0,0.8754319598860302
2024-12-24,XRP,13,-0.01699051254263003,0.0,0.0,mark,2.2138,0.0,0.8606835683494402
2024-12-24,XRP,13,0.013674692784618471,0.0,0.0,mark,2.3238,0.0,0.8725339925205498
2024-12-25,XRP,13,0.0,0.0,0.0,mark,2.3238,0.0,0.8725339925205498
2024-12-25,XRP,13,-9.426904208746805e-05,9.42645989009621e-05,0.0,funding,2.3238,0.0,0.8724517434537173
2024-12-25,XRP,13,0.0010737072233750866,0.0,0.0,mark,2.3325,0.0,0.8733890042745233
2024-12-25,XRP,13,-0.008796310145522778,0.0,0.0,mark,2.2615,0.0,0.8657400941277161
2024-12-25,XRP,13,0.0044449935029216995,0.0,0.0,mark,2.2973,0.0,0.8695968685397681
2024-12-26,XRP,13,0.0,0.0,0.0,mark,2.2973,0.0,0.8695968685397681
2024-12-26,XRP,13,-9.350875664431167e-05,9.350438483673987e-05,0.0,funding,2.2973,0.0,0.8695155574195194
2024-12-26,XRP,13,0.0023636537584483296,0.0,0.0,mark,2.3164,0.0,0.8715732219801393
2024-12-26,XRP,13,-0.023600650260438807,0.0,0.0,mark,2.1277,0.0,0.8512443579702449
2024-12-26,XRP,13,0.0035625604523992953,0.0,0.0,mark,2.1559,0.0,0.8542823758032021
2024-12-27,XRP,13,0.0,0.0,0.0,mark,2.1559,0.0,0.8542823758032021
2024-12-27,XRP,13,-8.932618668771072e-05,8.932219722263537e-05,0.0,funding,2.1559,0.0,0.8542060694243467
2024-12-27,XRP,13,0.010288601656686484,0.0,0.0,mark,2.2379,0.0,0.8630400219882648
2024-12-27,XRP,13,-0.015472872447807973,0.0,0.0,mark,2.1149,0.0,0.8497890931423877
2024-12-27,XRP,13,0.004010680999978817,0.0,0.0,mark,2.1466,0.0,0.8532041699262438
2024-12-28,XRP,13,1.2626573156872496e-05,0.0,0.0,mark,2.1467,0.0,0.8532149430391267
2024-12-28,XRP,13,-8.905626427195317e-05,8.9052298880518e-05,0.0,funding,2.1467,0.0,0.8531389622870098
2024-12-28,XRP,13,0.0076608003305879205,0.0,0.0,mark,2.2076,0.0,0.8596997880326513
2024-12-28,XRP,13,-0.009227852142253924,0.0,0.0,mark,2.1343,0.0,0.8518030962895392
2024-12-28,XRP,13,0.006303800038968428,0.0,0.0,mark,2.1843,0.0,0.8571896527309526
2024-12-29,XRP,13,0.0,0.0,0.0,mark,2.1843,0.0,0.8571896527309526
2024-12-29,XRP,13,-9.019598036669428e-05,9.019191283163524e-05,0.0,funding,2.1843,0.0,0.8571123411565134
2024-12-29,XRP,13,0.0016702918166930402,0.0,0.0,mark,2.1976,0.0,0.8585451651699293
2024-12-29,XRP,13,-0.016000680743356917,0.0,0.0,mark,2.0711,0.0,0.8449171773731532
2024-12-29,XRP,13,0.002941035431577262,0.0,0.0,mark,2.0942,0.0,0.8474057664490862
2024-12-30,XRP,13,-1.2713131995852196e-05,0.0,0.0,mark,2.0941,0.0,0.8473949933362034
2024-12-30,XRP,13,-8.747072957270839e-05,8.746690411993322e-05,0.0,funding,2.0941,0.0,0.8473208743195695
2024-12-30,XRP,13,0.007410355430203833,0.0,0.0,mark,2.1526,0.0,0.8536231453560232
2024-12-30,XRP,13,-0.02003879827994186,0.0,0.0,mark,1.9954,0.0,0.8366878119042194
2024-12-30,XRP,13,0.008117412422869444,0.0,0.0,mark,2.0587,0.0,0.8435071923590488
2024-12-31,XRP,13,0.0,0.0,0.0,mark,2.0587,0.0,0.8435071923590488
2024-12-31,XRP,13,-8.638836713003112e-05,8.638463576245935e-05,0.0,funding,2.0587,0.0,0.8434343262974738
2024-12-31,XRP,13,0.011480558404040973,0.0,0.0,mark,2.1491,0.0,0.8531732203435494
2024-12-31,XRP,13,-0.01738627555358266,0.0,0.0,mark,2.0126,0.0,0.8384679212584907
2024-12-31,XRP,13,0.009081125422463717,0.0,0.0,mark,2.0836,0.0,0.8461168314052978
2024-12-31,XRP,13,-0.0003847483548492193,0.0003846743486924392,0.2652926542706477,boundary_exit,2.0836,-0.10773112882826913,0.8457913519642593
2025-01-01,TRX,1,-0.0005762729059979783,0.0005761068926580375,0.3973150983848534,entry,0.2547,1.5599336410869786,0.9994238931073419
2025-01-01,TRX,1,-0.00013061851011808047,0.00013060997989195838,0.0,funding,0.2547,0.0,0.9992933583727597
2025-01-01,TRX,1,0.002650247438590558,0.0,0.0,mark,0.2564,0.0,1.0019452455626077
2025-01-01,TRX,1,-0.005464068645304544,0.0,0.0,mark,0.2529,0.0,0.9964854778188033
2025-01-01,TRX,1,0.0046853129545945124,0.0,0.0,mark,0.2559,0.0,1.0011652787420642
2025-01-02,TRX,1,0.00015579966253276777,0.0,0.0,mark,0.256,0.0,1.0013212721061728
2025-01-02,TRX,1,-0.00013103645104382063,0.00013102786614297796,0.0,funding,0.256,0.0,1.001190071116565
2025-01-02,TRX,1,-0.00046753310130279857,0.0,0.0,mark,0.2557,0.0,1.000722091024239
2025-01-02,TRX,1,0.017154780962392306,0.0,0.0,mark,0.2668,0.0,1.0180373544403043
2025-01-02,TRX,1,-0.0026083003151234256,0.0,0.0,mark,0.2651,0.0,1.0153854672504565
2025-01-03,TRX,1,0.00015361789956605662,0.0,0.0,mark,0.2652,0.0,1.0155414606145652
2025-01-03,TRX,1,-0.00013384497480870662,0.00013383601796958418,0.0,funding,0.2652,0.0,1.0154055445893935
2025-01-03,TRX,1,0.009327588836144181,0.0,0.0,mark,0.2713,0.0,1.024921139800024
2025-01-03,TRX,1,-0.015955451124313683,0.0,0.0,mark,0.2609,0.0,1.0086978299327194
2025-01-03,TRX,1,0.014279844143816911,0.0,0.0,mark,0.2702,0.0,1.0232052127948283
2025-01-04,TRX,1,0.0,0.0,0.0,mark,0.2702,0.0,1.0232052127948283
2025-01-04,TRX,1,-0.0005974842513779523,0.0005973057932065262,0.41193502979760427,rotation,0.2702,-1.5599336410869786,1.022594046393587
2025-02-02,XRP,2,-0.00036988123509384556,0.0003698128374630099,0.25504333618138614,entry,2.8779,0.09062364819884068,1.0222158779877173
2025-02-02,XRP,2,-8.382698422515119e-05,8.382347084163856e-05,0.0,funding,2.8779,0.0,1.022130192304875
2025-02-02,XRP,2,0.006891797890231821,0.0,0.0,mark,2.9559,0.0,1.0291988368643845
2025-02-02,XRP,2,-0.04461969210856157,0.0,0.0,mark,2.4603,0.0,0.9842857568170391
2025-02-02,XRP,2,0.010960547904140297,0.0,0.0,mark,2.58,0.0,0.9951334075064403
2025-02-03,XRP,2,9.10664187116806e-06,0.0,0.0,mark,2.5801,0.0,0.9951424698712602
2025-02-03,XRP,2,-7.719703203910528e-05,7.719405242484361e-05,0.0,funding,2.5801,0.0,0.9950656507912707
2025-02-03,XRP,2,0.018166978405898274,0.0,0.0,mark,2.7814,0.0,1.0133081911736974
2025-02-03,XRP,2,-0.0947004425417401,0.0,0.0,mark,1.7711,0.0,0.9217511193984087
2025-02-03,XRP,2,0.08740294088305288,0.0,0.0,mark,2.7001,0.0,1.0059404885751317
2025-02-04,XRP,2,-9.008888442060017e-06,0.0,0.0,mark,2.7,0.0,1.0059314262103118
2025-02-04,XRP,2,-7.991812843165286e-05,7.991493506306065e-05,0.0,funding,2.7,0.0,1.0058510372657083
2025-02-04,XRP,2,-0.0254674914285881,0.0,0.0,mark,2.4209,0.0,0.9805579770534119
2025-02-04,XRP,2,0.033311083129946524,0.0,0.0,mark,2.7874,0.0,1.0137715441182868
2025-02-04,XRP,2,-0.023516425651476845,0.0,0.0,mark,2.5274,0.0,0.9902093955865883
2025-02-05,XRP,2,9.151926240342774e-06,0.0,0.0,mark,2.5275,0.0,0.9902184579514082
2025-02-05,XRP,2,-7.599923357346905e-05,7.599634570487324e-05,0.0,funding,2.5275,0.0,0.9901432049671544
2025-02-05,XRP,2,-0.017459054818128594,0.0,0.0,mark,2.3384,0.0,0.9730062730927536
2025-02-05,XRP,2,0.02126841580908109,0.0,0.0,mark,2.5692,0.0,0.9939222110970459
2025-02-05,XRP,2,-0.01730859664867146,0.0,0.0,mark,2.381,0.0,0.9768668405060241
2025-02-06,XRP,2,0.0,0.0,0.0,mark,2.381,0.0,0.9768668405060241
2025-02-06,XRP,2,-7.257254431575096e-05,7.256991099245486e-05,0.0,funding,2.381,0.0,0.9767959493663572
2025-02-06,XRP,2,-0.009676864387292611,0.0,0.0,mark,2.2772,0.0,0.9673892146833175
2025-02-06,XRP,2,0.017890862231237176,0.0,0.0,mark,2.4699,0.0,0.9848523916912341
2025-02-06,XRP,2,-0.013423021774388222,0.0,0.0,mark,2.325,0.0,0.971721025067222
2025-02-07,XRP,2,9.326053803542874e-06,0.0,0.0,mark,2.3251,0.0,0.9717300874320419
2025-02-07,XRP,2,-0.0003144660847742484,0.00031441664549745424,0.2168390658603132,rotation,2.3251,-0.09062364819884068,0.9714245593176226
2025-03-02,LTC,3,-0.000355680035721412,0.0003556167890762774,0.24525295798363955,entry,124.31,0.0019165372587128988,0.9710791044350082
2025-03-02,LTC,3,-8.060783355518036e-05,8.06045848310805e-05,0.0,funding,124.31,0.0,0.9710008310069571
2025-03-02,LTC,3,0.011168183324024653,0.0,0.0,mark,130.0,0.0,0.9819059280090335
2025-03-02,LTC,3,-0.02478077507931465,0.0,0.0,mark,117.46,0.0,0.9578725507847737
2025-03-02,LTC,3,0.02065385859439561,0.0,0.0,mark,127.89,0.0,0.9778620343931492
2025-03-03,LTC,3,0.0,0.0,0.0,mark,127.89,0.0,0.9778620343931492
2025-03-03,LTC,3,-0.00036351572751549063,0.00036344966367868965,0.2506549404680618,rotation,127.89,-0.0019165372587128988,0.9775066307656248
2025-04-02,TRX,4,-0.0007247373144569192,0.0007244747558020435,0.4996377626220989,entry,0.2378,2.053823490092527,0.9767984518880061
2025-04-02,TRX,4,-0.00016428454119421496,0.00016427104722792604,0.0,funding,0.2378,0.0,0.9766379921833838
2025-04-02,TRX,4,0.005034392601869519,0.0,0.0,mark,0.2402,0.0,0.9815671685596058
2025-04-02,TRX,4,-0.01709364428640664,0.0,0.0,mark,0.2321,0.0,0.9649311982898563
2025-04-02,TRX,4,0.0042478973969735075,0.0,0.0,mark,0.2341,0.0,0.9690388452700414
2025-04-03,TRX,4,-0.00021196685551474207,0.0,0.0,mark,0.234,0.0,0.9688334629210321
2025-04-03,TRX,4,-0.0007195385756077119,0.0007192797698041469,0.49605501365803234,rotation,0.234,-2.053823490092527,0.9681366006108437
2025-05-02,SOL,5,-0.0005243703338296892,0.000524232875733576,0.36153991429901783,entry,150.85,0.0023203183534278218,0.9676290715766026
2025-05-02,SOL,5,-0.0001188504447154969,0.0001188433822812438,0.0,funding,150.85,0.0,0.9675140752649428
2025-05-02,SOL,5,0.002538894869954823,0.0,0.0,mark,151.91,0.0,0.9699736127195763
2025-05-02,SOL,5,-0.011089049244644458,0.0,0.0,mark,147.3,0.0,0.9592769451102741
2025-05-02,SOL,5,0.001812471553395114,0.0,0.0,mark,148.05,0.0,0.961017183875345
2025-05-03,SOL,5,-2.414469173039393e-05,0.0,0.0,mark,148.04,0.0,0.9609939806918106
2025-05-03,SOL,5,-0.00011744174825906605,0.0001174348522469136,0.0,funding,148.04,0.0,0.9608811265056779
2025-05-03,SOL,5,0.002435960358119771,0.0,0.0,mark,149.05,0.0,0.9632246480426401
2025-05-03,SOL,5,-0.007811196912792452,0.0,0.0,mark,145.82,0.0,0.9557300197610682
2025-05-03,SOL,5,0.0021584081772485987,0.0,0.0,mark,146.71,0.0,0.957795103095619
2025-05-04,SOL,5,0.0,0.0,0.0,mark,146.71,0.0,0.957795103095619
2025-05-04,SOL,5,-0.00011677531801621809,0.00011676850004407494,0.0,funding,146.71,0.0,0.9576832627980809
2025-05-04,SOL,5,0.002661584624605323,0.0,0.0,mark,147.81,0.0,0.9602356129868515
2025-05-04,SOL,5,-0.010469319093638794,0.0,0.0,mark,143.5,0.0,0.9502350408835776
2025-05-04,SOL,5,0.0010982230374559014,0.0,0.0,mark,143.95,0.0,0.95127918414262
2025-05-05,SOL,5,-2.4391857728524478e-05,0.0,0.0,mark,143.94,0.0,0.9512559809590858
2025-05-05,SOL,5,-0.00011535800694999774,0.00011535135347097866,0.0,funding,143.94,0.0,0.9511462522941848
2025-05-05,SOL,5,-0.0035190602010574815,0.0,0.0,mark,142.5,0.0,0.9478049938652487
2025-05-05,SOL,5,0.012722273743201885,0.0,0.0,mark,147.73,0.0,0.9599402588536762
2025-05-05,SOL,5,-0.002444305073068111,0.0,0.0,mark,146.72,0.0,0.9575967373167141
2025-05-06,SOL,5,0.0,0.0,0.0,mark,146.72,0.0,0.9575967373167141
2025-05-06,SOL,5,-0.00011680747110473154,0.0001168006493776926,0.0,funding,146.72,0.0,0.9574848893959536
2025-05-06,SOL,5,0.0012351439822597373,0.0,0.0,mark,147.23,0.0,0.9586682517562017
2025-05-06,SOL,5,-0.014186627315014763,0.0,0.0,mark,141.41,0.0,0.9451639989392518
2025-05-06,SOL,5,0.013339143739372441,0.0,0.0,mark,146.88,0.0,0.957856140332502
2025-05-07,SOL,5,2.4223786353607174e-05,0.0,0.0,mark,146.89,0.0,0.9578793435160362
2025-05-07,SOL,5,-0.00011690831625125396,0.0001169014827403009,0.0,funding,146.89,0.0,0.9577673660004928
2025-05-07,SOL,5,0.006399455871931027,0.0,0.0,mark,149.54,0.0,0.9639162096370766
2025-05-07,SOL,5,-0.011767857827090368,0.0,0.0,mark,144.68,0.0,0.9526394624394174
2025-05-07,SOL,5,0.006409591706236676,0.0,0.0,mark,147.32,0.0,0.9587651028924669
2025-05-08,SOL,5,0.0,0.0,0.0,mark,147.32,0.0,0.9587651028924669
2025-05-08,SOL,5,-0.00011714224031436392,0.00011713537942998284,0.0,funding,147.32,0.0,0.9586527975783553
2025-05-08,SOL,5,0.040973430165930386,0.0,0.0,mark,164.6,0.0,0.9987478987255881
2025-05-08,SOL,5,-0.04155449372949816,0.0,0.0,mark,147.08,0.0,0.9580959211735327
2025-05-08,SOL,5,0.04122918900595822,0.0,0.0,mark,164.46,0.0,0.9984230541561082
2025-05-09,SOL,5,0.0,0.0,0.0,mark,164.46,0.0,0.9984230541561082
2025-05-09,SOL,5,-0.00012557741837318685,0.00012556953385917588,0.0,funding,164.46,0.0,0.9982976826386035
2025-05-09,SOL,5,0.008403653697086932,0.0,0.0,mark,168.09083692336878,0.0,1.0067223801901994
2025-05-09,SOL,5,-0.00014044956556043866,0.00014043970298192843,0.09685496757374375,partial_tp,168.09083692336878,-0.0005800795883569554,1.0065809963981402
2025-05-09,SOL,5,0.013836999479676072,0.0,0.0,mark,176.15,0.0,1.0206058643981217
2025-05-09,SOL,5,-0.02604931932322131,0.0,0.0,mark,161.07,0.0,0.994363063820853
2025-05-09,SOL,5,0.020286547166333126,0.0,0.0,mark,172.78,0.0,1.0147412597598329
2025-05-10,SOL,5,-1.7149728274871762e-05,0.0,0.0,mark,172.77,0.0,1.0147238573721822
2025-05-10,SOL,5,-9.735123412203831e-05,9.734649564427325e-05,0.0,funding,172.77,0.0,1.0146250775606203
2025-05-10,SOL,5,0.010594785948926443,0.0,0.0,mark,178.98,0.0,1.0254319602917104
2025-05-10,SOL,5,-0.01756540004279541,0.0,0.0,mark,168.72,0.0,1.0075771105620832
2025-05-10,SOL,5,0.015713871209025836,0.0,0.0,mark,177.89,0.0,1.023535100037783
2025-05-11,SOL,5,0.0,0.0,0.0,mark,177.89,0.0,1.023535100037783
2025-05-11,SOL,5,-9.9373419221892e-05,9.936848184723968e-05,0.0,funding,177.89,0.0,1.0234333929087749
2025-05-11,SOL,5,0.004021832497097644,0.0,0.0,mark,180.26,0.0,1.0275577587819928
2025-05-11,SOL,5,-0.01864965376590259,0.0,0.0,mark,169.35,0.0,1.0085717538550698
2025-05-11,SOL,5,0.006603869169304379,0.0,0.0,mark,173.19,0.0,1.015254270712942
2025-05-12,SOL,5,1.714076858184519e-05,0.0,0.0,mark,173.2,0.0,1.0152716731005926
2025-05-12,SOL,5,-9.754087769334e-05,9.753612073658595e-05,0.0,funding,173.2,0.0,1.0151726474401046
2025-05-12,SOL,5,0.014060224720136629,0.0,0.0,mark,181.46,0.0,1.02954701963959
2025-05-12,SOL,5,-0.02247813774740643,0.0,0.0,mark,168.31,0.0,1.0066628798789081
2025-05-12,SOL,5,0.010164900110917944,0.0,0.0,mark,174.22,0.0,1.0169476909804769
2025-05-13,SOL,5,0.0,0.0,0.0,mark,174.22,0.0,1.0169476909804769
2025-05-13,SOL,5,-9.795362779914438e-05,9.79488304992784e-05,0.0,funding,174.22,0.0,1.0168480821434664
2025-05-13,SOL,5,0.017995117995190102,0.0,0.0,mark,184.83,0.0,1.0353120154408684
2025-05-13,SOL,5,-0.03185035522929737,0.0,0.0,mark,166.18,0.0,1.0028565624722967
2025-05-13,SOL,5,0.03003335142140504,0.0,0.0,mark,183.75,0.0,1.0334325575745917
2025-05-14,SOL,5,0.0,0.0,0.0,mark,183.75,0.0,1.0334325575745917
2025-05-14,SOL,5,-0.00010166398852888519,0.00010165882092067717,0.0,funding,183.75,0.0,1.0333275000392876
2025-05-14,SOL,5,0.0019012375395984164,0.0,0.0,mark,184.88,0.0,1.0352939698438177
2025-05-14,SOL,5,-0.019776913044931475,0.0,0.0,mark,173.23,0.0,1.0150201882307421
2025-05-14,SOL,5,0.00582937628068141,0.0,0.0,mark,176.64,0.0,1.0209544024196338
2025-05-15,SOL,5,-1.7045360620288138e-05,0.0,0.0,mark,176.63,0.0,1.020937000031983
2025-05-15,SOL,5,-9.892062820242596e-05,9.89157357184176e-05,0.0,funding,176.63,0.0,1.0208360132975027
2025-05-15,SOL,5,0.002893831489681725,0.0,0.0,mark,178.33,0.0,1.0237944191981232
2025-05-15,SOL,5,-0.019966607243019966,0.0,0.0,mark,166.7,0.0,1.003555442360349
2025-05-15,SOL,5,0.0042567476638900575,0.0,0.0,mark,169.16,0.0,1.0078364297224234
2025-05-16,SOL,5,0.0,0.0,0.0,mark,169.16,0.0,1.0078364297224234
2025-05-16,SOL,5,-9.596841523038138e-05,9.59638104093385e-05,0.0,funding,169.16,0.0,1.007739713898358
2025-05-16,SOL,5,-0.004846972745209524,0.0,0.0,mark,166.36,0.0,1.0028670453561594
2025-05-16,SOL,5,0.013529876953931451,0.0,0.0,mark,174.21,0.0,1.0165279196619657
2025-05-16,SOL,5,-0.011726829189143757,0.0,0.0,mark,167.4,0.0,1.004676893671833
2025-05-17,SOL,5,0.0,0.0,0.0,mark,167.4,0.0,1.004676893671833
2025-05-17,SOL,5,-9.526855691058545e-05,9.526401900570192e-05,0.0,funding,167.4,0.0,1.0045811841131398
2025-05-17,SOL,5,0.004476629094062954,0.0,0.0,mark,169.99,0.0,1.0090884025146734
2025-05-17,SOL,5,-0.010366446446110377,0.0,0.0,mark,164.01,0.0,0.9986817746995496
2025-05-17,SOL,5,0.003357451578708554,0.0,0.0,mark,165.94,0.0,1.0020404355161363
2025-05-18,SOL,5,0.0,0.0,0.0,mark,165.94,0.0,1.0020404355161363
2025-05-18,SOL,5,-9.46861066672463e-05,9.468162407930092e-05,0.0,funding,165.94,0.0,1.0019455607003085
2025-05-18,SOL,5,0.01863546550654123,0.0,0.0,mark,176.77,0.0,1.020792346526026
2025-05-18,SOL,5,-0.021070030094393524,0.0,0.0,mark,164.54,0.0,0.9995092264292093
2025-05-18,SOL,5,0.015136834737420538,0.0,0.0,mark,173.3,0.0,1.01475371801123
2025-05-19,SOL,5,0.0,0.0,0.0,mark,173.3,0.0,1.01475371801123
2025-05-19,SOL,5,-9.764701577176907e-05,9.764224845712905e-05,0.0,funding,173.3,0.0,1.0146546351765733
2025-05-19,SOL,5,0.001097064905829741,0.0,0.0,mark,173.94,0.0,1.0157683879862187
2025-05-19,SOL,5,-0.025155511182138268,0.0,0.0,mark,159.44,0.0,0.9905349258926911
2025-05-19,SOL,5,0.012951721127018237,0.0,0.0,mark,166.86,0.0,1.003447497529517
2025-05-20,SOL,5,1.734244870212593e-05,0.0,0.0,mark,166.87,0.0,1.0034648999171676
2025-05-20,SOL,5,-9.508162306635167e-05,9.507710295217284e-05,0.0,funding,166.87,0.0,1.0033694933815693
2025-05-20,SOL,5,0.010764477699141527,0.0,0.0,mark,173.11,0.0,1.0142285832756115
2025-05-20,SOL,5,-0.014866049226422541,0.0,0.0,mark,164.51,0.0,0.9992625298960021
2025-05-20,SOL,5,0.0070802896797853435,0.0,0.0,mark,168.59,0.0,1.0063627040574912
2025-05-21,SOL,5,0.0,0.0,0.0,mark,168.59,0.0,1.0063627040574912
2025-05-21,SOL,5,-9.578509552009875e-05,9.578050827430586e-05,0.0,funding,168.59,0.0,1.0062663141261883
2025-05-21,SOL,5,0.01271637632226461,0.0,0.0,mark,175.99,0.0,1.0191440809877128
2025-05-21,SOL,5,-0.01805717052108268,0.0,0.0,mark,165.51,0.0,1.00090637872977
2025-05-21,SOL,5,0.013847752052149576,0.0,0.0,mark,173.53,0.0,1.0148630936256384
2025-05-22,SOL,5,1.7147375402465285e-05,0.0,0.0,mark,173.54,0.0,1.0148804960132891
2025-05-22,SOL,5,-9.777003647725754e-05,9.776525714298867e-05,0.0,funding,173.54,0.0,1.014781275960627
2025-05-22,SOL,5,-0.0016304744720196753,0.0,0.0,mark,172.59,0.0,1.0131280491338097
2025-05-22,SOL,5,0.014122273385698748,0.0,0.0,mark,180.87,0.0,1.0275372261085964
2025-05-22,SOL,5,-0.0020174196138743055,0.0,0.0,mark,179.68,0.0,1.025466341978162
2025-05-23,SOL,5,0.0,0.0,0.0,mark,179.68,0.0,1.025466341978162
2025-05-23,SOL,5,-0.0001001843634535711,0.00010017934516775284,0.0,funding,179.68,0.0,1.025363611431531
2025-05-23,SOL,5,0.013536418453999185,0.0,0.0,mark,187.71,0.0,1.03933772871505
2025-05-23,SOL,5,-0.0245436639544955,0.0,0.0,mark,173.23,0.0,1.014139071396824
2025-05-23,SOL,5,0.0013375666908797504,0.0,0.0,mark,174.01,0.0,1.0154964576335792
2025-05-24,SOL,5,-1.7136974366013868e-05,0.0,0.0,mark,174.0,0.0,1.0154790552459285
2025-05-24,SOL,5,-9.797142211131949e-05,9.796662306822859e-05,0.0,funding,174.0,0.0,1.0153795721920895
2025-05-24,SOL,5,0.007393699615165129,0.0,0.0,mark,178.33,0.0,1.0229148060448463
2025-05-24,SOL,5,-0.00996782988283136,0.0,0.0,mark,172.5,0.0,1.012769214044483
2025-05-24,SOL,5,0.005773960988490825,0.0,0.0,mark,175.87,0.0,1.018633818682772
2025-05-25,SOL,5,0.0,0.0,0.0,mark,175.87,0.0,1.018633818682772
2025-05-25,SOL,5,-9.871768654737144e-05,9.871281411696158e-05,0.0,funding,175.87,0.0,1.018533266471975
2025-05-25,SOL,5,0.001724171814788349,0.0,0.0,mark,176.88,0.0,1.0202909076246967
2025-05-25,SOL,5,-0.013289491491659302,0.0,0.0,mark,169.14,0.0,1.006821459583048
2025-05-25,SOL,5,0.01134318047412838,0.0,0.0,mark,175.74,0.0,1.0183070354325159
2025-05-26,SOL,5,1.7089383012668858e-05,0.0,0.0,mark,175.75,0.0,1.0183244378201666
2025-05-26,SOL,5,-9.868029875304819e-05,9.867543001259172e-05,0.0,funding,175.75,0.0,1.0182239542183724
2025-05-26,SOL,5,0.005573172947001304,0.0,0.0,mark,179.02,0.0,1.0239145349801542
2025-05-26,SOL,5,-0.009460357892404025,0.0,0.0,mark,173.48,0.0,1.0142736122216616
2025-05-26,SOL,5,0.0024505158610929113,0.0,0.0,mark,174.91,0.0,1.016762153655713
2025-05-27,SOL,5,1.7115348623675553e-05,0.0,0.0,mark,174.92,0.0,1.0167795560433637
2025-05-27,SOL,5,-9.836347937779635e-05,9.835864184933007e-05,0.0,funding,174.92,0.0,1.016679546987171
2025-05-27,SOL,5,0.00765609883911549,0.0,0.0,mark,179.41,0.0,1.0244932190423393
2025-05-27,SOL,5,-0.013975035289172433,0.0,0.0,mark,171.24,0.0,1.0102754683317103
2025-05-27,SOL,5,0.009378174754382946,0.0,0.0,mark,176.71,0.0,1.0197945743766479
2025-05-28,SOL,5,1.7064455535726028e-05,0.0,0.0,mark,176.72,0.0,1.0198119767642986
2025-05-28,SOL,5,-9.908022170785106e-05,9.907531342481537e-05,0.0,funding,176.72,0.0,1.0197109385730663
2025-05-28,SOL,5,0.0012450426679537158,0.0,0.0,mark,177.45,0.0,1.020981312871568
2025-05-28,SOL,5,-0.014645915196001827,0.0,0.0,mark,168.92,0.0,1.0061370762055135
2025-05-28,SOL,5,0.005674333211282455,0.0,0.0,mark,172.21,0.0,1.0118624617425966
2025-05-29,SOL,5,1.7198224723288054e-05,0.0,0.0,mark,172.22,0.0,1.0118798641302473
2025-05-29,SOL,5,-9.73140668506933e-05,9.730933199036928e-05,0.0,funding,172.22,0.0,1.0117813987766142
2025-05-29,SOL,5,0.005351974764461133,0.0,0.0,mark,175.34,0.0,1.0172109437236354
2025-05-29,SOL,5,-0.016177402674024847,0.0,0.0,mark,165.96,0.0,1.0008875041072707
2025-05-29,SOL,5,0.0013031722512127691,0.0,0.0,mark,166.71,0.0,1.002192683181074
2025-05-30,SOL,5,0.0,0.0,0.0,mark,166.71,0.0,1.002192683181074
2025-05-30,SOL,5,-9.511104137626228e-05,9.510651846467165e-05,0.0,funding,166.71,0.0,1.0020973681241458
2025-05-30,SOL,5,0.0013883130337003333,0.0,0.0,mark,167.51,0.0,1.0034895591362025
2025-05-30,SOL,5,-0.013404508953971843,0.0,0.0,mark,159.83201201813716,0.0,0.9901280268124166
2025-05-30,SOL,5,-0.00040741566143485876,0.00040733267894415377,0.28091908892700257,stop,159.83201201813716,-0.0017402387650708663,0.9897247153107575
2025-06-02,ETH,6,-0.0006582090128306862,0.0006579924407975115,0.4537878902051803,entry,2539.2,0.00017687661091871115,0.9890734839296125
2025-06-02,ETH,6,-0.0001491977169594718,0.00014918658753357766,0.0,funding,2539.2,0.0,0.988925927431725
2025-06-02,ETH,6,0.013466303507252933,0.0,0.0,mark,2615.0,0.0,1.0023331745393633
2025-06-02,ETH,6,-0.025015376034307268,0.0,0.0,mark,2475.0,0.0,0.9775704490107437
2025-06-02,ETH,6,0.02367510978221763,0.0,0.0,mark,2607.41,0.0,1.0009906810624902
2025-06-03,ETH,6,1.7670139991465088e-06,0.0,0.0,mark,2607.42,0.0,1.0009924498285994
2025-06-03,ETH,6,-0.00015138208836211123,0.00015137063067200795,0.0,funding,2607.42,0.0,1.000840928970171
2025-06-03,ETH,6,0.008440156114213419,0.0,0.0,mark,2655.38,0.0,1.0093239312298323
2025-06-03,ETH,6,-0.014186154394191451,0.0,0.0,mark,2575.0,0.0,0.9951065892441863
2025-06-03,ETH,6,0.0032581104390261586,0.0,0.0,mark,2593.36,0.0,0.9983540438206538
2025-06-04,ETH,6,-1.771683790027892e-06,0.0,0.0,mark,2593.35,0.0,0.9983522750545446
2025-06-04,ETH,6,-0.00015096335255924585,0.00015095195816569267,0.0,funding,2593.35,0.0,0.998201571823686
2025-06-04,ETH,6,0.015216349832969442,0.0,0.0,mark,2679.88,0.0,1.013506704966482
2025-06-04,ETH,6,-0.016963248318542037,0.0,0.0,mark,2583.5,0.0,0.9964593372061367
2025-06-04,ETH,6,0.004282888561184159,0.0,0.0,mark,2607.68,0.0,1.000736213658151
2025-06-05,ETH,6,0.0,0.0,0.0,mark,2607.68,0.0,1.000736213658151
2025-06-05,ETH,6,-0.00015143595246537258,0.00015142448662041987,0.0,funding,2607.68,0.0,1.0005846776907554
2025-06-05,ETH,6,0.005848202497601107,0.0,0.0,mark,2640.86,0.0,1.0064534436410384
2025-06-05,ETH,6,-0.04478297754327238,0.0,0.0,mark,2391.66,0.0,0.9623757922000955
2025-06-05,ETH,6,0.004099329081188513,0.0,0.0,mark,2414.01,0.0,0.9663289844541287
2025-06-06,ETH,6,1.830395774877943e-06,0.0,0.0,mark,2414.02,0.0,0.9663307532202379
2025-06-06,ETH,6,-0.00014518040970226177,0.00014516987153652142,0.0,funding,2414.02,0.0,0.9661904711089311
2025-06-06,ETH,6,-0.005972939051507339,0.0,0.0,mark,2381.49,0.0,0.9604366749557454
2025-06-06,ETH,6,0.02722643759549116,0.0,0.0,mark,2531.36,0.0,0.9869451726341326
2025-06-06,ETH,6,-0.009952855624994433,0.0,0.0,mark,2476.1,0.0,0.9771709711147646
2025-06-07,ETH,6,0.0,0.0,0.0,mark,2476.1,0.0,0.9771709711147646
2025-06-07,ETH,6,-0.00014726211383573167,0.00014725127130282072,0.0,funding,2476.1,0.0,0.9770270814469877
2025-06-07,ETH,6,0.012281754493279475,0.0,0.0,mark,2544.36,0.0,0.989100678908299
2025-06-07,ETH,6,-0.01574552495914056,0.0,0.0,mark,2457.0,0.0,0.9736487381784403
2025-06-07,ETH,6,0.012211055219123707,0.0,0.0,mark,2524.63,0.0,0.9856109033748728
2025-06-08,ETH,6,1.7945870078813976e-06,0.0,0.0,mark,2524.64,0.0,0.9856126721409819
2025-06-08,ETH,6,-0.00014886305748972902,0.00014885197793461518,0.0,funding,2524.64,0.0,0.9854659617452564
2025-06-08,ETH,6,0.004296607650810408,0.0,0.0,mark,2548.63,0.0,0.9897092316411963
2025-06-08,ETH,6,-0.010428638015106928,0.0,0.0,mark,2490.58,0.0,0.9794415443773651
2025-06-08,ETH,6,0.0034703144906260454,0.0,0.0,mark,2509.83,0.0,0.9828464191375502
2025-06-09,ETH,6,1.7996346970695074e-06,0.0,0.0,mark,2509.84,0.0,0.9828481879036595
2025-06-09,ETH,6,-0.00014840661199329384,0.00014839560027674696,0.0,funding,2509.84,0.0,0.9827023375568346
2025-06-09,ETH,6,-0.005796245282530823,0.0,0.0,mark,2477.73,0.0,0.9770228295802347
2025-06-09,ETH,6,0.03840394996146994,0.0,0.0,mark,2693.99,0.0,1.015274165457515
2025-06-09,ETH,6,-0.002417548310157965,0.0,0.0,mark,2680.13,0.0,1.0128226556301818
2025-06-10,ETH,6,0.0,0.0,0.0,mark,2680.13,0.0,1.0128226556301818
2025-06-10,ETH,6,-0.00015378616824224654,0.00015377434375563482,0.0,funding,2680.13,0.0,1.0126669094909715
2025-06-10,ETH,6,0.024676920179997265,0.0,0.0,mark,2823.169739789959,0.0,1.0379672938917137
2025-06-10,ETH,6,-0.00017440928925865754,0.00017439408084275436,0.12027177989155473,partial_tp,2823.169739789959,-4.4219152729677786e-05,1.0377862785395506
2025-06-10,ETH,6,0.0004894921485825779,0.0,0.0,mark,2827.0,0.0,1.0382943911232172
2025-06-10,ETH,6,-0.02214091735224368,0.0,0.0,mark,2655.61,0.0,1.0155582293641987
2025-06-10,ETH,6,0.020785692743975796,0.0,0.0,mark,2816.4,0.0,1.0368882220664133
2025-06-11,ETH,6,1.2793796911269216e-06,0.0,0.0,mark,2816.41,0.0,1.0368895486409953
2025-06-11,ETH,6,-0.00011838911698658171,0.00011838210927171148,0.0,funding,2816.41,0.0,1.0367667994691454
2025-06-11,ETH,6,0.008004607581245594,0.0,0.0,mark,2879.22,0.0,1.0450990144179986
2025-06-11,ETH,6,-0.017345162556224047,0.0,0.0,mark,2743.75,0.0,1.0271279085571303
2025-06-11,ETH,6,0.003591766357979531,0.0,0.0,mark,2771.61,0.0,1.0308237453422768
2025-06-12,ETH,6,-1.2869081078064516e-06,0.0,0.0,mark,2771.6,0.0,1.0308224187676949
2025-06-12,ETH,6,-0.00011719115594066659,0.00011718428932543315,0.0,funding,2771.6,0.0,1.0307016225751309
2025-06-12,ETH,6,0.0017013319747242884,0.0,0.0,mark,2784.83,0.0,1.0324566807469717
2025-06-12,ETH,6,-0.021899713194343813,0.0,0.0,mark,2616.24,0.0,1.0100919598708826
2025-06-12,ETH,6,0.0034624784098678286,0.0,0.0,mark,2642.65,0.0,1.013595443341655
2025-06-13,ETH,6,1.3087802659133876e-06,0.0,0.0,mark,2642.66,0.0,1.013596769916237
2025-06-13,ETH,6,-0.0001136379635392037,0.00011363150699032193,0.0,funding,2642.66,0.0,1.0134815933877908
2025-06-13,ETH,6,0.0003651242864322339,0.0,0.0,mark,2645.45,0.0,1.0138517076961382
2025-06-13,ETH,6,-0.024291354502935493,0.0,0.0,mark,2462.036890222522,0.0,0.9895205907545118
2025-06-13,ETH,6,-0.0004787109268919365,0.00047859636309790555,0.33006645730890033,stop,2462.036890222522,-0.00013265745818903337,0.9890470097985662
2025-07-02,TRX,7,-0.0011134960675884657,0.0011128763608772082,0.7675009385360057,entry,0.2788,2.7227206179219134,0.9879463227615651
2025-07-02,TRX,7,-0.00025246916500196956,0.0002524372973442697,0.0,funding,0.2788,0.0,0.987696928261926
2025-07-02,TRX,7,0.017488646725040448,0.0,0.0,mark,0.2852,0.0,1.0051223402166263
2025-07-02,TRX,7,-0.018867915331195903,0.0,0.0,mark,0.2783,0.0,0.9863355679529651
2025-07-02,TRX,7,0.01669848783031527,0.0,0.0,mark,0.2844,0.0,1.0029441637222887
2025-07-03,TRX,7,0.00027143595934545637,0.0,0.0,mark,0.2845,0.0,1.003216435784081
2025-07-03,TRX,7,-0.00025370955570928113,0.0002536773741615263,0.0,funding,0.2845,0.0,1.0029619424729355
2025-07-03,TRX,7,0.008111055945152015,0.0,0.0,mark,0.2875,0.0,1.0111301043267011
2025-07-03,TRX,7,-0.016014779932016446,0.0,0.0,mark,0.2816,0.0,0.9950660526809619
2025-07-03,TRX,7,0.014667497740232079,0.0,0.0,mark,0.287,0.0,1.00976874401774
2025-07-04,TRX,7,0.0,0.0,0.0,mark,0.287,0.0,1.00976874401774
2025-07-04,TRX,7,-0.0002542782941861295,0.0002542459682005728,0.0,funding,0.287,0.0,1.0095120143857585
2025-07-04,TRX,7,0.0026934355302053866,0.0,0.0,mark,0.288,0.0,1.0122347350036804
2025-07-04,TRX,7,-0.018460061416198853,0.0,0.0,mark,0.2812,0.0,0.9937202348018115
2025-07-04,TRX,7,0.004101467542548123,0.0,0.0,mark,0.2827,0.0,0.9978043157286943
2025-07-05,TRX,7,-0.0002729084369158192,0.0,0.0,mark,0.2826,0.0,0.9975320436669022
2025-07-05,TRX,7,-0.00025345125072326905,0.0002534191346683066,0.0,funding,0.2826,0.0,0.9972792499595922
2025-07-05,TRX,7,0.007073311587536807,0.0,0.0,mark,0.2852,0.0,1.004358323566189
2025-07-05,TRX,7,-0.009533469097941494,0.0,0.0,mark,0.2817,0.0,0.9948288014034623
2025-07-05,TRX,7,0.004096906507687009,0.0,0.0,mark,0.2832,0.0,0.9989128823303451
2025-07-06,TRX,7,-0.0002726055292006781,0.0,0.0,mark,0.2831,0.0,0.998640610268553
2025-07-06,TRX,7,-0.0002536178515532301,0.00025358569326465474,0.0,funding,0.2831,0.0,0.9983873692970758
2025-07-06,TRX,7,0.011927900106773843,0.0,0.0,mark,0.2875,0.0,1.010367340015932
2025-07-06,TRX,7,-0.013292389826041697,0.0,0.0,mark,0.2826,0.0,0.9970260089881148
2025-07-06,TRX,7,0.011944089834256,0.0,0.0,mark,0.287,0.0,1.009005979706971
2025-07-07,TRX,7,0.0,0.0,0.0,mark,0.287,0.0,1.009005979706971
2025-07-07,TRX,7,-0.0002544705418948971,0.0002544381670126716,0.0,funding,0.287,0.0,1.0087492500749895
2025-07-07,TRX,7,0.005115195443990812,0.0,0.0,mark,0.2889,0.0,1.0139224192490413
2025-07-07,TRX,7,-0.009443116147138938,0.0,0.0,mark,0.2854,0.0,1.0043928970863145
2025-07-07,TRX,7,0.0035178610526468874,0.0,0.0,mark,0.2867,0.0,1.0079324338896132
2025-07-08,TRX,7,-0.0002701657706293128,0.0,0.0,mark,0.2866,0.0,1.007660161827821
2025-07-08,TRX,7,-0.0002544552710572718,0.00025442290006052744,0.0,funding,0.2866,0.0,1.0074037900071733
2025-07-08,TRX,7,-0.001893689120757931,0.0,0.0,mark,0.2859,0.0,1.005497885574628
2025-07-08,TRX,7,0.006477773672955756,0.0,0.0,mark,0.2883,0.0,1.0120324150576405
2025-07-08,TRX,7,-0.002424250419454386,0.0,0.0,mark,0.2874,0.0,1.0095819665015107
2025-07-09,TRX,7,0.0,0.0,0.0,mark,0.2874,0.0,1.0095819665015107
2025-07-09,TRX,7,-0.0011245024898754478,0.0011238704738739025,0.7750830854302775,rotation,0.2874,-2.7227206179219134,1.008447327138404
2025-08-06,ETH,8,-0.0005770638047143382,0.0005768973354196638,0.3978602313239061,entry,3612.01,0.00011107972759025035,1.0078655565624668
2025-08-06,ETH,8,-0.00013079783935477705,0.00013078928569026208,0.0,funding,3612.01,0.0,1.0077337385462521
2025-08-06,ETH,8,0.009499316625534606,0.0,0.0,mark,3698.6,0.0,1.017352132158292
2025-08-06,ETH,8,-0.014784325228441659,0.0,0.0,mark,3564.19,0.0,1.0024219059728863
2025-08-06,ETH,8,0.013113489479924622,0.0,0.0,mark,3683.31,0.0,1.0156537231234368
2025-08-07,ETH,8,0.0,0.0,0.0,mark,3683.31,0.0,1.0156537231234368
2025-08-07,ETH,8,-0.00013235707938142742,0.0001323483205696211,0.0,funding,3683.31,0.0,1.0155193030589011
2025-08-07,ETH,8,0.02638831622346579,0.0,0.0,mark,3927.77,0.0,1.0426738532656137
2025-08-07,ETH,8,-0.030298708468918495,0.0,0.0,mark,3647.63,0.0,1.0115559783784809
2025-08-07,ETH,8,0.028436900923729247,0.0,0.0,mark,3910.31,0.0,1.0407344012218878
2025-08-08,ETH,8,-1.0673211795912995e-06,0.0,0.0,mark,3910.3,0.0,1.0407332904246118
2025-08-08,ETH,8,-0.000137128029481519,0.0001371186278630154,0.0,funding,3910.3,0.0,1.0405905865038574
2025-08-08,ETH,8,0.006838081889015612,0.0,0.0,mark,3974.5784063669234,0.0,1.0477306143730307
2025-08-08,ETH,8,-0.00015276273429093407,0.0001527510666584388,0.1053455632127164,partial_tp,3974.5784063669234,-2.7769931897562587e-05,1.0475705724041144
2025-08-08,ETH,8,0.007638837581757372,0.0,0.0,mark,4071.0,0.0,1.0556034356700494
2025-08-08,ETH,8,-0.015188772140994473,0.0,0.0,mark,3880.0,0.0,1.039691264692746
2025-08-08,ETH,8,0.01032328320559858,0.0,0.0,mark,4009.5,0.0,1.0504798832349491
2025-08-09,ETH,8,7.930638556373779e-07,0.0,0.0,mark,4009.51,0.0,1.050480716332906
2025-08-09,ETH,8,-0.00010447514766558842,0.00010446969032747194,0.0,funding,4009.51,0.0,1.0503709729377757
2025-08-09,ETH,8,0.024807877531566994,0.0,0.0,mark,4326.2,0.0,1.076754352135693
2025-08-09,ETH,8,-0.025036329788291883,0.0,0.0,mark,4006.63,0.0,1.0501310407261808
2025-08-09,ETH,8,0.019949408841611994,0.0,0.0,mark,4260.62,0.0,1.0712908957341665
2025-08-10,ETH,8,7.776577176033581e-07,0.0,0.0,mark,4260.63,0.0,1.0712917288321233
2025-08-10,ETH,8,-0.00010886212283638595,0.00010885619757051502,0.0,funding,4260.63,0.0,1.071175112088034
2025-08-10,ETH,8,0.005581802446307604,0.0,0.0,mark,4332.6,0.0,1.0771709180840368
2025-08-10,ETH,8,-0.013982382506105437,0.0,0.0,mark,4153.07,0.0,1.0622143104633284
2025-08-10,ETH,8,0.00761786528863901,0.0,0.0,mark,4250.57,0.0,1.0703370155433654
2025-08-11,ETH,8,7.783507629071023e-07,0.0,0.0,mark,4250.58,0.0,1.0703378486413222
2025-08-11,ETH,8,-0.00010870211808175252,0.00010869621022063025,0.0,funding,4250.58,0.0,1.0702215069735193
2025-08-11,ETH,8,0.008980063886611503,0.0,0.0,mark,4366.46,0.0,1.079875446098388
2025-08-11,ETH,8,-0.015525502958822896,0.0,0.0,mark,4166.77,0.0,1.0632393129965152
2025-08-11,ETH,8,0.004413369466469327,0.0,0.0,mark,4223.22,0.0,1.0679421509633673
2025-08-12,ETH,8,0.0,0.0,0.0,mark,4223.22,0.0,1.0679421509633673
2025-08-12,ETH,8,-0.00010824468307301836,0.00010823882482881184,0.0,funding,4223.22,0.0,1.067826558159962
2025-08-12,ETH,8,-0.00032616883155225907,0.0,0.0,mark,4219.04,0.0,1.0674783232139664
2025-08-12,ETH,8,0.03230241264806218,0.0,0.0,mark,4639.7,0.0,1.1025234218700524
2025-08-12,ETH,8,-0.0037231023903041794,0.0,0.0,mark,4590.52,0.0,1.098426246117886
2025-08-13,ETH,8,0.0,0.0,0.0,mark,4590.52,0.0,1.098426246117886
2025-08-13,ETH,8,-0.00011439391231945841,0.00011438736958524541,0.0,funding,4590.52,0.0,1.098300600028909
2025-08-13,ETH,8,-0.0019885755213568538,0.0,0.0,mark,4564.33,0.0,1.0961187164797175
2025-08-13,ETH,8,0.01654681911399459,0.0,0.0,mark,4783.85,0.0,1.1144068828301763
2025-08-13,ETH,8,-0.002586198170607336,0.0,0.0,mark,4749.3,0.0,1.1115285293889938
2025-08-14,ETH,8,7.495063083571911e-07,0.0,0.0,mark,4749.31,0.0,1.1115293624869507
2025-08-14,ETH,8,-0.00011695588125618816,0.00011694904218364317,0.0,funding,4749.31,0.0,1.1113993701926488
2025-08-14,ETH,8,0.0028959805907562337,0.0,0.0,mark,4788.0,0.0,1.1146226261879988
2025-08-14,ETH,8,-0.025485608651861356,0.0,0.0,mark,4451.33,0.0,1.0865747172721416
2025-08-14,ETH,8,0.007296254833476891,0.0,0.0,mark,4546.84,0.0,1.0945316358587502
2025-08-15,ETH,8,0.0,0.0,0.0,mark,4546.84,0.0,1.0945316358587502
2025-08-15,ETH,8,-0.00011370855362870076,0.0001137020890560361,0.0,funding,4546.84,0.0,1.094407185325215
2025-08-15,ETH,8,0.009533000614163203,0.0,0.0,mark,4672.67,0.0,1.104890056917226
2025-08-15,ETH,8,-0.0232403952969176,0.0,0.0,mark,4368.0,0.0,1.0795080614635348
2025-08-15,ETH,8,0.005500459919952128,0.0,0.0,mark,4439.47,0.0,1.0854622125616913
2025-08-16,ETH,8,0.0,0.0,0.0,mark,4439.47,0.0,1.0854622125616913
2025-08-16,ETH,8,-0.0001119509586300431,0.00011194469235526317,0.0,funding,4439.47,0.0,1.0853407008282427
2025-08-16,ETH,8,0.00390324949889701,0.0,0.0,mark,4490.42,0.0,1.0895853349187852
2025-08-16,ETH,8,-0.009053979578618223,0.0,0.0,mark,4372.54,0.0,1.079764776202531
2025-08-16,ETH,8,0.00380807973300771,0.0,0.0,mark,4421.99,0.0,1.0838844455995345
2025-08-17,ETH,8,7.686221902683431e-07,0.0,0.0,mark,4422.0,0.0,1.0838852786974913
2025-08-17,ETH,8,-0.00011167263416767773,0.00011166639901113323,0.0,funding,4422.0,0.0,1.083764245131478
2025-08-17,ETH,8,0.011768576942061067,0.0,0.0,mark,4576.0,0.0,1.096593953668152
2025-08-17,ETH,8,-0.013924819032382909,0.0,0.0,mark,4393.98,0.0,1.0814299046561688
2025-08-17,ETH,8,0.0060176831459683375,0.0,0.0,mark,4472.33,0.0,1.087957227148691
2025-08-18,ETH,8,7.657448445603097e-07,0.0,0.0,mark,4472.34,0.0,1.0879580602466479
2025-08-18,ETH,8,-0.0001125211553219097,0.00011251482505426211,0.0,funding,4472.34,0.0,1.087835648835833
2025-08-18,ETH,8,0.0007303357456844905,0.0,0.0,mark,4481.88,0.0,1.0886304242867413
2025-08-18,ETH,8,-0.01978696083982209,0.0,0.0,mark,4225.86,0.0,1.0673014503934992
2025-08-18,ETH,8,0.006778038325684289,0.0,0.0,mark,4312.99,0.0,1.074560232892203
2025-08-19,ETH,8,0.0,0.0,0.0,mark,4312.99,0.0,1.074560232892203
2025-08-19,ETH,8,-0.00010986481643863486,0.0001098587815206964,0.0,funding,4312.99,0.0,1.074442183014347
2025-08-19,ETH,8,0.0032520658573979115,0.0,0.0,mark,4355.0,0.0,1.0779420275313967
2025-08-19,ETH,8,-0.015923199312822173,0.0,0.0,mark,4150.602031071153,0.0,1.0609136744999341
2025-08-19,ETH,8,-0.0004727132362920076,0.00047260152499317264,0.32593208620218805,stop,4150.602031071153,-8.330979569268776e-05,1.0604122850794793
2025-09-02,LINK,9,-0.00027408003333569765,0.000274042476834615,0.1889948116100793,entry,22.52,0.008899308172629215,1.0601216870704102
2025-09-02,LINK,9,-6.211170085505924e-05,6.210977196340914e-05,0.0,funding,22.52,0.0,1.060055843154173
2025-09-02,LINK,9,0.0090258858553142,0.0,0.0,mark,23.6,0.0,1.0696670959806125
2025-09-02,LINK,9,-0.010538152419446126,0.0,0.0,mark,22.34,0.0,1.0584539676830997
2025-09-02,LINK,9,0.009622566518454018,0.0,0.0,mark,23.49,0.0,1.0686881720816233
2025-09-03,LINK,9,0.0,0.0,0.0,mark,23.49,0.0,1.0686881720816233
2025-09-03,LINK,9,-6.426777093292831e-05,6.426570580404867e-05,0.0,funding,23.49,0.0,1.06861949208196
2025-09-03,LINK,9,0.003491596373711533,0.0,0.0,mark,23.91,0.0,1.0723572015144642
2025-09-03,LINK,9,-0.005826118649562666,0.0,0.0,mark,23.21,0.0,1.0661276857936237
2025-09-03,LINK,9,0.003998707749299391,0.0,0.0,mark,23.69,0.0,1.0703993537164858
2025-09-04,LINK,9,0.0,0.0,0.0,mark,23.69,0.0,1.0703993537164858
2025-09-04,LINK,9,-6.4711362188957e-05,6.470926845389229e-05,0.0,funding,23.69,0.0,1.0703300889573533
2025-09-04,LINK,9,0.002325366963741331,0.0,0.0,mark,23.97,0.0,1.0728218952456894
2025-09-04,LINK,9,-0.014959810093417377,0.0,0.0,mark,22.18,0.0,1.056892133616683
2025-09-04,LINK,9,0.001178142331706958,0.0,0.0,mark,22.32,0.0,1.058138036760851
2025-09-05,LINK,9,0.0,0.0,0.0,mark,22.32,0.0,1.058138036760851
2025-09-05,LINK,9,-6.167547802515434e-05,6.167357613183337e-05,0.0,funding,22.32,0.0,1.0580727776040828
2025-09-05,LINK,9,0.0077082118205956405,0.0,0.0,mark,23.24,0.0,1.0662601411229016
2025-09-05,LINK,9,-0.010066031727478874,0.0,0.0,mark,22.04,0.0,1.0555809713157465
2025-09-05,LINK,9,0.0020213286667862766,0.0,0.0,mark,22.28,0.0,1.0577168052771775
2025-09-06,LINK,9,0.0,0.0,0.0,mark,22.28,0.0,1.0577168052771775
2025-09-06,LINK,9,-6.158946384003605e-05,6.15875672479635e-05,0.0,funding,22.28,0.0,1.0576516630723032
2025-09-06,LINK,9,-0.0034557924057161274,0.0,0.0,mark,21.87,0.0,1.0540029467215253
2025-09-06,LINK,9,0.005473167663565393,0.0,0.0,mark,22.52,0.0,1.0597874970337342
2025-09-06,LINK,9,-0.0027749414618247295,0.0,0.0,mark,22.19,0.0,1.0568507253367665
2025-09-07,LINK,9,8.420236929516013e-05,0.0,0.0,mark,22.2,0.0,1.0569397184184928
2025-09-07,LINK,9,-6.141343077240917e-05,6.141154500630613e-05,0.0,funding,22.2,0.0,1.0568748101174061
2025-09-07,LINK,9,0.0034464180870382847,0.0,0.0,mark,22.61,0.0,1.060523526468184
2025-09-07,LINK,9,-0.0041202770427761016,0.0,0.0,mark,22.12,0.0,1.0561628654635957
2025-09-07,LINK,9,0.002944786324928509,0.0,0.0,mark,22.47,0.0,1.059277623324016
2025-09-08,LINK,9,0.0,0.0,0.0,mark,22.47,0.0,1.059277623324016
2025-09-08,LINK,9,-6.202317724384848e-05,6.20212538464996e-05,0.0,funding,22.47,0.0,1.059211925597646
2025-09-08,LINK,9,0.007032741184969146,0.0,0.0,mark,23.31,0.0,1.0666873444626546
2025-09-08,LINK,9,-0.009051213783400696,0.0,0.0,mark,22.23,0.0,1.057076091636215
2025-09-08,LINK,9,0.006796079164021337,0.0,0.0,mark,23.04,0.0,1.0642845312560447
2025-09-09,LINK,9,0.0,0.0,0.0,mark,23.04,0.0,1.0642845312560447
2025-09-09,LINK,9,-6.32973804402059e-05,6.329537720326787e-05,0.0,funding,23.04,0.0,1.0642171669651872
2025-09-09,LINK,9,0.006501417543021918,0.0,0.0,mark,23.82,0.0,1.071158627339838
2025-09-09,LINK,9,-0.00825904524424543,0.0,0.0,mark,22.83,0.0,1.062348312248935
2025-09-09,LINK,9,0.00184124725159334,0.0,0.0,mark,23.05,0.0,1.0643061600469135
2025-09-10,LINK,9,0.0,0.0,0.0,mark,23.05,0.0,1.0643061600469135
2025-09-10,LINK,9,-6.332356720524358e-05,6.332156231055385e-05,0.0,funding,23.05,0.0,1.0642387665180826
2025-09-10,LINK,9,-0.0013388374331888995,0.0,0.0,mark,22.89,0.0,1.062814877210462
2025-09-10,LINK,9,0.008670573198564591,0.0,0.0,mark,23.93,0.0,1.0720701577099963
2025-09-10,LINK,9,-0.0029928521813110767,0.0,0.0,mark,23.57,0.0,1.0688664067678497
2025-09-11,LINK,9,0.0,0.0,0.0,mark,23.57,0.0,1.0688664067678497
2025-09-11,LINK,9,-6.447590146099244e-05,6.447382293485369e-05,0.0,funding,23.57,0.0,1.0687974928643988
2025-09-11,LINK,9,0.007713787379433954,0.0,0.0,mark,24.5,0.0,1.077073849464944
2025-09-11,LINK,9,-0.00988101581548252,0.0,0.0,mark,23.31,0.0,1.0664836727395153
2025-09-11,LINK,9,0.009633110493607972,0.0,0.0,mark,24.47,0.0,1.076806870219765
2025-09-12,LINK,9,0.0,0.0,0.0,mark,24.47,0.0,1.076806870219765
2025-09-12,LINK,9,-6.64443178789055e-05,6.644211050397672e-05,0.0,funding,24.47,0.0,1.0767353248987024
2025-09-12,LINK,9,-0.002565464107450164,0.0,0.0,mark,24.16,0.0,1.0739765393651874
2025-09-12,LINK,9,0.009648293995636553,0.0,0.0,mark,25.33,0.0,1.0843887299271635
2025-09-12,LINK,9,-0.0016426986686356613,0.0,0.0,mark,25.13,0.0,1.0826088682926376
2025-09-13,LINK,9,-8.220581066447984e-05,0.0,0.0,mark,25.12,0.0,1.0825198752109113
2025-09-13,LINK,9,-6.784936024980695e-05,6.784705853398917e-05,0.0,funding,25.12,0.0,1.0824464294215737
2025-09-13,LINK,9,0.0042660553518531225,0.0,0.0,mark,25.64,0.0,1.0870740696713408
2025-09-13,LINK,9,-0.009872345471926685,0.0,0.0,mark,24.44,0.0,1.0763948998641857
2025-09-13,LINK,9,0.0036311864619287116,0.0,0.0,mark,24.88,0.0,1.0803105954601424
2025-09-14,LINK,9,0.0,0.0,0.0,mark,24.88,0.0,1.0803105954601424
2025-09-14,LINK,9,-6.733852981491348e-05,6.73362626269148e-05,0.0,funding,24.88,0.0,1.0802378513821678
2025-09-14,LINK,9,0.0011526954060283067,0.0,0.0,mark,25.02,0.0,1.0814837545263358
2025-09-14,LINK,9,-0.009757427408237906,0.0,0.0,mark,23.84,0.0,1.0709825708826333
2025-09-14,LINK,9,0.0020752152318218994,0.0,0.0,mark,24.09,0.0,1.0732073979257906
2025-09-15,LINK,9,8.291910057279007e-05,0.0,0.0,mark,24.1,0.0,1.0732963910075168
2025-09-15,LINK,9,-6.56536533186638e-05,6.565149816475932e-05,0.0,funding,24.1,0.0,1.0732259274914724
2025-09-15,LINK,9,0.002815350808441807,0.0,0.0,mark,24.44,0.0,1.0762516922701664
2025-09-15,LINK,9,-0.012229611289142902,0.0,0.0,mark,22.97,0.0,1.0631697092564014
2025-09-15,LINK,9,0.004926465610872641,0.0,0.0,mark,23.56,0.0,1.0684203010782527
2025-09-16,LINK,9,0.0,0.0,0.0,mark,23.56,0.0,1.0684203010782527
2025-09-16,LINK,9,-6.447545606997388e-05,6.447337757246151e-05,0.0,funding,23.56,0.0,1.0683514164127752
2025-09-16,LINK,9,-0.00383913459755226,0.0,0.0,mark,23.1,0.0,1.0642577346533657
2025-09-16,LINK,9,0.005503737308738019,0.0,0.0,mark,23.76,0.0,1.070131278047301
2025-09-16,LINK,9,-0.002331220423945879,0.0,0.0,mark,23.48,0.0,1.0676394717589648
2025-09-17,LINK,9,8.335152013158614e-05,0.0,0.0,mark,23.49,0.0,1.067728464840691
2025-09-17,LINK,9,-6.432553864344337e-05,6.432346980045291e-05,0.0,funding,23.49,0.0,1.0676597848410279
2025-09-17,LINK,9,0.006232046003216929,0.0,0.0,mark,24.24,0.0,1.0743342659704997
2025-09-17,LINK,9,-0.012419299839582391,0.0,0.0,mark,22.75,0.0,1.0610742967932822
2025-09-17,LINK,9,0.010346263556503702,0.0,0.0,mark,23.99,0.0,1.0721094389273425
2025-09-18,LINK,9,8.30040154062492e-05,0.0,0.0,mark,24.0,0.0,1.0721984320090687
2025-09-18,LINK,9,-0.00028888370880620425,0.00028884198592530426,0.19920136960365808,rotation,24.0,-0.008899308172629215,1.0718887360846612
2025-10-02,AVAX,10,-0.00043261687129065397,0.0004325233061050784,0.2982919352448816,entry,30.74,0.010401293606177092,1.071425119224753
2025-10-02,AVAX,10,-9.804867003446837e-05,9.804386342059282e-05,0.0,funding,30.74,0.0,1.0713200725666983
2025-10-02,AVAX,10,0.00619444337126978,0.0,0.0,mark,31.38,0.0,1.0779769004746516
2025-10-02,AVAX,10,-0.018503044439038337,0.0,0.0,mark,29.48,0.0,1.0582144426229152
2025-10-02,AVAX,10,0.014636016263957516,0.0,0.0,mark,30.98,0.0,1.0738163830321807
2025-10-03,AVAX,10,-9.686756090383536e-05,0.0,0.0,mark,30.97,0.0,1.0737123700961189
2025-10-03,AVAX,10,-9.857187789704866e-05,9.856701984914953e-05,0.0,funding,30.97,0.0,1.0736065374676234
2025-10-03,AVAX,10,0.0057960783620575485,0.0,0.0,mark,31.57,0.0,1.0798473136313296
2025-10-03,AVAX,10,-0.015335854273124122,0.0,0.0,mark,29.99,0.0,1.0634132697335696
2025-10-03,AVAX,10,0.012828343909291894,0.0,0.0,mark,31.31,0.0,1.0771429772937233
2025-10-04,AVAX,10,9.655906099688316e-05,0.0,0.0,mark,31.32,0.0,1.0772469902297852
2025-10-04,AVAX,10,-9.935881803401476e-05,9.935388211013683e-05,0.0,funding,31.32,0.0,1.0771399615593145
2025-10-04,AVAX,10,0.0011580970665868156,0.0,0.0,mark,31.44,0.0,1.0783881167920557
2025-10-04,AVAX,10,-0.015454715447999793,0.0,0.0,mark,29.85,0.0,1.0618500599582341
2025-10-04,AVAX,10,0.002641278835260973,0.0,0.0,mark,30.12,0.0,1.064658409231902
2025-10-05,AVAX,10,0.0,0.0,0.0,mark,30.12,0.0,1.064658409231902
2025-10-05,AVAX,10,-9.6681649190758e-05,9.667697567085275e-05,0.0,funding,30.12,0.0,1.064555481276775
2025-10-05,AVAX,10,0.01059358983224841,0.0,0.0,mark,31.21,0.0,1.075892891307508
2025-10-05,AVAX,10,-0.01539265693826807,0.0,0.0,mark,29.63,0.0,1.0594588474097482
2025-10-05,AVAX,10,0.00431042018830803,0.0,0.0,mark,30.07,0.0,1.064035416596466
2025-10-06,AVAX,10,0.0,0.0,0.0,mark,30.07,0.0,1.064035416596466
2025-10-06,AVAX,10,-9.657766319126367e-05,9.657299971879666e-05,0.0,funding,30.07,0.0,1.0639326595044782
2025-10-06,AVAX,10,0.00934145225696132,0.0,0.0,mark,31.03,0.0,1.0739179013664082
2025-10-06,AVAX,10,-0.010613175735845214,0.0,0.0,mark,29.94,0.0,1.0625804913356751
2025-10-06,AVAX,10,0.00653702356322305,0.0,0.0,mark,30.61,0.0,1.0695493580518138
2025-10-07,AVAX,10,0.0,0.0,0.0,mark,30.61,0.0,1.0695493580518138
2025-10-07,AVAX,10,-9.780523780439487e-05,9.780045502805264e-05,0.0,funding,30.61,0.0,1.0694447556379214
2025-10-07,AVAX,10,0.0011664253134632406,0.0,0.0,mark,30.73,0.0,1.0706929108706627
2025-10-07,AVAX,10,-0.02877657139670261,0.0,0.0,mark,27.81,0.0,1.0403211335406255
2025-10-07,AVAX,10,0.0011990596324449258,0.0,0.0,mark,27.93,0.0,1.0415692887733667
2025-10-08,AVAX,10,-9.986674049029358e-05,0.0,0.0,mark,27.92,0.0,1.041465275837305
2025-10-08,AVAX,10,-9.16154861742724e-05,9.161128960371982e-05,0.0,funding,27.92,0.0,1.041369865860308
2025-10-08,AVAX,10,0.016935412980525595,0.0,0.0,mark,29.63,0.0,1.059156077926871
2025-10-08,AVAX,10,-0.017734779409197893,0.0,0.0,mark,27.84,0.0,1.040537762371814
2025-10-08,AVAX,10,0.009748482352194658,0.0,0.0,mark,28.82,0.0,1.0507310301058674
2025-10-09,AVAX,10,0.0,0.0,0.0,mark,28.82,0.0,1.0507310301058674
2025-10-09,AVAX,10,-9.373486317414371e-05,9.373047019921702e-05,0.0,funding,28.82,0.0,1.0506325445923628
2025-10-09,AVAX,10,0.0007916889236672751,0.0,0.0,mark,28.9,0.0,1.051464648080857
2025-10-09,AVAX,10,-0.01314369894851648,0.0,0.0,mark,27.58,0.0,1.0377349405207033
2025-10-09,AVAX,10,0.007986481801312895,0.0,0.0,mark,28.38,0.0,1.0460559754056449
2025-10-10,AVAX,10,0.0,0.0,0.0,mark,28.38,0.0,1.0460559754056449
2025-10-10,AVAX,10,-9.271627535187483e-05,9.271197733094163e-05,0.0,funding,28.38,0.0,1.0459589934877662
2025-10-10,AVAX,10,0.002383780182001465,0.0,0.0,mark,28.62,0.0,1.0484553039532487
2025-10-10,AVAX,10,-0.22239861431244057,0.0,0.0,mark,8.52,0.0,0.8393893024690892
2025-10-10,AVAX,10,0.1403536415675466,0.0,0.0,mark,20.68,0.0,0.9658690327202026
2025-10-11,AVAX,10,-0.00010769424573710985,0.0,0.0,mark,20.67,0.0,0.9657650197841409
2025-10-11,AVAX,10,-7.314139935152423e-05,7.313872458454256e-05,0.0,funding,20.67,0.0,0.9656943849623455
2025-10-11,AVAX,10,0.028770964816087194,0.0,0.0,mark,23.38,0.0,0.9938818906350854
2025-10-11,AVAX,10,-0.033088589259826905,0.0,0.0,mark,20.27,0.0,0.9615338675198746
2025-10-11,AVAX,10,0.012790553470805481,0.0,0.0,mark,21.46,0.0,0.9739114069112254
2025-10-12,AVAX,10,-0.0001068048797529584,0.0,0.0,mark,21.45,0.0,0.9738073939751636
2025-10-12,AVAX,10,-0.0003322628108079806,0.00033220761763323996,0.22910870181602755,rotation,21.45,-0.010401293606177092,0.9734838877407774
2025-11-02,BNB,11,-0.0004157867147183314,0.00041570028740111194,0.2866898533800772,entry,1094.54,0.0002549819586714702,0.9730792102088632
2025-11-02,BNB,11,-9.423329566874288e-05,9.422885585119053e-05,0.0,funding,1094.54,0.0,0.9729875180682327
2025-11-02,BNB,11,9.957817377396595e-05,0.0,0.0,mark,1094.92,0.0,0.9730844112125279
2025-11-02,BNB,11,-0.00609248774820483,0.0,0.0,mark,1071.74,0.0,0.9671739294105232
2025-11-02,BNB,11,0.0030298568068616205,0.0,0.0,mark,1083.25,0.0,0.9701087717548318
2025-11-03,BNB,11,0.0,0.0,0.0,mark,1083.25,0.0,0.9701087717548318
2025-11-03,BNB,11,-9.354682537908676e-05,9.354245001124797e-05,0.0,funding,1083.25,0.0,0.9700180254035444
2025-11-03,BNB,11,-0.032885409596547954,0.0,0.0,mark,960.18,0.0,0.9386373957498466
2025-11-03,BNB,11,0.03393368378947528,0.0,0.0,mark,1087.24,0.0,0.9710354034186436
2025-11-03,BNB,11,-0.024912216419721026,0.0,0.0,mark,993.54,0.0,0.9471435938911268
2025-11-04,BNB,11,0.0,0.0,0.0,mark,993.54,0.0,0.9471435938911268
2025-11-04,BNB,11,-0.00038791021511871054,0.0003878349876787331,0.26747240529567795,rotation,993.54,-0.0002549819586714702,0.94677625846706
2026-03-02,TRX,1,-0.0007247373144570303,0.0007244747558020435,0.4996377626220989,entry,0.2807,1.7799706541578157,0.9992755252441979
2026-03-02,TRX,1,-0.00016428454119421496,0.00016427104722792604,0.0,funding,0.2807,0.0,0.9991113732071968
2026-03-02,TRX,1,0.0047986632115617775,0.0,0.0,mark,0.2834,0.0,1.0039172939734229
2026-03-02,TRX,1,-0.004976834462175209,0.0,0.0,mark,0.2806,0.0,0.998933376141781
2026-03-02,TRX,1,0.0046221665362907215,0.0,0.0,mark,0.2832,0.0,1.0035612998425913
2026-03-03,TRX,1,0.00017734968660930686,0.0,0.0,mark,0.2833,0.0,1.003739296908007
2026-03-03,TRX,1,-0.0001650689370491409,0.00016505531392174865,0.0,funding,0.2833,0.0,1.0035736244032603
2026-03-03,TRX,1,0.0005319481979506318,0.0,0.0,mark,0.2836,0.0,1.0041076155995077
2026-03-03,TRX,1,-0.006045379577050338,0.0,0.0,mark,0.2802,0.0,0.9980557153753711
2026-03-03,TRX,1,0.0005348883713745153,0.0,0.0,mark,0.2805,0.0,0.9985897065716185
2026-03-04,TRX,1,-0.00017826433617338085,0.0,0.0,mark,0.2804,0.0,0.9984117095062026
2026-03-04,TRX,1,-0.00016425094365162446,0.00016423745520388996,0.0,funding,0.2804,0.0,0.9982477329077876
2026-03-04,TRX,1,0.013460522183303696,0.0,0.0,mark,0.288,0.0,1.011775509879387
2026-03-04,TRX,1,-0.015959976376364465,0.0,0.0,mark,0.279,0.0,0.9957557739919668
2026-03-04,TRX,1,0.014375392504701594,0.0,0.0,mark,0.2871,0.0,1.010173536290645
2026-03-05,TRX,1,-0.000176219968946004,0.0,0.0,mark,0.287,0.0,1.009995539225229
2026-03-05,TRX,1,-0.00016618904485033746,0.00016617523621599933,0.0,funding,0.287,0.0,1.0098277029779212
2026-03-05,TRX,1,0.0019370353968547708,0.0,0.0,mark,0.2881,0.0,1.0117856706974948
2026-03-05,TRX,1,-0.010078265684148427,0.0,0.0,mark,0.2824,0.0,1.0016398379687952
2026-03-05,TRX,1,0.004963420219231204,0.0,0.0,mark,0.2852,0.0,1.0066237558004372
2026-03-06,TRX,1,0.0,0.0,0.0,mark,0.2852,0.0,1.0066237558004372
2026-03-06,TRX,1,-0.00016569987865339725,0.00016568615118666677,0.0,funding,0.2852,0.0,1.0064569721846455
2026-03-06,TRX,1,-0.0014158427672674465,0.0,0.0,mark,0.2844,0.0,1.005032995661319
2026-03-06,TRX,1,0.005122920509749289,0.0,0.0,mark,0.2873,0.0,1.0101949105583767
2026-03-06,TRX,1,-0.0047687718413321365,0.0,0.0,mark,0.2846,0.0,1.0053889897921506
2026-03-07,TRX,1,-0.00017705865654876022,0.0,0.0,mark,0.2845,0.0,1.0052109927267348
2026-03-07,TRX,1,-0.0007307428170689265,0.0007304758895589065,0.5037764755578665,rotation,0.2845,-1.7799706541578157,1.0044767103326282
2026-04-02,TRX,2,-0.0007247373144571415,0.0007244747558020435,0.4996377626220989,entry,0.3156,1.5902233718523464,1.003748992313201
2026-04-02,TRX,2,-0.0001642845411941039,0.00016427104722792606,0.0,funding,0.3156,0.0,1.0035841054150798
2026-04-02,TRX,2,0.001583290132825459,0.0,0.0,mark,0.3166,0.0,1.0051743287869321
2026-04-02,TRX,2,-0.005711614866788485,0.0,0.0,mark,0.313,0.0,0.9994495246482638
2026-04-02,TRX,2,0.0034943061072596707,0.0,0.0,mark,0.3152,0.0,1.0029480160663389
2026-04-03,TRX,2,0.00015854234624716146,0.0,0.0,mark,0.3153,0.0,1.003107038403524
2026-04-03,TRX,2,-0.00016423340948403423,0.00016421992391586236,0.0,funding,0.3153,0.0,1.002942308241998
2026-04-03,TRX,2,0.0003170613649283271,0.0,0.0,mark,0.3155,0.0,1.0032603529163684
2026-04-03,TRX,2,-0.004288833848627855,0.0,0.0,mark,0.3128,0.0,0.9989667498123671
2026-04-03,TRX,2,0.003654610558977598,0.0,0.0,mark,0.3151,0.0,1.0026242635676275
2026-04-04,TRX,2,0.0,0.0,0.0,mark,0.3151,0.0,1.0026242635676275
2026-04-04,TRX,2,-0.00016420826152187135,0.00016419478008327737,0.0,funding,0.3151,0.0,1.0024596378971649
2026-04-04,TRX,2,0.004589783436584866,0.0,0.0,mark,0.318,0.0,1.0070712856755366
2026-04-04,TRX,2,-0.004748428179510675,0.0,0.0,mark,0.315,0.0,1.0023006155599796
2026-04-04,TRX,2,0.004116605659357768,0.0,0.0,mark,0.3176,0.0,1.0064351963267957
2026-04-05,TRX,2,0.0,0.0,0.0,mark,0.3176,0.0,1.0064351963267957
2026-04-05,TRX,2,-0.0001648844252691971,0.0001648708325795355,0.0,funding,0.3176,0.0,1.00626926451804
2026-04-05,TRX,2,0.0033131688909870476,0.0,0.0,mark,0.3197,0.0,1.0096087335989299
2026-04-05,TRX,2,-0.004103639206903517,0.0,0.0,mark,0.3171,0.0,1.0054741528321138
2026-04-05,TRX,2,0.0028427736390685097,0.0,0.0,mark,0.3189,0.0,1.008336554901448
2026-04-06,TRX,2,0.0,0.0,0.0,mark,0.3189,0.0,1.008336554901448
2026-04-06,TRX,2,-0.00016524717490004005,0.00016523352233763312,0.0,funding,0.3189,0.0,1.0081699439007799
2026-04-06,TRX,2,0.0009459544161016585,0.0,0.0,mark,0.3195,0.0,1.0091240779238912
2026-04-06,TRX,2,-0.00632333113407496,0.0,0.0,mark,0.3155,0.0,1.002763184436482
2026-04-06,TRX,2,0.00158458528093382,0.0,0.0,mark,0.3165,0.0,1.0043534078083343
2026-04-07,TRX,2,0.0,0.0,0.0,mark,0.3165,0.0,1.0043534078083343
2026-04-07,TRX,2,-0.0001646539159844634,0.00016464036127245148,0.0,funding,0.3165,0.0,1.0041880507004275
2026-04-07,TRX,2,0.0006332359484180176,0.0,0.0,mark,0.3169,0.0,1.0048241400491684
2026-04-07,TRX,2,-0.005713611104774071,0.0,0.0,mark,0.3133,0.0,0.9990993359105
2026-04-07,TRX,2,0.0036541264566369476,0.0,0.0,mark,0.3156,0.0,1.0027568496657604
2026-04-08,TRX,2,0.0,0.0,0.0,mark,0.3156,0.0,1.0027568496657604
2026-04-08,TRX,2,-0.0001644471001458257,0.00016443357946268355,0.0,funding,0.3156,0.0,1.0025919627676392
2026-04-08,TRX,2,0.004273359195921354,0.0,0.0,mark,0.3183,0.0,1.0068855658716405
2026-04-08,TRX,2,-0.005701880051366138,0.0,0.0,mark,0.3147,0.0,1.0011607617329719
2026-04-08,TRX,2,0.005227963171718981,0.0,0.0,mark,0.318,0.0,1.0064084988600845
2026-04-09,TRX,2,0.0,0.0,0.0,mark,0.318,0.0,1.0064084988600845
2026-04-09,TRX,2,-0.00016509648525274236,0.00016508285757803516,0.0,funding,0.318,0.0,1.006242358069202
2026-04-09,TRX,2,0.004100512740770411,0.0,0.0,mark,0.3206,0.0,1.010376938836018
2026-04-09,TRX,2,-0.006632288117071841,0.0,0.0,mark,0.3164,0.0,1.0036980006742382
2026-04-09,TRX,2,0.006160009251219652,0.0,0.0,mark,0.3203,0.0,1.0098998718244623
2026-04-10,TRX,2,-0.00015747586769851335,0.0,0.0,mark,0.3202,0.0,1.009740849487277
2026-04-10,TRX,2,-0.0001656900898997015,0.0001656763640547174,0.0,funding,0.3202,0.0,1.0095735592946964
2026-04-10,TRX,2,0.0009446398717180206,0.0,0.0,mark,0.3208,0.0,1.0105276933178078
2026-04-10,TRX,2,-0.005997845487440233,0.0,0.0,mark,0.317,0.0,1.004484844504769
2026-04-10,TRX,2,0.0034768201319428332,0.0,0.0,mark,0.3192,0.0,1.007983335922844
2026-04-11,TRX,2,-0.00015777530912127884,0.0,0.0,mark,0.3191,0.0,1.0078243135856588
2026-04-11,TRX,2,-0.00016543486810344,0.00016542118451028898,0.0,funding,0.3191,0.0,1.0076575980939273
2026-04-11,TRX,2,0.0014193170513618959,0.0,0.0,mark,0.32,0.0,1.0090887991285944
2026-04-11,TRX,2,-0.0041057579595338255,0.0,0.0,mark,0.3174,0.0,1.0049542183617783
2026-04-11,TRX,2,0.002370763363146441,0.0,0.0,mark,0.3189,0.0,1.0073395534195568
2026-04-12,TRX,2,0.0,0.0,0.0,mark,0.3189,0.0,1.0073395534195568
2026-04-12,TRX,2,-0.0001654107397122398,0.0001653970601100451,0.0,funding,0.3189,0.0,1.0071729424188887
2026-04-12,TRX,2,0.006452618916639132,0.0,0.0,mark,0.323,0.0,1.0136928582434832
2026-04-12,TRX,2,-0.007242379709220382,0.0,0.0,mark,0.3184,0.0,1.0063778307329625
2026-04-12,TRX,2,0.004571954537236461,0.0,0.0,mark,0.3213,0.0,1.0109894785113342
2026-04-13,TRX,2,0.0,0.0,0.0,mark,0.3213,0.0,1.0109894785113342
2026-04-13,TRX,2,-0.00016605398443873817,0.00016604019823897396,0.0,funding,0.3213,0.0,1.0108216136179047
2026-04-13,TRX,2,0.0015719626411248781,0.0,0.0,mark,0.3223,0.0,1.012411836989757
2026-04-13,TRX,2,-0.004881149491579256,0.0,0.0,mark,0.3192,0.0,1.0074821445370148
2026-04-13,TRX,2,0.0018923046068684529,0.0,0.0,mark,0.3204,0.0,1.0093904125832376
2026-04-14,TRX,2,0.0001575305353556374,0.0,0.0,mark,0.3205,0.0,1.0095494349204228
2026-04-14,TRX,2,-0.00016587678774959512,0.0001658630309559283,0.0,funding,0.3205,0.0,1.0093819879912471
2026-04-14,TRX,2,0.005028750893664527,0.0,0.0,mark,0.3237,0.0,1.0144707027811746
2026-04-14,TRX,2,-0.005816782603311207,0.0,0.0,mark,0.32,0.0,1.008586876305321
2026-04-14,TRX,2,0.005816782603311322,0.0,0.0,mark,0.3237,0.0,1.0144707027811746
2026-04-15,TRX,2,0.0,0.0,0.0,mark,0.3237,0.0,1.0144707027811746
2026-04-15,TRX,2,-0.000166720324094562,0.00016670642703360246,0.0,funding,0.3237,0.0,1.0143015839949836
2026-04-15,TRX,2,0.007497271473961447,0.0,0.0,mark,0.3285,0.0,1.021934656179875
2026-04-15,TRX,2,-0.01079508608372686,0.0,0.0,mark,0.3216,0.0,1.0109621149140937
2026-04-15,TRX,2,0.008770118856183198,0.0,0.0,mark,0.3272,0.0,1.0198673657964668
2026-04-16,TRX,2,0.0,0.0,0.0,mark,0.3272,0.0,1.0198673657964668
2026-04-16,TRX,2,-0.00016763131560262824,0.00016761726625869557,0.0,funding,0.3272,0.0,1.0196964184166655
2026-04-16,TRX,2,0.0009352665074031668,0.0,0.0,mark,0.3278,0.0,1.0206505524397769
2026-04-16,TRX,2,-0.00437208027875027,0.0,0.0,mark,0.325,0.0,1.0161979269985904
2026-04-16,TRX,2,0.0031248637848408697,0.0,0.0,mark,0.327,0.0,1.019378373742295
2026-04-17,TRX,2,0.0,0.0,0.0,mark,0.327,0.0,1.019378373742295
2026-04-17,TRX,2,-0.00016760921259463944,0.00016759516695515335,0.0,funding,0.327,0.0,1.019207530853557
2026-04-17,TRX,2,0.0015590387981674184,0.0,0.0,mark,0.328,0.0,1.0207977542254094
2026-04-17,TRX,2,-0.007191790028880206,0.0,0.0,mark,0.3234,0.0,1.0134827267148887
2026-04-17,TRX,2,0.00688017665677592,0.0,0.0,mark,0.3278,0.0,1.020479709551039
2026-04-18,TRX,2,0.0,0.0,0.0,mark,0.3278,0.0,1.020479709551039
2026-04-18,TRX,2,-0.00016783795290205888,0.0001678238689007857,0.0,funding,0.3278,0.0,1.0203084486980474
2026-04-18,TRX,2,0.003578304006501624,0.0,0.0,mark,0.3301,0.0,1.0239659624533077
2026-04-18,TRX,2,-0.0056065019811413755,0.0,0.0,mark,0.3265,0.0,1.0182411583146393
2026-04-18,TRX,2,0.004674265103476052,0.0,0.0,mark,0.3295,0.0,1.0230118284301963
2026-04-19,TRX,2,0.0,0.0,0.0,mark,0.3295,0.0,1.0230118284301963
2026-04-19,TRX,2,-0.00016829083320874118,0.00016827667310071728,0.0,funding,0.3295,0.0,1.0228396794031653
2026-04-19,TRX,2,0.0017215140964828132,0.0,0.0,mark,0.3306082401863743,0.0,1.0246020288491637
2026-04-19,TRX,2,-0.00018602229538425223,0.00018600499430976577,0.1282793064205281,partial_tp,0.3306082401863743,-0.3975558429630866,1.0244114477546178
2026-04-19,TRX,2,0.006951666971560861,0.0,0.0,mark,0.3366,0.0,1.0315576251252327
2026-04-19,TRX,2,-0.010576988535671059,0.0,0.0,mark,0.3275,0.0,1.0207043506123405
2026-04-19,TRX,2,0.0018678145678883663,0.0,0.0,mark,0.3291,0.0,1.0226126186585633
2026-04-20,TRX,2,-0.00011663625723143141,0.0,0.0,mark,0.329,0.0,1.0224933519056745
2026-04-20,TRX,2,-0.00012608783892845726,0.0001260798901909277,0.0,funding,0.329,0.0,1.0223644360561452
2026-04-20,TRX,2,0.00465545723099586,0.0,0.0,mark,0.333,0.0,1.0271351061717022
2026-04-20,TRX,2,-0.00781018789305021,0.0,0.0,mark,0.3263,0.0,1.0191442337281442
2026-04-20,TRX,2,0.0028046961039976,0.0,0.0,mark,0.3287,0.0,1.0220066357974784
2026-04-21,TRX,2,0.00011669180034737844,0.0,0.0,mark,0.3288,0.0,1.0221259025503673
2026-04-21,TRX,2,-0.0001260564882280586,0.00012604854344280364,0.0,funding,0.3288,0.0,1.0219970650691357
2026-04-21,TRX,2,-0.0008172317565843534,0.0,0.0,mark,0.3281,0.0,1.0211621977989132
2026-04-21,TRX,2,0.008837264579352182,0.0,0.0,mark,0.3357,0.0,1.0302264710184714
2026-04-21,TRX,2,-0.003014494275749725,0.0,0.0,mark,0.3331,0.0,1.0271255354433593
2026-04-22,TRX,2,0.0,0.0,0.0,mark,0.3331,0.0,1.0271255354433593
2026-04-22,TRX,2,-0.00012708348582706294,0.00012707541106296913,0.0,funding,0.3331,0.0,1.0269950130437295
2026-04-22,TRX,2,0.002551640824774916,0.0,0.0,mark,0.3353,0.0,1.029618881607286
2026-04-22,TRX,2,-0.00907625928168246,0.0,0.0,mark,0.3275,0.0,1.0203160748819498
2026-04-22,TRX,2,0.002335110844018462,0.0,0.0,mark,0.3295,0.0,1.0227014099397282
2026-04-23,TRX,2,0.0001166125301734831,0.0,0.0,mark,0.3296,0.0,1.0228206766926171
2026-04-23,TRX,2,-0.00012627737389203986,0.0001262694012401086,0.0,funding,0.3296,0.0,1.0226915257381952
2026-04-23,TRX,2,0.000816010170666716,0.0,0.0,mark,0.3303,0.0,1.0235263930084177
2026-04-23,TRX,2,-0.004554845530276099,0.0,0.0,mark,0.3264,0.0,1.0188749896457496
2026-04-23,TRX,2,0.002805436223802934,0.0,0.0,mark,0.3288,0.0,1.0217373917150838
2026-04-24,TRX,2,0.0,0.0,0.0,mark,0.3288,0.0,1.0217373917150838
2026-04-24,TRX,2,-0.0001261044236368723,0.0001260964728083102,0.0,funding,0.3288,0.0,1.0216085542338522
2026-04-24,TRX,2,0.00011673726800017486,0.0,0.0,mark,0.3289,0.0,1.021727820986741
2026-04-24,TRX,2,-0.008923983977378895,0.0,0.0,mark,0.32128906122985507,0.0,1.0126505014512248
2026-04-24,TRX,2,-0.0005488364266410601,0.0005486858434792334,0.3784040299856782,stop,0.32128906122985507,-1.1926675288892599,1.0120948744566864
2026-05-02,TRX,3,-0.0007247373144570303,0.0007244747558020435,0.49963776262209897,entry,0.3269,1.5468975791827253,1.0113616372696659
2026-05-02,TRX,3,-0.0001642845411941039,0.00016427104722792606,0.0,funding,0.3269,0.0,1.0111954998343855
2026-05-02,TRX,3,0.011256710441322045,0.0,0.0,mark,0.3343,0.0,1.0226425419203375
2026-05-02,TRX,3,-0.012328123919338862,0.0,0.0,mark,0.3262,0.0,1.0101126715289575
2026-05-02,TRX,3,0.00580249443070276,0.0,0.0,mark,0.33,0.0,1.0159908823298518
2026-05-03,TRX,3,-0.00015226665706748717,0.0,0.0,mark,0.3299,0.0,1.0158361925719335
2026-05-03,TRX,3,-0.00016506198254994888,0.000165048360570482,0.0,funding,0.3299,0.0,1.0156685304737414
2026-05-03,TRX,3,0.00978862412197386,0.0,0.0,mark,0.3363586149776374,0.0,1.0256593463475219
2026-05-03,TRX,3,-0.00018391151399492676,0.00018389460330898817,0.12682386435102633,partial_tp,0.3363586149776374,-0.3867243947956813,1.025470733128895
2026-05-03,TRX,3,0.00838361984665496,0.0,0.0,mark,0.3438,0.0,1.0341040284865395
2026-05-03,TRX,3,-0.016401488567928207,0.0,0.0,mark,0.3293,0.0,1.0172815173129273
2026-05-03,TRX,3,0.010437609078752302,0.0,0.0,mark,0.3385,0.0,1.0279551106092881
2026-05-04,TRX,3,0.00011285587351692935,0.0,0.0,mark,0.3386,0.0,1.0280711279277268
2026-05-04,TRX,3,-0.000125546583141787,0.0001255387024993692,0.0,funding,0.3386,0.0,1.0279420652122497
2026-05-04,TRX,3,0.00349266743291952,0.0,0.0,mark,0.3417,0.0,1.0315386020838495
2026-05-04,TRX,3,-0.006205070858423954,0.0,0.0,mark,0.3362,0.0,1.0251576495697208
2026-05-04,TRX,3,0.005079736240795122,0.0,0.0,mark,0.3407,0.0,1.0303784288994624
2026-05-05,TRX,3,-0.0001126031439172754,0.0,0.0,mark,0.3406,0.0,1.0302624115810237
2026-05-05,TRX,3,-0.00012601957122167592,0.0001260116310889597,0.0,funding,0.3406,0.0,1.0301325865340907
2026-05-05,TRX,3,0.006175196335963148,0.0,0.0,mark,0.3461,0.0,1.0365135390482194
2026-05-05,TRX,3,-0.00978566386192625,0.0,0.0,mark,0.3374,0.0,1.026420032344052
2026-05-05,TRX,3,0.008329509693643471,0.0,0.0,mark,0.3448,0.0,1.0350053139085162
2026-05-06,TRX,3,-0.00011209973490600917,0.0,0.0,mark,0.3447,0.0,1.0348892965900776
2026-05-06,TRX,3,-0.00012696639915649112,0.00012695833926430698,0.0,funding,0.3447,0.0,1.03475790876366
2026-05-06,TRX,3,0.0031344495580991464,0.0,0.0,mark,0.3475,0.0,1.0380063936799437
2026-05-06,TRX,3,-0.006278754790439071,0.0,0.0,mark,0.3419,0.0,1.0315094238473763
2026-05-06,TRX,3,0.004936622119067943,0.0,0.0,mark,0.3463,0.0,1.0366141858586793
2026-05-07,TRX,3,0.0,0.0,0.0,mark,0.3463,0.0,1.0366141858586793
2026-05-07,TRX,3,-0.00012734351708320983,0.00012733540924180083,0.0,funding,0.3463,0.0,1.0364821881670971
2026-05-07,TRX,3,-0.0026900244176402766,0.0,0.0,mark,0.3439,0.0,1.0336977725245682
2026-05-07,TRX,3,0.006600050876563085,0.0,0.0,mark,0.3498,0.0,1.0405427943124517
2026-05-07,TRX,3,-0.0008923734201632676,0.0,0.0,mark,0.349,0.0,1.039614655764942
2026-05-08,TRX,3,0.0,0.0,0.0,mark,0.349,0.0,1.039614655764942
2026-05-08,TRX,3,-0.00012796602082227134,0.00012795783352024975,0.0,funding,0.349,0.0,1.0394816289258944
2026-05-08,TRX,3,0.0033427291836849856,0.0,0.0,mark,0.352,0.0,1.0429621484790554
2026-05-08,TRX,3,-0.005801185089173852,0.0,0.0,mark,0.3468,0.0,1.0369292479202428
2026-05-08,TRX,3,0.003796888737829638,0.0,0.0,mark,0.3502,0.0,1.0408738367471588
2026-05-09,TRX,3,-0.0001114676731731783,0.0,0.0,mark,0.3501,0.0,1.0407578194287201
2026-05-09,TRX,3,-0.00012822836862616473,0.00012822014772039363,0.0,funding,0.3501,0.0,1.040624373307372
2026-05-09,TRX,3,0.003783431939114247,0.0,0.0,mark,0.3535,0.0,1.0445689621342877
2026-05-09,TRX,3,-0.004229484129427878,0.0,0.0,mark,0.3497,0.0,1.040160304033617
2026-05-09,TRX,3,0.000557534156924154,0.0,0.0,mark,0.3502,0.0,1.0407403906258104
2026-05-10,TRX,3,0.0,0.0,0.0,mark,0.3502,0.0,1.0407403906258104
2026-05-10,TRX,3,-0.0001282671453202589,0.00012825891944179518,0.0,funding,0.3502,0.0,1.0406069063878893
2026-05-10,TRX,3,0.0024497779930966338,0.0,0.0,mark,0.3524,0.0,1.043159287393541
2026-05-10,TRX,3,-0.004346907294892959,0.0,0.0,mark,0.3485,0.0,1.0386346119744314
2026-05-10,TRX,3,0.002342990100380418,0.0,0.0,mark,0.3506,0.0,1.0410709756616443
2026-05-11,TRX,3,0.0001114341453421689,0.0,0.0,mark,0.3507,0.0,1.041186992980083
2026-05-11,TRX,3,-0.00012839519075049323,0.00012838694844089388,0.0,funding,0.3507,0.0,1.041053318159298
2026-05-11,TRX,3,0.0022263647002119993,0.0,0.0,mark,0.3527,0.0,1.043373664528072
2026-05-11,TRX,3,-0.0040110321845671535,0.0,0.0,mark,0.3491,0.0,1.0391970410642786
2026-05-11,TRX,3,0.0022303371369528577,0.0,0.0,mark,0.3511,0.0,1.0415173874330526
2026-05-12,TRX,3,0.00011138638546361062,0.0,0.0,mark,0.3512,0.0,1.0416334047514912
2026-05-12,TRX,3,-0.0001285231499147112,0.00012851489116841961,0.0,funding,0.3512,0.0,1.0414995393478421
2026-05-12,TRX,3,-0.004801472057664487,0.0,0.0,mark,0.3469,0.0,1.0365107946549779
2026-05-12,TRX,3,0.0050242362400462195,0.0,0.0,mark,0.3514,0.0,1.0417315739847195
2026-05-12,TRX,3,-0.0025647890425556973,0.0,0.0,mark,0.3491,0.0,1.0390631756606292
2026-05-13,TRX,3,0.0,0.0,0.0,mark,0.3491,0.0,1.0390631756606292
2026-05-13,TRX,3,-0.00012807063109904397,0.00012806243040590235,0.0,funding,0.3491,0.0,1.0389301107050088
2026-05-13,TRX,3,0.0028992130416251997,0.0,0.0,mark,0.3517,0.0,1.0419465609844152
2026-05-13,TRX,3,-0.003569457564748733,0.0,0.0,mark,0.3485,0.0,1.0382340067943765
2026-05-13,TRX,3,0.0013400401194002404,0.0,0.0,mark,0.3497,0.0,1.039626214615641
2026-05-14,TRX,3,-0.00011160144942325597,0.0,0.0,mark,0.3496,0.0,1.0395101972972023
2026-05-14,TRX,3,-0.000128198915817387,0.0001281906986875297,0.0,funding,0.3496,0.0,1.039376941758718
2026-05-14,TRX,3,0.00667499175160804,0.0,0.0,mark,0.3556,0.0,1.0463379808650402
2026-05-14,TRX,3,-0.00700991378972445,0.0,0.0,mark,0.3493,0.0,1.0390288898034017
2026-05-14,TRX,3,0.005012090425094608,0.0,0.0,mark,0.3538,0.0,1.0442496691331433
2026-05-15,TRX,3,0.0,0.0,0.0,mark,0.3538,0.0,1.0442496691331433
2026-05-15,TRX,3,-0.00012915028569222497,0.00012914194615315887,0.0,funding,0.3538,0.0,1.0441148126986017
2026-05-15,TRX,3,0.00044436317548610614,0.0,0.0,mark,0.3542,0.0,1.0445788819723565
2026-05-15,TRX,3,-0.004675690864021285,0.0,0.0,mark,0.35,0.0,1.039706154597931
2026-05-15,TRX,3,0.002340578190153495,0.0,0.0,mark,0.3521,0.0,1.0421425182851438
2026-05-16,TRX,3,0.00011131957388137841,0.0,0.0,mark,0.3522,0.0,1.0422585356035825
2026-05-16,TRX,3,-0.0001288118170768372,0.00012880352119084808,0.0,funding,0.3522,0.0,1.0421242890342055
2026-05-16,TRX,3,0.0036670827029964144,0.0,0.0,mark,0.3555,0.0,1.0459528605426827
2026-05-16,TRX,3,-0.007347662411359333,0.0,0.0,mark,0.3489,0.0,1.0382957175257281
2026-05-16,TRX,3,0.007014846382744946,0.0,0.0,mark,0.3552,0.0,1.0456048085873666
2026-05-17,TRX,3,-0.00011096329553661371,0.0,0.0,mark,0.3551,0.0,1.045488791268928
2026-05-17,TRX,3,-0.0001294712228373318,0.00012946284180022287,0.0,funding,0.3551,0.0,1.0453534393189399
2026-05-17,TRX,3,0.0026600705644272723,0.0,0.0,mark,0.3575,0.0,1.0481378549614688
2026-05-17,TRX,3,-0.0045485776198757695,0.0,0.0,mark,0.3534,0.0,1.043381144905482
2026-05-17,TRX,3,0.0021104500652194998,0.0,0.0,mark,0.3553,0.0,1.0455854739558172
2026-05-18,TRX,3,0.0,0.0,0.0,mark,0.3553,0.0,1.0455854739558172
2026-05-18,TRX,3,-0.00012953216915277942,0.00012952378022350387,0.0,funding,0.3553,0.0,1.0454500457726836
2026-05-18,TRX,3,0.0034342766253965245,0.0,0.0,mark,0.3584,0.0,1.0490465826442834
2026-05-18,TRX,3,-0.005100267089724163,0.0,0.0,mark,0.3538,0.0,1.043709785996103
2026-05-18,TRX,3,0.002109786231765591,0.0,0.0,mark,0.3557,0.0,1.0459141150464384
2026-05-19,TRX,3,-0.00011093047872371304,0.0,0.0,mark,0.3556,0.0,1.0457980977279997
2026-05-19,TRX,3,-0.00012961518817220327,0.00012960678848659898,0.0,funding,0.3556,0.0,1.0456625551951477
2026-05-19,TRX,3,0.002437948046465786,0.0,0.0,mark,0.3578,0.0,1.0482149362007993
2026-05-19,TRX,3,-0.00410359965033999,0.0,0.0,mark,0.3541,0.0,1.0439222954185672
2026-05-19,TRX,3,0.0025528660066840227,0.0,0.0,mark,0.3564,0.0,1.0465906937426575
2026-05-20,TRX,3,0.0,0.0,0.0,mark,0.3564,0.0,1.0465906937426575
2026-05-20,TRX,3,-0.0001298084184291105,0.0001297999936808797,0.0,funding,0.3564,0.0,1.0464548462772232
2026-05-20,TRX,3,-0.001442310742017304,0.0,0.0,mark,0.3551,0.0,1.04494662113752
2026-05-20,TRX,3,0.0053151469221416284,0.0,0.0,mark,0.3599,0.0,1.0505154524225777
2026-05-20,TRX,3,-0.0007733682565678715,0.0,0.0,mark,0.3592,0.0,1.049703331193507
2026-05-21,TRX,3,0.0,0.0,0.0,mark,0.3592,0.0,1.049703331193507
2026-05-21,TRX,3,-0.0001304403398557683,0.00013043183288443723,0.0,funding,0.3592,0.0,1.0495664164640344
2026-05-21,TRX,3,0.006829998798192141,0.0,0.0,mark,0.3654,0.0,1.056759490207234
2026-05-21,TRX,3,-0.007272249895035693,0.0,0.0,mark,0.3588,0.0,1.0491023471902794
2026-05-21,TRX,3,0.0072722498950357215,0.0,0.0,mark,0.3654,0.0,1.056759490207234
2026-05-22,TRX,3,0.0,0.0,0.0,mark,0.3654,0.0,1.056759490207234
2026-05-22,TRX,3,-0.00013180590030762457,0.00013179721429170408,0.0,funding,0.3654,0.0,1.0566202122502484
2026-05-22,TRX,3,0.001207075554502389,0.0,0.0,mark,0.3665,0.0,1.0578964027530742
2026-05-22,TRX,3,-0.007706373714789162,0.0,0.0,mark,0.3595,0.0,1.049775190462365
2026-05-22,TRX,3,0.0030896797152175554,0.0,0.0,mark,0.3623,0.0,1.0530236753786486
2026-05-23,TRX,3,0.0,0.0,0.0,mark,0.3623,0.0,1.0530236753786486
2026-05-23,TRX,3,-0.0001311512764737257,0.0001311426765209193,0.0,funding,0.3623,0.0,1.0528855790354195
2026-05-23,TRX,3,0.0012113545144055548,0.0,0.0,mark,0.3634,0.0,1.0541617695382453
2026-05-23,TRX,3,-0.005407360266995378,0.0,0.0,mark,0.3585,0.0,1.0484769209347486
2026-05-23,TRX,3,0.004856926478522651,0.0,0.0,mark,0.3629,0.0,1.0535816829460516
2026-05-24,TRX,3,0.0001101109985513323,0.0,0.0,mark,0.363,0.0,1.0536977002644903
2026-05-24,TRX,3,-0.00013132062865019875,0.00013131200647384153,0.0,funding,0.363,0.0,1.0535593371052516
2026-05-24,TRX,3,-0.000991566008139758,0.0,0.0,mark,0.3621,0.0,1.0525151812393032
2026-05-24,TRX,3,0.006482433394465685,0.0,0.0,mark,0.368,0.0,1.0593602030271867
2026-05-24,TRX,3,-0.0025220549672336752,0.0,0.0,mark,0.3657,0.0,1.0566918047030964
2026-05-25,TRX,3,0.0,0.0,0.0,mark,0.3657,0.0,1.0566918047030964
2026-05-25,TRX,3,-0.00013192257267603984,0.00013191387127600511,0.0,funding,0.3657,0.0,1.0565524123963923
2026-05-25,TRX,3,-0.001868471030482454,0.0,0.0,mark,0.364,0.0,1.0545801179829344
2026-05-25,TRX,3,0.010941206751806942,0.0,0.0,mark,0.374,0.0,1.0661818498268048
2026-05-25,TRX,3,-0.002396815347159854,0.0,0.0,mark,0.3718,0.0,1.0636294688211532
2026-05-26,TRX,3,-0.00010908276773054409,0.0,0.0,mark,0.3717,0.0,1.0635134515027145
2026-05-26,TRX,3,-0.00013322703049712355,0.00013321815617038516,0.0,funding,0.3717,0.0,1.063371772201643
2026-05-26,TRX,3,0.006308050962350292,0.0,0.0,mark,0.3775,0.0,1.0701007766710877
2026-05-26,TRX,3,-0.0067445592262465265,0.0,0.0,mark,0.3713,0.0,1.0629077029278882
2026-05-26,TRX,3,0.00468250806325424,0.0,0.0,mark,0.3756,0.0,1.0678964476207524
2026-05-27,TRX,3,0.0,0.0,0.0,mark,0.3756,0.0,1.0678964476207524
2026-05-27,TRX,3,-0.00013407240490280757,0.00013406341759961013,0.0,funding,0.3756,0.0,1.067753281773342
2026-05-27,TRX,3,0.00032591352976058625,0.0,0.0,mark,0.3759,0.0,1.068101333728658
2026-05-27,TRX,3,-0.008837164462095556,0.0,0.0,mark,0.3678,0.0,1.058703930935123
2026-05-27,TRX,3,0.00032869884218250764,0.0,0.0,mark,0.3681,0.0,1.059051982890439
2026-05-28,TRX,3,0.0,0.0,0.0,mark,0.3681,0.0,1.059051982890439
2026-05-28,TRX,3,-0.0001324924571594941,0.0001324836804215312,0.0,funding,0.3681,0.0,1.058911675785988
2026-05-28,TRX,3,0.00054766395884939,0.0,0.0,mark,0.3686,0.0,1.0594917623781814
2026-05-28,TRX,3,-0.008838577924086159,0.0,0.0,mark,0.36056401167370933,0.0,1.0501686242119717
2026-05-28,TRX,3,-0.0005777495480794634,0.0005775826829462657,0.39833288479052803,stop,0.36056401167370933,-1.160173184387044,1.0495620650004533
2026-06-23,TRX,4,-0.0007247373144571415,0.0007244747558020435,0.4996377626220989,entry,0.334,1.5700624008678337,1.048801683779713
2026-06-23,TRX,4,-0.00016428454119421496,0.00016427104722792606,0.0,funding,0.334,0.0,1.048629396028784
2026-06-23,TRX,4,0.0002994055623145381,0.0,0.0,mark,0.3342,0.0,1.0489434085089575
2026-06-23,TRX,4,-0.00826649399326007,0.0,0.0,mark,0.3287,0.0,1.0403080653041845
2026-06-23,TRX,4,0.0009051272448637631,0.0,0.0,mark,0.3293,0.0,1.0412501027447052
2026-06-24,TRX,4,-0.00015079765952221753,0.0,0.0,mark,0.3292,0.0,1.0410930965046183
2026-06-24,TRX,4,-0.00016312240499605636,0.00016310910125993356,0.0,funding,0.3292,0.0,1.0409232847453196
2026-06-24,TRX,4,-0.006203380166391789,0.0,0.0,mark,0.3251,0.0,1.0344860289017614
2026-06-24,TRX,4,0.010117384889104653,0.0,0.0,mark,0.3318,0.0,1.0450054469875758
2026-06-24,TRX,4,-0.006632702417621158,0.0,0.0,mark,0.3274,0.0,1.0380971724237573
2026-06-25,TRX,4,0.00015123282512270747,0.0,0.0,mark,0.3275,0.0,1.0382541786638442
2026-06-25,TRX,4,-0.00016272372824980652,0.0001627104894620924,0.0,funding,0.3275,0.0,1.0380852438182477
2026-06-25,TRX,4,-0.00759103913785518,0.0,0.0,mark,0.3225,0.0,1.0302349318139086
2026-06-25,TRX,4,0.01211815624176048,0.0,0.0,mark,0.3305,0.0,1.0427954310208511
2026-06-25,TRX,4,-0.010138935920413364,0.0,0.0,mark,0.3238,0.0,1.0322760129350366
2026-06-26,TRX,4,0.00015208558489137035,0.0,0.0,mark,0.3239,0.0,1.0324330191751234
2026-06-26,TRX,4,-0.00016184233676199368,0.0001618292409975022,0.0,funding,0.3239,0.0,1.0322659413232496
2026-06-26,TRX,4,0.00045619183209594276,0.0,0.0,mark,0.3242,0.0,1.03273696004351
2026-06-26,TRX,4,-0.008550086832383102,0.0,0.0,mark,0.3186,0.0,1.02394461059865
2026-06-26,TRX,4,0.003062001293454251,0.0,0.0,mark,0.3206,0.0,1.0270847354003858
2026-06-27,TRX,4,0.0,0.0,0.0,mark,0.3206,0.0,1.0270847354003858
2026-06-27,TRX,4,-0.00016102753482575744,0.00016101457058817752,0.0,funding,0.3206,0.0,1.0269193597927577
2026-06-27,TRX,4,0.0013750688846092813,0.0,0.0,mark,0.3215,0.0,1.0283324159535387
2026-06-27,TRX,4,-0.002445875668853912,0.0,0.0,mark,0.3199,0.0,1.0258203161121502
2026-06-27,TRX,4,0.0021404681677137374,0.0,0.0,mark,0.3213,0.0,1.028018403473365
2026-06-28,TRX,4,0.0,0.0,0.0,mark,0.3213,0.0,1.028018403473365
2026-06-28,TRX,4,-0.00016123257192312678,0.00016121957465052754,0.0,funding,0.3213,0.0,1.027852666783624
2026-06-28,TRX,4,0.004876146584652356,0.0,0.0,mark,0.3245,0.0,1.0328768664664012
2026-06-28,TRX,4,-0.005028909950324661,0.0,0.0,mark,0.3212,0.0,1.0276956605435372
2026-06-28,TRX,4,0.001526584522573394,0.0,0.0,mark,0.3222,0.0,1.029265722944405
2026-06-29,TRX,4,0.0,0.0,0.0,mark,0.3222,0.0,1.029265722944405
2026-06-29,TRX,4,-0.0007129149796417064,0.0007126609161364869,0.4914902869906806,rotation,0.3222,-1.5700624008678337,1.0285322054913437
2026-09-02,SOL,5,-0.0005016937018204333,0.0005015678745784017,0.3459088790195874,entry,100.01,0.003557428479522594,1.0280163267791
2026-09-02,SOL,5,-0.000113709121841281,0.00011370265720407898,0.0,funding,100.01,0.0,1.027899438591096
2026-09-02,SOL,5,0.002419680673943437,0.0,0.0,mark,100.71,0.0,1.0303896385267617
2026-09-02,SOL,5,-0.011563451419888366,0.0,0.0,mark,97.38,0.0,1.0185434016899515
2026-09-02,SOL,5,0.010596281619372778,0.0,0.0,mark,100.43,0.0,1.0293935585524954
2026-09-03,SOL,5,3.455789072815348e-05,0.0,0.0,mark,100.44,0.0,1.0294291328372907
2026-09-03,SOL,5,-0.00011404131380775214,0.00011403481134435395,0.0,funding,100.44,0.0,1.0293117420803353
2026-09-03,SOL,5,0.018728516756553706,0.0,0.0,mark,105.91,0.0,1.0487708758633238
2026-09-03,SOL,5,-0.022919194804870792,0.0,0.0,mark,99.23,0.0,1.025007253620113
2026-09-03,SOL,5,0.016214533087574503,0.0,0.0,mark,103.94,0.0,1.0417627417586643
2026-09-04,SOL,5,3.414758081178461e-05,0.0,0.0,mark,103.95,0.0,1.0417983160434596
2026-09-04,SOL,5,-0.00011662545905485511,0.00011661865857041458,0.0,funding,103.95,0.0,1.0416768229213418
2026-09-04,SOL,5,0.002864575539218335,0.0,0.0,mark,104.79,0.0,1.0446650628441407
2026-09-04,SOL,5,-0.015719311444401123,0.0,0.0,mark,100.21,0.0,1.0283720404079273
2026-09-04,SOL,5,0.005932333219591413,0.0,0.0,mark,101.93,0.0,1.034490817392706
2026-09-05,SOL,5,0.0,0.0,0.0,mark,101.93,0.0,1.034490817392706
2026-09-05,SOL,5,-0.00011516687725216849,0.0001151602458019032,0.0,funding,101.93,0.0,1.0343716851758953
2026-09-05,SOL,5,0.008356674526255544,0.0,0.0,mark,104.37,0.0,1.0430518106659303
2026-09-05,SOL,5,-0.009492260604901496,0.0,0.0,mark,101.6,0.0,1.0331977337776528
2026-09-05,SOL,5,0.0054253926899163335,0.0,0.0,mark,103.18,0.0,1.0388184707752985
2026-09-06,SOL,5,0.0,0.0,0.0,mark,103.18,0.0,1.0388184707752985
2026-09-06,SOL,5,-0.00011609359733299954,0.00011608685873209196,0.0,funding,103.18,0.0,1.0386978776022333
2026-09-06,SOL,5,0.014214543274233044,0.0,0.0,mark,107.36,0.0,1.0535679286466377
2026-09-06,SOL,5,-0.014248792784862406,0.0,0.0,mark,103.17,0.0,1.038662303317438
2026-09-06,SOL,5,0.011510037479036853,0.0,0.0,mark,106.55,0.0,1.0506864115782244
2026-09-07,SOL,5,0.0,0.0,0.0,mark,106.55,0.0,1.0506864115782244
2026-09-07,SOL,5,-0.00011853136232576409,0.00011852433776130133,0.0,funding,106.55,0.0,1.0505618796670972
2026-09-07,SOL,5,0.0017254801933335286,0.0,0.0,mark,107.06,0.0,1.0523761681916537
2026-09-07,SOL,5,-0.013956487071031847,0.0,0.0,mark,102.96,0.0,1.037790711425611
2026-09-07,SOL,5,0.002875286823466122,0.0,0.0,mark,103.8,0.0,1.04077895134841
2026-09-08,SOL,5,3.417985806748522e-05,0.0,0.0,mark,103.81,0.0,1.0408145256332053
2026-09-08,SOL,5,-0.00011657847231188254,0.00011657167730590211,0.0,funding,103.81,0.0,1.040693196138188
2026-09-08,SOL,5,0.0034806279722471275,0.0,0.0,mark,104.83,0.0,1.0443217731873011
2026-09-08,SOL,5,-0.010650571774274418,0.0,0.0,mark,101.72,0.0,1.0332581706159858
2026-09-08,SOL,5,0.0056647481785731535,0.0,0.0,mark,103.37,0.0,1.039127927607198
2026-09-09,SOL,5,0.0,0.0,0.0,mark,103.37,0.0,1.039127927607198
2026-09-09,SOL,5,-0.00011627275054584863,0.00011626599113167308,0.0,funding,103.37,0.0,1.0390071123687823
2026-09-09,SOL,5,0.0062461399218717495,0.0,0.0,mark,105.2,0.0,1.0455172064863085
2026-09-09,SOL,5,-0.016709262127660454,0.0,0.0,mark,100.33,0.0,1.0281925297910335
2026-09-09,SOL,5,0.00428108116669881,0.0,0.0,mark,101.57,0.0,1.0326037411056415
2026-09-10,SOL,5,0.0,0.0,0.0,mark,101.57,0.0,1.0326037411056415
2026-09-10,SOL,5,-0.00011496983879978106,0.00011496323002120208,0.0,funding,101.57,0.0,1.032485029644232
2026-09-10,SOL,5,-0.010634030306149874,0.0,0.0,mark,98.5,0.0,1.0215637242120976
2026-09-10,SOL,5,0.012767962638724848,0.0,0.0,mark,102.19,0.0,1.034690635301536
2026-09-10,SOL,5,-0.012176140622281622,0.0,0.0,mark,98.67,0.0,1.0221684870536165
2026-09-11,SOL,5,0.0,0.0,0.0,mark,98.67,0.0,1.0221684870536165
2026-09-11,SOL,5,-0.00011282733739286985,0.00011282097262813462,0.0,funding,98.67,0.0,1.0220531650107172
2026-09-11,SOL,5,0.02451422395704072,0.0,0.0,mark,105.8,0.0,1.0474176300697133
2026-09-11,SOL,5,-0.026848995457074268,0.0,0.0,mark,98.0,0.0,1.0196696879294371
2026-09-11,SOL,5,0.015440252737077673,0.0,0.0,mark,102.46,0.0,1.0355358189481079
2026-09-12,SOL,5,-3.4354094961298756e-05,0.0,0.0,mark,102.45,0.0,1.0355002446633126
2026-09-12,SOL,5,-0.00011564159334961875,0.00011563490711827791,0.0,funding,102.45,0.0,1.0353805046887
2026-09-12,SOL,5,-0.004200566330593609,0.0,0.0,mark,101.23,0.0,1.0310404419436823
2026-09-12,SOL,5,0.004681471890797964,0.0,0.0,mark,102.59,0.0,1.035878544675833
2026-09-12,SOL,5,-0.002854467642291256,0.0,0.0,mark,101.76,0.0,1.0329258790378293
2026-09-13,SOL,5,3.4439714345970946e-05,0.0,0.0,mark,101.77,0.0,1.0329614533226246
2026-09-13,SOL,5,-0.00011515634277247842,0.0001151497125353422,0.0,funding,101.77,0.0,1.0328425081082144
2026-09-13,SOL,5,0.001961331314433546,0.0,0.0,mark,102.34,0.0,1.0348702423415423
2026-09-13,SOL,5,-0.010887366656644647,0.0,0.0,mark,99.19,0.0,1.023664342631046
2026-09-13,SOL,5,0.00038219789527204695,0.0,0.0,mark,99.3,0.0,1.0240556597637935
2026-09-14,SOL,5,3.473802089713596e-05,0.0,0.0,mark,99.31,0.0,1.0240912340485888
2026-09-14,SOL,5,-0.00011334598598622313,0.00011333956257258222,0.0,funding,99.31,0.0,1.0239751639960872
2026-09-14,SOL,5,0.018961574362336572,0.0,0.0,mark,104.82,0.0,1.0435765949182567
2026-09-14,SOL,5,-0.020039136732570108,0.0,0.0,mark,99.0,0.0,1.0228723611674353
2026-09-14,SOL,5,0.01220217016860469,0.0,0.0,mark,102.53,0.0,1.03543008370015
2026-09-15,SOL,5,3.435642276219607e-05,0.0,0.0,mark,102.54,0.0,1.0354656579849453
2026-09-15,SOL,5,-0.00011574705402817534,0.0001157403555962811,0.0,funding,102.54,0.0,1.0353458128214823
2026-09-15,SOL,5,0.001098909878215439,0.0,0.0,mark,102.86,0.0,1.0364841899349295
2026-09-15,SOL,5,-0.02445944679257597,0.0,0.0,mark,95.82,0.0,1.0114398934390905
2026-09-15,SOL,5,0.0037212911058878877,0.0,0.0,mark,96.88,0.0,1.0152107676273845
2026-09-16,SOL,5,0.0,0.0,0.0,mark,96.88,0.0,1.0152107676273845
2026-09-16,SOL,5,-0.00011153966455697601,0.00011153344423986811,0.0,funding,96.88,0.0,1.0150975376738416
2026-09-16,SOL,5,0.007193374414144093,0.0,0.0,mark,98.94,0.0,1.0224258403416582
2026-09-16,SOL,5,-0.009965783902515138,0.0,0.0,mark,96.09,0.0,1.0122871691750188
2026-09-16,SOL,5,0.008991077027155113,0.0,0.0,mark,98.66,0.0,1.0214297603673919
2026-09-17,SOL,5,0.0,0.0,0.0,mark,98.66,0.0,1.0214297603673919
2026-09-17,SOL,5,-0.00011289749816512983,0.00011289112548248757,0.0,funding,98.66,0.0,1.0213144500121427
2026-09-17,SOL,5,0.011738831016123144,0.0,0.0,mark,102.05,0.0,1.0333741325577244
2026-09-17,SOL,5,-0.012400855499120242,0.0,0.0,mark,98.47,0.0,1.0206385386010335
2026-09-17,SOL,5,0.010988418391283082,0.0,0.0,mark,101.64,0.0,1.03191558688112
2026-09-18,SOL,5,-3.4474620265527494e-05,0.0,0.0,mark,101.63,0.0,1.0318800125963248
2026-09-18,SOL,5,-0.00011511844688013666,0.00011511182100603571,0.0,funding,101.63,0.0,1.0317612310090152
2026-09-18,SOL,5,0.02946510914565134,0.0,0.0,mark,110.30291438214765,0.0,1.0626145036325283
2026-09-18,SOL,5,-0.0001338703829620793,0.00013386142272225727,0.09231822256707398,partial_tp,110.30291438214765,-0.0008893571198806485,1.0624722605432668
2026-09-18,SOL,5,0.01003713049912972,0.0,0.0,mark,114.32,0.0,1.0731901316294883
2026-09-18,SOL,5,-0.03393289275092918,0.0,0.0,mark,100.9,0.0,1.0373846139830933
2026-09-18,SOL,5,0.02994718040357773,0.0,0.0,mark,112.72,0.0,1.0689212174540612
2026-09-19,SOL,5,0.0,0.0,0.0,mark,112.72,0.0,1.0689212174540612
2026-09-19,SOL,5,-9.244082611010607e-05,9.243655358862279e-05,0.0,funding,112.72,0.0,1.068822410060662
2026-09-19,SOL,5,-0.006611968812117394,0.0,0.0,mark,110.08,0.0,1.0617787016712072
2026-09-19,SOL,5,0.010026026795743046,0.0,0.0,mark,114.09,0.0,1.0724776678233714
2026-09-19,SOL,5,-0.00756647873353531,0.0,0.0,mark,111.06,0.0,1.0643934116036562
2026-09-20,SOL,5,0.0,0.0,0.0,mark,111.06,0.0,1.0643934116036562
2026-09-20,SOL,5,-9.146686951504552e-05,9.146268654850763e-05,0.0,funding,111.06,0.0,1.0642960593226864
2026-09-20,SOL,5,0.0010022529045333206,0.0,0.0,mark,111.46,0.0,1.065363287866543
2026-09-20,SOL,5,-0.010219815659821552,0.0,0.0,mark,107.4,0.0,1.0545309181463969
2026-09-20,SOL,5,0.009493282456266391,0.0,0.0,mark,111.17,0.0,1.064589547172247
2026-09-21,SOL,5,0.0,0.0,0.0,mark,111.17,0.0,1.064589547172247
2026-09-21,SOL,5,-9.154059859579344e-05,9.153640888306316e-05,0.0,funding,111.17,0.0,1.0644920984681645
2026-09-21,SOL,5,0.021865872844657568,0.0,0.0,mark,119.99,0.0,1.0880244878602063
2026-09-21,SOL,5,-0.02306968192203415,0.0,0.0,mark,110.69,0.0,1.0632114242155362
2026-09-21,SOL,5,0.020393187561764385,0.0,0.0,mark,118.9,0.0,1.0851162900781965
2026-09-22,SOL,5,2.4587581842341313e-05,0.0,0.0,mark,118.91,0.0,1.085142970791793
2026-09-22,SOL,5,-9.605959225860694e-05,9.605497868366927e-05,0.0,funding,118.91,0.0,1.0850387374068649
2026-09-22,SOL,5,0.0014006282292464034,0.0,0.0,mark,119.48,0.0,1.0865595380818607
2026-09-22,SOL,5,-0.009721863066970043,0.0,0.0,mark,115.54,0.0,1.0760473369248713
2026-09-22,SOL,5,0.007484837342897475,0.0,0.0,mark,118.57,0.0,1.0841315931445863
2026-09-23,SOL,5,0.0,0.0,0.0,mark,118.57,0.0,1.0841315931445863
2026-09-23,SOL,5,-9.587427665819998e-05,9.586968086666142e-05,0.0,funding,118.57,0.0,1.084027657794734
2026-09-23,SOL,5,0.0029491561342856955,0.0,0.0,mark,119.77,0.0,1.0872293434263045
2026-09-23,SOL,5,-0.01675320014142158,0.0,0.0,mark,113.0,0.0,1.0691665003215285
2026-09-23,SOL,5,0.004953692563601147,0.0,0.0,mark,114.99,0.0,1.074475962327216
2026-09-24,SOL,5,0.0,0.0,0.0,mark,114.99,0.0,1.074475962327216
2026-09-24,SOL,5,-9.381498290376224e-05,9.38105824158377e-05,0.0,funding,114.99,0.0,1.0743751651113982
2026-09-24,SOL,5,0.006929373141148787,0.0,0.0,mark,117.79,0.0,1.0818457649183957
2026-09-24,SOL,5,-0.013082187545198753,0.0,0.0,mark,112.52,0.0,1.0677850288530826
2026-09-24,SOL,5,0.011230808623727192,0.0,0.0,mark,117.04,0.0,1.0798447113986642
2026-09-25,SOL,5,0.0,0.0,0.0,mark,117.04,0.0,1.0798447113986642
2026-09-25,SOL,5,-9.501279664144425e-05,9.50082830685819e-05,0.0,funding,117.04,0.0,1.0797421172066535
2026-09-25,SOL,5,0.014473803529173613,0.0,0.0,mark,122.94,0.0,1.095483738228541
2026-09-25,SOL,5,-0.017393874030776864,0.0,0.0,mark,115.86,0.0,1.076593793002276
2026-09-25,SOL,5,0.015467960711124062,0.0,0.0,mark,122.15,0.0,1.0933759618544239
2026-09-25,SOL,5,-0.0004322980353794428,0.00043220460804707265,0.29807214348073974,boundary_exit,122.15,-0.0026680713596419457,1.0929033997253825
