date,asset,episode,log_growth,cost_fraction,turnover,event,price,quantity_change,equity_after
2021-01-01,LTC,1,-0.0006409806635682242,0.0006407752793475137,0.44191398575690594,entry,124.22,0.003557510753154934,0.9993592247206525
2021-01-01,LTC,1,-0.00014529099278857513,0.00014528043856351175,0.0,funding,124.22,0.0,0.9992140373742027
2021-01-01,LTC,1,0.03412410611688862,0.0,0.0,mark,133.97,0.0,1.0338997672174632
2021-01-01,LTC,1,-0.03887056374655267,0.0,0.0,mark,122.89,0.0,0.9944825480725066
2021-01-01,LTC,1,0.011912544015912402,0.0,0.0,mark,126.24,0.0,1.0064002090955755
2021-01-02,LTC,1,-0.00014140546683762408,0.0,0.0,mark,126.2,0.0,1.0062579086654493
2021-01-02,LTC,1,-0.00014659498838742664,0.00014658424386709693,0.0,funding,126.2,0.0,1.0061104071107723
2021-01-02,LTC,1,0.0543625125818121,0.0,0.0,mark,142.0,0.0,1.0623190770106201
2021-01-02,LTC,1,-0.06520559697158428,0.0,0.0,mark,123.15,0.0,0.9952599993136496
2021-01-02,LTC,1,0.04818350888394227,0.0,0.0,mark,136.96,0.0,1.0443892228147194
2021-01-03,LTC,1,-6.812846897876923e-05,0.0,0.0,mark,136.94,0.0,1.0443180725996561
2021-01-03,LTC,1,-0.0006766415707938126,0.0006764127005101643,0.4664915175932167,rotation,136.94,-0.003557510753154934,1.0436116825919775
2021-01-03,DOGE,2,-0.0005029289902503364,0.0005028025426646962,0.34676037425151457,entry,0.0105245,34.38483325847755,1.0430869519844157
2021-01-03,DOGE,2,-0.0001139891869380361,0.00011398269041744939,0.0,funding,0.0105245,0.0,1.042968058127289
2021-01-03,DOGE,2,0.10995655131898704,0.0,0.0,mark,0.01405,0.0,1.1641917877800516
2021-01-03,DOGE,2,-0.15221890484262843,0.0,0.0,mark,0.0092693,0.0,0.999808215421248
2021-01-03,DOGE,2,0.01879261960491018,0.0,0.0,mark,0.0098209,0.0,1.0187748894466242
2021-01-04,DOGE,2,-7.087994578181607e-05,0.0,0.0,mark,0.0098188,0.0,1.0187026812967814
2021-01-04,DOGE,2,-0.000257937006726133,0.0002579037438364436,0.17786465092168524,resize,0.0098188,-18.453497046669327,1.0184399540614189
2021-01-04,DOGE,2,-5.0463476653151236e-05,5.0462203393218215e-05,0.0,funding,0.0098188,0.0,1.0183885613373131
2021-01-04,DOGE,2,0.02626200034636456,0.0,0.0,mark,0.0115198,0.0,1.045487764233599
2021-01-04,DOGE,2,-0.061588889960950056,0.0,0.0,mark,0.0076,0.0,0.983040112550553
2021-01-04,DOGE,2,0.03442697369485945,0.0,0.0,mark,0.0097613,0.0,1.0174725095051342
2021-01-05,DOGE,2,0.00016908946753459942,0.0,0.0,mark,0.0097721,0.0,1.0176445679362218
2021-01-05,DOGE,2,-5.0262712545877513e-05,5.026144939691438e-05,0.0,funding,0.0097721,0.0,1.0175934196452665
2021-01-05,DOGE,2,-0.014539929950915258,0.0,0.0,mark,0.0088501,0.0,1.0029047276579792
2021-01-05,DOGE,2,0.022494282322780324,0.0,0.0,mark,0.0102822,0.0,1.0257199942469097
2021-01-05,DOGE,2,-0.004860840503506369,0.0,0.0,mark,0.00997,0.0,1.0207462310815831
2021-01-06,DOGE,2,0.00011080738476043369,0.0,0.0,mark,0.0099771,0.0,1.020859343568687
2021-01-06,DOGE,2,-5.115554898546347e-05,5.115424056261448e-05,0.0,funding,0.0099771,0.0,1.0208071222842454
2021-01-06,DOGE,2,0.015837914407533838,0.0,0.0,mark,0.011,0.0,1.037103286095304
2021-01-06,DOGE,2,-0.022492817472714203,0.0,0.0,mark,0.0095521,0.0,1.0140363043942269
2021-01-06,DOGE,2,0.013543290072239336,0.0,0.0,mark,0.01042,0.0,1.0278631110924552
2021-01-07,DOGE,2,-2.0149517487513947e-05,0.0,0.0,mark,0.0104187,0.0,1.0278424003553799
2021-01-07,DOGE,2,-5.3056885077795954e-05,5.3055477586077706e-05,0.0,funding,0.0104187,0.0,1.0277878676859458
2021-01-07,DOGE,2,-0.025412564508862166,0.0,0.0,mark,0.0087999,0.0,1.0019982206262705
2021-01-07,DOGE,2,0.027809184343052226,0.0,0.0,mark,0.0105735,0.0,1.0302540385315335
2021-01-07,DOGE,2,-0.012911517987350135,0.0,0.0,mark,0.0097439,0.0,1.0170374020102175
2021-01-08,DOGE,2,0.00012217528218796218,0.0,0.0,mark,0.0097517,0.0,1.0171616664326697
2021-01-08,DOGE,2,-5.018159589136353e-05,5.018033681629419e-05,0.0,funding,0.0097517,0.0,1.0171106249176516
2021-01-08,DOGE,2,0.008831033409685564,0.0,0.0,mark,0.010318,0.0,1.0261325406143986
2021-01-08,DOGE,2,-0.023775315586124304,0.0,0.0,mark,0.0088047,0.0,1.0020236495250692
2021-01-08,DOGE,2,0.014761004457370594,0.0,0.0,mark,0.00974,0.0,1.0169242282839734
2021-01-09,DOGE,2,0.0001174895820950296,0.0,0.0,mark,0.0097475,0.0,1.017043713305562
2021-01-09,DOGE,2,-5.0165799953539985e-05,5.0164541670694866e-05,0.0,funding,0.0097475,0.0,1.016992693773825
2021-01-09,DOGE,2,-0.0015504840448448737,0.0,0.0,mark,0.0096486,0.0,1.015417084622477
2021-01-09,DOGE,2,0.017749480779737703,0.0,0.0,mark,0.01079,0.0,1.0336011117746349
2021-01-09,DOGE,2,-0.009463786481537778,0.0,0.0,mark,0.0101789,0.0,1.0238654722155989
2021-01-10,DOGE,2,0.00015714354837406339,0.0,0.0,mark,0.010189,0.0,1.0240263787113382
2021-01-10,DOGE,2,-5.208047680713409e-05,5.2079120642634914e-05,0.0,funding,0.010189,0.0,1.02397304831802
2021-01-10,DOGE,2,0.01123974169925913,0.0,0.0,mark,0.0109155,0.0,1.0355471640758986
2021-01-10,DOGE,2,-0.030650827183954208,0.0,0.0,mark,0.0089534,0.0,1.0042882892947098
2021-01-10,DOGE,2,0.013653509407483146,0.0,0.0,mark,0.00982,0.0,1.0180943852558628
2021-01-11,DOGE,2,-5.9464896845129254e-05,0.0,0.0,mark,0.0098162,0.0,1.0180338461782579
2021-01-11,DOGE,2,-5.047023944215225e-05,5.0468965841001834e-05,0.0,funding,0.0098162,0.0,1.0179824670628501
2021-01-11,DOGE,2,0.00045843732846520525,0.0,0.0,mark,0.0098455,0.0,1.018449255213856
2021-01-11,DOGE,2,-0.05030135997734992,0.0,0.0,mark,0.0067094,0.0,0.9684869917200042
2021-01-11,DOGE,2,0.034329962864903314,0.0,0.0,mark,0.0088326,0.0,1.0023124047649155
2021-01-12,DOGE,2,-0.00035292197906477366,0.0,0.0,mark,0.0088104,0.0,1.0019587291010132
2021-01-12,DOGE,2,-4.602555262141336e-05,4.60244934620571e-05,0.0,funding,0.0088104,0.0,1.0019126144580366
2021-01-12,DOGE,2,-0.01584613285674144,0.0,0.0,mark,0.0078217,0.0,0.9861613023454218
2021-01-12,DOGE,2,0.021063900555085918,0.0,0.0,mark,0.0091394,0.0,1.0071540240717214
2021-01-12,DOGE,2,-0.016888510805390885,0.0,0.0,mark,0.0080807,0.0,0.99028751842428
2021-01-13,DOGE,2,-1.6087599540080688e-06,0.0,0.0,mark,0.0080806,0.0,0.9902859252906588
2021-01-13,DOGE,2,-4.271058318595421e-05,4.270967110201961e-05,0.0,funding,0.0080806,0.0,0.9902436305044927
2021-01-13,DOGE,2,0.009915768648754819,0.0,0.0,mark,0.0087,0.0,1.0001115001540868
2021-01-13,DOGE,2,-0.014925321389366574,0.0,0.0,mark,0.00777,0.0,0.9852953574771052
2021-01-13,DOGE,2,0.014507879799087122,0.0,0.0,mark,0.0086738,0.0,0.9996940991453375
2021-01-14,DOGE,2,8.286486439676663e-05,0.0,0.0,mark,0.008679,0.0,0.9997769420936389
2021-01-14,DOGE,2,-0.00020055353720716126,0.0002005334276908473,0.1382989156488602,rotation,0.008679,-15.931336211808222,0.9995764533965146
2021-01-14,ADA,3,-0.0004620366955986434,0.0004619299730818815,0.31857239522888375,entry,0.31246,1.0191303365964295,0.9991147190723039
2021-01-14,ADA,3,-0.00010471829472003197,0.0001047128119507207,0.0,funding,0.31246,0.0,0.9990100989606084
2021-01-14,ADA,3,0.01225805680479033,0.0,0.0,mark,0.32455,0.0,1.0113313847300593
2021-01-14,ADA,3,-0.028714974879600702,0.0,0.0,mark,0.29646,0.0,0.9827040135750656
2021-01-14,ADA,3,0.01599774959461009,0.0,0.0,mark,0.31201,0.0,0.9985514903091401
2021-01-15,ADA,3,2.0411965638169447e-05,0.0,0.0,mark,0.31203,0.0,0.998571872915872
2021-01-15,ADA,3,-0.00010463102821614418,0.00010462555458102155,0.0,funding,0.31203,0.0,0.9984673967798792
2021-01-15,ADA,3,-0.03599705215398096,0.0,0.0,mark,0.27739,0.0,0.9631647219201789
2021-01-15,ADA,3,0.05642541104588273,0.0,0.0,mark,0.33225,0.0,1.019074212185859
2021-01-15,ADA,3,-0.03084244853580724,0.0,0.0,mark,0.30188,0.0,0.9881232238634253
2021-01-16,ADA,3,1.0313744849438475e-05,0.0,0.0,mark,0.30189,0.0,0.9881334151667913
2021-01-16,ADA,3,-0.0001023001113658732,0.00010229487888792673,0.0,funding,0.30189,0.0,0.9880323341787617
2021-01-16,ADA,3,0.06496161051471118,0.0,0.0,mark,0.36696,0.0,1.0543471451810913
2021-01-16,ADA,3,-0.06499255523392049,0.0,0.0,mark,0.30186,0.0,0.9880017602686637
2021-01-16,ADA,3,0.049160664490802614,0.0,0.0,mark,0.35071,0.0,1.0377862772113993
2021-01-17,ADA,3,-0.0001374927180012567,0.0,0.0,mark,0.35057,0.0,1.0376435989642758
2021-01-17,ADA,3,-0.0004993817924930328,0.0004992571221592632,0.34431525666156076,rotation,0.35057,-1.0191303365964295,1.03712554800723
2021-01-17,DOGE,4,-0.00022618363067662326,0.00022615805308775962,0.15597107109500663,entry,0.0092374,17.51159228599859,1.036890993712485
2021-01-17,DOGE,4,-5.125596758944335e-05,5.1254654024842036e-05,0.0,funding,0.0092374,0.0,1.036837848223341
2021-01-17,DOGE,4,-0.00777223692180838,0.0,0.0,mark,0.008779,0.0,1.0288105343194391
2021-01-17,DOGE,4,0.010442264774590882,0.0,0.0,mark,0.0093957,0.0,1.0396099332822144
2021-01-17,DOGE,4,-0.005015338820197816,0.0,0.0,mark,0.0090987,0.0,1.0344089903732727
2021-01-18,DOGE,4,0.0,0.0,0.0,mark,0.0090987,0.0,1.0344089903732727
2021-01-18,DOGE,4,-0.00022337224162929782,0.0002233472959075141,0.1540326178672511,rotation,0.0090987,-17.51159228599859,1.0341779579224104
2021-01-18,ADA,5,-0.0004492900752852892,0.0004491891596135031,0.3097856273196573,entry,0.38077,0.841383164259674,1.0337134163946005
2021-01-18,ADA,5,-0.00010182854113002759,0.00010182335677998128,0.0,funding,0.38077,0.0,1.0336081602245946
2021-01-18,ADA,5,-0.013637956132554847,0.0,0.0,mark,0.36413,0.0,1.0196075443713135
2021-01-18,ADA,5,0.02695587389611573,0.0,0.0,mark,0.39724,0.0,1.0474657409399513
2021-01-18,ADA,5,-0.02111402972372208,0.0,0.0,mark,0.37123,0.0,1.0255813648375571
2021-01-19,ADA,5,7.383294191278977e-05,0.0,0.0,mark,0.37132,0.0,1.0256570893223405
2021-01-19,ADA,5,-0.00010008125136372651,0.0001000762434023879,0.0,funding,0.37132,0.0,1.0255544454138221
2021-01-19,ADA,5,-0.007675677064628562,0.0,0.0,mark,0.362,0.0,1.017712754322922
2021-01-19,ADA,5,0.022892914820422522,0.0,0.0,mark,0.39001,0.0,1.0412798967538355
2021-01-19,ADA,5,-0.01860308477832047,0.0,0.0,mark,0.3672,0.0,1.0220879467770723
2021-01-20,ADA,5,0.0,0.0,0.0,mark,0.3672,0.0,1.0220879467770723
2021-01-20,ADA,5,-9.931636387470228e-05,9.931143216778428e-05,0.0,funding,0.3672,0.0,1.0219864417592763
2021-01-20,ADA,5,0.00795411852152288,0.0,0.0,mark,0.3769,0.0,1.0301478584525952
2021-01-20,ADA,5,-0.03877876571959933,0.0,0.0,mark,0.33033,0.0,0.9909646444930221
2021-01-20,ADA,5,0.037487452147428234,0.0,0.0,mark,0.37532,0.0,1.028818473053065
2021-01-21,ADA,5,0.00013084183745706325,0.0,0.0,mark,0.37548,0.0,1.0289530943593466
2021-01-21,ADA,5,-0.00044529697307141384,0.0004451978430889894,0.30703299523378574,rotation,0.37548,-0.841383164259674,1.028495006661098
2021-01-21,DOGE,6,-0.00022545624857019382,0.00022543083522010216,0.1554695415311049,entry,0.0090589,17.651110747732243,1.0282631521727268
2021-01-21,DOGE,6,-5.109111114501653e-05,5.108980601636179e-05,0.0,funding,0.0090589,0.0,1.0282106184077484
2021-01-21,DOGE,6,0.0007053076795143167,0.0,0.0,mark,0.0091,0.0,1.0289360790594801
2021-01-21,DOGE,6,-0.018524356697457885,0.0,0.0,mark,0.0080301,0.0,1.0100511556704814
2021-01-21,DOGE,6,0.0022343611111660267,0.0,0.0,mark,0.0081581,0.0,1.0123104978461912
2021-01-22,DOGE,6,0.0,0.0,0.0,mark,0.0081581,0.0,1.0123104978461912
2021-01-22,DOGE,6,-0.00020628142299380036,0.00020626014844388438,0.14224837823716163,rotation,0.0081581,-17.651110747732243,1.012101698532634
2021-01-22,ADA,7,-0.00046159700938352646,0.000461490489874208,0.31826930336152276,entry,0.30786,1.0463226873351372,1.0116346232239757
2021-01-22,ADA,7,-0.00010461861383357648,0.00010461314149731655,0.0,funding,0.30786,0.0,1.0115287929479928
2021-01-22,ADA,7,0.05233302136712581,0.0,0.0,mark,0.3598,0.0,1.0658747933281798
2021-01-22,ADA,7,-0.08157473292254491,0.0,0.0,mark,0.28,0.0,0.9823782428788359
2021-01-22,ADA,7,0.07058877322131014,0.0,0.0,mark,0.34867,0.0,1.0542292218181397
2021-01-23,ADA,7,-0.00024815583190688535,0.0,0.0,mark,0.34842,0.0,1.053967641146306
2021-01-23,ADA,7,-0.0005016702822415268,0.0005015444667456526,0.34589273568665696,rotation,0.34842,-1.0463226873351372,1.05343902950776
2021-01-23,DOGE,8,-0.0002271589767760318,0.0002271331781292727,0.15664357112363633,entry,0.0085092,19.39247538465581,1.0531997585530226
2021-01-23,DOGE,8,-5.147702369819666e-05,5.1475698779063826e-05,0.0,funding,0.0085092,0.0,1.0531455443594973
2021-01-23,DOGE,8,0.005933720397979617,0.0,0.0,mark,0.0088324,0.0,1.059413192403818
2021-01-23,DOGE,8,-0.008869512249345991,0.0,0.0,mark,0.00835,0.0,1.05005826227826
2021-01-23,DOGE,8,0.004200024604572773,0.0,0.0,mark,0.0085779,0.0,1.054477807418423
2021-01-24,DOGE,8,7.90764363288061e-05,0.0,0.0,mark,0.0085822,0.0,1.0545611950625768
2021-01-24,DOGE,8,-0.00022886416227683884,0.00022883797487225008,0.1578192930153449,rotation,0.0085822,-19.39247538465581,1.0543198714143198
2021-01-24,ADA,9,-0.0004089326462301411,0.0004088490446717178,0.2819648583942881,entry,0.34575,0.8598153383821336,1.0538888137421136
2021-01-24,ADA,9,-9.267950992608101e-05,9.267521531305265e-05,0.0,funding,0.34575,0.0,1.0537911443693841
2021-01-24,ADA,9,0.019000751540201952,0.0,0.0,mark,0.36926,0.0,1.0740054029747481
2021-01-24,ADA,9,-0.026880924500774433,0.0,0.0,mark,0.33613,0.0,1.045519720814148
2021-01-24,ADA,9,0.014143147862640213,0.0,0.0,mark,0.35345,0.0,1.0604117224749265
2021-01-25,ADA,9,8.1082831728133e-06,0.0,0.0,mark,0.35346,0.0,1.0604203206283103
2021-01-25,ADA,9,-0.00041564798160243475,0.0004155616119469442,0.28659421513582356,rotation,0.35346,-0.8598153383821336,1.0599796506505286
2021-01-25,LINK,10,-0.00040891386061196413,0.00040883026673381245,0.28195190809228443,entry,24.7912,0.0120552165703923,1.0595462988872206
2021-01-25,LINK,10,-9.267525133107599e-05,9.267095711257786e-05,0.0,funding,24.7912,0.0,1.0594481097175976
2021-01-25,LINK,10,-0.02524925776346352,0.0,0.0,mark,22.6,0.0,1.033032719168554
2021-01-25,LINK,10,0.036464765184618914,0.0,0.0,mark,25.7824,0.0,1.0713972403821703
2021-01-25,LINK,10,-0.027845410440104388,0.0,0.0,mark,23.3418,0.0,1.0419752788204708
2021-01-26,LINK,10,0.0,0.0,0.0,mark,23.3418,0.0,1.0419752788204708
2021-01-26,LINK,10,-8.872831487323135e-05,8.872437863267381e-05,0.0,funding,23.3418,0.0,1.0418828302113068
2021-01-26,LINK,10,0.00731243476110675,0.0,0.0,mark,23.9761,0.0,1.0495294540819067
2021-01-26,LINK,10,-0.02708171826625757,0.0,0.0,mark,21.65,0.0,1.021487814817517
2021-01-26,LINK,10,0.01694554362197751,0.0,0.0,mark,23.0981,0.0,1.038944973933102
2021-01-27,LINK,10,-7.77453020429496e-05,0.0,0.0,mark,23.0914,0.0,1.0388642039820803
2021-01-27,LINK,10,-8.80393115755021e-05,8.803543622896986e-05,0.0,funding,23.0914,0.0,1.0387727471187
2021-01-27,LINK,10,0.0016014019826913555,0.0,0.0,mark,23.2295,0.0,1.0404375725270711
2021-01-27,LINK,10,-0.034812118060989806,0.0,0.0,mark,20.2767,0.0,1.0048409290380167
2021-01-27,LINK,10,0.008147567513333053,0.0,0.0,mark,20.9586,0.0,1.0130613812173672
2021-01-28,LINK,10,0.0,0.0,0.0,mark,20.9586,0.0,1.0130613812173672
2021-01-28,LINK,10,-8.194271341992426e-05,8.193935620754694e-05,0.0,funding,20.9586,0.0,1.0129783716199916
2021-01-28,LINK,10,-0.005460671988863562,0.0,0.0,mark,20.501,0.0,1.00746190451738
2021-01-28,LINK,10,0.04641774606884645,0.0,0.0,mark,24.4716,0.0,1.0553283474317796
2021-01-28,LINK,10,-0.01678481072697578,0.0,0.0,mark,23.0145,0.0,1.037762691367061
2021-01-29,LINK,10,-0.00032066803897944177,0.0,0.0,mark,22.9869,0.0,1.037429967389718
2021-01-29,LINK,10,-8.77620406598833e-05,8.775818968457875e-05,0.0,funding,22.9869,0.0,1.0373389244138553
2021-01-29,LINK,10,0.014457621720815769,0.0,0.0,mark,24.24,0.0,1.052445316298214
2021-01-29,LINK,10,-0.02546406413811217,0.0,0.0,mark,22.045,0.0,1.0259841159262029
2021-01-29,LINK,10,0.008226255071144474,0.0,0.0,mark,22.748,0.0,1.0344589331751886
2021-01-30,LINK,10,0.0,0.0,0.0,mark,22.748,0.0,1.0344589331751886
2021-01-30,LINK,10,-0.00038446469669164795,0.00038439079961081547,0.26509710317987273,rotation,22.748,-0.0120552165703923,1.0340612966787008
2021-01-30,DOGE,11,-5.161435917061184e-05,5.1613027172542416e-05,0.03559519115347753,entry,0.0459059,0.8018056397912074,1.0340079256448973
2021-01-30,DOGE,11,-1.1695190663199854e-05,1.1695122274783681e-05,0.0,funding,0.0459059,0.0,1.033995832795774
2021-01-30,DOGE,11,-0.018553573215462554,0.0,0.0,mark,0.0222001,0.0,1.0149883886600115
2021-01-30,DOGE,11,0.022403597448338065,0.0,0.0,mark,0.0508804,0.0,1.0379844149509152
2021-01-30,DOGE,11,-0.017627908309184974,0.0,0.0,mark,0.02826,0.0,1.019847250656582
2021-01-31,DOGE,11,-1.3522760631410532e-05,0.0,0.0,mark,0.0282428,0.0,1.0198334595995777
2021-01-31,DOGE,11,-7.295250454069991e-06,7.295223843793079e-06,0.0,funding,0.0282428,0.0,1.0198260196862066
2021-01-31,DOGE,11,0.016562531917252255,0.0,0.0,mark,0.0494843,0.0,1.0368575741838315
2021-01-31,DOGE,11,-0.017724214625925702,0.0,0.0,mark,0.0267661,0.0,1.018641993297927
2021-01-31,DOGE,11,0.008023157695618592,0.0,0.0,mark,0.037,0.0,1.0268475920349862
2021-02-01,DOGE,11,-2.9438173480047725e-05,0.0,0.0,mark,0.0369623,0.0,1.0268173639623661
2021-02-01,DOGE,11,-9.48261177680828e-06,9.48256681708885e-06,0.0,funding,0.0369623,0.0,1.0268076270981035
2021-02-01,DOGE,11,-0.0032073391709354633,0.0,0.0,mark,0.0328615,0.0,1.0235195825304477
2021-02-01,DOGE,11,0.008553321853046693,0.0,0.0,mark,0.0438268,0.0,1.0323116219124502
2021-02-01,DOGE,11,-0.007022358111351478,0.0,0.0,mark,0.0348173,0.0,1.0250877540007513
2021-02-02,DOGE,11,4.69308362259895e-06,0.0,0.0,mark,0.0348233,0.0,1.02509256483459
2021-02-02,DOGE,11,-8.948884691118867e-06,8.948844649969265e-06,0.0,funding,0.0348233,0.0,1.0250833914404756
2021-02-02,DOGE,11,0.0003681070812688318,0.0,0.0,mark,0.035294,0.0,1.0254608013551252
2021-02-02,DOGE,11,-0.005114156888718543,0.0,0.0,mark,0.02877,0.0,1.0202298213611274
2021-02-02,DOGE,11,0.002024724124961792,0.0,0.0,mark,0.0313489,0.0,1.0222975979255848
2021-02-03,DOGE,11,0.0,0.0,0.0,mark,0.0313489,0.0,1.0222975979255848
2021-02-03,DOGE,11,-8.078055793229909e-06,8.078023165853846e-06,0.0,funding,0.0313489,0.0,1.0222893397819064
2021-02-03,DOGE,11,0.0065937475295672,0.0,0.0,mark,0.0397836,0.0,1.0290523298118532
2021-02-03,DOGE,11,-0.007030789687732102,0.0,0.0,mark,0.0307918,0.0,1.0218426538599787
2021-02-03,DOGE,11,0.005062308946859753,0.0,0.0,mark,0.0372597,0.0,1.0270286525575842
2021-02-04,DOGE,11,-2.107923706989164e-05,0.0,0.0,mark,0.0372327,0.0,1.0270070038053098
2021-02-04,DOGE,11,-9.550218933348508e-06,9.550173330158664e-06,0.0,funding,0.0372327,0.0,1.0269971957104123
2021-02-04,DOGE,11,-0.0010904908925245254,0.0,0.0,mark,0.0358367,0.0,1.0258778750372637
2021-02-04,DOGE,11,0.01855600377280328,0.0,0.0,mark,0.0598,0.0,1.0450917841252723
2021-02-04,DOGE,11,-0.005301568201307191,0.0,0.0,mark,0.0529081,0.0,1.0395658198363953
2021-02-05,DOGE,11,-7.188671483838622e-05,0.0,0.0,mark,0.0528149,0.0,1.0394910915507667
2021-02-05,DOGE,11,-1.3384394369409183e-05,1.3384304798779021e-05,0.0,funding,0.0528149,0.0,1.0394771786851618
2021-02-05,DOGE,11,-0.0074817508017611485,0.0,0.0,mark,0.0431516,0.0,1.0317290902461673
2021-02-05,DOGE,11,0.008657452494198246,0.0,0.0,mark,0.05434,0.0,1.0407000124664072
2021-02-05,DOGE,11,-0.005888660154076553,0.0,0.0,mark,0.0467193,0.0,1.0345896922272504
2021-02-06,DOGE,11,2.5884620707851564e-05,0.0,0.0,mark,0.0467527,0.0,1.0346164725356195
2021-02-06,DOGE,11,-1.190392058975212e-05,1.1903849738485492e-05,0.0,funding,0.0467527,0.0,1.0346041566165936
2021-02-06,DOGE,11,0.00934563584905418,0.0,0.0,mark,0.0588683,0.0,1.044318513026048
2021-02-06,DOGE,11,-0.011155784802202617,0.0,0.0,mark,0.0444191,0.0,1.0327330629755769
2021-02-06,DOGE,11,0.01022449624140417,0.0,0.0,mark,0.0576559,0.0,1.043346403868365
2021-02-07,DOGE,11,1.536987180084979e-06,0.0,0.0,mark,0.0576579,0.0,1.0433480074796446
2021-02-07,DOGE,11,-1.4557705146770698e-05,1.4557599183874085e-05,0.0,funding,0.0576579,0.0,1.0433328188375424
2021-02-07,DOGE,11,0.022522232140855414,0.0,0.0,mark,0.087297,0.0,1.0670976163758779
2021-02-07,DOGE,11,-0.02599675124506359,0.0,0.0,mark,0.0531446,0.0,1.0397140294434726
2021-02-07,DOGE,11,0.01892959246727004,0.0,0.0,mark,0.0779247,0.0,1.0595828533780627
2021-02-08,DOGE,11,4.570473538573921e-05,0.0,0.0,mark,0.0779851,0.0,1.059631282438706
2021-02-08,DOGE,11,-3.437222519167097e-05,3.437163447343204e-05,0.023704575498918645,resize,0.0779851,-0.3220885750686258,1.0595948611795893
2021-02-08,DOGE,11,-1.1599799910179883e-05,1.1599732632845585e-05,0.0,funding,0.0779851,0.0,1.0595825701625006
2021-02-08,DOGE,11,0.0033313313354861084,0.0,0.0,mark,0.0853555,0.0,1.0631182768163319
2021-02-08,DOGE,11,-0.010493802817405673,0.0,0.0,mark,0.0622214,0.0,1.0520204542693332
2021-02-08,DOGE,11,0.0074860840542633166,0.0,0.0,mark,0.0787,0.0,1.0599255198920707
2021-02-09,DOGE,11,1.737949965822385e-05,0.0,0.0,mark,0.0787384,0.0,1.0599439410273561
2021-02-09,DOGE,11,-1.1707992089146252e-05,1.1707923550756013e-05,0.0,funding,0.0787384,0.0,1.0599315312847264
2021-02-09,DOGE,11,-0.007148572114571468,0.0,0.0,mark,0.063,0.0,1.0523815522332964
2021-02-09,DOGE,11,0.009436839504935898,0.0,0.0,mark,0.0838001,0.0,1.0623597151512325
2021-02-09,DOGE,11,-0.006245545053983059,0.0,0.0,mark,0.0700121,0.0,1.0557453762628375
2021-02-10,DOGE,11,4.5438707541203843e-08,0.0,0.0,mark,0.0700122,0.0,1.0557454242345439
2021-02-10,DOGE,11,-1.0451845363116924e-05,1.045179074278484e-05,0.0,funding,0.0700122,0.0,1.0557343898042921
2021-02-10,DOGE,11,0.005274007240846941,0.0,0.0,mark,0.0816496,0.0,1.0613170491732946
2021-02-10,DOGE,11,-0.007098781967051891,0.0,0.0,mark,0.066,0.0,1.053809668997212
2021-02-10,DOGE,11,0.0029784913432079475,0.0,0.0,mark,0.0725527,0.0,1.0569531110072197
2021-02-11,DOGE,11,-1.8154716745886374e-07,0.0,0.0,mark,0.0725523,0.0,1.0569529191203937
2021-02-11,DOGE,11,-1.0818675149316322e-05,1.0818616627631943e-05,0.0,funding,0.0725523,0.0,1.0569414843519682
2021-02-11,DOGE,11,-0.002068302929839034,0.0,0.0,mark,0.068,0.0,1.0547576683582316
2021-02-11,DOGE,11,0.0034334825987159248,0.0,0.0,mark,0.0755622,0.0,1.0583853847450766
2021-02-11,DOGE,11,-0.0027137733249797003,0.0,0.0,mark,0.069583,0.0,1.0555170604716873
2021-02-12,DOGE,11,1.0453158111303065e-06,0.0,0.0,mark,0.0695853,0.0,1.055518163820936
2021-02-12,DOGE,11,-1.0390351459027021e-05,1.0390297479459862e-05,0.0,funding,0.0695853,0.0,1.055507196673219
2021-02-12,DOGE,11,0.0015416669336197238,0.0,0.0,mark,0.07298,0.0,1.0571356921928328
2021-02-12,DOGE,11,-0.005542487211082955,0.0,0.0,mark,0.0608,0.0,1.0512927383445116
2021-02-12,DOGE,11,0.004083624857833118,0.0,0.0,mark,0.0697675,0.0,1.0555946011224113
2021-02-13,DOGE,11,4.771734486358516e-06,0.0,0.0,mark,0.069778,0.0,1.0555996381515909
2021-02-13,DOGE,11,-1.0418321041801964e-05,1.0418266771338555e-05,0.0,funding,0.069778,0.0,1.0555886406329569
2021-02-13,DOGE,11,-0.001900515962871679,0.0,0.0,mark,0.0656,0.0,1.0535843827365459
2021-02-13,DOGE,11,0.0027776828829333355,0.0,0.0,mark,0.071709,0.0,1.056514974284936
2021-02-13,DOGE,11,-0.002486093532833253,0.0,0.0,mark,0.0662405,0.0,1.0538916415165005
2021-02-14,DOGE,11,-1.502116005325589e-06,0.0,0.0,mark,0.0662372,0.0,1.053890058450187
2021-02-14,DOGE,11,-9.905696052016152e-06,9.905646990741202e-06,0.0,funding,0.0662372,0.0,1.0538796189873008
2021-02-14,DOGE,11,0.00010427893978972717,0.0,0.0,mark,0.0664663,0.0,1.0539895221668287
2021-02-14,DOGE,11,-0.004977213695634121,0.0,0.0,mark,0.055558,0.0,1.0487566245097153
2021-02-14,DOGE,11,0.003251640070266565,0.0,0.0,mark,0.0626783,0.0,1.0521723539256596
2021-02-15,DOGE,11,4.331326733784875e-06,0.0,0.0,mark,0.0626878,0.0,1.0521769112377743
2021-02-15,DOGE,11,-9.390149126065791e-06,9.390105038667634e-06,0.0,funding,0.0626878,0.0,1.0521670311860585
2021-02-15,DOGE,11,-0.006951681067241002,0.0,0.0,mark,0.0474935,0.0,1.0448780661895443
2021-02-15,DOGE,11,0.007640904509388756,0.0,0.0,mark,0.0642,0.0,1.052892459331332
2021-02-15,DOGE,11,-0.003514429232017129,0.0,0.0,mark,0.0565,0.0,1.049198637932968
2021-02-16,DOGE,11,-1.6322971041458075e-05,0.0,0.0,mark,0.0564643,0.0,1.0491815120337575
2021-02-16,DOGE,11,-8.482060196669932e-06,8.48202422400502e-06,0.0,funding,0.0564643,0.0,1.049172612850757
2021-02-16,DOGE,11,0.0015446677671606037,0.0,0.0,mark,0.0598452,0.0,1.0507944882748776
2021-02-16,DOGE,11,-0.0042294870264512115,0.0,0.0,mark,0.0506003,0.0,1.0463595519832238
2021-02-16,DOGE,11,0.0013175335156009084,0.0,0.0,mark,0.053476,0.0,1.0477390743462465
2021-02-17,DOGE,11,2.1564939855957064e-05,0.0,0.0,mark,0.0535231,0.0,1.047761669019995
2021-02-17,DOGE,11,-8.051127242833101e-06,8.051094832492328e-06,0.0,funding,0.0535231,0.0,1.0477532333914357
2021-02-17,DOGE,11,0.0007258457396761409,0.0,0.0,mark,0.055109,0.0,1.0485140166843792
2021-02-17,DOGE,11,-0.003349623907087206,0.0,0.0,mark,0.0478,0.0,1.0450077646583218
2021-02-17,DOGE,11,0.0007886684340917726,0.0,0.0,mark,0.0495187,0.0,1.0458322543774605
2021-02-18,DOGE,11,-9.173923698894237e-06,0.0,0.0,mark,0.0494987,0.0,1.045822660036166
2021-02-18,DOGE,11,-7.459565891069592e-06,7.4595380685476e-06,0.0,funding,0.0494987,0.0,1.0458148586822205
2021-02-18,DOGE,11,-0.00027466243045090784,0.0,0.0,mark,0.0489,0.0,1.045527652075571
2021-02-18,DOGE,11,0.0071603256148286025,0.0,0.0,mark,0.0645617,0.0,1.0530408368281365
2021-02-18,DOGE,11,-0.0026286278410212554,0.0,0.0,mark,0.0587991,0.0,1.0502764192709662
2021-02-19,DOGE,11,0.0,0.0,0.0,mark,0.0587991,0.0,1.0502764192709662
2021-02-19,DOGE,11,-8.823586934526444e-06,8.823548006809885e-06,0.0,funding,0.0587991,0.0,1.0502671521065603
2021-02-19,DOGE,11,0.00042008268461599617,0.0,0.0,mark,0.059719,0.0,1.0507084438343985
2021-02-19,DOGE,11,-0.002771032675775767,0.0,0.0,mark,0.0536581,0.0,1.0478009266768213
2021-02-19,DOGE,11,0.0006292755368284881,0.0,0.0,mark,0.055033,0.0,1.0484604896691083
2021-02-20,DOGE,11,0.0,0.0,0.0,mark,0.055033,0.0,1.0484604896691083
2021-02-20,DOGE,11,-3.651171369436262e-05,3.6511047149954185e-05,0.02518003251720978,rotation,0.055033,-0.47971706472258163,1.0484222092787352
2021-02-20,BNB,12,-0.00039435696264745904,0.00039427921416105286,0.2719166994214157,entry,333.2212,0.0008555383233335168,1.0480088381939519
2021-02-20,BNB,12,-8.937531305314557e-05,8.93713191989366e-05,0.0,funding,333.2212,0.0,1.0479151762615504
2021-02-20,BNB,12,0.0014511934124983624,0.0,0.0,mark,335.0,0.0,1.049437007831096
2021-02-20,BNB,12,-0.09574729121703404,0.0,0.0,mark,223.0,0.0,0.9536167156177421
2021-02-20,BNB,12,0.026558708587255817,0.0,0.0,mark,253.0,0.0,0.9792828653177476
2021-02-21,BNB,12,8.73633774768067e-06,0.0,0.0,mark,253.01,0.0,0.9792914207009809
2021-02-21,BNB,12,-6.701626870119953e-05,6.701402316121598e-05,0.046216567697390326,resize,253.01,-0.0001788841873455612,0.9792257944430324
2021-02-21,BNB,12,-5.744140803205671e-05,5.7439758305964825e-05,0.0,funding,253.01,0.0,0.9791695479500726
2021-02-21,BNB,12,0.038294334611088304,0.0,0.0,mark,309.4995,0.0,1.0173934017649642
2021-02-21,BNB,12,-0.04058127924779712,0.0,0.0,mark,249.7044,0.0,0.9769328000381508
2021-02-21,BNB,12,0.031065455048352845,0.0,0.0,mark,295.2597,0.0,1.0077579821993228
2021-02-22,BNB,12,-0.00023033218584352815,0.0,0.0,mark,294.9167,0.0,1.007525889830679
2021-02-22,BNB,12,-5.366129493454531e-05,5.365985519305015e-05,0.03700679668486217,resize,294.9167,-0.00012642656641586854,1.0074718261373274
2021-02-22,BNB,12,-5.291896182894419e-05,5.291756164539087e-05,0.0,funding,294.9167,0.0,1.0074185131848619
2021-02-22,BNB,12,0.0005914972291322879,0.0,0.0,mark,296.0,0.0,1.0080145747109792
2021-02-22,BNB,12,-0.0420851729998367,0.0,0.0,mark,220.5,0.0,0.9664723932082866
2021-02-22,BNB,12,0.026414242342795272,0.0,0.0,mark,267.5147,0.0,0.9923411773234474
2021-02-23,BNB,12,-0.00018998090240252447,0.0,0.0,mark,267.1721,0.0,0.992152669358112
2021-02-23,BNB,12,-4.868066905341026e-05,4.867948416889007e-05,0.0,funding,267.1721,0.0,0.9921043718779509
2021-02-23,BNB,12,0.0012592174431975776,0.0,0.0,mark,269.444,0.0,0.9933544338932617
2021-02-23,BNB,12,-0.04726453531962111,0.0,0.0,mark,186.1,0.0,0.9474962673348457
2021-02-23,BNB,12,0.025946402713063817,0.0,0.0,mark,231.3646,0.0,0.9724020981804984
2021-02-24,BNB,12,0.0,0.0,0.0,mark,231.3646,0.0,0.9724020981804984
2021-02-24,BNB,12,-4.3012405531475914e-05,4.301148051129898e-05,0.0,funding,231.3646,0.0,0.9723602737266034
2021-02-24,BNB,12,0.027699876327952268,0.0,0.0,mark,281.0,0.0,0.9996710392333418
2021-02-24,BNB,12,-0.03813149373084809,0.0,0.0,mark,213.0257,0.0,0.9622697053509779
2021-02-24,BNB,12,0.023441373868340953,0.0,0.0,mark,254.5056,0.0,0.9850930899140711
2021-02-25,BNB,12,-6.870448759391519e-05,0.0,0.0,mark,254.3826,0.0,0.9850254119230137
2021-02-25,BNB,12,-4.6685656844660136e-05,4.66845670863284e-05,0.0,funding,254.3826,0.0,0.9849794264380891
2021-02-25,BNB,12,0.006136437233909768,0.0,0.0,mark,265.4014,0.0,0.9910422739816901
2021-02-25,BNB,12,-0.019001478097413274,0.0,0.0,mark,231.5,0.0,0.9723887890545989
2021-02-25,BNB,12,0.001930292019433459,0.0,0.0,mark,234.9146,0.0,0.9742675961136598
2021-02-26,BNB,12,-8.703333523977186e-05,0.0,0.0,mark,234.7605,0.0,0.9741828060451887
2021-02-26,BNB,12,-4.356396436309009e-05,4.356301546730581e-05,0.0,funding,234.7605,0.0,0.9741403677045409
2021-02-26,BNB,12,0.0026171195490273663,0.0,0.0,mark,239.4,0.0,0.9766931485135706
2021-02-26,BNB,12,-0.017214238872875105,0.0,0.0,mark,209.105,0.0,0.9600240042933842
2021-02-26,BNB,12,0.007202434040622922,0.0,0.0,mark,221.717,0.0,0.9669634744008274
2021-02-27,BNB,12,0.00013780865414863514,0.0,0.0,mark,221.9592,0.0,0.9670967395181778
2021-02-27,BNB,12,-4.14902077919117e-05,4.148934708517825e-05,0.0,funding,221.9592,0.0,0.9670566153058869
2021-02-27,BNB,12,0.008955671222729536,0.0,0.0,mark,237.77,0.0,0.9757561533628772
2021-02-27,BNB,12,-0.010634521225048129,0.0,0.0,mark,219.011,0.0,0.9654344343852744
2021-02-27,BNB,12,0.0036263054399935895,0.0,0.0,mark,225.3853,0.0,0.9689417499819978
2021-02-28,BNB,12,4.054469946109471e-05,0.0,0.0,mark,225.4567,0.0,0.9689810362304653
2021-02-28,BNB,12,-4.206204373898392e-05,4.206115914356853e-05,0.0,funding,225.4567,0.0,0.9689402797648933
2021-02-28,BNB,12,-0.017446614241914325,0.0,0.0,mark,195.0,0.0,0.952182163746707
2021-02-28,BNB,12,0.01968337409409022,0.0,0.0,mark,229.4,0.0,0.9711099921399868
2021-02-28,BNB,12,-0.010930353961037798,0.0,0.0,mark,210.2138,0.0,0.9605532159446628
2021-03-01,BNB,12,-5.5049865019203444e-05,0.0,0.0,mark,210.1177,0.0,0.9605003390752269
2021-03-01,BNB,12,-3.954641065455181e-05,3.9545628705653715e-05,0.0,funding,210.1177,0.0,0.9604623554854462
2021-03-01,BNB,12,0.028175771263980305,0.0,0.0,mark,260.0,0.0,0.9879089721791119
2021-03-01,BNB,12,-0.028747265574389575,0.0,0.0,mark,209.1204,0.0,0.9599136135303119
2021-03-01,BNB,12,0.025938297349193215,0.0,0.0,mark,254.9637,0.0,0.985137861070476
2021-03-02,BNB,12,-8.433815879756396e-06,0.0,0.0,mark,254.9486,0.0,0.9851295526341755
2021-03-02,BNB,12,-4.678458826143668e-05,4.678349387964906e-05,0.0,funding,254.9486,0.0,0.9850834648317791
2021-03-02,BNB,12,0.005543056250959769,0.0,0.0,mark,264.9,0.0,0.9905589994676187
2021-03-02,BNB,12,-0.021277141888685975,0.0,0.0,mark,227.0,0.0,0.9697053745808366
2021-03-02,BNB,12,0.007171401227952013,0.0,0.0,mark,239.6841,0.0,0.9766845160960459
2021-03-03,BNB,12,2.044985481167512e-05,0.0,0.0,mark,239.7204,0.0,0.9767044893568214
2021-03-03,BNB,12,-4.4369528449555506e-05,4.436854413654069e-05,0.0,funding,239.7204,0.0,0.976661154400577
2021-03-03,BNB,12,0.008486472704994934,0.0,0.0,mark,254.8481,0.0,0.9849848320047926
2021-03-03,BNB,12,-0.010583527745132387,0.0,0.0,mark,236.002,0.0,0.9746151882058801
2021-03-03,BNB,12,0.002575641186810329,0.0,0.0,mark,240.5701,0.0,0.9771286827664424
2021-03-04,BNB,12,-5.068087450111771e-05,0.0,0.0,mark,240.4801,0.0,0.9770791622851809
2021-03-04,BNB,12,-4.44930750990738e-05,4.449208529697831e-05,0.0,funding,240.4801,0.0,0.9770356899957506
2021-03-04,BNB,12,0.00534046629801607,0.0,0.0,mark,249.9885,0.0,0.9822674738182698
2021-03-04,BNB,12,-0.013794955071013866,0.0,0.0,mark,225.5308,0.0,0.9688101729899466
2021-03-04,BNB,12,0.002329309925938887,0.0,0.0,mark,229.6369,0.0,0.9710694624133666
2021-03-05,BNB,12,0.0,0.0,0.0,mark,229.6369,0.0,0.9710694624133666
2021-03-05,BNB,12,-4.274979438138436e-05,4.274888062199684e-05,0.0,funding,229.6369,0.0,0.9710279502808422
2021-03-05,BNB,12,0.0014513126487165277,0.0,0.0,mark,232.2,0.0,0.9724382385644125
2021-03-05,BNB,12,-0.009411970136399684,0.0,0.0,mark,215.6439,0.0,0.96332861589982
2021-03-05,BNB,12,0.005597510122133171,0.0,0.0,mark,225.4714,0.0,0.9687359773397897
2021-03-06,BNB,12,3.8451849794347e-05,0.0,0.0,mark,225.5391,0.0,0.9687732277462497
2021-03-06,BNB,12,-4.2086442997755026e-05,4.2085557375789757e-05,0.0,funding,225.5391,0.0,0.9687324563849893
2021-03-06,BNB,12,0.003945679988872175,0.0,0.0,mark,232.4996,0.0,0.9725623153829958
2021-03-06,BNB,12,-0.007580409023536185,0.0,0.0,mark,219.1514,0.0,0.9652177677388336
2021-03-06,BNB,12,0.004113030191705247,0.0,0.0,mark,226.3814,0.0,0.9691959130668398
2021-03-07,BNB,12,-1.135431120303317e-07,0.0,0.0,mark,226.3812,0.0,0.9691958030213259
2021-03-07,BNB,12,-4.222516648967037e-05,4.222427501979647e-05,0.0,funding,226.3812,0.0,0.969154879431191
2021-03-07,BNB,12,0.009925085849239903,0.0,0.0,mark,243.95,0.0,0.9788217175554891
2021-03-07,BNB,12,-0.01073557856886378,0.0,0.0,mark,224.9542,0.0,0.9683697046894116
2021-03-07,BNB,12,0.00857465638107688,0.0,0.0,mark,240.11,0.0,0.9767088436883323
2021-03-08,BNB,12,-3.436432426201787e-06,0.0,0.0,mark,240.1039,0.0,0.9767054873001579
2021-03-08,BNB,12,-4.444046612139567e-05,4.443947865847436e-05,0.0,funding,240.1039,0.0,0.9766620830174995
2021-03-08,BNB,12,-0.006443761521930412,0.0,0.0,mark,228.7029,0.0,0.9703889384968081
2021-03-08,BNB,12,0.008129480754386551,0.0,0.0,mark,243.0986,0.0,0.9783098495200969
2021-03-08,BNB,12,-0.0014339220508118122,0.0,0.0,mark,240.5509,0.0,0.9769080347410981
2021-03-09,BNB,12,0.0001319569594257391,0.0,0.0,mark,240.7852,0.0,0.9770369530606489
2021-03-09,BNB,12,-4.4551449895402956e-05,4.4550457494224686e-05,0.0,funding,240.7852,0.0,0.9769934256174012
2021-03-09,BNB,12,0.03133016467124188,0.0,0.0,mark,297.2962,0.0,1.0080873358014895
2021-03-09,BNB,12,-0.034254604714673044,0.0,0.0,mark,235.6001,0.0,0.974140440646413
2021-03-09,BNB,12,0.03201918543342357,0.0,0.0,mark,293.2052,0.0,1.00583635481437
2021-03-10,BNB,12,-4.0864340465574564e-05,0.0,0.0,mark,293.1305,0.0,1.005795252814923
2021-03-10,BNB,12,-5.2686122412507204e-05,5.268473452319555e-05,0.0,funding,293.1305,0.0,1.0057422627590438
2021-03-10,BNB,12,0.0012954809157857373,0.0,0.0,mark,295.5,0.0,1.007046026985145
2021-03-10,BNB,12,-0.017461694043479064,0.0,0.0,mark,263.8184,0.0,0.9896139372169899
2021-03-10,BNB,12,0.008102234898059986,0.0,0.0,mark,278.4499,0.0,0.9976645919011838
2021-03-11,BNB,12,-5.3884524255986544e-05,0.0,0.0,mark,278.3522,0.0,0.9976108346676367
2021-03-11,BNB,12,-5.0440318776382215e-05,5.0439046684913554e-05,0.0,funding,278.3522,0.0,0.9975605161281735
2021-03-11,BNB,12,0.020166693991509197,0.0,0.0,mark,315.2855,0.0,1.0178822360234503
2021-03-11,BNB,12,-0.023610129836722345,0.0,0.0,mark,272.12,0.0,0.9941313878690864
2021-03-11,BNB,12,0.009863995643873247,0.0,0.0,mark,290.0301,0.0,1.0039860186628795
2021-03-12,BNB,12,-0.00013378625985718064,0.0,0.0,mark,289.786,0.0,1.003851708113147
2021-03-12,BNB,12,-5.2185823197034596e-05,5.218446154064719e-05,0.0,funding,289.786,0.0,1.0037993226522925
2021-03-12,BNB,12,0.0003912989553625164,0.0,0.0,mark,290.5,0.0,1.004192185136967
2021-03-12,BNB,12,-0.02381231776345731,0.0,0.0,mark,247.5547,0.0,0.9805624970934229
2021-03-12,BNB,12,0.008751987742714011,0.0,0.0,mark,263.2201,0.0,0.9891820320617974
2021-03-13,BNB,12,-1.5630606945554072e-05,0.0,0.0,mark,263.192,0.0,0.9891665706670925
2021-03-13,BNB,12,-4.8100220474033605e-05,4.809906367699662e-05,0.0,funding,263.192,0.0,0.9891189926812228
2021-03-13,BNB,12,0.011665703480168035,0.0,0.0,mark,284.2857,0.0,1.0007253279655055
2021-03-13,BNB,12,-0.015998152978012114,0.0,0.0,mark,255.4206,0.0,0.9848429541470503
2021-03-13,BNB,12,0.01158788753071789,0.0,0.0,mark,276.2822,0.0,0.9963215816124353
2021-03-14,BNB,12,3.865805592537892e-06,0.0,0.0,mark,276.2892,0.0,0.9963254332054223
2021-03-14,BNB,12,-0.000221269262748324,0.00022124478451040908,0.15258261000717865,rotation,276.2892,-0.0005502275695720871,0.9961050013996505
2021-03-14,ADA,13,-0.0007067380092753496,0.0007064883287914616,0.48723333020100795,entry,1.10016,0.44114997551431734,0.9954012648419108
2021-03-14,ADA,13,-0.0001602026628002847,0.00016018983103895906,0.0,funding,1.10016,0.0,0.9952418116814798
2021-03-14,ADA,13,0.0011031064777075213,0.0,0.0,mark,1.10265,0.0,0.9963402751205105
2021-03-14,ADA,13,-0.02272690825216647,0.0,0.0,mark,1.0519,0.0,0.9739519138631589
2021-03-14,ADA,13,0.0002400338494353196,0.0,0.0,mark,1.05243,0.0,0.9741857233501815
2021-03-15,ADA,13,-9.05683511169029e-06,0.0,0.0,mark,1.05241,0.0,0.9741769003506713
2021-03-15,ADA,13,-0.0006912760339258166,0.0006910371576945174,0.4765773501341499,rotation,1.05241,-0.44114997551431734,0.9735037079143612
2021-03-15,DOGE,14,-0.0005293038839890839,0.000529163827400192,0.3649405706208221,entry,0.058221,6.102110899293263,0.972988564966293
2021-03-15,DOGE,14,-0.00011996901487335189,0.00011996181887889853,0.0,funding,0.058221,0.0,0.9728718434882914
2021-03-15,DOGE,14,0.009696798807838594,0.0,0.0,mark,0.0597745,0.0,0.9823514727703434
2021-03-15,DOGE,14,-0.030106638288028693,0.0,0.0,mark,0.055,0.0,0.9532169442816677
2021-03-15,DOGE,14,0.012526598533442007,0.0,0.0,mark,0.0569691,0.0,0.9652326108534661
2021-03-16,DOGE,14,0.00029139745711818514,0.0,0.0,mark,0.0570152,0.0,0.9655139181659236
2021-03-16,DOGE,14,-0.00011839379447127679,0.00011838678620251872,0.0,funding,0.0570152,0.0,0.9653996140761181
2021-03-16,DOGE,14,0.013357915160151857,0.0,0.0,mark,0.0591427,0.0,0.9783818550143645
2021-03-16,DOGE,14,-0.024470744853900234,0.0,0.0,mark,0.0552668,0.0,0.9547306833797937
2021-03-16,DOGE,14,0.02139745165066845,0.0,0.0,mark,0.0586507,0.0,0.9753796164519122
2021-03-17,DOGE,14,-7.382517054606553e-05,0.0,0.0,mark,0.0586389,0.0,0.9753076115433005
2021-03-17,DOGE,14,-0.00012054286079833626,0.00012053559579953869,0.0,funding,0.0586389,0.0,0.9751900522592553
2021-03-17,DOGE,14,0.0019972293117179424,0.0,0.0,mark,0.0589584,0.0,0.9771396766915794
2021-03-17,DOGE,14,-0.015272331716787395,0.0,0.0,mark,0.0565314,0.0,0.9623298535389947
2021-03-17,DOGE,14,0.008590528029876834,0.0,0.0,mark,0.057892,0.0,0.9706323856285731
2021-03-18,DOGE,14,3.143363748745015e-06,0.0,0.0,mark,0.0578925,0.0,0.9706354366840227
2021-03-18,DOGE,14,-0.0005278723095401422,0.0005277330094644872,0.3639537996306808,rotation,0.0578925,-6.102110899293263,0.9701232003239286
2021-03-18,ADA,15,-0.0006146233875274178,0.0006144345452640874,0.42374796225109473,entry,1.3775,0.29843029348078065,0.9695271231164875
2021-03-18,ADA,15,-0.00013931434041257657,0.00013930463662042907,0.0,funding,1.3775,0.0,0.9693920634929081
2021-03-18,ADA,15,0.02897308391504724,0.0,0.0,mark,1.47299,0.0,0.9978891722173878
2021-03-18,ADA,15,-0.07817673164462306,0.0,0.0,mark,1.22154,0.0,0.9228488749216456
2021-03-18,ADA,15,0.0024901519867751355,0.0,0.0,mark,1.22925,0.0,0.9251497724843823
2021-03-19,ADA,15,0.00013224705178157303,0.0,0.0,mark,1.22966,0.0,0.9252721289047094
2021-03-19,ADA,15,-0.00013031001328018112,0.00013030152329914917,0.0,funding,1.22966,0.0,0.9251515645368469
2021-03-19,ADA,15,0.03586454153524371,0.0,0.0,mark,1.34286,0.0,0.9589338737588713
2021-03-19,ADA,15,-0.052003447804499385,0.0,0.0,mark,1.18003,0.0,0.9103404690713958
2021-03-19,ADA,15,0.03691473413192507,0.0,0.0,mark,1.29474,0.0,0.9445734080365762
2021-03-20,ADA,15,7.89823495278761e-05,0.0,0.0,mark,1.29499,0.0,0.9446480156099464
2021-03-20,ADA,15,-0.000593384437249777,0.0005932084195216937,0.4091092548425473,rotation,1.29499,-0.29843029348078065,0.9440876424536021
2021-03-20,BTC,16,-0.0011604460907106812,0.0011597730335200596,0.7998434713931445,entry,58030.01,1.30126177341596e-05,0.9429927150646049
2021-03-20,BTC,16,-0.000263121984520026,0.00026308737096664993,0.0,funding,58030.01,0.0,0.9427446255903579
2021-03-20,BTC,16,-0.002900604993909064,0.0,0.0,mark,57820.17,0.0,0.9400140578850218
2021-03-20,BTC,16,0.02811526915033263,0.0,0.0,mark,59880.0,0.0,0.9668178382723758
2021-03-20,BTC,16,-0.024217625173226225,0.0,0.0,mark,58102.28,0.0,0.9436850474740055
2021-03-21,BTC,16,-3.1163971924114744e-05,0.0,0.0,mark,58100.02,0.0,0.9436556389579263
2021-03-21,BTC,16,-0.0011623791186396739,0.0011617038177091496,0.8011750466959651,rotation,58100.02,-1.30126177341596e-05,0.9425593905995461
2021-03-21,TRX,17,-0.0011895820100203092,0.001188874737821624,0.8199136122907751,entry,0.06089,12.692022905979067,0.9414388055511658
2021-03-21,TRX,17,-0.00026973314584739886,0.00026969677113294676,0.0,funding,0.06089,0.0,0.9411849025450894
2021-03-21,TRX,17,0.04740496969613396,0.0,0.0,mark,0.06449,0.0,0.9868761850066141
2021-03-21,TRX,17,-0.07821639944159775,0.0,0.0,mark,0.05864,0.0,0.9126278510066365
2021-03-21,TRX,17,0.06370755086181518,0.0,0.0,mark,0.06337,0.0,0.9726611193519175
2021-03-22,TRX,17,0.0,0.0,0.0,mark,0.06337,0.0,0.9726611193519175
2021-03-22,TRX,17,-0.000271708371321874,0.0002716714619452814,0.0,funding,0.06337,0.0,0.9723968750836458
2021-03-22,TRX,17,-0.06205748093967863,0.0,0.0,mark,0.05876,0.0,0.9138866494870823
2021-03-22,TRX,17,0.0990846056277356,0.0,0.0,mark,0.06626,0.0,1.0090768212819252
2021-03-22,TRX,17,-0.0920267107344584,0.0,0.0,mark,0.05927,0.0,0.9203595811691316
2021-03-23,TRX,17,0.00013789336377738134,0.0,0.0,mark,0.05928,0.0,0.9204865013981913
2021-03-23,TRX,17,-0.00026857832392070455,0.00026854225999141835,0.0,funding,0.05928,0.0,0.9202393118728143
2021-03-23,TRX,17,0.03296539840875595,0.0,0.0,mark,0.06171,0.0,0.9510809275343435
2021-03-23,TRX,17,-0.0583874198245314,0.0,0.0,mark,0.05746,0.0,0.8971398301839324
2021-03-23,TRX,17,0.014884710460649583,0.0,0.0,mark,0.05852,0.0,0.9105933744642702
2021-03-24,TRX,17,0.00013937218109588822,0.0,0.0,mark,0.05853,0.0,0.9107202946933299
2021-03-24,TRX,17,-7.193653759066001e-05,7.193395021992105e-05,0.04960962084132485,resize,0.05853,-0.7719201864383347,0.9106547829849871
2021-03-24,TRX,17,-0.0002517389600433561,0.00025170727645009854,0.0,funding,0.05853,0.0,0.9104255645497757
2021-03-24,TRX,17,0.047931072791113874,0.0,0.0,mark,0.06228,0.0,0.9551259497480535
2021-03-24,TRX,17,-0.10462955025620631,0.0,0.0,mark,0.05432,0.0,0.8602419321005093
2021-03-24,TRX,17,0.0186697245929499,0.0,0.0,mark,0.05568,0.0,0.8764532717990846
2021-03-25,TRX,17,-0.000408094836363104,0.0,0.0,mark,0.05565,0.0,0.8760956687174983
2021-03-25,TRX,17,-0.0010985002244428199,0.0010978970939379206,0.757170409612359,rotation,0.05565,-11.920102719540733,0.8751338058288018
2021-03-25,XRP,18,-0.0010268191536810022,0.0010262921552866276,0.7077876933011223,entry,0.48022,1.2898441084448793,0.8742356628690536
2021-03-25,XRP,18,-0.0002328040451021495,0.00023277694834324326,0.0,funding,0.48022,0.0,0.8740321609593181
2021-03-25,XRP,18,0.06371488527535196,0.0,0.0,mark,0.5248,0.0,0.931533411313791
2021-03-25,XRP,18,-0.1031772830257323,0.0,0.0,mark,0.454,0.0,0.8402124484358935
2021-03-25,XRP,18,0.08329119129994289,0.0,0.0,mark,0.51058,0.0,0.9131918280917047
2021-03-26,XRP,18,-0.00033904712856675477,0.0,0.0,mark,0.51034,0.0,0.912882265505678
2021-03-26,XRP,18,-0.0010461096436418008,0.0010455626616995718,0.7210776977238424,rotation,0.51034,-1.2898441084448793,0.9119277898943375
2021-03-26,TRX,19,-0.0011000043098597686,0.001099399526893877,0.7582065702716393,entry,0.05528,12.507772104037295,0.9109252169135663
2021-03-26,TRX,19,-0.0002494080391159809,0.0002493769395165553,0.0,funding,0.05528,0.0,0.910698053170844
2021-03-26,TRX,19,0.14189044652840294,0.0,0.0,mark,0.06638,0.0,1.0495343235256578
2021-03-26,TRX,19,-0.14257739587760238,0.0,0.0,mark,0.05523,0.0,0.9100726645656421
2021-03-26,TRX,19,0.12162301652690638,0.0,0.0,mark,0.06464,0.0,1.027770800064633
2021-03-27,TRX,19,0.0,0.0,0.0,mark,0.06464,0.0,1.027770800064633
2021-03-27,TRX,19,-2.9321897241194576e-05,2.932146735848908e-05,0.020221701626544193,resize,0.06464,-0.321523429136473,1.0277406643166669
2021-03-27,TRX,19,-0.0002518451265420657,0.0002518134162202108,0.0,funding,0.06464,0.0,1.0274818654289968
2021-03-27,TRX,19,0.03473345851625421,0.0,0.0,mark,0.06762,0.0,1.0637968864802012
2021-03-27,TRX,19,-0.0576471671117089,0.0,0.0,mark,0.06273,0.0,1.0042061304599361
2021-03-27,TRX,19,0.010502286992203201,0.0,0.0,mark,0.0636,0.0,1.0148081668070998
2021-03-28,TRX,19,0.0,0.0,0.0,mark,0.0636,0.0,1.0148081668070998
2021-03-28,TRX,19,-0.00027787239284236657,0.0002778337898847229,0.19160951026532613,resize,0.0636,-3.057341129798141,1.01452621880811
2021-03-28,TRX,19,-0.00018803751441601177,0.00018801983647073574,0.0,funding,0.0636,0.0,1.0143354677543543
2021-03-28,TRX,19,0.009583810432761757,0.0,0.0,mark,0.06467,0.0,1.0241033988276143
2021-03-28,TRX,19,-0.02527610248396161,0.0,0.0,mark,0.06187,0.0,0.9985424577013267
2021-03-28,TRX,19,0.01587227365180868,0.0,0.0,mark,0.06362,0.0,1.0145180459052563
2021-03-29,TRX,19,8.997865424578554e-05,0.0,0.0,mark,0.06363,0.0,1.0146093349807075
2021-03-29,TRX,19,-0.00018811080706669889,0.0001880931153381832,0.0,funding,0.06363,0.0,1.0144184939500398
2021-03-29,TRX,19,0.019869401415667617,0.0,0.0,mark,0.06586,0.0,1.0347759577756188
2021-03-29,TRX,19,-0.023565877830421373,0.0,0.0,mark,0.06322,0.0,1.0106756418565477
2021-03-29,TRX,19,0.013725073219410605,0.0,0.0,mark,0.06475,0.0,1.0246428704005548
2021-03-30,TRX,19,-8.909752359960309e-05,0.0,0.0,mark,0.06474,0.0,1.0245515813251038
2021-03-30,TRX,19,-0.00018953518942197442,0.00018951722876275418,0.0,funding,0.06474,0.0,1.0243574111486866
2021-03-30,TRX,19,0.0174915664092478,0.0,0.0,mark,0.06672,0.0,1.04243264808799
2021-03-30,TRX,19,-0.022226030584033878,0.0,0.0,mark,0.06421,0.0,1.0195190901497821
2021-03-30,TRX,19,0.015724530962657864,0.0,0.0,mark,0.06598,0.0,1.0356772565046137
2021-03-31,TRX,19,0.0,0.0,0.0,mark,0.06598,0.0,1.0356772565046137
2021-03-31,TRX,19,-1.6396173651498797e-05,1.6396039235073893e-05,0.011307613265568202,resize,0.06598,-0.1774937539329926,1.0356602754996813
2021-03-31,TRX,19,-0.00018737788628220295,0.00018736033214264048,0.0,funding,0.06598,0.0,1.0354662338464768
2021-03-31,TRX,19,-0.0038977530255677787,0.0,0.0,mark,0.06553,0.0,1.0314380976404505
2021-03-31,TRX,19,0.24595548365727052,0.0,0.0,mark,0.09766,0.0,1.3190470227507325
2021-03-31,TRX,19,-0.03241522771972668,0.0,0.0,mark,0.09296,0.0,1.276975377932235
2021-04-01,TRX,19,0.00035043140256224553,0.0,0.0,mark,0.09301,0.0,1.2774229486217934
2021-04-01,TRX,19,-0.00010283746471341016,0.0001028321771226704,0.07091874284322096,resize,0.09301,-0.9740160154320829,1.2772915884388802
2021-04-01,TRX,19,-0.00019086808105620687,0.00019084986690287833,0.0,funding,0.09301,0.0,1.2770478175092306
2021-04-01,TRX,19,0.01056348352680618,0.0,0.0,mark,0.09471,0.0,1.2906093937279846
2021-04-01,TRX,19,-0.08047895378972794,0.0,0.0,mark,0.0822,0.0,1.190812147553507
2021-04-01,TRX,19,0.02140738728217472,0.0,0.0,mark,0.08543,0.0,1.2165791423691394
2021-04-02,TRX,19,-6.557452004382379e-05,0.0,0.0,mark,0.08542,0.0,1.216499368391382
2021-04-02,TRX,19,-0.00037213091003084693,0.0003720616779118724,0.2565942606288775,resize,0.08542,-3.6542584405043685,1.2160467555951997
2021-04-02,TRX,19,-9.977487995431233e-05,9.976990260646097e-05,0.0,funding,0.08542,0.0,1.215925430728829
2021-04-02,TRX,19,-0.004239939098958827,0.0,0.0,mark,0.08423,0.0,1.2107808949199015
2021-04-02,TRX,19,0.029724853579291055,0.0,0.0,mark,0.09268,0.0,1.2473114223026223
2021-04-02,TRX,19,-0.0012485269477060337,0.0,0.0,mark,0.09232,0.0,1.2457550921419382
2021-04-03,TRX,19,0.00010410347120792326,0.0,0.0,mark,0.09235,0.0,1.2458847863219953
2021-04-03,TRX,19,-3.3959978877154774e-05,3.395940224361727e-05,0.02342027740939122,resize,0.09235,-0.31596066395020284,1.2458424768193874
2021-04-03,TRX,19,-9.759435237655976e-05,9.758959020257916e-05,0.0,funding,0.09235,0.0,1.2457208955626176
2021-04-03,TRX,19,0.05880790708269334,0.0,0.0,mark,0.11118,0.0,1.3211760699428772
2021-04-03,TRX,19,-0.07325854281010456,0.0,0.0,mark,0.08789,0.0,1.2278488786886952
2021-04-03,TRX,19,0.043240339950480926,0.0,0.0,mark,0.10143,0.0,1.2821060778978675
2021-04-04,TRX,19,6.250736195053259e-05,0.0,0.0,mark,0.10145,0.0,1.2821862214712931
2021-04-04,TRX,19,-3.069722792622259e-05,3.0696756771268385e-05,0.02117017708363337,resize,0.10145,-0.26756145256522457,1.2821468625127173
2021-04-04,TRX,19,-9.721953967945093e-05,9.721481401309554e-05,0.0,funding,0.10145,0.0,1.2820222188439405
2021-04-04,TRX,19,-0.004941866100034332,0.0,0.0,mark,0.09976,0.0,1.2757022657443073
2021-04-04,TRX,19,0.08091458759364721,0.0,0.0,mark,0.12851,0.0,1.3832162607824443
2021-04-04,TRX,19,-0.0024361749639580607,0.0,0.0,mark,0.12761,0.0,1.3798506052855983
2021-04-05,TRX,19,-2.7101976693115433e-05,0.0,0.0,mark,0.1276,0.0,1.3798132091134112
2021-04-05,TRX,19,-7.124198229058247e-05,7.123944464089101e-05,0.04913065147647656,resize,0.1276,-0.5312783846362827,1.3797149119866858
2021-04-05,TRX,19,-9.748857782872978e-05,9.748382597183753e-05,0.0,funding,0.1276,0.0,1.379580412098315
2021-04-05,TRX,19,0.049166799854596516,0.0,0.0,mark,0.14927,0.0,1.4491051146328617
2021-04-05,TRX,19,-0.053455067510272736,0.0,0.0,mark,0.12576,0.0,1.373677068643605
2021-04-05,TRX,19,0.02488864847316753,0.0,0.0,mark,0.13655,0.0,1.4082950446633447
2021-04-06,TRX,19,-6.834750619479424e-05,0.0,0.0,mark,0.13652,0.0,1.4081987944983223
2021-04-06,TRX,19,-5.7977649895651886e-05,5.797596922418668e-05,0.03998342705116323,resize,0.13652,-0.4124275840416032,1.408117152808351
2021-04-06,TRX,19,-8.906175178792112e-05,8.905778590777279e-05,0.0,funding,0.13652,0.0,1.407991749012423
2021-04-06,TRX,19,0.004517278171894029,0.0,0.0,mark,0.1388,0.0,1.414366426662514
2021-04-06,TRX,19,-0.05652260322818928,0.0,0.0,mark,0.111,0.0,1.336640093911404
2021-04-06,TRX,19,0.026849905761093532,0.0,0.0,mark,0.12401,0.0,1.3730148992744233
2021-04-07,TRX,19,-8.145651225355445e-05,0.0,0.0,mark,0.12397,0.0,1.3729030628244216
2021-04-07,TRX,19,-8.294861563075578e-05,8.294517548943808e-05,0.0,funding,0.12397,0.0,1.3727891871389457
2021-04-07,TRX,19,0.0036795850861087312,0.0,0.0,mark,0.12578,0.0,1.377849786501518
2021-04-07,TRX,19,-0.046264096502413636,0.0,0.0,mark,0.1035,0.0,1.3155568838506284
2021-04-07,TRX,19,0.014662591089469518,0.0,0.0,mark,0.11045,0.0,1.334988467038406
2021-04-08,TRX,19,-0.00027230044306609077,0.0,0.0,mark,0.11032,0.0,1.334624998575901
2021-04-08,TRX,19,-7.593218362039027e-05,7.592930084509035e-05,0.0,funding,0.11032,0.0,1.3345236614328686
2021-04-08,TRX,19,0.03262675971707965,0.0,0.0,mark,0.12615,0.0,1.3787829365210007
2021-04-08,TRX,19,-0.03390556551847827,0.0,0.0,mark,0.10971,0.0,1.3328181555703442
2021-04-08,TRX,19,0.028496988151215485,0.0,0.0,mark,0.12349,0.0,1.3713458125958944
2021-04-09,TRX,19,0.0,0.0,0.0,mark,0.12349,0.0,1.3713458125958944
2021-04-09,TRX,19,-8.272126582109671e-05,8.271784451143767e-05,0.0,funding,0.12349,0.0,1.3712323778261966
2021-04-09,TRX,19,0.0033586653773878252,0.0,0.0,mark,0.12514,0.0,1.3758456313887624
2021-04-09,TRX,19,-0.022233090853335944,0.0,0.0,mark,0.11432,0.0,1.3455938716633304
2021-04-09,TRX,19,0.0031533200652533785,0.0,0.0,mark,0.11584,0.0,1.3498436567633911
2021-04-10,TRX,19,0.0,0.0,0.0,mark,0.11584,0.0,1.3498436567633911
2021-04-10,TRX,19,-7.883273607878777e-05,7.882962886024365e-05,0.0,funding,0.11584,0.0,1.349737249088909
2021-04-10,TRX,19,0.024027811976554254,0.0,0.0,mark,0.12758,0.0,1.3825612471643778
2021-04-10,TRX,19,-0.031158241657838294,0.0,0.0,mark,0.11241,0.0,1.340147273501272
2021-04-10,TRX,19,0.028566380904526237,0.0,0.0,mark,0.1263,0.0,1.3789824807643265
2021-04-11,TRX,19,0.00020273120865423836,0.0,0.0,mark,0.1264,0.0,1.3792620718893305
2021-04-11,TRX,19,-0.00037159713144161875,0.0003715280977786752,0.2562262743301208,rotation,0.1264,-2.7959112500399237,1.378749637275423
2021-04-11,XRP,20,-0.0003582428707043439,0.0003581787093892492,0.2470197995787925,entry,1.37215,0.24820789204468016,1.378255798509773
2021-04-11,XRP,20,-8.118877695614915e-05,8.118548123657177e-05,0.0,funding,1.37215,0.0,1.3781439041495038
2021-04-11,XRP,20,-0.012167644884429795,0.0,0.0,mark,1.305,0.0,1.3614767441987035
2021-04-11,XRP,20,0.03493271540242782,0.0,0.0,mark,1.5,0.0,1.409877283147416
2021-04-11,XRP,20,-0.026548981012071062,0.0,0.0,mark,1.35118,0.0,1.3729389846533266
2021-04-12,XRP,20,0.0,0.0,0.0,mark,1.35118,0.0,1.3729389846533266
2021-04-12,XRP,20,-3.7436177926217744e-05,3.74354772012837e-05,0.02581757048364393,resize,1.35118,-0.02623332865053493,1.372887588027268
2021-04-12,XRP,20,-7.177745368603046e-05,7.177487774621052e-05,0.0,funding,1.35118,0.0,1.372789049188478
2021-04-12,XRP,20,0.01982341591292355,0.0,0.0,mark,1.475,0.0,1.4002739396279411
2021-04-12,XRP,20,-0.025196431761031538,0.0,0.0,mark,1.31804,0.0,1.365432812157596
2021-04-12,XRP,20,0.02415439790670776,0.0,0.0,mark,1.46843,0.0,1.3988155667464415
2021-04-13,XRP,20,1.1108064213214435e-05,0.0,0.0,mark,1.4685,0.0,1.398831104965879
2021-04-13,XRP,20,-2.3238476895525623e-05,2.323820688420027e-05,0.016026349575310527,resize,1.4685,-0.015266024027920377,1.3987985986392657
2021-04-13,XRP,20,-7.129904030877693e-05,7.129649859264455e-05,0.0,funding,1.4685,0.0,1.3986988691969464
2021-04-13,XRP,20,0.060272943420887314,0.0,0.0,mark,1.88888,0.0,1.48559500497572
2021-04-13,XRP,20,-0.06779689896988061,0.0,0.0,mark,1.41778,0.0,1.3882146120802916
2021-04-13,XRP,20,0.054804668474194886,0.0,0.0,mark,1.79611,0.0,1.4664186537787154
2021-04-14,XRP,20,-5.6384749770290715e-06,0.0,0.0,mark,1.79607,0.0,1.4664103854371406
2021-04-14,XRP,20,-5.194046291116599e-05,5.193911402879342e-05,0.035820078640547176,resize,1.79607,-0.02924548337518776,1.4663342213809185
2021-04-14,XRP,20,-7.141752147062048e-05,7.141497130016536e-05,0.0,funding,1.79607,0.0,1.4662295031645822
2021-04-14,XRP,20,0.0204641358774872,0.0,0.0,mark,1.96689,0.0,1.4965437423889711
2021-04-14,XRP,20,-0.049451432272785964,0.0,0.0,mark,1.56001,0.0,1.4243375741673379
2021-04-14,XRP,20,0.0336495191687105,0.0,0.0,mark,1.83468,0.0,1.473081351756396
2021-04-15,XRP,20,-8.674262418791524e-05,0.0,0.0,mark,1.83396,0.0,1.4729535783560825
2021-04-15,XRP,20,-7.2596476206742e-05,7.259384114630487e-05,0.0,funding,1.83396,0.0,1.4728466509979994
2021-04-15,XRP,20,0.006130968531654294,0.0,0.0,mark,1.885,0.0,1.481904365375782
2021-04-15,XRP,20,-0.028246238827207244,0.0,0.0,mark,1.65243,0.0,1.4406317824439465
2021-04-15,XRP,20,0.012897616709241425,0.0,0.0,mark,1.75781,0.0,1.459332839284282
2021-04-16,XRP,20,0.0,0.0,0.0,mark,1.75781,0.0,1.459332839284282
2021-04-16,XRP,20,-7.023147721071957e-05,7.022901103823593e-05,0.0,funding,1.75781,0.0,1.4592303517822034
2021-04-16,XRP,20,0.006376530832161458,0.0,0.0,mark,1.81041,0.0,1.468564908527332
2021-04-16,XRP,20,-0.04832674002781097,0.0,0.0,mark,1.42,0.0,1.3992815568378711
2021-04-16,XRP,20,0.016109409410544926,0.0,0.0,mark,1.54805,0.0,1.4220057011575233
2021-04-17,XRP,20,0.0,0.0,0.0,mark,1.54805,0.0,1.4220057011575233
2021-04-17,XRP,20,-6.347407880568185e-05,6.347206436898665e-05,0.0,funding,1.54805,0.0,1.4219154435201264
2021-04-17,XRP,20,0.023872641675494386,0.0,0.0,mark,1.74163,0.0,1.4562687418988713
2021-04-17,XRP,20,-0.026139182509389774,0.0,0.0,mark,1.52991,0.0,1.418696263684449
2021-04-17,XRP,20,0.0011314136231915664,0.0,0.0,mark,1.53896,0.0,1.4203023043411678
2021-04-18,XRP,20,0.00011494498592839808,0.0,0.0,mark,1.53988,0.0,1.4204655703526794
2021-04-18,XRP,20,-0.00027899261403432245,0.00027895369921416836,0.19238186152701264,rotation,1.53988,-0.1774630559910371,1.4200693262272233
2021-04-18,DOGE,21,-0.00017813682949225295,0.0001781209640693189,0.12284204418573717,entry,0.2824945,0.6175136822812995,1.4198163821097904
2021-04-18,DOGE,21,-4.036678723779689e-05,4.0365972509959496e-05,0.0,funding,0.2824945,0.0,1.419759069840741
2021-04-18,DOGE,21,-0.018788555176806557,0.0,0.0,mark,0.2397,0.0,1.393332880564354
2021-04-18,DOGE,21,0.048149240096309734,0.0,0.0,mark,0.351,0.0,1.4620621534022624
2021-04-18,DOGE,21,-0.012182958568441813,0.0,0.0,mark,0.3223299,0.0,1.4443579743798893
2021-04-19,DOGE,21,0.0001134613696010776,0.0,0.0,mark,0.3225953,0.0,1.4445218625111669
2021-04-19,DOGE,21,-2.8686788552731724e-05,2.8686377090784318e-05,0.019783708338471942,resize,0.3225953,-0.08858777302851961,1.444480424412303
2021-04-19,DOGE,21,-3.8809733917733004e-05,3.8808980829784374e-05,0.0,funding,0.3225953,0.0,1.444424365599203
2021-04-19,DOGE,21,0.04052832232552522,0.0,0.0,mark,0.435546,0.0,1.504166917297441
2021-04-19,DOGE,21,-0.045887229246415154,0.0,0.0,mark,0.308,0.0,1.4367045332758859
2021-04-19,DOGE,21,0.03647431028826549,0.0,0.0,mark,0.408903,0.0,1.490074744297219
2021-04-20,DOGE,21,-1.1713885693228767e-06,0.0,0.0,mark,0.4088997,0.0,1.4900729988417185
2021-04-20,DOGE,21,-3.852211614444703e-05,3.852137417724354e-05,0.026566464949823128,resize,0.4088997,-0.09681095901123515,1.4900155991821786
2021-04-20,DOGE,21,-3.896052052875186e-05,3.8959761577527676e-05,0.0,funding,0.4088997,0.0,1.4899575485296876
2021-04-20,DOGE,21,0.0045492749961773445,0.0,0.0,mark,0.4246216,0.0,1.4967512165658903
2021-04-20,DOGE,21,-0.04566657810868549,0.0,0.0,mark,0.27,0.0,1.4299369115756222
2021-04-20,DOGE,21,0.014198579897102177,0.0,0.0,mark,0.3173205,0.0,1.4503848070785272
2021-04-21,DOGE,21,0.0,0.0,0.0,mark,0.3173205,0.0,1.4503848070785272
2021-04-21,DOGE,21,-3.454286633558532e-05,3.454226973763408e-05,0.02382225499147178,resize,0.3173205,0.108884981304332,1.4503347074952977
2021-04-21,DOGE,21,-3.888898122455956e-05,3.888822505790408e-05,0.0,funding,0.3173205,0.0,1.4502783065527833
2021-04-21,DOGE,21,-0.00798306482892971,0.0,0.0,mark,0.2960052,0.0,1.4387467307119035
2021-04-21,DOGE,21,0.019237467208053523,0.0,0.0,mark,0.347661,0.0,1.466692514975851
2021-04-21,DOGE,21,-0.015551772650287747,0.0,0.0,mark,0.3058251,0.0,1.4440592959396907
2021-04-22,DOGE,21,-6.631120040593594e-06,0.0,0.0,mark,0.3058074,0.0,1.4440497202409024
2021-04-22,DOGE,21,-3.7641095005061816e-05,3.764038658786248e-05,0.0,funding,0.3058074,0.0,1.4439953656511804
2021-04-22,DOGE,21,-0.01998288544135563,0.0,0.0,mark,0.253,0.0,1.4154265658660645
2021-04-22,DOGE,21,0.0213275166080709,0.0,0.0,mark,0.3093988,0.0,1.445938312805334
2021-04-22,DOGE,21,-0.018403441229622616,0.0,0.0,mark,0.2606615,0.0,1.4195714368416033
2021-04-23,DOGE,21,3.8110087914219025e-08,0.0,0.0,mark,0.2606616,0.0,1.4195714909415964
2021-04-23,DOGE,21,-3.2637366359910954e-05,3.263683376694013e-05,0.0,funding,0.2606616,0.0,1.4195251606228263
2021-04-23,DOGE,21,0.003362771413627727,0.0,0.0,mark,0.2695,0.0,1.4243067344178013
2021-04-23,DOGE,21,-0.04258938770011465,0.0,0.0,mark,0.1597278,0.0,1.3649199817321611
2021-04-23,DOGE,21,0.035084456310855126,0.0,0.0,mark,0.2498155,0.0,1.4136574212652866
2021-04-24,DOGE,21,7.048997422788651e-05,0.0,0.0,mark,0.2499997,0.0,1.4137570734526774
2021-04-24,DOGE,21,-3.143111252504516e-05,3.143061857278194e-05,0.0,funding,0.2499997,0.0,1.4137126381933471
2021-04-24,DOGE,21,0.015187581324736932,0.0,0.0,mark,0.28999,0.0,1.4353473877558462
2021-04-24,DOGE,21,-0.023719259962512694,0.0,0.0,mark,0.2278,0.0,1.4017026020130081
2021-04-24,DOGE,21,0.016156257687237534,0.0,0.0,mark,0.27,0.0,1.424532799124244
2021-04-25,DOGE,21,3.0457377881874022e-05,0.0,0.0,mark,0.2700802,0.0,1.424576187318754
2021-04-25,DOGE,21,-3.369788275852817e-05,3.369731499127442e-05,0.0,funding,0.2700802,0.0,1.4245281829262408
2021-04-25,DOGE,21,0.007271177748810813,0.0,0.0,mark,0.289296,0.0,1.43492392941084
2021-04-25,DOGE,21,-0.02492621433400614,0.0,0.0,mark,0.224,0.0,1.3995987978806204
2021-04-25,DOGE,21,0.010608153181166079,0.0,0.0,mark,0.25159,0.0,1.414524985991971
2021-04-26,DOGE,21,0.0,0.0,0.0,mark,0.25159,0.0,1.414524985991971
2021-04-26,DOGE,21,-3.1613883488213236e-05,3.1613383774730545e-05,0.0,funding,0.25159,0.0,1.41448026807073
2021-04-26,DOGE,21,0.01109873076810905,0.0,0.0,mark,0.28077,0.0,1.4302666460732387
2021-04-26,DOGE,21,-0.012855822738286737,0.0,0.0,mark,0.247,0.0,1.4119970783849345
2021-04-26,DOGE,21,0.009385026415135708,0.0,0.0,mark,0.27161,0.0,1.4253110867002785
2021-04-27,DOGE,21,0.0,0.0,0.0,mark,0.27161,0.0,1.4253110867002785
2021-04-27,DOGE,21,-3.387128545032525e-05,3.387071182481065e-05,0.0,funding,0.27161,0.0,1.4252628103992002
2021-04-27,DOGE,21,0.0031569053764305536,0.0,0.0,mark,0.27994,0.0,1.4297693398289775
2021-04-27,DOGE,21,-0.005897422256767525,0.0,0.0,mark,0.2644,0.0,1.4213622008927544
2021-04-27,DOGE,21,0.0030099817108637707,0.0,0.0,mark,0.27232,0.0,1.4256469203505977
2021-04-28,DOGE,21,-1.8974020015507486e-05,0.0,0.0,mark,0.27227,0.0,1.4256198703540204
2021-04-28,DOGE,21,-3.394623819798958e-05,3.3945662031014164e-05,0.0,funding,0.27227,0.0,1.4255714767437166
2021-04-28,DOGE,21,0.028334070942719964,0.0,0.0,mark,0.348,0.0,1.4665414015596858
2021-04-28,DOGE,21,-0.03486753411546982,0.0,0.0,mark,0.25511,0.0,1.4162879179183894
2021-04-28,DOGE,21,0.02564332263761139,0.0,0.0,mark,0.32311,0.0,1.453075913263509
2021-04-29,DOGE,21,3.723066742603772e-05,0.0,0.0,mark,0.32321,0.0,1.4531300132566636
2021-04-29,DOGE,21,-3.9534580305597444e-05,3.953379882443498e-05,0.0,funding,0.32321,0.0,1.4530725655070538
2021-04-29,DOGE,21,0.0010530952300663193,0.0,0.0,mark,0.32604,0.0,1.4546035953133285
2021-04-29,DOGE,21,-0.01142351640891126,0.0,0.0,mark,0.2955,0.0,1.4380814574039174
2021-04-29,DOGE,21,0.0034887643978699255,0.0,0.0,mark,0.30479,0.0,1.4431073467679785
2021-04-30,DOGE,21,0.0,0.0,0.0,mark,0.30479,0.0,1.4431073467679785
2021-04-30,DOGE,21,-3.754036229697997e-05,3.753965766643767e-05,0.0,funding,0.30479,0.0,1.443053173012205
2021-04-30,DOGE,21,0.013113848232058942,0.0,0.0,mark,0.34,0.0,1.4621017806019352
2021-04-30,DOGE,21,-0.014111578503533362,0.0,0.0,mark,0.30213,0.0,1.4416141131942928
2021-04-30,DOGE,21,0.013171297885499918,0.0,0.0,mark,0.33746,0.0,1.4607276407758085
2021-05-01,DOGE,21,0.0,0.0,0.0,mark,0.33746,0.0,1.4607276407758085
2021-05-01,DOGE,21,-1.973390636012282e-05,1.973371164795727e-05,0.013609456308936048,resize,0.33746,-0.05890982340542167,1.4606988151977494
2021-05-01,DOGE,21,-3.659222459832744e-05,3.659155511101617e-05,0.0,funding,0.33746,0.0,1.4606453659565524
2021-05-01,DOGE,21,0.019622582403665337,0.0,0.0,mark,0.3975,0.0,1.4895900560493054
2021-05-01,DOGE,21,-0.022895455237429734,0.0,0.0,mark,0.32756,0.0,1.455872673885962
2021-05-01,DOGE,21,0.02074742030039977,0.0,0.0,mark,0.39087,0.0,1.4863937986323341
2021-05-02,DOGE,21,-3.2433591312683496e-06,0.0,0.0,mark,0.39086,0.0,1.4863889777312527
2021-05-02,DOGE,21,-2.199194992906276e-05,2.1991708107822226e-05,0.015166695246773946,resize,0.39086,-0.057676939680227635,1.4863562894987197
2021-05-02,DOGE,21,-3.6667908313866226e-05,3.6667236054353554e-05,0.0,funding,0.39086,0.0,1.4863017889217918
2021-05-02,DOGE,21,0.002603677101002399,0.0,0.0,mark,0.39999,0.0,1.4901766811498336
2021-05-02,DOGE,21,-0.010878788620037917,0.0,0.0,mark,0.362,0.0,1.4740532248800295
2021-05-02,DOGE,21,0.003440507625249769,0.0,0.0,mark,0.37397,0.0,1.4791334505064986
2021-05-03,DOGE,21,0.0001778830445069751,0.0,0.0,mark,0.37459,0.0,1.479396586670944
2021-05-03,DOGE,21,-3.5306860828535546e-05,3.5306237548732106e-05,0.0,funding,0.37459,0.0,1.4793443547436262
2021-05-03,DOGE,21,-0.00020945364055867846,0.0,0.0,mark,0.37386,0.0,1.4790345331306503
2021-05-03,DOGE,21,0.02102343936074959,0.0,0.0,mark,0.4479,0.0,1.5104580841234454
2021-05-03,DOGE,21,-0.0018224299917891727,0.0,0.0,mark,0.44142,0.0,1.5077078867918232
2021-05-04,DOGE,21,0.0,0.0,0.0,mark,0.44142,0.0,1.5077078867918232
2021-05-04,DOGE,21,-1.8217654781142377e-05,1.821748884075289e-05,0.012563785407415786,resize,0.44142,-0.04291268711594581,1.5076804201402205
2021-05-04,DOGE,21,-3.669752644047336e-05,3.6696853094386144e-05,0.0,funding,0.44142,0.0,1.5076250930133293
2021-05-04,DOGE,21,-0.011073706930465015,0.0,0.0,mark,0.3979,0.0,1.491022192065226
2021-05-04,DOGE,21,0.05329892541422805,0.0,0.0,mark,0.61186,0.0,1.5726480350536485
2021-05-04,DOGE,21,-0.017946393733174214,0.0,0.0,mark,0.53854,0.0,1.5446764197614857
2021-05-05,DOGE,21,0.0,0.0,0.0,mark,0.53854,0.0,1.5446764197614857
2021-05-05,DOGE,21,-2.8418757583716783e-05,2.841835377464995e-05,0.019598864672172377,resize,0.53854,-0.05621477348609405,1.5446325226005215
2021-05-05,DOGE,21,-3.7261204166812276e-05,3.7260509976685006e-05,0.0,funding,0.53854,0.0,1.5445749688050028
2021-05-05,DOGE,21,0.03275134313614284,0.0,0.0,mark,0.69663,0.0,1.5959993863603037
2021-05-05,DOGE,21,-0.03736566355682675,0.0,0.0,mark,0.51668,0.0,1.5374642232312228
2021-05-05,DOGE,21,0.028639142184727132,0.0,0.0,mark,0.654,0.0,1.5821324566343091
2021-05-06,DOGE,21,0.0,0.0,0.0,mark,0.654,0.0,1.5821324566343091
2021-05-06,DOGE,21,-2.9414259492562322e-05,2.9413826897492466e-05,0.02028539786033963,resize,0.654,-0.04907367943514296,1.5820859200641009
2021-05-06,DOGE,21,-3.751365995813154e-05,3.751295632965851e-05,0.0,funding,0.654,0.0,1.5820265713440718
2021-05-06,DOGE,21,0.0019186899202241145,0.0,0.0,mark,0.665,0.0,1.5850649036567253
2021-05-06,DOGE,21,-0.022023129647078886,0.0,0.0,mark,0.54,0.0,1.5505384001038447
2021-05-06,DOGE,21,0.007287784508649071,0.0,0.0,mark,0.58106,0.0,1.561879665990895
2021-05-07,DOGE,21,-1.2379290214748103e-05,0.0,0.0,mark,0.58099,0.0,1.5618603311489052
2021-05-07,DOGE,21,-3.375727655574177e-05,3.375670678525343e-05,0.0,funding,0.58099,0.0,1.561807607887667
2021-05-07,DOGE,21,0.026528571874395408,0.0,0.0,mark,0.733,0.0,1.603794598328254
2021-05-07,DOGE,21,-0.03787957808220941,0.0,0.0,mark,0.51717,0.0,1.5441797562337083
2021-05-07,DOGE,21,0.030415153235747387,0.0,0.0,mark,0.68982,0.0,1.591867762940947
2021-05-08,DOGE,21,0.0,0.0,0.0,mark,0.68982,0.0,1.591867762940947
2021-05-08,DOGE,21,-3.93252001636514e-05,3.932442693816077e-05,0.0,funding,0.68982,0.0,1.591805163653408
2021-05-08,DOGE,21,-0.015708412675214528,0.0,0.0,mark,0.6,0.0,1.5669957992604502
2021-05-08,DOGE,21,0.02436941812384307,0.0,0.0,mark,0.73995,0.0,1.6056516726382553
2021-05-08,DOGE,21,-0.01785464871750397,0.0,0.0,mark,0.63708,0.0,1.5772377412743765
2021-05-09,DOGE,21,0.0,0.0,0.0,mark,0.63708,0.0,1.5772377412743765
2021-05-09,DOGE,21,-3.665543510575378e-05,3.66547633034971e-05,0.0,funding,0.63708,0.0,1.5771799279982968
2021-05-09,DOGE,21,0.010974520627818953,0.0,0.0,mark,0.70009,0.0,1.5945840479092328
2021-05-09,DOGE,21,-0.05046179332424899,0.0,0.0,mark,0.416,0.0,1.51611497275453
2021-05-09,DOGE,21,0.027781618177146087,0.0,0.0,mark,0.57063,0.0,1.5588256387095853
2021-05-10,DOGE,21,3.366598592026922e-05,0.0,0.0,mark,0.57082,0.0,1.5588781189949856
2021-05-10,DOGE,21,-3.322980895621584e-05,3.322925685227515e-05,0.0,funding,0.57082,0.0,1.5588263186335682
2021-05-10,DOGE,21,0.00031535257396959855,0.0,0.0,mark,0.5726,0.0,1.5593179760441613
2021-05-10,DOGE,21,-0.0276871284340182,0.0,0.0,mark,0.41844,0.0,1.5167371297424648
2021-05-10,DOGE,21,0.005864900138593448,0.0,0.0,mark,0.45074,0.0,1.525658778260529
2021-05-11,DOGE,21,-4.34516079213113e-05,0.0,0.0,mark,0.4505,0.0,1.5255924873737077
2021-05-11,DOGE,21,-2.679758650769129e-05,2.6797227455508947e-05,0.0,funding,0.4505,0.0,1.525551605724819
2021-05-11,DOGE,21,-0.0013769819571776598,0.0,0.0,mark,0.4429,0.0,1.5234523943088039
2021-05-11,DOGE,21,0.01896500280351175,0.0,0.0,mark,0.5485,0.0,1.5526203845102773
2021-05-11,DOGE,21,-0.009875832564312651,0.0,0.0,mark,0.49326,0.0,1.5373624320601882
2021-05-12,DOGE,21,4.8508690801475325e-05,0.0,0.0,mark,0.49353,0.0,1.5374370093078624
2021-05-12,DOGE,21,-0.0001285744675775074,0.00012856620223487537,0.08866634636887956,rotation,0.49353,-0.27621202842304465,1.5372393468704004
2021-05-12,ETH,22,-0.0008073892402789405,0.0008070633892882967,0.5565954408884805,entry,4173.46,0.00020501464301142226,1.5359986972729678
2021-05-12,ETH,22,-0.00018302948366623803,0.0001830127347921041,0.0,funding,4173.46,0.0,1.5357175899507427
2021-05-12,ETH,22,0.026253087810642787,0.0,0.0,mark,4372.72,0.0,1.5765688077171987
2021-05-12,ETH,22,-0.09131959561757592,0.0,0.0,mark,3701.58,0.0,1.4389752802065126
2021-05-12,ETH,22,0.01718051633216142,0.0,0.0,mark,3823.21,0.0,1.4639112112359918
2021-05-13,ETH,22,-0.0018306730424943215,0.0,0.0,mark,3810.15,0.0,1.4612337199982626
2021-05-13,ETH,22,-0.00017564525866315707,0.000175629833937842,0.0,funding,3810.15,0.0,1.460977083762675
2021-05-13,ETH,22,0.031033702318687306,0.0,0.0,mark,4034.77,0.0,1.5070274728759006
2021-05-13,ETH,22,-0.07553165613472457,0.0,0.0,mark,3500.0,0.0,1.3973917922326822
2021-05-13,ETH,22,0.03146968373150782,0.0,0.0,mark,3717.91,0.0,1.4420665330913012
2021-05-14,ETH,22,1.4216715566500985e-06,0.0,0.0,mark,3717.92,0.0,1.4420685832377313
2021-05-14,ETH,22,-3.373636958526839e-05,3.373580052023441e-05,0.02326606932429959,resize,3717.92,-9.024203755864449e-06,1.4420199338996706
2021-05-14,ETH,22,-0.0001660315939259572,0.00016601781144357525,0.0,funding,3717.92,0.0,1.4417805329061866
2021-05-14,ETH,22,0.06005975083175658,0.0,0.0,mark,4173.28,0.0,1.5310267393255974
2021-05-14,ETH,22,-0.06367811909124137,0.0,0.0,mark,3691.35,0.0,1.4365730669351664
2021-05-14,ETH,22,0.051018543144805265,0.0,0.0,mark,4075.01,0.0,1.5117667588599537
2021-05-15,ETH,22,1.2964322112099581e-06,0.0,0.0,mark,4075.02,0.0,1.5117687187643463
2021-05-15,ETH,22,-0.0007663261988640895,0.000766032645933147,0.5282983765056186,rotation,4075.02,-0.00019599043925555782,1.5106106545726723
2021-05-15,DOGE,23,-0.0003121879971916095,0.0003121392715894685,0.21526846316515066,entry,0.5599,0.5807944883921441,1.5101391336632988
2021-05-15,DOGE,23,-7.074933729927886e-05,7.074683462399785e-05,0.0,funding,0.5599,0.0,1.5100322960997503
2021-05-15,DOGE,23,0.0015949165673956058,0.0,0.0,mark,0.56405,0.0,1.5124425932265777
2021-05-15,DOGE,23,-0.028812572654763863,0.0,0.0,mark,0.49009,0.0,1.4694870328650946
2021-05-15,DOGE,23,0.007269572981742376,0.0,0.0,mark,0.50855,0.0,1.4802084991208135
2021-05-16,DOGE,23,-6.670570816072679e-05,0.0,0.0,mark,0.50838,0.0,1.480109764057787
2021-05-16,DOGE,23,-6.55423899075876e-05,6.55402420520945e-05,0.0,funding,0.50838,0.0,1.480012757305587
2021-05-16,DOGE,23,0.01577597650153445,0.0,0.0,mark,0.5489,0.0,1.5035465499752367
2021-05-16,DOGE,23,-0.038952274557971005,0.0,0.0,mark,0.45,0.0,1.4461059750732537
2021-05-16,DOGE,23,0.02526182456639316,0.0,0.0,mark,0.5137,0.0,1.4831025839838332
2021-05-17,DOGE,23,3.91606998367698e-06,0.0,0.0,mark,0.51371,0.0,1.4831083919287171
2021-05-17,DOGE,23,-0.00029174200653929954,0.00029169945397833694,0.20117203722643925,rotation,0.51371,-0.5807944883921441,1.4826757700206008
2021-05-17,ADA,24,-0.0005451041176572272,0.0005449555753991883,0.375831431309785,entry,2.3002,0.24225552422188507,1.4818677775932187
2021-05-17,ADA,24,-0.00012355140363229077,0.00012354377147192697,0.0,funding,2.3002,0.0,1.4816847020591521
2021-05-17,ADA,24,0.004697749740643366,0.0,0.0,mark,2.329,0.0,1.4886616611567425
2021-05-17,ADA,24,-0.06959160820613818,0.0,0.0,mark,1.9159,0.0,1.3885859041006816
2021-05-17,ADA,24,0.019830314904977994,0.0,0.0,mark,2.0307,0.0,1.416396838281354
2021-05-18,ADA,24,-0.00010262715174892453,0.0,0.0,mark,2.0301,0.0,1.416251484966821
2021-05-18,ADA,24,-0.00011409498057666396,0.00011408847199187601,0.0,funding,2.0301,0.0,1.416089906998945
2021-05-18,ADA,24,-0.01012734079634413,0.0,0.0,mark,1.9712,0.0,1.401821056622276
2021-05-18,ADA,24,0.030297409919170914,0.0,0.0,mark,2.1492,0.0,1.4449425399337714
2021-05-18,ADA,24,-0.024713825379655368,0.0,0.0,mark,2.0036,0.0,1.409670135607065
2021-05-19,ADA,24,0.0,0.0,0.0,mark,2.0036,0.0,1.409670135607065
2021-05-19,ADA,24,-0.000499394382561698,0.0004992697059421039,0.34432393513248544,rotation,2.0036,-0.24225552422188507,1.4089663300129849
2021-05-19,DOGE,25,-0.00030430871633281396,0.00030426241913177504,0.20983615112536205,entry,0.47574,0.6214572492436026,1.40853763450894
2021-05-19,DOGE,25,-6.896336873966021e-05,6.896099082117413e-05,0.0,funding,0.47574,0.0,1.4084405003580553
2021-05-19,DOGE,25,0.0016136279095881143,0.0,0.0,mark,0.4794,0.0,1.410715033890287
2021-05-19,DOGE,25,-0.1257773437550933,0.0,0.0,mark,0.21111,0.0,1.2439842684907207
2021-05-19,DOGE,25,0.05743754045047622,0.0,0.0,mark,0.32945,0.0,1.3175275193662086
2021-05-20,DOGE,25,0.00012734669377700167,0.0,0.0,mark,0.32972,0.0,1.3176953128235043
2021-05-20,DOGE,25,-5.109091305367801e-05,5.1089607935242035e-05,0.0,funding,0.32972,0.0,1.317627992286594
2021-05-20,DOGE,25,-0.01698121922640318,0.0,0.0,mark,0.29402,0.0,1.2954419684885974
2021-05-20,DOGE,25,0.06544290348226986,0.0,0.0,mark,0.435,0.0,1.3830550114869604
2021-05-20,DOGE,25,-0.016957138976525576,0.0,0.0,mark,0.39758,0.0,1.3598000812202649
2021-05-21,DOGE,25,-5.0273578251390453e-05,0.0,0.0,mark,0.39747,0.0,1.359731720922848
2021-05-21,DOGE,25,-0.00026344356271522563,0.00026340886450700214,0.18166128586689803,rotation,0.39747,-0.6214572492436026,1.3593735555342057
2021-05-21,ADA,26,-0.00041739314170712315,0.000417306045308069,0.2877972726262545,entry,1.8002,0.21732252069936597,1.3588062807316494
2021-05-21,ADA,26,-9.459746715442374e-05,9.459299295511546e-05,0.0,funding,1.8002,0.0,1.3586777471787088
2021-05-21,ADA,26,0.01110274925651394,0.0,0.0,mark,1.87,0.0,1.3738468591235247
2021-05-21,ADA,26,-0.0910215586326537,0.0,0.0,mark,1.32,0.0,1.2543194727388733
2021-05-21,ADA,26,0.03895948552385068,0.0,0.0,mark,1.5493,0.0,1.304151526735238
2021-05-22,ADA,26,0.0,0.0,0.0,mark,1.5493,0.0,1.304151526735238
2021-05-22,ADA,26,-8.482456500853276e-05,8.482096750695556e-05,0.0,funding,1.5493,0.0,1.3040409073409647
2021-05-22,ADA,26,0.008744277956473203,0.0,0.0,mark,1.602,0.0,1.3154938041818214
2021-05-22,ADA,26,-0.03975090997708581,0.0,0.0,mark,1.3661,0.0,1.264227421548841
2021-05-22,ADA,26,0.016503131004510566,0.0,0.0,mark,1.4629,0.0,1.2852642415525395
2021-05-23,ADA,26,0.00011835446546133442,0.0,0.0,mark,1.4636,0.0,1.2854163673170291
2021-05-23,ADA,26,-8.13002693582621e-05,8.129696458100409e-05,0.0,funding,1.4636,0.0,1.2853118668681436
2021-05-23,ADA,26,0.012785027951302142,0.0,0.0,mark,1.5397,0.0,1.3018501106933653
2021-05-23,ADA,26,-0.08510096495215344,0.0,0.0,mark,1.051,0.0,1.1956445948275851
2021-05-23,ADA,26,0.04667858278360092,0.0,0.0,mark,1.3139,0.0,1.2527786855194485
2021-05-24,ADA,26,-6.939136607362169e-05,0.0,0.0,mark,1.3135,0.0,1.2526917565111686
2021-05-24,ADA,26,-7.486828245157872e-05,7.486547989167496e-05,0.0,funding,1.3135,0.0,1.252597973141661
2021-05-24,ADA,26,-0.011499344949906183,0.0,0.0,mark,1.2476,0.0,1.2382764190275728
2021-05-24,ADA,26,0.059580608821897585,0.0,0.0,mark,1.5974,0.0,1.314295836768211
2021-05-24,ADA,26,-0.007868599982875714,0.0,0.0,mark,1.55,0.0,1.303994749287061
2021-05-25,ADA,26,-4.999896367993364e-05,0.0,0.0,mark,1.5497,0.0,1.3039295525308512
2021-05-25,ADA,26,-0.0003745825809067862,0.00037451243361076196,0.25828443697293924,rotation,1.5497,-0.21732252069936597,1.3034412147008758
2021-05-26,ADA,27,-0.00034425399052654575,0.0003441947419204938,0.23737568408309917,entry,1.5525,0.19929484702204583,1.3029925770883732
2021-05-26,ADA,27,-7.801780000008352e-05,7.80147566905972e-05,0.0,funding,1.5525,0.0,1.302890924439502
2021-05-26,ADA,27,0.04186463586244904,0.0,0.0,mark,1.832,0.0,1.3585938341821637
2021-05-26,ADA,27,-0.04194112057229119,0.0,0.0,mark,1.552,0.0,1.3027912770159908
2021-05-26,ADA,27,0.0341508482323459,0.0,0.0,mark,1.7791,0.0,1.3480511367746975
2021-05-27,ADA,27,-4.4352753672816415e-05,0.0,0.0,mark,1.7788,0.0,1.3479913483205908
2021-05-27,ADA,27,-2.476382684176746e-05,2.4763520220816406e-05,0.01707828980745959,resize,1.7788,-0.012942088432970122,1.3479579673095792
2021-05-27,ADA,27,-8.079698646675995e-05,8.079372247816259e-05,0.0,funding,1.7788,0.0,1.347849060767656
2021-05-27,ADA,27,0.0013402173718267474,0.0,0.0,mark,1.7885,0.0,1.3496566825259702
2021-05-27,ADA,27,-0.02528069510531775,0.0,0.0,mark,1.6077,0.0,1.3159641037730652
2021-05-27,ADA,27,0.0067039202862358436,0.0,0.0,mark,1.6552,0.0,1.3248158598060462
2021-05-28,ADA,27,0.0,0.0,0.0,mark,1.6552,0.0,1.3248158598060462
2021-05-28,ADA,27,-1.4797090518857017e-05,1.4796981042470885e-05,0.010204814512048884,resize,1.6552,0.008167895186044744,1.324796256530884
2021-05-28,ADA,27,-7.985010039240606e-05,7.984691245796542e-05,0.0,funding,1.6552,0.0,1.324690475640164
2021-05-28,ADA,27,-0.030595349611221172,0.0,0.0,mark,1.45,0.0,1.2847748374855092
2021-05-28,ADA,27,0.033937762949556506,0.0,0.0,mark,1.678,0.0,1.3291255465462366
2021-05-28,ADA,27,-0.024399494237287284,0.0,0.0,mark,1.5133,0.0,1.2970879948694742
2021-05-29,ADA,27,0.0,0.0,0.0,mark,1.5133,0.0,1.2970879948694742
2021-05-29,ADA,27,-7.456388458268634e-05,7.456110476530485e-05,0.0,funding,1.5133,0.0,1.296991282555599
2021-05-29,ADA,27,0.007336957129946129,0.0,0.0,mark,1.5624,0.0,1.3065422466559573
2021-05-29,ADA,27,-0.034442151770419156,0.0,0.0,mark,1.335,0.0,1.262308249987495
2021-05-29,ADA,27,0.010408971851433992,0.0,0.0,mark,1.4029,0.0,1.2755162023788256
2021-05-30,ADA,27,9.149789917167286e-05,0.0,0.0,mark,1.4035,0.0,1.2756329147710905
2021-05-30,ADA,27,-0.00031037577612764495,0.0003103276145492375,0.21401904451671547,rotation,1.4035,-0.19452065377512046,1.275237050651609
2021-06-02,ADA,28,-0.00033883343004562853,0.00033877603248201317,0.23363864309104357,entry,1.7362,0.17160733448546617,1.2748050309031154
2021-06-02,ADA,28,-7.678909065830412e-05,7.678614245164412e-05,0.0,funding,1.7362,0.0,1.2747071435424144
2021-06-02,ADA,28,-0.0025476533136618773,0.0,0.0,mark,1.7173,0.0,1.271463764920639
2021-06-02,ADA,28,0.011660498802076489,0.0,0.0,mark,1.8042,0.0,1.286376442287426
2021-06-02,ADA,28,-0.006799973787299358,0.0,0.0,mark,1.7534,0.0,1.2776587896955642
2021-06-03,ADA,28,0.0,0.0,0.0,mark,1.7534,0.0,1.2776587896955642
2021-06-03,ADA,28,-0.000341542006757194,0.0003414836879256657,0.2355059916728729,rotation,1.7534,-0.17160733448546617,1.2772224900601483
2021-06-04,ADA,29,-0.0003753888072504846,0.0003753183576878481,0.25884024668127453,entry,1.8454,0.17914630128646392,1.276743125012777
2021-06-04,ADA,29,-8.50754646143595e-05,8.507184579958633e-05,0.0,funding,1.8454,0.0,1.2766345101185201
2021-06-04,ADA,29,-0.033881170915627874,0.0,0.0,mark,1.608,0.0,1.2341051781931136
2021-06-04,ADA,29,0.034245954595120795,0.0,0.0,mark,1.848,0.0,1.277100290501865
2021-06-04,ADA,29,-0.01987694276620173,0.0,0.0,mark,1.7077,0.0,1.251966064431374
2021-06-05,ADA,29,4.292667221415844e-05,0.0,0.0,mark,1.708,0.0,1.25201980832176
2021-06-05,ADA,29,-0.00035442918468231866,0.00035436638207886535,0.24439060833025197,rotation,1.708,-0.17914630128646392,1.251576134591994
2021-06-11,SOL,30,-0.000346079011820288,0.00034601913338691033,0.2386338850944209,entry,41.091,0.0072684645175134545,1.2511430653025348
2021-06-11,SOL,30,-7.843148981784386e-05,7.842841414895492e-05,0.0,funding,41.091,0.0,1.2510449401360497
2021-06-11,SOL,30,0.0016544563510002904,0.0,0.0,mark,41.376,0.0,1.253116452523541
2021-06-11,SOL,30,-0.03723837832091534,0.0,0.0,mark,35.074,0.0,1.207310589134171
2021-06-11,SOL,30,0.006498904245184571,0.0,0.0,mark,36.157,0.0,1.215182336206638
2021-06-12,SOL,30,-0.00015552791383129696,0.0,0.0,mark,36.131,0.0,1.2149933561291828
2021-06-12,SOL,30,-0.0003134619429289552,0.0003134128188671482,0.21614677163251597,rotation,36.131,-0.0072684645175134545,1.2146125616365335
2021-06-13,BNB,31,-0.00044045907274086865,0.00044036208488379224,0.3036979895750291,entry,343.68,0.001073310617672228,1.2140776923165653
2021-06-13,BNB,31,-9.982651369520992e-05,9.982153119460475e-05,0.0,funding,343.68,0.0,1.213956501222329
2021-06-13,BNB,31,-0.011739318846588442,0.0,0.0,mark,330.48,0.0,1.1997888010690556
2021-06-13,BNB,31,0.033878909204339336,0.0,0.0,mark,369.0,0.0,1.2411327260617897
2021-06-13,BNB,31,-0.0027711420189738675,0.0,0.0,mark,365.8,0.0,1.2376981320852385
2021-06-14,BNB,31,8.671791094150915e-06,0.0,0.0,mark,365.81,0.0,1.2377088651914152
2021-06-14,BNB,31,-0.00046007687027127656,0.00045997105113684177,0.3172214145771322,rotation,365.81,-0.001073310617672228,1.2371395549436917
2021-06-14,SOL,32,-0.0004128250010803865,0.00041273980056427516,0.28464813832018976,entry,38.713,0.009096413896029497,1.236628938210514
2021-06-14,SOL,32,-9.35618872316817e-05,9.355751045488069e-05,0.0,funding,38.713,0.0,1.2365132422856986
2021-06-14,SOL,32,0.013503237857598886,0.0,0.0,mark,40.561,0.0,1.253323415165561
2021-06-14,SOL,32,-0.0289678673438991,0.0,0.0,mark,36.627,0.0,1.2175381228985809
2021-06-14,SOL,32,0.02265544335771156,0.0,0.0,mark,39.694,0.0,1.2454368243177034
2021-06-15,SOL,32,4.3821803286561935e-05,0.0,0.0,mark,39.7,0.0,1.2454914028010795
2021-06-15,SOL,32,-6.809290232793166e-05,6.809058405894692e-05,0.046959023488928914,resize,39.7,0.0014732256936875292,1.2454065965640224
2021-06-15,SOL,32,-0.00011070177477320369,0.0001106956475578161,0.0,funding,39.7,0.0,1.245268735474343
2021-06-15,SOL,32,0.017175333730070196,0.0,0.0,mark,41.741,0.0,1.2668413698769554
2021-06-15,SOL,32,-0.02182046534648243,0.0,0.0,mark,39.154,0.0,1.2394977122583575
2021-06-15,SOL,32,0.003252156405715167,0.0,0.0,mark,39.536,0.0,1.2435353145816292
2021-06-16,SOL,32,-0.0001955115171069862,0.0,0.0,mark,39.513,0.0,1.2432922128710657
2021-06-16,SOL,32,-0.00011036769103251144,0.00011036160074288157,0.0,funding,39.513,0.0,1.243155001152262
2021-06-16,SOL,32,0.018840967208580618,0.0,0.0,mark,41.75,0.0,1.2667992849144591
2021-06-16,SOL,32,-0.0364935328373467,0.0,0.0,mark,37.455,0.0,1.2214026828766245
2021-06-16,SOL,32,0.019478884962304373,0.0,0.0,mark,39.728,0.0,1.2454274736640514
2021-06-17,SOL,32,1.6973368762608518e-05,0.0,0.0,mark,39.73,0.0,1.2454486129432307
2021-06-17,SOL,32,-0.00011078169548351192,0.00011077555941810052,0.0,funding,39.73,0.0,1.2453106476764055
2021-06-17,SOL,32,0.012935875265319835,0.0,0.0,mark,41.264,0.0,1.2615244748070316
2021-06-17,SOL,32,-0.025912298400106944,0.0,0.0,mark,38.211,0.0,1.2292553651396254
2021-06-17,SOL,32,0.009021902368673423,0.0,0.0,mark,39.265,0.0,1.240395765267187
2021-06-18,SOL,32,-5.112840639608682e-05,0.0,0.0,mark,39.259,0.0,1.2403323474296488
2021-06-18,SOL,32,-0.00010991987649622326,0.00010991383552795457,0.0,funding,39.259,0.0,1.2401960177440134
2021-06-18,SOL,32,0.002068839500211948,0.0,0.0,mark,39.502,0.0,1.2427644401643148
2021-06-18,SOL,32,-0.039943998157709125,0.0,0.0,mark,34.898,0.0,1.1941018194932576
2021-06-18,SOL,32,0.016869564568622708,0.0,0.0,mark,36.82,0.0,1.2144166667846936
2021-06-19,SOL,32,-0.00015667474118886762,0.0,0.0,mark,36.802,0.0,1.2142264132720788
2021-06-19,SOL,32,-0.00010525574293677558,0.00010525020374544295,0.0,funding,36.802,0.0,1.214098615694689
2021-06-19,SOL,32,0.004482107572574696,0.0,0.0,mark,37.318,0.0,1.2195525497229829
2021-06-19,SOL,32,-0.021170214296304203,0.0,0.0,mark,34.901,0.0,1.1940057308346368
2021-06-19,SOL,32,0.0025550339400070687,0.0,0.0,mark,35.19,0.0,1.197060356676065
2021-06-20,SOL,32,4.414734069919583e-05,0.0,0.0,mark,35.195,0.0,1.1971132048740136
2021-06-20,SOL,32,-0.00010209844285650606,0.00010209323098781567,0.0,funding,35.195,0.0,1.1969909877190699
2021-06-20,SOL,32,0.006635885486866491,0.0,0.0,mark,35.949,0.0,1.2049604959697164
2021-06-20,SOL,32,-0.04163479486519817,0.0,0.0,mark,31.3,0.0,1.155822241517122
2021-06-20,SOL,32,0.03554623040503715,0.0,0.0,mark,35.257,0.0,1.1976463053736321
2021-06-21,SOL,32,-7.943124272073195e-05,0.0,0.0,mark,35.248,0.0,1.1975511786173247
2021-06-21,SOL,32,-0.00010221480228516337,0.00010220957853016137,0.0,funding,35.248,0.0,1.1974287774160899
2021-06-21,SOL,32,0.002213112794973068,0.0,0.0,mark,35.499,0.0,1.2000817569531088
2021-06-21,SOL,32,-0.08809090082266541,0.0,0.0,mark,25.925,0.0,1.0988880275211579
2021-06-21,SOL,32,0.006375924009468101,0.0,0.0,mark,26.59,0.0,1.1059168378483197
2021-06-22,SOL,32,6.689924573927073e-05,0.0,0.0,mark,26.597,0.0,1.1059908253254478
2021-06-22,SOL,32,-8.351230360896811e-05,8.350881655368491e-05,0.0,funding,26.597,0.0,1.1058984653405057
2021-06-22,SOL,32,0.020958282868463816,0.0,0.0,mark,28.813,0.0,1.1293207866713186
2021-06-22,SOL,32,-0.08417891225739668,0.0,0.0,mark,20.187,0.0,1.0381470755704196
2021-06-22,SOL,32,0.06666495328811993,0.0,0.0,mark,26.958,0.0,1.1097141052323936
2021-06-23,SOL,32,-9.524696384660243e-06,0.0,0.0,mark,26.957,0.0,1.1097035355928038
2021-06-23,SOL,32,-0.0003723690924236837,0.0003722997716577536,0.2567584632122439,rotation,26.957,-0.010569639589717026,1.1092903932198948
2021-07-14,BNB,33,-0.0007247373144569192,0.0007244747558020436,0.499637762622099,entry,308.98,0.0017937839671388976,1.1084867403331533
2021-07-14,BNB,33,-0.0001642845411941039,0.00016427104722792606,0.0,funding,308.98,0.0,1.1083046480554806
2021-07-14,BNB,33,0.0072246902387384715,0.0,0.0,mark,313.46,0.0,1.1163408002282627
2021-07-14,BNB,33,-0.03802474946776596,0.0,0.0,mark,290.24,0.0,1.0746891365112976
2021-07-14,BNB,33,0.031479595599110406,0.0,0.0,mark,309.4,0.0,1.1090580373216787
2021-07-15,BNB,33,-0.00011322399918390765,0.0,0.0,mark,309.33,0.0,1.108932472443979
2021-07-15,BNB,33,-0.00016440453743337332,0.00016439102374789043,0.0,funding,309.33,0.0,1.1087501738995666
2021-07-15,BNB,33,0.023977867964048175,0.0,0.0,mark,324.33,0.0,1.1356569334066502
2021-07-15,BNB,33,-0.03702149166645268,0.0,0.0,mark,301.32,0.0,1.0943819643227841
2021-07-15,BNB,33,0.023952877935736916,0.0,0.0,mark,316.11,0.0,1.1209120291967685
2021-07-16,BNB,33,1.600276888550026e-05,0.0,0.0,mark,316.12,0.0,1.1209299670364399
2021-07-16,BNB,33,-0.0001662152034682322,0.00016620139048661544,0.0,funding,316.12,0.0,1.1207436669172803
2021-07-16,BNB,33,0.011742695980466438,0.0,0.0,mark,323.5,0.0,1.1339817925947653
2021-07-16,BNB,33,-0.035420567326289294,0.0,0.0,mark,301.5,0.0,1.0945185453177095
2021-07-16,BNB,33,0.0022590999716441363,0.0,0.0,mark,302.88,0.0,1.0969939671923612
2021-07-17,BNB,33,9.81060624768479e-05,0.0,0.0,mark,302.94,0.0,1.0971015942303894
2021-07-17,BNB,33,-0.00016274448238960183,0.00016273124022482478,0.0,funding,302.94,0.0,1.0969230615273078
2021-07-17,BNB,33,0.006146105737813583,0.0,0.0,mark,306.71,0.0,1.1036856270834214
2021-07-17,BNB,33,-0.019215315403963783,0.0,0.0,mark,295.0,0.0,1.082680416828225
2021-07-17,BNB,33,0.009103964042641282,0.0,0.0,mark,300.52,0.0,1.0925821043268316
2021-07-18,BNB,33,6.566920920614237e-05,0.0,0.0,mark,300.56,0.0,1.0926538556855172
2021-07-18,BNB,33,-0.0001621231162642111,0.00016210997502195197,0.0,funding,300.56,0.0,1.0924767255962644
2021-07-18,BNB,33,0.014054318122482866,0.0,0.0,mark,309.18,0.0,1.1079391433930017
2021-07-18,BNB,33,-0.017113004188976665,0.0,0.0,mark,298.7,0.0,1.089140287417386
2021-07-18,BNB,33,0.005584086009592344,0.0,0.0,mark,302.1,0.0,1.0952391529056584
2021-07-19,BNB,33,-9.827289888229611e-05,0.0,0.0,mark,302.04,0.0,1.0951315258676302
2021-07-19,BNB,33,-0.00016255286828462272,0.00016253965728300156,0.0,funding,302.04,0.0,1.0949535235647359
2021-07-19,BNB,33,0.003107799757855322,0.0,0.0,mark,303.94,0.0,1.0983617131022998
2021-07-19,BNB,33,-0.04183877029409673,0.0,0.0,mark,278.85,0.0,1.0533556733667848
2021-07-19,BNB,33,0.002873807111466152,0.0,0.0,mark,280.54,0.0,1.0563871682712496
2021-07-20,BNB,33,0.0,0.0,0.0,mark,280.54,0.0,1.0563871682712496
2021-07-20,BNB,33,-0.00015651891258997128,0.00015650666414402365,0.0,funding,280.54,0.0,1.0562218366394989
2021-07-20,BNB,33,0.005183348226962381,0.0,0.0,mark,283.6,0.0,1.0617108155789439
2021-07-20,BNB,33,-0.0503792962851975,0.0,0.0,mark,254.52,0.0,1.0095475778145446
2021-07-20,BNB,33,0.01747251357266926,0.0,0.0,mark,264.44,0.0,1.0273419147685625
2021-07-21,BNB,33,-1.746059030265333e-05,0.0,0.0,mark,264.43,0.0,1.027323976928891
2021-07-21,BNB,33,-0.0006697101151473997,0.0006694859093821068,0.4617144202635219,rotation,264.43,-0.0017937839671388976,1.026636198001967
2021-07-26,BNB,34,-0.0007247373144570303,0.0007244747558020436,0.49963776262209897,entry,302.56,0.0016953536918183532,1.025892425993122
2021-07-26,BNB,34,-0.00016428454119421496,0.00016427104722792606,0.0,funding,302.56,0.0,1.0257239015699608
2021-07-26,BNB,34,0.04118815657371948,0.0,0.0,mark,328.0,0.0,1.0688536994898197
2021-07-26,BNB,34,-0.04376991105372586,0.0,0.0,mark,301.0,0.0,1.0230791498107241
2021-07-26,BNB,34,0.004959010828595309,0.0,0.0,mark,304.0,0.0,1.0281652108861792
2021-07-27,BNB,34,0.0,0.0,0.0,mark,304.0,0.0,1.0281652108861792
2021-07-27,BNB,34,-0.0007271045735793817,0.0007268402971049949,0.5012691704172378,rotation,304.0,-0.0016953536918183532,1.0274178989788256
2021-07-28,ETH,35,-0.0007247373144570303,0.0007244747558020435,0.49963776262209897,entry,2299.47,0.00022324134705983475,1.0266735606473563
2021-07-28,ETH,35,-0.00016428454119421496,0.00016427104722792606,0.0,funding,2299.47,0.0,1.0265049079063875
2021-07-28,ETH,35,0.009853033035005688,0.0,0.0,mark,2345.0,0.0,1.036669086438022
2021-07-28,ETH,35,-0.02217697407358294,0.0,0.0,mark,2243.15,0.0,1.0139319552399777
2021-07-28,ETH,35,0.012634884994415178,0.0,0.0,mark,2300.9,0.0,1.0268241430326832
2021-07-29,ETH,35,0.0,0.0,0.0,mark,2300.9,0.0,1.0268241430326832
2021-07-29,ETH,35,-0.0007256076679493919,0.0007253444783667845,0.5002375712874376,rotation,2300.9,-0.00022324134705983475,1.0260793418102807
2021-07-29,BTC,36,-0.0013643662679071018,0.00136343594339974,0.9403006506205103,entry,40019.57,2.4108781595915996e-05,1.0246803483548765
2021-07-29,BTC,36,-0.00030939798287158343,0.00030935012425156266,0.0,funding,40019.57,0.0,1.0243633633617948
2021-07-29,BTC,36,-0.01947734989318103,0.0,0.0,mark,39200.0,0.0,1.0046045292292298
2021-07-29,BTC,36,0.033973822618918605,0.0,0.0,mark,40640.0,0.0,1.0393211747273488
2021-07-29,BTC,36,-0.014569199696232845,0.0,0.0,mark,40016.48,0.0,1.0242888672266632
2021-07-30,BTC,36,4.730843643386349e-05,0.0,0.0,mark,40018.49,0.0,1.024337325877671
2021-07-30,BTC,36,-0.0003094932540561268,0.0003094453659594568,0.0,funding,40018.49,0.0,1.0240203494389988
2021-07-30,BTC,36,0.05269453273252348,0.0,0.0,mark,42316.71,0.0,1.0794276334783648
2021-07-30,BTC,36,-0.09367006679760699,0.0,0.0,mark,38313.23,0.0,0.9829086085347472
2021-07-30,BTC,36,0.0912026051972774,0.0,0.0,mark,42206.37,0.0,1.0767674705170716
2021-07-31,BTC,36,-2.2389963436288346e-07,0.0,0.0,mark,42206.36,0.0,1.0767672294292556
2021-07-31,BTC,36,-0.0003105201449516593,0.0003104719385612783,0.0,funding,42206.36,0.0,1.0764329234201555
2021-07-31,BTC,36,-0.0273870122763927,0.0,0.0,mark,41000.15,0.0,1.0473526699713458
2021-07-31,BTC,36,0.03278441171663798,0.0,0.0,mark,42448.0,0.0,1.0822585694049927
2021-07-31,BTC,36,-0.022213173914963535,0.0,0.0,mark,41461.83,0.0,1.0584832122585481
2021-08-01,BTC,36,2.2776722933966406e-07,0.0,0.0,mark,41461.84,0.0,1.058483453346364
2021-08-01,BTC,36,-0.000310311709418521,0.0003102635677199173,0.0,funding,41461.84,0.0,1.0581550444937564
2021-08-01,BTC,36,0.025578867415865257,0.0,0.0,mark,42599.0,0.0,1.0855705865733682
2021-08-01,BTC,36,-0.0731685622425018,0.0,0.0,mark,39422.01,0.0,1.008977228530959
2021-08-01,BTC,36,0.010066713979928808,0.0,0.0,mark,39845.44,0.0,1.0191856099221177
2021-08-02,BTC,36,0.00011424686763554094,0.0,0.0,mark,39850.27,0.0,1.0193020553372258
2021-08-02,BTC,36,-2.0429326578059887e-05,2.042911790092196e-05,0.01408904682822204,resize,39850.27,-3.603738290794303e-07,1.0192812318953608
2021-08-02,BTC,36,-0.0003050907266531382,0.0003050441912100539,0.0,funding,39850.27,0.0,1.0189703060763617
2021-08-02,BTC,36,0.014570233813957657,0.0,0.0,mark,40480.01,0.0,1.0339256283834495
2021-08-02,BTC,36,-0.04198416334933845,0.0,0.0,mark,38690.0,0.0,0.9914157409967344
2021-08-02,BTC,36,0.010906938991188508,0.0,0.0,mark,39147.82,0.0,1.0022882370405475
2021-08-03,BTC,36,-2.2746680953871817e-05,0.0,0.0,mark,39146.86,0.0,1.0022654385690914
2021-08-03,BTC,36,-0.0013458879368443007,0.001344982635865285,0.9275742316312309,rotation,39146.86,-2.3748407766836566e-05,1.0009174089576882
2021-08-03,ETH,37,-0.0012405274047878098,0.0012397582687444183,0.8550057025823574,entry,2606.92,0.00032827631552666785,0.9996765133236026
2021-08-03,ETH,37,-0.0002812936106722982,0.00028125405133386407,0.0,funding,2606.92,0.0,0.999395350254207
2021-08-03,ETH,37,0.008347740616560474,0.0,0.0,mark,2632.44,0.0,1.0077729618264475
2021-08-03,ETH,37,-0.06393124916000166,0.0,0.0,mark,2442.32,0.0,0.9453610687185174
2021-08-03,ETH,37,0.022904182817085613,0.0,0.0,mark,2509.04,0.0,0.9672636644904566
2021-08-04,ETH,37,-0.00017989107147345633,0.0,0.0,mark,2508.51,0.0,0.9670896780432275
2021-08-04,ETH,37,-0.00027979530058458657,0.00027975616152991584,0.0,funding,2508.51,0.0,0.966819128747043
2021-08-04,ETH,37,0.0859090036654776,0.0,0.0,mark,2772.71,0.0,1.0535497313091886
2021-08-04,ETH,37,-0.10331862771174126,0.0,0.0,mark,2457.68,0.0,0.9501328436288223
2021-08-04,ETH,37,0.08827144146392199,0.0,0.0,mark,2724.78,0.0,1.0378154475059955
2021-08-05,ETH,37,-7.275503502843967e-05,0.0,0.0,mark,2724.55,0.0,1.0377399439534243
2021-08-05,ETH,37,-0.0012505046663997654,0.0012497231112528825,0.8618780077606086,rotation,2724.55,-0.00032827631552666785,1.0364430563619955
2021-08-05,LINK,38,-0.0007247373144569192,0.0007244747558020435,0.4996377626220989,entry,24.188,0.021409214890272758,1.035692179531835
2021-08-05,LINK,38,-0.00016428454119421496,0.00016427104722792604,0.0,funding,24.188,0.0,1.0355220452928975
2021-08-05,LINK,38,-0.03620834354371324,0.0,0.0,mark,22.468,0.0,0.9986981956816283
2021-08-05,LINK,38,0.03924293064969625,0.0,0.0,mark,24.335,0.0,1.0386691998817676
2021-08-05,LINK,38,-0.005746660724303163,0.0,0.0,mark,24.057,0.0,1.0327174381422717
2021-08-06,LINK,38,-0.00012439344418963005,0.0,0.0,mark,24.051,0.0,1.03258898285293
2021-08-06,LINK,38,-0.00016384492428304733,0.0001638315024365951,0.0,funding,24.051,0.0,1.0324198122484698
2021-08-06,LINK,38,0.007025816429569131,0.0,0.0,mark,24.391,0.0,1.0396989453111625
2021-08-06,LINK,38,-0.029146135279876577,0.0,0.0,mark,22.996,0.0,1.009833090539232
2021-08-06,LINK,38,0.018776087795830683,0.0,0.0,mark,23.89,0.0,1.028972928651136
2021-08-07,LINK,38,-2.0806609213358746e-05,0.0,0.0,mark,23.889,0.0,1.0289515194362457
2021-08-07,LINK,38,-0.00016331658256896173,0.00016330324714192526,0.0,funding,23.889,0.0,1.0287834883119702
2021-08-07,LINK,38,0.026045223346060326,0.0,0.0,mark,25.157,0.0,1.055930372792836
2021-08-07,LINK,38,-0.03153334449584638,0.0,0.0,mark,23.626,0.0,1.0231528647958283
2021-08-07,LINK,38,0.022101580569400706,0.0,0.0,mark,24.694,0.0,1.0460179062986397
2021-08-08,LINK,38,-0.0001228116427378221,0.0,0.0,mark,24.688,0.0,1.045889451009298
2021-08-08,LINK,38,-0.0001660458190329943,0.0001660320341889334,0.0,funding,24.688,0.0,1.04571579985621
2021-08-08,LINK,38,0.005268200557596908,0.0,0.0,mark,24.946,0.0,1.0512393772979005
2021-08-08,LINK,38,-0.04970582563176237,0.0,0.0,mark,22.565,0.0,1.000264036644161
2021-08-08,LINK,38,0.009882262689297545,0.0,0.0,mark,23.029,0.0,1.0101979123532476
2021-08-09,LINK,38,-6.358129010685828e-05,0.0,0.0,mark,23.026,0.0,1.010133684708577
2021-08-09,LINK,38,-0.000707883999890314,0.0007076335091213007,0.488023109738828,rotation,23.026,-0.021409214890272758,1.009418880264585
2021-08-09,ETH,39,-0.0011620745870097875,0.0011613996398086661,0.8009652688335627,entry,3011.84,0.000268443697140883,1.0082465415406296
2021-08-09,ETH,39,-0.00026349149646051026,0.0002634567856249032,0.0,funding,3011.84,0.0,1.007980912147678
2021-08-09,ETH,39,0.04533848421445441,0.0,0.0,mark,3186.0,0.0,1.054733066441734
2021-08-09,ETH,39,-0.07743615264404599,0.0,0.0,mark,2893.23,0.0,0.9761408052297977
2021-08-09,ETH,39,0.07093003227748655,0.0,0.0,mark,3160.52,0.0,1.0478931210385842
2021-08-10,ETH,39,-2.561750197542332e-06,0.0,0.0,mark,3160.51,0.0,1.0478904366016129
2021-08-10,ETH,39,-3.516972313916393e-05,3.516910469177842e-05,0.024254554959847185,resize,3160.51,-8.041776860839573e-06,1.0478535832331426
2021-08-10,ETH,39,-0.00025807611314040843,0.000258042814364802,0.0,funding,3160.51,0.0,1.0475831921454828
2021-08-10,ETH,39,0.017858707333600423,0.0,0.0,mark,3233.0,0.0,1.066459727346583
2021-08-10,ETH,39,-0.04540119314953679,0.0,0.0,mark,3051.22,0.0,1.0191238662780766
2021-08-10,ETH,39,0.022845854423203596,0.0,0.0,mark,3141.66,0.0,1.0426746159482037
2021-08-11,ETH,39,-0.0001298754086982021,0.0,0.0,mark,3141.14,0.0,1.042539206949658
2021-08-11,ETH,39,-0.00025780188020900263,0.0002577686521597249,0.0,funding,3141.14,0.0,1.0422704730234589
2021-08-11,ETH,39,0.03265485713062407,0.0,0.0,mark,3274.0,0.0,1.0768674721518654
2021-08-11,ETH,39,-0.03788268054883545,0.0,0.0,mark,3120.27,0.0,1.0368358849472143
2021-08-11,ETH,39,0.010053085282786981,0.0,0.0,mark,3160.5,0.0,1.0473118542000805
2021-08-12,ETH,39,-2.48641468713512e-05,0.0,0.0,mark,3160.4,0.0,1.0472858140080525
2021-08-12,ETH,39,-0.000258207054792532,0.00025817372221991316,0.0,funding,3160.4,0.0,1.047015432331222
2021-08-12,ETH,39,0.019359891378624778,0.0,0.0,mark,3239.0,0.0,1.0674830232652333
2021-08-12,ETH,39,-0.06544953283357993,0.0,0.0,mark,2979.29,0.0,0.9998540405493032
2021-08-12,ETH,39,0.017214506878879893,0.0,0.0,mark,3045.96,0.0,1.0172150365743737
2021-08-13,ETH,39,3.839850642603193e-05,0.0,0.0,mark,3046.11,0.0,1.0172540968624157
2021-08-13,ETH,39,-0.0011312900121464749,0.0011306503448397635,0.7797588585101817,rotation,3046.11,-0.0002604019202800434,1.0161039381670085
2021-08-13,XRP,40,-0.0008185702944274063,0.0008182353571599753,0.5643002463172242,entry,0.9661,0.5935076105905647,1.0152725259982507
2021-08-13,XRP,40,-0.00018556542312871173,0.0001855482069303822,0.0,funding,0.9661,0.0,1.015084144001506
2021-08-13,XRP,40,-0.009399042394799599,0.0,0.0,mark,0.9501,0.0,1.0055880222320568
2021-08-13,XRP,40,0.08303858598177549,0.0,0.0,mark,1.0968,0.0,1.0926555887056926
2021-08-13,XRP,40,-0.0036459379102749823,0.0,0.0,mark,1.0901,0.0,1.0886790877147359
2021-08-14,XRP,40,0.0,0.0,0.0,mark,1.0901,0.0,1.0886790877147359
2021-08-14,XRP,40,-7.614962352650584e-05,7.614672421756242e-05,0.05251498221900857,resize,1.0901,-0.052446530532561986,1.0885961883684823
2021-08-14,XRP,40,-0.000178022749154789,0.0001780069040455142,0.0,funding,1.0901,0.0,1.0884024107312351
2021-08-14,XRP,40,-0.01049428627629436,0.0,0.0,mark,1.0691,0.0,1.077040128050017
2021-08-14,XRP,40,0.11423750913258222,0.0,0.0,mark,1.31,0.0,1.2073817422359898
2021-08-14,XRP,40,-0.013943908787780299,0.0,0.0,mark,1.2791,0.0,1.1906629548621974
2021-08-15,XRP,40,-0.00013633529830118943,0.0,0.0,mark,1.2788,0.0,1.19050063653818
2021-08-15,XRP,40,-0.00010857784382131766,0.00010857194946064817,0.07487720652458495,resize,1.2788,-0.06970703943518858,1.190371381563237
2021-08-15,XRP,40,-0.00016637747695859433,0.00016636363699377925,0.0,funding,1.2788,0.0,1.190173347050827
2021-08-15,XRP,40,0.02780767348919062,0.0,0.0,mark,1.35,0.0,1.2237337547431713
2021-08-15,XRP,40,-0.04926386444952677,0.0,0.0,mark,1.2252,0.0,1.164908770473444
2021-08-15,XRP,40,0.023473948440337695,0.0,0.0,mark,1.2839,0.0,1.1925772526580032
2021-08-16,XRP,40,-3.952476493344791e-05,0.0,0.0,mark,1.2838,0.0,1.1925301172539409
2021-08-16,XRP,40,-7.637896915842085e-05,7.637605235922656e-05,0.052673139558087285,resize,1.2838,-0.048928419764246,1.1924390365112656
2021-08-16,XRP,40,-0.00014942900566752992,0.00014941784170976856,0.0,funding,1.2838,0.0,1.1922608648440596
2021-08-16,XRP,40,0.015818019589980567,0.0,0.0,mark,1.3288,0.0,1.2112700177826952
2021-08-16,XRP,40,-0.06691709686784328,0.0,0.0,mark,1.1432,0.0,1.1328678225513449
2021-08-16,XRP,40,0.015649794365246508,0.0,0.0,mark,1.1855,0.0,1.1507364263136624
2021-08-17,XRP,40,0.0,0.0,0.0,mark,1.1855,0.0,1.1507364263136624
2021-08-17,XRP,40,-2.4309629978808876e-05,2.4309334502100254e-05,0.016765058277310518,resize,1.1855,0.016273440108791726,1.1507084526769513
2021-08-17,XRP,40,-0.0001484999225797534,0.0001484888970121088,0.0,funding,1.1855,0.0,1.1505375852480308
2021-08-17,XRP,40,0.02351442620394295,0.0,0.0,mark,1.2479,0.0,1.177912406652394
2021-08-17,XRP,40,-0.06258854250000057,0.0,0.0,mark,1.085,0.0,1.1064483296208112
2021-08-17,XRP,40,0.005062275934474345,0.0,0.0,mark,1.0978,0.0,1.1120636776011934
2021-08-18,XRP,40,7.889507848011255e-05,0.0,0.0,mark,1.098,0.0,1.1121514174133869
2021-08-18,XRP,40,-0.0006282167849410778,0.000628019498091885,0.43311689523578273,rotation,1.098,-0.43869906096735983,1.1114529646384208
2021-08-18,SOL,41,-0.0006359176879435458,0.0006357155351437792,0.43842450699570984,entry,64.135,0.007597851688945501,1.1107463967222186
2021-08-18,SOL,41,-0.0001441429211712766,0.00014413253307954318,0.0,funding,64.135,0.0,1.11058630203045
2021-08-18,SOL,41,0.1061222809390775,0.0,0.0,mark,80.5,0.0,1.2349251449200431
2021-08-18,SOL,41,-0.13677805150013744,0.0,0.0,mark,59.722,0.0,1.0770569825271334
2021-08-18,SOL,41,0.08735985889010836,0.0,0.0,mark,72.663,0.0,1.175380781233777
2021-08-19,SOL,41,-2.5856981973496076e-05,0.0,0.0,mark,72.659,0.0,1.1753503898270214
2021-08-19,SOL,41,-3.6711951686248824e-05,3.6711277810797324e-05,0.025318122628136083,resize,72.659,-0.0004095523651669866,1.1753072412123355
2021-08-19,SOL,41,-0.00014601144015388893,0.0001460007810023847,0.0,funding,72.659,0.0,1.1751356454372008
2021-08-19,SOL,41,0.016844232217767506,0.0,0.0,mark,75.436,0.0,1.1950975526593337
2021-08-19,SOL,41,-0.04424729244131078,0.0,0.0,mark,68.24,0.0,1.1433705507254235
2021-08-19,SOL,41,0.028045138562894048,0.0,0.0,mark,72.764,0.0,1.1758904168661974
2021-08-20,SOL,41,0.00022004627415623,0.0,0.0,mark,72.8,0.0,1.1761491956418535
2021-08-20,SOL,41,-0.0001461900727601456,0.00014617938751214818,0.0,funding,72.8,0.0,1.1759772668728117
2021-08-20,SOL,41,0.04306987889759143,0.0,0.0,mark,80.0,0.0,1.227733022004017
2021-08-20,SOL,41,-0.05491881519364194,0.0,0.0,mark,70.873,0.0,1.1621254140758905
2021-08-20,SOL,41,0.04694193499406146,0.0,0.0,mark,78.643,0.0,1.2179784998216496
2021-08-21,SOL,41,0.00024194566702898682,0.0,0.0,mark,78.684,0.0,1.2182732200939246
2021-08-21,SOL,41,-0.0006734139504981178,0.0006731872582124433,0.4642670746292712,rotation,78.684,-0.007188299323778515,1.2174530940851358
2021-08-21,AVAX,42,-0.0005441731604606536,0.0005440251250999087,0.3751897414482128,entry,39.148,0.011667924583506916,1.2167907690133228
2021-08-21,AVAX,42,-0.00012334032567713077,0.00012333271957193953,0.0,funding,39.148,0.0,1.2166406988986305
2021-08-21,AVAX,42,0.10134926296124379,0.0,0.0,mark,50.27,0.0,1.3464113561163944
2021-08-21,AVAX,42,-0.11556674579069795,0.0,0.0,mark,37.676,0.0,1.1994655139117083
2021-08-21,AVAX,42,0.05672584959908582,0.0,0.0,mark,43.676,0.0,1.2694730614127498
2021-08-22,AVAX,42,0.0001562374414511716,0.0,0.0,mark,43.693,0.0,1.2696714161306695
2021-08-22,AVAX,42,-0.00011886873368293281,0.00011886166907502652,0.08197356487932862,resize,43.693,-0.0023820633100408873,1.2695205008669714
2021-08-22,AVAX,42,-0.00010500456018378556,0.00010499904739796556,0.0,funding,43.693,0.0,1.2693872024237283
2021-08-22,AVAX,42,0.009732945386470696,0.0,0.0,mark,45.03,0.0,1.2818023989463523
2021-08-22,AVAX,42,-0.03309049201617645,0.0,0.0,mark,40.537,0.0,1.2400810242446694
2021-08-22,AVAX,42,0.0231380655999251,0.0,0.0,mark,43.663,0.0,1.2691086265855243
2021-08-23,AVAX,42,0.0001390102453805687,0.0,0.0,mark,43.682,0.0,1.2692850579497201
2021-08-23,AVAX,42,-0.0001049975968895889,0.00010499208483479316,0.0,funding,43.682,0.0,1.2691517930652363
2021-08-23,AVAX,42,0.07021072110694312,0.0,0.0,mark,53.623,0.0,1.361462539984762
2021-08-23,AVAX,42,-0.07070837292554678,0.0,0.0,mark,43.614,0.0,1.2685203544986405
2021-08-23,AVAX,42,0.02055478912643584,0.0,0.0,mark,46.451,0.0,1.2948643429314637
2021-08-24,AVAX,42,-0.0003155870131055069,0.0,0.0,mark,46.407,0.0,1.2944557650354311
2021-08-24,AVAX,42,-0.00010937882253883752,0.00010937284089352962,0.0,funding,46.407,0.0,1.2943141867309982
2021-08-24,AVAX,42,0.08634425381224314,0.0,0.0,mark,58.977,0.0,1.411037462938466
2021-08-24,AVAX,42,-0.10266199760283867,0.0,0.0,mark,44.151,0.0,1.273365283698059
2021-08-24,AVAX,42,0.0793393206900497,0.0,0.0,mark,55.474,0.0,1.3785090908975146
2021-08-25,AVAX,42,6.7361398334960375e-06,0.0,0.0,mark,55.475,0.0,1.378518376758788
2021-08-25,AVAX,42,-5.2517500153542326e-05,5.251612113375359e-05,0.036218014575002476,resize,55.475,-0.0008999945680280945,1.3784459823207291
2021-08-25,AVAX,42,-0.00011088444150844598,0.00011087829405602564,0.0,funding,55.475,0.0,1.378293142581761
2021-08-25,AVAX,42,0.012750034583562435,0.0,0.0,mark,57.584,0.0,1.3959789354635297
2021-08-25,AVAX,42,-0.07438893553152776,0.0,0.0,mark,45.65,0.0,1.2959020022008334
2021-08-25,AVAX,42,0.003604351050541461,0.0,0.0,mark,46.208,0.0,1.3005813158224677
2021-08-26,AVAX,42,1.9343163320357053e-05,0.0,0.0,mark,46.211,0.0,1.300606473422584
2021-08-26,AVAX,42,-3.74091615500446e-05,3.740846183596786e-05,0.02579893919721921,resize,46.211,0.0007261099592594609,1.3005578197349592
2021-08-26,AVAX,42,-0.00010637569763953332,0.00010637003994570419,0.0,funding,46.211,0.0,1.3004194793477224
2021-08-26,AVAX,42,-0.03574307624982664,0.0,0.0,mark,41.2,0.0,1.2547593642809238
2021-08-26,AVAX,42,0.05139952742245976,0.0,0.0,mark,48.463,0.0,1.320939650796621
2021-08-26,AVAX,42,-0.05052847510796008,0.0,0.0,mark,41.32,0.0,1.2558528014806873
2021-08-27,AVAX,42,0.0,0.0,0.0,mark,41.32,0.0,1.2558528014806873
2021-08-27,AVAX,42,-2.2731310006783387e-05,2.2731051652559542e-05,0.015676587346592784,resize,41.32,-0.00047646384648778427,1.255824254625789
2021-08-27,AVAX,42,-9.335355739338297e-05,9.334920008571055e-05,0.0,funding,41.32,0.0,1.2557070244361714
2021-08-27,AVAX,42,0.061024225497751015,0.0,0.0,mark,50.47,0.0,1.3347219667227894
2021-08-27,AVAX,42,-0.0680634958097913,0.0,0.0,mark,40.3,0.0,1.2468988013615976
2021-08-27,AVAX,42,0.06592614750259734,0.0,0.0,mark,50.14,0.0,1.3318722474927802
2021-08-28,AVAX,42,-0.00012968320027745807,0.0,0.0,mark,50.12,0.0,1.331699537236416
2021-08-28,AVAX,42,-8.250746672517178e-05,8.250406307780818e-05,0.05689935384676426,resize,50.12,-0.0015118284753947936,1.3315896666137952
2021-08-28,AVAX,42,-8.809585285559978e-05,8.809197252990269e-05,0.0,funding,50.12,0.0,1.3314723642534627
2021-08-28,AVAX,42,0.008895205392469789,0.0,0.0,mark,51.79,0.0,1.3433689171059635
2021-08-28,AVAX,42,-0.030528448571582528,0.0,0.0,mark,46.12,0.0,1.3029776268822035
2021-08-28,AVAX,42,0.022061170062747264,0.0,0.0,mark,50.2,0.0,1.332042259000888
2021-08-29,AVAX,42,0.0,0.0,0.0,mark,50.2,0.0,1.332042259000888
2021-08-29,AVAX,42,-1.644774682605511e-05,1.6447611562614447e-05,0.011343180388009962,resize,50.2,-0.0003009879607230948,1.332020350087227
2021-08-29,AVAX,42,-8.448084876107128e-05,8.447728035454715e-05,0.0,funding,50.2,0.0,1.3319078246306746
2021-08-29,AVAX,42,0.011206469902478942,0.0,0.0,mark,52.4,0.0,1.3469177566712764
2021-08-29,AVAX,42,-0.0295065456649961,0.0,0.0,mark,46.66,0.0,1.30775547943807
2021-08-29,AVAX,42,0.0038012520203907565,0.0,0.0,mark,47.39,0.0,1.312736047796997
2021-08-30,AVAX,42,0.00020787079926488458,0.0,0.0,mark,47.43,0.0,1.3130089556522806
2021-08-30,AVAX,42,-2.420011907653014e-05,2.4199826256081878e-05,0.016689535349021983,resize,47.43,0.00046201790805273403,1.3129771810636812
2021-08-30,AVAX,42,-8.646060408199437e-05,8.645686647162074e-05,0.0,funding,47.43,0.0,1.3128636651708576
2021-08-30,AVAX,42,0.004981421063740689,0.0,0.0,mark,48.33,0.0,1.3194199080319877
2021-08-30,AVAX,42,-0.041311723068909935,0.0,0.0,mark,41.0,0.0,1.2660229522852289
2021-08-30,AVAX,42,0.002528566811980012,0.0,0.0,mark,41.44,0.0,1.2692282265728925
2021-08-31,AVAX,42,-0.00011479625609616594,0.0,0.0,mark,41.42,0.0,1.2690825322870896
2021-08-31,AVAX,42,-7.81161328428949e-05,7.811308185731066e-05,0.0,funding,41.42,0.0,1.2689834003393614
2021-08-31,AVAX,42,0.015945840548448602,0.0,0.0,mark,44.22,0.0,1.2893806003517658
2021-08-31,AVAX,42,-0.034778996062221484,0.0,0.0,mark,38.17,0.0,1.245308078896392
2021-08-31,AVAX,42,0.007750029830209821,0.0,0.0,mark,39.5,0.0,1.254996748902284
2021-09-01,AVAX,42,5.804399797529304e-05,0.0,0.0,mark,39.51,0.0,1.2550695960451854
2021-09-01,AVAX,42,-0.0003325768092044636,0.0003325215116677926,0.22932518046054662,rotation,39.51,-0.0072847142901444565,1.2546522584058601
2021-09-01,SOL,43,-0.0005565283474643608,0.00055637351428797,0.3837058719227379,entry,108.27,0.004446452745649329,1.2539542031196416
2021-09-01,SOL,43,-0.00012614166379624258,0.00012613370827104618,0.0,funding,108.27,0.0,1.253796037226
2021-09-01,SOL,43,0.039803421282261754,0.0,0.0,mark,119.72,0.0,1.3047079211636847
2021-09-01,SOL,43,-0.04827965721401541,0.0,0.0,mark,105.89,0.0,1.2432134796913545
2021-09-01,SOL,43,0.017092209075738607,0.0,0.0,mark,110.71,0.0,1.2646453819253842
2021-09-02,SOL,43,0.0,0.0,0.0,mark,110.71,0.0,1.2646453819253842
2021-09-02,SOL,43,-1.703081002655889e-05,1.703066500320597e-05,0.011745286209107563,resize,110.71,-0.00013416694032824302,1.264623844173537
2021-09-02,SOL,43,-0.00012403692097174638,0.000124029228710959,0.0,funding,110.71,0.0,1.2644669938535347
2021-09-02,SOL,43,0.06996451024677597,0.0,0.0,mark,131.96,0.0,1.356103067216608
2021-09-02,SOL,43,-0.07519601931756092,0.0,0.0,mark,109.18,0.0,1.2578691965713935
2021-09-02,SOL,43,0.06326405109420116,0.0,0.0,mark,128.23,0.0,1.3400182411627601
2021-09-03,SOL,43,-9.654705836354042e-05,0.0,0.0,mark,128.2,0.0,1.3398888725886005
2021-09-03,SOL,43,-4.376115677866691e-05,4.376019927325546e-05,0.030179447774658932,resize,128.2,-0.0003154220456640742,1.339830238784532
2021-09-03,SOL,43,-0.00012565387937360655,0.00012564598525556276,0.0,funding,128.2,0.0,1.3396618944941048
2021-09-03,SOL,43,0.06017905751371555,0.0,0.0,mark,148.99,0.0,1.4227566920573742
2021-09-03,SOL,43,-0.060417764956877305,0.0,0.0,mark,128.12,0.0,1.3393421453933323
2021-09-03,SOL,43,0.0531152369599351,0.0,0.0,mark,146.4,0.0,1.4124048149198625
2021-09-04,SOL,43,-0.00011319955704784257,0.0,0.0,mark,146.36,0.0,1.4122449403694761
2021-09-04,SOL,43,-6.527275326798567e-05,6.527062304823172e-05,0.04501422279188394,resize,146.36,-0.000434347556589932,1.4121527622623216
2021-09-04,SOL,43,-0.0001213151204198825,0.00012130776203833194,0.0,funding,146.36,0.0,1.4119814571710754
2021-09-04,SOL,43,-0.0271863679093831,0.0,0.0,mark,135.73,0.0,1.3741119099324721
2021-09-04,SOL,43,0.03782733270489385,0.0,0.0,mark,150.6,0.0,1.4270865258720795
2021-09-04,SOL,43,-0.02969382406764575,0.0,0.0,mark,138.88,0.0,1.3853338359721334
2021-09-05,SOL,43,0.0,0.0,0.0,mark,138.88,0.0,1.3853338359721334
2021-09-05,SOL,43,-1.6227048956591814e-05,1.6226917298654153e-05,0.01119097744734769,resize,138.88,0.0001116304703010643,1.385311356274546
2021-09-05,SOL,43,-0.00012102249547471202,0.00012101517254800634,0.0,funding,138.88,0.0,1.3851437125817339
2021-09-05,SOL,43,0.01607707710413877,0.0,0.0,mark,144.99,0.0,1.4075927487560134
2021-09-05,SOL,43,-0.027119327304748038,0.0,0.0,mark,134.74,0.0,1.3699327453539898
2021-09-05,SOL,43,0.019284111883260863,0.0,0.0,mark,142.0,0.0,1.3966070502026424
2021-09-06,SOL,43,-5.2616708965306966e-05,0.0,0.0,mark,141.98,0.0,1.396533567269175
2021-09-06,SOL,43,-0.00012272977952412054,0.00012272224853282233,0.0,funding,141.98,0.0,1.396362181529648
2021-09-06,SOL,43,-0.013403437602253557,0.0,0.0,mark,136.92,0.0,1.3777709993624052
2021-09-06,SOL,43,0.07501030239244398,0.0,0.0,mark,166.13,0.0,1.4850928236914887
2021-09-06,SOL,43,-0.004736574640203152,0.0,0.0,mark,164.22,0.0,1.4780752035453555
2021-09-07,SOL,43,-7.457571172246277e-05,0.0,0.0,mark,164.19,0.0,1.4779649791451543
2021-09-07,SOL,43,-0.00013410939136899137,0.00013410039910656562,0.0,funding,164.19,0.0,1.4777667834515855
2021-09-07,SOL,43,0.07491802985711808,0.0,0.0,mark,195.48,0.0,1.5927308328612748
2021-09-07,SOL,43,-0.16917785881654868,0.0,0.0,mark,128.01,0.0,1.344836156809126
2021-09-07,SOL,43,0.11704608406912295,0.0,0.0,mark,173.46,0.0,1.5118261231137082
2021-09-08,SOL,43,7.29054621986933e-05,0.0,0.0,mark,173.49,0.0,1.5119363475139094
2021-09-08,SOL,43,-5.3102983853627136e-05,5.3101573915146634e-05,0.03662177511389423,resize,173.49,-0.00031915264802107914,1.511856061314197
2021-09-08,SOL,43,-0.00012649525706039547,0.0001264872568726474,0.0,funding,173.49,0.0,1.511664830788215
2021-09-08,SOL,43,0.052969586479377176,0.0,0.0,mark,198.0,0.0,1.5938957343494715
2021-09-08,SOL,43,-0.11474041806534335,0.0,0.0,mark,146.5,0.0,1.4211135420440977
2021-09-08,SOL,43,0.09993920385821312,0.0,0.0,mark,191.02,0.0,1.570477876052549
2021-09-09,SOL,43,0.0,0.0,0.0,mark,191.02,0.0,1.570477876052549
2021-09-09,SOL,43,-1.734169405790299e-05,1.7341543691549405e-05,0.01195968530451683,resize,191.02,-9.832698762063906e-05,1.5704506415418449
2021-09-09,SOL,43,-0.0001301509045958206,0.0001301424353342594,0.0,funding,191.02,0.0,1.5702462592707824
2021-09-09,SOL,43,-0.021635901413128288,0.0,0.0,mark,180.7,0.0,1.5366374554414457
2021-09-09,SOL,43,0.07214662543577025,0.0,0.0,mark,216.0,0.0,1.6515978018731885
2021-09-09,SOL,43,-0.05700258351867642,0.0,0.0,mark,187.9,0.0,1.5600854581130759
2021-09-10,SOL,43,-2.0875145092916942e-05,0.0,0.0,mark,187.89,0.0,1.5600528914426985
2021-09-10,SOL,43,-0.0001288714477280371,0.00012886314415968135,0.0,funding,187.89,0.0,1.5598518581220517
2021-09-10,SOL,43,0.019680959923486074,0.0,0.0,mark,197.41,0.0,1.5908553283212072
2021-09-10,SOL,43,-0.06248643394497819,0.0,0.0,mark,167.82,0.0,1.4944905506748822
2021-09-10,SOL,43,0.02534603492726702,0.0,0.0,mark,179.6,0.0,1.5328540883792996
2021-09-11,SOL,43,0.0,0.0,0.0,mark,179.6,0.0,1.5328540883792996
2021-09-11,SOL,43,-0.00012537100849923071,0.00012536314988268954,0.0,funding,179.6,0.0,1.5326619249624698
2021-09-11,SOL,43,0.029128200698753035,0.0,0.0,mark,193.51,0.0,1.5779621634572443
2021-09-11,SOL,43,-0.03865019423905113,0.0,0.0,mark,175.14,0.0,1.5181371899742098
2021-09-11,SOL,43,0.008331372559535644,0.0,0.0,mark,179.04,0.0,1.530838191421343
2021-09-12,SOL,43,2.1273524633176655e-05,0.0,0.0,mark,179.05,0.0,1.5308707580917202
2021-09-12,SOL,43,-0.00012514899122427982,0.000125141160416021,0.0,funding,179.05,0.0,1.5306791831486057
2021-09-12,SOL,43,0.005728072653116201,0.0,0.0,mark,181.75,0.0,1.539472184150467
2021-09-12,SOL,43,-0.024845252183521935,0.0,0.0,mark,170.15,0.0,1.5016948465128406
2021-09-12,SOL,43,0.008938191598110948,0.0,0.0,mark,174.29,0.0,1.5151774480490279
2021-09-13,SOL,43,4.298634521413935e-05,0.0,0.0,mark,174.31,0.0,1.5152425813897825
2021-09-13,SOL,43,-0.00012309240166651737,0.00012308482610775482,0.0,funding,174.31,0.0,1.5150560780201412
2021-09-13,SOL,43,-0.0529898387464361,0.0,0.0,mark,150.3,0.0,1.4368635024443297
2021-09-13,SOL,43,0.054471919514201494,0.0,0.0,mark,175.0,0.0,1.5173031782761723
2021-09-13,SOL,43,-0.011810011069961334,0.0,0.0,mark,169.53,0.0,1.4994892095798087
2021-09-14,SOL,43,2.1718273479123673e-05,0.0,0.0,mark,169.54,0.0,1.499521776250186
2021-09-14,SOL,43,-0.0001209790170941206,0.0001209716994278256,0.0,funding,169.54,0.0,1.499340376552584
2021-09-14,SOL,43,0.0049617027060763685,0.0,0.0,mark,171.83,0.0,1.5067981440689775
2021-09-14,SOL,43,-0.06525906720013479,0.0,0.0,mark,142.6,0.0,1.411605766556234
2021-09-14,SOL,43,0.036870865185906064,0.0,0.0,mark,158.88,0.0,1.4646243059304203
2021-09-15,SOL,43,-0.0003558314821054986,0.0,0.0,mark,158.72,0.0,1.464103239204384
2021-09-15,SOL,43,-0.00011599773832121803,0.00011599101084380827,0.0,funding,158.72,0.0,1.463933416389689
2021-09-15,SOL,43,-0.011252816735890049,0.0,0.0,mark,153.69,0.0,1.4475523811899251
2021-09-15,SOL,43,0.02841214185654928,0.0,0.0,mark,166.5,0.0,1.4892702859432005
2021-09-15,SOL,43,-0.017003615207754456,0.0,0.0,mark,158.79,0.0,1.4641613830823297
2021-09-16,SOL,43,-4.4486072560742395e-05,0.0,0.0,mark,158.77,0.0,1.4640962497415753
2021-09-16,SOL,43,-0.00011603483603691626,0.00011602810425576261,0.0,funding,158.77,0.0,1.4639263734292698
2021-09-16,SOL,43,0.010467435821959102,0.0,0.0,mark,163.5,0.0,1.4793304085177157
2021-09-16,SOL,43,-0.03620077643475205,0.0,0.0,mark,147.35,0.0,1.426735235858434
2021-09-16,SOL,43,0.011212947392197454,0.0,0.0,mark,152.29,0.0,1.4428231710248025
2021-09-17,SOL,43,2.257123637724084e-05,0.0,0.0,mark,152.3,0.0,1.4428557376951798
2021-09-17,SOL,43,-0.00011294471083017697,0.00011293833281641505,0.0,funding,152.3,0.0,1.4426927839736698
2021-09-17,SOL,43,0.0028177178849813442,0.0,0.0,mark,153.55,0.0,1.4467636177708278
2021-09-17,SOL,43,-0.045004770600670554,0.0,0.0,mark,134.0,0.0,1.3830957771832761
2021-09-17,SOL,43,0.03147517823213416,0.0,0.0,mark,147.58,0.0,1.427321315555601
2021-09-18,SOL,43,2.281637532983996e-05,0.0,0.0,mark,147.59,0.0,1.4273538822259784
2021-09-18,SOL,43,-0.0001106403846846918,0.00011063426426303174,0.0,funding,147.59,0.0,1.4271959679793753
2021-09-18,SOL,43,-0.007995584873667961,0.0,0.0,mark,144.1,0.0,1.41583020001771
2021-09-18,SOL,43,0.061053686781648964,0.0,0.0,mark,171.47,0.0,1.5049651768402823
2021-09-18,SOL,43,-0.004880775607221333,0.0,0.0,mark,169.22,0.0,1.4976376760053978
2021-09-19,SOL,43,0.0,0.0,0.0,mark,169.22,0.0,1.4976376760053978
2021-09-19,SOL,43,-0.00012090257955212754,0.00012089527112986282,0.0,funding,169.22,0.0,1.497456618692503
2021-09-19,SOL,43,0.0037770082371191855,0.0,0.0,mark,170.96,0.0,1.503123219338147
2021-09-19,SOL,43,-0.04511450633406234,0.0,0.0,mark,150.6,0.0,1.436817478450037
2021-09-19,SOL,43,0.004883875176343696,0.0,0.0,mark,152.76,0.0,1.443851879251526
2021-09-20,SOL,43,4.510980151478325e-05,0.0,0.0,mark,152.78,0.0,1.4439170125922807
2021-09-20,SOL,43,-0.00011321741553831991,0.00011321100668866499,0.0,funding,152.78,0.0,1.4437535452937102
2021-09-20,SOL,43,0.0014651276489568632,0.0,0.0,mark,153.43,0.0,1.4458703788682326
2021-09-20,SOL,43,-0.05359902977172934,0.0,0.0,mark,130.26,0.0,1.3704134036041111
2021-09-20,SOL,43,0.005947075489133143,0.0,0.0,mark,132.77,0.0,1.3785876378688044
2021-09-21,SOL,43,0.0,0.0,0.0,mark,132.77,0.0,1.3785876378688044
2021-09-21,SOL,43,-0.00010305102894437267,0.00010304571936941037,0.0,funding,132.77,0.0,1.3784455803139464
2021-09-21,SOL,43,0.027657621815229953,0.0,0.0,mark,144.64,0.0,1.417102218051759
2021-09-21,SOL,43,-0.06808408214514447,0.0,0.0,mark,116.0,0.0,1.323831274091274
2021-09-21,SOL,43,0.0201884976006566,0.0,0.0,mark,124.29,0.0,1.3508290438340262
2021-09-22,SOL,43,2.4108363647570745e-05,0.0,0.0,mark,124.3,0.0,1.3508616105044036
2021-09-22,SOL,43,-0.0004346062821238459,0.00043451185449370567,0.2996633479266936,rotation,124.3,-0.0032566670377264257,1.350274645120859
2021-09-22,AVAX,44,-0.00042324729740037806,0.00042315774089832193,0.2918329247574634,entry,59.0,0.006678891506974004,1.3497032659524373
2021-09-22,AVAX,44,-9.592459023351083e-05,9.59199896171075e-05,0.0,funding,59.0,0.0,1.349573802429181
2021-09-22,AVAX,44,0.07478095808964573,0.0,0.0,mark,74.69,0.0,1.454365610173603
2021-09-22,AVAX,44,-0.08113568511778914,0.0,0.0,mark,57.72,0.0,1.3410248213002542
2021-09-22,AVAX,44,0.07828439450452108,0.0,0.0,mark,74.07,0.0,1.4502246974392792
2021-09-23,AVAX,44,-0.00013817209735041673,0.0,0.0,mark,74.04,0.0,1.45002433069407
2021-09-23,AVAX,44,-6.874548435378295e-05,6.87431214370331e-05,0.04740904926691937,resize,74.04,-0.0009284748099960419,1.4499246514954185
2021-09-23,AVAX,44,-9.647888243594133e-05,9.64742284982634e-05,0.0,funding,74.04,0.0,1.449784771133285
2021-09-23,AVAX,44,-0.0050899151758481516,0.0,0.0,mark,72.76,0.0,1.4424242377611531
2021-09-23,AVAX,44,0.0276792694514581,0.0,0.0,mark,79.8,0.0,1.4829071713078779
2021-09-23,AVAX,44,-0.013115033651666677,0.0,0.0,mark,76.44,0.0,1.4635857712060318
2021-09-24,AVAX,44,-3.929069125816344e-05,0.0,0.0,mark,76.43,0.0,1.4635282670390621
2021-09-24,AVAX,44,-4.72801554612873e-05,4.727903777239659e-05,0.03260623294648041,resize,76.43,-0.0006243640402830621,1.4634590728308439
2021-09-24,AVAX,44,-8.79582261620861e-05,8.795435795070328e-05,0.0,funding,76.43,0.0,1.463330355227706
2021-09-24,AVAX,44,0.008476275328224498,0.0,0.0,mark,78.86,0.0,1.4757866631834744
2021-09-24,AVAX,44,-0.04355392853292688,0.0,0.0,mark,66.59,0.0,1.412889997085828
2021-09-24,AVAX,44,0.020540115323769138,0.0,0.0,mark,72.31,0.0,1.4422110182821228
2021-09-25,AVAX,44,-3.554364577413645e-05,0.0,0.0,mark,72.3,0.0,1.4421597577555558
2021-09-25,AVAX,44,-8.443399599400985e-05,8.443043154462015e-05,0.0,funding,72.3,0.0,1.4420379955848524
2021-09-25,AVAX,44,0.0010658501417482574,0.0,0.0,mark,72.6,0.0,1.4435758113818609
2021-09-25,AVAX,44,-0.018275789026847292,0.0,0.0,mark,67.5,0.0,1.4174329428327168
2021-09-25,AVAX,44,0.002816847460684126,0.0,0.0,mark,68.28,0.0,1.421431263904939
2021-09-26,AVAX,44,0.0,0.0,0.0,mark,68.28,0.0,1.421431263904939
2021-09-26,AVAX,44,-8.090200802670844e-05,8.089873554748845e-05,0.0,funding,68.28,0.0,1.4213162719130212
2021-09-26,AVAX,44,0.011332254672775164,0.0,0.0,mark,71.44,0.0,1.4375145983081772
2021-09-26,AVAX,44,-0.035755939914258836,0.0,0.0,mark,61.59,0.0,1.3870229796397324
2021-09-26,AVAX,44,0.018962907061186845,0.0,0.0,mark,66.77,0.0,1.4135759324014119
2021-09-27,AVAX,44,0.0,0.0,0.0,mark,66.77,0.0,1.4135759324014119
2021-09-27,AVAX,44,-7.955245617858698e-05,7.954929196594608e-05,0.0,funding,66.77,0.0,1.4134634834368494
2021-09-27,AVAX,44,0.02124219191213487,0.0,0.0,mark,72.69,0.0,1.443809715164483
2021-09-27,AVAX,44,-0.026551080683630417,0.0,0.0,mark,65.31,0.0,1.4059794465580748
2021-09-27,AVAX,44,0.003711914648780808,0.0,0.0,mark,66.33,0.0,1.4112080202679036
2021-09-28,AVAX,44,3.632320314449569e-05,0.0,0.0,mark,66.34,0.0,1.4112592807944706
2021-09-28,AVAX,44,-7.916987006379293e-05,7.916673621236099e-05,0.0,funding,66.34,0.0,1.4111475560032607
2021-09-28,AVAX,44,0.011197948256042877,0.0,0.0,mark,69.44,0.0,1.4270383192390148
2021-09-28,AVAX,44,-0.03037892695809279,0.0,0.0,mark,61.11,0.0,1.3843383006087464
2021-09-28,AVAX,44,0.0014800602300338518,0.0,0.0,mark,61.51,0.0,1.3863887216714244
2021-09-29,AVAX,44,0.0,0.0,0.0,mark,61.51,0.0,1.3863887216714244
2021-09-29,AVAX,44,-7.472243579108118e-05,7.471964413944952e-05,0.0,funding,61.51,0.0,1.3862851311995021
2021-09-29,AVAX,44,0.029116513224665137,0.0,0.0,mark,69.5,0.0,1.4272422919264944
2021-09-29,AVAX,44,-0.030041363264829653,0.0,0.0,mark,61.26,0.0,1.3850036180353285
2021-09-29,AVAX,44,0.015425087097612429,0.0,0.0,mark,65.46,0.0,1.406533039193447
2021-09-30,AVAX,44,0.0,0.0,0.0,mark,65.46,0.0,1.406533039193447
2021-09-30,AVAX,44,-7.83821492561837e-05,7.83790774556793e-05,0.0,funding,65.46,0.0,1.406422796431424
2021-09-30,AVAX,44,-0.004310074309193054,0.0,0.0,mark,64.28,0.0,1.400374054296524
2021-09-30,AVAX,44,0.01680604419722733,0.0,0.0,mark,68.91,0.0,1.4241076780970212
2021-09-30,AVAX,44,-0.008240684652348566,0.0,0.0,mark,66.63,0.0,1.4124202780397568
2021-10-01,AVAX,44,3.629202808500207e-05,0.0,0.0,mark,66.64,0.0,1.4124715385663238
2021-10-01,AVAX,44,-7.945964524334318e-05,7.945648840942557e-05,0.0,funding,66.64,0.0,1.4123593085378912
2021-10-01,AVAX,44,0.01061398235535271,0.0,0.0,mark,69.58,0.0,1.4274299033485742
2021-10-01,AVAX,44,-0.02347186900657383,0.0,0.0,mark,63.12,0.0,1.394315603186325
2021-10-01,AVAX,44,0.01658922463822424,0.0,0.0,mark,67.67,0.0,1.417639142774287
2021-10-02,AVAX,44,-3.6159733326606806e-05,0.0,0.0,mark,67.66,0.0,1.41758788224772
2021-10-02,AVAX,44,-8.038472697985177e-05,8.03814962143352e-05,0.0,funding,67.66,0.0,1.4174739344127296
2021-10-02,AVAX,44,0.020580652032344153,0.0,0.0,mark,73.41,0.0,1.4469487371887253
2021-10-02,AVAX,44,-0.027329748710481706,0.0,0.0,mark,65.8,0.0,1.4079394764712772
2021-10-02,AVAX,44,0.011871144308926142,0.0,0.0,mark,69.08,0.0,1.4247529291852363
2021-10-03,AVAX,44,3.597789020105267e-05,0.0,0.0,mark,69.09,0.0,1.4248041897118033
2021-10-03,AVAX,44,-0.00011795169558359303,0.00011794473955577027,0.08134119969363467,resize,69.09,0.0016774537866503852,1.4246361415527298
2021-10-03,AVAX,44,-0.00010840731721148473,0.0001084014413505389,0.0,funding,69.09,0.0,1.4244817089415853
2021-10-03,AVAX,44,-0.007382419671173883,0.0,0.0,mark,67.55,0.0,1.4140043090188334
2021-10-03,AVAX,44,0.019346406528336663,0.0,0.0,mark,71.61,0.0,1.4416265451788153
2021-10-03,AVAX,44,-0.013876265146927079,0.0,0.0,mark,68.69,0.0,1.421760306364247
2021-10-04,AVAX,44,0.0,0.0,0.0,mark,68.69,0.0,1.421760306364247
2021-10-04,AVAX,44,-0.00010799767457637131,0.00010799184303745383,0.0,funding,68.69,0.0,1.4216067678484052
2021-10-04,AVAX,44,0.00033494895163609545,0.0,0.0,mark,68.76,0.0,1.4220830132994395
2021-10-04,AVAX,44,-0.026468873565008898,0.0,0.0,mark,63.3,0.0,1.3849358681187742
2021-10-04,AVAX,44,0.009728413082111427,0.0,0.0,mark,65.29,0.0,1.3984748459410314
2021-10-05,AVAX,44,-0.000145959070881716,0.0,0.0,mark,65.26,0.0,1.398270740747731
2021-10-05,AVAX,44,-0.00010432833483250017,0.00010432289282105017,0.0,funding,65.26,0.0,1.3981248690991093
2021-10-05,AVAX,44,-0.012535626333839409,0.0,0.0,mark,62.7,0.0,1.3807078926041454
2021-10-05,AVAX,44,0.01990497679790371,0.0,0.0,mark,66.78,0.0,1.408466198892994
2021-10-05,AVAX,44,-0.010586187908048106,0.0,0.0,mark,64.6,0.0,1.3936345548465012
2021-10-06,AVAX,44,0.0,0.0,0.0,mark,64.6,0.0,1.3936345548465012
2021-10-06,AVAX,44,-0.00010361674223800704,0.00010361137420880286,0.0,funding,64.6,0.0,1.3934901584551287
2021-10-06,AVAX,44,0.00564754834223678,0.0,0.0,mark,65.76,0.0,1.4013822259294093
2021-10-06,AVAX,44,-0.03759480358475857,0.0,0.0,mark,58.16,0.0,1.349675576959985
2021-10-06,AVAX,44,0.009282350083284137,0.0,0.0,mark,60.01,0.0,1.362262063880174
2021-10-07,AVAX,44,-4.994396102036904e-05,0.0,0.0,mark,60.0,0.0,1.3621940288157404
2021-10-07,AVAX,44,-9.845946691474785e-05,9.84546199406178e-05,0.0,funding,60.0,0.0,1.362059914520348
2021-10-07,AVAX,44,0.011373652962440067,0.0,0.0,mark,62.29,0.0,1.3776399442756087
2021-10-07,AVAX,44,-0.0244963632252943,0.0,0.0,mark,57.39,0.0,1.3443027627032167
2021-10-07,AVAX,44,0.02068645207200755,0.0,0.0,mark,61.52,0.0,1.3724012443142328
2021-10-08,AVAX,44,4.957251269968087e-05,0.0,0.0,mark,61.53,0.0,1.3724692793786664
2021-10-08,AVAX,44,-0.0004423653893248481,0.00044226756018203703,0.30501211047037036,rotation,61.53,-0.006803506443345285,1.3718622807390508
2021-10-08,BTC,45,-0.0009811830004522173,0.0009807017978075558,0.6763460674534867,entry,53785.22,1.725108977272247e-05,1.3705168929339857
2021-10-08,BTC,45,-0.0002224510278334204,0.00022242628743811776,0.0,funding,53785.22,0.0,1.3702120539496192
2021-10-08,BTC,45,0.02872669200360859,0.0,0.0,mark,56100.0,0.0,1.4101445315337218
2021-10-08,BTC,45,-0.030839146245321702,0.0,0.0,mark,53617.61,0.0,1.3673205987928132
2021-10-08,BTC,45,0.004202866265172528,0.0,0.0,mark,53951.43,0.0,1.3730793575807434
2021-10-09,BTC,45,5.326907878737696e-05,0.0,0.0,mark,53955.67,0.0,1.3731525022013797
2021-10-09,BTC,45,-0.0002227277027099408,0.00022270290073648016,0.0,funding,53955.67,0.0,1.3728466971559858
2021-10-09,BTC,45,0.01908443912082849,0.0,0.0,mark,55489.0,0.0,1.3992983106371943
2021-10-09,BTC,45,-0.022785662399061237,0.0,0.0,mark,53661.67,0.0,1.3677748767628053
2021-10-09,BTC,45,0.016115010963629946,0.0,0.0,mark,54949.72,0.0,1.3899951429445605
2021-10-10,BTC,45,0.0,0.0,0.0,mark,54949.72,0.0,1.3899951429445605
2021-10-10,BTC,45,-1.7562781434720133e-05,1.756262720992325e-05,0.012112156696498793,resize,54949.72,-3.06386255993966e-07,1.3899707309780414
2021-10-10,BTC,45,-0.0002201063737740519,0.00022008215214330858,0.0,funding,54949.72,0.0,1.3896648232281514
2021-10-10,BTC,45,-0.010661453463060057,0.0,0.0,mark,54080.0,0.0,1.3749276756855824
2021-10-10,BTC,45,0.030121591029796366,0.0,0.0,mark,56561.31,0.0,1.4169727379686758
2021-10-10,BTC,45,-0.02301129327625488,0.0,0.0,mark,54659.0,0.0,1.384738659021768
2021-10-11,BTC,45,1.2236751240779062e-07,0.0,0.0,mark,54659.01,0.0,1.3847388284688034
2021-10-11,BTC,45,-0.00021976908924597547,0.00021974494178863537,0.0,funding,54659.01,0.0,1.384434539115549
2021-10-11,BTC,45,-0.002990277822943706,0.0,0.0,mark,54415.06,0.0,1.380300878692643
2021-10-11,BTC,45,0.04117370941456912,0.0,0.0,mark,57839.04,0.0,1.438319204639851
2021-10-11,BTC,45,-0.0043411304568503626,0.0,0.0,mark,57471.35,0.0,1.4320888066037851
2021-10-12,BTC,45,0.0,0.0,0.0,mark,57471.35,0.0,1.4320888066037851
2021-10-12,BTC,45,-0.00022343693338918352,0.0002234119732165493,0.0,funding,57471.35,0.0,1.4317688608176804
2021-10-12,BTC,45,0.002466288017267205,0.0,0.0,mark,57680.0,0.0,1.4353043732064459
2021-10-12,BTC,45,-0.04591125842430575,0.0,0.0,mark,53879.0,0.0,1.3708975551393607
2021-10-12,BTC,45,0.025841462467116723,0.0,0.0,mark,55996.93,0.0,1.4067852510585455
2021-10-13,BTC,45,-2.40899676024566e-07,0.0,0.0,mark,55996.91,0.0,1.406784912164475
2021-10-13,BTC,45,-0.00022162027012202288,0.00022159571416411125,0.0,funding,55996.91,0.0,1.4064731746571888
2021-10-13,BTC,45,0.02121918244445712,0.0,0.0,mark,57777.0,0.0,1.4366362719402819
2021-10-13,BTC,45,-0.043509613695628044,0.0,0.0,mark,54167.19,0.0,1.3754691117385602
2021-10-13,BTC,45,0.03866205347535241,0.0,0.0,mark,57367.0,0.0,1.4296889434984232
2021-10-14,BTC,45,4.539221054935846e-05,0.0,0.0,mark,57370.83,0.0,1.4297538417128923
2021-10-14,BTC,45,-0.0002234103910107234,0.0002233854367676036,0.0,funding,57370.83,0.0,1.429434455526491
2021-10-14,BTC,45,0.013677103254454558,0.0,0.0,mark,58532.54,0.0,1.4491192870489098
2021-10-14,BTC,45,-0.020251393239570672,0.0,0.0,mark,56818.05,0.0,1.4200677623165139
2021-10-14,BTC,45,0.00630291210327631,0.0,0.0,mark,57347.94,0.0,1.429046591262993
2021-10-15,BTC,45,0.0,0.0,0.0,mark,57347.94,0.0,1.429046591262993
2021-10-15,BTC,45,-0.000223431780475291,0.00022340682145397247,0.0,funding,57347.94,0.0,1.4287273325063294
2021-10-15,BTC,45,-0.005923074300330745,0.0,0.0,mark,56850.0,0.0,1.4202898868372096
2021-10-15,BTC,45,0.07006039114125176,0.0,0.0,mark,62933.0,0.0,1.523364518329469
2021-10-15,BTC,45,-0.014120928802167896,0.0,0.0,mark,61672.42,0.0,1.5020043639703513
2021-10-16,BTC,45,0.0,0.0,0.0,mark,61672.42,0.0,1.5020043639703513
2021-10-16,BTC,45,-0.00022860958359036996,0.00022858345441077152,0.0,funding,61672.42,0.0,1.501661030624295
2021-10-16,BTC,45,0.007934920489674119,0.0,0.0,mark,62378.42,0.0,1.5136239913071052
2021-10-16,BTC,45,-0.02526313778883997,0.0,0.0,mark,60150.0,0.0,1.4758640750963572
2021-10-16,BTC,45,0.008295914173993632,0.0,0.0,mark,60875.57,0.0,1.4881586436269898
2021-10-17,BTC,45,0.0,0.0,0.0,mark,60875.57,0.0,1.4881586436269898
2021-10-17,BTC,45,-0.0002277551787033617,0.00022772924446158298,0.0,funding,60875.57,0.0,1.4878197463834377
2021-10-17,BTC,45,0.009553058058082618,0.0,0.0,mark,61718.39,0.0,1.5021010814014069
2021-10-17,BTC,45,-0.03157595415916549,0.0,0.0,mark,58963.0,0.0,1.4554118147784483
2021-10-17,BTC,45,0.029429648743359304,0.0,0.0,mark,61528.33,0.0,1.4988805710510174
2021-10-18,BTC,45,-1.1304906350555586e-07,0.0,0.0,mark,61528.32,0.0,1.498880401603982
2021-10-18,BTC,45,-0.00022855077589050365,0.00022852466015154432,0.0,funding,61528.32,0.0,1.4985378704695977
2021-10-18,BTC,45,0.013114669019262306,0.0,0.0,mark,62695.78,0.0,1.5183201340372376
2021-10-18,BTC,45,-0.03233861558910041,0.0,0.0,mark,59844.45,0.0,1.4700051925588842
2021-10-18,BTC,45,0.02465396040143008,0.0,0.0,mark,62009.84,0.0,1.506697084106973
2021-10-19,BTC,45,-4.76852691025227e-05,0.0,0.0,mark,62005.6,0.0,1.506625238564062
2021-10-19,BTC,45,-0.0010116896794958514,0.0010111780940285041,0.6973642027782786,rotation,62005.6,-1.6944703516728504e-05,1.5051017721269155
2021-10-19,DOT,46,-0.0007693749450555498,0.0007690790520415325,0.5303993462355396,entry,41.16,0.019395165110643056,1.503944229882782
2021-10-19,DOT,46,-0.0001744078419951979,0.0001743926338317492,0.0,funding,41.16,0.0,1.5036819530873968
2021-10-19,DOT,46,-0.014944328739338143,0.0,0.0,mark,40.01,0.0,1.4813775132101574
2021-10-19,DOT,46,0.021244679831424078,0.0,0.0,mark,41.65,0.0,1.513185583991612
2021-10-19,DOT,46,-0.003981321286350445,0.0,0.0,mark,41.34,0.0,1.5071730828073127
2021-10-20,DOT,46,0.00012867743923084427,0.0,0.0,mark,41.35,0.0,1.5073670344584191
2021-10-20,DOT,46,-0.00017481510818676877,0.00017479982891616325,0.0,funding,41.35,0.0,1.507103546958682
2021-10-20,DOT,46,0.048603166536397395,0.0,0.0,mark,45.22,0.0,1.5821628359368705
2021-10-20,DOT,46,-0.05208389194871886,0.0,0.0,mark,41.08,0.0,1.5018668523788081
2021-10-20,DOT,46,0.04222857521463908,0.0,0.0,mark,44.42,0.0,1.566646703848356
2021-10-21,DOT,46,-0.00012380816764685196,0.0,0.0,mark,44.41,0.0,1.5664527521972496
2021-10-21,DOT,46,-0.00018067048363324485,0.000180654163704346,0.0,funding,44.41,0.0,1.566169765985319
2021-10-21,DOT,46,0.013774572336197275,0.0,0.0,mark,45.53,0.0,1.5878923509092393
2021-10-21,DOT,46,-0.04522349728576534,0.0,0.0,mark,41.91,0.0,1.5176818532087113
2021-10-21,DOT,46,0.011814833448815187,0.0,0.0,mark,42.84,0.0,1.5357193567616094
2021-10-22,DOT,46,-0.0001263016570819148,0.0,0.0,mark,42.83,0.0,1.535525405110503
2021-10-22,DOT,46,-0.0001777518659735226,0.0001777360690465762,0.0,funding,42.83,0.0,1.5352524868610775
2021-10-22,DOT,46,0.04399221818205424,0.0,0.0,mark,46.39,0.0,1.604299274654967
2021-10-22,DOT,46,-0.04588899723923506,0.0,0.0,mark,42.68,0.0,1.532343212094481
2021-10-22,DOT,46,0.010450671911190814,0.0,0.0,mark,43.51,0.0,1.5484411991363147
2021-10-23,DOT,46,-0.00012526390994976714,0.0,0.0,mark,43.5,0.0,1.5482472474852083
2021-10-23,DOT,46,-0.00017904917421418274,0.00017903314586744962,0.0,funding,43.5,0.0,1.5479700599099104
2021-10-23,DOT,46,0.01603372035336786,0.0,0.0,mark,44.79,0.0,1.57298982290264
2021-10-23,DOT,46,-0.02130997119610132,0.0,0.0,mark,43.08,0.0,1.5398240905634404
2021-10-23,DOT,46,0.010898653913491624,0.0,0.0,mark,43.95,0.0,1.5566978842097
2021-10-24,DOT,46,-0.00012459947203729172,0.0,0.0,mark,43.94,0.0,1.5565039325585934
2021-10-24,DOT,46,-0.00017990092536076244,0.00017988474415960037,0.0,funding,43.94,0.0,1.5562239412469017
2021-10-24,DOT,46,0.0028623815130347455,0.0,0.0,mark,44.17,0.0,1.5606848292223496
2021-10-24,DOT,46,-0.036704746227078415,0.0,0.0,mark,41.27,0.0,1.5044388504014847
2021-10-24,DOT,46,0.013318551176924905,0.0,0.0,mark,42.31,0.0,1.5246098221165534
2021-10-25,DOT,46,-0.00012722205118830118,0.0,0.0,mark,42.3,0.0,1.524415870465447
2021-10-25,DOT,46,-0.00017683157142531187,0.00017681593764454638,0.0,funding,42.3,0.0,1.5241463294439503
2021-10-25,DOT,46,0.03131760525983162,0.0,0.0,mark,44.8,0.0,1.572634242220558
2021-10-25,DOT,46,-0.03373833310519302,0.0,0.0,mark,42.11,0.0,1.520461248072928
2021-10-25,DOT,46,0.030650341305074894,0.0,0.0,mark,44.55,0.0,1.567785450942897
2021-10-26,DOT,46,0.0,0.0,0.0,mark,44.55,0.0,1.567785450942897
2021-10-26,DOT,46,-0.00018108601127432672,0.00018106961619226836,0.0,funding,44.55,0.0,1.567501572633023
2021-10-26,DOT,46,0.017782237741128887,0.0,0.0,mark,46.0,0.0,1.5956245620434555
2021-10-26,DOT,46,-0.03324404817686764,0.0,0.0,mark,43.31,0.0,1.5434515678958256
2021-10-26,DOT,46,0.020152644740901553,0.0,0.0,mark,44.93,0.0,1.5748717353750674
2021-10-27,DOT,46,0.0,0.0,0.0,mark,44.93,0.0,1.5748717353750674
2021-10-27,DOT,46,-0.00018180893012281318,0.00018179240388082785,0.0,funding,44.93,0.0,1.5745854356564897
2021-10-27,DOT,46,0.01029364963502393,0.0,0.0,mark,45.77,0.0,1.59087737434943
2021-10-27,DOT,46,-0.09013680017401096,0.0,0.0,mark,38.7,0.0,1.4537535570171836
2021-10-27,DOT,46,0.02294875608604116,0.0,0.0,mark,40.44,0.0,1.4875011443097024
2021-10-28,DOT,46,-0.00013039606550182818,0.0,0.0,mark,40.43,0.0,1.487307192658596
2021-10-28,DOT,46,-0.0001732308282023757,0.00017321582460872714,0.0,funding,40.43,0.0,1.487049567516773
2021-10-28,DOT,46,0.03448345804039543,0.0,0.0,mark,43.12,0.0,1.5392225616644029
2021-10-28,DOT,46,-0.04260281487703009,0.0,0.0,mark,39.81,0.0,1.4750245651481744
2021-10-28,DOT,46,0.02608635448195227,0.0,0.0,mark,41.82,0.0,1.5140088470205668
2021-10-29,DOT,46,0.0,0.0,0.0,mark,41.82,0.0,1.5140088470205668
2021-10-29,DOT,46,-3.814938121807258e-05,3.8148653539678566e-05,0.026309416234261078,resize,41.82,-0.0009524794102969344,1.5139510896216057
2021-10-29,DOT,46,-0.0001673877676249074,0.0001673737590741311,0.0,funding,41.82,0.0,1.5136976939366813
2021-10-29,DOT,46,0.030359621320832118,0.0,0.0,mark,44.35,0.0,1.560357688758557
2021-10-29,DOT,46,-0.0335324538791009,0.0,0.0,mark,41.56,0.0,1.5089025956545914
2021-10-29,DOT,46,0.031757951728199445,0.0,0.0,mark,44.2,0.0,1.5575912859035053
2021-10-30,DOT,46,-0.00011841217788077866,0.0,0.0,mark,44.19,0.0,1.5574068590465018
2021-10-30,DOT,46,-0.0007590648905789052,0.0007587768737040367,0.5232943956579563,rotation,44.19,-0.01844268570034612,1.5562251347389093
2021-10-30,SOL,47,-0.0008599461965670375,0.0008595765488032363,0.5928114129677491,entry,200.36,0.004604452091338084,1.5548874401084296
2021-10-30,SOL,47,-0.0001949500629314964,0.00019493106140277256,0.0,funding,200.36,0.0,1.5545843442493674
2021-10-30,SOL,47,0.0007697857179005257,0.0,0.0,mark,200.62,0.0,1.5557815017931154
2021-10-30,SOL,47,-0.040219612920997086,0.0,0.0,mark,187.3,0.0,1.494450199936492
2021-10-30,SOL,47,0.02555145032072024,0.0,0.0,mark,195.7,0.0,1.533127597503732
2021-10-31,SOL,47,-3.0033516082621125e-05,0.0,0.0,mark,195.69,0.0,1.5330815529828186
2021-10-31,SOL,47,-0.0008525786598853196,0.0008522153179661079,0.5877347020455915,rotation,195.69,-0.004604452091338084,1.5317750373996752
2021-10-31,DOT,48,-0.0007624017964101415,0.0007621112420049589,0.52559396000342,entry,42.73,0.018841369242716642,1.5306076544234504
2021-10-31,DOT,48,-0.00017282637561327996,0.00017281144199556087,0.0,funding,42.73,0.0,1.53034314790756
2021-10-31,DOT,48,0.00772654447382947,0.0,0.0,mark,43.36,0.0,1.5422132105304716
2021-10-31,DOT,48,-0.02913037865843112,0.0,0.0,mark,41.01,0.0,1.4979359928100875
2021-10-31,DOT,48,0.021896187323711562,0.0,0.0,mark,42.77,0.0,1.5310968026772689
2021-11-01,DOT,48,0.0001230504172849039,0.0,0.0,mark,42.78,0.0,1.531285216369696
2021-11-01,DOT,48,-0.0007635385049105057,0.0007632470835614642,0.5263772990079063,rotation,42.78,-0.018841369242716642,1.530116467394201
2021-11-01,BNB,49,-0.0011064123042679125,0.001105800455847379,0.7626210040326752,entry,524.6,0.00222435942937685,1.5284244639070568
2021-11-01,BNB,49,-0.0002508619336131563,0.000250830470389417,0.0,funding,524.6,0.0,1.5280410884798203
2021-11-01,BNB,49,0.03897109704158267,0.0,0.0,mark,551.9,0.0,1.5887661009018081
2021-11-01,BNB,49,-0.0589671228083543,0.0,0.0,mark,511.0,0.0,1.497789800240295
2021-11-01,BNB,49,0.05812673696964253,0.0,0.0,mark,551.3,0.0,1.587431485244182
2021-11-02,BNB,49,0.0,0.0,0.0,mark,551.3,0.0,1.587431485244182
2021-11-02,BNB,49,-0.0011207514656003496,0.0011201236582370666,0.7724990746462528,rotation,551.3,-0.00222435942937685,1.5856533656817295
2021-11-02,SOL,50,-0.0009073533757719109,0.0009069418551718323,0.6254771414978153,entry,203.91,0.004863861186665677,1.5842152702765986
2021-11-02,SOL,50,-0.00020570326728451769,0.00020568211181801952,0.0,funding,203.91,0.0,1.5838894255342337
2021-11-02,SOL,50,0.054703092981263336,0.0,0.0,mark,222.22,0.0,1.6729467238620823
2021-11-02,SOL,50,-0.06377234598939267,0.0,0.0,mark,200.97,0.0,1.5695896736454367
2021-11-02,SOL,50,0.05969373340274645,0.0,0.0,mark,220.82,0.0,1.6661373182007504
2021-11-03,SOL,50,-2.9192865011073178e-05,0.0,0.0,mark,220.81,0.0,1.6660886795888838
2021-11-03,SOL,50,-0.0009351318385130707,0.0009346947389945404,0.644617061375545,rotation,220.81,-0.004863861186665677,1.6645313952653737
2021-11-03,DOT,51,-0.0006677151076423513,0.0006674922355177343,0.46033947277085124,entry,51.66,0.014832549456194184,1.6634203334832587
2021-11-03,DOT,51,-0.00015135336744045687,0.0001513419140974066,0.0,funding,51.66,0.0,1.6631685882660407
2021-11-03,DOT,51,0.02536024665773622,0.0,0.0,mark,54.54,0.0,1.70588633069988
2021-11-03,DOT,51,-0.048729453448181456,0.0,0.0,mark,49.07,0.0,1.6247522851744978
2021-11-03,DOT,51,0.03824073160654969,0.0,0.0,mark,53.34,0.0,1.688087271352447
2021-11-04,DOT,51,8.786215089467777e-05,0.0,0.0,mark,53.35,0.0,1.688235596847009
2021-11-04,DOT,51,-0.00013060136324485097,0.00013059283525810708,0.09006402431593591,resize,53.35,0.002850033586606515,1.6880151253738331
2021-11-04,DOT,51,-0.000183626218666271,0.00018360936040406236,0.0,funding,53.35,0.0,1.687705189996311
2021-11-04,DOT,51,-0.012546356975790242,0.0,0.0,mark,52.16,0.0,1.666662916175378
2021-11-04,DOT,51,0.03061266512324382,0.0,0.0,mark,55.09,0.0,1.7184728844907842
2021-11-04,DOT,51,-0.013154064930403228,0.0,0.0,mark,53.82,0.0,1.6960160040264272
2021-11-05,DOT,51,0.00010425409474908223,0.0,0.0,mark,53.83,0.0,1.6961928298568552
2021-11-05,DOT,51,-0.000814028513402892,0.0008136972820759541,0.561170539362727,rotation,53.83,-0.0176825830428007,1.694812642361324
2021-11-05,SOL,52,-0.000848307525976654,0.0008479478148696963,0.5847915964618595,entry,247.06,0.0040116254789533765,1.69337552968462
2021-11-05,SOL,52,-0.0001923101996775191,0.00019229170925644237,0.0,funding,247.06,0.0,1.693049907609604
2021-11-05,SOL,52,0.004208781473199287,0.0,0.0,mark,248.84,0.0,1.700190600962141
2021-11-05,SOL,52,-0.04463240142361239,0.0,0.0,mark,230.34,0.0,1.6259755296015035
2021-11-05,SOL,52,0.01401379607833257,0.0,0.0,mark,236.06,0.0,1.6489220273411167
2021-11-06,SOL,52,-4.865873599273916e-05,0.0,0.0,mark,236.04,0.0,1.6488417948315377
2021-11-06,SOL,52,-0.00018869439273091156,0.00018867659106362448,0.0,funding,236.04,0.0,1.6485306969824856
2021-11-06,SOL,52,-0.003046454644781353,0.0,0.0,mark,234.79,0.0,1.6435161651337937
2021-11-06,SOL,52,0.05948561372722596,0.0,0.0,mark,259.9,0.0,1.744248080910313
2021-11-06,SOL,52,-0.003363528866399872,0.0,0.0,mark,258.44,0.0,1.738391107711041
2021-11-07,SOL,52,-6.923236658161981e-05,0.0,0.0,mark,258.41,0.0,1.7382707589466726
2021-11-07,SOL,52,-0.00019595025964392568,0.00019593106264569177,0.0,funding,258.41,0.0,1.7379301777097063
2021-11-07,SOL,52,-0.029896091314935327,0.0,0.0,mark,245.65,0.0,1.6867418365982612
2021-11-07,SOL,52,0.03047299430020688,0.0,0.0,mark,258.66,0.0,1.7389330840794446
2021-11-07,SOL,52,-0.020933973592797847,0.0,0.0,mark,249.68,0.0,1.7029086872784431
2021-11-08,SOL,52,-0.00014135493161061973,0.0,0.0,mark,249.62,0.0,1.702667989749706
2021-11-08,SOL,52,-2.1803972065208493e-05,2.1803734360411864e-05,0.015037058179594389,resize,249.62,-0.00010256837441871385,1.7026308652291535
2021-11-08,SOL,52,-0.00018830541215740144,0.00018828768380600857,0.0,funding,249.62,0.0,1.7023102808071628
2021-11-08,SOL,52,0.00841496943117146,0.0,0.0,mark,253.3,0.0,1.7166956109518505
2021-11-08,SOL,52,-0.029157764004367124,0.0,0.0,mark,240.68,0.0,1.667363310292623
2021-11-08,SOL,52,0.017614906267195057,0.0,0.0,mark,248.26,0.0,1.6969939631449957
2021-11-09,SOL,52,2.3034920377990743e-05,0.0,0.0,mark,248.27,0.0,1.6970330537160412
2021-11-09,SOL,52,-0.00018790475987768052,0.00018788710688397324,0.0,funding,248.27,0.0,1.696714203085292
2021-11-09,SOL,52,0.01133975820436533,0.0,0.0,mark,253.22,0.0,1.7160640357527386
2021-11-09,SOL,52,-0.03618231273079663,0.0,0.0,mark,237.62,0.0,1.6550827449219978
2021-11-09,SOL,52,0.0033482154000051938,0.0,0.0,mark,239.04,0.0,1.660633606010437
2021-11-10,SOL,52,4.707799572198986e-05,0.0,0.0,mark,239.06,0.0,1.6607117871525277
2021-11-10,SOL,52,-0.0008162626055330191,0.0008159295538378269,0.5627100371295357,rotation,239.06,-0.003909057104534663,1.659356763324983
2021-11-10,AVAX,53,-0.0008357522879597493,0.0008354031442889469,0.5761400995096184,entry,88.35,0.010820848565297273,1.6579705314674043
2021-11-10,AVAX,53,-0.00018946248443827215,0.0001894445375552351,0.0,funding,88.35,0.0,1.6576564380067902
2021-11-10,AVAX,53,-0.06778549903110939,0.0,0.0,mark,78.31,0.0,1.5490151184112055
2021-11-10,AVAX,53,0.10400369581893512,0.0,0.0,mark,94.0,0.0,1.7187942324007197
2021-11-10,AVAX,53,-0.05679519237897325,0.0,0.0,mark,85.23,0.0,1.6238953904830626
2021-11-11,AVAX,53,-0.00026657606105415384,0.0,0.0,mark,85.19,0.0,1.6234625565404506
2021-11-11,AVAX,53,-0.00018656887582675356,0.00018655147293628226,0.0,funding,85.19,0.0,1.623159697209271
2021-11-11,AVAX,53,-0.009780815582571456,0.0,0.0,mark,83.73,0.0,1.607361258303937
2021-11-11,AVAX,53,0.038497274393334474,0.0,0.0,mark,89.56,0.0,1.67044680543962
2021-11-11,AVAX,53,-0.010942382508408654,0.0,0.0,mark,87.88,0.0,1.6522677798499206
2021-11-12,AVAX,53,-0.00013099035672238545,0.0,0.0,mark,87.86,0.0,1.6520513628786146
2021-11-12,AVAX,53,-3.4592201850000856e-05,3.459160354667234e-05,0.023856278308049886,resize,87.86,-0.0004485749725930497,1.6519942157728311
2021-11-12,AVAX,53,-0.00018125375808854748,0.00018123733261856428,0.0,funding,87.86,0.0,1.6516948127476632
2021-11-12,AVAX,53,0.012605365208615067,0.0,0.0,mark,89.88,0.0,1.6726468054049257
2021-11-12,AVAX,53,-0.055918468931110556,0.0,0.0,mark,81.11,0.0,1.5816819659969097
2021-11-12,AVAX,53,0.023781895025306598,0.0,0.0,mark,84.78,0.0,1.6197482100821343
2021-11-13,AVAX,53,0.00019209054874426632,0.0,0.0,mark,84.81,0.0,1.6200593782899155
2021-11-13,AVAX,53,-0.00017841027251200604,0.00017839435834584346,0.0,funding,84.81,0.0,1.6197703688366434
2021-11-13,AVAX,53,0.08515076033553935,0.0,0.0,mark,98.69,0.0,1.7637375263033779
2021-11-13,AVAX,53,-0.08527883945147166,0.0,0.0,mark,84.79,0.0,1.6195629233647892
2021-11-13,AVAX,53,0.0784928908549848,0.0,0.0,mark,97.54,0.0,1.7518094116717682
2021-11-14,AVAX,53,0.00011841082073212216,0.0,0.0,mark,97.56,0.0,1.7520168571436223
2021-11-14,AVAX,53,-0.000837832875639195,0.0008374819916763187,0.5775737873629783,rotation,97.56,-0.010372273592704224,1.7505495745766513
2021-11-14,LTC,54,-0.0008342911935342924,0.0008339432693999746,0.5751332892413618,entry,257.7,0.003906865870416516,1.7490897155411822
2021-11-14,LTC,54,-0.00018913108928012422,0.00018911320512320757,0.0,funding,257.7,0.0,1.7487589395790282
2021-11-14,LTC,54,0.04798006575962798,0.0,0.0,mark,279.7,0.0,1.8347099887281915
2021-11-14,LTC,54,-0.06897587935576546,0.0,0.0,mark,248.4,0.0,1.7124250869841546
2021-11-14,LTC,54,0.06812374889143054,0.0,0.0,mark,279.3,0.0,1.833147242380025
2021-11-15,LTC,54,0.0,0.0,0.0,mark,279.3,0.0,1.833147242380025
2021-11-15,LTC,54,-0.0008634905331869229,0.0008631178325186747,0.5952536775990859,rotation,279.3,-0.003906865870416516,1.8315650203054943
2021-11-15,AVAX,55,-0.0007108207109273135,0.0007105681377341033,0.49004699154076087,entry,95.4,0.009408311614381552,1.830263568559877
2021-11-15,AVAX,55,-0.00016112852906216375,0.0001611155485578896,0.0,funding,95.4,0.0,1.8299686846410228
2021-11-15,AVAX,55,0.0318763319306146,0.0,0.0,mark,101.7,0.0,1.8892410478116266
2021-11-15,AVAX,55,-0.04951113744150965,0.0,0.0,mark,92.0,0.0,1.7979804251521254
2021-11-15,AVAX,55,0.009893052526604332,0.0,0.0,mark,93.9,0.0,1.8158562172194503
2021-11-16,AVAX,55,-0.00020726942114666254,0.0,0.0,mark,93.86,0.0,1.815479884754875
2021-11-16,AVAX,55,-0.00015981830742914908,0.00015980553716378457,0.0,funding,93.86,0.0,1.8151897610166816
2021-11-16,AVAX,55,0.04042910089203582,0.0,0.0,mark,101.82,0.0,1.8900799214671586
2021-11-16,AVAX,55,-0.09562148678974111,0.0,0.0,mark,83.5,0.0,1.7177196526916887
2021-11-16,AVAX,55,0.07561123645536644,0.0,0.0,mark,97.84,0.0,1.8526348412419202
2021-11-17,AVAX,55,-0.00020315427750045094,0.0,0.0,mark,97.8,0.0,1.8522585087773449
2021-11-17,AVAX,55,-0.00016322076668743178,0.00016320744690274843,0.0,funding,97.8,0.0,1.8519562063951234
2021-11-17,AVAX,55,0.060133644213951745,0.0,0.0,mark,110.0,0.0,1.9667376080905783
2021-11-17,AVAX,55,-0.0926622828026327,0.0,0.0,mark,91.5,0.0,1.7926838432245196
2021-11-17,AVAX,55,0.08126012066573568,0.0,0.0,mark,107.63,0.0,1.944439909564494
2021-11-18,AVAX,55,-4.838688606101935e-05,0.0,0.0,mark,107.62,0.0,1.9443458264483502
2021-11-18,AVAX,55,-0.00017110367772078577,0.00017108904032126754,0.0,funding,107.62,0.0,1.9440131701868504
2021-11-18,AVAX,55,0.013412230537141422,0.0,0.0,mark,110.41,0.0,1.9702623595909747
2021-11-18,AVAX,55,-0.09201730670041597,0.0,0.0,mark,92.0,0.0,1.7970553427702103
2021-11-18,AVAX,55,0.044190593551815927,0.0,0.0,mark,100.63,0.0,1.878249072002323
2021-11-19,AVAX,55,-0.0004509194120373798,0.0,0.0,mark,100.54,0.0,1.8774023239570288
2021-11-19,AVAX,55,-0.00016554657193727155,0.0001655328698597057,0.0,funding,100.54,0.0,1.877091552162463
2021-11-19,AVAX,55,0.057508041767344364,0.0,0.0,mark,112.35,0.0,1.988203712328309
2021-11-19,AVAX,55,-0.08109055051494392,0.0,0.0,mark,95.89,0.0,1.8333429031555886
2021-11-19,AVAX,55,0.07910110507000476,0.0,0.0,mark,111.93,0.0,1.9842522214502687
2021-11-20,AVAX,55,-9.483429208260869e-05,0.0,0.0,mark,111.91,0.0,1.984064055217981
2021-11-20,AVAX,55,-4.052360979939846e-05,4.0522788728968926e-05,0.027946750847564775,resize,111.91,-0.0004954708588757566,1.9839836554094465
2021-11-20,AVAX,55,-0.00016518623077253018,0.0001651725882782272,0.0,funding,111.91,0.0,1.9836559556939808
2021-11-20,AVAX,55,0.07789697840837041,0.0,0.0,mark,129.94,0.0,2.14435447451575
2021-11-20,AVAX,55,-0.07942581353893131,0.0,0.0,mark,111.57,0.0,1.9806255898371086
2021-11-20,AVAX,55,0.06219532580061777,0.0,0.0,mark,125.83,0.0,2.1077226990106213
2021-11-21,AVAX,55,0.00012685172675276532,0.0,0.0,mark,125.86,0.0,2.1079900842332866
2021-11-21,AVAX,55,-5.5654086341072326e-05,5.565253768105587e-05,0.0383810604696937,resize,125.86,-0.0006428324717342483,2.1078727692356924
2021-11-21,AVAX,55,-0.0001622465724802467,0.00016223341121695273,0.0,funding,125.86,0.0,2.107530801845928
2021-11-21,AVAX,55,0.07969243335225665,0.0,0.0,mark,147.0,0.0,2.2823587769648586
2021-11-21,AVAX,55,-0.0900662474297223,0.0,0.0,mark,123.23,0.0,2.085780680059609
2021-11-21,AVAX,55,0.020563434225935318,0.0,0.0,mark,128.47,0.0,2.1291155234665715
2021-11-22,AVAX,55,0.00019419343919920893,0.0,0.0,mark,128.52,0.0,2.1295290238807603
2021-11-22,AVAX,55,-4.305719240391425e-05,4.305626545627923e-05,0.029693976176744293,resize,128.52,-0.0004920182392063556,2.129437334313811
2021-11-22,AVAX,55,-0.0001542402603465697,0.00015422836592913797,0.0,funding,128.52,0.0,2.1291089146733913
2021-11-22,AVAX,55,0.058461520897257646,0.0,0.0,mark,145.0,0.0,2.2572901906078253
2021-11-22,AVAX,55,-0.06859543643021447,0.0,0.0,mark,125.76,0.0,2.107641662150391
2021-11-22,AVAX,55,0.032959434291635906,0.0,0.0,mark,134.84,0.0,2.178265811755043
2021-11-23,AVAX,55,0.0,0.0,0.0,mark,134.84,0.0,2.178265811755043
2021-11-23,AVAX,55,-1.4890864032774866e-05,1.4890753164461287e-05,0.010269484941007783,resize,134.84,-0.0001658978637743289,2.1782333757365135
2021-11-23,AVAX,55,-0.0001548256869079875,0.00015481370202990338,0.0,funding,134.84,0.0,2.177896155363731
2021-11-23,AVAX,55,0.00575044591335844,0.0,0.0,mark,136.49,0.0,2.190456107462036
2021-11-23,AVAX,55,-0.052581735437396034,0.0,0.0,mark,121.75,0.0,2.0782538687171783
2021-11-23,AVAX,55,0.007589613676651645,0.0,0.0,mark,123.83,0.0,2.094087020453223
2021-11-24,AVAX,55,0.0,0.0,0.0,mark,123.83,0.0,2.094087020453223
2021-11-24,AVAX,55,-3.007964947409518e-05,3.007919708590144e-05,0.02074427385234582,resize,123.83,0.00035080606172110604,2.09402403199702
2021-11-24,AVAX,55,-0.0001547176979304043,0.0001547057297646763,0.0,funding,123.83,0.0,2.093700074481005
2021-11-24,AVAX,55,0.0032275618875652907,0.0,0.0,mark,124.68,0.0,2.1004685379871404
2021-11-24,AVAX,55,-0.04671826653322117,0.0,0.0,mark,112.64,0.0,2.004595243147296
2021-11-24,AVAX,55,0.010275068014228875,0.0,0.0,mark,115.24,0.0,2.0252987785778274
2021-11-25,AVAX,55,3.931638033656351e-05,0.0,0.0,mark,115.25,0.0,2.0253784075602526
2021-11-25,AVAX,55,-0.00014887757073449366,0.00014886648901881315,0.0,funding,115.25,0.0,2.0250768965877843
2021-11-25,AVAX,55,-0.004058334404061993,0.0,0.0,mark,114.22,0.0,2.016875111397997
2021-11-25,AVAX,55,0.060437869286758414,0.0,0.0,mark,130.0,0.0,2.1425296456648355
2021-11-25,AVAX,55,-0.040695940574713235,0.0,0.0,mark,119.27,0.0,2.057087747522682
2021-11-26,AVAX,55,-7.742213727526309e-05,0.0,0.0,mark,119.25,0.0,2.0569284895578317
2021-11-26,AVAX,55,-3.825303411753824e-05,3.82523024795196e-05,0.026380898261737656,resize,119.25,-0.0004550408487605439,2.0568498073070702
2021-11-26,AVAX,55,-0.00014301905349883474,0.00014300882676145533,0.0,funding,119.25,0.0,2.0565556596293026
2021-11-26,AVAX,55,0.0022608731779269887,0.0,0.0,mark,119.87,0.0,2.0612105312134283
2021-11-26,AVAX,55,-0.0699975351215993,0.0,0.0,mark,101.31,0.0,1.921864697985402
2021-11-26,AVAX,55,0.011497038203754346,0.0,0.0,mark,104.27,0.0,1.944087955870906
2021-11-27,AVAX,55,0.00011585004402716589,0.0,0.0,mark,104.3,0.0,1.9443131915927188
2021-11-27,AVAX,55,-0.0001323286422686639,0.00013231988721998432,0.0,funding,104.3,0.0,1.9440559202904868
2021-11-27,AVAX,55,0.05155661014824876,0.0,0.0,mark,118.0,0.0,2.046913566584881
2021-11-27,AVAX,55,-0.055736244570371116,0.0,0.0,mark,103.22,0.0,1.9359474343052352
2021-11-27,AVAX,55,0.039167584198573385,0.0,0.0,mark,113.52,0.0,2.013278365460875
2021-11-28,AVAX,55,0.00011186884411084704,0.0,0.0,mark,113.55,0.0,2.0135036011826877
2021-11-28,AVAX,55,-2.1032293104843945e-05,2.1032071927706766e-05,0.014504877191521907,resize,113.55,-0.000257204953411202,2.013461253030121
2021-11-28,AVAX,55,-0.000134351074734631,0.00013434205003318815,0.0,funding,113.55,0.0,2.0131907605177264
2021-11-28,AVAX,55,0.001511517523270119,0.0,0.0,mark,113.97,0.0,2.0162360345426693
2021-11-28,AVAX,55,-0.04938793062213855,0.0,0.0,mark,100.57,0.0,1.9190772918421102
2021-11-28,AVAX,55,0.03653947026204099,0.0,0.0,mark,110.42,0.0,1.9904962183794614
2021-11-29,AVAX,55,0.0,0.0,0.0,mark,110.42,0.0,1.9904962183794614
2021-11-29,AVAX,55,-0.00013215487611230805,0.0001321461440413004,0.0,funding,110.42,0.0,1.9902331819794739
2021-11-29,AVAX,55,0.035748093793192444,0.0,0.0,mark,120.41,0.0,2.0626671998584727
2021-11-29,AVAX,55,-0.0408248916515779,0.0,0.0,mark,109.03,0.0,1.980154775087401
2021-11-29,AVAX,55,0.040754585522441086,0.0,0.0,mark,120.39,0.0,2.062522186809666
2021-11-30,AVAX,55,0.0,0.0,0.0,mark,120.39,0.0,2.062522186809666
2021-11-30,AVAX,55,-0.00013905611441994192,0.00013904644656660938,0.0,funding,120.39,0.0,2.062235400428625
2021-11-30,AVAX,55,0.015386225010092978,0.0,0.0,mark,124.8,0.0,2.0942107776905257
2021-11-30,AVAX,55,-0.038109168550681215,0.0,0.0,mark,114.0,0.0,2.015903731334851
2021-11-30,AVAX,55,0.02279325944655828,0.0,0.0,mark,120.41,0.0,2.062380413477432
2021-12-01,AVAX,55,3.5156098949438866e-05,0.0,0.0,mark,120.42,0.0,2.0624529200018356
2021-12-01,AVAX,55,-2.205447738908106e-05,2.205423419100192e-05,0.015209816683449598,resize,120.42,-0.00026050100341698437,2.06240743418213
2021-12-01,AVAX,55,-0.0001341006499117454,0.00013409165882154807,0.0,funding,120.42,0.0,2.062130882548115
2021-12-01,AVAX,55,0.02341814147860133,0.0,0.0,mark,127.41,0.0,2.1109920410922083
2021-12-01,AVAX,55,-0.03422186613756835,0.0,0.0,mark,117.25,0.0,2.0399721024930684
2021-12-01,AVAX,55,0.008190188687270492,0.0,0.0,mark,119.65,0.0,2.056748465941684
2021-12-02,AVAX,55,-3.398699617614328e-05,0.0,0.0,mark,119.64,0.0,2.056678564427315
2021-12-02,AVAX,55,-0.00013360311989408637,0.0001335941953947649,0.0,funding,119.64,0.0,2.0564038041093147
2021-12-02,AVAX,55,0.0003738433756447694,0.0,0.0,mark,119.75,0.0,2.057172720767376
2021-12-02,AVAX,55,-0.0447165477020753,0.0,0.0,mark,106.88,0.0,1.967209471774174
2021-12-02,AVAX,55,0.003192897478068061,0.0,0.0,mark,107.78,0.0,1.973500608067405
2021-12-03,AVAX,55,3.5419434964739723e-05,0.0,0.0,mark,107.79,0.0,1.9735705095817742
2021-12-03,AVAX,55,-0.00012543844719355838,0.00012543058012050908,0.0,funding,107.79,0.0,1.9733229634878486
2021-12-03,AVAX,55,0.019086928567914142,0.0,0.0,mark,113.23,0.0,2.011349387304711
2021-12-03,AVAX,55,-0.047069527465761894,0.0,0.0,mark,100.0,0.0,1.9188696837942165
2021-12-03,AVAX,55,0.029858271020297554,0.0,0.0,mark,108.32,0.0,1.9770277437494177
2021-12-04,AVAX,55,0.00014141748300425957,0.0,0.0,mark,108.36,0.0,1.9773073498068947
2021-12-04,AVAX,55,-0.00012586348490123848,0.0001258555644251536,0.0,funding,108.36,0.0,1.9770584946743428
2021-12-04,AVAX,55,0.001589770081420739,0.0,0.0,mark,108.81,0.0,1.9802040628209583
2021-12-04,AVAX,55,-0.12082131610770497,0.0,0.0,mark,76.57,0.0,1.754841580494553
2021-12-04,AVAX,55,0.06358084862909398,0.0,0.0,mark,93.05,0.0,1.870039276175048
2021-12-05,AVAX,55,-0.00011214539967117078,0.0,0.0,mark,93.02,0.0,1.8698295716319402
2021-12-05,AVAX,55,-0.00011425539793579168,0.00011424887103636282,0.0,funding,93.02,0.0,1.8696159457143509
2021-12-05,AVAX,55,0.009229542009206207,0.0,0.0,mark,95.5,0.0,1.8869515212779204
2021-12-05,AVAX,55,-0.04916173616654828,0.0,0.0,mark,82.55,0.0,1.7964290601697646
2021-12-05,AVAX,55,0.014678068448243735,0.0,0.0,mark,86.35,0.0,1.8229916356300728
2021-12-06,AVAX,55,-3.834513181679425e-05,0.0,0.0,mark,86.34,0.0,1.8229217341157036
2021-12-06,AVAX,55,-0.000480178680074893,0.0004800634127428677,0.3310782156847363,rotation,86.34,-0.006990151436923238,1.822046616086861
2021-12-09,ETH,56,-0.0009319403438617332,0.0009315062223283594,0.6424180843643857,entry,4436.91,0.00026381326119509583,1.8203493683266037
2021-12-09,ETH,56,-0.00021128048940522438,0.0002112581712544328,0.0,funding,4436.91,0.0,1.8199648046480068
2021-12-09,ETH,56,0.007378470345605441,0.0,0.0,mark,4488.0,0.0,1.8334430241624642
2021-12-09,ETH,56,-0.06108791112750782,0.0,0.0,mark,4076.16,0.0,1.724794170671876
2021-12-09,ETH,56,0.004498933035136825,0.0,0.0,mark,4105.64,0.0,1.7325713856119074
2021-12-10,ETH,56,0.0,0.0,0.0,mark,4105.64,0.0,1.7325713856119074
2021-12-10,ETH,56,-0.0009068830096150575,0.000906471915499298,0.6251530451719296,rotation,4105.64,-0.00026381326119509583,1.7310008583092524
2021-12-10,BNB,57,-0.00099899340999369,0.0009984945821995435,0.6886169532410644,entry,570.2,0.0020904884901904327,1.729272463330448
2021-12-10,BNB,57,-0.00022649142819806172,0.00022646578095096,0.0,funding,570.2,0.0,1.728880842291563
2021-12-10,BNB,57,0.029663661785584956,0.0,0.0,mark,595.1,0.0,1.7809340056973046
2021-12-10,BNB,57,-0.05414401679823507,0.0,0.0,mark,550.2,0.0,1.6870710724877542
2021-12-10,BNB,57,0.0027223615067495277,0.0,0.0,mark,552.4,0.0,1.691670147166173
2021-12-11,BNB,57,0.0001235677852351288,0.0,0.0,mark,552.5,0.0,1.6918791960151922
2021-12-11,BNB,57,-0.000265431728186934,0.0002653965043022579,0.1830320719325916,resize,552.5,-0.0005604853478847203,1.691430177190868
2021-12-11,BNB,57,-0.00016420909551867968,0.0001641956139430625,0.0,funding,552.5,0.0,1.6911524517744823
2021-12-11,BNB,57,0.018110165751782297,0.0,0.0,mark,572.7,0.0,1.7220585152490577
2021-12-11,BNB,57,-0.027655032177325338,0.0,0.0,mark,542.0,0.0,1.6750874187802722
2021-12-11,BNB,57,0.020342881765755088,0.0,0.0,mark,564.5,0.0,1.7095124894821507
2021-12-12,BNB,57,8.949537886595538e-05,0.0,0.0,mark,564.6,0.0,1.7096654897963814
2021-12-12,BNB,57,-0.0007329075449010361,0.0007326390337682938,0.5052682991505474,rotation,564.6,-0.0015300031423057124,1.70841292212387
2021-12-19,AVAX,58,-0.0005444808691919137,0.0005443326663825667,0.3754018388845287,entry,115.91,0.005533097683887429,1.7074829771626878
2021-12-19,AVAX,58,-0.00012341009312221235,0.00012340247840981247,0.0,funding,115.91,0.0,1.7072722695314633
2021-12-19,AVAX,58,0.0025247117679287985,0.0,0.0,mark,116.69,0.0,1.7115880857248955
2021-12-19,AVAX,58,-0.03296156847538755,0.0,0.0,mark,106.66,0.0,1.6560911159555045
2021-12-19,AVAX,58,0.003168979272302958,0.0,0.0,mark,107.61,0.0,1.6613475587551976
2021-12-20,AVAX,58,0.0,0.0,0.0,mark,107.61,0.0,1.6613475587551976
2021-12-20,AVAX,58,-0.00011775437793010609,0.00011774744515548547,0.0,funding,107.61,0.0,1.6611519393246388
2021-12-20,AVAX,58,0.02863145310394824,0.0,0.0,mark,116.33,0.0,1.7094005511281372
2021-12-20,AVAX,58,-0.05103080766157824,0.0,0.0,mark,100.96,0.0,1.6243568397267873
2021-12-20,AVAX,58,0.041991593925927745,0.0,0.0,mark,113.55,0.0,1.69401853956693
2021-12-21,AVAX,58,-9.799247162946947e-05,0.0,0.0,mark,113.52,0.0,1.6938525466364134
2021-12-21,AVAX,58,-0.0005378360456422238,0.0005376914377625007,0.37082168121551773,rotation,113.52,-0.005533097683887429,1.6929417766252548
2021-12-23,AVAX,59,-0.0005283970637848006,0.0005282574866413778,0.3643155080285364,entry,116.68,0.005285952548971226,1.6920474674573045
2021-12-23,AVAX,59,-0.00011976341353317575,0.00011975624218194782,0.0,funding,116.68,0.0,1.6918448342110084
2021-12-23,AVAX,59,0.02584534985224176,0.0,0.0,mark,125.06,0.0,1.7361411165713871
2021-12-23,AVAX,59,-0.02728359472915312,0.0,0.0,mark,116.22,0.0,1.6894132960384816
2021-12-23,AVAX,59,0.016077600317112237,0.0,0.0,mark,121.4,0.0,1.7167945302421526
2021-12-24,AVAX,59,0.00015393646752329717,0.0,0.0,mark,121.45,0.0,1.717058827869601
2021-12-24,AVAX,59,-0.0005422772132798651,0.0005421302075655491,0.37388290176934424,rotation,121.45,-0.005285952548971226,1.7161279584108458
2021-12-25,AVAX,60,-0.0005411306414665294,0.0005409842566865894,0.37309259081833746,entry,114.95,0.005570027195992053,1.7151995602028858
2021-12-25,AVAX,60,-0.00012265049039279248,0.00012264296912890886,0.0,funding,114.95,0.0,1.714989203036174
2021-12-25,AVAX,60,0.006410153434735551,0.0,0.0,mark,116.93,0.0,1.7260178568842384
2021-12-25,AVAX,60,-0.016037504680199127,0.0,0.0,mark,112.0,0.0,1.6985576228079975
2021-12-25,AVAX,60,0.009822203243538826,0.0,0.0,mark,115.01,0.0,1.7153234046679335
2021-12-26,AVAX,60,-6.494644752750775e-05,0.0,0.0,mark,114.99,0.0,1.7152120041240135
2021-12-26,AVAX,60,-0.00012269228240999918,0.00012268475601964822,0.0,funding,114.99,0.0,1.7150015737577655
2021-12-26,AVAX,60,0.009728481620951229,0.0,0.0,mark,118.0,0.0,1.7317673556177016
2021-12-26,AVAX,60,-0.028447685901077966,0.0,0.0,mark,109.28,0.0,1.683196718468651
2021-12-26,AVAX,60,0.018816634322319645,0.0,0.0,mark,115.02,0.0,1.7151686745736452
2021-12-27,AVAX,60,0.0001298919583951335,0.0,0.0,mark,115.06,0.0,1.715391475661485
2021-12-27,AVAX,60,-0.00012275413055774418,0.00012274659657779386,0.0,funding,115.06,0.0,1.715180917196049
2021-12-27,AVAX,60,0.018978926833184973,0.0,0.0,mark,120.96,0.0,1.748044077652402
2021-12-27,AVAX,60,-0.024939556783360264,0.0,0.0,mark,113.23,0.0,1.7049877674273834
2021-12-27,AVAX,60,0.002023430449927684,0.0,0.0,mark,113.85,0.0,1.7084411842888985
2021-12-28,AVAX,60,0.0,0.0,0.0,mark,113.85,0.0,1.7084411842888985
2021-12-28,AVAX,60,-0.00012195730598891044,0.00012194986949892411,0.0,funding,113.85,0.0,1.7082328401094278
2021-12-28,AVAX,60,0.009346983671244096,0.0,0.0,mark,116.73,0.0,1.724274518433885
2021-12-28,AVAX,60,-0.04088081113838404,0.0,0.0,mark,104.33,0.0,1.6552061812035834
2021-12-28,AVAX,60,0.009144933522254905,0.0,0.0,mark,107.06,0.0,1.6704123554486419
2021-12-29,AVAX,60,-3.334577864435601e-05,0.0,0.0,mark,107.05,0.0,1.670356655176682
2021-12-29,AVAX,60,-0.00011728737468950116,0.00011728049679431824,0.0,funding,107.05,0.0,1.6701607549183393
2021-12-29,AVAX,60,0.011604986980146625,0.0,0.0,mark,110.55,0.0,1.6896558501043115
2021-12-29,AVAX,60,-0.02757316933055754,0.0,0.0,mark,102.3,0.0,1.643703125737377
2021-12-29,AVAX,60,0.0027072970304459518,0.0,0.0,mark,103.1,0.0,1.6481591474941708
2021-12-30,AVAX,60,0.0,0.0,0.0,mark,103.1,0.0,1.6481591474941708
2021-12-30,AVAX,60,-0.00011448081594693818,0.00011447426326828822,0.0,funding,103.1,0.0,1.6479704756900124
2021-12-30,AVAX,60,0.007743781652997144,0.0,0.0,mark,105.4,0.0,1.6607815382407942
2021-12-30,AVAX,60,-0.024272295465845938,0.0,0.0,mark,98.25,0.0,1.620955843789451
2021-12-30,AVAX,60,0.011955164553350902,0.0,0.0,mark,101.75,0.0,1.6404509389754232
2021-12-31,AVAX,60,0.0,0.0,0.0,mark,101.75,0.0,1.6404509389754232
2021-12-31,AVAX,60,-0.00011351262247023064,0.00011350618015619059,0.0,funding,101.75,0.0,1.6402647376556063
2021-12-31,AVAX,60,0.03418216899518415,0.0,0.0,mark,111.99,0.0,1.6973018161425648
2021-12-31,AVAX,60,-0.039698568386620225,0.0,0.0,mark,100.13,0.0,1.631241293598099
2021-12-31,AVAX,60,0.03126194023923779,0.0,0.0,mark,109.43,0.0,1.6830425465208252
2021-12-31,AVAX,60,-0.0005252676780777492,0.0005251297491618756,0.36215844769784516,boundary_exit,109.43,-0.005570027195992053,1.682158730810542
2023-01-18,ETH,1,-0.0019555865934636663,0.0019536756798566807,1.3473625378321934,entry,1565.56,0.0008606265731317826,0.9980463243201433
2023-01-18,ETH,1,-0.0004436302168500615,0.0004435318275154003,0.0,funding,1565.56,0.0,0.9976036590099725
2023-01-18,ETH,1,0.03762146976527834,0.0,0.0,mark,1610.0,0.0,1.035849903919949
2023-01-18,ETH,1,-0.0945718579006164,0.0,0.0,mark,1501.39,0.0,0.9423772518121061
2023-01-18,ETH,1,0.009127255424876397,0.0,0.0,mark,1511.43,0.0,0.9510179426063491
2023-01-19,ETH,1,9.04948939944189e-06,0.0,0.0,mark,1511.44,0.0,0.9510265488720804
2023-01-19,ETH,1,-2.9591021543600334e-05,2.9590583733649376e-05,0.02040729912665474,resize,1511.44,-1.2840657426178132e-05,0.9509984074413531
2023-01-19,ETH,1,-0.0004427764202963554,0.000442678409283278,0.0,funding,1511.44,0.0,0.950577420979116
2023-01-19,ETH,1,0.046177115863813525,0.0,0.0,mark,1564.43,0.0,0.995501596652356
2023-01-19,ETH,1,-0.04822157322781102,0.0,0.0,mark,1509.15,0.0,0.9486359912321503
2023-01-19,ETH,1,0.036795980490365636,0.0,0.0,mark,1551.09,0.0,0.9841921325368431
2023-01-20,ETH,1,0.0,0.0,0.0,mark,1551.09,0.0,0.9841921325368431
2023-01-20,ETH,1,-0.0019392434881508735,0.0019373643703829752,1.3361133588848104,rotation,1551.09,-0.0008477859157056044,0.982285393765655
2023-01-21,ETH,2,-0.0019555865934636663,0.0019536756798566807,1.3473625378321934,entry,1658.53,0.00079799252411448,0.9803663266811766
2023-01-21,ETH,2,-0.0004436302168499504,0.0004435318275154003,0.0,funding,1658.53,0.0,0.9799315030126692
2023-01-21,ETH,2,0.01674026129740093,0.0,0.0,mark,1679.26,0.0,0.9964738880375623
2023-01-21,ETH,2,-0.05181076215822741,0.0,0.0,mark,1616.21,0.0,0.9461604593921444
2023-01-21,ETH,2,0.008774926231448512,0.0,0.0,mark,1626.66,0.0,0.9544994812691407
2023-01-22,ETH,2,-8.360359282861155e-06,0.0,0.0,mark,1626.65,0.0,0.9544915013438996
2023-01-22,ETH,2,-0.000109560893571341,0.00010955489199584027,0.0755550979281657,resize,1626.65,-4.43344904285742e-05,0.9543869321305589
2023-01-22,ETH,2,-0.0004221109756293462,0.000422021899325285,0.0,funding,1626.65,0.0,0.9539841599447699
2023-01-22,ETH,2,0.02899554823464748,0.0,0.0,mark,1663.89,0.0,0.982050385119233
2023-01-22,ETH,2,-0.04705132758721731,0.0,0.0,mark,1604.0,0.0,0.936913805481784
2023-01-22,ETH,2,0.018679693412015065,0.0,0.0,mark,1627.44,0.0,0.9545795497913817
2023-01-23,ETH,2,-7.895214275186454e-06,0.0,0.0,mark,1627.43,0.0,0.9545720132110449
2023-01-23,ETH,2,-8.449639808519146e-05,8.449282836516921e-05,0.0582709161139098,resize,1627.43,-3.417891135502405e-05,0.9544913587217705
2023-01-23,ETH,2,-0.00040311324340328546,0.00040303200417643724,0.0,funding,1627.43,0.0,0.9541066681564958
2023-01-23,ETH,2,0.015459317244325355,0.0,0.0,mark,1648.09,0.0,0.9689711068238517
2023-01-23,ETH,2,-0.0477523829177462,0.0,0.0,mark,1585.29,0.0,0.9237878179414724
2023-01-23,ETH,2,0.03143303714855767,0.0,0.0,mark,1626.29,0.0,0.9532864619570385
2023-01-24,ETH,2,-7.5473833537209445e-06,0.0,0.0,mark,1626.28,0.0,0.9532792671658151
2023-01-24,ETH,2,-1.566364045998904e-05,1.5663517785861674e-05,0.010802426059214948,resize,1626.28,-6.332076147613774e-06,0.953264335459059
2023-01-24,ETH,2,-0.0003997964164231058,0.00039971650848511235,0.0,funding,1626.28,0.0,0.9528832999672259
2023-01-24,ETH,2,0.011296808414936473,0.0,0.0,mark,1641.46,0.0,0.9637088721282879
2023-01-24,ETH,2,-0.08205713215506906,0.0,0.0,mark,1535.0,0.0,0.8877872375916172
2023-01-24,ETH,2,0.016704605062204208,0.0,0.0,mark,1555.97,0.0,0.9027419311500803
2023-01-25,ETH,2,0.0,0.0,0.0,mark,1555.97,0.0,0.9027419311500803
2023-01-25,ETH,2,-0.0017839061660620014,0.0017823159511959016,1.229183414617863,rotation,1555.97,-0.000713147046183268,0.9011329598063781
2023-01-25,BTC,3,-0.001448949765104549,0.0014479005442108945,0.9985520994557892,entry,22631.94,3.975921679288069e-05,0.899828208903468
2023-01-25,BTC,3,-0.0003285960762336375,0.0003285420944558522,0.0,funding,22631.94,0.0,0.8995325774590645
2023-01-25,BTC,3,0.051042440957615336,0.0,0.0,mark,23816.73,0.0,0.9466388999231016
2023-01-25,BTC,3,-0.06582283740840127,0.0,0.0,mark,22300.0,0.0,0.8863349030368357
2023-01-25,BTC,3,0.03356460462553701,0.0,0.0,mark,23060.94,0.0,0.9165892814632103
2023-01-26,BTC,3,-2.255647794118018e-05,0.0,0.0,mark,23060.42,0.0,0.916568606670478
2023-01-26,BTC,3,-0.00032870207953679935,0.0003286480629269786,0.0,funding,23060.42,0.0,0.9162673781733561
2023-01-26,BTC,3,0.009589201419734853,0.0,0.0,mark,23282.47,0.0,0.9250959122622154
2023-01-26,BTC,3,-0.018761372820070423,0.0,0.0,mark,22850.01,0.0,0.9079016413679661
2023-01-26,BTC,3,0.0069666992216797724,0.0,0.0,mark,23009.65,0.0,0.9142488027367818
2023-01-27,BTC,3,0.0,0.0,0.0,mark,23009.65,0.0,0.9142488027367818
2023-01-27,BTC,3,-0.00032881063279854156,0.000328756580506803,0.0,funding,23009.65,0.0,0.9139482374266615
2023-01-27,BTC,3,0.02110721651485062,0.0,0.0,mark,23500.0,0.0,0.9334441693810506
2023-01-27,BTC,3,-0.04197726614649908,0.0,0.0,mark,22534.88,0.0,0.8950717540699056
2023-01-27,BTC,3,0.02367247839119555,0.0,0.0,mark,23074.16,0.0,0.9165131045019702
2023-01-28,BTC,3,0.0,0.0,0.0,mark,23074.16,0.0,0.9165131045019702
2023-01-28,BTC,3,-0.0003289178816913788,0.00032886379413515286,0.0,funding,23074.16,0.0,0.9162116965250491
2023-01-28,BTC,3,-0.008528712698113975,0.0,0.0,mark,22878.46,0.0,0.9084308177986823
2023-01-28,BTC,3,0.013499844273229486,0.0,0.0,mark,23189.0,0.0,0.9207776449815435
2023-01-28,BTC,3,-0.0072110964546415485,0.0,0.0,mark,23022.6,0.0,0.914161711307208
2023-01-29,BTC,3,-5.2192412622091474e-05,0.0,0.0,mark,23021.4,0.0,0.9141140002470567
2023-01-29,BTC,3,-0.0014529566622212388,0.0014519016317231246,1.0013114701538788,rotation,23021.4,-3.975921679288069e-05,0.912786796638517
2023-01-29,AVAX,4,-0.000627763022640008,0.0006275660206593387,0.43280415217885426,entry,20.54,0.019233588882141463,0.9122139626608402
2023-01-29,AVAX,4,-0.00014229379832811787,0.00014228367504578342,0.0,funding,20.54,0.0,0.9120841695058047
2023-01-29,AVAX,4,0.01319766111971586,0.0,0.0,mark,21.17,0.0,0.924201330501554
2023-01-29,AVAX,4,-0.022945272131745773,0.0,0.0,mark,20.08,0.0,0.9032367186200196
2023-01-29,AVAX,4,0.019192251536662593,0.0,0.0,mark,20.99,0.0,0.9207392845027684
2023-01-30,AVAX,4,0.0,0.0,0.0,mark,20.99,0.0,0.9207392845027684
2023-01-30,AVAX,4,-1.9884925428336527e-05,1.9884727724605526e-05,0.013713605327314155,resize,20.99,-0.0006015557483098899,0.9207209758527908
2023-01-30,AVAX,4,-0.00013956161151021908,0.00013955187324156583,0.0,funding,20.99,0.0,0.9205924875158777
2023-01-30,AVAX,4,0.006455653590247056,0.0,0.0,mark,21.31,0.0,0.9265547381187038
2023-01-30,AVAX,4,-0.042306862312392446,0.0,0.0,mark,19.25,0.0,0.8881727498630108
2023-01-30,AVAX,4,0.010226718159711042,0.0,0.0,mark,19.74,0.0,0.8973024460985882
2023-01-31,AVAX,4,-0.0002076665221026373,0.0,0.0,mark,19.73,0.0,0.89711612576725
2023-01-31,AVAX,4,-0.00013463529512012325,0.0001346262321956035,0.0,funding,19.73,0.0,0.8969953504033961
2023-01-31,AVAX,4,0.00950957860207634,0.0,0.0,mark,20.19,0.0,0.9055660856449586
2023-01-31,AVAX,4,-0.018271930236509214,0.0,0.0,mark,19.31,0.0,0.8891698964871867
2023-01-31,AVAX,4,0.010215307934241627,0.0,0.0,mark,19.8,0.0,0.8982995927227642
2023-02-01,AVAX,4,0.0,0.0,0.0,mark,19.8,0.0,0.8982995927227642
2023-02-01,AVAX,4,-0.0005956643078642398,0.0005954869351002755,0.41068064489674166,rotation,19.8,-0.018632033133831574,0.8977646670514918
2023-02-01,BTC,5,-0.0010869091002385217,0.0010863186284915155,0.7491852610286314,entry,23125.13,2.9084898395263257e-05,0.8967894085696723
2023-02-01,BTC,5,-0.00024643693392880614,0.0002464065708418891,0.0,funding,23125.13,0.0,0.8965684337667393
2023-02-01,BTC,5,0.022058552040414323,0.0,0.0,mark,23812.66,0.0,0.9165651739604347
2023-02-01,BTC,5,-0.03396661734416186,0.0,0.0,mark,22760.23,0.0,0.8859553543423078
2023-02-01,BTC,5,0.03142479015937814,0.0,0.0,mark,23732.66,0.0,0.9142383820888136
2023-02-02,BTC,5,-3.976735893473477e-05,0.0,0.0,mark,23731.41,0.0,0.9142020259658195
2023-02-02,BTC,5,-0.0002480811718046027,0.00024805040221527957,0.0,funding,23731.41,0.0,0.9139752577855726
2023-02-02,BTC,5,0.01652461083608591,0.0,0.0,mark,24255.0,0.0,0.9292038197363486
2023-02-02,BTC,5,-0.028308876583277798,0.0,0.0,mark,23363.27,0.0,0.9032679432903404
2023-02-02,BTC,5,0.004038362998683139,0.0,0.0,mark,23488.94,0.0,0.9069230424716731
2023-02-03,BTC,5,1.2507168643901795e-05,0.0,0.0,mark,23489.33,0.0,0.9069343855820473
2023-02-03,BTC,5,-0.000247518167136268,0.0002474875370418923,0.0,funding,23489.33,0.0,0.906709930624701
2023-02-03,BTC,5,-0.009174716241209274,0.0,0.0,mark,23204.62,0.0,0.8984291692025854
2023-02-03,BTC,5,0.016409840844210443,0.0,0.0,mark,23715.7,0.0,0.9132938790744366
2023-02-03,BTC,5,-0.009079028712018523,0.0,0.0,mark,23431.9,0.0,0.9050395849098609
2023-02-04,BTC,5,0.0,0.0,0.0,mark,23431.9,0.0,0.9050395849098609
2023-02-04,BTC,5,-0.0010924779760344047,0.0010918814392245357,0.7530216822238177,rotation,23431.9,-2.9084898395263257e-05,0.9040513889853343
2023-02-04,AVAX,6,-0.0008168153740393671,0.000816481871171287,0.5630909456353703,entry,21.35,0.023843707331462384,0.9033132474156206
2023-02-04,AVAX,6,-0.00018516739289466236,0.00018515025047112342,0.0,funding,21.35,0.0,0.9031459987416077
2023-02-04,AVAX,6,0.00893619879135743,0.0,0.0,mark,21.69,0.0,0.9112528592343049
2023-02-04,AVAX,6,-0.022492034082634196,0.0,0.0,mark,20.84,0.0,0.8909857080025618
2023-02-04,AVAX,6,0.005337936542759811,0.0,0.0,mark,21.04,0.0,0.8957544494688543
2023-02-05,AVAX,6,-0.0002662211874745549,0.0,0.0,mark,21.03,0.0,0.8955160123955397
2023-02-05,AVAX,6,-0.00018398002393235042,0.0001839631006456137,0.0,funding,21.03,0.0,0.8953512704932216
2023-02-05,AVAX,6,-0.035785057008122394,0.0,0.0,mark,19.71,0.0,0.8638775768156912
2023-02-05,AVAX,6,0.03897562913000885,0.0,0.0,mark,21.15,0.0,0.898212515372997
2023-02-05,AVAX,6,-0.02881512837863461,0.0,0.0,mark,20.08,0.0,0.8726997485283322
2023-02-06,AVAX,6,0.000273180446111493,0.0,0.0,mark,20.09,0.0,0.8729381856016468
2023-02-06,AVAX,6,-0.00018030194037770995,0.00018028568695974302,0.0,funding,20.09,0.0,0.8727808073411822
2023-02-06,AVAX,6,0.009245667988963275,0.0,0.0,mark,20.43,0.0,0.8808876678338794
2023-02-06,AVAX,6,-0.027719146818285887,0.0,0.0,mark,19.42,0.0,0.8568055234291024
2023-02-06,AVAX,6,0.00444269430995907,0.0,0.0,mark,19.58,0.0,0.8606205166021363
2023-02-07,AVAX,6,0.0,0.0,0.0,mark,19.58,0.0,0.8606205166021363
2023-02-07,AVAX,6,-0.0007868892941395703,0.0007865797779493328,0.5424688123788503,rotation,19.58,-0.023843707331462384,0.8599435699072888
2023-02-07,LTC,7,-0.001334163960847593,0.001333274359778868,0.9194995584681847,entry,95.92,0.008243512644258825,0.8587970291946747
2023-02-07,LTC,7,-0.00030254338474993494,0.00030249762311516216,0.0,funding,95.92,0.0,0.8585372451346049
2023-02-07,LTC,7,0.05292090860534256,0.0,0.0,mark,101.58,0.0,0.9051955267011098
2023-02-07,LTC,7,-0.053209004440747484,0.0,0.0,mark,95.89,0.0,0.8582899397552771
2023-02-07,LTC,7,0.04663045509830506,0.0,0.0,mark,100.86,0.0,0.8992601975972435
2023-02-08,LTC,7,-9.167413981557155e-05,0.0,0.0,mark,100.85,0.0,0.8991777624708008
2023-02-08,LTC,7,-0.00030380830663085783,0.0003037621615603782,0.0,funding,100.85,0.0,0.8989046262900456
2023-02-08,LTC,7,0.014204799463154063,0.0,0.0,mark,102.41,0.0,0.9117645060150894
2023-02-08,LTC,7,-0.05148180712823267,0.0,0.0,mark,96.86,0.0,0.8660130108394529
2023-02-08,LTC,7,0.022216048244929464,0.0,0.0,mark,99.22,0.0,0.8854677006799038
2023-02-09,LTC,7,-0.0001862130078011456,0.0,0.0,mark,99.2,0.0,0.8853028304270186
2023-02-09,LTC,7,-0.0013402664080688082,0.0013393686521687208,0.9237025187370488,rotation,99.2,-0.008243512644258825,0.8841170835682685
2023-02-09,AVAX,8,-0.000836493658868341,0.0008361438955794757,0.5766509624686039,entry,20.11,0.0253519128381192,0.8833778344658654
2023-02-09,AVAX,8,-0.00018963063719912667,0.00018961265844630258,0.0,funding,20.11,0.0,0.8832103348462598
2023-02-09,AVAX,8,0.0037246108414259764,0.0,0.0,mark,20.24,0.0,0.8865060835152152
2023-02-09,AVAX,8,-0.08346114914385581,0.0,0.0,mark,17.44,0.0,0.8155207275684815
2023-02-09,AVAX,8,0.014198639008021298,0.0,0.0,mark,17.9,0.0,0.8271826074740163
2023-02-10,AVAX,8,0.0,0.0,0.0,mark,17.9,0.0,0.8271826074740163
2023-02-10,AVAX,8,-0.0007957985912284651,0.0007954820275087245,0.5486082948336031,rotation,17.9,-0.0253519128381192,0.8265245985763029
2023-02-10,LTC,9,-0.0013602401024013784,0.0013593153951553811,0.9374588932106076,entry,92.06,0.008416606945390861,0.8254010909649835
2023-02-10,LTC,9,-0.0003084615094185925,0.00030841394005848006,0.0,funding,92.06,0.0,0.8251465257623904
2023-02-10,LTC,9,0.021293953320451846,0.0,0.0,mark,94.17,0.0,0.8429055664171652
2023-02-10,LTC,9,-0.03226809527766851,0.0,0.0,mark,90.99,0.0,0.8161407563308222
2023-02-10,LTC,9,0.02394581912395457,0.0,0.0,mark,93.34,0.0,0.8359197826524908
2023-02-11,LTC,9,-0.0002013938340711378,0.0,0.0,mark,93.32,0.0,0.8357514505135829
2023-02-11,LTC,9,-4.92622364879063e-05,4.926102312392291e-05,0.0339731193958089,resize,93.32,-0.00030425507729874013,0.8357102805420533
2023-02-11,LTC,9,-0.00029766064678137736,0.0002976163502462888,0.0,funding,93.32,0.0,0.8354615594984951
2023-02-11,LTC,9,0.014555686512814739,0.0,0.0,mark,94.83,0.0,0.8477112108193142
2023-02-11,LTC,9,-0.021278148332590688,0.0,0.0,mark,92.63,0.0,0.8298640367095116
2023-02-11,LTC,9,0.016000906736208083,0.0,0.0,mark,94.28,0.0,0.8432494172918636
2023-02-12,LTC,9,9.61988411564274e-05,0.0,0.0,mark,94.29,0.0,0.8433305408105446
2023-02-12,LTC,9,-0.0002980370971548846,0.0002979926885111814,0.0,funding,94.29,0.0,0.8430792344753849
2023-02-12,LTC,9,-0.03336239164694184,0.0,0.0,mark,90.88,0.0,0.8154161146051907
2023-02-12,LTC,9,0.03605300954756361,0.0,0.0,mark,94.57,0.0,0.8453506929984506
2023-02-12,LTC,9,-0.01996666721429144,0.0,0.0,mark,92.51,0.0,0.8286392481501809
2023-02-13,LTC,9,-9.790447423841326e-05,0.0,0.0,mark,92.5,0.0,0.8285581246314999
2023-02-13,LTC,9,-0.0002975919459389851,0.0002975476698480696,0.0,funding,92.5,0.0,0.8283115890921822
2023-02-13,LTC,9,-0.043435061063358225,0.0,0.0,mark,88.16,0.0,0.7931039819846624
2023-02-13,LTC,9,0.067624719970081,0.0,0.0,mark,95.0,0.0,0.8485924687624125
2023-02-13,LTC,9,-0.03849252823527546,0.0,0.0,mark,91.05,0.0,0.8165486788834485
2023-02-14,LTC,9,0.0,0.0,0.0,mark,91.05,0.0,0.8165486788834485
2023-02-14,LTC,9,-0.00029723518192222297,0.00029719101192196513,0.0,funding,91.05,0.0,0.8163060079552876
2023-02-14,LTC,9,0.04764188144721026,0.0,0.0,mark,95.96,0.0,0.8561376556276199
2023-02-14,LTC,9,-0.05492297745175286,0.0,0.0,mark,90.32,0.0,0.8103839910915803
2023-02-14,LTC,9,0.053595523583862936,0.0,0.0,mark,95.82,0.0,0.855001926366087
2023-02-15,LTC,9,0.0,0.0,0.0,mark,95.82,0.0,0.855001926366087
2023-02-15,LTC,9,-0.001319138120863131,0.0013182684406236652,0.9091506487059758,rotation,95.82,-0.008112351868092121,0.8538748043098862
2023-02-15,TRX,10,-0.0019555865934636663,0.0019536756798566803,1.3473625378321932,entry,0.06674,17.238221805902544,0.8522066098710636
2023-02-15,TRX,10,-0.0004436302168499504,0.0004435318275154003,0.0,funding,0.06674,0.0,0.8518286291159668
2023-02-15,TRX,10,0.08269314504248068,0.0,0.0,mark,0.071,0.0,0.9252634540091116
2023-02-15,TRX,10,-0.08289553277256831,0.0,0.0,mark,0.06673,0.0,0.8516562468979078
2023-02-15,TRX,10,0.08009702923386204,0.0,0.0,mark,0.07085,0.0,0.9226777207382262
2023-02-16,TRX,10,0.0001868107501250901,0.0,0.0,mark,0.07086,0.0,0.9228501029562853
2023-02-16,TRX,10,-3.4431131687087595e-05,3.443053894242751e-05,0.02374519927063966,resize,0.07086,0.30924724233174317,0.9228183287298775
2023-02-16,TRX,10,-0.00044277856386268507,0.0004426805519007225,0.0,funding,0.07086,0.0,0.9224098150028112
2023-02-16,TRX,10,0.013228569869934467,0.0,0.0,mark,0.07156,0.0,0.934693043336575
2023-02-16,TRX,10,-0.09670688139414012,0.0,0.0,mark,0.06665,0.0,0.8485349703097447
2023-02-16,TRX,10,0.003715439530587416,0.0,0.0,mark,0.06683,0.0,0.8516935147384268
2023-02-17,TRX,10,0.0,0.0,0.0,mark,0.06683,0.0,0.8516935147384268
2023-02-17,TRX,10,-0.0002210520947145229,0.00022102766450034523,0.15243287206920358,resize,0.06683,-1.942631880507152,0.8515052669099941
2023-02-17,TRX,10,-0.00040245912181070733,0.0004023781460017933,0.0,funding,0.06683,0.0,0.851162639799384
2023-02-17,TRX,10,0.08518430602244957,0.0,0.0,mark,0.07168,0.0,0.9268461000628605
2023-02-17,TRX,10,-0.0910683205700487,0.0,0.0,mark,0.06651,0.0,0.8461690919057113
2023-02-17,TRX,10,0.06773214338259857,0.0,0.0,mark,0.07031,0.0,0.9054674731430744
2023-02-18,TRX,10,0.0,0.0,0.0,mark,0.07031,0.0,0.9054674731430744
2023-02-18,TRX,10,-0.0017585442246703064,0.0017569988917534713,1.2117233736230835,rotation,0.07031,-15.604837167727135,0.9038765677962433
2023-02-18,LTC,11,-0.0011605684270153116,0.001159895227934816,0.7999277434033213,entry,100.12,0.007221693399844068,0.9028281656786143
2023-02-18,LTC,11,-0.0002631497430625286,0.00026311512220571453,0.0,funding,100.12,0.0,0.902590617935471
2023-02-18,LTC,11,-0.00956689398205842,0.0,0.0,mark,98.93,0.0,0.8939968027896565
2023-02-18,LTC,11,0.024023839737748347,0.0,0.0,mark,101.94,0.0,0.9157340999231871
2023-02-18,LTC,11,-0.017742778114383732,0.0,0.0,mark,99.71,0.0,0.8996297236415348
2023-02-19,LTC,11,0.0,0.0,0.0,mark,99.71,0.0,0.8996297236415348
2023-02-19,LTC,11,-0.00026300384473632726,0.00026296926225701596,0.0,funding,99.71,0.0,0.8993931486768043
2023-02-19,LTC,11,0.014270527003663202,0.0,0.0,mark,101.5,0.0,0.9123199798625252
2023-02-19,LTC,11,-0.03857168125355765,0.0,0.0,mark,96.72,0.0,0.8778002854112705
2023-02-19,LTC,11,0.005824200996554416,0.0,0.0,mark,97.43,0.0,0.8829276877251598
2023-02-20,LTC,11,0.0,0.0,0.0,mark,97.43,0.0,0.8829276877251598
2023-02-20,LTC,11,-0.0011561805317160054,0.001155512412518716,0.7969051120818732,rotation,97.43,-0.007221693399844068,0.881907453822637
2023-02-20,DOT,12,-0.0008648879929974982,0.0008645140851811609,0.596216610469766,entry,7.44,0.07067310119168742,0.881145032406981
2023-02-20,DOT,12,-0.00019607096410198077,0.00019605174344673992,0.0,funding,7.44,0.0,0.8809722823871482
2023-02-20,DOT,12,-0.015359479721673475,0.0,0.0,mark,7.25,0.0,0.8675443931607275
2023-02-20,DOT,12,0.025575496686764006,0.0,0.0,mark,7.568,0.0,0.890018439339684
2023-02-20,DOT,12,-0.0013508196190184488,0.0,0.0,mark,7.551,0.0,0.8888169966194254
2023-02-21,DOT,12,0.0,0.0,0.0,mark,7.551,0.0,0.8888169966194254
2023-02-21,DOT,12,-0.00019727866825739165,0.0001972592101005632,0.0,funding,7.551,0.0,0.8886416692807483
2023-02-21,DOT,12,0.0019068853230165491,0.0,0.0,mark,7.575,0.0,0.8903378237093488
2023-02-21,DOT,12,-0.037032366293852245,0.0,0.0,mark,7.117,0.0,0.8579695433635559
2023-02-21,DOT,12,0.010977442577381978,0.0,0.0,mark,7.251,0.0,0.867439738923242
2023-02-22,DOT,12,0.0,0.0,0.0,mark,7.251,0.0,0.867439738923242
2023-02-22,DOT,12,-0.00019410910672547157,0.0001940902687717868,0.0,funding,7.251,0.0,0.8672713773111711
2023-02-22,DOT,12,-0.030698853965692007,0.0,0.0,mark,6.88,0.0,0.841051656769055
2023-02-22,DOT,12,0.032245948122291986,0.0,0.0,mark,7.27,0.0,0.868614166233813
2023-02-22,DOT,12,-0.006857958658047569,0.0,0.0,mark,7.186,0.0,0.8626776257337113
2023-02-23,DOT,12,0.0,0.0,0.0,mark,7.186,0.0,0.8626776257337113
2023-02-23,DOT,12,-0.00019343089938922913,0.00019341219283896857,0.0,funding,7.186,0.0,0.862510773362405
2023-02-23,DOT,12,0.016093682350259042,0.0,0.0,mark,7.384,0.0,0.8765040473983592
2023-02-23,DOT,12,-0.030204306069066784,0.0,0.0,mark,7.015,0.0,0.8504256730586265
2023-02-23,DOT,12,0.006461132045836754,0.0,0.0,mark,7.093,0.0,0.8559381749515781
2023-02-24,DOT,12,0.00016512236179102958,0.0,0.0,mark,7.095,0.0,0.8560795211539615
2023-02-24,DOT,12,-0.0001924532511209473,0.0001924347331818824,0.0,funding,7.095,0.0,0.8559147817197257
2023-02-24,DOT,12,0.004202241173433537,0.0,0.0,mark,7.146,0.0,0.8595191098805017
2023-02-24,DOT,12,-0.057187923623016265,0.0,0.0,mark,6.47,0.0,0.811744093474921
2023-02-24,DOT,12,0.01245917310089879,0.0,0.0,mark,6.614,0.0,0.821921020046524
2023-02-25,DOT,12,0.0,0.0,0.0,mark,6.614,0.0,0.821921020046524
2023-02-25,DOT,12,-0.0008249647289792925,0.0008246245391318438,0.5687065787116165,rotation,6.614,-0.07067310119168742,0.8212432438041654
2023-02-25,LINK,13,-0.001222099652239219,0.0012213531925729497,0.8423125466020343,entry,7.466,0.09265248969574093,0.8202402157464662
2023-02-25,LINK,13,-0.0002771119248541572,0.0002770735328910488,0.0,funding,7.466,0.0,0.82001294889207
2023-02-25,LINK,13,0.002820744378464775,0.0,0.0,mark,7.491,0.0,0.8223292611344635
2023-02-25,LINK,13,-0.03707139726534755,0.0,0.0,mark,7.168,0.0,0.7924025069627392
2023-02-25,LINK,13,0.023687071924877907,0.0,0.0,mark,7.373,0.0,0.8113962673503661
2023-02-26,LINK,13,-0.0002284039868710443,0.0,0.0,mark,7.371,0.0,0.8112109623709746
2023-02-26,LINK,13,-0.0012214702908065224,0.0012207245996149847,0.8418790342172308,rotation,7.371,-0.09265248969574093,0.810220697193731
2023-02-26,TRX,14,-0.0014256693533436988,0.0014246535695725255,0.9825197031534658,entry,0.06785,11.732613100892834,0.8090664133853325
2023-02-26,TRX,14,-0.00032331187373294733,0.00032325961408128127,0.0,funding,0.06785,0.0,0.8088048748887754
2023-02-26,TRX,14,-0.0005804128374725918,0.0,0.0,mark,0.06781,0.0,0.8083355703647397
2023-02-26,TRX,14,0.027769039936562802,0.0,0.0,mark,0.06975,0.0,0.8310968397804719
2023-02-26,TRX,14,-0.0033938380494469298,0.0,0.0,mark,0.06951,0.0,0.8282810126362575
2023-02-27,TRX,14,0.00014164012016640266,0.0,0.0,mark,0.06952,0.0,0.8283983387672664
2023-02-27,TRX,14,-0.0003235389477648995,0.00032348661468361504,0.0,funding,0.06952,0.0,0.8281303629930491
2023-02-27,TRX,14,0.00254692040187284,0.0,0.0,mark,0.0697,0.0,0.8302422333512098
2023-02-27,TRX,14,-0.01839791335544167,0.0,0.0,mark,0.06841,0.0,0.8151071624510581
2023-02-27,TRX,14,0.014575096063719038,0.0,0.0,mark,0.06943,0.0,0.8270744278139689
2023-02-28,TRX,14,-0.0001418668618021597,0.0,0.0,mark,0.06942,0.0,0.8269571016829599
2023-02-28,TRX,14,-0.0003236366327750465,0.00032358426808913474,0.0,funding,0.06942,0.0,0.8266895113744707
2023-02-28,TRX,14,0.005801972781474816,0.0,0.0,mark,0.06983,0.0,0.8314998827458369
2023-02-28,TRX,14,-0.018369829220845308,0.0,0.0,mark,0.06854,0.0,0.8163648118456851
2023-02-28,TRX,14,0.007302875291224528,0.0,0.0,mark,0.06905,0.0,0.8223484445271404
2023-03-01,TRX,14,0.0,0.0,0.0,mark,0.06905,0.0,0.8223484445271404
2023-03-01,TRX,14,-0.0003237157802732185,0.0003236633899733894,0.0,funding,0.06905,0.0,0.8220822804418454
2023-03-01,TRX,14,0.017121493400053013,0.0,0.0,mark,0.07026,0.0,0.8362787422939257
2023-03-01,TRX,14,-0.022129148983271348,0.0,0.0,mark,0.0687,0.0,0.8179758658565328
2023-03-01,TRX,14,0.016219309901872057,0.0,0.0,mark,0.06984,0.0,0.8313510447915506
2023-03-02,TRX,14,0.000141117105194804,0.0,0.0,mark,0.06985,0.0,0.8314683709225595
2023-03-02,TRX,14,-0.00032387451422482693,0.000323822072536011,0.0,funding,0.06985,0.0,0.8311991231114393
2023-03-02,TRX,14,-0.012785139836336274,0.0,0.0,mark,0.06895,0.0,0.8206397713206357
2023-03-02,TRX,14,0.019958147902340604,0.0,0.0,mark,0.07036,0.0,0.8371827557928947
2023-03-02,TRX,14,-0.009009680859041204,0.0,0.0,mark,0.06972,0.0,0.8296738834083233
2023-03-03,TRX,14,-0.00014142234656212163,0.0,0.0,mark,0.06971,0.0,0.8295565572773143
2023-03-03,TRX,14,-0.0014306139339053424,0.0014295910936127424,0.9859248921467187,rotation,0.06971,-11.732613100892834,0.8283706306113826
2023-03-03,LINK,15,-0.0011758480677231968,0.0011751570292625958,0.8104531236293764,entry,7.275,0.0922825519040318,0.8273971650419849
2023-03-03,LINK,15,-0.00026661678061069296,0.0002665812415153193,0.0,funding,7.275,0.0,0.8271765964785017
2023-03-03,LINK,15,0.00011155707862946781,0.0,0.0,mark,7.276,0.0,0.8272688790304057
2023-03-03,LINK,15,-0.07178936568344375,0.0,0.0,mark,6.655,0.0,0.769961414298002
2023-03-03,LINK,15,0.03567173377105381,0.0,0.0,mark,6.958,0.0,0.7979230275249236
2023-03-04,LINK,15,0.0,0.0,0.0,mark,6.958,0.0,0.7979230275249236
2023-03-04,LINK,15,-0.0011675205211532614,0.0011668392342341384,0.804716713264923,rotation,6.958,-0.0922825519040318,0.7969919796305086
2023-03-04,TRX,16,-0.0017173937041401544,0.0017159198274355881,1.1833929844383364,entry,0.06714,14.04758292148295,0.7956244052903535
2023-03-04,TRX,16,-0.00038953855672768303,0.0003894626964345913,0.0,funding,0.06714,0.0,0.79531453926412
2023-03-04,TRX,16,0.007741644024655849,0.0,0.0,mark,0.06758,0.0,0.8014954757495725
2023-03-04,TRX,16,-0.02736209239474698,0.0,0.0,mark,0.06604,0.0,0.7798621980504887
2023-03-04,TRX,16,0.011818403386487063,0.0,0.0,mark,0.0667,0.0,0.7891336027786674
2023-03-05,TRX,16,0.0001779968904643265,0.0,0.0,mark,0.06671,0.0,0.7892740786078823
2023-03-05,TRX,16,-0.00010387710193131119,0.00010387170689198886,0.07163565992550955,resize,0.06671,-0.8475516336857165,0.7891920953621318
2023-03-05,TRX,16,-0.00036665179123695026,0.0003665845826831652,0.0,funding,0.06671,0.0,0.7889027897071965
2023-03-05,TRX,16,0.018894998546370643,0.0,0.0,mark,0.06785,0.0,0.8039508253752852
2023-03-05,TRX,16,-0.0217435153839869,0.0,0.0,mark,0.06654,0.0,0.7866587843882709
2023-03-05,TRX,16,0.011843297401629588,0.0,0.0,mark,0.06725,0.0,0.7960308066026069
2023-03-06,TRX,16,-0.0001658368713183868,0.0,0.0,mark,0.06724,0.0,0.7958988062897289
2023-03-06,TRX,16,-0.0003664505727192998,0.00036638343790894063,0.0,funding,0.06724,0.0,0.7956072021488528
2023-03-06,TRX,16,0.007438280730493096,0.0,0.0,mark,0.06769,0.0,0.8015472162283617
2023-03-06,TRX,16,-0.017610438168104384,0.0,0.0,mark,0.06663,0.0,0.7875551830632965
2023-03-06,TRX,16,0.012657736976913907,0.0,0.0,mark,0.06739,0.0,0.7975872068420226
2023-03-07,TRX,16,0.0,0.0,0.0,mark,0.06739,0.0,0.7975872068420226
2023-03-07,TRX,16,-0.0003664905991729022,0.0003664234496966623,0.0,funding,0.06739,0.0,0.7972949521862576
2023-03-07,TRX,16,0.0054486159431467885,0.0,0.0,mark,0.06772,0.0,0.8016509625112306
2023-03-07,TRX,16,-0.032975912315266614,0.0,0.0,mark,0.06575,0.0,0.77564690087427
2023-03-07,TRX,16,0.00914780134293747,0.0,0.0,mark,0.06629,0.0,0.7827749177696806
2023-03-08,TRX,16,0.00016861703338206144,0.0,0.0,mark,0.0663,0.0,0.7829069180825585
2023-03-08,TRX,16,-0.0016221782139228698,0.0016208631940056136,1.1178366855211128,rotation,0.0663,-13.200031287797234,0.7816379330747061
2023-03-08,ETH,17,-0.001661538472305145,0.0016601588814444885,1.1449371596168885,entry,1561.95,0.0005729545215553439,0.7803402899180382
2023-03-08,ETH,17,-0.00037685657788262984,0.0003767855763618642,0.0,funding,1561.95,0.0,0.780046268952143
2023-03-08,ETH,17,0.006545084888646078,0.0,0.0,mark,1570.89,0.0,0.7851684823748478
2023-03-08,ETH,17,-0.03511046607728624,0.0,0.0,mark,1523.61,0.0,0.758079192595711
2023-03-08,ETH,17,0.0066064750675272985,0.0,0.0,mark,1532.38,0.0,0.7631040037497515
2023-03-09,ETH,17,0.0,0.0,0.0,mark,1532.38,0.0,0.7631040037497515
2023-03-09,ETH,17,-0.00037807330210949024,0.00037800184140473515,0.0,funding,1532.38,0.0,0.7628155490311508
2023-03-09,ETH,17,0.010512594933230188,0.0,0.0,mark,1546.45,0.0,0.7708770191494344
2023-03-09,ETH,17,-0.10859127818006382,0.0,0.0,mark,1408.0,0.0,0.691551465640097
2023-03-09,ETH,17,0.024001442272755382,0.0,0.0,mark,1437.32,0.0,0.7083504922120996
2023-03-10,ETH,17,0.0,0.0,0.0,mark,1437.32,0.0,0.7083504922120996
2023-03-10,ETH,17,-0.0016871734617122601,0.001685750984668261,1.1625868859781108,rotation,1437.32,-0.0005729545215553439,0.7071563896723627
2023-03-16,ETH,18,-0.001400670028006589,0.0013996895475727623,0.9653031362570773,entry,1649.95,0.0004137217980999204,0.706166590265239
2023-03-16,ETH,18,-0.0003176376792144742,0.00031758723770776507,0.0,funding,1649.95,0.0,0.7059423207684752
2023-03-16,ETH,18,0.024013109741077565,0.0,0.0,mark,1691.42,0.0,0.7230993637356788
2023-03-16,ETH,18,-0.03448193392156901,0.0,0.0,mark,1632.18,0.0,0.6985904844162396
2023-03-16,ETH,18,0.024309019179760114,0.0,0.0,mark,1673.73,0.0,0.7157806251272912
2023-03-17,ETH,18,0.0,0.0,0.0,mark,1673.73,0.0,0.7157806251272912
2023-03-17,ETH,18,-3.3964955726912184e-05,3.396437892432743e-05,0.02342370960298443,resize,1673.73,-1.0017289229699133e-05,0.7157563140829127
2023-03-17,ETH,18,-0.00031020028425148146,0.0003101521771177581,0.0,funding,1673.73,0.0,0.7155343207038142
2023-03-17,ETH,18,0.06881829541575732,0.0,0.0,mark,1800.0,0.0,0.766510089038857
2023-03-17,ETH,18,-0.07508925353598965,0.0,0.0,mark,1662.65,0.0,0.7110612747455322
2023-03-17,ETH,18,0.06942196268345645,0.0,0.0,mark,1789.27,0.0,0.7621783396586795
2023-03-18,ETH,18,-5.2967338091143916e-06,0.0,0.0,mark,1789.26,0.0,0.7621743026135909
2023-03-18,ETH,18,-0.0013751476422822592,0.001374202560022082,0.9477259034635047,rotation,1789.26,-0.00040370450887022125,0.7611269207357563
2023-03-18,BNB,19,-0.0016128320013149644,0.0016115320867246745,1.111401439120465,entry,339.0,0.0024953320208231495,0.7599003402809207
2023-03-18,BNB,19,-0.0003657984408018826,0.00036573154470931227,0.0,funding,339.0,0.0,0.7596224207556446
2023-03-18,BNB,19,0.023697224147431493,0.0,0.0,mark,346.3,0.0,0.7778383445076535
2023-03-18,BNB,19,-0.060500844692642344,0.0,0.0,mark,328.0,0.0,0.7321737685265899
2023-03-18,BNB,19,0.010172428399140886,0.0,0.0,mark,331.0,0.0,0.7396597645890594
2023-03-19,BNB,19,0.0003373052475789819,0.0,0.0,mark,331.1,0.0,0.7399092977911417
2023-03-19,BNB,19,-0.00162042472472019,0.0016191125454342585,1.116629341678799,rotation,331.1,-0.0024953320208231495,0.7387113013646046
2023-03-19,BTC,20,-0.0011071755117115429,0.0011065628190449618,0.763146771755146,entry,26907.49,2.0951234949653083e-05,0.7378938709045062
2023-03-19,BTC,20,-0.0002510350966832475,0.0002510035900098095,0.0,funding,26907.49,0.0,0.7377086568938629
2023-03-19,BTC,20,0.041244380696008186,0.0,0.0,mark,28390.1,0.0,0.768771167342568
2023-03-19,BTC,20,-0.04352668480424303,0.0,0.0,mark,26827.22,0.0,0.7360269012644542
2023-03-19,BTC,20,0.03209082117374651,0.0,0.0,mark,27972.87,0.0,0.7600296835845243
2023-03-20,BTC,20,0.0,0.0,0.0,mark,27972.87,0.0,0.7600296835845243
2023-03-20,BTC,20,-2.1831701856708475e-05,2.183146354680248e-05,0.015056181756415503,resize,27972.87,-4.09080121429069e-07,0.7600130910241926
2023-03-20,BTC,20,-0.00024843164716254975,0.0002484007905761797,0.0,funding,27972.87,0.0,0.7598243031715339
2023-03-20,BTC,20,0.013403944188367095,0.0,0.0,mark,28472.0,0.0,0.7700775089109454
2023-03-20,BTC,20,-0.03660792052854513,0.0,0.0,mark,27124.47,0.0,0.7423963390152687
2023-03-20,BTC,20,0.01626266333698144,0.0,0.0,mark,27717.01,0.0,0.7545683874371845
2023-03-21,BTC,20,0.0,0.0,0.0,mark,27717.01,0.0,0.7545683874371845
2023-03-21,BTC,20,-0.00024793545118312815,0.00024790471772922123,0.0,funding,27717.01,0.0,0.7543813263740895
2023-03-21,BTC,20,0.01945734241480378,0.0,0.0,mark,28438.55,0.0,0.7692033127688462
2023-03-21,BTC,20,-0.030792303101646372,0.0,0.0,mark,27303.1,0.0,0.7458787230691393
2023-03-21,BTC,20,0.021857352341028917,0.0,0.0,mark,28105.47,0.0,0.7623611318386614
2023-03-22,BTC,20,6.305033787057233e-05,0.0,0.0,mark,28107.81,0.0,0.7624092004809594
2023-03-22,BTC,20,-0.0002488455823348132,0.00024881462284090757,0.0,funding,28107.81,0.0,0.7622195019232912
2023-03-22,BTC,20,0.02028173443773482,0.0,0.0,mark,28868.05,0.0,0.7778364697099003
2023-03-22,BTC,20,-0.061716041174875405,0.0,0.0,mark,26601.8,0.0,0.7312828113304376
2023-03-22,BTC,20,0.01807128499941908,0.0,0.0,mark,27250.97,0.0,0.7446181619802759
2023-03-23,BTC,20,0.0,0.0,0.0,mark,27250.97,0.0,0.7446181619802759
2023-03-23,BTC,20,-0.0010906845439381191,0.001090089963736969,0.7517861818875646,rotation,27250.97,-2.0542154828224014e-05,0.7438064611950849
2023-03-23,XRP,21,-0.0007282785297406642,0.0007280133992990046,0.5020782064131065,entry,0.4213,0.8864206360201949,0.7432649601248497
2023-03-23,XRP,21,-0.0001650876278131743,0.00016507400160064087,0.0,funding,0.4213,0.0,0.7431422664036323
2023-03-23,XRP,21,0.04021286026140346,0.0,0.0,mark,0.4557,0.0,0.7736351362827271
2023-03-23,XRP,21,-0.05185048251799688,0.0,0.0,mark,0.4116,0.0,0.7345439862342364
2023-03-23,XRP,21,0.03812181570886806,0.0,0.0,mark,0.4438,0.0,0.7630867307140867
2023-03-24,XRP,21,-0.00011616924901808207,0.0,0.0,mark,0.4437,0.0,0.7629980886504847
2023-03-24,XRP,21,-0.0007477151719568367,0.0007474357026264753,0.5154728983630864,rotation,0.4437,-0.8864206360201949,0.7624277966379915
2023-03-24,BTC,22,-0.001068291068045037,0.0010677206482847758,0.736359067782604,entry,28295.42,1.9841395589247173e-05,0.7616137367366949
2023-03-24,BTC,22,-0.00024221286592960965,0.000242183534761595,0.0,funding,28295.42,0.0,0.761429286429809
2023-03-24,BTC,22,0.0020533528478304704,0.0,0.0,mark,28374.3,0.0,0.7629943757138888
2023-03-24,BTC,22,-0.036392423220718964,0.0,0.0,mark,27000.0,0.0,0.7357263457555865
2023-03-24,BTC,22,0.012181848333391435,0.0,0.0,mark,27454.47,0.0,0.7447436648090316
2023-03-25,BTC,22,-2.664191610281788e-07,0.0,0.0,mark,27454.46,0.0,0.7447434663950757
2023-03-25,BTC,22,-0.00024033754972666466,0.00024030867097129364,0.0,funding,27454.46,0.0,0.7445644980824517
2023-03-25,BTC,22,0.008831316310152717,0.0,0.0,mark,27787.33,0.0,0.7511691034322445
2023-03-25,BTC,22,-0.016814154822877878,0.0,0.0,mark,27156.09,0.0,0.7386444208804881
2023-03-25,BTC,22,0.008209057189612116,0.0,0.0,mark,27462.95,0.0,0.7447329515310045
2023-03-26,BTC,22,2.66422922426866e-07,0.0,0.0,mark,27462.96,0.0,0.7447331499449603
2023-03-26,BTC,22,-0.00024041529876361057,0.0002403864013215045,0.0,funding,27462.96,0.0,0.7445541262231002
2023-03-26,BTC,22,0.019304386766952616,0.0,0.0,mark,28194.4,0.0,0.7590669166128993
2023-03-26,BTC,22,-0.020509633785382234,0.0,0.0,mark,27417.76,0.0,0.7436572951424663
2023-03-26,BTC,22,0.01457545530056121,0.0,0.0,mark,27968.05,0.0,0.754575816721273
2023-03-27,BTC,22,0.0,0.0,0.0,mark,27968.05,0.0,0.754575816721273
2023-03-27,BTC,22,-0.0002416434421276629,0.00024161424870272489,0.0,funding,27968.05,0.0,0.7543935004522268
2023-03-27,BTC,22,-0.03915387744354479,0.0,0.0,mark,26508.14,0.0,0.7254268486175289
2023-03-27,BTC,22,0.0406206668079315,0.0,0.0,mark,28023.86,0.0,0.7555008487400626
2023-03-27,BTC,22,-0.02389189101714205,0.0,0.0,mark,27124.91,0.0,0.7376644261751089
2023-03-28,BTC,22,-2.6897594005722005e-07,0.0,0.0,mark,27124.9,0.0,0.737664227761153
2023-03-28,BTC,22,-0.00023973128639324427,0.00023970255314449,0.0,funding,27124.9,0.0,0.7374874077623953
2023-03-28,BTC,22,0.010573689805536565,0.0,0.0,mark,27520.0,0.0,0.7453267431597068
2023-03-28,BTC,22,-0.023929405100681197,0.0,0.0,mark,26631.78,0.0,0.7277032187694257
2023-03-28,BTC,22,0.01701254496222201,0.0,0.0,mark,27261.07,0.0,0.740189210599783
2023-03-29,BTC,22,-2.6805846338269797e-07,0.0,0.0,mark,27261.06,0.0,0.7401890121858272
2023-03-29,BTC,22,-0.0010601577999840074,0.0010595960312422092,0.7307558836153167,rotation,27261.06,-1.9841395589247173e-05,0.739404710846146
2023-03-29,XRP,23,-0.0006497318686833632,0.0006495208386395411,0.4479454059583042,entry,0.5145,0.6437569356024478,0.7389244520782632
2023-03-29,XRP,23,-0.00014727541777646966,0.00014726457328455986,0.0,funding,0.5145,0.0,0.7388156346841384
2023-03-29,XRP,23,0.05961631535157255,0.0,0.0,mark,0.585,0.0,0.7842004986441109
2023-03-29,XRP,23,-0.059616315351572594,0.0,0.0,mark,0.5145,0.0,0.7388156346841384
2023-03-29,XRP,23,0.024104555279636612,0.0,0.0,mark,0.5425,0.0,0.7568408288810069
2023-03-30,XRP,23,0.0,0.0,0.0,mark,0.5425,0.0,0.7568408288810069
2023-03-30,XRP,23,-3.10954165847066e-05,3.109493312729667e-05,0.021444781467101152,resize,0.5425,-0.02991757821333252,0.7568172949660449
2023-03-30,XRP,23,-0.0001445725494298726,0.00014456209932242376,0.0,funding,0.5425,0.0,0.756707887869081
2023-03-30,XRP,23,-0.017264438430473487,0.0,0.0,mark,0.5214,0.0,0.7437558774281707
2023-03-30,XRP,23,0.02975960504331878,0.0,0.0,mark,0.558,0.0,0.7662223979086124
2023-03-30,XRP,23,-0.02113103949873652,0.0,0.0,mark,0.5319,0.0,0.7502011906807564
2023-03-31,XRP,23,0.0,0.0,0.0,mark,0.5319,0.0,0.7502011906807564
2023-03-31,XRP,23,-1.728044933644692e-05,1.7280300030326078e-05,0.011917448296776604,resize,0.5319,0.016808580376232674,0.7501882269790984
2023-03-31,XRP,23,-0.00014691618737382582,0.00014690539571915806,0.0,funding,0.5319,0.0,0.7500780202807501
2023-03-31,XRP,23,0.026631146232411126,0.0,0.0,mark,0.564,0.0,0.7703218190830177
2023-03-31,XRP,23,-0.03185759436133351,0.0,0.0,mark,0.5257,0.0,0.7461680030666048
2023-03-31,XRP,23,0.009840059532270554,0.0,0.0,mark,0.5374,0.0,0.7535465839384594
2023-04-01,XRP,23,8.36871353430356e-05,0.0,0.0,mark,0.5375,0.0,0.7536096487322359
2023-04-01,XRP,23,-0.00014778900025276786,0.00014777807999652982,0.0,funding,0.5375,0.0,0.7534982817452794
2023-04-01,XRP,23,0.0,0.0,0.0,mark,0.5375,0.0,0.7534982817452794
2023-04-01,XRP,23,-0.022281965761378676,0.0,0.0,mark,0.511171912919292,0.0,0.7368945279225244
2023-04-01,XRP,23,-0.0006345332923578148,0.00063433201868208,0.43747035771177933,stop,0.511171912919292,-0.630647937765348,0.7364270921290715
2023-04-12,XRP,24,-0.0010438475188403336,0.0010433028995353432,0.7195192410588573,entry,0.5166,1.025693887773695,0.7356587756085569
2023-04-12,XRP,24,-0.00023666724835306118,0.00023663924486907792,0.0,funding,0.5166,0.0,0.7354846898714156
2023-04-12,XRP,24,0.0018113154918280858,0.0,0.0,mark,0.5179,0.0,0.7368180919255215
2023-04-12,XRP,24,-0.02752037621554042,0.0,0.0,mark,0.4984,0.0,0.7168170611139344
2023-04-12,XRP,24,0.009257866619820412,0.0,0.0,mark,0.5049,0.0,0.7234840713844635
2023-04-13,XRP,24,0.0,0.0,0.0,mark,0.5049,0.0,0.7234840713844635
2023-04-13,XRP,24,-0.0010384549113308978,0.0010379159036239792,0.7158040714648133,rotation,0.5049,-1.025693887773695,0.7227331557607549
2023-04-13,LTC,25,-0.0018203173125296566,0.0018186615398001627,1.2542493377932156,entry,92.07,0.009845634647704223,0.7214187487668344
2023-04-13,LTC,25,-0.00041290972792529815,0.0004128244924355286,0.0,funding,92.07,0.0,0.7211209294380413
2023-04-13,LTC,25,0.033167326723773184,0.0,0.0,mark,94.54,0.0,0.7454396470178708
2023-04-13,LTC,25,-0.03878088026956607,0.0,0.0,mark,91.66,0.0,0.7170842192324826
2023-04-13,LTC,25,0.033882005978256136,0.0,0.0,mark,94.17,0.0,0.7417967621982202
2023-04-14,LTC,25,0.00013271804107522822,0.0,0.0,mark,94.18,0.0,0.7418952185446973
2023-04-14,LTC,25,-0.0018139347615998577,0.0018122905762387414,1.2498555698198215,rotation,94.18,-0.009845634647704223,0.7405506888315722
2023-04-14,XRP,26,-0.001311192499680693,0.0013103332623779001,0.9036781119847587,entry,0.5124,1.3060488842941602,0.7395803206315192
2023-04-14,XRP,26,-0.0002973300413502904,0.0002972858431541016,0.0,funding,0.5124,0.0,0.7393604538723201
2023-04-14,XRP,26,0.0584917170397646,0.0,0.0,mark,0.5465,0.0,0.783896720826751
2023-04-14,XRP,26,-0.06079075266294248,0.0,0.0,mark,0.5111,0.0,0.7376625903227377
2023-04-14,XRP,26,0.020330009330624874,0.0,0.0,mark,0.5227,0.0,0.7528127573805501
2023-04-15,XRP,26,0.0,0.0,0.0,mark,0.5227,0.0,0.7528127573805501
2023-04-15,XRP,26,-0.00029797558897135787,0.0002979311986547459,0.0,funding,0.5227,0.0,0.7525884709733811
2023-04-15,XRP,26,0.005883051819487997,0.0,0.0,mark,0.5261,0.0,0.7570290371799812
2023-04-15,XRP,26,-0.017578417769719117,0.0,0.0,mark,0.516,0.0,0.7438379434486101
2023-04-15,XRP,26,0.005602912724737867,0.0,0.0,mark,0.5192,0.0,0.7480172998783514
2023-04-16,XRP,26,0.0,0.0,0.0,mark,0.5192,0.0,0.7480172998783514
2023-04-16,XRP,26,-9.676886745658351e-05,9.676418550073792e-05,0.06673392103499166,resize,0.5192,0.09614431321820027,0.7479449185935882
2023-04-16,XRP,26,-0.0003198404558363161,0.00031978931233048587,0.0,funding,0.5192,0.0,0.7477057338024101
2023-04-16,XRP,26,0.009704462518859123,0.0,0.0,mark,0.5244,0.0,0.7549971384294744
2023-04-16,XRP,26,-0.017234049233272698,0.0,0.0,mark,0.5152,0.0,0.7420969610123607
2023-04-16,XRP,26,0.010712572552015638,0.0,0.0,mark,0.5209,0.0,0.7500894622381812
2023-04-17,XRP,26,-0.000186954269483205,0.0,0.0,mark,0.5208,0.0,0.74994924291843
2023-04-17,XRP,26,-0.0014129335616999451,0.0014119358410347857,0.9737488558860591,rotation,0.5208,-1.4021931975123605,0.7488903627033966
2023-04-17,ADA,27,-0.0016619475980244123,0.0016605673278664676,1.1452188468044604,entry,0.4512,1.9008053137370522,0.7476467798349372
2023-04-17,ADA,27,-0.00037694946707225605,0.00037687843054779835,0.0,funding,0.4512,0.0,0.7473650078899489
2023-04-17,ADA,27,0.0007627118619859397,0.0,0.0,mark,0.4515,0.0,0.74793524948407
2023-04-17,ADA,27,-0.05350497329526941,0.0,0.0,mark,0.431,0.0,0.7089687405524604
2023-04-17,ADA,27,0.008277013696963513,0.0,0.0,mark,0.4341,0.0,0.7148612370250452
2023-04-18,ADA,27,0.0,0.0,0.0,mark,0.4341,0.0,0.7148612370250452
2023-04-18,ADA,27,-0.0003792966936703849,0.00037922476977324233,0.0,funding,0.4341,0.0,0.7145901439370146
2023-04-18,ADA,27,0.03630677277636509,0.0,0.0,mark,0.448,0.0,0.7410113377979597
2023-04-18,ADA,27,-0.053477306245735344,0.0,0.0,mark,0.4277,0.0,0.7024249899290975
2023-04-18,ADA,27,0.041866991136480194,0.0,0.0,mark,0.4435,0.0,0.7324577138861429
2023-04-19,ADA,27,0.0,0.0,0.0,mark,0.4435,0.0,0.7324577138861429
2023-04-19,ADA,27,-0.0003782002820642693,0.0003781287733527968,0.0,funding,0.4435,0.0,0.7321807505492584
2023-04-19,ADA,27,-0.09926533569779329,0.0,0.0,mark,0.4071,0.0,0.6629914371292297
2023-04-19,ADA,27,0.0992653356977932,0.0,0.0,mark,0.4435,0.0,0.7321807505492584
2023-04-19,ADA,27,-0.07323067479464253,0.0,0.0,mark,0.4163,0.0,0.6804788460156105
2023-04-20,ADA,27,0.0,0.0,0.0,mark,0.4163,0.0,0.6804788460156105
2023-04-20,ADA,27,-0.0016875778751748538,0.0016861547163089091,1.162865321592351,rotation,0.4163,-1.9008053137370522,0.6793314534000529
2023-04-20,DOGE,28,-0.0007912102284796529,0.0007908973042018219,0.5454464166909115,entry,0.08787,4.216898907505267,0.6787941719848992
2023-04-20,DOGE,28,-0.00017936003484975022,0.00017934395080028442,0.0,funding,0.08787,0.0,0.6786724343563152
2023-04-20,DOGE,28,0.034383781494768915,0.0,0.0,mark,0.0935,0.0,0.7024135752055698
2023-04-20,DOGE,28,-0.06825509761853374,0.0,0.0,mark,0.08251,0.0,0.6560698562120869
2023-04-20,DOGE,28,0.008830863729245545,0.0,0.0,mark,0.08389,0.0,0.6618891767044442
2023-04-21,DOGE,28,6.37080153628711e-05,0.0,0.0,mark,0.0839,0.0,0.6619313456935193
2023-04-21,DOGE,28,-1.4651675320461706e-05,1.4651567985125444e-05,0.010104529644914097,resize,0.0839,-0.07971996311630569,0.6619216473614064
2023-04-21,DOGE,28,-0.00017230112686243674,0.00017228628387575709,0.0,funding,0.0839,0.0,0.6618076073405655
2023-04-21,DOGE,28,0.004988601653556144,0.0,0.0,mark,0.0847,0.0,0.6651173504960767
2023-04-21,DOGE,28,-0.05432093040899733,0.0,0.0,mark,0.0762,0.0,0.6299513294687705
2023-04-21,DOGE,28,0.014474494169739829,0.0,0.0,mark,0.07842,0.0,0.639135866725314
2023-04-22,DOGE,28,0.0,0.0,0.0,mark,0.07842,0.0,0.639135866725314
2023-04-22,DOGE,28,-0.000166788150348372,0.0001667742419780864,0.0,funding,0.07842,0.0,0.6390292753256198
2023-04-22,DOGE,28,0.01662904695725598,0.0,0.0,mark,0.08101,0.0,0.6497445687915872
2023-04-22,DOGE,28,-0.018248898667143656,0.0,0.0,mark,0.07817,0.0,0.6379949805895225
2023-04-22,DOGE,28,0.013589865401284002,0.0,0.0,mark,0.08028,0.0,0.6467244281621832
2023-04-23,DOGE,28,6.396923387399033e-05,0.0,0.0,mark,0.08029,0.0,0.6467657999516271
2023-04-23,DOGE,28,-0.0007449866333737993,0.0007447091997308127,0.5135925515384915,rotation,0.08029,-4.137178944388961,0.6462841475103318
2023-04-23,ETH,29,-0.001502430559070402,0.0015013024753045617,1.0353810174514217,entry,1874.17,0.0003570382293025564,0.6453138795199245
2023-04-23,ETH,29,-0.00034073575215369945,0.00034067770832010337,0.0,funding,1874.17,0.0,0.6450940354663025
2023-04-23,ETH,29,0.0043297938001599515,0.0,0.0,mark,1882.01,0.0,0.6478932151840345
2023-04-23,ETH,29,-0.02547279077631535,0.0,0.0,mark,1836.37,0.0,0.6315979903986658
2023-04-23,ETH,29,0.014384517013951083,0.0,0.0,mark,1862.0,0.0,0.6407488802156904
2023-04-24,ETH,29,5.572186633249993e-06,0.0,0.0,mark,1862.01,0.0,0.6407524505979835
2023-04-24,ETH,29,-0.0015055713612601915,0.0015044385572753837,1.037543832603713,rotation,1862.01,-0.0003570382293025564,0.6397884779056352
2023-04-24,BNB,30,-0.0019555865934636663,0.0019536756798566807,1.3473625378321934,entry,330.6,0.0026074622724341586,0.6385385387160984
2023-04-24,BNB,30,-0.0004436302168500615,0.0004435318275154004,0.0,funding,330.6,0.0,0.6382553265510826
2023-04-24,BNB,30,0.013794426120297949,0.0,0.0,mark,334.0,0.0,0.6471206982773587
2023-04-24,BNB,30,-0.025712525304097858,0.0,0.0,mark,327.7,0.0,0.6306936859610235
2023-04-24,BNB,30,0.014366277866835276,0.0,0.0,mark,331.2,0.0,0.6398198039145431
2023-04-25,BNB,30,0.0,0.0,0.0,mark,331.2,0.0,0.6398198039145431
2023-04-25,BNB,30,-0.00044354533465265633,0.000443446982962378,0.0,funding,331.2,0.0,0.6395360777528576
2023-04-25,BNB,30,0.035249968905186314,0.0,0.0,mark,340.0,0.0,0.6624817457502782
2023-04-25,BNB,30,-0.04590705400196801,0.0,0.0,mark,328.6,0.0,0.6327566758445289
2023-04-25,BNB,30,0.039589700586422756,0.0,0.0,mark,338.4,0.0,0.6583098061143835
2023-04-26,BNB,30,0.0,0.0,0.0,mark,338.4,0.0,0.6583098061143835
2023-04-26,BNB,30,-0.0004404582262651477,0.0004403612387808717,0.0,funding,338.4,0.0,0.6580199119926614
2023-04-26,BNB,30,0.02581694172772716,0.0,0.0,mark,345.0,0.0,0.6752291629907269
2023-04-26,BNB,30,-0.09513245363593381,0.0,0.0,mark,321.5,0.0,0.6139537995885241
2023-04-26,BNB,30,0.03791958551263067,0.0,0.0,mark,330.6,0.0,0.6376817062676751
2023-04-27,BNB,30,0.0,0.0,0.0,mark,330.6,0.0,0.6376817062676751
2023-04-27,BNB,30,-0.00044422644095785306,0.00044412778700112567,0.0,funding,330.6,0.0,0.6373984941026593
2023-04-27,BNB,30,0.024248347597953173,0.0,0.0,mark,336.6,0.0,0.6530432677372642
2023-04-27,BNB,30,-0.03411475269931919,0.0,0.0,mark,328.2,0.0,0.6311405846488172
2023-04-27,BNB,30,0.011092889138264029,0.0,0.0,mark,330.9,0.0,0.6381807327843894
2023-04-28,BNB,30,0.0,0.0,0.0,mark,330.9,0.0,0.6381807327843894
2023-04-28,BNB,30,-0.000444281883727915,0.00044418320514604914,0.0,funding,330.9,0.0,0.6378972636210387
2023-04-28,BNB,30,0.0,0.0,0.0,mark,330.9,0.0,0.6378972636210387
2023-04-28,BNB,30,-0.04083152435979531,0.0,0.0,mark,321.112043839303,0.0,0.6123755372077818
2023-04-28,BNB,30,-0.001984520816860802,0.0019825529573924026,1.3672779016499326,stop,321.112043839303,-0.0026074622724341586,0.6111614702754558
2023-04-29,ADA,31,-0.0015037161369440043,0.0015025861223118895,1.0362662912495788,entry,0.4044,1.5660881062240017,0.6102431475317281
2023-04-29,ADA,31,-0.00034102757697467896,0.0003409694336803153,0.0,funding,0.4044,0.0,0.610035073271307
2023-04-29,ADA,31,0.008436108576097017,0.0,0.0,mark,0.4077,0.0,0.6152031640218463
2023-04-29,ADA,31,-0.022135734088253586,0.0,0.0,mark,0.3991,0.0,0.6017348063083199
2023-04-29,ADA,31,0.008551979197807801,0.0,0.0,mark,0.4024,0.0,0.606902897058859
2023-04-30,ADA,31,0.00025801262232426434,0.0,0.0,mark,0.4025,0.0,0.6070595058694815
2023-04-30,ADA,31,-1.596468474913116e-05,1.5964557314247525e-05,0.011010039527067259,resize,0.4025,-0.01660558796249667,0.6070498144332069
2023-04-30,ADA,31,-0.00033759232251648233,0.0003375353446404375,0.0,funding,0.4025,0.0,0.6068449136648784
2023-04-30,ADA,31,-0.02089893844133151,0.0,0.0,mark,0.3944,0.0,0.5942941052669601
2023-04-30,ADA,31,0.05231695612659919,0.0,0.0,mark,0.415,0.0,0.6262134451431471
2023-04-30,ADA,31,-0.04919312178014948,0.0,0.0,mark,0.3956,0.0,0.5961534842888739
2023-05-01,ADA,31,0.00025987958275458306,0.0,0.0,mark,0.3957,0.0,0.5963084325407001
2023-05-01,ADA,31,-0.0003378673040912856,0.0003378102333613153,0.0,funding,0.3957,0.0,0.5961069934499482
2023-05-01,ADA,31,0.005702250975550399,0.0,0.0,mark,0.3979,0.0,0.5995158549901235
2023-05-01,ADA,31,-0.047096956895179974,0.0,0.0,mark,0.3801,0.0,0.5719350661650687
2023-05-01,ADA,31,0.017988820180433837,0.0,0.0,mark,0.3868,0.0,0.5823165990374208
2023-05-02,ADA,31,-0.0002661247692074695,0.0,0.0,mark,0.3867,0.0,0.5821616507855947
2023-05-02,ADA,31,-0.001493514811383702,0.0014924000731662388,1.0292414297698198,rotation,0.3867,-1.549482518261505,0.5812928326953677
2023-05-02,BNB,32,-0.001810285037952562,0.0018086474603031047,1.2473430760711066,entry,328.4,0.0022078915652628717,0.5802414788898208
2023-05-02,BNB,32,-0.0004106315395356009,0.0004105472419438829,0.0,funding,328.4,0.0,0.5800032623510012
2023-05-02,BNB,32,0.0003805963823713784,0.0,0.0,mark,328.5,0.0,0.5802240515075275
2023-05-02,BNB,32,-0.027388875778363353,0.0,0.0,mark,321.4,0.0,0.564548021394161
2023-05-02,BNB,32,0.0003910136696700774,0.0,0.0,mark,321.5,0.0,0.5647688105506874
2023-05-03,BNB,32,-0.0003910136696700318,0.0,0.0,mark,321.4,0.0,0.564548021394161
2023-05-03,BNB,32,-6.730384994246053e-05,6.730158508907749e-05,0.04641488626832929,resize,321.4,-8.152903611082863e-05,0.5645100264174623
2023-05-03,BNB,32,-0.00039782212010573063,0.00039774299937842916,0.0,funding,321.4,0.0,0.5642854965063758
2023-05-03,BNB,32,0.023094341748878203,0.0,0.0,mark,327.6,0.0,0.5774689441871186
2023-05-03,BNB,32,-0.02686969829504394,0.0,0.0,mark,320.4,0.0,0.5621591339772237
2023-05-03,BNB,32,0.02059026506678961,0.0,0.0,mark,325.9,0.0,0.57385412788756
2023-05-04,BNB,32,0.0,0.0,0.0,mark,325.9,0.0,0.57385412788756
2023-05-04,BNB,32,-0.0017525429394265489,0.0017510081327851443,1.2075918157138925,rotation,325.9,-0.002126362529152043,0.5728493046425965
2023-05-04,TRX,33,-0.0019555865934636663,0.0019536756798566807,1.3473625378321934,entry,0.06927,11.142423746191081,0.5717301428878935
2023-05-04,TRX,33,-0.0004436302168499504,0.0004435318275154003,0.0,funding,0.06927,0.0,0.5714765623727728
2023-05-04,TRX,33,0.007768786307799677,0.0,0.0,mark,0.06967,0.0,0.5759335318712492
2023-05-04,TRX,33,-0.014420042334020796,0.0,0.0,mark,0.06893,0.0,0.5676881382990678
2023-05-04,TRX,33,0.009182737649704086,0.0,0.0,mark,0.0694,0.0,0.5729250774597776
2023-05-05,TRX,33,0.0,0.0,0.0,mark,0.0694,0.0,0.5729250774597776
2023-05-05,TRX,33,-0.0004435357588898907,0.00044343741144596695,0.0,funding,0.0694,0.0,0.5726710210464764
2023-05-05,TRX,33,0.037613812290688636,0.0,0.0,mark,0.07137,0.0,0.5946215958264728
2023-05-05,TRX,33,-0.03800302675670959,0.0,0.0,mark,0.06938,0.0,0.5724481725715524
2023-05-05,TRX,33,0.02953486693034986,0.0,0.0,mark,0.07092,0.0,0.5896075051406867
2023-05-06,TRX,33,-0.00018899821714124483,0.0,0.0,mark,0.07091,0.0,0.5894960809032248
2023-05-06,TRX,33,-0.0004404462264364915,0.00044034924423618004,0.0,funding,0.07091,0.0,0.5892364967495188
2023-05-06,TRX,33,-0.025084004151544007,0.0,0.0,mark,0.0696,0.0,0.5746399216420085
2023-05-06,TRX,33,0.028482012643290477,0.0,0.0,mark,0.07109,0.0,0.5912421330238332
2023-05-06,TRX,33,-0.01595710175844361,0.0,0.0,mark,0.07025,0.0,0.5818824970770328
2023-05-07,TRX,33,-0.00019150757696814925,0.0,0.0,mark,0.07024,0.0,0.5817710728395707
2023-05-07,TRX,33,-0.00044207816440605175,0.0004419804622521281,0.0,funding,0.07024,0.0,0.5815139413918722
2023-05-07,TRX,33,0.004588112986494765,0.0,0.0,mark,0.07048,0.0,0.5841881230909581
2023-05-07,TRX,33,-0.02765375322003259,0.0,0.0,mark,0.06905,0.0,0.5682544571339049
2023-05-07,TRX,33,0.002936906913317484,0.0,0.0,mark,0.0692,0.0,0.5699258206958335
2023-05-08,TRX,33,-0.00019552567530717782,0.0,0.0,mark,0.06919,0.0,0.5698143964583716
2023-05-08,TRX,33,-0.0004446078710741154,0.0004445090476411322,0.0,funding,0.06919,0.0,0.5695611088036697
2023-05-08,TRX,33,0.004099850901344047,0.0,0.0,mark,0.0694,0.0,0.5719010177903698
2023-05-08,TRX,33,-0.030581738224269916,0.0,0.0,mark,0.06785410657924472,0.0,0.5546760182298656
2023-05-08,TRX,33,-0.0019783993165714657,0.001976443574602429,1.3630645342085714,stop,0.06785410657924472,-11.142423746191081,0.5535797323776491
2023-05-16,TRX,34,-0.0019555865934635553,0.0019536756798566807,1.3473625378321934,entry,0.07025,10.617403460623711,0.5524982171176414
2023-05-16,TRX,34,-0.0004436302168500615,0.00044353182751540043,0.0,funding,0.07025,0.0,0.5522531665737042
2023-05-16,TRX,34,0.009947674107480004,0.0,0.0,mark,0.07077,0.0,0.5577742163732284
2023-05-16,TRX,34,-0.01631233664605049,0.0,0.0,mark,0.06992,0.0,0.5487494234316982
2023-05-16,TRX,34,0.012115775843520025,0.0,0.0,mark,0.07055,0.0,0.5554383876118912
2023-05-17,TRX,34,-0.00019117184919349972,0.0,0.0,mark,0.07054,0.0,0.555332213577285
2023-05-17,TRX,34,-0.0004431881753200977,0.00044308998194722625,0.0,funding,0.07054,0.0,0.5550861514367963
2023-05-17,TRX,34,0.01631580963047163,0.0,0.0,mark,0.0714,0.0,0.5642171184129326
2023-05-17,TRX,34,-0.02284039428924289,0.0,0.0,mark,0.0702,0.0,0.5514762342601841
2023-05-17,TRX,34,0.019258578781634485,0.0,0.0,mark,0.07121,0.0,0.562199811755414
2023-05-18,TRX,34,0.00018883679417865652,0.0,0.0,mark,0.07122,0.0,0.5623059857900203
2023-05-18,TRX,34,-0.0004419107446363435,0.000441813116464808,0.0,funding,0.07122,0.0,0.5620575516300317
2023-05-18,TRX,34,0.0028295294811740064,0.0,0.0,mark,0.07137,0.0,0.5636501621491252
2023-05-18,TRX,34,-0.0294378488973874,0.0,0.0,mark,0.06983,0.0,0.5472993608197647
2023-05-18,TRX,34,0.006381471938491419,0.0,0.0,mark,0.07016,0.0,0.5508031039617705
2023-05-19,TRX,34,-0.00019278081101860143,0.0,0.0,mark,0.07015,0.0,0.5506969299271642
2023-05-19,TRX,34,-0.0004444479110935611,0.00044434915875141845,0.0,funding,0.07015,0.0,0.5504522282096241
2023-05-19,TRX,34,0.013221284447832268,0.0,0.0,mark,0.07084,0.0,0.5577782365974545
2023-05-19,TRX,34,-0.014765557045337543,0.0,0.0,mark,0.07007,0.0,0.5496028359327741
2023-05-19,TRX,34,0.011524331072026498,0.0,0.0,mark,0.07067,0.0,0.5559732780091484
2023-05-20,TRX,34,-0.00019098790914486602,0.0,0.0,mark,0.07066,0.0,0.5558671039745422
2023-05-20,TRX,34,-0.0004435149937690865,0.00044341665553289714,0.0,funding,0.07066,0.0,0.555620623242377
2023-05-20,TRX,34,0.04337848501206891,0.0,0.0,mark,0.07298,0.0,0.580252999271024
2023-05-20,TRX,34,-0.04586575716835052,0.0,0.0,mark,0.07053,0.0,0.5542403607924958
2023-05-20,TRX,34,0.03833534120200356,0.0,0.0,mark,0.07257,0.0,0.5758998638521682
2023-05-21,TRX,34,0.0,0.0,0.0,mark,0.07257,0.0,0.5758998638521682
2023-05-21,TRX,34,-0.0004396579762534519,0.0004395613408480417,0.0,funding,0.07257,0.0,0.5756467205358191
2023-05-21,TRX,34,0.05400614801013831,0.0,0.0,mark,0.07557857595241431,0.0,0.6075899852645321
2023-05-21,TRX,34,-0.0009579711482721208,0.0009575124403995644,0.6603534071721132,partial_tp,0.07557857595241431,-5.3087017303118555,0.6070082102949791
2023-05-21,TRX,34,0.014942827778981472,0.0,0.0,mark,0.0773,0.0,0.6161467371149977
2023-05-21,TRX,34,-0.046830425792760075,0.0,0.0,mark,0.07199,0.0,0.5879575309270417
2023-05-21,TRX,34,0.02690260820857293,0.0,0.0,mark,0.07501,0.0,0.6039898101525835
2023-05-22,TRX,34,-8.78977584717429e-05,0.0,0.0,mark,0.075,0.0,0.6039367231352804
2023-05-22,TRX,34,-0.0002166188316467751,0.00021659537148158094,0.0,funding,0.075,0.0,0.6038059132363814
2023-05-22,TRX,34,0.03795557908632636,0.0,0.0,mark,0.0794,0.0,0.6271642008497537
2023-05-22,TRX,34,-0.04501408501466293,0.0,0.0,mark,0.0742,0.0,0.599558951852132
2023-05-22,TRX,34,0.0330928515927609,0.0,0.0,mark,0.078,0.0,0.6197320184273171
2023-05-23,TRX,34,0.0,0.0,0.0,mark,0.078,0.0,0.6197320184273171
2023-05-23,TRX,34,-0.0002195420356811452,0.0002195179380920822,0.0,funding,0.078,0.0,0.6195959761324623
2023-05-23,TRX,34,-0.0035190669134595,0.0,0.0,mark,0.07759,0.0,0.6174194084230344
2023-05-23,TRX,34,0.019498562342589645,0.0,0.0,mark,0.07988,0.0,0.6295763353854485
2023-05-23,TRX,34,-0.011875286589059713,0.0,0.0,mark,0.07848,0.0,0.6221441529630118
2023-05-24,TRX,34,0.0,0.0,0.0,mark,0.07848,0.0,0.6221441529630118
2023-05-24,TRX,34,-0.00022003668661260467,0.00022001248031643794,0.0,funding,0.07848,0.0,0.6220072734848041
2023-05-24,TRX,34,0.0011941573715541737,0.0,0.0,mark,0.07862,0.0,0.6227504917270478
2023-05-24,TRX,34,-0.01901909811112883,0.0,0.0,mark,0.07641,0.0,0.6110182609030587
2023-05-24,TRX,34,0.003902105814745901,0.0,0.0,mark,0.07686,0.0,0.613407176681699
2023-05-25,TRX,34,-8.654824502955958e-05,0.0,0.0,mark,0.07685,0.0,0.6133540896643959
2023-05-25,TRX,34,-0.00021855432774861154,0.00021853044649141067,0.0,funding,0.07685,0.0,0.6132200531213242
2023-05-25,TRX,34,0.012902045819968521,0.0,0.0,mark,0.07835,0.0,0.621183105716792
2023-05-25,TRX,34,-0.014808421794442068,0.0,0.0,mark,0.07663,0.0,0.6120521387406557
2023-05-25,TRX,34,0.001213568768443439,0.0,0.0,mark,0.07677,0.0,0.6127953569828993
2023-05-26,TRX,34,-8.663465922075392e-05,0.0,0.0,mark,0.07676,0.0,0.6127422699655961
2023-05-26,TRX,34,-0.00021851634157757187,0.00021849246862066743,0.0,funding,0.07676,0.0,0.6126083903944031
2023-05-26,TRX,34,0.005961551467114402,0.0,0.0,mark,0.07745,0.0,0.6162713945883183
2023-05-26,TRX,34,-0.016303178008641443,0.0,0.0,mark,0.07557275665033215,0.0,0.6063056695697201
2023-05-26,TRX,34,-0.000959927406325285,0.0009594668233998525,0.6617012575171396,stop,0.07557275665033215,-5.3087017303118555,0.6057239393949287
2023-05-31,LTC,35,-0.001721675674989574,0.001720194441614501,1.1863409942168972,entry,92.25,0.00778964921932526,0.6046819764412288
2023-05-31,LTC,35,-0.00039051081779538013,0.00039043457837038413,0.0,funding,92.25,0.0,0.6044458876887088
2023-05-31,LTC,35,0.006038740622432165,0.0,0.0,mark,92.72,0.0,0.6081070228217916
2023-05-31,LTC,35,-0.06920696751259435,0.0,0.0,mark,87.5,0.0,0.5674450538969138
2023-05-31,LTC,35,0.03930200129266449,0.0,0.0,mark,90.42,0.0,0.5901908296173436
2023-06-01,LTC,35,0.0,0.0,0.0,mark,90.42,0.0,0.5901908296173436
2023-06-01,LTC,35,-0.001731944542366726,0.001730445591909115,1.1934107530407687,rotation,90.42,-0.00778964921932526,0.5891695364978471
2023-06-01,XRP,36,-0.0019555865934635553,0.0019536756798566807,1.3473625378321936,entry,0.5167,1.5363362916763237,0.5880184903030788
2023-06-01,XRP,36,-0.0004436302168500615,0.0004435318275154004,0.0,funding,0.5167,0.0,0.5877576853874619
2023-06-01,XRP,36,0.0,0.0,0.0,mark,0.5167,0.0,0.5877576853874619
2023-06-01,XRP,36,-0.040814263627460295,0.0,0.0,mark,0.5014,0.0,0.5642517401248139
2023-06-01,XRP,36,0.01379067457303929,0.0,0.0,mark,0.5065,0.0,0.5720870552123631
2023-06-02,XRP,36,0.0,0.0,0.0,mark,0.5065,0.0,0.5720870552123631
2023-06-02,XRP,36,-1.861834408316664e-05,1.8618170762857515e-05,0.01284011776748794,resize,0.5065,-0.014502794002333896,0.572076403997878
2023-06-02,XRP,36,-0.0004427715608042011,0.0004426735519425234,0.0,funding,0.5065,0.0,0.5718231609041378
2023-06-02,XRP,36,0.05337415562937233,0.0,0.0,mark,0.5271,0.0,0.603172930956222
2023-06-02,XRP,36,-0.06192701402268258,0.0,0.0,mark,0.5033,0.0,0.566953293711581
2023-06-02,XRP,36,0.05509147869087025,0.0,0.0,mark,0.5244,0.0,0.5990639805125022
2023-06-03,XRP,36,0.0002540029579894241,0.0,0.0,mark,0.5245,0.0,0.5992161638622696
2023-06-03,XRP,36,-0.0004377389417465773,0.0004376431480340096,0.0,funding,0.5245,0.0,0.598953921013964
2023-06-03,XRP,36,0.02385106875877778,0.0,0.0,mark,0.534,0.0,0.6134113392418671
2023-06-03,XRP,36,-0.04984836068494132,0.0,0.0,mark,0.5144,0.0,0.5835834026874568
2023-06-03,XRP,36,0.011408726137335373,0.0,0.0,mark,0.5188,0.0,0.5902794700772225
2023-06-04,XRP,36,0.0,0.0,0.0,mark,0.5188,0.0,0.5902794700772225
2023-06-04,XRP,36,-0.0004395374560833782,0.00043944087364685113,0.0,funding,0.5188,0.0,0.590020077151196
2023-06-04,XRP,36,0.0702124010314379,0.0,0.0,mark,0.547,0.0,0.6329357817856025
2023-06-04,XRP,36,-0.07980160770956987,0.0,0.0,mark,0.5151,0.0,0.5843892932098022
2023-06-04,XRP,36,0.05275010551993134,0.0,0.0,mark,0.5359,0.0,0.6160434299614213
2023-06-05,XRP,36,0.0,0.0,0.0,mark,0.5359,0.0,0.6160434299614213
2023-06-05,XRP,36,-0.00043503585363328565,0.00043494123925702684,0.0,funding,0.5359,0.0,0.6157754872685577
2023-06-05,XRP,36,0.017637687140235735,0.0,0.0,mark,0.5431,0.0,0.6267326884518104
2023-06-05,XRP,36,-0.14728333172855396,0.0,0.0,mark,0.4867,0.0,0.5409012791829974
2023-06-05,XRP,36,0.06085176727259272,0.0,0.0,mark,0.509,0.0,0.5748381661811273
2023-06-06,XRP,36,-0.00026477625683149513,0.0,0.0,mark,0.5089,0.0,0.5746859828313599
2023-06-06,XRP,36,-0.0004428495087219992,0.0004427514653516191,0.0,funding,0.5089,0.0,0.5744315397703442
2023-06-06,XRP,36,0.0613941496113337,0.0,0.0,mark,0.5328,0.0,0.6108033603647526
2023-06-06,XRP,36,-0.07127574386607093,0.0,0.0,mark,0.5051884598623166,0.0,0.5687831936608561
2023-06-06,XRP,36,-0.0019618588140314103,0.0019599356269079005,1.3516797426951037,stop,0.5051884598623166,-1.5218334976739898,0.5676684152156137
2023-06-14,XRP,37,-0.0014979664582416565,0.0014968450664922302,1.0323069424084346,entry,0.5193,1.1284576276007547,0.5668187035488947
2023-06-14,XRP,37,-0.0003397224095498192,0.0003396647104262469,0.0,funding,0.5193,0.0,0.5666261752380897
2023-06-14,XRP,37,0.002386994603908066,0.0,0.0,mark,0.5205,0.0,0.5679803243912106
2023-06-14,XRP,37,-0.12580588834039685,0.0,0.0,mark,0.461,0.0,0.5008370955489657
2023-06-14,XRP,37,0.04213476366743843,0.0,0.0,mark,0.4801,0.0,0.5223906362361401
2023-06-15,XRP,37,0.0002159946375990458,0.0,0.0,mark,0.4802,0.0,0.5225034819989002
2023-06-15,XRP,37,-0.0003407871758741219,0.00034072911452034,0.0,funding,0.4802,0.0,0.522325449850145
2023-06-15,XRP,37,0.012025913768641767,0.0,0.0,mark,0.4858,0.0,0.5286448125647092
2023-06-15,XRP,37,-0.042516301747046965,0.0,0.0,mark,0.4663,0.0,0.5066398888264945
2023-06-15,XRP,37,0.030274319712105743,0.0,0.0,mark,0.4801,0.0,0.5222126040873849
2023-06-16,XRP,37,0.0,0.0,0.0,mark,0.4801,0.0,0.5222126040873849
2023-06-16,XRP,37,-0.0015054435552240204,0.0015043109435073563,1.0374558231085214,rotation,0.4801,-1.1284576276007547,0.5214270339522188
2023-06-22,BTC,38,-0.0014489497651043268,0.0014479005442108945,0.9985520994557893,entry,29993.89,1.735927082035685e-05,0.5206720594659932
2023-06-22,BTC,38,-0.0003285960762336375,0.00032854209445585213,0.0,funding,29993.89,0.0,0.5205009967770515
2023-06-22,BTC,38,-0.015740884371648278,0.0,0.0,mark,29525.61,0.0,0.5123719974372949
2023-06-22,BTC,38,0.032479327261358076,0.0,0.0,mark,30500.0,0.0,0.5292866973319423
2023-06-22,BTC,38,-0.020379330162161136,0.0,0.0,mark,29884.92,0.0,0.5186093570357572
2023-06-23,BTC,38,0.0,0.0,0.0,mark,29884.92,0.0,0.5186093570357572
2023-06-23,BTC,38,-0.0003642259745378858,0.00036415965231001695,0.25114458780001164,resize,29884.92,-4.358249351243849e-06,0.5184205004326143
2023-06-23,BTC,38,-0.000246258880530352,0.0002462285613010731,0.0,funding,29884.92,0.0,0.5182928504986438
2023-06-23,BTC,38,0.03807191702129019,0.0,0.0,mark,31431.94,0.0,0.538405690731791
2023-06-23,BTC,38,-0.040204349125688224,0.0,0.0,mark,29800.0,0.0,0.5171888037554867
2023-06-23,BTC,38,0.022089218480724676,0.0,0.0,mark,30688.5,0.0,0.5287402113307936
2023-06-24,BTC,38,2.4588672450488205e-07,0.0,0.0,mark,30688.51,0.0,0.5287403413410083
2023-06-24,BTC,38,-0.00024794519263459356,0.0002479144567656941,0.0,funding,30688.51,0.0,0.5286092589665147
2023-06-24,BTC,38,-0.010843631442555512,0.0,0.0,mark,30250.0,0.0,0.5229081810420939
2023-06-24,BTC,38,0.013581949379503406,0.0,0.0,mark,30800.0,0.0,0.530058742850106
2023-06-24,BTC,38,-0.006707911399330523,0.0,0.0,mark,30527.43,0.0,0.5265150544282698
2023-06-25,BTC,38,2.469258905573835e-07,0.0,0.0,mark,30527.44,0.0,0.5265151844384846
2023-06-25,BTC,38,-0.0002476861747320488,0.00024765550304373557,0.0,funding,30527.44,0.0,0.5263847900556222
2023-06-25,BTC,38,0.012726677483525396,0.0,0.0,mark,31046.01,0.0,0.5331267297588601
2023-06-25,BTC,38,-0.01891925271580697,0.0,0.0,mark,30277.49,0.0,0.5231351847394174
2023-06-25,BTC,38,0.004591311929153127,0.0,0.0,mark,30462.66,0.0,0.5255425838848531
2023-06-26,BTC,38,2.4738280517273013e-07,0.0,0.0,mark,30462.67,0.0,0.5255427138950678
2023-06-26,BTC,38,-0.0002476180001481904,0.0002475873453414066,0.0,funding,30462.67,0.0,0.525412596169671
2023-06-26,BTC,38,0.005018665042065146,0.0,0.0,mark,30666.0,0.0,0.5280560938649858
2023-06-26,BTC,38,-0.01828690167856543,0.0,0.0,mark,29930.0,0.0,0.5184873420637186
2023-06-26,BTC,38,0.008439355793365511,0.0,0.0,mark,30267.99,0.0,0.5228815573100641
2023-06-27,BTC,38,0.0,0.0,0.0,mark,30267.99,0.0,0.5228815573100641
2023-06-27,BTC,38,-0.0002472876636737201,0.0002472570905996752,0.0,funding,30267.99,0.0,0.5227522711374755
2023-06-27,BTC,38,0.017918728846213622,0.0,0.0,mark,30994.97,0.0,0.5322037537250912
2023-06-27,BTC,38,-0.018959347300648376,0.0,0.0,mark,30226.17,0.0,0.5222085684196371
2023-06-27,BTC,38,0.011541502230844908,0.0,0.0,mark,30692.44,0.0,0.5282705547000405
2023-06-28,BTC,38,0.0,0.0,0.0,mark,30692.44,0.0,0.5282705547000405
2023-06-28,BTC,38,-0.0002481974998920682,0.0002481667014407043,0.0,funding,30692.44,0.0,0.5281394555390123
2023-06-28,BTC,38,0.00042577730187653084,0.0,0.0,mark,30709.74,0.0,0.5283643732104281
2023-06-28,BTC,38,-0.021160687345556504,0.0,0.0,mark,29858.8,0.0,0.517301284001501
2023-06-28,BTC,38,0.005479155381255186,0.0,0.0,mark,30077.41,0.0,0.5201434373048638
2023-06-29,BTC,38,-2.49950728266503e-07,0.0,0.0,mark,30077.4,0.0,0.5201433072946491
2023-06-29,BTC,38,-0.00024702414977207103,0.00024699364181879433,0.0,funding,30077.4,0.0,0.5200148352049127
2023-06-29,BTC,38,-0.0006857693911669171,0.0,0.0,mark,30049.98,0.0,0.5196583471962295
2023-06-29,BTC,38,0.019669884411200482,0.0,0.0,mark,30843.98,0.0,0.5299811582427052
2023-06-29,BTC,38,-0.009778405097258594,0.0,0.0,mark,30447.31,0.0,0.5248240430565522
2023-06-30,BTC,38,0.0,0.0,0.0,mark,30447.31,0.0,0.5248240430565522
2023-06-30,BTC,38,-0.00024783207798171616,0.0002478013701491475,0.0,funding,30447.31,0.0,0.5246939909395956
2023-06-30,BTC,38,0.020471220821986734,0.0,0.0,mark,31282.0,0.0,0.5355458135496495
2023-06-30,BTC,38,-0.04422381827405328,0.0,0.0,mark,29500.0,0.0,0.5123779932916901
2023-06-30,BTC,38,0.024364186448790053,0.0,0.0,mark,30472.0,0.0,0.5250149861596679
2023-07-01,BTC,38,-2.476314662399343e-07,0.0,0.0,mark,30471.99,0.0,0.5250148561494532
2023-07-01,BTC,38,-0.0002479428336946032,0.00024791209841053,0.0,funding,30471.99,0.0,0.5248846986147685
2023-07-01,BTC,38,-0.003757616943932573,0.0,0.0,mark,30320.57,0.0,0.5229160839439154
2023-07-01,BTC,38,0.008443127905064357,0.0,0.0,mark,30661.6,0.0,0.527349822295527
2023-07-01,BTC,38,-0.0018680139790566942,0.0,0.0,mark,30585.9,0.0,0.5263656449703151
2023-07-02,BTC,38,0.0,0.0,0.0,mark,30585.9,0.0,0.5263656449703151
2023-07-02,BTC,38,-0.0010960167248930948,0.0010954163179345134,0.7554595296100092,rotation,30585.9,-1.3001021469113001e-05,0.5257890554536145
2023-07-02,LTC,39,-0.0006611637237150268,0.00066094520314209,0.4558242780290276,entry,107.1,0.0022377910046471354,0.5254415376995478
2023-07-02,LTC,39,-0.00014986773955749685,0.00014985650994889374,0.0,funding,107.1,0.0,0.525362796864526
2023-07-02,LTC,39,0.028967032346695877,0.0,0.0,mark,114.0,0.0,0.5408035547965913
2023-07-02,LTC,39,-0.03756551987775802,0.0,0.0,mark,105.09,0.0,0.5208648369451853
2023-07-02,LTC,39,0.035826089965526345,0.0,0.0,mark,113.58,0.0,0.5398636825746395
2023-07-03,LTC,39,-4.145189716477664e-05,0.0,0.0,mark,113.57,0.0,0.539841304664593
2023-07-03,LTC,39,-2.526693821554044e-05,2.5266619009128154e-05,0.017425254489053896,resize,113.57,-8.282884668031534e-05,0.5398276647000226
2023-07-03,LTC,39,-0.0001489606312960881,0.0001489495372120079,0.0,funding,113.57,0.0,0.5397472576191913
2023-07-03,LTC,39,0.00569309479017729,0.0,0.0,mark,115.0,0.0,0.5428288535050838
2023-07-03,LTC,39,-0.038237118821221716,0.0,0.0,mark,105.55,0.0,0.5224644611122974
2023-07-03,LTC,39,0.007069282890570538,0.0,0.0,mark,107.27,0.0,0.5261709960240003
2023-07-04,LTC,39,0.0,0.0,0.0,mark,107.27,0.0,0.5261709960240003
2023-07-04,LTC,39,-0.00014434887047840193,0.0001443384526814142,0.0,funding,107.27,0.0,0.5260950493165883
2023-07-04,LTC,39,0.009458188815741765,0.0,0.0,mark,109.59,0.0,0.5310945615230714
2023-07-04,LTC,39,-0.025021136288283577,0.0,0.0,mark,103.5,0.0,0.5179708419810535
2023-07-04,LTC,39,0.0031983821689503737,0.0,0.0,mark,104.27,0.0,0.5196301628426879
2023-07-05,LTC,39,0.0,0.0,0.0,mark,104.27,0.0,0.5196301628426879
2023-07-05,LTC,39,-0.00014207790417398737,0.00014206781158648246,0.0,funding,104.27,0.0,0.5195563401226185
2023-07-05,LTC,39,0.009740966756164378,0.0,0.0,mark,106.63,0.0,0.5246420508154203
2023-07-05,LTC,39,-0.0228383818303527,0.0,0.0,mark,101.13283306936651,0.0,0.5127958641038785
2023-07-05,LTC,39,-0.0006164376568159653,0.0006162476981582139,0.4249984125229061,stop,101.13283306936651,-0.00215496215796682,0.5124798548329994
2023-07-13,SOL,40,-0.0010438346345934893,0.0010432900287305508,0.719510364641759,entry,21.93,0.016814161752049573,0.5119451897105268
2023-07-13,SOL,40,-0.00023666432529012015,0.00023663632249779483,0.0,funding,21.93,0.0,0.5118240448835133
2023-07-13,SOL,40,-0.016896179130021942,0.0,0.0,mark,21.42,0.0,0.503248822389968
2023-07-13,SOL,40,0.14430134686185736,0.0,0.0,mark,26.06610807093686,0.0,0.5813692350122034
2023-07-13,SOL,40,-0.0005467088245971635,0.0005465594065583891,0.3769375217644062,partial_tp,26.06610807093686,-0.008407080876024787,0.5810514821881239
2023-07-13,SOL,40,0.010848802140964318,0.0,0.0,mark,26.82,0.0,0.58738951260754
2023-07-13,SOL,40,-0.011660944741845994,0.0,0.0,mark,26.01,0.0,0.5805797770979599
2023-07-14,SOL,40,0.0,0.0,0.0,mark,26.01,0.0,0.5805797770979599
2023-07-14,SOL,40,-0.0005462736996391353,0.0005461245193274077,0.3766375995361432,rotation,26.01,-0.008407080876024787,0.5802627082462611
2023-07-14,LTC,41,-0.0006200142667002568,0.000619822097572846,0.42746351556747997,entry,101.85,0.0024353572628341064,0.5799030485972927
2023-07-14,LTC,41,-0.00014053673518573846,0.0001405268603613561,0.0,funding,101.85,0.0,0.5798215566425593
2023-07-14,LTC,41,0.007448518419681956,0.0,0.0,mark,103.63,0.0,0.584156492570404
2023-07-14,LTC,41,-0.049875780280132245,0.0,0.0,mark,91.96,0.0,0.55573587331313
2023-07-14,LTC,41,0.013796035262308753,0.0,0.0,mark,95.13,0.0,0.5634559558363141
2023-07-15,LTC,41,-4.3222719883709996e-05,0.0,0.0,mark,95.12,0.0,0.5634316022636858
2023-07-15,LTC,41,-0.0005963356982089768,0.0005961579254156442,0.4111433968383753,rotation,95.12,-0.0024353572628341064,0.5630957080485667
2023-07-15,XRP,42,-0.0002758992411091879,0.0002758611844134886,0.19024909269895762,entry,0.7178,0.14924553853290184,0.5629403717996062
2023-07-15,XRP,42,-6.25240373864434e-05,6.252208279945416e-05,0.0,funding,0.7178,0.0,0.5629051755950694
2023-07-15,XRP,42,0.004866612179534088,0.0,0.0,mark,0.7362,0.0,0.5656512935040747
2023-07-15,XRP,42,-0.01175727993192578,0.0,0.0,mark,0.6919,0.0,0.5590397161470672
2023-07-15,XRP,42,0.006015341172292891,0.0,0.0,mark,0.7145,0.0,0.5624126653179108
2023-07-16,XRP,42,-2.65370124128945e-05,0.0,0.0,mark,0.7144,0.0,0.5623977407640575
2023-07-16,XRP,42,-0.00027493304224131797,0.0002748952516157455,0.18958293214879,rotation,0.7144,-0.14924553853290184,0.562243140295602
2023-07-16,SOL,43,-0.0008166748248737416,0.0008163414367516862,0.5629940943115077,entry,27.47,0.01152310038418567,0.5617841579226492
2023-07-16,SOL,43,-0.00018513551523644667,0.00018511837871462732,0.0,funding,27.47,0.0,0.5616801613501471
2023-07-16,SOL,43,0.02492083802926711,0.0,0.0,mark,28.7,0.0,0.5758535748226955
2023-07-16,SOL,43,-0.045859088190589,0.0,0.0,mark,26.46,0.0,0.5500418299621196
2023-07-16,SOL,43,0.019911953057452702,0.0,0.0,mark,27.42,0.0,0.5611040063309378
2023-07-17,SOL,43,-0.0002053858756256213,0.0,0.0,mark,27.41,0.0,0.5609887753270959
2023-07-17,SOL,43,-0.00018499304488988288,0.00018497593473168405,0.0,funding,27.41,0.0,0.5608850059040058
2023-07-17,SOL,43,0.02194548354420208,0.0,0.0,mark,28.49,0.0,0.5733299543189263
2023-07-17,SOL,43,-0.0609075053752037,0.0,0.0,mark,25.55,0.0,0.5394520391894204
2023-07-17,SOL,43,0.02635068897937109,0.0,0.0,mark,26.8,0.0,0.5538559146696526
2023-07-18,SOL,43,0.0,0.0,0.0,mark,26.8,0.0,0.5538559146696526
2023-07-18,SOL,43,-0.0001832053469933642,0.00018318856591857912,0.0,funding,26.8,0.0,0.5537544545989187
2023-07-18,SOL,43,0.006016487125594651,0.0,0.0,mark,27.09,0.0,0.5570961537103325
2023-07-18,SOL,43,-0.04939429515212944,0.0,0.0,mark,24.76,0.0,0.5302473298151799
2023-07-18,SOL,43,0.016808556319289777,0.0,0.0,mark,25.54,0.0,0.5392353481148446
2023-07-19,SOL,43,0.0,0.0,0.0,mark,25.54,0.0,0.5392353481148446
2023-07-19,SOL,43,-0.0001793254154393742,0.00017930933759809577,0.0,funding,25.54,0.0,0.5391386581817647
2023-07-19,SOL,43,0.03052056448357846,0.0,0.0,mark,26.99,0.0,0.5558471537388339
2023-07-19,SOL,43,-0.03458973399749502,0.0,0.0,mark,25.35,0.0,0.5369492691087694
2023-07-19,SOL,43,0.02039255352509984,0.0,0.0,mark,26.31,0.0,0.5480114454775876
2023-07-20,SOL,43,0.0,0.0,0.0,mark,26.31,0.0,0.5480114454775876
2023-07-20,SOL,43,-0.0008024958860462752,0.0008021739723399079,0.5532234291999364,rotation,26.31,-0.01152310038418567,0.5475718449594811
2023-07-20,XRP,44,-0.00027198787791919715,0.00027195089256955074,0.18755233970313842,entry,0.8198,0.12527248191963264,0.5474229323074984
2023-07-20,XRP,44,-6.163749991432258e-05,6.163560036269726e-05,0.0,funding,0.8198,0.0,0.5473891915664133
2023-07-20,XRP,44,0.006637588455217806,0.0,0.0,mark,0.8489,0.0,0.5510346207902747
2023-07-20,XRP,44,-0.017868519719324703,0.0,0.0,mark,0.771,0.0,0.5412758944487353
2023-07-20,XRP,44,0.0053550265969584425,0.0,0.0,mark,0.7942,0.0,0.5441822160292707
2023-07-21,XRP,44,0.0,0.0,0.0,mark,0.7942,0.0,0.5441822160292707
2023-07-21,XRP,44,-6.006829220390631e-05,6.006648814021725e-05,0.0,funding,0.7942,0.0,0.5441495289146455
2023-07-21,XRP,44,0.0010354403278151692,0.0,0.0,mark,0.7987,0.0,0.5447132550832838
2023-07-21,XRP,44,-0.008916817261591953,0.0,0.0,mark,0.7601,0.0,0.539877737281186
2023-07-21,XRP,44,0.002595461351726998,0.0,0.0,mark,0.7713,0.0,0.5412807890786859
2023-07-22,XRP,44,0.0,0.0,0.0,mark,0.7713,0.0,0.5412807890786859
2023-07-22,XRP,44,-5.864893854465395e-05,5.864721872933408e-05,0.0,funding,0.7713,0.0,0.5412490444658549
2023-07-22,XRP,44,0.0019884978330329556,0.0,0.0,mark,0.7799,0.0,0.5423263878103637
2023-07-22,XRP,44,-0.013581685833518393,0.0,0.0,mark,0.7215,0.0,0.5350104748662572
2023-07-22,XRP,44,0.00271245318380288,0.0,0.0,mark,0.7331,0.0,0.5364636356565249
2023-07-23,XRP,44,-2.3351805466139543e-05,0.0,0.0,mark,0.733,0.0,0.5364511084083329
2023-07-23,XRP,44,-5.623837235592004e-05,5.6236791008207585e-05,0.0,funding,0.733,0.0,0.5364209401194632
2023-07-23,XRP,44,-0.004235922717371032,0.0,0.0,mark,0.7149,0.0,0.5341535081967178
2023-07-23,XRP,44,0.00877949636694323,0.0,0.0,mark,0.7525,0.0,0.538863753516896
2023-07-23,XRP,44,-0.003283285009196521,0.0,0.0,mark,0.7384,0.0,0.5370974115218291
2023-07-24,XRP,44,0.0,0.0,0.0,mark,0.7384,0.0,0.5370974115218291
2023-07-24,XRP,44,-5.6584517769439315e-05,5.6582916895734076e-05,0.0,funding,0.7384,0.0,0.537067020983628
2023-07-24,XRP,44,0.0010723884837252836,0.0,0.0,mark,0.743,0.0,0.5376432744004583
2023-07-24,XRP,44,-0.014598831245836266,0.0,0.0,mark,0.6808,0.0,0.5298513260250571
2023-07-24,XRP,44,0.005023310287144028,0.0,0.0,mark,0.7021,0.0,0.5325196298899453
2023-07-25,XRP,44,-2.352475822427635e-05,0.0,0.0,mark,0.702,0.0,0.5325071026417533
2023-07-25,XRP,44,-5.4258801011426616e-05,5.425732902928791e-05,0.0,funding,0.702,0.0,0.5324782102286748
2023-07-25,XRP,44,0.003358616060789609,0.0,0.0,mark,0.7163,0.0,0.5342696067201256
2023-07-25,XRP,44,-0.009896731291558174,0.0,0.0,mark,0.6743,0.0,0.529008162479501
2023-07-25,XRP,44,0.00816011456551588,0.0,0.0,mark,0.7089,0.0,0.5333425903539203
2023-07-26,XRP,44,2.3487906834678845e-05,0.0,0.0,mark,0.709,0.0,0.5333551176021123
2023-07-26,XRP,44,-5.471272587523143e-05,5.471122916148381e-05,0.0,funding,0.709,0.0,0.5333259370880488
2023-07-26,XRP,44,0.005224357538587517,0.0,0.0,mark,0.7313,0.0,0.5361195134348565
2023-07-26,XRP,44,-0.009060399071730174,0.0,0.0,mark,0.6927,0.0,0.5312839956327587
2023-07-26,XRP,44,0.005502365487265045,0.0,0.0,mark,0.7161,0.0,0.5342153717096781
2023-07-27,XRP,44,0.0,0.0,0.0,mark,0.7161,0.0,0.5342153717096781
2023-07-27,XRP,44,-5.517165056439599e-05,5.517012863693499e-05,0.0,funding,0.7161,0.0,0.5341858989789011
2023-07-27,XRP,44,0.003908685220281328,0.0,0.0,mark,0.7328,0.0,0.5362779494269589
2023-07-27,XRP,44,-0.006256549533077777,0.0,0.0,mark,0.7061,0.0,0.5329331741597048
2023-07-27,XRP,44,0.0018318069263415452,0.0,0.0,mark,0.7139,0.0,0.5339102995186779
2023-07-28,XRP,44,-2.3463482855307528e-05,0.0,0.0,mark,0.7138,0.0,0.5338977722704858
2023-07-28,XRP,44,-5.5027158482297896e-05,5.5025644515924174e-05,0.0,funding,0.7138,0.0,0.533868394201461
2023-07-28,XRP,44,0.0011960020188902035,0.0,0.0,mark,0.7189,0.0,0.5345072838592512
2023-07-28,XRP,44,-0.003945188339518952,0.0,0.0,mark,0.7021,0.0,0.5324027061630013
2023-07-28,XRP,44,0.002326726209442758,0.0,0.0,mark,0.712,0.0,0.5336429037340057
2023-07-29,XRP,44,-2.3475239987280934e-05,0.0,0.0,mark,0.7119,0.0,0.5336303764858137
2023-07-29,XRP,44,-5.490818342765664e-05,5.4906676000971914e-05,0.0,funding,0.7119,0.0,0.5336010766156277
2023-07-29,XRP,44,0.0009151764763063989,0.0,0.0,mark,0.7158,0.0,0.5340896392951143
2023-07-29,XRP,44,-0.002748045911889059,0.0,0.0,mark,0.7041,0.0,0.5326239512566546
2023-07-29,XRP,44,0.0018798219424288872,0.0,0.0,mark,0.7121,0.0,0.5336261311120117
2023-07-30,XRP,44,2.3475426747228712e-05,0.0,0.0,mark,0.7122,0.0,0.5336386583602037
2023-07-30,XRP,44,-5.493047024630307e-05,5.492896159572061e-05,0.0,funding,0.7122,0.0,0.5336093461428327
2023-07-30,XRP,44,0.005525148232523309,0.0,0.0,mark,0.7358,0.0,0.536565776716136
2023-07-30,XRP,44,-0.012522072615498122,0.0,0.0,mark,0.6825,0.0,0.5298887534298196
2023-07-30,XRP,44,0.005211121289300602,0.0,0.0,mark,0.7046,0.0,0.5326572752802434
2023-07-31,XRP,44,2.351812594174554e-05,0.0,0.0,mark,0.7047,0.0,0.5326698025284354
2023-07-31,XRP,44,-5.445085726169225e-05,5.444937484062562e-05,0.0,funding,0.7047,0.0,0.5326407989906913
2023-07-31,XRP,44,0.0037091351845162934,0.0,0.0,mark,0.7205,0.0,0.5346201042050215
2023-07-31,XRP,44,-0.00835317065252039,0.0,0.0,mark,0.685,0.0,0.5301729310968746
2023-07-31,XRP,44,0.002972781471085316,0.0,0.0,mark,0.6976,0.0,0.5317513643690619
2023-08-01,XRP,44,0.0,0.0,0.0,mark,0.6976,0.0,0.5317513643690619
2023-08-01,XRP,44,-5.399534086848916e-05,5.399388314639858e-05,0.0,funding,0.6976,0.0,0.5317226530480312
2023-08-01,XRP,44,0.002494219433284441,0.0,0.0,mark,0.7082,0.0,0.5330505413563793
2023-08-01,XRP,44,-0.008259382995320304,0.0,0.0,mark,0.6732,0.0,0.5286660044891922
2023-08-01,XRP,44,0.007953822647805944,0.0,0.0,mark,0.7069,0.0,0.5328876871298838
2023-08-02,XRP,44,0.0,0.0,0.0,mark,0.7069,0.0,0.5328876871298838
2023-08-02,XRP,44,-5.4598518083420716e-05,5.459702761147523e-05,0.0,funding,0.7069,0.0,0.5328585930461157
2023-08-02,XRP,44,0.00028207441817454783,0.0,0.0,mark,0.7081,0.0,0.5330089200244192
2023-08-02,XRP,44,-0.007525667752251734,0.0,0.0,mark,0.6762,0.0,0.5290127278511829
2023-08-02,XRP,44,0.0020817094655935543,0.0,0.0,mark,0.685,0.0,0.5301151256920756
2023-08-03,XRP,44,-2.3631463438941832e-05,0.0,0.0,mark,0.6849,0.0,0.5301025984438836
2023-08-03,XRP,44,-5.317720213905001e-05,5.317578825658817e-05,0.0,funding,0.6849,0.0,0.5300744098203545
2023-08-03,XRP,44,0.0006142692815414355,0.0,0.0,mark,0.6875,0.0,0.5304001182733455
2023-08-03,XRP,44,-0.007872242568744721,0.0,0.0,mark,0.6543,0.0,0.5262410718736137
2023-08-03,XRP,44,0.002068906475535188,0.0,0.0,mark,0.663,0.0,0.5273309424663145
2023-08-04,XRP,44,-2.375623348429405e-05,0.0,0.0,mark,0.6629,0.0,0.5273184152181225
2023-08-04,XRP,44,-5.1740785709323676e-05,5.1739447178053335e-05,0.0,funding,0.6629,0.0,0.5272911320548324
2023-08-04,XRP,44,0.001139722024199638,0.0,0.0,mark,0.6677,0.0,0.5278924399680466
2023-08-04,XRP,44,-0.0057306456236353295,0.0,0.0,mark,0.6436203863772376,0.0,0.5248759270058574
2023-08-04,XRP,44,-0.00022276409501692672,0.00022273928493817563,0.1536132999573625,stop,0.6436203863772376,-0.12527248191963264,0.5247590165171948
2023-08-05,LINK,45,-0.000768593161858162,0.0007682978697918702,0.5298605998564622,entry,7.143,0.0389260992960784,0.5243558452826506
2023-08-05,LINK,45,-0.0001742305377956569,0.00017421536053686176,0.0,funding,7.143,0.0,0.524264494440015
2023-08-05,LINK,45,0.007618549038249669,0.0,0.0,mark,7.246,0.0,0.5282738826675111
2023-08-05,LINK,45,-0.010592926961815394,0.0,0.0,mark,7.103,0.0,0.5227074504681718
2023-08-05,LINK,45,0.009487033922457606,0.0,0.0,mark,7.231,0.0,0.5276899911780698
2023-08-06,LINK,45,0.0,0.0,0.0,mark,7.231,0.0,0.5276899911780698
2023-08-06,LINK,45,-0.00017526268853011167,0.00017524733092235943,0.0,funding,7.231,0.0,0.5275975149155614
2023-08-06,LINK,45,0.0032410583092409473,0.0,0.0,mark,7.275,0.0,0.5293102632845889
2023-08-06,LINK,45,-0.014742837578693274,0.0,0.0,mark,7.076,0.0,0.5215639695246692
2023-08-06,LINK,45,0.0019385884681522025,0.0,0.0,mark,7.102,0.0,0.5225760481063673
2023-08-07,LINK,45,-7.44916444022881e-05,0.0,0.0,mark,7.101,0.0,0.5225371220070711
2023-08-07,LINK,45,-0.000767322376772674,0.0007670280602412066,0.5289848691318665,rotation,7.101,-0.0389260992960784,0.5221363213719741
2023-08-07,DOGE,46,-0.0012965941752010601,0.001295753960151897,0.8936234207944117,entry,0.07427,6.282391889395903,0.5214597611658172
2023-08-07,DOGE,46,-0.0002940170468505197,0.00029397382807450783,0.0,funding,0.07427,0.0,0.5213064656436405
2023-08-07,DOGE,46,0.017441820789181207,0.0,0.0,mark,0.07573,0.0,0.5304787578021585
2023-08-07,DOGE,46,-0.04890328233446507,0.0,0.0,mark,0.0717,0.0,0.5051607184878929
2023-08-07,DOGE,46,0.022625127097260497,0.0,0.0,mark,0.07354,0.0,0.5167203195643814
2023-08-08,DOGE,46,0.0,0.0,0.0,mark,0.07354,0.0,0.5167203195643814
2023-08-08,DOGE,46,-0.0012973070781222274,0.001296465939072646,0.8941144407397558,rotation,0.07354,-6.282391889395903,0.5160504092700394
2023-08-08,LINK,47,-0.0008272996869002816,0.000826957568865508,0.570315564734833,entry,7.328,0.040162606522173065,0.5156236574781774
2023-08-08,LINK,47,-0.00018754533315570632,0.0001875277476290283,0.0,funding,7.328,0.0,0.5155269637350662
2023-08-08,LINK,47,0.01592120349289356,0.0,0.0,mark,7.534,0.0,0.5238004606786338
2023-08-08,LINK,47,-0.018886019483767866,0.0,0.0,mark,7.29,0.0,0.5140007846872237
2023-08-08,LINK,47,0.01327299214132987,0.0,0.0,mark,7.461,0.0,0.5208685904025152
2023-08-09,LINK,47,-0.00023134771344454538,0.0,0.0,mark,7.458,0.0,0.5207481025829487
2023-08-09,LINK,47,-0.00018899426841307917,0.00018897641012139254,0.0,funding,7.458,0.0,0.520649693475945
2023-08-09,LINK,47,0.03494356454453681,0.0,0.0,mark,7.919,0.0,0.5391646550826668
2023-08-09,LINK,47,-0.04113383704708621,0.0,0.0,mark,7.378,0.0,0.5174366849541712
2023-08-09,LINK,47,0.023018548108829872,0.0,0.0,mark,7.678,0.0,0.5294854669108231
2023-08-10,LINK,47,0.0,0.0,0.0,mark,7.678,0.0,0.5294854669108231
2023-08-10,LINK,47,-0.0001913588391588975,0.00019134053122396214,0.0,funding,7.678,0.0,0.529384154880309
2023-08-10,LINK,47,-0.009069132823004304,0.0,0.0,mark,7.559,0.0,0.5246048047041704
2023-08-10,LINK,47,0.013384208970935644,0.0,0.0,mark,7.735,0.0,0.5316734234520728
2023-08-10,LINK,47,-0.008801256835467971,0.0,0.0,mark,7.619,0.0,0.5270145610955007
2023-08-11,LINK,47,0.0,0.0,0.0,mark,7.619,0.0,0.5270145610955007
2023-08-11,LINK,47,-0.0008227322391126064,0.0008223938877412853,0.5671681984422656,resize,7.619,0.03923164446375856,0.5265811475417052
2023-08-11,LINK,47,-0.0003774806642506556,0.0003774094273885695,0.0,funding,7.619,0.0,0.5263824108523378
2023-08-11,LINK,47,0.003463086237315323,0.0,0.0,mark,7.642,0.0,0.5282084786250143
2023-08-11,LINK,47,-0.03627311321890739,0.0,0.0,mark,7.405,0.0,0.5093920411413485
2023-08-11,LINK,47,0.01346877701384478,0.0,0.0,mark,7.492,0.0,0.5162993409771245
2023-08-12,LINK,47,0.0,0.0,0.0,mark,7.492,0.0,0.5162993409771245
2023-08-12,LINK,47,-0.0016719229490206606,0.0016705260644498553,1.1520869409999002,rotation,7.492,-0.07939425098593163,0.5154368494709639
2023-08-12,DOGE,48,-0.0013208742075136283,0.001320002237140853,0.9103463704419675,entry,0.07574,6.195221350778119,0.5147564716765574
2023-08-12,DOGE,48,-0.0002995272745062166,0.00029948242069058296,0.0,funding,0.07574,0.0,0.5146023111623536
2023-08-12,DOGE,48,0.020377401176597268,0.0,0.0,mark,0.07745,0.0,0.5251961396721841
2023-08-12,DOGE,48,-0.02194367798067088,0.0,0.0,mark,0.07561,0.0,0.5137969323867524
2023-08-12,DOGE,48,0.013057299841632562,0.0,0.0,mark,0.0767,0.0,0.5205497236591006
2023-08-13,DOGE,48,0.0,0.0,0.0,mark,0.0767,0.0,0.5205497236591006
2023-08-13,DOGE,48,-0.0002999481063168651,0.0002999031263809677,0.0,funding,0.0767,0.0,0.5203936091695385
2023-08-13,DOGE,48,0.0022593721217418266,0.0,0.0,mark,0.07689,0.0,0.5215707012261863
2023-08-13,DOGE,48,-0.031247190698985277,0.0,0.0,mark,0.0743,0.0,0.505525077927671
2023-08-13,DOGE,48,0.0059870032428846545,0.0,0.0,mark,0.07479,0.0,0.5085607363895522
2023-08-14,DOGE,48,0.0,0.0,0.0,mark,0.07479,0.0,0.5085607363895522
2023-08-14,DOGE,48,-0.0002993736428278537,0.00029932883501046086,0.0,funding,0.07479,0.0,0.5084085094967967
2023-08-14,DOGE,48,0.027878170538585687,0.0,0.0,mark,0.07711,0.0,0.5227814230306019
2023-08-14,DOGE,48,-0.04186705148857974,0.0,0.0,mark,0.07365,0.0,0.5013459571569097
2023-08-14,DOGE,48,0.01276958605161925,0.0,0.0,mark,0.07469,0.0,0.507788987361719
2023-08-15,DOGE,48,0.00012199641219588553,0.0,0.0,mark,0.0747,0.0,0.5078509395752268
2023-08-15,DOGE,48,-0.0013221972563700983,0.001321323538695813,0.9112576128936639,rotation,0.0747,-6.195221350778119,0.5071799041746172
2023-08-16,SOL,49,-0.0015685037296655998,0.0015672742705783078,1.0808788072953848,entry,23.91,0.022927645751085225,0.50638501416025
2023-08-16,SOL,49,-0.00035573488833714795,0.0003556716221839929,0.0,funding,23.91,0.0,0.5062049073808139
2023-08-16,SOL,49,0.005420468020686086,0.0,0.0,mark,24.03,0.0,0.5089562248709442
2023-08-16,SOL,49,-0.07821105306230607,0.0,0.0,mark,22.36,0.0,0.4706670564666318
2023-08-16,SOL,49,0.022160649378049294,0.0,0.0,mark,22.82,0.0,0.481213773512131
2023-08-17,SOL,49,0.0,0.0,0.0,mark,22.82,0.0,0.481213773512131
2023-08-17,SOL,49,-0.00035727748991133896,0.0003572136739092388,0.0,funding,22.82,0.0,0.48104187737215903
2023-08-17,SOL,49,0.028659474529120644,0.0,0.0,mark,23.43,0.0,0.495027741280321
2023-08-17,SOL,49,-0.16481871741911377,0.0,0.0,mark,20.149212250684645,0.0,0.41980700197951837
2023-08-17,SOL,49,-0.001596917863848144,0.001595643468974373,1.100443771706464,stop,20.149212250684645,-0.022927645751085225,0.41913713967858
2023-08-31,TRX,50,-0.0019555865934635553,0.0019536756798566807,1.3473625378321936,entry,0.07561,7.4689813545438195,0.4183182816422653
2023-08-31,TRX,50,-0.0004436302168499504,0.0004435318275154003,0.0,funding,0.07561,0.0,0.4181327441703254
2023-08-31,TRX,50,-0.007710613150985835,0.0,0.0,mark,0.07518,0.0,0.4149210821878716
2023-08-31,TRX,50,0.03206222246678559,0.0,0.0,mark,0.07699,0.0,0.42843993843959594
2023-08-31,TRX,50,-0.0045428759145188895,0.0,0.0,mark,0.07673,0.0,0.42649800328741455
2023-09-01,TRX,50,-0.00017513881355449884,0.0,0.0,mark,0.07672,0.0,0.426423313473869
2023-09-01,TRX,50,-0.0019503856062475116,0.0019484848401840219,1.3437826484027735,rotation,0.07672,-7.4689813545438195,0.42559243411206416
2023-09-21,LINK,51,-0.0018027153442558667,0.0018010914289153506,1.242132019941621,entry,6.907,0.07653713476986962,0.4248259032267737
2023-09-21,LINK,51,-0.0004089125871763503,0.00040882899381895787,0.0,funding,6.907,0.0,0.4246522220802093
2023-09-21,LINK,51,-0.05596834057785374,0.0,0.0,mark,6.605,0.0,0.4015380073797087
2023-09-21,LINK,51,0.06297291082602104,0.0,0.0,mark,6.946,0.0,0.42763717033623416
2023-09-21,LINK,51,-0.05178969043859059,0.0,0.0,mark,6.664,0.0,0.4060536983311309
2023-09-22,LINK,51,0.00018847241815932408,0.0,0.0,mark,6.665,0.0,0.4061302354659008
2023-09-22,LINK,51,-0.00041275056540861395,0.0004126653956123768,0.0,funding,6.665,0.0,0.40596263957161216
2023-09-22,LINK,51,0.05626639969203803,0.0,0.0,mark,6.972,0.0,0.42945953994596214
2023-09-22,LINK,51,-0.06993371039472075,0.0,0.0,mark,6.593,0.0,0.40045196586818155
2023-09-22,LINK,51,0.06743554989628904,0.0,0.0,mark,6.958,0.0,0.42838802005918397
2023-09-23,LINK,51,0.00017864714889182065,0.0,0.0,mark,6.959,0.0,0.4284645571939538
2023-09-23,LINK,51,-0.0018041134132425096,0.001802486978876315,1.243094468190562,rotation,6.959,-0.07653713476986962,0.4276922554087017
2023-09-30,LINK,52,-0.0013405831653605005,0.0013396849851554735,0.923920679417568,entry,7.947,0.04972363397493893,0.4271192825158634
2023-09-30,LINK,52,-0.000304000241178854,0.000303954037787523,0.0,funding,7.947,0.0,0.4269894578853258
2023-09-30,LINK,52,0.037596893836183684,0.0,0.0,mark,8.276,0.0,0.4433485334630807
2023-09-30,LINK,52,-0.03852894139008162,0.0,0.0,mark,7.939,0.0,0.4265916688135263
2023-09-30,LINK,52,0.028950058182554205,0.0,0.0,mark,8.191,0.0,0.43912202457521093
2023-10-01,LINK,52,-0.00011324061789826412,0.0,0.0,mark,8.19,0.0,0.43907230094123595
2023-10-01,LINK,52,-0.0013457702457838274,0.0013448651030902015,0.9274931745449665,rotation,8.19,-0.04972363397493893,0.4384818079259666
2023-10-02,LINK,53,-0.0014124830487358719,0.0014114859640646164,0.9734385959066318,entry,8.053,0.05300324294524454,0.4378628970085814
2023-10-02,LINK,53,-0.00032031890498044366,0.00032026760835726956,0.0,funding,8.053,0.0,0.43772266370576807
2023-10-02,LINK,53,0.0060361776718407855,0.0,0.0,mark,8.103,0.0,0.4403728258530302
2023-10-02,LINK,53,-0.09473968158967759,0.0,0.0,mark,7.352,0.0,0.40056739040115164
2023-10-02,LINK,53,0.015493167502378783,0.0,0.0,mark,7.47,0.0,0.40682177306869044
2023-10-03,LINK,53,0.00026053835888066514,0.0,0.0,mark,7.472,0.0,0.406927779554581
2023-10-03,LINK,53,-0.00031980292436110545,0.00031975179285668575,0.0,funding,7.472,0.0,0.4067976636675052
2023-10-03,LINK,53,-0.013907411776762938,0.0,0.0,mark,7.366,0.0,0.40117931991530925
2023-10-03,LINK,53,0.048733804545303176,0.0,0.0,mark,7.744,0.0,0.42121454574861167
2023-10-03,LINK,53,-0.04306878209517901,0.0,0.0,mark,7.409,0.0,0.40345845936195474
2023-10-04,LINK,53,-0.00013138087353885324,0.0,0.0,mark,7.408,0.0,0.4034054561190095
2023-10-04,LINK,53,-0.0014123303694683735,0.0014113335002902804,0.9733334484760554,rotation,7.408,-0.05300324294524454,0.4028361164845889
2023-10-04,SOL,54,-0.0013465484043104175,0.001345642214796111,0.9280291136524903,entry,23.61,0.01583412300416791,0.4022940432006027
2023-10-04,SOL,54,-0.00030535407913850264,0.00030530746332654173,0.0,funding,23.61,0.0,0.40217121982676174
2023-10-04,SOL,54,0.009794773342080034,0.0,0.0,mark,23.86,0.0,0.4061297505778037
2023-10-04,SOL,54,-0.0511927091314408,0.0,0.0,mark,22.58,0.0,0.3858620731324688
2023-10-04,SOL,54,0.022318713110441583,0.0,0.0,mark,23.13,0.0,0.3945708407847611
2023-10-05,SOL,54,0.0,0.0,0.0,mark,23.13,0.0,0.3945708407847611
2023-10-05,SOL,54,-0.0003050014540811495,0.00030495494586604567,0.0,funding,23.13,0.0,0.39445051445536927
2023-10-05,SOL,54,-0.024380132445293055,0.0,0.0,mark,22.53,0.0,0.3849500406528686
2023-10-05,SOL,54,0.049355246072509,0.0,0.0,mark,23.76,0.0,0.4044260119479951
2023-10-05,SOL,54,-0.04238698284132843,0.0,0.0,mark,22.7,0.0,0.38764184156357706
2023-10-06,SOL,54,0.0,0.0,0.0,mark,22.7,0.0,0.38764184156357706
2023-10-06,SOL,54,-0.001345393550411363,0.0013444889142512962,0.9272337339664113,rotation,22.7,-0.01583412300416791,0.3871206614048949
2023-10-06,LINK,55,-0.0012083525699822162,0.0012076228059825387,0.8328433144707164,entry,7.469,0.04316653564661247,0.3866531656655153
2023-10-06,LINK,55,-0.00027399245360463587,0.0002739549211002949,0.0,funding,7.469,0.0,0.3865472401280222
2023-10-06,LINK,55,0.03241226569584752,0.0,0.0,mark,7.764,0.0,0.3992813681437729
2023-10-06,LINK,55,-0.03655269253195421,0.0,0.0,mark,7.432,0.0,0.38495007830909755
2023-10-06,LINK,55,0.022946728731553113,0.0,0.0,mark,7.639,0.0,0.3938855511879463
2023-10-07,LINK,55,0.00010958556449954553,0.0,0.0,mark,7.64,0.0,0.3939287177235929
2023-10-07,LINK,55,-2.350188262189204e-05,2.3501606454763846e-05,0.016208004451561273,resize,7.64,-0.0008357065982279865,0.3939194597658977
2023-10-07,LINK,55,-0.0002697691582873968,0.00026973277385990727,0.0,funding,7.64,0.0,0.39381320677733767
2023-10-07,LINK,55,0.004290367701583537,0.0,0.0,mark,7.68,0.0,0.39550643993927304
2023-10-07,LINK,55,-0.02273261955966177,0.0,0.0,mark,7.47,0.0,0.3866169658391123
2023-10-07,LINK,55,0.005895069085059523,0.0,0.0,mark,7.524,0.0,0.38890283060772507
2023-10-08,LINK,55,-0.00032659372921102074,0.0,0.0,mark,7.521,0.0,0.3887758381205799
2023-10-08,LINK,55,-0.0011881166157952944,0.0011874110846943288,0.8189041963409164,rotation,7.521,-0.042330829048384484,0.3883142013809342
2023-10-08,SOL,56,-0.0012935522558460083,0.0012927159777553448,0.8915282605209275,entry,23.29,0.014864451888910151,0.38781222140841975
2023-10-08,SOL,56,-0.00029332671056953664,0.00029328369449601823,0.0,funding,23.29,0.0,0.3876984824073544
2023-10-08,SOL,56,-0.008857365525703391,0.0,0.0,mark,23.06,0.0,0.384279658472905
2023-10-08,SOL,56,0.022187210196026576,0.0,0.0,mark,23.64,0.0,0.3929010405684729
2023-10-08,SOL,56,-0.016017269186987745,0.0,0.0,mark,23.22,0.0,0.38665797077513064
2023-10-09,SOL,56,-0.00038450803931102344,0.0,0.0,mark,23.21,0.0,0.38650932625624157
2023-10-09,SOL,56,-0.00029330453138207656,0.00029326152181306407,0.0,funding,23.21,0.0,0.3863959779430287
2023-10-09,SOL,56,0.006136251253402036,0.0,0.0,mark,23.37,0.0,0.38877429024525434
2023-10-09,SOL,56,-0.07048338343815969,0.0,0.0,mark,21.59,0.0,0.36231556588299424
2023-10-09,SOL,56,0.02070750364250858,0.0,0.0,mark,22.1,0.0,0.36989643634633845
2023-10-10,SOL,56,-0.00040193518783292485,0.0,0.0,mark,22.09,0.0,0.3697477918274493
2023-10-10,SOL,56,-0.0012885070362199003,0.001287677267454585,0.8880532878997137,rotation,22.09,-0.014864451888910151,0.36927167600122157
2023-10-10,LINK,57,-0.0012898150742792517,0.0012889836203286446,0.8889542209163065,entry,7.276,0.04511621976994567,0.36879569085940467
2023-10-10,LINK,57,-0.0002924785943001788,0.00029243582660570567,0.0,funding,7.276,0.0,0.36868784178669955
2023-10-10,LINK,57,0.014095080923957407,0.0,0.0,mark,7.392,0.0,0.37392132328001326
2023-10-10,LINK,57,-0.0266553409451619,0.0,0.0,mark,7.174,0.0,0.3640859873701651
2023-10-10,LINK,57,0.010477808361045794,0.0,0.0,mark,7.259,0.0,0.3679208660506105
2023-10-11,LINK,57,0.0,0.0,0.0,mark,7.259,0.0,0.3679208660506105
2023-10-11,LINK,57,-0.0012915270443555533,0.0012906933822400524,0.8901333670621051,rotation,7.259,-0.04511621976994567,0.3674459930236109
2023-10-11,SOL,58,-0.0012554168383997453,0.001254629132348371,0.8652614705850834,entry,22.11,0.014379776584541197,0.3669849845761988
2023-10-11,SOL,58,-0.0002846724386548986,0.00028463192330094365,0.0,funding,22.11,0.0,0.36688052893421635
2023-10-11,SOL,58,-0.019392228462503797,0.0,0.0,mark,21.62,0.0,0.35983443840779117
2023-10-11,SOL,58,0.03185653303545604,0.0,0.0,mark,22.43,0.0,0.3714820574412695
2023-10-11,SOL,58,-0.016391477006638788,0.0,0.0,mark,22.01,0.0,0.3654425512757622
2023-10-12,SOL,58,0.0,0.0,0.0,mark,22.01,0.0,0.3654425512757622
2023-10-12,SOL,58,-0.00028458098804108167,0.0002845404987125757,0.0,funding,22.01,0.0,0.3653385680699714
2023-10-12,SOL,58,0.0015731674570053271,0.0,0.0,mark,22.05,0.0,0.365913759133353
2023-10-12,SOL,58,-0.045012072080885715,0.0,0.0,mark,20.93,0.0,0.34980840935866686
2023-10-12,SOL,58,0.014285132319796452,0.0,0.0,mark,21.28,0.0,0.3548413311632563
2023-10-13,SOL,58,0.0004051631656384489,0.0,0.0,mark,21.29,0.0,0.35498512892910167
2023-10-13,SOL,58,-0.0012512881385501684,0.0012505056039734494,0.8624176579127236,rotation,21.29,-0.014379776584541197,0.3545412180360486
2023-10-17,SOL,59,-0.0012637383876424764,0.0012629402065524376,0.8709932458982328,entry,23.95,0.012893653707805054,0.3540934536769108
2023-10-17,SOL,59,-0.00028656085728397823,0.00028651980264303775,0.0,funding,23.95,0.0,0.3539919988904461
2023-10-17,SOL,59,0.02197514805323845,0.0,0.0,mark,24.56,0.0,0.3618571276522072
2023-10-17,SOL,59,-0.03998388753036642,0.0,0.0,mark,23.46,0.0,0.34767410857362163
2023-10-17,SOL,59,0.01728000253619597,0.0,0.0,mark,23.93,0.0,0.35373412581629
2023-10-18,SOL,59,0.0003644348526557169,0.0,0.0,mark,23.94,0.0,0.35386306235336806
2023-10-18,SOL,59,-0.00013275831863139982,0.0001327495066357111,0.0915513838866973,resize,23.94,-0.0013532436535019007,0.35381608720642405
2023-10-18,SOL,59,-0.00025657512311327553,0.0002565422105313133,0.0,funding,23.94,0.0,0.3537253184452906
2023-10-18,SOL,59,0.015859981314980703,0.0,0.0,mark,24.43,0.0,0.3593801193718991
2023-10-18,SOL,59,-0.034964005964594626,0.0,0.0,mark,23.36,0.0,0.34703188061379475
2023-10-18,SOL,59,0.0019932887152113803,0.0,0.0,mark,23.42,0.0,0.34772430521705294
2023-10-19,SOL,59,-0.0003319389914115936,0.0,0.0,mark,23.41,0.0,0.3476089011165099
2023-10-19,SOL,59,-0.00025537491766001183,0.00025534231226133765,0.0,funding,23.41,0.0,0.34752014185593616
2023-10-19,SOL,59,0.07545121339976722,0.0,0.0,mark,25.77,0.0,0.3747555095840916
2023-10-19,SOL,59,-0.08546353633065698,0.0,0.0,mark,23.11,0.0,0.3440580188396452
2023-10-19,SOL,59,0.05925570840172902,0.0,0.0,mark,24.93,0.0,0.36506156513847693
2023-10-20,SOL,59,-0.0003161722742547976,0.0,0.0,mark,24.92,0.0,0.3649461610379339
2023-10-20,SOL,59,-0.000258933192369981,0.00025889967206415583,0.0,funding,24.92,0.0,0.3648516765965201
2023-10-20,SOL,59,-0.006027910308906186,0.0,0.0,mark,24.73,0.0,0.3626589986862025
2023-10-20,SOL,59,0.07190376559065521,0.0,0.0,mark,27.07280482544506,0.0,0.3896959270490386
2023-10-20,SOL,59,-0.0005814239016205238,0.0005812549074978325,0.40086545344678104,partial_tp,27.07280482544506,-0.005770205027151577,0.38946941437900945
2023-10-20,SOL,59,0.006309188202194639,0.0,0.0,mark,27.5,0.0,0.3919344181228013
2023-10-20,SOL,59,-0.006943566568037739,0.0,0.0,mark,27.03,0.0,0.38922242176004
2023-10-21,SOL,59,-0.00014826054363709578,0.0,0.0,mark,27.02,0.0,0.3891647197097685
2023-10-21,SOL,59,-0.00013163237961692474,0.00013162371645539795,0.0,funding,27.02,0.0,0.389113496403047
2023-10-21,SOL,59,0.04763497964511271,0.0,0.0,mark,30.31,0.0,0.4080974709423757
2023-10-21,SOL,59,-0.0531368562242228,0.0,0.0,mark,26.65,0.0,0.3869785205430009
2023-10-21,SOL,59,0.039040073120624165,0.0,0.0,mark,29.32,0.0,0.4023849679654956
2023-10-22,SOL,59,0.00014338983316999462,0.0,0.0,mark,29.33,0.0,0.4024426700157671
2023-10-22,SOL,59,-0.00013817208493496465,0.00013816253961199817,0.0,funding,29.33,0.0,0.4023870675144295
2023-10-22,SOL,59,0.009703921161809952,0.0,0.0,mark,30.01,0.0,0.40631080693289257
2023-10-22,SOL,59,-0.027645433189217666,0.0,0.0,mark,28.09,0.0,0.3952320132807615
2023-10-22,SOL,59,0.013918247299558942,0.0,0.0,mark,29.05,0.0,0.40077141010682704
2023-10-23,SOL,59,0.00014396709774644839,0.0,0.0,mark,29.06,0.0,0.40082911215709854
2023-10-23,SOL,59,-0.00013745117800660904,0.00013744173202632454,0.0,funding,29.06,0.0,0.4007740215096771
2023-10-23,SOL,59,0.052584097391162564,0.0,0.0,mark,32.81,0.0,0.4224122903614955
2023-10-23,SOL,59,-0.05720199222133634,0.0,0.0,mark,28.74,0.0,0.3989275559009886
2023-10-23,SOL,59,0.04441669046600609,0.0,0.0,mark,31.88,0.0,0.41704599968624456
2023-10-24,SOL,59,0.0,0.0,0.0,mark,31.88,0.0,0.41704599968624456
2023-10-24,SOL,59,-0.0006397827401009992,0.0006395781227629085,0.4410883605261437,rotation,31.88,-0.005770205027151577,0.41677926618865946
2023-10-24,LINK,60,-0.0008390024530921398,0.0008386505889458463,0.5783797165143767,entry,10.578,0.022788492515340028,0.41642973401160993
2023-10-24,LINK,60,-0.00019019966615780885,0.00019018157934794214,0.0,funding,10.578,0.0,0.41635053674710815
2023-10-24,LINK,60,0.03082770181836676,0.0,0.0,mark,11.15,0.0,0.42938555446588267
2023-10-24,LINK,60,-0.0823220636061264,0.0,0.0,mark,9.661,0.0,0.39545348911054135
2023-10-24,LINK,60,0.040155129688677196,0.0,0.0,mark,10.372,0.0,0.41165610728894814
2023-10-25,LINK,60,-5.535961424763473e-05,0.0,0.0,mark,10.371,0.0,0.41163331879643283
2023-10-25,LINK,60,-0.00018865038526327853,0.00018863259189825496,0.0,funding,10.371,0.0,0.4115556713365966
2023-10-25,LINK,60,0.0755355303601038,0.0,0.0,mark,11.788,0.0,0.4438469652308334
2023-10-25,LINK,60,-0.07741993885427462,0.0,0.0,mark,10.337,0.0,0.410780862591075
2023-10-25,LINK,60,0.03921900112145004,0.0,0.0,mark,11.058,0.0,0.42721136569463514
2023-10-26,LINK,60,5.3341007683762694e-05,0.0,0.0,mark,11.059,0.0,0.42723415418715044
2023-10-26,LINK,60,-2.2415356151837027e-05,2.241510492955173e-05,0.015458693054863262,resize,11.059,-0.0005972042365614688,0.4272245776887548
2023-10-26,LINK,60,-0.00018874443267094022,0.00018872662156112208,0.0,funding,11.059,0.0,0.42714394903755976
2023-10-26,LINK,60,-0.03763788281518,0.0,0.0,mark,10.348,0.0,0.4113659430713482
2023-10-26,LINK,60,0.05479019173650053,0.0,0.0,mark,11.392,0.0,0.434533648034393
2023-10-26,LINK,60,-0.023981379833264854,0.0,0.0,mark,10.928,0.0,0.42423689027303974
2023-10-27,LINK,60,-5.2310087139508905e-05,0.0,0.0,mark,10.927,0.0,0.42421469898476094
2023-10-27,LINK,60,-0.00018781468657288577,0.00018779705049872932,0.0,funding,10.927,0.0,0.4241350327155134
2023-10-27,LINK,60,0.026181152483899576,0.0,0.0,mark,11.434,0.0,0.43538601587285414
2023-10-27,LINK,60,-0.04317213772316261,0.0,0.0,mark,10.605,0.0,0.41698943788974674
2023-10-27,LINK,60,0.030399577455430742,0.0,0.0,mark,11.185,0.0,0.4298603850914383
2023-10-28,LINK,60,-5.162574145984326e-05,0.0,0.0,mark,11.184,0.0,0.4298381938031595
2023-10-28,LINK,60,-0.0001897172795013894,0.00018969928431636596,0.0,funding,11.184,0.0,0.4297566538054232
2023-10-28,LINK,60,0.024584285876468208,0.0,0.0,mark,11.666,0.0,0.4404528547557945
2023-10-28,LINK,60,-0.04361162033020852,0.0,0.0,mark,10.819,0.0,0.42165683358366907
2023-10-28,LINK,60,0.0054584694083321,0.0,0.0,mark,10.923,0.0,0.423964727564662
2023-10-29,LINK,60,0.0,0.0,0.0,mark,10.923,0.0,0.423964727564662
2023-10-29,LINK,60,-0.00018785663380365593,0.00018783898985105836,0.0,funding,10.923,0.0,0.4238850904585038
2023-10-29,LINK,60,0.019390481032432395,0.0,0.0,mark,11.297,0.0,0.432184632274767
2023-10-29,LINK,60,-0.02848866312083661,0.0,0.0,mark,10.75,0.0,0.4200459975862751
2023-10-29,LINK,60,0.017335796468007786,0.0,0.0,mark,11.081,0.0,0.4273913140065508
2023-10-30,LINK,60,0.00020766902283472964,0.0,0.0,mark,11.085,0.0,0.4274800791596659
2023-10-30,LINK,60,-0.00018907513078090024,0.00018905725720487718,0.0,funding,11.085,0.0,0.42739926094839026
2023-10-30,LINK,60,0.03915126173656976,0.0,0.0,mark,11.854,0.0,0.44446436163477093
2023-10-30,LINK,60,-0.04932759328748047,0.0,0.0,mark,10.89,0.0,0.42307195973402845
2023-10-30,LINK,60,0.01716130670896247,0.0,0.0,mark,11.22,0.0,0.43039508486602535
2023-10-31,LINK,60,0.0,0.0,0.0,mark,11.22,0.0,0.43039508486602535
2023-10-31,LINK,60,-0.00019008172546591047,0.00019006366107929574,0.0,funding,11.22,0.0,0.43031328240048516
2023-10-31,LINK,60,0.04072485109132633,0.0,0.0,mark,12.026,0.0,0.4481994607531807
2023-10-31,LINK,60,-0.0563167987273263,0.0,0.0,mark,10.92,0.0,0.4236558959168516
2023-10-31,LINK,60,0.022427352918909002,0.0,0.0,mark,11.353,0.0,0.4332647237415627
2023-11-01,LINK,60,-5.122008644459658e-05,0.0,0.0,mark,11.352,0.0,0.433242532453284
2023-11-01,LINK,60,-0.0008434803327300171,0.0008431247031901101,0.5814653125449034,rotation,11.352,-0.02219128827877856,0.4328772549717
2023-11-01,SOL,61,-0.0009636006814707994,0.0009631365674195873,0.6642321154617843,entry,38.41,0.007485836365663694,0.4324603350582325
2023-11-01,SOL,61,-0.00021846245780385404,0.0002184385966187954,0.0,funding,38.41,0.0,0.4323658690295491
2023-11-01,SOL,61,0.101129455536149,0.0,0.0,mark,44.55658336386982,0.0,0.4783781862993893
2023-11-01,SOL,61,-0.000505625117710489,0.0005054973108724109,0.34861883508442126,partial_tp,44.55658336386982,-0.003742918182831847,0.47813636741263493
2023-11-01,SOL,61,0.018178360190127352,0.0,0.0,mark,46.9,0.0,0.4869075841499572
2023-11-01,SOL,61,-0.07243730641325949,0.0,0.0,mark,37.81,0.0,0.45288445786801573
2023-11-01,SOL,61,0.027229715840357317,0.0,0.0,mark,41.15,0.0,0.46538580459867407
2023-11-02,SOL,61,8.042290159463861e-05,0.0,0.0,mark,41.16,0.0,0.4654232337805024
2023-11-02,SOL,61,-0.0001087557625638872,0.000108749848870415,0.0,funding,41.16,0.0,0.465372619074168
2023-11-02,SOL,61,0.02705673223568351,0.0,0.0,mark,44.57,0.0,0.4781359700776246
2023-11-02,SOL,61,-0.04745081704711863,0.0,0.0,mark,38.65,0.0,0.45597789443526004
2023-11-02,SOL,61,0.012886127974421497,0.0,0.0,mark,40.23,0.0,0.46189170516413436
2023-11-03,SOL,61,8.10312568152738e-05,0.0,0.0,mark,40.24,0.0,0.4619291343459627
2023-11-03,SOL,61,-0.0004728938186046097,0.0004727820219460496,0.32605656685934453,stop,40.24,-0.003742918182831847,0.46171074255583083
2023-11-10,LINK,62,-0.0007693263064552899,0.00076903045084701,0.5303658281703516,entry,14.603,0.016768855738599688,0.4613556729353222
2023-11-10,LINK,62,-0.00017439681101886657,0.00017438160477904258,0.0,funding,14.603,0.0,0.46127522099270185
2023-11-10,LINK,62,0.03714523243394561,0.0,0.0,mark,15.644,0.0,0.47873159981658414
2023-11-10,LINK,62,-0.054785832569175484,0.0,0.0,mark,14.122,0.0,0.45320940138243543
2023-11-10,LINK,62,0.04948261614962087,0.0,0.0,mark,15.493,0.0,0.4761995026000556
2023-11-11,LINK,62,0.0003168751557578832,0.0,0.0,mark,15.502,0.0,0.476350422301703
2023-11-11,LINK,62,-4.07722853380343e-05,4.077145415966346e-05,0.028118244248043767,resize,15.502,-0.0008640264173615068,0.4763310008022962
2023-11-11,LINK,62,-0.0001700731869678646,0.00017005872534320608,0.0,funding,15.502,0.0,0.47624999655945827
2023-11-11,LINK,62,0.03601246850232111,0.0,0.0,mark,16.6,0.0,0.4937134991541778
2023-11-11,LINK,62,-0.06288676724351366,0.0,0.0,mark,14.708,0.0,0.4636215620783951
2023-11-11,LINK,62,0.05891648874057038,0.0,0.0,mark,16.477,0.0,0.49175720514766547
2023-11-12,LINK,62,0.0,0.0,0.0,mark,16.477,0.0,0.49175720514766547
2023-11-12,LINK,62,-0.00017509972584454323,0.00017508439678229346,0.0,funding,16.477,0.0,0.49167110613403886
2023-11-12,LINK,62,0.002132726000751918,0.0,0.0,mark,16.543,0.0,0.49272082486924057
2023-11-12,LINK,62,-0.03856588195466797,0.0,0.0,mark,15.371,0.0,0.4740803649047494
2023-11-12,LINK,62,0.021703679860637235,0.0,0.0,mark,16.025,0.0,0.48448212328083917
2023-11-13,LINK,62,0.0,0.0,0.0,mark,16.025,0.0,0.48448212328083917
2023-11-13,LINK,62,-0.0007631027026159833,0.0007628116137969313,0.5260769750323663,rotation,16.025,-0.01590482932123818,0.48411255469052356
2023-11-13,SOL,63,-0.0006678843437215102,0.0006676613586186587,0.46045610939217835,entry,56.27,0.003961481845400864,0.4837893314445345
2023-11-13,SOL,63,-0.00015139174450353642,0.00015138028535168524,0.0,funding,56.27,0.0,0.4837160952774903
2023-11-13,SOL,63,0.028977045349617078,0.0,0.0,mark,59.86,0.0,0.4979378151024794
2023-11-13,SOL,63,-0.07070207447825856,0.0,0.0,mark,51.28,0.0,0.46394830086894
2023-11-13,SOL,63,0.002728634774071636,0.0,0.0,mark,51.6,0.0,0.46521597505946827
2023-11-14,SOL,63,0.0,0.0,0.0,mark,51.6,0.0,0.46521597505946827
2023-11-14,SOL,63,-0.00014436939035680798,0.00014435896959788592,0.0,funding,51.6,0.0,0.46514881696066823
2023-11-14,SOL,63,-0.004096341848871235,0.0,0.0,mark,51.12,0.0,0.4632473056748758
2023-11-14,SOL,63,0.05708815360862641,0.0,0.0,mark,57.99,0.0,0.49046268595277975
2023-11-14,SOL,63,-0.00957660509284342,0.0,0.0,mark,56.81,0.0,0.4857881373752067
2023-11-15,SOL,63,0.0,0.0,0.0,mark,56.81,0.0,0.4857881373752067
2023-11-15,SOL,63,-1.4661328411047918e-05,1.4661220934278433e-05,0.010111186851226504,resize,56.81,-8.646179593575082e-05,0.4857810151279974
2023-11-15,SOL,63,-0.00014889549517073869,0.0001488844107866269,0.0,funding,56.81,0.0,0.4857086899077887
2023-11-15,SOL,63,0.07904585412310253,0.0,0.0,mark,67.12,0.0,0.525660146617774
2023-11-15,SOL,63,-0.0843252949611685,0.0,0.0,mark,56.15,0.0,0.48315117667514174
2023-11-15,SOL,63,0.07178883202439247,0.0,0.0,mark,65.43,0.0,0.519111362734178
2023-11-16,SOL,63,0.0,0.0,0.0,mark,65.43,0.0,0.519111362734178
2023-11-16,SOL,63,-6.165649812518825e-05,6.165459740232421e-05,0.042520412001602906,resize,65.43,-0.0003373502830226315,0.5190793571321016
2023-11-16,SOL,63,-0.00014651540459697645,0.00014650467173927254,0.0,funding,65.43,0.0,0.5190033095812784
2023-11-16,SOL,63,-0.06418065075656444,0.0,0.0,mark,56.31,0.0,0.4867397613113229
2023-11-16,SOL,63,0.08288569978185112,0.0,0.0,mark,68.2,0.0,0.528802654834324
2023-11-16,SOL,63,-0.07211446011697026,0.0,0.0,mark,57.8,0.0,0.49201088926332215
2023-11-17,SOL,63,7.189968080990061e-05,0.0,0.0,mark,57.81,0.0,0.4920462659609866
2023-11-17,SOL,63,-0.0001365636118584141,0.00013655428747273574,0.0,funding,57.81,0.0,0.49197907493373466
2023-11-17,SOL,63,0.019651938118937347,0.0,0.0,mark,60.57,0.0,0.5017430434891159
2023-11-17,SOL,63,-0.03091741394325713,0.0,0.0,mark,56.25211673904391,0.0,0.4864677984218035
2023-11-17,SOL,63,-0.0005933335394461654,0.0005931575519098629,0.4090741737309399,stop,56.25211673904391,-0.0035376697664424818,0.48617924637340865
2023-11-18,AVAX,64,-0.000589529425611668,0.0005893556872828524,0.4064521981261051,entry,21.94,0.009006774082578174,0.4858927138695196
2023-11-18,AVAX,64,-0.0001336243307997084,0.00013361540346647712,0.0,funding,21.94,0.0,0.4858277911185145
2023-11-18,AVAX,64,0.013808491983057808,0.0,0.0,mark,22.69,0.0,0.4925828716804481
2023-11-18,AVAX,64,-0.047173025259759666,0.0,0.0,mark,20.17,0.0,0.4698858009923511
2023-11-18,AVAX,64,0.03429105522589169,0.0,0.0,mark,21.99,0.0,0.48627812982264335
2023-11-19,AVAX,64,0.00018520142120991335,0.0,0.0,mark,22.0,0.0,0.48636819756346916
2023-11-19,AVAX,64,-0.00013385878192073385,0.00013384982323373412,0.0,funding,22.0,0.0,0.4863030972661988
2023-11-19,AVAX,64,-0.02342332962751271,0.0,0.0,mark,20.75,0.0,0.47504462966297606
2023-11-19,AVAX,64,0.04250191302333791,0.0,0.0,mark,23.04,0.0,0.49567014231208006
2023-11-19,AVAX,64,-0.003458445105451964,0.0,0.0,mark,22.85,0.0,0.4939588552363902
2023-11-20,AVAX,64,-0.00018235517448435002,0.0,0.0,mark,22.84,0.0,0.4938687874955644
2023-11-20,AVAX,64,-1.9749067631459264e-05,1.974887261991841e-05,0.013619912151667867,resize,22.84,-0.0002945030429133237,0.4938590341437892
2023-11-20,AVAX,64,-0.00013238666544392987,0.00013237790271601686,0.0,funding,22.84,0.0,0.4937936581206119
2023-11-20,AVAX,64,0.007207814970272002,0.0,0.0,mark,23.25,0.0,0.49736568924687447
2023-11-20,AVAX,64,-0.045512930143155335,0.0,0.0,mark,20.71,0.0,0.4752365208061258
2023-11-20,AVAX,64,0.0025632613070349125,0.0,0.0,mark,20.85,0.0,0.47645623875167886
2023-11-21,AVAX,64,0.00018283892379341847,0.0,0.0,mark,20.86,0.0,0.4765433614620755
2023-11-21,AVAX,64,-0.00012530300560690668,0.00012529515551311274,0.0,funding,20.86,0.0,0.47648365288749234
2023-11-21,AVAX,64,0.02581086718071203,0.0,0.0,mark,22.29,0.0,0.48894220047421305
2023-11-21,AVAX,64,-0.062306446022965534,0.0,0.0,mark,18.9,0.0,0.4594076016497492
2023-11-21,AVAX,64,0.0022731115752700555,0.0,0.0,mark,19.02,0.0,0.460453074174509
2023-11-22,AVAX,64,0.0,0.0,0.0,mark,19.02,0.0,0.460453074174509
2023-11-22,AVAX,64,-0.00011824239311703474,0.00011823540276070818,0.0,funding,19.02,0.0,0.4603986323198315
2023-11-22,AVAX,64,0.041332909263163235,0.0,0.0,mark,21.25,0.0,0.47982699673828416
2023-11-22,AVAX,64,-0.042468953568381144,0.0,0.0,mark,18.96,0.0,0.45987589605745166
2023-11-22,AVAX,64,0.03389849065791999,0.0,0.0,mark,20.78,0.0,0.4757322293496417
2023-11-23,AVAX,64,0.0001831171580020657,0.0,0.0,mark,20.79,0.0,0.47581935206003834
2023-11-23,AVAX,64,-1.9590169373858956e-05,1.95899774877982e-05,0.013510329301929792,resize,20.79,-0.00030921001128244273,0.47581003076964323
2023-11-23,AVAX,64,-0.00012063563942738435,0.00012062836324119583,0.0,funding,20.79,0.0,0.47575263458441774
2023-11-23,AVAX,64,-0.006556635141949688,0.0,0.0,mark,20.42,0.0,0.47264350200391625
2023-11-23,AVAX,64,0.01884469462933727,0.0,0.0,mark,21.49,0.0,0.4816347773042854
2023-11-23,AVAX,64,-0.014940975620638506,0.0,0.0,mark,20.64,0.0,0.47449217543016037
2023-11-24,AVAX,64,0.0,0.0,0.0,mark,20.64,0.0,0.47449217543016037
2023-11-24,AVAX,64,-0.00012009785633268952,0.0001200906448737771,0.0,funding,20.64,0.0,0.4744351933588254
2023-11-24,AVAX,64,0.021724824627087014,0.0,0.0,mark,21.88,0.0,0.4848549890340196
2023-11-24,AVAX,64,-0.025095725624423245,0.0,0.0,mark,20.45,0.0,0.4728386117634327
2023-11-24,AVAX,64,0.007789055365094661,0.0,0.0,mark,20.89,0.0,0.476535958615921
2023-11-25,AVAX,64,0.0,0.0,0.0,mark,20.89,0.0,0.476535958615921
2023-11-25,AVAX,64,-0.00012103126795272444,0.00012102394396427565,0.0,funding,20.89,0.0,0.4764782863547685
2023-11-25,AVAX,64,0.010351343264131264,0.0,0.0,mark,21.48,0.0,0.48143609236151413
2023-11-25,AVAX,64,-0.014947187958219662,0.0,0.0,mark,20.63,0.0,0.47429349048738906
2023-11-25,AVAX,64,0.012850492616166824,0.0,0.0,mark,21.36,0.0,0.4804277250381082
2023-11-26,AVAX,64,0.0,0.0,0.0,mark,21.36,0.0,0.4804277250381082
2023-11-26,AVAX,64,-0.00012275194444434808,0.00012274441073268082,0.0,funding,21.36,0.0,0.48036875522009875
2023-11-26,AVAX,64,0.0027949605948264823,0.0,0.0,mark,21.52,0.0,0.48171324498463997
2023-11-26,AVAX,64,-0.02508259735998309,0.0,0.0,mark,20.1,0.0,0.46978089832433695
2023-11-26,AVAX,64,0.017025936758533294,0.0,0.0,mark,21.06,0.0,0.47784783691158406
2023-11-27,AVAX,64,0.00017583677517020042,0.0,0.0,mark,21.07,0.0,0.4779318675218679
2023-11-27,AVAX,64,-0.00012171763792027875,0.00012171023062916592,0.0,funding,21.07,0.0,0.4778736983240468
2023-11-27,AVAX,64,0.004036225998580825,0.0,0.0,mark,21.3,0.0,0.47980640236057476
2023-11-27,AVAX,64,-0.026261732725701196,0.0,0.0,mark,19.82,0.0,0.4673698720385688
2023-11-27,AVAX,64,0.009484001668776061,0.0,0.0,mark,20.35,0.0,0.4718234943836115
2023-11-28,AVAX,64,0.00017808169654380345,0.0,0.0,mark,20.36,0.0,0.47190752499389527
2023-11-28,AVAX,64,-0.00011911741934077995,0.000119110325142764,0.0,funding,20.36,0.0,0.47185131593515595
2023-11-28,AVAX,64,0.008864942673386157,0.0,0.0,mark,20.86,0.0,0.47605284644934714
2023-11-28,AVAX,64,-0.02484164084563718,0.0,0.0,mark,19.47,0.0,0.4643725916198956
2023-11-28,AVAX,64,0.02165930721642132,0.0,0.0,mark,20.68,0.0,0.4745402954642383
2023-11-29,AVAX,64,0.000177062247362558,0.0,0.0,mark,20.69,0.0,0.47462432607452215
2023-11-29,AVAX,64,-0.00012035528645030377,0.00012034804404337671,0.0,funding,20.69,0.0,0.47456720596522367
2023-11-29,AVAX,64,0.015287454897363507,0.0,0.0,mark,21.56,0.0,0.48187786905991636
2023-11-29,AVAX,64,-0.017769482937712244,0.0,0.0,mark,20.55,0.0,0.47339077742125013
2023-11-29,AVAX,64,0.010067107404412782,0.0,0.0,mark,21.12,0.0,0.4781805222074281
2023-11-30,AVAX,64,0.0,0.0,0.0,mark,21.12,0.0,0.4781805222074281
2023-11-30,AVAX,64,-0.00012194304918304768,0.00012193561443167044,0.0,funding,21.12,0.0,0.47812221497164353
2023-11-30,AVAX,64,-0.005463186979273238,0.0,0.0,mark,20.81,0.0,0.47551726605284494
2023-11-30,AVAX,64,0.012119534413591086,0.0,0.0,mark,21.5,0.0,0.4813153781624288
2023-11-30,AVAX,64,-0.0019222851774824184,0.0,0.0,mark,21.39,0.0,0.4803910414493067
2023-12-01,AVAX,64,0.0001749059714284601,0.0,0.0,mark,21.4,0.0,0.4804750720595905
2023-12-01,AVAX,64,-1.6216287984890077e-05,1.6216156501624775e-05,0.011183556208017087,resize,21.4,-0.00025109439135184534,0.4804672806006269
2023-12-01,AVAX,64,-0.00011929693207561529,0.00011928981647958686,0.0,funding,21.4,0.0,0.4804099657468996
2023-12-01,AVAX,64,0.02082296529064274,0.0,0.0,mark,22.64,0.0,0.4905184043768175
2023-12-01,AVAX,64,-0.02592659796019591,0.0,0.0,mark,21.1,0.0,0.4779643757557904
2023-12-01,AVAX,64,0.013047320187107617,0.0,0.0,mark,21.87,0.0,0.48424139006630396
2023-12-02,AVAX,64,-0.00016835927397211575,0.0,0.0,mark,21.86,0.0,0.48415987039993363
2023-12-02,AVAX,64,-0.00012093194624243914,0.00012092463426935958,0.0,funding,21.86,0.0,0.4841013235446776
2023-12-02,AVAX,64,0.009886204835599422,0.0,0.0,mark,22.45,0.0,0.4889109838605256
2023-12-02,AVAX,64,-0.011740254435484123,0.0,0.0,mark,21.75,0.0,0.48320460721460423
2023-12-02,AVAX,64,0.008232627932330447,0.0,0.0,mark,22.24,0.0,0.4871990708667492
2023-12-03,AVAX,64,0.0,0.0,0.0,mark,22.24,0.0,0.4871990708667492
2023-12-03,AVAX,64,-4.5078057686035274e-05,4.507704168565579e-05,0.031087614955624683,resize,22.24,0.0006810187554785792,0.4871771093739225
2023-12-03,AVAX,64,-0.0001324875934037796,0.00013247881731016163,0.0,funding,22.24,0.0,0.48711256872665204
2023-12-03,AVAX,64,0.009025822206593346,0.0,0.0,mark,22.74,0.0,0.4915290614229066
2023-12-03,AVAX,64,-0.02088251692354097,0.0,0.0,mark,21.59,0.0,0.48137112822152106
2023-12-03,AVAX,64,0.006401837338153733,0.0,0.0,mark,21.94,0.0,0.4844626731088993
2023-12-04,AVAX,64,0.0,0.0,0.0,mark,21.94,0.0,0.4844626731088993
2023-12-04,AVAX,64,-0.00013143268367734552,0.00013142404678055075,0.0,funding,21.94,0.0,0.48439900306388517
2023-12-04,AVAX,64,0.022716046666343196,0.0,0.0,mark,23.2,0.0,0.4955285646584467
2023-12-04,AVAX,64,-0.04820229274621385,0.0,0.0,mark,20.56,0.0,0.47220948322222256
2023-12-04,AVAX,64,0.03888986835928289,0.0,0.0,mark,22.68,0.0,0.49093541225434195
2023-12-05,AVAX,64,-0.000179937724790006,0.0,0.0,mark,22.67,0.0,0.49084708240041686
2023-12-05,AVAX,64,-0.00013403954529440717,0.00013403056239594423,0.0,funding,22.67,0.0,0.4907812938899123
2023-12-05,AVAX,64,0.0381386433268027,0.0,0.0,mark,24.83,0.0,0.509860542337732
2023-12-05,AVAX,64,-0.053737791050350696,0.0,0.0,mark,21.81,0.0,0.48318492645235445
2023-12-05,AVAX,64,0.04870107629429755,0.0,0.0,mark,24.54,0.0,0.5072989765739044
2023-12-06,AVAX,64,0.0,0.0,0.0,mark,24.54,0.0,0.5072989765739044
2023-12-06,AVAX,64,-0.0001403911045946055,0.00014038125022457516,0.0,funding,24.54,0.0,0.5072277613093353
2023-12-06,AVAX,64,0.047954024835690036,0.0,0.0,mark,27.360819275039013,0.0,0.5321440167606631
2023-12-06,AVAX,64,-0.00032931911648511486,0.00032926489689696974,0.22707923923928944,partial_tp,27.360819275039013,-0.004416492696254571,0.5319688004158502
2023-12-06,AVAX,64,0.002646386236621966,0.0,0.0,mark,27.68,0.0,0.5333784597564256
2023-12-06,AVAX,64,-0.027109279334203457,0.0,0.0,mark,24.45,0.0,0.5191131883475234
2023-12-06,AVAX,64,0.014778840632521611,0.0,0.0,mark,26.2,0.0,0.5268420505659689
2023-12-07,AVAX,64,0.0,0.0,0.0,mark,26.2,0.0,0.5268420505659689
2023-12-07,AVAX,64,-7.21614194572293e-05,7.215881588469133e-05,0.0,funding,26.2,0.0,0.5268040342674418
2023-12-07,AVAX,64,0.014151444575522835,0.0,0.0,mark,27.9,0.0,0.5343120718510745
2023-12-07,AVAX,64,-0.018267849259959612,0.0,0.0,mark,25.71,0.0,0.5246399528462771
2023-12-07,AVAX,64,0.004786864594970307,0.0,0.0,mark,26.28,0.0,0.5271573536831422
2023-12-08,AVAX,64,0.0,0.0,0.0,mark,26.28,0.0,0.5271573536831422
2023-12-08,AVAX,64,-7.233847312806443e-05,7.2335856763689e-05,0.0,funding,26.28,0.0,0.5271192213043142
2023-12-08,AVAX,64,0.03717152690367345,0.0,0.0,mark,30.8,0.0,0.5470817682913849
2023-12-08,AVAX,64,-0.03926836024815854,0.0,0.0,mark,26.03,0.0,0.5260150981302506
2023-12-08,AVAX,64,0.03635791376817527,0.0,0.0,mark,30.44,0.0,0.5454918309207333
2023-12-09,AVAX,64,0.0,0.0,0.0,mark,30.44,0.0,0.5454918309207333
2023-12-09,AVAX,64,-0.00035742055621472364,0.00035735668909698257,0.24645288903240173,rotation,30.44,-0.004416492696254571,0.545296895766106
2023-12-09,ADA,65,-0.0015323313781714415,0.0015311579578779822,1.055971005433091,entry,0.5455,1.0555778391964774,0.5444619600847476
2023-12-09,ADA,65,-0.0003475233257016132,0.0003474629464651876,0.0,funding,0.5455,0.0,0.5442727797278583
2023-12-09,ADA,65,0.12073990746557683,0.0,0.0,mark,0.6116697197342079,0.0,0.61412006950513
2023-12-09,ADA,65,-0.0007625310502163952,0.0007622403972971422,0.5256830326187187,partial_tp,0.6116697197342079,-0.5277889195982387,0.6136519623793623
2023-12-09,ADA,65,0.03026811311140408,0.0,0.0,mark,0.6474,0.0,0.6325100083977869
2023-12-09,ADA,65,-0.09014049212897753,0.0,0.0,mark,0.5441,0.0,0.5779894130032889
2023-12-09,ADA,65,0.03146002489295606,0.0,0.0,mark,0.5791,0.0,0.5964620251892272
2023-12-10,ADA,65,0.0,0.0,0.0,mark,0.5791,0.0,0.5964620251892272
2023-12-10,ADA,65,-0.0001683676367489138,0.00016835346371381338,0.0,funding,0.5791,0.0,0.5963616087413128
2023-12-10,ADA,65,0.03273488022512748,0.0,0.0,mark,0.6167,0.0,0.6162064721182067
2023-12-10,ADA,65,-0.04135658523343396,0.0,0.0,mark,0.5694,0.0,0.59124205622121
2023-12-10,ADA,65,0.02242079235766164,0.0,0.0,mark,0.5948,0.0,0.6046478947790052
2023-12-11,ADA,65,-8.729244912376215e-05,0.0,0.0,mark,0.5947,0.0,0.6045951158870453
2023-12-11,ADA,65,-0.00017057745628194353,0.00017056290877481102,0.0,funding,0.5947,0.0,0.6044919943854485
2023-12-11,ADA,65,0.003225305701904726,0.0,0.0,mark,0.5984,0.0,0.6064448133879621
2023-12-11,ADA,65,-0.017304074926705954,0.0,0.0,mark,0.5786881543024451,0.0,0.5960411196439623
2023-12-11,ADA,65,-0.0007432895628384745,0.0007430133915806697,0.5124230286763239,stop,0.5786881543024451,-0.5277889195982387,0.5955982531101341
2023-12-12,AVAX,66,-0.0007620076575038918,0.0007617174033988422,0.5253223471716152,entry,38.04,0.008225054476738419,0.5951445755553062
2023-12-12,AVAX,66,-0.0001727369877852088,0.00017272206961060023,0.0,funding,38.04,0.0,0.5950417809524987
2023-12-12,AVAX,66,-0.028603411670224562,0.0,0.0,mark,36.0,0.0,0.5782626698199523
2023-12-12,AVAX,66,0.09349173489179158,0.0,0.0,mark,42.89,0.0,0.63493329516468
2023-12-12,AVAX,66,-0.0725198268984656,0.0,0.0,mark,37.49,0.0,0.5905180009902925
2023-12-13,AVAX,66,0.0,0.0,0.0,mark,37.49,0.0,0.5905180009902925
2023-12-13,AVAX,66,-0.000171573163967147,0.00017155844613356587,0.0,funding,37.49,0.0,0.5904166926396287
2023-12-13,AVAX,66,0.05396258051357066,0.0,0.0,mark,41.47,0.0,0.6231524094570475
2023-12-13,AVAX,66,-0.1035103803831704,0.0,0.0,mark,34.02,0.0,0.5618757536053464
2023-12-13,AVAX,66,0.0702288620002628,0.0,0.0,mark,38.99,0.0,0.6027542743547363
2023-12-14,AVAX,66,-0.0001364671486266626,0.0,0.0,mark,38.98,0.0,0.6026720238099689
2023-12-14,AVAX,66,-0.00017479482193442672,0.00017477954620963345,0.0,funding,38.98,0.0,0.6025666890671342
2023-12-14,AVAX,66,0.018393834697163776,0.0,0.0,mark,40.34,0.0,0.6137527631554984
2023-12-14,AVAX,66,-0.05269089069609315,0.0,0.0,mark,36.51,0.0,0.5822508045095902
2023-12-14,AVAX,66,0.038655554112570496,0.0,0.0,mark,39.3,0.0,0.6051987064996904
2023-12-15,AVAX,66,-0.00013591591255825082,0.0,0.0,mark,39.29,0.0,0.605116455954923
2023-12-15,AVAX,66,-0.00017547327135029916,0.00017545787681626893,0.0,funding,39.29,0.0,0.6050102835063346
2023-12-15,AVAX,66,0.03971367129730482,0.0,0.0,mark,42.27,0.0,0.6295209458470151
2023-12-15,AVAX,66,-0.05023692018969528,0.0,0.0,mark,38.52,0.0,0.598676991559246
2023-12-15,AVAX,66,0.016216867560278108,0.0,0.0,mark,39.71,0.0,0.6084648063865647
2023-12-16,AVAX,66,0.0001351680248512175,0.0,0.0,mark,39.72,0.0,0.6085470569313322
2023-12-16,AVAX,66,-0.00010200290635426465,0.00010199770423464666,0.07034324429975633,resize,39.72,0.0010777234212894869,0.6084849865286064
2023-12-16,AVAX,66,-0.00019952915944833991,0.00019950925482950345,0.0,funding,39.72,0.0,0.6083635881423691
2023-12-16,AVAX,66,0.08230339967099992,0.0,0.0,mark,45.33,0.0,0.6605521721503057
2023-12-16,AVAX,66,-0.10113521250723705,0.0,0.0,mark,38.5,0.0,0.5970141991067751
2023-12-16,AVAX,66,0.05634789396632234,0.0,0.0,mark,42.22,0.0,0.6316205328874389
2023-12-17,AVAX,66,0.00014727344037185293,0.0,0.0,mark,42.23,0.0,0.6317135606664191
2023-12-17,AVAX,66,-2.4744768258458104e-05,2.4744462109186802e-05,0.017065146282197793,resize,42.23,-0.0002552754989633074,0.6316979292541534
2023-12-17,AVAX,66,-0.00019873506930933492,0.0001987153228035566,0.0,funding,42.23,0.0,0.6315724011962273
2023-12-17,AVAX,66,-0.028332041807030174,0.0,0.0,mark,40.28,0.0,0.6139297715180513
2023-12-17,AVAX,66,0.054209717706128056,0.0,0.0,mark,44.06,0.0,0.6481293305865155
2023-12-17,AVAX,66,-0.049211638221116544,0.0,0.0,mark,40.62,0.0,0.6170059223337332
2023-12-18,AVAX,66,0.0,0.0,0.0,mark,40.62,0.0,0.6170059223337332
2023-12-18,AVAX,66,-2.6914207177450553e-05,2.691384499344662e-05,0.01856127240927353,resize,40.62,0.00028194030040796375,0.6169893163319795
2023-12-18,AVAX,66,-0.00020181471130172233,0.00020179434808280787,0.0,funding,40.62,0.0,0.6168648113751163
2023-12-18,AVAX,66,0.012325381920919967,0.0,0.0,mark,41.44,0.0,0.6245149543886838
2023-12-18,AVAX,66,-0.056154956200110545,0.0,0.0,mark,37.78457060007686,0.0,0.5904118352601335
2023-12-18,AVAX,66,-0.0008661063033250486,0.000865731341520794,0.5970560976005475,stop,37.78457060007686,-0.009329442699472562,0.589900697229944
2023-12-28,SOL,67,-0.000704455158809534,0.0007042070885289666,0.4856600610544597,entry,106.92,0.0026794912891204914,0.5894852849774265
2023-12-28,SOL,67,-0.0001596849649240913,0.0001596722159587085,0.0,funding,106.92,0.0,0.5893911605556991
2023-12-28,SOL,67,0.012379648517024331,0.0,0.0,mark,109.66,0.0,0.5967329666878892
2023-12-28,SOL,67,-0.05786024397633428,0.0,0.0,mark,97.14,0.0,0.5631857357481007
2023-12-28,SOL,67,0.021928863576553458,0.0,0.0,mark,101.8,0.0,0.5756721651554022
2023-12-29,SOL,67,0.0,0.0,0.0,mark,101.8,0.0,0.5756721651554022
2023-12-29,SOL,67,-0.00015568605870026789,0.0001556739402547987,0.0,funding,101.8,0.0,0.5755825480011575
2023-12-29,SOL,67,0.03746263159063014,0.0,0.0,mark,110.0,0.0,0.5975543765719455
2023-12-29,SOL,67,-0.05058308120538896,0.0,0.0,mark,99.0,0.0,0.5680799723916201
2023-12-29,SOL,67,0.03325980768675152,0.0,0.0,mark,106.17,0.0,0.587291924934614
2023-12-30,SOL,67,0.0,0.0,0.0,mark,106.17,0.0,0.587291924934614
2023-12-30,SOL,67,-0.0001591569906457814,0.00015914432584382862,0.0,funding,106.17,0.0,0.5871984607571468
2023-12-30,SOL,67,0.005914606005817425,0.0,0.0,mark,107.47,0.0,0.5906817994330034
2023-12-30,SOL,67,-0.0315664592217895,0.0,0.0,mark,100.62,0.0,0.572327284102528
2023-12-30,SOL,67,0.005974751160606519,0.0,0.0,mark,101.9,0.0,0.5757570329526022
2023-12-31,SOL,67,0.0,0.0,0.0,mark,101.9,0.0,0.5757570329526022
2023-12-31,SOL,67,-0.00015581603109084678,0.00015580389240361713,0.0,funding,101.9,0.0,0.5756673277657894
2023-12-31,SOL,67,-0.01104559419091383,0.0,0.0,mark,99.54,0.0,0.569343728323465
2023-12-31,SOL,67,0.026334785887399063,0.0,0.0,mark,105.21,0.0,0.5845364439327781
2023-12-31,SOL,67,-0.016127367786570215,0.0,0.0,mark,101.72,0.0,0.5751850193337477
2023-12-31,SOL,67,-0.0006873348764206137,0.0006870987159146094,0.47386118338938576,boundary_exit,101.72,-0.0026794912891204914,0.5747898104455501
2024-01-01,SOL,1,-0.0004694410654286455,0.0004693308952117837,0.32367647945640254,entry,101.72,0.0031820338129807564,0.9995306691047882
2024-01-01,SOL,1,-0.00010639694115585307,0.00010639128120195233,0.0,funding,101.72,0.0,0.9994243277563014
2024-01-01,SOL,1,0.02580374667690375,0.0,0.0,mark,109.93,0.0,1.0255488253608736
2024-01-01,SOL,1,-0.02669562695336594,0.0,0.0,mark,101.44,0.0,0.9985333582886669
2024-01-01,SOL,1,0.026633569790034166,0.0,0.0,mark,109.91,0.0,1.0254851846846138
2024-01-02,SOL,1,6.205716333172883e-05,0.0,0.0,mark,109.93,0.0,1.0255488253608736
2024-01-02,SOL,1,-0.00011206759012525393,0.00011206131078730074,0.0,funding,109.93,0.0,1.0254339010152271
2024-01-02,SOL,1,0.021549952384476125,0.0,0.0,mark,116.95,0.0,1.0477717783823521
2024-01-02,SOL,1,-0.033757318665994455,0.0,0.0,mark,106.02,0.0,1.0129921488064724
2024-01-02,SOL,1,0.002227784676983972,0.0,0.0,mark,106.73,0.0,1.0152513928136888
2024-01-03,SOL,1,-3.1342815215134776e-05,0.0,0.0,mark,106.72,0.0,1.015219572475559
2024-01-03,SOL,1,-0.00010990197853912708,0.00010989593953786705,0.0,funding,106.72,0.0,1.0151080039668046
2024-01-03,SOL,1,0.009918911457872496,0.0,0.0,mark,109.9,0.0,1.0252268714920834
2024-01-03,SOL,1,-0.08043273593128106,0.0,0.0,mark,85.0,0.0,0.9459942295488625
2024-01-03,SOL,1,0.04447335948122182,0.0,0.0,mark,98.52,0.0,0.9890153267003623
2024-01-04,SOL,1,0.0,0.0,0.0,mark,98.52,0.0,0.9890153267003623
2024-01-04,SOL,1,-0.00010414533172767983,0.00010413990879087761,0.0,funding,98.52,0.0,0.988912330734447
2024-01-04,SOL,1,0.0305161635187364,0.0,0.0,mark,108.15,0.0,1.0195553163534516
2024-01-04,SOL,1,-0.03671333094783853,0.0,0.0,mark,96.6,0.0,0.9828028258135239
2024-01-04,SOL,1,0.02654981160947077,0.0,0.0,mark,104.91,0.0,1.0092455267993938
2024-01-05,SOL,1,0.0,0.0,0.0,mark,104.91,0.0,1.0092455267993938
2024-01-05,SOL,1,-2.246779293555536e-05,2.2467540536643494e-05,0.015494855542512754,resize,104.91,-0.0001490621832492974,1.0092228515346091
2024-01-05,SOL,1,-0.00010358853107277672,0.00010358316596616121,0.0,funding,104.91,0.0,1.0091183130364818
2024-01-05,SOL,1,0.001711706778758807,0.0,0.0,mark,105.48,0.0,1.0108471068654288
2024-01-05,SOL,1,-0.031237204209640934,0.0,0.0,mark,95.23,0.0,0.9797591476606813
2024-01-05,SOL,1,0.014475144201981751,0.0,0.0,mark,99.94,0.0,0.9940444440367164
2024-01-06,SOL,1,-3.0511894302159355e-05,0.0,0.0,mark,99.93,0.0,0.9940141143204192
2024-01-06,SOL,1,-0.00010018079170380198,0.00010017577377578468,0.0,funding,99.93,0.0,0.9939145381873731
2024-01-06,SOL,1,-0.02596719830874301,0.0,0.0,mark,91.53,0.0,0.9684375764976288
2024-01-06,SOL,1,0.02709563180602498,0.0,0.0,mark,100.3,0.0,0.9950367376903737
2024-01-06,SOL,1,-0.020104848821749496,0.0,0.0,mark,93.77,0.0,0.9752314329482272
2024-01-07,SOL,1,0.0,0.0,0.0,mark,93.77,0.0,0.9752314329482272
2024-01-07,SOL,1,-9.581563908073082e-05,9.581104890909686e-05,0.0,funding,93.77,0.0,0.9751379950017074
2024-01-07,SOL,1,0.009380077956687912,0.0,0.0,mark,96.8,0.0,0.9843278990397937
2024-01-07,SOL,1,-0.02850349702209667,0.0,0.0,mark,87.68,0.0,0.9566671977766428
2024-01-07,SOL,1,0.005564309748595899,0.0,0.0,mark,89.44,0.0,0.9620052278449701
2024-01-08,SOL,1,0.0,0.0,0.0,mark,89.44,0.0,0.9620052278449701
2024-01-08,SOL,1,-9.264753007793526e-05,9.264323842799138e-05,0.0,funding,89.44,0.0,0.9619161045652779
2024-01-08,SOL,1,0.03266236858107599,0.0,0.0,mark,99.97,0.0,0.9938532958263502
2024-01-08,SOL,1,-0.04624931770263044,0.0,0.0,mark,85.16,0.0,0.9489349859900272
2024-01-08,SOL,1,0.039850775529927704,0.0,0.0,mark,97.88,0.0,0.9875143851202114
2024-01-09,SOL,1,0.0,0.0,0.0,mark,97.88,0.0,0.9875143851202114
2024-01-09,SOL,1,-9.8771431288013e-05,9.876655355084193e-05,0.0,funding,97.88,0.0,0.9874168517278112
2024-01-09,SOL,1,-0.008111173478934105,0.0,0.0,mark,95.25,0.0,0.9794401363416175
2024-01-09,SOL,1,0.029414705602586782,0.0,0.0,mark,104.89,0.0,1.0086779828522288
2024-01-09,SOL,1,-0.01676783295974227,0.0,0.0,mark,99.36,0.0,0.9919056497398138
2024-01-10,SOL,1,0.0,0.0,0.0,mark,99.36,0.0,0.9919056497398138
2024-01-10,SOL,1,-1.6764484314013472e-05,1.676434379086404e-05,0.011561616407492441,resize,99.36,-0.00011541900799835227,0.9918890210924934
2024-01-10,SOL,1,-9.602384013018286e-05,9.60192299887104e-05,0.0,funding,99.36,0.0,0.9917937806724538
2024-01-10,SOL,1,0.01795860227944256,0.0,0.0,mark,105.52,0.0,1.0097659048223298
2024-01-10,SOL,1,-0.04080991680609873,0.0,0.0,mark,91.68,0.0,0.9693869765375436
2024-01-10,SOL,1,0.030587382824534957,0.0,0.0,mark,102.0,0.0,0.9994961195938292
2024-01-11,SOL,1,-2.9190660647870313e-05,0.0,0.0,mark,101.99,0.0,0.9994669440676118
2024-01-11,SOL,1,-9.781830134226254e-05,9.781351728816234e-05,0.0,funding,101.99,0.0,0.9993691826903993
2024-01-11,SOL,1,0.015440550025396486,0.0,0.0,mark,107.32,0.0,1.0149197381642368
2024-01-11,SOL,1,-0.02813253667198599,0.0,0.0,mark,97.67,0.0,0.9867653553645123
2024-01-11,SOL,1,0.006571762290162332,0.0,0.0,mark,99.9,0.0,0.9932714977109771
2024-01-12,SOL,1,-2.9373595015882494e-05,0.0,0.0,mark,99.89,0.0,0.9932423221847597
2024-01-12,SOL,1,-9.640453176131743e-05,9.639988499375654e-05,0.0,funding,99.89,0.0,0.9931465737391302
2024-01-12,SOL,1,-0.03860234561132221,0.0,0.0,mark,87.0,0.0,0.9555393204449905
2024-01-12,SOL,1,0.040363405535609194,0.0,0.0,mark,100.49,0.0,0.99489710531217
2024-01-12,SOL,1,-0.024851421216342588,0.0,0.0,mark,92.12,0.0,0.9704771898682639
2024-01-13,SOL,1,6.0124337699348366e-05,0.0,0.0,mark,92.14,0.0,0.9705355409206986
2024-01-13,SOL,1,-9.100520760548212e-05,9.100106675720544e-05,0.0,funding,92.14,0.0,0.970447221151149
2024-01-13,SOL,1,0.014653535097775781,0.0,0.0,mark,97.05,0.0,0.9847724045238585
2024-01-13,SOL,1,-0.02259179211276567,0.0,0.0,mark,89.51,0.0,0.9627740577559909
2024-01-13,SOL,1,0.01903025707148677,0.0,0.0,mark,95.85,0.0,0.9812713413777787
2024-01-14,SOL,1,0.0,0.0,0.0,mark,95.85,0.0,0.9812713413777787
2024-01-14,SOL,1,-9.363388720667326e-05,9.362950369106181e-05,0.0,funding,95.85,0.0,0.9811794654290993
2024-01-14,SOL,1,0.020659202255790713,0.0,0.0,mark,102.87,0.0,1.0016606848336658
2024-01-14,SOL,1,-0.027312224797112077,0.0,0.0,mark,93.62,0.0,0.9746733230826345
2024-01-14,SOL,1,0.0005685776030865462,0.0,0.0,mark,93.81,0.0,0.9752276580807638
2024-01-15,SOL,1,0.0,0.0,0.0,mark,93.81,0.0,0.9752276580807638
2024-01-15,SOL,1,-9.220890576968756e-05,9.2204654659207e-05,0.0,funding,93.81,0.0,0.9751377375513364
2024-01-15,SOL,1,0.00938047329920055,0.0,0.0,mark,96.96,0.0,0.9843280283097956
2024-01-15,SOL,1,-0.01189686551519396,0.0,0.0,mark,92.97,0.0,0.9726869933490805
2024-01-15,SOL,1,0.004160606201865301,0.0,0.0,mark,94.36,0.0,0.9767423914932895
2024-01-16,SOL,1,-2.987068260788456e-05,0.0,0.0,mark,94.35,0.0,0.9767132159670721
2024-01-16,SOL,1,-9.259865251844437e-05,9.259436539555211e-05,0.0,funding,94.35,0.0,0.9766227778266662
2024-01-16,SOL,1,-0.0005677651511481429,0.0,0.0,mark,94.16,0.0,0.9760684428285369
2024-01-16,SOL,1,0.013567665065168419,0.0,0.0,mark,98.73,0.0,0.9894016583098572
2024-01-16,SOL,1,-0.0033081274981365547,0.0,0.0,mark,97.61,0.0,0.9861339993735161
2024-01-17,SOL,1,-2.9586200084929088e-05,0.0,0.0,mark,97.6,0.0,0.9861048238472987
2024-01-17,SOL,1,-9.487615055289181e-05,9.487164995326328e-05,0.0,funding,97.6,0.0,0.9860112704556334
2024-01-17,SOL,1,0.015269339396565863,0.0,0.0,mark,102.8,0.0,1.0011825440886455
2024-01-17,SOL,1,-0.018529486852501456,0.0,0.0,mark,96.5,0.0,0.9828019625717269
2024-01-17,SOL,1,0.01648752888104982,0.0,0.0,mark,102.1,0.0,0.9991402572534323
2024-01-18,SOL,1,0.0,0.0,0.0,mark,102.1,0.0,0.9991402572534323
2024-01-18,SOL,1,-0.00015424818425186822,0.00015423628861228948,0.10636985421537204,resize,102.1,0.0010409246180681383,0.9989861535683503
2024-01-18,SOL,1,-0.00013292733916771225,0.00013291850472048545,0.0,funding,102.1,0.0,0.9988533698225815
2024-01-18,SOL,1,0.005887536221073123,0.0,0.0,mark,103.59,0.0,1.0047515009098855
2024-01-18,SOL,1,-0.04917579690944742,0.0,0.0,mark,91.41,0.0,0.9565372481291063
2024-01-18,SOL,1,0.01229771158259968,0.0,0.0,mark,94.4,0.0,0.9683730950761121
2024-01-19,SOL,1,-4.087844002148167e-05,0.0,0.0,mark,94.39,0.0,0.9683335103037141
2024-01-19,SOL,1,-0.00012677911850652538,0.00012677108237372175,0.0,funding,94.39,0.0,0.9682107536165141
2024-01-19,SOL,1,0.004405801706891007,0.0,0.0,mark,95.47,0.0,0.9724859090354995
2024-01-19,SOL,1,-0.03491663631250264,0.0,0.0,mark,87.04,0.0,0.939115945903975
2024-01-19,SOL,1,0.027357765597673743,0.0,0.0,mark,93.62,0.0,0.9651627261418672
2024-01-20,SOL,1,0.0,0.0,0.0,mark,93.62,0.0,0.9651627261418672
2024-01-20,SOL,1,-0.0001261579616907677,0.0001261500041098471,0.0,funding,93.62,0.0,0.9650409708599977
2024-01-20,SOL,1,0.0026626705646417503,0.0,0.0,mark,94.27,0.0,0.9676139810658685
2024-01-20,SOL,1,-0.016790410590183522,0.0,0.0,mark,90.2,0.0,0.9515029786998774
2024-01-20,SOL,1,0.011087736541465295,0.0,0.0,mark,92.88,0.0,0.9621116977025448
2024-01-21,SOL,1,0.0,0.0,0.0,mark,92.88,0.0,0.9621116977025448
2024-01-21,SOL,1,-0.00012555764160614597,0.00012554975957524458,0.0,funding,92.88,0.0,0.9619909048102137
2024-01-21,SOL,1,-0.008637293687199689,0.0,0.0,mark,90.79,0.0,0.9537176873790291
2024-01-21,SOL,1,0.012948610704571456,0.0,0.0,mark,93.93,0.0,0.9661473059120049
2024-01-21,SOL,1,-0.01170421264770066,0.0,0.0,mark,91.09,0.0,0.9549052305509694
2024-01-22,SOL,1,-4.145499640232853e-05,0.0,0.0,mark,91.08,0.0,0.9548656457785714
2024-01-22,SOL,1,-0.0001240585971147101,0.0001240509021650959,0.0,funding,91.08,0.0,0.954747193833766
2024-01-22,SOL,1,0.0033940356528461045,0.0,0.0,mark,91.9,0.0,0.9579931451704031
2024-01-22,SOL,1,-0.04150909415958476,0.0,0.0,mark,82.06,0.0,0.9190417291307589
2024-01-22,SOL,1,0.0076375382383819515,0.0,0.0,mark,83.84,0.0,0.9260878186176051
2024-01-23,SOL,1,0.0,0.0,0.0,mark,83.84,0.0,0.9260878186176051
2024-01-23,SOL,1,-0.00011774537017955763,0.00011773843846551832,0.0,funding,83.84,0.0,0.9259787824839592
2024-01-23,SOL,1,0.00919143761234545,0.0,0.0,mark,86.0,0.0,0.9345290933219298
2024-01-23,SOL,1,-0.017682446292926028,0.0,0.0,mark,81.86216674972503,0.0,0.9181495745786236
2024-01-23,SOL,1,-0.0005118905398049329,0.0005117595461949265,0.3529376180654665,stop,81.86216674972503,-0.003958477239801245,0.9176797027689981
2024-01-29,SOL,2,-0.000648992876968055,0.0006487823266419781,0.4474360873392952,entry,95.99,0.004277560325426064,0.9170843283963236
2024-01-29,SOL,2,-0.00014710784304675456,0.00014709702321854946,0.0,funding,95.99,0.0,0.9169494280215761
2024-01-29,SOL,2,0.027560002864804506,0.0,0.0,mark,101.98,0.0,0.9425720143708782
2024-01-29,SOL,2,-0.031907882327915804,0.0,0.0,mark,95.06,0.0,0.9129712969189299
2024-01-29,SOL,2,0.0305455010703151,0.0,0.0,mark,101.68,0.0,0.9412887462732504
2024-01-30,SOL,2,-4.5444689945542966e-05,0.0,0.0,mark,101.67,0.0,0.9412459706699962
2024-01-30,SOL,2,-0.00015181330092237723,0.00015180177786633508,0.0,funding,101.67,0.0,0.9411030878582389
2024-01-30,SOL,2,0.02167162862214458,0.0,0.0,mark,106.49,0.0,0.9617209286267925
2024-01-30,SOL,2,-0.024949584062540067,0.0,0.0,mark,100.95,0.0,0.9380232444239321
2024-01-30,SOL,2,0.0020499809845631553,0.0,0.0,mark,101.4,0.0,0.9399481465703738
2024-01-31,SOL,2,0.0,0.0,0.0,mark,101.4,0.0,0.9399481465703738
2024-01-31,SOL,2,-2.3546755018337355e-05,2.3546477795637495e-05,0.016238950203887926,resize,101.4,0.00015053028743977365,0.9399260141022115
2024-01-31,SOL,2,-0.00015695887921052089,0.0001569465618101618,0.0,funding,101.4,0.0,0.9397784959459423
2024-01-31,SOL,2,0.006247199408775567,0.0,0.0,mark,102.73,0.0,0.9456678564610539
2024-01-31,SOL,2,-0.03250406102028171,0.0,0.0,mark,95.9,0.0,0.9154239975751802
2024-01-31,SOL,2,0.005114333385712872,0.0,0.0,mark,96.96,0.0,0.920117773624818
2024-02-01,SOL,2,0.0,0.0,0.0,mark,96.96,0.0,0.920117773624818
2024-02-01,SOL,2,-0.00015331688947460253,0.00015330513704095883,0.0,funding,96.96,0.0,0.9199767148434386
2024-02-01,SOL,2,0.005519990146131432,0.0,0.0,mark,98.11,0.0,0.9250690190482344
2024-02-01,SOL,2,-0.024224907065839737,0.0,0.0,mark,93.11,0.0,0.9029285659839051
2024-02-01,SOL,2,0.022787844639686923,0.0,0.0,mark,97.81,0.0,0.9237405918643746
2024-02-02,SOL,2,0.0,0.0,0.0,mark,97.81,0.0,0.9237405918643746
2024-02-02,SOL,2,-0.00015405443429739163,0.00015404256852231008,0.0,funding,97.81,0.0,0.9235982964909555
2024-02-02,SOL,2,0.022564786771732712,0.0,0.0,mark,102.57,0.0,0.9446760078081968
2024-02-02,SOL,2,-0.024580460758407165,0.0,0.0,mark,97.39,0.0,0.9217384984335518
2024-02-02,SOL,2,0.015208722561266078,0.0,0.0,mark,100.58,0.0,0.9358641074885938
2024-02-03,SOL,2,-4.7316649281359104e-05,0.0,0.0,mark,100.57,0.0,0.9358198265824651
2024-02-03,SOL,2,-0.00015635712667313062,0.00015634490353462715,0.0,funding,100.57,0.0,0.9356735159219522
2024-02-03,SOL,2,0.003165769899625388,0.0,0.0,mark,101.24,0.0,0.9386403366325724
2024-02-03,SOL,2,-0.02247027641749811,0.0,0.0,mark,96.53,0.0,0.9177840298459743
2024-02-03,SOL,2,0.0068757193491159494,0.0,0.0,mark,97.96,0.0,0.9241161994223724
2024-02-04,SOL,2,-4.791818073849589e-05,0.0,0.0,mark,97.95,0.0,0.9240719185162438
2024-02-04,SOL,2,-0.00015421963691866628,0.00015420774568166587,0.0,funding,97.95,0.0,0.9239294194688417
2024-02-04,SOL,2,0.0030626154502182484,0.0,0.0,mark,98.59,0.0,0.9267633974610758
2024-02-04,SOL,2,-0.016913060051992994,0.0,0.0,mark,95.08,0.0,0.9112207994099167
2024-02-04,SOL,2,0.00199041871320466,0.0,0.0,mark,95.49,0.0,0.9130363165611917
2024-02-05,SOL,2,-4.849969178581082e-05,0.0,0.0,mark,95.48,0.0,0.912992035655063
2024-02-05,SOL,2,-0.00015215491356771355,0.0001521433385959519,0.0,funding,95.48,0.0,0.912853129998647
2024-02-05,SOL,2,-0.006667810515321088,0.0,0.0,mark,94.11,0.0,0.9067866458590208
2024-02-05,SOL,2,0.022166735149631748,0.0,0.0,mark,98.7,0.0,0.927111581772075
2024-02-05,SOL,2,-0.014626157140494436,0.0,0.0,mark,95.66,0.0,0.9136501863089628
2024-02-06,SOL,2,0.0,0.0,0.0,mark,95.66,0.0,0.9136501863089628
2024-02-06,SOL,2,-0.00015233195937685244,0.0001523203574530928,0.0,funding,95.66,0.0,0.9135110187859972
2024-02-06,SOL,2,0.010703587310447368,0.0,0.0,mark,97.88,0.0,0.9233413799465593
2024-02-06,SOL,2,-0.024270788163492766,0.0,0.0,mark,92.88,0.0,0.9012009268822301
2024-02-06,SOL,2,0.019463527566599914,0.0,0.0,mark,96.88,0.0,0.9189132893336934
2024-02-07,SOL,2,-4.818950121690942e-05,0.0,0.0,mark,96.87,0.0,0.9188690084275648
2024-02-07,SOL,2,-0.00015338275101109704,0.00015337098847826566,0.0,funding,96.87,0.0,0.9187280805794602
2024-02-07,SOL,2,0.02244744402116818,0.0,0.0,mark,101.58,0.0,0.9395843873660583
2024-02-07,SOL,2,-0.033351237167676566,0.0,0.0,mark,94.62,0.0,0.9087648767005121
2024-02-07,SOL,2,0.03127544409207893,0.0,0.0,mark,101.14,0.0,0.9376360274963973
2024-02-08,SOL,2,0.0,0.0,0.0,mark,101.14,0.0,0.9376360274963973
2024-02-08,SOL,2,-0.00015693877640315847,0.0001569264621576152,0.0,funding,101.14,0.0,0.9374888875918108
2024-02-08,SOL,2,0.017975148807845544,0.0,0.0,mark,104.98,0.0,0.9544927555452156
2024-02-08,SOL,2,-0.020955297205771804,0.0,0.0,mark,100.51,0.0,0.9346991905057054
2024-02-08,SOL,2,0.0106028529027064,0.0,0.0,mark,102.76,0.0,0.9446623943846535
2024-02-09,SOL,2,4.687374938802765e-05,0.0,0.0,mark,102.77,0.0,0.9447066752907821
2024-02-09,SOL,2,-0.000153168085276577,0.00015315635564424113,0.10562507285809732,resize,102.77,0.0009709517505801278,0.9445619874592418
2024-02-09,SOL,2,-0.00019301255537180304,0.00019299392964691132,0.0,funding,102.77,0.0,0.944379692729487
2024-02-09,SOL,2,0.035714843364366845,0.0,0.0,mark,109.13,0.0,0.9787176021610033
2024-02-09,SOL,2,-0.035772015249183914,0.0,0.0,mark,102.76,0.0,0.9443257023058526
2024-02-09,SOL,2,0.023617430896027653,0.0,0.0,mark,106.94,0.0,0.9668936993850566
2024-02-10,SOL,2,0.0,0.0,0.0,mark,106.94,0.0,0.9668936993850566
2024-02-10,SOL,2,-0.00019620578629597565,0.00019618653919941054,0.0,funding,106.94,0.0,0.9667040078564005
2024-02-10,SOL,2,-0.00044689988456619357,0.0,0.0,mark,106.86,0.0,0.9662720844673248
2024-02-10,SOL,2,0.022103887129990545,0.0,0.0,mark,110.86,0.0,0.9878682539211087
2024-02-10,SOL,2,-0.010162353375989064,0.0,0.0,mark,109.01,0.0,0.9778800255487337
2024-02-11,SOL,2,0.0,0.0,0.0,mark,109.01,0.0,0.9778800255487337
2024-02-11,SOL,2,-3.692540406108911e-05,3.6924722326677707e-05,0.025465325742536345,resize,109.01,-0.00022843806428509555,0.9778439176003214
2024-02-11,SOL,2,-0.00018939575966015176,0.0001893778254155527,0.0,funding,109.01,0.0,0.9776587356456105
2024-02-11,SOL,2,-0.009405199162225975,0.0,0.0,mark,107.24,0.0,0.9685067660360956
2024-02-11,SOL,2,0.018146229600994258,0.0,0.0,mark,110.67,0.0,0.9862419387822174
2024-02-11,SOL,2,-0.01697239635655563,0.0,0.0,mark,107.46,0.0,0.969644298981911
2024-02-12,SOL,2,0.0,0.0,0.0,mark,107.46,0.0,0.969644298981911
2024-02-12,SOL,2,-1.6237968409546337e-05,1.6237836574473067e-05,0.011198507982395217,resize,107.46,0.0001010475472011255,0.9696285540562487
2024-02-12,SOL,2,-0.00019196447516227675,0.00019194605116133593,0.0,funding,107.46,0.0,0.9694424376842044
2024-02-12,SOL,2,-0.022324898770709926,0.0,0.0,mark,103.4,0.0,0.9480395311879747
2024-02-12,SOL,2,0.047879593511234456,0.0,0.0,mark,112.22,0.0,0.9945355004728874
2024-02-12,SOL,2,-0.0030790934447477345,0.0,0.0,mark,111.64,0.0,0.9914779424019975
2024-02-13,SOL,2,5.316821968477346e-05,0.0,0.0,mark,111.65,0.0,0.9915306589204611
2024-02-13,SOL,2,-0.00019504403574209815,0.00019502501589075823,0.0,funding,111.65,0.0,0.991337285637949
2024-02-13,SOL,2,0.01844092806129045,0.0,0.0,mark,115.15,0.0,1.009788067100216
2024-02-13,SOL,2,-0.03668661306046194,0.0,0.0,mark,108.25,0.0,0.9734136693603181
2024-02-13,SOL,2,0.022649678870719062,0.0,0.0,mark,112.48,0.0,0.9957127566704294
2024-02-14,SOL,2,5.294209867365931e-05,0.0,0.0,mark,112.49,0.0,0.995765473188893
2024-02-14,SOL,2,-0.00019567578507809623,0.00019565664182032678,0.0,funding,112.49,0.0,0.9955706450603682
2024-02-14,SOL,2,0.03230227396924018,0.0,0.0,mark,118.69,0.0,1.0282548865078125
2024-02-14,SOL,2,-0.042306953095768936,0.0,0.0,mark,110.61,0.0,0.9856599395892076
2024-02-14,SOL,2,0.03344975655745755,0.0,0.0,mark,116.97,0.0,1.0191876453320698
2024-02-15,SOL,2,0.0,0.0,0.0,mark,116.97,0.0,1.0191876453320698
2024-02-15,SOL,2,-0.00017308608255965017,0.00017307110402780163,0.11935938208813904,resize,116.97,0.0010400069041523576,1.0190112534010807
2024-02-15,SOL,2,-0.0002380574261445567,0.00023802909272383364,0.0,funding,116.97,0.0,1.0187686990769582
2024-02-15,SOL,2,0.008758966947653839,0.0,0.0,mark,118.39,0.0,1.0277312545026887
2024-02-15,SOL,2,-0.04317110302008242,0.0,0.0,mark,111.51,0.0,0.9843070422991499
2024-02-15,SOL,2,0.012679721603300092,0.0,0.0,mark,113.5,0.0,0.9968672432126734
2024-02-16,SOL,2,0.0,0.0,0.0,mark,113.5,0.0,0.9968672432126734
2024-02-16,SOL,2,-0.00023612628846439503,0.00023609841284647306,0.0,funding,113.5,0.0,0.9966318844387323
2024-02-16,SOL,2,0.004738497310025557,0.0,0.0,mark,114.25,0.0,1.0013656285016181
2024-02-16,SOL,2,-0.040584785775255004,0.0,0.0,mark,107.94,0.0,0.9615390617858726
2024-02-16,SOL,2,0.015566460729095932,0.0,0.0,mark,110.33,0.0,0.9766239261996019
2024-02-17,SOL,2,-6.462940895440976e-05,0.0,0.0,mark,110.32,0.0,0.9765608096120968
2024-02-17,SOL,2,-0.0002342827784761193,0.00023425533640910348,0.0,funding,110.32,0.0,0.9763320450311171
2024-02-17,SOL,2,0.004901114630896193,0.0,0.0,mark,111.08,0.0,0.9811289056815081
2024-02-17,SOL,2,-0.03989845250080296,0.0,0.0,mark,105.0,0.0,0.9427540204783809
2024-02-17,SOL,2,0.0259056032376232,0.0,0.0,mark,108.92,0.0,0.9674957227803971
2024-02-18,SOL,2,0.0,0.0,0.0,mark,108.92,0.0,0.9674957227803971
2024-02-18,SOL,2,-0.00023347684085777565,0.00023344958726123074,0.0,funding,108.92,0.0,0.967269861303237
2024-02-18,SOL,2,0.032863220027078914,0.0,0.0,mark,114.04,0.0,0.9995855541058705
2024-02-18,SOL,2,-0.04210638166450097,0.0,0.0,mark,107.51,0.0,0.9583704224650117
2024-02-18,SOL,2,0.03067560230881086,0.0,0.0,mark,112.24,0.0,0.9882245683549445
2024-02-19,SOL,2,6.386662913036105e-05,0.0,0.0,mark,112.25,0.0,0.9882876849424497
2024-02-19,SOL,2,-0.00023555300347472254,0.00023552526304420666,0.0,funding,112.25,0.0,0.9880549182254903
2024-02-19,SOL,2,0.016597953065257555,0.0,0.0,mark,114.87,0.0,1.0045914641518379
2024-02-19,SOL,2,-0.02622610052280834,0.0,0.0,mark,110.75,0.0,0.9785874300997187
2024-02-19,SOL,2,0.005018204260968764,0.0,0.0,mark,111.53,0.0,0.98351052392512
2024-02-20,SOL,2,0.0,0.0,0.0,mark,111.53,0.0,0.98351052392512
2024-02-20,SOL,2,-0.00023517886481066232,0.00023515121242927514,0.0,funding,111.53,0.0,0.983279250232982
2024-02-20,SOL,2,-0.05631004323902159,0.0,0.0,mark,103.0,0.0,0.9294408010910946
2024-02-20,SOL,2,0.06002614363215273,0.0,0.0,mark,112.11,0.0,0.9869400123082803
2024-02-20,SOL,2,-0.024601841715404055,0.0,0.0,mark,108.31,0.0,0.9629557090563258
2024-02-21,SOL,2,6.554249434813941e-05,0.0,0.0,mark,108.32,0.0,0.9630188256438309
2024-02-21,SOL,2,-0.00023327009098188147,0.0002332428856296657,0.0,funding,108.32,0.0,0.9627942083540221
2024-02-21,SOL,2,0.0005243076217084891,0.0,0.0,mark,108.4,0.0,0.9632991410540633
2024-02-21,SOL,2,-0.055016935717787,0.0,0.0,mark,100.23,0.0,0.911732889062361
2024-02-21,SOL,2,0.032688839189549575,0.0,0.0,mark,105.03,0.0,0.9420288510648299
2024-02-22,SOL,2,6.699845031354776e-05,0.0,0.0,mark,105.04,0.0,0.942091967652335
2024-02-22,SOL,2,-0.0002312310513405121,0.0002312043195014048,0.0,funding,105.04,0.0,0.9418741519200462
2024-02-22,SOL,2,-0.023802143313746766,0.0,0.0,mark,101.53,0.0,0.9197202297057407
2024-02-22,SOL,2,0.037512140398409395,0.0,0.0,mark,107.1,0.0,0.9548761689461056
2024-02-22,SOL,2,-0.035934990079543504,0.0,0.0,mark,101.76,0.0,0.9211719112183591
2024-02-23,SOL,2,-6.852005487489357e-05,0.0,0.0,mark,101.75,0.0,0.9211087946308539
2024-02-23,SOL,2,-0.00022909086179610767,0.00022906462248842231,0.0,funding,101.75,0.0,0.920897801192541
2024-02-23,SOL,2,0.009210100297700663,0.0,0.0,mark,103.1,0.0,0.9294185405057354
2024-02-23,SOL,2,-0.030755902783741476,0.0,0.0,mark,98.64,0.0,0.9012685424784413
2024-02-23,SOL,2,0.008785182091767247,0.0,0.0,mark,99.9,0.0,0.9092212325040895
2024-02-24,SOL,2,6.941588540528441e-05,0.0,0.0,mark,99.91,0.0,0.9092843490915946
2024-02-24,SOL,2,-0.00022787320235800624,0.000227847241231802,0.0,funding,99.91,0.0,0.9090771711611588
2024-02-24,SOL,2,0.033723005292031184,0.0,0.0,mark,104.85,0.0,0.9402567653886997
2024-02-24,SOL,2,-0.04370100967022838,0.0,0.0,mark,98.48,0.0,0.9000514991479234
2024-02-24,SOL,2,0.03804638691849301,0.0,0.0,mark,104.01,0.0,0.9349549720382677
2024-02-25,SOL,2,6.750534417510934e-05,0.0,0.0,mark,104.02,0.0,0.9350180886257728
2024-02-25,SOL,2,-0.0010186606488902068,0.0010181419902586994,0.7021668898335858,rotation,104.02,-0.006311658750514353,0.9340661074480915
2024-02-25,AVAX,3,-0.0009139130002511169,0.0009134955089583768,0.6299969027299149,entry,36.76,0.01600812716641147,0.9332128422538675
2024-02-25,AVAX,3,-0.00020719121317743796,0.00020716975056031485,0.0,funding,36.76,0.0,0.933019508782118
2024-02-25,AVAX,3,-0.005850574781113475,0.0,0.0,mark,36.42,0.0,0.9275767455455382
2024-02-25,AVAX,3,0.018297641326443986,0.0,0.0,mark,37.49,0.0,0.9447054416135984
2024-02-25,AVAX,3,-0.0005084822230308853,0.0,0.0,mark,37.46,0.0,0.944225197798606
2024-02-26,AVAX,3,0.0,0.0,0.0,mark,37.46,0.0,0.944225197798606
2024-02-26,AVAX,3,-0.0002086743389731234,0.00020865256799759276,0.0,funding,37.46,0.0,0.9440281827863173
2024-02-26,AVAX,3,0.03154635297524216,0.0,0.0,mark,39.35,0.0,0.974283543130835
2024-02-26,AVAX,3,-0.051758817054262864,0.0,0.0,mark,36.28,0.0,0.9251385927299518
2024-02-26,AVAX,3,0.05077249085417079,0.0,0.0,mark,39.29,0.0,0.9733230555008503
2024-02-27,AVAX,3,0.0,0.0,0.0,mark,39.29,0.0,0.9733230555008503
2024-02-27,AVAX,3,-0.00021232575165141835,0.00021230321213426125,0.0,funding,39.29,0.0,0.9731164158897231
2024-02-27,AVAX,3,0.01063597879632632,0.0,0.0,mark,39.94,0.0,0.9835216985478905
2024-02-27,AVAX,3,-0.02688870642912468,0.0,0.0,mark,38.31,0.0,0.9574284512666399
2024-02-27,AVAX,3,0.015759094652207976,0.0,0.0,mark,39.26,0.0,0.9726361720747307
2024-02-28,AVAX,3,-0.00016459849138855158,0.0,0.0,mark,39.25,0.0,0.9724760908030666
2024-02-28,AVAX,3,-4.5284387325436354e-05,4.528336200307962e-05,0.03122990482971008,resize,39.25,-0.0007737665163044145,0.9724320538162075
2024-02-28,AVAX,3,-0.0002020410055049154,0.0002020205965954799,0.0,funding,39.25,0.0,0.9722356025125469
2024-02-28,AVAX,3,0.031617163443016974,0.0,0.0,mark,41.3,0.0,1.0034660418452663
2024-02-28,AVAX,3,-0.08058863740524681,0.0,0.0,mark,36.2,0.0,0.9257708025297204
2024-02-28,AVAX,3,0.06575284129766332,0.0,0.0,mark,40.33,0.0,0.9886887120146625
2024-02-29,AVAX,3,0.0,0.0,0.0,mark,40.33,0.0,0.9886887120146625
2024-02-29,AVAX,3,-0.0002041870704535173,0.0002041662256923401,0.0,funding,40.33,0.0,0.9884868551719458
2024-02-29,AVAX,3,0.06445630339662532,0.0,0.0,mark,44.65,0.0,1.0542992931804083
2024-02-29,AVAX,3,-0.07592656727817458,0.0,0.0,mark,39.59,0.0,0.9772134282908667
2024-02-29,AVAX,3,0.021285487896148883,0.0,0.0,mark,40.97,0.0,0.9982368459880143
2024-03-01,AVAX,3,0.00015260104203975035,0.0,0.0,mark,40.98,0.0,0.9983891895945154
2024-03-01,AVAX,3,-0.000205462208988558,0.00020544110307439434,0.0,funding,40.98,0.0,0.9981840794181075
2024-03-01,AVAX,3,0.0,0.0,0.0,mark,40.98,0.0,0.9981840794181075
2024-03-01,AVAX,3,0.03582684523067414,0.0,0.0,mark,43.37,0.0,1.0345942013718634
2024-03-01,AVAX,3,-0.010360963524049093,0.0,0.0,mark,42.67,0.0,1.0239301489167885
2024-03-02,AVAX,3,0.00014877213519033866,0.0,0.0,mark,42.68,0.0,1.0240824925232894
2024-03-02,AVAX,3,-8.223859662409524e-05,8.223521512346987e-05,0.05671394146446198,resize,42.68,0.0013608189909968642,1.0239982768792126
2024-03-02,AVAX,3,-0.00022727282750787802,0.00022724700299531038,0.0,funding,42.68,0.0,1.0237655763397195
2024-03-02,AVAX,3,0.030334121016184355,0.0,0.0,mark,44.58,0.0,1.055296417657817
2024-03-02,AVAX,3,-0.04223794823740686,0.0,0.0,mark,41.95,0.0,1.0116510952017137
2024-03-02,AVAX,3,0.038614501231149824,0.0,0.0,mark,44.35,0.0,1.0514795263403631
2024-03-03,AVAX,3,0.0,0.0,0.0,mark,44.35,0.0,1.0514795263403631
2024-03-03,AVAX,3,-3.439592246870276e-05,3.439533093570439e-05,0.02372091788669268,resize,44.35,0.0005623914206055979,1.0514433603540825
2024-03-03,AVAX,3,-0.00023779690888856426,0.0002377686374445026,0.0,funding,44.35,0.0,1.051193360098941
2024-03-03,AVAX,3,0.008775260950353593,0.0,0.0,mark,44.89,0.0,1.0604584484722641
2024-03-03,AVAX,3,-0.07629205114101954,0.0,0.0,mark,40.35,0.0,0.9825630758521029
2024-03-03,AVAX,3,0.038201332212499994,0.0,0.0,mark,42.58,0.0,1.020824459319715
2024-03-04,AVAX,3,0.00016806150344330983,0.0,0.0,mark,42.59,0.0,1.0209960350303322
2024-03-04,AVAX,3,-1.7870590006013264e-05,1.787043032795647e-05,0.012324434708935494,resize,42.59,-0.00029544961192329994,1.020977789391823
2024-03-04,AVAX,3,-0.0002311238519957494,0.0002310971449357857,0.0,funding,42.59,0.0,1.0207418443396516
2024-03-04,AVAX,3,-0.019517011974151708,0.0,0.0,mark,41.42,0.0,1.0010131622434018
2024-03-04,AVAX,3,0.04238089769666411,0.0,0.0,mark,43.99,0.0,1.0443488143693522
2024-03-04,AVAX,3,-0.014801927074780822,0.0,0.0,mark,43.08,0.0,1.0290042838500466
2024-03-05,AVAX,3,0.000163854905965854,0.0,0.0,mark,43.09,0.0,1.0291729050645446
2024-03-05,AVAX,3,-0.0010242141028732666,0.0010236897746324696,0.7059929480223929,rotation,43.09,-0.016862121449786216,1.0281193512853013
2024-03-05,SOL,4,-0.0008261638302292142,0.0008258226508553223,0.5695328626588428,entry,133.26,0.004394024893384888,1.0272703070372273
2024-03-05,SOL,4,-0.00018728770875695144,0.00018727017150883493,0.0,funding,133.26,0.0,1.0270779299506425
2024-03-05,SOL,4,0.03967406099964675,0.0,0.0,mark,142.72,0.0,1.0686454054420635
2024-03-05,SOL,4,-0.16853225777357905,0.0,0.0,mark,105.0,0.0,0.9029027864635856
2024-03-05,SOL,4,0.09425480999162106,0.0,0.0,mark,125.31,0.0,0.9921454320482327
2024-03-06,SOL,4,0.0,0.0,0.0,mark,125.31,0.0,0.9921454320482327
2024-03-06,SOL,4,-0.00018234905762345256,0.00018233243304452198,0.0,funding,125.31,0.0,0.9919645317576733
2024-03-06,SOL,4,-0.023802317592445166,0.0,0.0,mark,120.0,0.0,0.9686322595737995
2024-03-06,SOL,4,0.06561728461711856,0.0,0.0,mark,134.95,0.0,1.0343229317299034
2024-03-06,SOL,4,-0.017830593588210212,0.0,0.0,mark,130.79,0.0,1.0160437881734223
2024-03-07,SOL,4,4.3245477550933704e-05,0.0,0.0,mark,130.8,0.0,1.0160877284223562
2024-03-07,SOL,4,-0.0008205125210014096,0.0008201759926510712,0.5656386156214284,rotation,130.8,-0.004394024893384888,1.0152543576610769
2024-03-07,AVAX,5,-0.0009246135138817097,0.000924186190519877,0.6373697865654323,entry,41.56,0.015570078278442387,1.0143160736038614
2024-03-07,AVAX,5,-0.00020961847924048265,0.00020959651082196938,0.0,funding,41.56,0.0,1.0141034764939634
2024-03-07,AVAX,5,0.04415028088769575,0.0,0.0,mark,44.5,0.0,1.059879506632584
2024-03-07,AVAX,5,-0.04430382807534322,0.0,0.0,mark,41.55,0.0,1.0139477757111788
2024-03-07,AVAX,5,0.02502156447227033,0.0,0.0,mark,43.2,0.0,1.0396384048706089
2024-03-08,AVAX,5,0.0,0.0,0.0,mark,43.2,0.0,1.0396384048706089
2024-03-08,AVAX,5,-7.182005677627186e-05,7.181747777781634e-05,0.04952929501918368,resize,43.2,-0.001191957344169211,1.0395637406625702
2024-03-08,AVAX,5,-0.00019632174574029634,0.00019630247588746754,0.0,funding,43.2,0.0,1.0393596717264353
2024-03-08,AVAX,5,0.01045867843221923,0.0,0.0,mark,43.96,0.0,1.0502870436364828
2024-03-08,AVAX,5,-0.040082118784814484,0.0,0.0,mark,41.09,0.0,1.009021836555119
2024-03-08,AVAX,5,0.02142810629633452,0.0,0.0,mark,42.61,0.0,1.030876580375214
2024-03-09,AVAX,5,0.00013946498163887729,0.0,0.0,mark,42.62,0.0,1.0310203615845568
2024-03-09,AVAX,5,-0.00019529079028738315,0.00019527172228213897,0.0,funding,42.62,0.0,1.0308190324628421
2024-03-09,AVAX,5,0.012750751984316876,0.0,0.0,mark,43.54,0.0,1.0440469037223734
2024-03-09,AVAX,5,-0.016803947415518196,0.0,0.0,mark,42.33,0.0,1.0266493773919028
2024-03-09,AVAX,5,0.008228939678331217,0.0,0.0,mark,42.92,0.0,1.035132468743124
2024-03-10,AVAX,5,0.0,0.0,0.0,mark,42.92,0.0,1.035132468743124
2024-03-10,AVAX,5,-0.0008648119746517132,0.0008644381325513327,0.5961642293457466,rotation,42.92,-0.014378120934273176,1.0342376607649004
2024-03-10,SOL,6,-0.0007074598749217806,0.0007072096841879052,0.4877308166813139,entry,144.3,0.003495700477667613,1.0335062378754556
2024-03-10,SOL,6,-0.00016036636559484555,0.00016035350759660796,0.0,funding,144.3,0.0,1.0333405115250893
2024-03-10,SOL,6,-0.013178325103923501,0.0,0.0,mark,140.43,0.0,1.0198121506765156
2024-03-10,SOL,6,0.027286566462492504,0.0,0.0,mark,148.5,0.0,1.0480224535312932
2024-03-10,SOL,6,-0.013803825577591468,0.0,0.0,mark,144.39,0.0,1.0336551245680792
2024-03-11,SOL,6,0.0,0.0,0.0,mark,144.39,0.0,1.0336551245680792
2024-03-11,SOL,6,-0.00016044327894268668,0.0001604304086081747,0.0,funding,144.39,0.0,1.0334892948540848
2024-03-11,SOL,6,0.019461286474544433,0.0,0.0,mark,150.2,0.0,1.0537993146293336
2024-03-11,SOL,6,-0.046545947692966806,0.0,0.0,mark,136.49,0.0,1.0058732610805108
2024-03-11,SOL,6,0.0419909769359604,0.0,0.0,mark,148.83,0.0,1.049010204974929
2024-03-12,SOL,6,0.0,0.0,0.0,mark,148.83,0.0,1.049010204974929
2024-03-12,SOL,6,-0.00016295638771300107,0.00016294311104193596,0.0,funding,148.83,0.0,1.0488392759886156
2024-03-12,SOL,6,0.020355547453314762,0.0,0.0,mark,155.0,0.0,1.0704077479358247
2024-03-12,SOL,6,-0.04508924412612301,0.0,0.0,mark,141.5,0.0,1.023215791487312
2024-03-12,SOL,6,0.032105546609163586,0.0,0.0,mark,151.05,0.0,1.0565997310490376
2024-03-13,SOL,6,3.308388739447679e-05,0.0,0.0,mark,151.06,0.0,1.0566346880538142
2024-03-13,SOL,6,-0.000724910241128077,0.0007246475571771921,0.49975693598427046,rotation,151.06,-0.003495700477667613,1.0558690003082873
2024-03-13,AVAX,7,-0.0006061121476494438,0.000605928498787535,0.4178817233017482,entry,55.48,0.007952926413657557,1.0552292191900143
2024-03-13,AVAX,7,-0.00013738441282768062,0.0001373749760213688,0.0,funding,55.48,0.0,1.055084257101331
2024-03-13,AVAX,7,-0.02503447516636018,0.0,0.0,mark,52.2,0.0,1.0289986584645343
2024-03-13,AVAX,7,0.02533593839691932,0.0,0.0,mark,55.52,0.0,1.0554023741578773
2024-03-13,AVAX,7,-0.005516060286590555,0.0,0.0,mark,54.79,0.0,1.0495967378759072
2024-03-14,AVAX,7,0.0,0.0,0.0,mark,54.79,0.0,1.0495967378759072
2024-03-14,AVAX,7,-5.6552592223523554e-05,5.655099315577497e-05,0.03900068493501722,resize,54.79,-0.0007471252360416155,1.0495373821379672
2024-03-14,AVAX,7,-0.00012359574600720837,0.0001235881083676957,0.0,funding,54.79,0.0,1.0494076717982477
2024-03-14,AVAX,7,-0.030183084858633826,0.0,0.0,mark,50.46,0.0,1.0182065526991706
2024-03-14,AVAX,7,0.060548135478135354,0.0,0.0,mark,59.28,0.0,1.0817617190857431
2024-03-14,AVAX,7,-0.036149643904591945,0.0,0.0,mark,53.95,0.0,1.0433547988090501
2024-03-15,AVAX,7,0.0,0.0,0.0,mark,53.95,0.0,1.0433547988090501
2024-03-15,AVAX,7,-0.00012242195504982343,0.00012241446178812624,0.0,funding,53.95,0.0,1.0432270770929
2024-03-15,AVAX,7,0.03428690023013425,0.0,0.0,mark,59.0,0.0,1.0796163730398605
2024-03-15,AVAX,7,-0.07409462301151015,0.0,0.0,mark,48.3,0.0,1.00251430043937
2024-03-15,AVAX,7,0.06981385184589739,0.0,0.0,mark,58.36,0.0,1.0750046602861862
2024-03-16,AVAX,7,0.0,0.0,0.0,mark,58.36,0.0,1.0750046602861862
2024-03-16,AVAX,7,-1.5179009472964361e-05,1.5178894272500784e-05,0.010468202946552265,resize,58.36,-0.00019282671268617668,1.0749883429041054
2024-03-16,AVAX,7,-0.0001250927012239291,0.00012508487745817404,0.0,funding,58.36,0.0,1.0748538781189643
2024-03-16,AVAX,7,0.020024377749420407,0.0,0.0,mark,61.46,0.0,1.0965940989602465
2024-03-16,AVAX,7,-0.06240629094834743,0.0,0.0,mark,52.0,0.0,1.030251360522011
2024-03-16,AVAX,7,0.009754425242513229,0.0,0.0,mark,53.44,0.0,1.0403500437515099
2024-03-17,AVAX,7,0.0,0.0,0.0,mark,53.44,0.0,1.0403500437515099
2024-03-17,AVAX,7,-0.00011836026806071026,0.00011835326376041746,0.0,funding,53.44,0.0,1.0402269149283785
2024-03-17,AVAX,7,-0.023119828254571668,0.0,0.0,mark,50.05,0.0,1.0164529314922666
2024-03-17,AVAX,7,0.056664245293370726,0.0,0.0,mark,58.5,0.0,1.075712565720923
2024-03-17,AVAX,7,-0.0003260219291981844,0.0,0.0,mark,58.45,0.0,1.0753619169976765
2024-03-18,AVAX,7,-6.521714261624861e-05,0.0,0.0,mark,58.44,0.0,1.0752917872530272
2024-03-18,AVAX,7,-6.027082593987986e-05,6.026900969025913e-05,0.04156483426914422,resize,58.44,-0.0007647899542803554,1.0752269804818815
2024-03-18,AVAX,7,-0.00011157814828957431,0.00011157192367950458,0.0,funding,58.44,0.0,1.075107015339277
2024-03-18,AVAX,7,0.03959681403660143,0.0,0.0,mark,65.39,0.0,1.1185318976882903
2024-03-18,AVAX,7,-0.058250886249727934,0.0,0.0,mark,55.26,0.0,1.0552377885954118
2024-03-18,AVAX,7,0.03141611610661123,0.0,0.0,mark,60.65,0.0,1.0889155031078122
2024-03-19,AVAX,7,-5.738153015296249e-05,0.0,0.0,mark,60.64,0.0,1.0888530212627057
2024-03-19,AVAX,7,-0.0005046861269895441,0.0005045587943681069,0.34797158232283226,rotation,60.64,-0.006248184510649409,1.0883036308950533
2024-03-19,SOL,8,-0.0006795423745375781,0.0006793115379089829,0.4684907157992986,entry,195.92,0.0026023894806298446,1.0875643336818381
2024-03-19,SOL,8,-0.0001540354138224044,0.0001540235509771114,0.0,funding,195.92,0.0,1.0873968231612483
2024-03-19,SOL,8,0.006583592226120552,0.0,0.0,mark,198.68,0.0,1.0945794181277868
2024-03-19,SOL,8,-0.0808820219796637,0.0,0.0,mark,166.0,0.0,1.0095333299008034
2024-03-19,SOL,8,0.009799082510978632,0.0,0.0,mark,169.82,0.0,1.0194744577168093
2024-03-20,SOL,8,0.0,0.0,0.0,mark,169.82,0.0,1.0194744577168093
2024-03-20,SOL,8,-0.00014243172423929838,0.00014242158132278922,0.0,funding,169.82,0.0,1.019329262552423
2024-03-20,SOL,8,0.05795241467092557,0.0,0.0,mark,193.19,0.0,1.0801471047147426
2024-03-20,SOL,8,-0.07694759904643203,0.0,0.0,mark,162.45,0.0,1.0001496520801811
2024-03-20,SOL,8,0.07352053913038809,0.0,0.0,mark,191.77,0.0,1.0764517116522483
2024-03-21,SOL,8,-2.4175918995555603e-05,0.0,0.0,mark,191.76,0.0,1.0764256877574419
2024-03-21,SOL,8,-0.0006724504327604962,0.0006722243886390261,0.46360302664760417,rotation,191.76,-0.0026023894806298446,1.0757020881575738
2024-03-21,AVAX,9,-0.00042966164901207517,0.0004295693576642836,0.29625472942364384,entry,57.05,0.005586009308809303,1.075239999502526
2024-03-21,AVAX,9,-9.7378719328145e-05,9.737397817455336e-05,0.0,funding,57.05,0.0,1.075135299106282
2024-03-21,AVAX,9,0.004251369830031516,0.0,0.0,mark,57.87,0.0,1.0797158267395055
2024-03-21,AVAX,9,-0.026792798640931367,0.0,0.0,mark,52.76,0.0,1.05117131917149
2024-03-21,AVAX,9,0.005617120033098652,0.0,0.0,mark,53.82,0.0,1.0570924890388278
2024-03-22,AVAX,9,5.284175018526244e-05,0.0,0.0,mark,53.83,0.0,1.0571483491319158
2024-03-22,AVAX,9,-0.0004125225334756819,0.00041243745775432314,0.28443962603746425,rotation,53.83,-0.005586009308809303,1.0567123415543307
2024-03-22,SOL,10,-0.0005009070545001228,0.0005007816215058411,0.3453666355212697,entry,179.46,0.002033618556315736,1.056183159434462
2024-03-22,SOL,10,-0.00011353077306094477,0.00011352432868672895,0.0,funding,179.46,0.0,1.056063256950317
2024-03-22,SOL,10,0.004783434008809623,0.0,0.0,mark,181.95,0.0,1.0611269671555432
2024-03-22,SOL,10,-0.02794571550646696,0.0,0.0,mark,167.57,0.0,1.031883532315723
2024-03-22,SOL,10,0.01494455414396685,0.0,0.0,mark,175.21,0.0,1.0474203780859752
2024-03-23,SOL,10,0.0,0.0,0.0,mark,175.21,0.0,1.0474203780859752
2024-03-23,SOL,10,-1.6271500814668637e-05,1.6271368434414756e-05,0.011221633403044658,resize,175.21,-6.708388506226383e-05,1.0474033351230976
2024-03-23,SOL,10,-0.00010808390728083573,0.00010807806642579322,0.0,funding,175.21,0.0,1.0472901337958695
2024-03-23,SOL,10,0.007091416832235899,0.0,0.0,mark,179.0,0.0,1.0547433001999202
2024-03-23,SOL,10,-0.016202261007349512,0.0,0.0,mark,170.38,0.0,1.0377917713337153
2024-03-23,SOL,10,0.0042922485120139965,0.0,0.0,mark,172.65,0.0,1.0422558050374606
2024-03-24,SOL,10,0.0,0.0,0.0,mark,172.65,0.0,1.0422558050374606
2024-03-24,SOL,10,-0.00010703064197144167,0.00010702491439666799,0.0,funding,172.65,0.0,1.042144257699147
2024-03-24,SOL,10,0.02631415051817136,0.0,0.0,mark,186.78,0.0,1.0699313926039586
2024-03-24,SOL,10,-0.028959457620854778,0.0,0.0,mark,171.25,0.0,1.0393911091593921
2024-03-24,SOL,10,0.023614999320623307,0.0,0.0,mark,183.88,0.0,1.0642284420573236
2024-03-25,SOL,10,-1.8478672088441234e-05,0.0,0.0,mark,183.87,0.0,1.064208776710611
2024-03-25,SOL,10,-2.2575400006869858e-05,2.257514518446887e-05,0.015569065644461288,resize,183.87,-9.011114539630907e-05,1.0641847520429701
2024-03-25,SOL,10,-0.00010652189053544368,0.00010651621728025436,0.0,funding,183.87,0.0,1.0640713991086952
2024-03-25,SOL,10,0.018744897081867294,0.0,0.0,mark,194.6,0.0,1.0842054235411425
2024-03-25,SOL,10,-0.023960616280331425,0.0,0.0,mark,180.92,0.0,1.0585359497074165
2024-03-25,SOL,10,0.014204003837241313,0.0,0.0,mark,188.99,0.0,1.0736786875610838
2024-03-26,SOL,10,-1.747673623906782e-05,0.0,0.0,mark,188.98,0.0,1.073659923325825
2024-03-26,SOL,10,-1.5331440792525255e-05,1.5331323266584717e-05,0.010573326390748079,resize,188.98,-6.0070678389192e-05,1.0736434626984621
2024-03-26,SOL,10,-0.00010504365166289973,0.00010503813477168751,0.0,funding,188.98,0.0,1.0735306891917304
2024-03-26,SOL,10,0.0127600908335118,0.0,0.0,mark,196.57,0.0,1.0873168073040123
2024-03-26,SOL,10,-0.017814835007440452,0.0,0.0,mark,186.0,0.0,1.0681179577062758
2024-03-26,SOL,10,0.007555689995413437,0.0,0.0,mark,190.46,0.0,1.076218891405983
2024-03-27,SOL,10,0.0,0.0,0.0,mark,190.46,0.0,1.076218891405983
2024-03-27,SOL,10,-1.6772186683458312e-05,1.6772046031045642e-05,0.011566928297272856,resize,190.46,6.536042606879915e-05,1.0762008410131967
2024-03-27,SOL,10,-0.00010941545779966399,0.00010940947214691761,0.0,funding,190.46,0.0,1.0760830944472575
2024-03-27,SOL,10,-0.01846042898016535,0.0,0.0,mark,180.0,0.0,1.0564003736060628
2024-03-27,SOL,10,0.022439467679909064,0.0,0.0,mark,192.74,0.0,1.0803734007109211
2024-03-27,SOL,10,-0.011227247060036218,0.0,0.0,mark,186.33,0.0,1.0683116186275505
2024-03-28,SOL,10,1.761374367528054e-05,0.0,0.0,mark,186.34,0.0,1.0683304357602859
2024-03-28,SOL,10,-0.0001078371437002251,0.00010783132948442215,0.0,funding,186.34,0.0,1.0682152362690691
2024-03-28,SOL,10,0.008052996425833956,0.0,0.0,mark,190.93,0.0,1.0768523001946029
2024-03-28,SOL,10,-0.017646461434620155,0.0,0.0,mark,180.92,0.0,1.0580163503264997
2024-03-28,SOL,10,0.015372231299833079,0.0,0.0,mark,189.63,0.0,1.074406072939005
2024-03-29,SOL,10,1.7513832460217828e-05,0.0,0.0,mark,189.64,0.0,1.0744248900717404
2024-03-29,SOL,10,-0.00010912444595904674,0.00010911849210329708,0.0,funding,189.64,0.0,1.0743076504478575
2024-03-29,SOL,10,0.005867987997224097,0.0,0.0,mark,193.0,0.0,1.0806302070469411
2024-03-29,SOL,10,-0.016875593989165293,0.0,0.0,mark,183.39,0.0,1.0625469424882528
2024-03-29,SOL,10,0.015150208470788174,0.0,0.0,mark,192.01,0.0,1.0787673109061398
2024-03-30,SOL,10,1.7443028196758126e-05,0.0,0.0,mark,192.02,0.0,1.078786128038875
2024-03-30,SOL,10,-0.00011004732192811267,0.00011004126694362508,0.0,funding,192.02,0.0,1.0786674170465844
2024-03-30,SOL,10,0.013824940572618903,0.0,0.0,mark,200.0,0.0,1.0936834889694078
2024-03-30,SOL,10,-0.01611282402187862,0.0,0.0,mark,190.71,0.0,1.0762023726582512
2024-03-30,SOL,10,0.0060836359234644494,0.0,0.0,mark,194.2,0.0,1.0827695519828946
2024-03-31,SOL,10,-1.7378856111546823e-05,0.0,0.0,mark,194.19,0.0,1.0827507348501593
2024-03-31,SOL,10,-0.00011088349908739427,0.00011087735173944244,0.0,funding,194.19,0.0,1.0826306823160852
2024-03-31,SOL,10,0.015487525701103913,0.0,0.0,mark,203.17,0.0,1.0995284675124453
2024-03-31,SOL,10,-0.016356950254961884,0.0,0.0,mark,193.69,0.0,1.0816898256793166
2024-03-31,SOL,10,0.015123995408466493,0.0,0.0,mark,202.45,0.0,1.0981736339554986
2024-04-01,SOL,10,0.0,0.0,0.0,mark,202.45,0.0,1.0981736339554986
2024-04-01,SOL,10,-0.00011397667621162375,0.00011397018111694322,0.0,funding,202.45,0.0,1.0980484749075388
2024-04-01,SOL,10,0.0034385955535596777,0.0,0.0,mark,204.46,0.0,1.1018307185873477
2024-04-01,SOL,10,-0.0305007651686604,0.0,0.0,mark,186.87,0.0,1.068731382105836
2024-04-01,SOL,10,0.009410530329917382,0.0,0.0,mark,192.24,0.0,1.0788361823847283
2024-04-02,SOL,10,0.0,0.0,0.0,mark,192.24,0.0,1.0788361823847283
2024-04-02,SOL,10,-1.5784512098898222e-05,1.5784387524143238e-05,0.010885784499409128,resize,192.24,6.109019034334891e-05,1.0788191536163505
2024-04-02,SOL,10,-0.00011374693407091165,0.00011374046513357288,0.0,funding,192.24,0.0,1.078696448224023
2024-04-02,SOL,10,0.0,0.0,0.0,mark,192.24,0.0,1.078696448224023
2024-04-02,SOL,10,-0.029834038629706457,0.0,0.0,mark,175.92,0.0,1.0469898956934995
2024-04-02,SOL,10,0.010356153739413978,0.0,0.0,mark,181.53,0.0,1.057889023125867
2024-04-03,SOL,10,0.0,0.0,0.0,mark,181.53,0.0,1.057889023125867
2024-04-03,SOL,10,-0.000109534762857941,0.0001095287641448224,0.0,funding,181.53,0.0,1.0577731538485617
2024-04-03,SOL,10,0.0190476021271095,0.0,0.0,mark,192.0,0.0,1.0781143061153866
2024-04-03,SOL,10,-0.02755080208794155,0.0,0.0,mark,176.92,0.0,1.0488168298800744
2024-04-03,SOL,10,0.01494754623899624,0.0,0.0,mark,185.05,0.0,1.0646118220414198
2024-04-04,SOL,10,0.0,0.0,0.0,mark,185.05,0.0,1.0646118220414198
2024-04-04,SOL,10,-0.00011095369979888809,0.00011094754466489894,0.0,funding,185.05,0.0,1.0644937059737432
2024-04-04,SOL,10,-0.009222632135387765,0.0,0.0,mark,180.02,0.0,1.054721404550426
2024-04-04,SOL,10,0.01845140462534522,0.0,0.0,mark,190.13,0.0,1.074363147570254
2024-04-04,SOL,10,-0.01114696209544329,0.0,0.0,mark,184.0,0.0,1.0624537623366688
2024-04-05,SOL,10,0.0,0.0,0.0,mark,184.0,0.0,1.0624537623366688
2024-04-05,SOL,10,-0.00011054820107870483,0.00011054209085139233,0.0,funding,184.0,0.0,1.062336316476347
2024-04-05,SOL,10,0.0019549067525878442,0.0,0.0,mark,185.07,0.0,1.0644151161826987
2024-04-05,SOL,10,-0.03195386008728973,0.0,0.0,mark,167.84,0.0,1.0309406125000442
2024-04-05,SOL,10,0.012230658534025711,0.0,0.0,mark,174.37,0.0,1.0436271191191815
2024-04-06,SOL,10,0.0,0.0,0.0,mark,174.37,0.0,1.0436271191191815
2024-04-06,SOL,10,-0.00010665211227725207,0.00010664642514296555,0.0,funding,174.37,0.0,1.0435158200177452
2024-04-06,SOL,10,0.010224610472228527,0.0,0.0,mark,179.89,0.0,1.0542400951383635
2024-04-06,SOL,10,-0.011771088286898901,0.0,0.0,mark,173.54,0.0,1.0419032931427248
2024-04-06,SOL,10,0.00953875330343518,0.0,0.0,mark,178.68,0.0,1.0518893029470686
2024-04-07,SOL,10,1.846948644889617e-05,0.0,0.0,mark,178.69,0.0,1.0519087309817075
2024-04-07,SOL,10,-0.00010843403666112742,0.00010842815790353736,0.0,funding,178.69,0.0,1.0517946744557245
2024-04-07,SOL,10,0.007398037032819776,0.0,0.0,mark,182.71,0.0,1.0596047443805225
2024-04-07,SOL,10,-0.010802548451430293,0.0,0.0,mark,176.85,0.0,1.048219916082185
2024-04-07,SOL,10,0.004936456842877513,0.0,0.0,mark,179.52,0.0,1.053407201330745
2024-04-08,SOL,10,-1.8443213386570095e-05,0.0,0.0,mark,179.51,0.0,1.0533877732961061
2024-04-08,SOL,10,-0.00010877870520094482,0.0001087727890121239,0.0,funding,179.51,0.0,1.0532731933700934
2024-04-08,SOL,10,0.009491083372616687,0.0,0.0,mark,184.68,0.0,1.0633174872783537
2024-04-08,SOL,10,-0.01737985412585012,0.0,0.0,mark,175.25,0.0,1.0449968506139642
2024-04-08,SOL,10,0.010044555986499237,0.0,0.0,mark,180.68,0.0,1.0555462734228334
2024-04-09,SOL,10,0.0,0.0,0.0,mark,180.68,0.0,1.0555462734228334
2024-04-09,SOL,10,-0.00010926383052347989,0.00010925786144847051,0.0,funding,180.68,0.0,1.0554309466943392
2024-04-09,SOL,10,0.00040488697199178244,0.0,0.0,mark,180.9,0.0,1.055858363456393
2024-04-09,SOL,10,-0.021932640370145702,0.0,0.0,mark,169.11,0.0,1.0329527106172463
2024-04-09,SOL,10,0.006206232767267481,0.0,0.0,mark,172.42,0.0,1.0393833900826894
2024-04-10,SOL,10,-1.8692059541945467e-05,0.0,0.0,mark,172.41,0.0,1.0393639620480506
2024-04-10,SOL,10,-0.00010588578985841688,0.00010588018415604062,0.0,funding,172.41,0.0,1.0392539140003438
2024-04-10,SOL,10,0.005759891926073122,0.0,0.0,mark,175.5,0.0,1.0452571767037333
2024-04-10,SOL,10,-0.02487873618542816,0.0,0.0,mark,162.28,0.0,1.019573314911238
2024-04-10,SOL,10,0.02079990969951232,0.0,0.0,mark,173.31,0.0,1.0410024371178357
2024-04-11,SOL,10,-1.8662987942403025e-05,0.0,0.0,mark,173.3,0.0,1.0409830090831969
2024-04-11,SOL,10,-0.00010626686966131161,0.00010626122353740836,0.0,funding,173.3,0.0,1.04087239295497
2024-04-11,SOL,10,0.005621046211950593,0.0,0.0,mark,176.32,0.0,1.0467396594158878
2024-04-11,SOL,10,-0.011668135044479945,0.0,0.0,mark,170.07,0.0,1.034597137766637
2024-04-11,SOL,10,0.004309721954862672,0.0,0.0,mark,172.37,0.0,1.0390655857335613
2024-04-12,SOL,10,0.0,0.0,0.0,mark,172.37,0.0,1.0390655857335613
2024-04-12,SOL,10,-0.00010589162305336367,0.00010588601673335198,0.0,funding,172.37,0.0,1.0389555632175633
2024-04-12,SOL,10,0.0067278661317452465,0.0,0.0,mark,175.98,0.0,1.0459690837221705
2024-04-12,SOL,10,-0.04335194254435107,0.0,0.0,mark,153.1388064025301,0.0,1.0015931336818495
2024-04-12,SOL,10,-0.0004308085719834775,0.00043071578729524416,0.29704537054844427,stop,153.1388064025301,-0.0019428034638801193,1.0011617317067263
2024-04-13,BNB,11,-0.001094011525569116,0.0010934133131304947,0.7540781469865481,entry,595.6,0.001267552356412444,1.0000670481406815
2024-04-13,BNB,11,-0.00024804836099082947,0.00024801759953957565,0.0,funding,595.6,0.0,0.999819013912023
2024-04-13,BNB,11,0.005814857214387877,0.0,0.0,mark,600.2,0.0,1.0056497547515202
2024-04-13,BNB,11,-0.12353779178453399,0.0,0.0,mark,508.0,0.0,0.8887814274902928
2024-04-13,BNB,11,0.062336298289002966,0.0,0.0,mark,553.1,0.0,0.9459480387644941
2024-04-14,BNB,11,-0.00013400707405206397,0.0,0.0,mark,553.0,0.0,0.9458212835288528
2024-04-14,BNB,11,-0.00024351507664892703,0.00024348542925922288,0.0,funding,553.0,0.0,0.9455909898276302
2024-04-14,BNB,11,0.030365466344263105,0.0,0.0,mark,576.0,0.0,0.9747446940251164
2024-04-14,BNB,11,-0.05328024494286839,0.0,0.0,mark,536.1,0.0,0.9241693550042599
2024-04-14,BNB,11,0.04071788344500695,0.0,0.0,mark,566.4,0.0,0.9625761914035569
2024-04-15,BNB,11,0.0,0.0,0.0,mark,566.4,0.0,0.9625761914035569
2024-04-15,BNB,11,-0.0001357465597635596,0.0001357373466161792,0.09361196318357186,resize,566.4,-0.00015909012533731038,0.9624455338654199
2024-04-15,BNB,11,-0.00021434114541655935,0.00021431817599442592,0.0,funding,566.4,0.0,0.9622392642941079
2024-04-15,BNB,11,0.02176389647514075,0.0,0.0,mark,585.5,0.0,0.9834108929076429
2024-04-15,BNB,11,-0.04707919834988953,0.0,0.0,mark,544.7,0.0,0.9381856338797775
2024-04-15,BNB,11,0.00940757475457287,0.0,0.0,mark,552.7,0.0,0.9470533317283786
2024-04-16,BNB,11,0.0,0.0,0.0,mark,552.7,0.0,0.9470533317283786
2024-04-16,BNB,11,-0.00021255587082030585,0.00021253328242166707,0.0,funding,552.7,0.0,0.9468520513751579
2024-04-16,BNB,11,0.0017544823266359801,0.0,0.0,mark,554.2,0.0,0.9485147447217707
2024-04-16,BNB,11,-0.03738516098084097,0.0,0.0,mark,522.8,0.0,0.9137090306660114
2024-04-16,BNB,11,0.01779527780124474,0.0,0.0,mark,537.6,0.0,0.9301142716859234
2024-04-17,BNB,11,-0.00011918194575387483,0.0,0.0,mark,537.5,0.0,0.9300034254628159
2024-04-17,BNB,11,-0.00021049973350537022,0.00021047757999090362,0.0,funding,537.5,0.0,0.9298076805924412
2024-04-17,BNB,11,0.01232204144084736,0.0,0.0,mark,547.9,0.0,0.9413356877956226
2024-04-17,BNB,11,-0.04245585948575926,0.0,0.0,mark,512.6,0.0,0.9022069710386704
2024-04-17,BNB,11,0.02607230047384026,0.0,0.0,mark,534.1,0.0,0.9260389090067858
2024-04-18,BNB,11,-0.00011970647957371072,0.0,0.0,mark,534.0,0.0,0.9259280627836782
2024-04-18,BNB,11,-0.00021004944696127867,0.00021002738812066714,0.0,funding,534.0,0.0,0.9257335925310641
2024-04-18,BNB,11,0.025884872970541106,0.0,0.0,mark,555.9,0.0,0.9500089153916096
2024-04-18,BNB,11,-0.03430191258834241,0.0,0.0,mark,527.0,0.0,0.9179743569135382
2024-04-18,BNB,11,0.029858246798821358,0.0,0.0,mark,552.1,0.0,0.9457967589135241
2024-04-19,BNB,11,-0.0001172056449667727,0.0,0.0,mark,552.0,0.0,0.9456859126904166
2024-04-19,BNB,11,-0.00021259362764146657,0.00021257103121752945,0.0,funding,552.0,0.0,0.9454848872607481
2024-04-19,BNB,11,0.014317222204759044,0.0,0.0,mark,564.3,0.0,0.9591189727029722
2024-04-19,BNB,11,-0.04769458214925718,0.0,0.0,mark,524.0,0.0,0.9144479447906444
2024-04-19,BNB,11,0.03571936401272478,0.0,0.0,mark,554.0,0.0,0.9477018117228984
2024-04-20,BNB,11,0.00011695634616100792,0.0,0.0,mark,554.1,0.0,0.9478126579460059
2024-04-20,BNB,11,-0.00021292360082278858,0.00021290093420163556,0.0,funding,554.1,0.0,0.947610867745681
2024-04-20,BNB,11,-0.0062189413744189685,0.0,0.0,mark,548.8,0.0,0.9417360179209827
2024-04-20,BNB,11,0.029572932577752297,0.0,0.0,mark,574.3,0.0,0.9700018048133986
2024-04-20,BNB,11,-0.003892891782680536,0.0,0.0,mark,570.9,0.0,0.9662330332277431
2024-04-21,BNB,11,0.0,0.0,0.0,mark,570.9,0.0,0.9662330332277431
2024-04-21,BNB,11,-0.00021519729701484607,0.00021517414373745144,0.0,funding,570.9,0.0,0.9660251248621675
2024-04-21,BNB,11,0.013335806579346328,0.0,0.0,mark,582.6,0.0,0.9789941329657467
2024-04-21,BNB,11,-0.018628040069253362,0.0,0.0,mark,566.3,0.0,0.9609261985992219
2024-04-21,BNB,11,0.015225519934704798,0.0,0.0,mark,579.6,0.0,0.9756687462725212
2024-04-22,BNB,11,0.0,0.0,0.0,mark,579.6,0.0,0.9756687462725212
2024-04-22,BNB,11,-0.00021636394265520532,0.00021634053766539287,0.0,funding,579.6,0.0,0.9754576695713693
2024-04-22,BNB,11,0.032532833767306764,0.0,0.0,mark,608.7,0.0,1.0077139204956556
2024-04-22,BNB,11,-0.03389738546198006,0.0,0.0,mark,578.4,0.0,0.9741275148940789
2024-04-22,BNB,11,0.02926677692388266,0.0,0.0,mark,604.5,0.0,1.00305837912514
2024-04-23,BNB,11,-0.00011051435347808936,0.0,0.0,mark,604.4,0.0,1.0029475329020323
2024-04-23,BNB,11,-0.00021948549388274487,0.00021946140870399684,0.0,funding,604.4,0.0,1.0027274246236055
2024-04-23,BNB,11,0.015248859103825497,0.0,0.0,mark,618.3,0.0,1.01813504963555
2024-04-23,BNB,11,-0.021569843581023464,0.0,0.0,mark,598.7,0.0,0.9964091899064774
2024-04-23,BNB,11,0.008308812410320329,0.0,0.0,mark,606.2,0.0,1.0047226566395409
2024-04-24,BNB,11,0.0,0.0,0.0,mark,606.2,0.0,1.0047226566395409
2024-04-24,BNB,11,-6.99998648002776e-05,6.99974148669325e-05,0.048274079218574135,resize,606.2,8.000999854720133e-05,1.004652328650918
2024-04-24,BNB,11,-0.00023563042252228785,0.00023560266385460064,0.0,funding,606.2,0.0,1.00441562988604
2024-04-24,BNB,11,0.014449051463567382,0.0,0.0,mark,618.5,0.0,1.0190338383103947
2024-04-24,BNB,11,-0.03067210167951291,0.0,0.0,mark,592.6,0.0,0.9882524075631763
2024-04-24,BNB,11,0.019294771009164175,0.0,0.0,mark,608.8,0.0,1.007505657683058
2024-04-25,BNB,11,0.0,0.0,0.0,mark,608.8,0.0,1.007505657683058
2024-04-25,BNB,11,-0.00023597090017518605,0.0002359430612319433,0.0,funding,608.8,0.0,1.0072679437139758
2024-04-25,BNB,11,0.010679828007418742,0.0,0.0,mark,617.9,0.0,1.018083041003539
2024-04-25,BNB,11,-0.020282954913129887,0.0,0.0,mark,600.7,0.0,0.997641318654035
2024-04-25,BNB,11,0.01478124323791677,0.0,0.0,mark,613.2,0.0,1.0124972215243142
2024-04-26,BNB,11,0.00011737340687992543,0.0,0.0,mark,613.3,0.0,1.0126160687472763
2024-04-26,BNB,11,-5.69503746708877e-05,5.69487530290788e-05,0.03927500208901986,resize,613.3,6.484672789079464e-05,1.0125584015248639
2024-04-26,BNB,11,-0.00024943631200254746,0.00024940520535214036,0.0,funding,613.3,0.0,1.0123058641888005
2024-04-26,BNB,11,0.002102529698468373,0.0,0.0,mark,615.0,0.0,1.014436506416573
2024-04-26,BNB,11,-0.022489700302077854,0.0,0.0,mark,597.0,0.0,0.9918767651813367
2024-04-26,BNB,11,0.0012627856921404374,0.0,0.0,mark,598.0,0.0,0.9931300841388498
2024-04-27,BNB,11,0.0,0.0,0.0,mark,598.0,0.0,0.9931300841388498
2024-04-27,BNB,11,-0.00024797135865174533,0.00024794061629541936,0.0,funding,598.0,0.0,0.9928838468537269
2024-04-27,BNB,11,-0.01654605608981413,0.0,0.0,mark,585.0,0.0,0.9765907004060562
2024-04-27,BNB,11,0.018689669779839574,0.0,0.0,mark,599.7,0.0,0.9950144890814993
2024-04-27,BNB,11,-0.004418341965158417,0.0,0.0,mark,596.2,0.0,0.9906278727302033
2024-04-28,BNB,11,0.0,0.0,0.0,mark,596.2,0.0,0.9906278727302033
2024-04-28,BNB,11,-0.00024784940309683035,0.0002478186909709415,0.0,funding,596.2,0.0,0.9903823766275439
2024-04-28,BNB,11,0.016068479261895436,0.0,0.0,mark,609.0,0.0,1.006424859283712
2024-04-28,BNB,11,-0.016068479261895537,0.0,0.0,mark,596.2,0.0,0.9903823766275439
2024-04-28,BNB,11,0.00504919120612958,0.0,0.0,mark,600.2,0.0,0.9953956524575964
2024-04-29,BNB,11,0.0,0.0,0.0,mark,600.2,0.0,0.9953956524575964
2024-04-29,BNB,11,-0.00024831719970923175,0.0002482863715452545,0.0,funding,600.2,0.0,0.9951485092827959
2024-04-29,BNB,11,0.003269166020263042,0.0,0.0,mark,602.8,0.0,0.9984071385723299
2024-04-29,BNB,11,-0.027360249145600046,0.0,0.0,mark,581.3,0.0,0.9714607809857976
2024-04-29,BNB,11,0.014727607200323357,0.0,0.0,mark,592.8,0.0,0.9858739489971986
2024-04-30,BNB,11,0.0,0.0,0.0,mark,592.8,0.0,0.9858739489971986
2024-04-30,BNB,11,-0.0002476242676792624,0.00024759361132071475,0.0,funding,592.8,0.0,0.9856298529058594
2024-04-30,BNB,11,0.014517417585028603,0.0,0.0,mark,604.3,0.0,1.0000430209172604
2024-04-30,BNB,11,-0.06284255315829719,0.0,0.0,mark,555.7,0.0,0.9391317195821224
2024-04-30,BNB,11,0.029844491943870354,0.0,0.0,mark,578.4,0.0,0.9675820599176703
2024-05-01,BNB,11,0.0,0.0,0.0,mark,578.4,0.0,0.9675820599176703
2024-05-01,BNB,11,-0.0002461764828147533,0.0002461461838708031,0.0,funding,578.4,0.0,0.9673438932860398
2024-05-01,BNB,11,0.0025879068020311555,0.0,0.0,mark,580.4,0.0,0.969850531201066
2024-05-01,BNB,11,-0.05812993644540526,0.0,0.0,mark,536.7,0.0,0.9150804927577423
2024-05-01,BNB,11,0.033799929820125744,0.0,0.0,mark,561.8,0.0,0.9465387985913217
2024-05-02,BNB,11,0.0,0.0,0.0,mark,561.8,0.0,0.9465387985913217
2024-05-02,BNB,11,-0.0002444269115389129,0.0002443970417150434,0.0,funding,561.8,0.0,0.9463074673090774
2024-05-02,BNB,11,0.005415476951709254,0.0,0.0,mark,565.9,0.0,0.9514460750348813
2024-05-02,BNB,11,-0.03539522371497092,0.0,0.0,mark,539.5,0.0,0.9183584545565348
2024-05-02,BNB,11,0.028256502513538537,0.0,0.0,mark,560.5,0.0,0.9446781526643104
2024-05-03,BNB,11,0.0,0.0,0.0,mark,560.5,0.0,0.9446781526643104
2024-05-03,BNB,11,-0.0002443416107662862,0.0002443117617861582,0.0,funding,560.5,0.0,0.9444473566805122
2024-05-03,BNB,11,0.03840082477856275,0.0,0.0,mark,590.0,0.0,0.9814202659271495
2024-05-03,BNB,11,-0.04052634531386713,0.0,0.0,mark,558.9,0.0,0.9424420463484912
2024-05-03,BNB,11,0.03668784929979715,0.0,0.0,mark,587.0,0.0,0.9776603090546101
2024-05-04,BNB,11,0.0,0.0,0.0,mark,587.0,0.0,0.9776603090546101
2024-05-04,BNB,11,-0.0002472614651979563,0.0002472308986012628,0.0,funding,587.0,0.0,0.9774186012178757
2024-05-04,BNB,11,0.008427401252775309,0.0,0.0,mark,593.6,0.0,0.9856905063374624
2024-05-04,BNB,11,-0.014214348673084676,0.0,0.0,mark,582.5,0.0,0.9717786659090666
2024-05-04,BNB,11,0.004118599639339604,0.0,0.0,mark,585.7,0.0,0.9757892865731087
2024-05-05,BNB,11,0.0,0.0,0.0,mark,585.7,0.0,0.9757892865731087
2024-05-05,BNB,11,-0.00024718691851170337,0.0002471563703424314,0.0,funding,585.7,0.0,0.9755481140348202
2024-05-05,BNB,11,0.011877203810310556,0.0,0.0,mark,595.0,0.0,0.9872039803396923
2024-05-05,BNB,11,-0.020133485165943262,0.0,0.0,mark,579.3,0.0,0.9675268727067361
2024-05-05,BNB,11,0.016317520642748207,0.0,0.0,mark,592.0,0.0,0.9834440234671529
2024-05-06,BNB,11,0.0,0.0,0.0,mark,592.0,0.0,0.9834440234671529
2024-05-06,BNB,11,-0.0002479011386109919,0.00024787041366276027,0.0,funding,592.0,0.0,0.9832002567902419
2024-05-06,BNB,11,0.013044313697178766,0.0,0.0,mark,602.3,0.0,0.9961094420526271
2024-05-06,BNB,11,-0.024454294722908224,0.0,0.0,mark,583.1,0.0,0.972045718068375
2024-05-06,BNB,11,0.0065542210583040455,0.0,0.0,mark,588.2,0.0,0.978437644751692
2024-05-07,BNB,11,0.0,0.0,0.0,mark,588.2,0.0,0.978437644751692
2024-05-07,BNB,11,-0.00024757013581708904,0.0002475394928597752,0.0,funding,588.2,0.0,0.9781954427933153
2024-05-07,BNB,11,-0.015754782802927032,0.0,0.0,mark,576.0,0.0,0.962904951511655
2024-05-07,BNB,11,0.031265197416281545,0.0,0.0,mark,600.4,0.0,0.9934859340749753
2024-05-07,BNB,11,-0.030614608123015453,0.0,0.0,mark,576.5,0.0,0.9635316109904115
2024-05-08,BNB,11,0.0,0.0,0.0,mark,576.5,0.0,0.9635316109904115
2024-05-08,BNB,11,-0.0002463993049282603,0.00024636895111252837,0.0,funding,576.5,0.0,0.963294226718048
2024-05-08,BNB,11,0.01741205196430143,0.0,0.0,mark,590.0,0.0,0.9802140326444753
2024-05-08,BNB,11,-0.02014805090712626,0.0,0.0,mark,574.4,0.0,0.9606622569072704
2024-05-08,BNB,11,0.018356382124467437,0.0,0.0,mark,588.6,0.0,0.9784593861039569
2024-05-09,BNB,11,0.0,0.0,0.0,mark,588.6,0.0,0.9784593861039569
2024-05-09,BNB,11,-0.0002477330090390751,0.0002477023257510306,0.0,funding,588.6,0.0,0.978217019438366
2024-05-09,BNB,11,0.02179781228712913,0.0,0.0,mark,605.8,0.0,0.9997741055075918
2024-05-09,BNB,11,-0.02474898693927512,0.0,0.0,mark,586.3,0.0,0.9753343858360858
2024-05-09,BNB,11,0.013402438381117123,0.0,0.0,mark,596.8,0.0,0.9884942348899737
2024-05-10,BNB,11,0.0,0.0,0.0,mark,596.8,0.0,0.9884942348899737
2024-05-10,BNB,11,-0.00024863444436910105,0.0002486035373872199,0.0,funding,596.8,0.0,0.9882484917264932
2024-05-10,BNB,11,0.0002536123345795798,0.0,0.0,mark,597.0,0.0,0.9884991555179959
2024-05-10,BNB,11,-0.01984814137832101,0.0,0.0,mark,581.5,0.0,0.9690727116765424
2024-05-10,BNB,11,0.005288593556599465,0.0,0.0,mark,585.6,0.0,0.9742113194023463
2024-05-11,BNB,11,0.00012864132452346488,0.0,0.0,mark,585.7,0.0,0.9743366512980977
2024-05-11,BNB,11,-0.00024755549428650766,0.0002475248549534997,0.0,funding,585.7,0.0,0.9740954787598092
2024-05-11,BNB,11,-0.006324537811315731,0.0,0.0,mark,580.8,0.0,0.9679542158679947
2024-05-11,BNB,11,0.017583429011181033,0.0,0.0,mark,594.5,0.0,0.9851246855859246
2024-05-11,BNB,11,-0.002930450749345953,0.0,0.0,mark,592.2,0.0,0.9822420519836444
2024-05-12,BNB,11,0.0,0.0,0.0,mark,592.2,0.0,0.9822420519836444
2024-05-12,BNB,11,-0.00024828839665391267,0.00024825757564093525,0.0,funding,592.2,0.0,0.9819982029531265
2024-05-12,BNB,11,0.01003223538892717,0.0,0.0,mark,600.1,0.0,0.9918994227174801
2024-05-12,BNB,11,-0.016305715891602377,0.0,0.0,mark,587.3,0.0,0.975856940061312
2024-05-12,BNB,11,0.009586352714518874,0.0,0.0,mark,594.8,0.0,0.9852568322426605
2024-05-13,BNB,11,0.0,0.0,0.0,mark,594.8,0.0,0.9852568322426605
2024-05-13,BNB,11,-0.0002486154534102576,0.00024858455114935363,0.0,funding,594.8,0.0,0.9850119126152506
2024-05-13,BNB,11,-0.012290156105481662,0.0,0.0,mark,585.2,0.0,0.9729800506231246
2024-05-13,BNB,11,0.01686029979269807,0.0,0.0,mark,598.4,0.0,0.9895238608622978
2024-05-13,BNB,11,-0.008522351279478322,0.0,0.0,mark,591.7,0.0,0.9811266238469599
2024-05-14,BNB,11,0.0,0.0,0.0,mark,591.7,0.0,0.9811266238469599
2024-05-14,BNB,11,-0.0002483608104548133,0.00024832997146184894,0.0,funding,591.7,0.0,0.9808829807004595
2024-05-14,BNB,11,-0.038687862647142114,0.0,0.0,mark,562.0,0.0,0.9436594076623195
2024-05-14,BNB,11,0.04047510847536121,0.0,0.0,mark,593.1,0.0,0.9826376272409778
2024-05-14,BNB,11,-0.033724393262106585,0.0,0.0,mark,567.1,0.0,0.9500513343456365
2024-05-15,BNB,11,0.0,0.0,0.0,mark,567.1,0.0,0.9500513343456365
2024-05-15,BNB,11,-0.00024582077496026794,0.00024579056350915656,0.0,funding,567.1,0.0,0.9498178206928051
2024-05-15,BNB,11,-0.009412869097586044,0.0,0.0,mark,560.0,0.0,0.9409192560944618
2024-05-15,BNB,11,0.03571845369332699,0.0,0.0,mark,587.3,0.0,0.9751348636345701
2024-05-15,BNB,11,-0.008130209389436614,0.0,0.0,mark,581.0,0.0,0.9672389542022375
2024-05-16,BNB,11,0.0,0.0,0.0,mark,581.0,0.0,0.9672389542022375
2024-05-16,BNB,11,-0.0002473709509663219,0.00024734035729541404,0.0,funding,581.0,0.0,0.9669997169737151
2024-05-16,BNB,11,0.007231892418129778,0.0,0.0,mark,586.6,0.0,0.9740183031357886
2024-05-16,BNB,11,-0.02805503281723989,0.0,0.0,mark,565.1,0.0,0.9470719455492563
2024-05-16,BNB,11,0.0054111173743384275,0.0,0.0,mark,569.2,0.0,0.9522105532750602
2024-05-17,BNB,11,0.0,0.0,0.0,mark,569.2,0.0,0.9522105532750602
2024-05-17,BNB,11,-0.00024617162111274413,0.0002461413233653942,0.0,funding,569.2,0.0,0.9519761749093546
2024-05-17,BNB,11,0.01994294118901071,0.0,0.0,mark,584.5,0.0,0.9711519549593054
2024-05-17,BNB,11,-0.020733180020466483,0.0,0.0,mark,568.6,0.0,0.9512241835348466
2024-05-17,BNB,11,0.016076378371934305,0.0,0.0,mark,580.9,0.0,0.966640006712258
2024-05-18,BNB,11,0.0,0.0,0.0,mark,580.9,0.0,0.966640006712258
2024-05-18,BNB,11,-0.0002474816370042542,0.0002474510159500297,0.0,funding,580.9,0.0,0.9664008106605392
2024-05-18,BNB,11,0.0012960532887152955,0.0,0.0,mark,581.9,0.0,0.9676541296180523
2024-05-18,BNB,11,-0.010023211032185935,0.0,0.0,mark,574.2,0.0,0.9580035736452013
2024-05-18,BNB,11,0.007948718721174631,0.0,0.0,mark,580.3,0.0,0.9656488192860313
2024-05-19,BNB,11,0.0,0.0,0.0,mark,580.3,0.0,0.9656488192860313
2024-05-19,BNB,11,-0.0002474797823665135,0.00024744916177122154,0.0,funding,580.3,0.0,0.9654098702951336
2024-05-19,BNB,11,-0.011752817050866242,0.0,0.0,mark,571.3,0.0,0.9541299996775154
2024-05-19,BNB,11,0.013827822287969457,0.0,0.0,mark,581.9,0.0,0.9674151806271546
2024-05-19,BNB,11,-0.009633199934230771,0.0,0.0,mark,574.5,0.0,0.9581406203415574
2024-05-20,BNB,11,0.0001307988583668483,0.0,0.0,mark,574.6,0.0,0.9582659522373088
2024-05-20,BNB,11,-0.0002469367993360766,0.00024690631295409566,0.0,funding,574.6,0.0,0.9580293503242124
2024-05-20,BNB,11,0.03521789901934926,0.0,0.0,mark,602.0,0.0,0.9923702897600721
2024-05-20,BNB,11,-0.042834543268553876,0.0,0.0,mark,568.8,0.0,0.9507601003706362
2024-05-20,BNB,11,0.03979884835519788,0.0,0.0,mark,599.6,0.0,0.9893623242620406
2024-05-21,BNB,11,0.0,0.0,0.0,mark,599.6,0.0,0.9893623242620406
2024-05-21,BNB,11,-0.00024958189695115817,0.00024955075398043133,0.0,funding,599.6,0.0,0.9891154281480612
2024-05-21,BNB,11,0.03950348775658696,0.0,0.0,mark,631.4,0.0,1.0289709709969788
2024-05-21,BNB,11,-0.04751831966388849,0.0,0.0,mark,593.3,0.0,0.9812195187157285
2024-05-21,BNB,11,0.03168096305329741,0.0,0.0,mark,618.5,0.0,1.0128031564450595
2024-05-22,BNB,11,0.0,0.0,0.0,mark,618.5,0.0,1.0128031564450595
2024-05-22,BNB,11,-0.0011104151285739518,0.0011097988458260552,0.7653785143627965,rotation,618.5,-0.0012533189575131296,1.0116791486709877
2024-05-22,DOGE,12,-0.0005681980341934061,0.0005680366402597703,0.39174940707570366,entry,0.17023,2.3281719241186165,1.0111044778463558
2024-05-22,DOGE,12,-0.0001287876148448632,0.00012877932207593684,0.0,funding,0.17023,0.0,1.0109742684971508
2024-05-22,DOGE,12,0.010036167650091347,0.0,0.0,mark,0.17461,0.0,1.0211716615247903
2024-05-22,DOGE,12,-0.02978144385375202,0.0,0.0,mark,0.16174,0.0,0.9912080888613838
2024-05-22,DOGE,12,0.010607198669969675,0.0,0.0,mark,0.16628,0.0,1.0017779893968823
2024-05-23,DOGE,12,0.0,0.0,0.0,mark,0.16628,0.0,1.0017779893968823
2024-05-23,DOGE,12,-0.00012697030726778645,0.000126962246879439,0.0,funding,0.16628,0.0,1.001650801412474
2024-05-23,DOGE,12,0.007248831885058951,0.0,0.0,mark,0.16941,0.0,1.0089379795349653
2024-05-23,DOGE,12,-0.04170111410298882,0.0,0.0,mark,0.15171,0.0,0.9677293364780658
2024-05-23,DOGE,12,0.019110807640405084,0.0,0.0,mark,0.15973,0.0,0.9864012753094971
2024-05-24,DOGE,12,0.0,0.0,0.0,mark,0.15973,0.0,0.9864012753094971
2024-05-24,DOGE,12,-0.00012386991324797608,0.0001238622416871154,0.0,funding,0.15973,0.0,0.9862790974363342
2024-05-24,DOGE,12,0.03148471433120906,0.0,0.0,mark,0.17328,0.0,1.0178258270081415
2024-05-24,DOGE,12,-0.042712969212410176,0.0,0.0,mark,0.155,0.0,0.9752668442352532
2024-05-24,DOGE,12,0.02093015559826435,0.0,0.0,mark,0.16386,0.0,0.9958944474829442
2024-05-25,DOGE,12,0.0,0.0,0.0,mark,0.16386,0.0,0.9958944474829442
2024-05-25,DOGE,12,-0.0001258615392797355,0.00012585361904856858,0.0,funding,0.16386,0.0,0.9957691105625381
2024-05-25,DOGE,12,0.024298811580087055,0.0,0.0,mark,0.17438,0.0,1.020261479204266
2024-05-25,DOGE,12,-0.027014650390779233,0.0,0.0,mark,0.1627,0.0,0.9930684311305604
2024-05-25,DOGE,12,0.02619281563173172,0.0,0.0,mark,0.17402,0.0,1.019423337311583
2024-05-26,DOGE,12,0.0,0.0,0.0,mark,0.17402,0.0,1.019423337311583
2024-05-26,DOGE,12,-0.00013058070735861668,0.00013057218206912995,0.0,funding,0.17402,0.0,1.019290228981978
2024-05-26,DOGE,12,-0.01962918178854861,0.0,0.0,mark,0.16551,0.0,0.9994774859077286
2024-05-26,DOGE,12,0.021865108923159588,0.0,0.0,mark,0.175,0.0,1.0215718374676142
2024-05-26,DOGE,12,-0.020235864518994135,0.0,0.0,mark,0.16621,0.0,1.0011072062546116
2024-05-27,DOGE,12,0.0,0.0,0.0,mark,0.16621,0.0,1.0011072062546116
2024-05-27,DOGE,12,-0.0001270018972680693,0.00012699383286853162,0.0,funding,0.16621,0.0,1.000980071813377
2024-05-27,DOGE,12,-0.00477948293788108,0.0,0.0,mark,0.16416,0.0,0.9962073193689338
2024-05-27,DOGE,12,0.021593094110851755,0.0,0.0,mark,0.1735,0.0,1.0179524451402016
2024-05-27,DOGE,12,-0.010160481268064313,0.0,0.0,mark,0.16908,0.0,1.0076619252355974
2024-05-28,DOGE,12,0.0,0.0,0.0,mark,0.16908,0.0,1.0076619252355974
2024-05-28,DOGE,12,-0.00012835456845280407,0.00012834633135763864,0.0,funding,0.16908,0.0,1.0075325955242447
2024-05-28,DOGE,12,-0.017506194754265958,0.0,0.0,mark,0.16157,0.0,0.9900480243741139
2024-05-28,DOGE,12,0.01921470116171695,0.0,0.0,mark,0.16982,0.0,1.0092554427480924
2024-05-28,DOGE,12,-0.011251140539790028,0.0,0.0,mark,0.16497,0.0,0.9979638089161171
2024-05-29,DOGE,12,-2.3329494125637196e-05,0.0,0.0,mark,0.16496,0.0,0.9979405271968759
2024-05-29,DOGE,12,-0.0001264467042669004,0.00012643871021928544,0.0,funding,0.16496,0.0,0.9978143488837415
2024-05-29,DOGE,12,-0.006742501994014622,0.0,0.0,mark,0.16208,0.0,0.9911092137422799
2024-05-29,DOGE,12,0.02043792548588486,0.0,0.0,mark,0.17087,0.0,1.0115738449552825
2024-05-29,DOGE,12,-0.016265321659295826,0.0,0.0,mark,0.16386,0.0,0.995253359767211
2024-05-30,DOGE,12,0.0,0.0,0.0,mark,0.16386,0.0,0.995253359767211
2024-05-30,DOGE,12,-0.00012594261749686962,0.00012593468705839823,0.0,funding,0.16386,0.0,0.9951280228468049
2024-05-30,DOGE,12,0.004295570087164428,0.0,0.0,mark,0.1657,0.0,0.9994118591871831
2024-05-30,DOGE,12,-0.021855245447753864,0.0,0.0,mark,0.15642,0.0,0.9778064237313624
2024-05-30,DOGE,12,0.00721221544018576,0.0,0.0,mark,0.15946,0.0,0.9848840663806829
2024-05-31,DOGE,12,-2.3639324890164544e-05,0.0,0.0,mark,0.15945,0.0,0.9848607846614418
2024-05-31,DOGE,12,-0.00012384618708909416,0.000123838518466682,0.0,funding,0.15945,0.0,0.9847388209609734
2024-05-31,DOGE,12,0.007443270169230376,0.0,0.0,mark,0.16261,0.0,0.9920958442411882
2024-05-31,DOGE,12,-0.01966997413899975,0.0,0.0,mark,0.15431,0.0,0.9727720172710037
2024-05-31,DOGE,12,0.011114887119014021,0.0,0.0,mark,0.15898,0.0,0.9836445801566377
2024-06-01,DOGE,12,0.0,0.0,0.0,mark,0.15898,0.0,0.9836445801566377
2024-06-01,DOGE,12,-0.00012363379629706559,0.0001236261539542533,0.0,funding,0.15898,0.0,0.983522975960335
2024-06-01,DOGE,12,0.0070999352795852,0.0,0.0,mark,0.16199,0.0,0.990530773451932
2024-06-01,DOGE,12,-0.008473840700155028,0.0,0.0,mark,0.1584,0.0,0.9821726362443461
2024-06-01,DOGE,12,0.0045173037621352215,0.0,0.0,mark,0.16031,0.0,0.9866194446194126
2024-06-02,DOGE,12,0.0,0.0,0.0,mark,0.16031,0.0,0.9866194446194126
2024-06-02,DOGE,12,-0.0001242922363625366,0.00012428451240253306,0.0,funding,0.16031,0.0,0.9864968231028113
2024-06-02,DOGE,12,0.0024985184604582847,0.0,0.0,mark,0.16137,0.0,0.988964685342377
2024-06-02,DOGE,12,-0.015850687838336326,0.0,0.0,mark,0.15469,0.0,0.9734124968892646
2024-06-02,DOGE,12,0.00574759951663298,0.0,0.0,mark,0.1571,0.0,0.9790233912263904
2024-06-03,DOGE,12,0.0,0.0,0.0,mark,0.1571,0.0,0.9790233912263904
2024-06-03,DOGE,12,-0.00012274840005961168,0.0001227408667829693,0.0,funding,0.1571,0.0,0.9789032250467504
2024-06-03,DOGE,12,0.01501302776852722,0.0,0.0,mark,0.16346,0.0,0.9937103984841449
2024-06-03,DOGE,12,-0.01813352653699907,0.0,0.0,mark,0.15579,0.0,0.9758533198261551
2024-06-03,DOGE,12,0.0060890225681614184,0.0,0.0,mark,0.15835,0.0,0.9818134399518987
2024-06-04,DOGE,12,-2.371325787318304e-05,0.0,0.0,mark,0.15834,0.0,0.9817901582326576
2024-06-04,DOGE,12,-0.00012336865340267214,0.00012336104380329343,0.0,funding,0.15834,0.0,0.9816690435739422
2024-06-04,DOGE,12,0.008501685340215222,0.0,0.0,mark,0.16194,0.0,0.9900504625007692
2024-06-04,DOGE,12,-0.011542009931163897,0.0,0.0,mark,0.15706,0.0,0.9786889835110704
2024-06-04,DOGE,12,0.010177168969754182,0.0,0.0,mark,0.16136,0.0,0.9887001227847804
2024-06-05,DOGE,12,0.0,0.0,0.0,mark,0.16136,0.0,0.9887001227847804
2024-06-05,DOGE,12,-0.0005511045699710584,0.0005509527397403356,0.3799674067174728,rotation,0.16136,-2.3281719241186165,0.9881553957433505
2024-06-05,BNB,13,-0.0016420279477444382,0.00164068055743888,1.131503832716469,entry,685.7,0.0016305988298134172,0.986534148397826
2024-06-05,BNB,13,-0.00037242690118253894,0.00037235755889278364,0.0,funding,685.7,0.0,0.9861668049505643
2024-06-05,BNB,13,0.048885578900204375,0.0,0.0,mark,716.0,0.0,1.0355739494939107
2024-06-05,BNB,13,-0.050540419018444964,0.0,0.0,mark,684.7,0.0,0.9845362061207508
2024-06-05,BNB,13,0.02308406368289191,0.0,0.0,mark,698.8,0.0,1.0075276496211198
2024-06-06,BNB,13,0.0,0.0,0.0,mark,698.8,0.0,1.0075276496211198
2024-06-06,BNB,13,-0.0005181451573118652,0.0005180109432915153,0.3572489264079415,resize,698.8,-0.0005150803823031794,1.0070057392729472
2024-06-06,BNB,13,-0.0002543571560133162,0.00025432480997450565,0.0,funding,698.8,0.0,1.0067496327296634
2024-06-06,BNB,13,0.025165584142829128,0.0,0.0,mark,721.8,0.0,1.0324065570223988
2024-06-06,BNB,13,-0.03272878235083233,0.0,0.0,mark,692.0,0.0,0.9991641072865938
2024-06-06,BNB,13,0.021209355313379554,0.0,0.0,mark,711.2,0.0,1.0205820614787904
2024-06-07,BNB,13,-0.00010930815446981173,0.0,0.0,mark,711.1,0.0,1.0204705096340394
2024-06-07,BNB,13,-0.0002554191530614264,0.0002553865363666657,0.0,funding,711.1,0.0,1.0202098952051197
2024-06-07,BNB,13,-0.05877017867770685,0.0,0.0,mark,658.9,0.0,0.9619798322450852
2024-06-07,BNB,13,0.059753773269717855,0.0,0.0,mark,712.0,0.0,1.0212138618078788
2024-06-07,BNB,13,-0.031063179758444626,0.0,0.0,mark,684.0,0.0,0.9899793452775921
2024-06-08,BNB,13,0.0,0.0,0.0,mark,684.0,0.0,0.9899793452775921
2024-06-08,BNB,13,-0.00025325191496911953,0.0002532198494098173,0.0,funding,684.0,0.0,0.9897286628568621
2024-06-08,BNB,13,0.012210485595531265,0.0,0.0,mark,694.9,0.0,1.0018878139347236
2024-06-08,BNB,13,-0.019109510088442774,0.0,0.0,mark,677.9,0.0,0.9829240003270495
2024-06-08,BNB,13,0.005432726213534734,0.0,0.0,mark,682.7,0.0,0.9882784888750987
2024-06-09,BNB,13,0.0,0.0,0.0,mark,682.7,0.0,0.9882784888750987
2024-06-09,BNB,13,-4.518515486405277e-05,4.5184134030389346e-05,0.0311614717450961,resize,682.7,-4.5109436366438634e-05,0.9882338343673981
2024-06-09,BNB,13,-0.00024297619263054452,0.00024294667630611998,0.0,funding,682.7,0.0,0.9879937462419253
2024-06-09,BNB,13,0.0022725909627050256,0.0,0.0,mark,684.8,0.0,0.9902416051653271
2024-06-09,BNB,13,-0.015798016711949418,0.0,0.0,mark,670.3,0.0,0.974720674503742
2024-06-09,BNB,13,0.0029606719046264946,0.0,0.0,mark,673.0,0.0,0.9776107788338303
2024-06-10,BNB,13,0.00010948635569459434,0.0,0.0,mark,673.1,0.0,0.9777178197349446
2024-06-10,BNB,13,-0.0002421360291198196,0.000242106716557448,0.0,funding,673.1,0.0,0.977481107683889
2024-06-10,BNB,13,-0.04971914995459275,0.0,0.0,mark,628.8074518684575,0.0,0.9300699650373654
2024-06-10,BNB,13,-0.0010498996273462468,0.0010493486755640195,0.7236887417682893,stop,628.8074518684575,-0.0010704090111437992,0.9290939973513715
2024-06-30,ETH,14,-0.0015155627177831654,0.001514414832577949,1.044424022467551,entry,3378.8,0.00028719311292890243,0.9276869636209235
2024-06-30,ETH,14,-0.00034371675999224393,0.0003436576961538801,0.0,funding,3378.8,0.0,0.9273681568562535
2024-06-30,ETH,14,0.024835547523241984,0.0,0.0,mark,3460.0,0.0,0.9506882376260803
2024-06-30,ETH,14,-0.0329636885982553,0.0,0.0,mark,3352.66,0.0,0.9198609288842919
2024-06-30,ETH,14,0.026344189191893547,0.0,0.0,mark,3438.16,0.0,0.9444159400397131
2024-07-01,ETH,14,0.0,0.0,0.0,mark,3438.16,0.0,0.9444159400397131
2024-07-01,ETH,14,-0.0015171698572748497,0.0015160195369043276,1.0455307151064328,rotation,3438.16,-0.00028719311292890243,0.9429841870236491
2024-07-01,BNB,15,-0.001282833009866278,0.0012820105313391394,0.8841451940269927,entry,582.3,0.0014317962167274775,0.9417752713649985
2024-07-01,BNB,15,-0.0002908940944900567,0.00029085178890513914,0.0,funding,582.3,0.0,0.9415013543425753
2024-07-01,BNB,15,0.00908317397836749,0.0,0.0,mark,588.3,0.0,0.9500921316429402
2024-07-01,BNB,15,-0.018403096890940704,0.0,0.0,mark,576.2,0.0,0.9327673974205378
2024-07-01,BNB,15,0.0010739218349377084,0.0,0.0,mark,576.9,0.0,0.9337696547722469
2024-07-02,BNB,15,0.0,0.0,0.0,mark,576.9,0.0,0.9337696547722469
2024-07-02,BNB,15,-0.0002906672693396368,0.0002906250297015534,0.0,funding,576.9,0.0,0.9334982779385943
2024-07-02,BNB,15,0.007791925146199496,0.0,0.0,mark,582.0,0.0,0.9408004386439045
2024-07-02,BNB,15,-0.012403933061963529,0.0,0.0,mark,573.9,0.0,0.9292028892884119
2024-07-02,BNB,15,0.009508150425194957,0.0,0.0,mark,580.1,0.0,0.9380800258321224
2024-07-03,BNB,15,0.0,0.0,0.0,mark,580.1,0.0,0.9380800258321224
2024-07-03,BNB,15,-0.00029093661608058346,0.00029089429812743564,0.0,funding,580.1,0.0,0.9378071437014206
2024-07-03,BNB,15,0.0013731310178939104,0.0,0.0,mark,581.0,0.0,0.9390957602964753
2024-07-03,BNB,15,-0.04761789962112553,0.0,0.0,mark,550.5,0.0,0.8954259756862872
2024-07-03,BNB,15,0.009865049796869984,0.0,0.0,mark,556.7,0.0,0.9043031122299977
2024-07-04,BNB,15,0.0,0.0,0.0,mark,556.7,0.0,0.9043031122299977
2024-07-04,BNB,15,-0.0002896291825027734,0.0002895872440200797,0.0,funding,556.7,0.0,0.9040412375839683
2024-07-04,BNB,15,0.002214827833201051,0.0,0.0,mark,558.1,0.0,0.9060457522873867
2024-07-04,BNB,15,-0.07632236549847786,0.0,0.0,mark,511.6,0.0,0.839467228209559
2024-07-04,BNB,15,0.0034053972208698937,0.0,0.0,mark,513.6,0.0,0.8423308206430139
2024-07-05,BNB,15,-0.0001699947198869819,0.0,0.0,mark,513.5,0.0,0.8421876410213411
2024-07-05,BNB,15,-0.0012666476356220856,0.0012658457760992565,0.8729970869650044,rotation,513.5,-0.0014317962167274775,0.8411215613532713
2024-07-14,TRX,16,-0.0007247373144570303,0.0007244747558020435,0.49963776262209897,entry,0.13945,3.013668662658695,0.84051219001551
2024-07-14,TRX,16,-0.00016428454119421496,0.00016427104722792604,0.0,funding,0.13945,0.0,0.8403741181978484
2024-07-14,TRX,16,0.002614435022873612,0.0,0.0,mark,0.14018,0.0,0.8425740963215892
2024-07-14,TRX,16,-0.010246021302267184,0.0,0.0,mark,0.13733,0.0,0.833985140633012
2024-07-14,TRX,16,0.0010112897454143783,0.0,0.0,mark,0.13761,0.0,0.8348289678585564
2024-07-15,TRX,16,-3.609988603141417e-05,0.0,0.0,mark,0.1376,0.0,0.8347988311719298
2024-07-15,TRX,16,-0.0001632144351133335,0.00016320111636205497,0.0,funding,0.1376,0.0,0.8346625910707448
2024-07-15,TRX,16,0.004646915845220813,0.0,0.0,mark,0.13889,0.0,0.8385502236455745
2024-07-15,TRX,16,-0.008336570141277666,0.0,0.0,mark,0.13658,0.0,0.8315886490348329
2024-07-15,TRX,16,0.0026058743111426405,0.0,0.0,mark,0.1373,0.0,0.8337584904719472
2024-07-16,TRX,16,0.0,0.0,0.0,mark,0.1373,0.0,0.8337584904719472
2024-07-16,TRX,16,-0.00016306178767025605,0.00016304849381949867,0.0,funding,0.1373,0.0,0.8336225474058665
2024-07-16,TRX,16,0.00043372365628766333,0.0,0.0,mark,0.13742,0.0,0.8339841876453855
2024-07-16,TRX,16,-0.016688681448531337,0.0,0.0,mark,0.13284,0.0,0.8201815851704087
2024-07-16,TRX,16,0.004326410147056015,0.0,0.0,mark,0.13402,0.0,0.823737714192346
2024-07-17,TRX,16,0.0,0.0,0.0,mark,0.13402,0.0,0.823737714192346
2024-07-17,TRX,16,-0.0007112112146257241,0.0007109583638767955,0.49031611301847955,rotation,0.13402,-3.013668662658695,0.8231520709748001
2024-07-17,BNB,17,-0.0008171247720157143,0.000816791016482058,0.5633041492979709,entry,576.3,0.0008045895836948166,0.8224797277580294
2024-07-17,BNB,17,-0.00018523756681291395,0.00018522041139412321,0.0,funding,576.3,0.0,0.8223273877244907
2024-07-17,BNB,17,0.007505670953171821,0.0,0.0,mark,584.0,0.0,0.8285227275189407
2024-07-17,BNB,17,-0.01931629970670352,0.0,0.0,mark,564.3,0.0,0.8126723127201528
2024-07-17,BNB,17,0.00454390980909357,0.0,0.0,mark,568.9,0.0,0.816373424805149
2024-07-18,BNB,17,0.0,0.0,0.0,mark,568.9,0.0,0.816373424805149
2024-07-18,BNB,17,-0.0001842266716548525,0.00018420970296372538,0.0,funding,568.9,0.0,0.8162230408990582
2024-07-18,BNB,17,0.01049225836600849,0.0,0.0,mark,579.6,0.0,0.8248321494445927
2024-07-18,BNB,17,-0.017714228746678665,0.0,0.0,mark,561.6,0.0,0.810349536938086
2024-07-18,BNB,17,0.010174847967302666,0.0,0.0,mark,571.9,0.0,0.8186368096501425
2024-07-19,BNB,17,9.827924149418486e-05,0.0,0.0,mark,572.0,0.0,0.818717268608512
2024-07-19,BNB,17,-0.0008154203400019998,0.000815087975181794,0.5621296380564096,rotation,572.0,-0.0008045895836948166,0.8180499420077956
2024-07-19,TRX,18,-0.0016590826759475634,0.0016577071590886522,1.1432463166128635,entry,0.13449,6.953919124141414,0.8166938547624372
2024-07-19,TRX,18,-0.00037629900713678804,0.000376228215545289,0.0,funding,0.13449,0.0,0.816386591490813
2024-07-19,TRX,18,0.011096684166758321,0.0,0.0,mark,0.1358,0.0,0.8254962255434384
2024-07-19,TRX,18,-0.014509671477342119,0.0,0.0,mark,0.13409,0.0,0.8136050238411564
2024-07-19,TRX,18,0.004859987019514829,0.0,0.0,mark,0.13466,0.0,0.8175687577419171
2024-07-20,TRX,18,0.0,0.0,0.0,mark,0.13466,0.0,0.8175687577419171
2024-07-20,TRX,18,-0.00037637147869671336,0.0003763006598367653,0.0,funding,0.13466,0.0,0.8172611060789169
2024-07-20,TRX,18,0.0010205362246358963,0.0,0.0,mark,0.13478,0.0,0.8180955763738139
2024-07-20,TRX,18,-0.009308330597761517,0.0,0.0,mark,0.13369,0.0,0.8105158045284997
2024-07-20,TRX,18,0.008457956086286862,0.0,0.0,mark,0.13468,0.0,0.8174001844613996
2024-07-21,TRX,18,-8.507723720446501e-05,0.0,0.0,mark,0.13467,0.0,0.8173306452701583
2024-07-21,TRX,18,-0.00021350889176066287,0.0002134861003593004,0.14723179335124162,resize,0.13467,-0.8935698868645794,0.8171561565379954
2024-07-21,TRX,18,-0.0003281902992950631,0.0003281364507497496,0.0,funding,0.13467,0.0,0.8168880178170808
2024-07-21,TRX,18,0.002149148171666534,0.0,0.0,mark,0.13496,0.0,0.8186455190958909
2024-07-21,TRX,18,-0.009296703179529998,0.0,0.0,mark,0.13371,0.0,0.8110700825492948
2024-07-21,TRX,18,0.004473205125046327,0.0,0.0,mark,0.13431,0.0,0.814706292091661
2024-07-22,TRX,18,0.0,0.0,0.0,mark,0.13431,0.0,0.814706292091661
2024-07-22,TRX,18,-0.00032829724541884537,0.00032824336177489583,0.0,funding,0.13431,0.0,0.8144388701594857
2024-07-22,TRX,18,0.02156824836508084,0.0,0.0,mark,0.13724,0.0,0.8321956934247068
2024-07-22,TRX,18,-0.04118068221902437,0.0,0.0,mark,0.1317,0.0,0.7986213586501931
2024-07-22,TRX,18,0.005297900997999792,0.0,0.0,mark,0.1324,0.0,0.8028636031162868
2024-07-23,TRX,18,0.0,0.0,0.0,mark,0.1324,0.0,0.8028636031162868
2024-07-23,TRX,18,-0.0003284023059229951,0.0003283483877882133,0.0,funding,0.1324,0.0,0.8025999841465897
2024-07-23,TRX,18,0.026820324595075593,0.0,0.0,mark,0.136,0.0,0.8244172414007864
2024-07-23,TRX,18,-0.03668498593796639,0.0,0.0,mark,0.1311,0.0,0.7947215301381299
2024-07-23,TRX,18,0.0218736974028642,0.0,0.0,mark,0.134,0.0,0.8122965429262328
2024-07-24,TRX,18,0.0007457977844937472,0.0,0.0,mark,0.1341,0.0,0.8129025778499603
2024-07-24,TRX,18,-0.00036337325455937575,0.0003633072424942146,0.25055671896152726,resize,0.1341,-1.5188531151487963,0.8126072444559852
2024-07-24,TRX,18,-0.0002462586705148161,0.00024622835133714907,0.0,funding,0.1341,0.0,0.8124071575138981
2024-07-24,TRX,18,0.00390548438324655,0.0,0.0,mark,0.1348,0.0,0.8155862047993878
2024-07-24,TRX,18,-0.0072652254768159705,0.0,0.0,mark,0.1335,0.0,0.8096822598406214
2024-07-24,TRX,18,0.004477151051420249,0.0,0.0,mark,0.1343,0.0,0.8133154567383237
2024-07-25,TRX,18,0.0,0.0,0.0,mark,0.1343,0.0,0.8133154567383237
2024-07-25,TRX,18,-0.00024641121052013576,0.0002463808537713287,0.0,funding,0.1343,0.0,0.8131150713817071
2024-07-25,TRX,18,0.011660888458504264,0.0,0.0,mark,0.1364,0.0,0.8226522132381759
2024-07-25,TRX,18,-0.0167003401881109,0.0,0.0,mark,0.1334,0.0,0.8090277248717919
2024-07-25,TRX,18,0.012274115541084275,0.0,0.0,mark,0.1356,0.0,0.8190190163404736
2024-07-26,TRX,18,-0.000554658150402498,0.0,0.0,mark,0.1355,0.0,0.8185648667282608
2024-07-26,TRX,18,-0.0002470186831199799,0.00024698817651703007,0.0,funding,0.1355,0.0,0.8183626908844667
2024-07-26,TRX,18,0.012134952221126965,0.0,0.0,mark,0.1377,0.0,0.8283539823531483
2024-07-26,TRX,18,-0.012134952221127012,0.0,0.0,mark,0.1355,0.0,0.8183626908844667
2024-07-26,TRX,18,0.01103783964831126,0.0,0.0,mark,0.1375,0.0,0.8274456831287228
2024-07-27,TRX,18,0.0,0.0,0.0,mark,0.1375,0.0,0.8274456831287228
2024-07-27,TRX,18,-0.00024797449735677,0.0002479437542223022,0.0,funding,0.1375,0.0,0.8272405231396328
2024-07-27,TRX,18,0.0010973845132499834,0.0,0.0,mark,0.1377,0.0,0.8281488223640583
2024-07-27,TRX,18,-0.0071546203116534665,0.0,0.0,mark,0.1364,0.0,0.8222448774052918
2024-07-27,TRX,18,0.004408897745429528,0.0,0.0,mark,0.1372,0.0,0.8258780743029942
2024-07-28,TRX,18,0.0005497479638525782,0.0,0.0,mark,0.1373,0.0,0.8263322239152071
2024-07-28,TRX,18,-0.0003537981746024566,0.0003537355954086096,0.24395558304042042,resize,0.1373,1.468232771087557,0.8260399207939751
2024-07-28,TRX,18,-0.00032823635166414657,0.00032818248800629086,0.0,funding,0.1373,0.0,0.8257688289575764
2024-07-28,TRX,18,0.013732971132382128,0.0,0.0,mark,0.1392,0.0,0.8371873138546859
2024-07-28,TRX,18,-0.01737847674358683,0.0,0.0,mark,0.1368,0.0,0.8227639645109686
2024-07-28,TRX,18,0.013062089036170314,0.0,0.0,mark,0.1386,0.0,0.8335814765187566
2024-07-29,TRX,18,0.0,0.0,0.0,mark,0.1386,0.0,0.8335814765187566
2024-07-29,TRX,18,-0.00032834648751644554,0.0003282925877078605,0.0,funding,0.1386,0.0,0.8333078178987648
2024-07-29,TRX,18,0.0057529364733583796,0.0,0.0,mark,0.1394,0.0,0.8381156010133373
2024-07-29,TRX,18,-0.032058743919154586,0.0,0.0,mark,0.135,0.0,0.8116727938831887
2024-07-29,TRX,18,0.018341088071980878,0.0,0.0,mark,0.1375,0.0,0.8266971161162276
2024-07-30,TRX,18,0.0,0.0,0.0,mark,0.1375,0.0,0.8266971161162276
2024-07-30,TRX,18,-0.000328453200902285,0.0003283992660548425,0.0,funding,0.1375,0.0,0.8264256293900454
2024-07-30,TRX,18,0.006523434366804303,0.0,0.0,mark,0.1384,0.0,0.8318343853939393
2024-07-30,TRX,18,-0.04431561066005542,0.0,0.0,mark,0.1324,0.0,0.7957760120346457
2024-07-30,TRX,18,0.004520986373710651,0.0,0.0,mark,0.133,0.0,0.7993818493705751
2024-07-31,TRX,18,0.0,0.0,0.0,mark,0.133,0.0,0.7993818493705751
2024-07-31,TRX,18,-0.00032855993518189576,0.00032850596527728745,0.0,funding,0.133,0.0,0.7991192476645225
2024-07-31,TRX,18,-0.034427879504628556,0.0,0.0,mark,0.1285,0.0,0.7720754676450523
2024-07-31,TRX,18,0.035179640928549596,0.0,0.0,mark,0.1331,0.0,0.799720220553844
2024-07-31,TRX,18,-0.033624079042669626,0.0,0.0,mark,0.1287,0.0,0.7732774134236954
2024-08-01,TRX,18,0.0,0.0,0.0,mark,0.1287,0.0,0.7732774134236954
2024-08-01,TRX,18,-0.0003286703232875842,0.0003286163171137762,0.0,funding,0.1287,0.0,0.7730233018479888
2024-08-01,TRX,18,0.008515390621436941,0.0,0.0,mark,0.1298,0.0,0.7796340036305259
2024-08-01,TRX,18,-0.012174995113161065,0.0,0.0,mark,0.12823013031534558,0.0,0.770199512428075
2024-08-01,TRX,18,-0.0014518607238831547,0.001450807283980075,1.0005567475724655,stop,0.12823013031534558,-6.009728893215596,0.7690821013653265
2024-08-09,XRP,19,-0.0005649267673580014,0.0005647672262761225,0.3894946388111189,entry,0.6166,0.48581471827340933,0.7686477490001598
2024-08-09,XRP,19,-0.00012804589343426727,0.00012803769590870778,0.0,funding,0.6166,0.0,0.7685493331134123
2024-08-09,XRP,19,0.004981313577956194,0.0,0.0,mark,0.6245,0.0,0.7723872693877722
2024-08-09,XRP,19,-0.03775048022947548,0.0,0.0,mark,0.5656,0.0,0.7437727824814684
2024-08-09,XRP,19,0.009685272116567828,0.0,0.0,mark,0.5805,0.0,0.7510114217837423
2024-08-10,XRP,19,0.0,0.0,0.0,mark,0.5805,0.0,0.7510114217837423
2024-08-10,XRP,19,-0.0005446438636204291,0.0005444955720745841,0.37551418763764416,rotation,0.5805,-0.48581471827340933,0.7506024993900036
2024-08-10,TRX,20,-0.0016239121940124209,0.001622594362049741,1.1190305945170629,entry,0.1283,6.546743266861956,0.7493845760063529
2024-08-10,TRX,20,-0.00036831398871171156,0.00036824616944119493,0.0,funding,0.1283,0.0,0.7491086180068003
2024-08-10,TRX,20,0.012160884783811167,0.0,0.0,mark,0.1297,0.0,0.7582740585804071
2024-08-10,TRX,20,-0.013035204675533624,0.0,0.0,mark,0.1282,0.0,0.7484539436801141
2024-08-10,TRX,20,0.007841494946703765,0.0,0.0,mark,0.1291,0.0,0.7543460126202898
2024-08-11,TRX,20,0.0,0.0,0.0,mark,0.1291,0.0,0.7543460126202898
2024-08-11,TRX,20,-2.0672436464127472e-05,2.0672222790783212e-05,0.014256705372953938,resize,0.1291,-0.08330355423075186,0.7543304186114556
2024-08-11,TRX,20,-0.0003634948602523023,0.00036342880399961336,0.0,funding,0.1291,0.0,0.7540562732095991
2024-08-11,TRX,20,0.0025681678789646117,0.0,0.0,mark,0.1294,0.0,0.7559953051233884
2024-08-11,TRX,20,-0.018117241270981247,0.0,0.0,mark,0.1273,0.0,0.742422081726863
2024-08-11,TRX,20,0.0034763038117732905,0.0,0.0,mark,0.1277,0.0,0.7450074576119156
2024-08-12,TRX,20,0.0,0.0,0.0,mark,0.1277,0.0,0.7450074576119156
2024-08-12,TRX,20,-0.00036405252828803215,0.0003639862692071717,0.0,funding,0.1277,0.0,0.7447362851268878
2024-08-12,TRX,20,0.0043300269545076256,0.0,0.0,mark,0.1282,0.0,0.7479680049832035
2024-08-12,TRX,20,-0.018313469374606598,0.0,0.0,mark,0.1261,0.0,0.7343947815866778
2024-08-12,TRX,20,0.005266731909856912,0.0,0.0,mark,0.1267,0.0,0.7382728454142566
2024-08-13,TRX,20,-0.0008758646230979547,0.0,0.0,mark,0.1266,0.0,0.7376265014429935
2024-08-13,TRX,20,-0.0008844452632457838,0.0008840542568169624,0.60969259090825,resize,0.1266,-3.5523334343393893,0.7369743995944518
2024-08-13,TRX,20,-0.00016431078299250978,0.00016429728471503604,0.0,funding,0.1266,0.0,0.7368533167016939
2024-08-13,TRX,20,0.009437075151090782,0.0,0.0,mark,0.129,0.0,0.7438399717695943
2024-08-13,TRX,20,-0.013395626868245657,0.0,0.0,mark,0.1256,0.0,0.733942210423402
2024-08-13,TRX,20,0.012220851376824726,0.0,0.0,mark,0.1287,0.0,0.7429666398861067
2024-08-14,TRX,20,0.0,0.0,0.0,mark,0.1287,0.0,0.7429666398861067
2024-08-14,TRX,20,-0.00016568923541364968,0.00016567550971040136,0.0,funding,0.1287,0.0,0.7428435485093458
2024-08-14,TRX,20,-0.0007840810369538306,0.0,0.0,mark,0.1285,0.0,0.7422613272536873
2024-08-14,TRX,20,0.0093686390361027,0.0,0.0,mark,0.1309,0.0,0.7492479823215876
2024-08-14,TRX,20,-0.0019445748914007415,0.0,0.0,mark,0.1304,0.0,0.7477924291824417
2024-08-15,TRX,20,-0.00038936915498730183,0.0,0.0,mark,0.1303,0.0,0.7475013185546125
2024-08-15,TRX,20,-0.00016673153165292832,0.00016671763272350104,0.0,funding,0.1303,0.0,0.7473766969043254
2024-08-15,TRX,20,0.006986714299428032,0.0,0.0,mark,0.1321,0.0,0.7526166882052506
2024-08-15,TRX,20,-0.00932650892820252,0.0,0.0,mark,0.1297,0.0,0.7456300331373503
2024-08-15,TRX,20,0.0019502088429202151,0.0,0.0,mark,0.1302,0.0,0.7470855862764962
2024-08-16,TRX,20,-0.000389737622093913,0.0,0.0,mark,0.1301,0.0,0.746794475648667
2024-08-16,TRX,20,-0.0001666331735911552,0.00016661929105497131,0.0,funding,0.1301,0.0,0.7466700452825706
2024-08-16,TRX,20,0.015858605129421943,0.0,0.0,mark,0.1342,0.0,0.7586055810235671
2024-08-16,TRX,20,-0.018982507763951578,0.0,0.0,mark,0.1293,0.0,0.7443411602599372
2024-08-16,TRX,20,0.01859868973592759,0.0,0.0,mark,0.1341,0.0,0.758314470395738
2024-08-17,TRX,20,0.0,0.0,0.0,mark,0.1341,0.0,0.758314470395738
2024-08-17,TRX,20,-2.1983693323753098e-05,2.1983451684159574e-05,0.015161001161489362,resize,0.1341,-0.08573308401524216,0.7582978000262166
2024-08-17,TRX,20,-0.0001641691207215144,0.0001641556457088064,0.0,funding,0.1341,0.0,0.7581733211612137
2024-08-17,TRX,20,0.00779529921139182,0.0,0.0,mark,0.1362,0.0,0.7641066048691945
2024-08-17,TRX,20,-0.011154833988164903,0.0,0.0,mark,0.1332,0.0,0.7556304852863648
2024-08-17,TRX,20,0.00633634222271889,0.0,0.0,mark,0.1349,0.0,0.7604336197166349
2024-08-18,TRX,20,0.0,0.0,0.0,mark,0.1349,0.0,0.7604336197166349
2024-08-18,TRX,20,-0.00016468469606034422,0.0001646711362801484,0.0,funding,0.1349,0.0,0.7603083982484106
2024-08-18,TRX,20,-0.0063373891210374515,0.0,0.0,mark,0.1332,0.0,0.7555052638181404
2024-08-18,TRX,20,0.0089352735522873,0.0,0.0,mark,0.1356,0.0,0.7622861594844041
2024-08-18,TRX,20,-0.0018549428072808425,0.0,0.0,mark,0.1351,0.0,0.7608734728872658
2024-08-19,TRX,20,0.0,0.0,0.0,mark,0.1351,0.0,0.7608734728872658
2024-08-19,TRX,20,-0.0007207377157979936,0.0007204780467586606,0.49688141155769694,resize,0.1351,2.7984003347522703,0.7603252802536895
2024-08-19,TRX,20,-0.00032835683644063174,0.00032830293323457527,0.0,funding,0.1351,0.0,0.7600756632339698
2024-08-19,TRX,20,0.060992747789347795,0.0,0.0,mark,0.1436,0.0,0.807877738230715
2024-08-19,TRX,20,-0.06916491107258982,0.0,0.0,mark,0.134,0.0,0.753889512352038
2024-08-19,TRX,20,0.06637655960066922,0.0,0.0,mark,0.1432,0.0,0.8056282288191033
2024-08-20,TRX,20,0.0,0.0,0.0,mark,0.1432,0.0,0.8056282288191033
2024-08-20,TRX,20,-0.0007252412703896363,0.0007249783465044674,0.499985066554805,resize,0.1432,-2.81286371232227,0.8050441657978767
2024-08-20,TRX,20,-0.0001642846239932616,0.00016427113001331572,0.0,funding,0.1432,0.0,0.8049119202830505
2024-08-20,TRX,20,-0.003848812276891582,0.0,0.0,mark,0.1421,0.0,0.8018199194846732
2024-08-20,TRX,20,0.06678120397729148,0.0,0.0,mark,0.1618,0.0,0.8571948428737927
2024-08-20,TRX,20,-0.0016409435631950422,0.0,0.0,mark,0.1613,0.0,0.8557893879654394
2024-08-21,TRX,20,0.0,0.0,0.0,mark,0.1613,0.0,0.8557893879654394
2024-08-21,TRX,20,-0.0005630599979781277,0.0005629015094450629,0.3882079375483192,resize,0.1613,2.0596666663223906,0.8553076628271865
2024-08-21,TRX,20,-0.00030182063691650056,0.00030177509365007956,0.0,funding,0.1613,0.0,0.8550495522771372
2024-08-21,TRX,20,-0.0472379803638789,0.0,0.0,mark,0.1532,0.0,0.8155978827646027
2024-08-21,TRX,20,0.07698135578305328,0.0,0.0,mark,0.1666,0.0,0.8808636076371907
2024-08-21,TRX,20,-0.07280981815823381,0.0,0.0,mark,0.1539,0.0,0.8190072863027229
2024-08-22,TRX,20,-0.0005948695923788721,0.0,0.0,mark,0.1538,0.0,0.81852022865442
2024-08-22,TRX,20,-0.000602720182294149,0.0006025385829713815,0.41554385032509067,resize,0.1538,-2.211515262574976,0.8180270386357131
2024-08-22,TRX,20,-0.00016426449524213632,0.00016425100456864467,0.0,funding,0.1538,0.0,0.8178926768728529
2024-08-22,TRX,20,0.03293799913312579,0.0,0.0,mark,0.1641,0.0,0.8452810074435291
2024-08-22,TRX,20,-0.05164319771711621,0.0,0.0,mark,0.1481,0.0,0.8027360279162653
2024-08-22,TRX,20,0.023893496285436782,0.0,0.0,mark,0.1554,0.0,0.8221471748255794
2024-08-23,TRX,20,0.0,0.0,0.0,mark,0.1554,0.0,0.8221471748255794
2024-08-23,TRX,20,-0.00016514166656907906,0.00016512803143461265,0.0,funding,0.1554,0.0,0.8220114152810509
2024-08-23,TRX,20,0.01221738925219139,0.0,0.0,mark,0.1592,0.0,0.832115847918776
2024-08-23,TRX,20,-0.018382517872975,0.0,0.0,mark,0.1535,0.0,0.8169591989621883
2024-08-23,TRX,20,0.015502386387224334,0.0,0.0,mark,0.1583,0.0,0.8297226928203674
2024-08-24,TRX,20,-0.0003205272577250072,0.0,0.0,mark,0.1582,0.0,0.829456786698322
2024-08-24,TRX,20,-0.00016663577896808165,0.00016662189599778924,0.0,funding,0.1582,0.0,0.8293185810358741
2024-08-24,TRX,20,0.018740584437474447,0.0,0.0,mark,0.1641,0.0,0.8450070422365525
2024-08-24,TRX,20,-0.020666229641067634,0.0,0.0,mark,0.1576,0.0,0.8277231443036016
2024-08-24,TRX,20,0.004167554640323035,0.0,0.0,mark,0.1589,0.0,0.8311799238901919
2024-08-25,TRX,20,-0.00031996521694639625,0.0,0.0,mark,0.1588,0.0,0.8309140177681464
2024-08-25,TRX,20,-0.000166974452347349,0.0001669605128893267,0.0,funding,0.1588,0.0,0.8307752879375729
2024-08-25,TRX,20,0.03522024427771973,0.0,0.0,mark,0.17,0.0,0.8605567736066576
2024-08-25,TRX,20,-0.04228668960281587,0.0,0.0,mark,0.1566,0.0,0.8249253532525741
2024-08-25,TRX,20,0.031100605693627513,0.0,0.0,mark,0.1664,0.0,0.8509841532130232
2024-08-26,TRX,20,-0.0003125177753314135,0.0,0.0,mark,0.1663,0.0,0.8507182470909779
2024-08-26,TRX,20,-0.00017079019917396273,0.0001707756153581965,0.0,funding,0.1663,0.0,0.8505729651588345
2024-08-26,TRX,20,0.007474873442388016,0.0,0.0,mark,0.1687,0.0,0.8569547120879241
2024-08-26,TRX,20,-0.022594359081374787,0.0,0.0,mark,0.1615,0.0,0.8378094713006554
2024-08-26,TRX,20,0.00031733221346239303,0.0,0.0,mark,0.1616,0.0,0.8380753774227008
2024-08-27,TRX,20,0.000317231545673197,0.0,0.0,mark,0.1617,0.0,0.8383412835447462
2024-08-27,TRX,20,-0.00016003038225819103,0.0001600175780795943,0.1103569503997202,resize,0.1617,0.5721508190858708,0.8382071342029492
2024-08-27,TRX,20,-0.00020481399124542247,0.00020479301829174395,0.0,funding,0.1617,0.0,0.8380354752339821
2024-08-27,TRX,20,0.0072991234240480435,0.0,0.0,mark,0.1636,0.0,0.8441747781091078
2024-08-27,TRX,20,-0.027946012549934427,0.0,0.0,mark,0.1564,0.0,0.8209100514244209
2024-08-27,TRX,20,0.005886839645490993,0.0,0.0,mark,0.1579,0.0,0.8257568694837306
2024-08-28,TRX,20,0.0003912265380030578,0.0,0.0,mark,0.158,0.0,0.8260799906876846
2024-08-28,TRX,20,-3.085829348546098e-05,3.085781737316781e-05,0.02128125336080539,resize,0.158,-0.11126593403871121,0.8260544996621962
2024-08-28,TRX,20,-0.00019607809384016622,0.00019605887178698756,0.0,funding,0.158,0.0,0.8258925443489579
2024-08-28,TRX,20,0.00677678426703976,0.0,0.0,mark,0.1598,0.0,0.8315084473388599
2024-08-28,TRX,20,-0.009803492855247013,0.0,0.0,mark,0.1572,0.0,0.8233965874645569
2024-08-28,TRX,20,0.0041593666601265344,0.0,0.0,mark,0.1583,0.0,0.8268285281806081
2024-08-29,TRX,20,-0.00037741016255015146,0.0,0.0,mark,0.1582,0.0,0.826516533570058
2024-08-29,TRX,20,-0.000141439808522575,0.0001414298063844849,0.09753779750654129,resize,0.1582,-0.5095866136988922,0.8263996394967417
2024-08-29,TRX,20,-0.0001641887345084797,0.00016417525627580846,0.0,funding,0.1582,0.0,0.826263965124141
2024-08-29,TRX,20,0.010371494954434771,0.0,0.0,mark,0.1615,0.0,0.8348781514470884
2024-08-29,TRX,20,-0.01100354103720339,0.0,0.0,mark,0.158,0.0,0.8257418932257805
2024-08-29,TRX,20,0.005988369596912856,0.0,0.0,mark,0.1599,0.0,0.8307015762602048
2024-08-30,TRX,20,0.0,0.0,0.0,mark,0.1599,0.0,0.8307015762602048
2024-08-30,TRX,20,-0.00016509374573507978,0.00016508011851259767,0.0,funding,0.1599,0.0,0.8305644439455472
2024-08-30,TRX,20,0.0056412316967957244,0.0,0.0,mark,0.1617,0.0,0.8352630910307913
2024-08-30,TRX,20,-0.00815869714757138,0.0,0.0,mark,0.1591,0.0,0.8284761563521054
2024-08-30,TRX,20,0.0028317034843431056,0.0,0.0,mark,0.16,0.0,0.8308254798947274
2024-08-31,TRX,20,-0.0003142380335675606,0.0,0.0,mark,0.1599,0.0,0.8305644439455472
2024-08-31,TRX,20,-0.00016512100618055434,0.00016510737445754042,0.0,funding,0.1599,0.0,0.8304273116308896
2024-08-31,TRX,20,0.0012565674333553697,0.0,0.0,mark,0.1603,0.0,0.8314714554276105
2024-08-31,TRX,20,-0.011683941297370814,0.0,0.0,mark,0.1566,0.0,0.8218131253079421
2024-08-31,TRX,20,0.00348788637362436,0.0,0.0,mark,0.1577,0.0,0.8246845207489246
2024-09-01,TRX,20,-0.000316578356883939,0.0,0.0,mark,0.1576,0.0,0.8244234847997444
2024-09-01,TRX,20,-0.00016395807237584253,0.00016394463198560197,0.0,funding,0.1576,0.0,0.8242883249949285
2024-09-01,TRX,20,0.0006331602940107862,0.0,0.0,mark,0.1578,0.0,0.824810396893289
2024-09-01,TRX,20,-0.009220294988087609,0.0,0.0,mark,0.1549,0.0,0.8172403543670625
2024-09-01,TRX,20,0.002233384482671031,0.0,0.0,mark,0.1556,0.0,0.8190676060113241
2024-09-02,TRX,20,0.0,0.0,0.0,mark,0.1556,0.0,0.8190676060113241
2024-09-02,TRX,20,-0.00016293581828039384,0.00016292254496083419,0.0,funding,0.1556,0.0,0.8189341614324578
2024-09-02,TRX,20,0.004135199144036563,0.0,0.0,mark,0.1569,0.0,0.8223276287718008
2024-09-02,TRX,20,-0.009889236974715334,0.0,0.0,mark,0.1538,0.0,0.8142355143472138
2024-09-02,TRX,20,0.0012815393894468668,0.0,0.0,mark,0.1542,0.0,0.8152796581439347
2024-09-03,TRX,20,0.0,0.0,0.0,mark,0.1542,0.0,0.8152796581439347
2024-09-03,TRX,20,-0.0001622199768797323,0.00016220681993072417,0.0,funding,0.1542,0.0,0.8151474142232329
2024-09-03,TRX,20,0.0015998774426861828,0.0,0.0,mark,0.1547,0.0,0.816452593969134
2024-09-03,TRX,20,-0.014167552723078892,0.0,0.0,mark,0.1503,0.0,0.8049670122052041
2024-09-03,TRX,20,0.0,0.0,0.0,mark,0.1503,0.0,0.8049670122052041
2024-09-04,TRX,20,0.00032422898056675586,0.0,0.0,mark,0.1504,0.0,0.8052280481543843
2024-09-04,TRX,20,-0.0001601972552870517,0.00016018442439187338,0.0,funding,0.1504,0.0,0.8050990631629865
2024-09-04,TRX,20,0.005496747292716461,0.0,0.0,mark,0.1521,0.0,0.8095366742990504
2024-09-04,TRX,20,-0.010372037636646386,0.0,0.0,mark,0.1489,0.0,0.8011835239252831
2024-09-04,TRX,20,0.003577535182397788,0.0,0.0,mark,0.15,0.0,0.8040549193662656
2024-09-05,TRX,20,0.0,0.0,0.0,mark,0.15,0.0,0.8040549193662656
2024-09-05,TRX,20,-0.00016000429201466217,0.00015999149201065282,0.0,funding,0.15,0.0,0.8039262774200577
2024-09-05,TRX,20,0.004212233650390291,0.0,0.0,mark,0.1513,0.0,0.8073197447594006
2024-09-05,TRX,20,-0.007138824109556704,0.0,0.0,mark,0.1491,0.0,0.8015769538774357
2024-09-05,TRX,20,0.0022769768019123616,0.0,0.0,mark,0.1498,0.0,0.8034042055216972
2024-09-06,TRX,20,0.0003248595783642122,0.0,0.0,mark,0.1499,0.0,0.8036652414708775
2024-09-06,TRX,20,-0.00015997515065710566,0.00015996235531495304,0.0,funding,0.1499,0.0,0.803536685285967
2024-09-06,TRX,20,-0.0019615536668943154,0.0,0.0,mark,0.1492967744804583,0.0,0.8019620498253339
2024-09-06,TRX,20,-0.000704884541061381,0.0007046361683147442,0.48595597814809943,stop,0.1492967744804583,-2.610359491802255,0.8013969583594112
2024-09-10,TRX,21,-0.0007247373144570303,0.0007244747558020436,0.49963776262209897,entry,0.1546,2.5899623754647583,0.8008163664937032
2024-09-10,TRX,21,-0.00016428454119421496,0.00016427104722792606,0.0,funding,0.1546,0.0,0.800684815550542
2024-09-10,TRX,21,0.0,0.0,0.0,mark,0.1546,0.0,0.800684815550542
2024-09-10,TRX,21,-0.008119584834556411,0.0,0.0,mark,0.1521,0.0,0.7942099096118802
2024-09-10,TRX,21,0.0032557495160597115,0.0,0.0,mark,0.1531,0.0,0.7967998719873449
2024-09-11,TRX,21,-0.000325098369818878,0.0,0.0,mark,0.153,0.0,0.7965408757497984
2024-09-11,TRX,21,-0.00016345692850186044,0.00016344357014597434,0.0,funding,0.153,0.0,0.7964106862652987
2024-09-11,TRX,21,0.0012999721602670444,0.0,0.0,mark,0.1534,0.0,0.7974466712154846
2024-09-11,TRX,21,-0.005210059067413823,0.0,0.0,mark,0.1518,0.0,0.793302731414741
2024-09-11,TRX,21,0.005210059067413783,0.0,0.0,mark,0.1534,0.0,0.7974466712154846
2024-09-12,TRX,21,-0.0003248346436813905,0.0,0.0,mark,0.1533,0.0,0.7971876749779381
2024-09-12,TRX,21,-0.0001636445666089685,0.00016363117756728633,0.0,funding,0.1533,0.0,0.7970572302199393
2024-09-12,TRX,21,0.003244137875421562,0.0,0.0,mark,0.1543,0.0,0.7996471925954041
2024-09-12,TRX,21,-0.007803684929731557,0.0,0.0,mark,0.1519,0.0,0.7934312828942887
2024-09-12,TRX,21,0.0003263722780185983,0.0,0.0,mark,0.152,0.0,0.7936902791318351
2024-09-13,TRX,21,-0.0003263722780185631,0.0,0.0,mark,0.1519,0.0,0.7934312828942887
2024-09-13,TRX,21,-0.00016291771396421758,0.0001629044435940549,0.0,funding,0.1519,0.0,0.7933020294126186
2024-09-13,TRX,21,0.00032642544549738587,0.0,0.0,mark,0.152,0.0,0.7935610256501651
2024-09-13,TRX,21,-0.011488770012932104,0.0,0.0,mark,0.1485,0.0,0.7844961573360384
2024-09-13,TRX,21,0.001649356120649203,0.0,0.0,mark,0.149,0.0,0.7857911385237708
2024-09-14,TRX,21,0.0,0.0,0.0,mark,0.149,0.0,0.7857911385237708
2024-09-14,TRX,21,-0.00016136102973391778,0.00016134801174310322,0.0,funding,0.149,0.0,0.7856643526859246
2024-09-14,TRX,21,0.0,0.0,0.0,mark,0.149,0.0,0.7856643526859246
2024-09-14,TRX,21,-0.006614880658877538,0.0,0.0,mark,0.147,0.0,0.7804844279349951
2024-09-14,TRX,21,0.0016578268709901047,0.0,0.0,mark,0.1475,0.0,0.7817794091227275
2024-09-15,TRX,21,0.0,0.0,0.0,mark,0.1475,0.0,0.7817794091227275
2024-09-15,TRX,21,-0.00016055621933633974,0.00016054333087629476,0.0,funding,0.1475,0.0,0.7816538996523764
2024-09-15,TRX,21,0.006605016415739293,0.0,0.0,mark,0.1495,0.0,0.786833824403306
2024-09-15,TRX,21,-0.008263109703323902,0.0,0.0,mark,0.147,0.0,0.780358918464644
2024-09-15,TRX,21,0.006615941055340617,0.0,0.0,mark,0.149,0.0,0.7855388432155735
2024-09-16,TRX,21,-0.00032975955978917573,0.0,0.0,mark,0.1489,0.0,0.7852798469780271
2024-09-16,TRX,21,-0.0007123384322804063,0.0007120847794918201,0.49109295137366904,rotation,0.1489,-2.5899623754647583,0.7847206611513524
2024-09-16,XRP,22,-0.0011833313392008733,0.0011826314787546234,0.8156079163824987,entry,0.5706,1.1216690911040157,0.7837926257954457
2024-09-16,XRP,22,-0.0002683148012636162,0.00026827880806658196,0.0,funding,0.5706,0.0,0.7835823508440259
2024-09-16,XRP,22,0.029617753530675986,0.0,0.0,mark,0.5916,0.0,0.8071374017572103
2024-09-16,XRP,22,-0.04519830204133387,0.0,0.0,mark,0.5598,0.0,0.7714683246601025
2024-09-16,XRP,22,0.038225609660234805,0.0,0.0,mark,0.5866,0.0,0.8015290563016901
2024-09-17,XRP,22,-0.00013995095666804224,0.0,0.0,mark,0.5865,0.0,0.8014168893925797
2024-09-17,XRP,22,-0.0011909701338648376,0.0011902612103984003,0.8208698002747586,rotation,0.5865,-1.1216690911040157,0.8004629939557776
2024-09-17,TRX,23,-0.0007247373144570303,0.0007244747558020435,0.4996377626220989,entry,0.1489,2.6859740722756977,0.7998830787237029
2024-09-17,TRX,23,-0.000164284541194326,0.00016427104722792604,0.0,funding,0.1489,0.0,0.799751681092701
2024-09-17,TRX,23,-0.0003359074173083632,0.0,0.0,mark,0.1488,0.0,0.7994830836854734
2024-09-17,TRX,23,0.00836401987451933,0.0,0.0,mark,0.1513,0.0,0.8061980188661626
2024-09-17,TRX,23,-0.004340558774250979,0.0,0.0,mark,0.15,0.0,0.8027062525722042
2024-09-18,TRX,23,0.0,0.0,0.0,mark,0.15,0.0,0.8027062525722042
2024-09-18,TRX,23,-0.0001649161780158674,0.00016490258009050347,0.0,funding,0.15,0.0,0.8025738842401002
2024-09-18,TRX,23,0.0010035063391889592,0.0,0.0,mark,0.1503,0.0,0.8033796764617829
2024-09-18,TRX,23,-0.0043558191332455755,0.0,0.0,mark,0.149,0.0,0.7998879101678245
2024-09-18,TRX,23,0.002012735934620463,0.0,0.0,mark,0.1496,0.0,0.80149949461119
2024-09-19,TRX,23,0.0,0.0,0.0,mark,0.1496,0.0,0.80149949461119
2024-09-19,TRX,23,-0.00016472402555594727,0.00016471045929858393,0.0,funding,0.1496,0.0,0.801367479261305
2024-09-19,TRX,23,0.007013994756678764,0.0,0.0,mark,0.1517,0.0,0.807008024813084
2024-09-19,TRX,23,-0.007684567200047658,0.0,0.0,mark,0.1494,0.0,0.8008302844468499
2024-09-19,TRX,23,0.007018683252820772,0.0,0.0,mark,0.1515,0.0,0.8064708299986288
2024-09-20,TRX,23,0.0,0.0,0.0,mark,0.1515,0.0,0.8064708299986288
2024-09-20,TRX,23,-0.00016578789091494024,0.000165774148861903,0.0,funding,0.1515,0.0,0.8063371379832038
2024-09-20,TRX,23,0.004321055678316882,0.0,0.0,mark,0.1528,0.0,0.8098289042771623
2024-09-20,TRX,23,-0.0049874938374761205,0.0,0.0,mark,0.1513,0.0,0.8057999431687487
2024-09-20,TRX,23,0.0023305930314308516,0.0,0.0,mark,0.152,0.0,0.8076801250193417
2024-09-21,TRX,23,0.0,0.0,0.0,mark,0.152,0.0,0.8076801250193417
2024-09-21,TRX,23,-0.00016608602611391566,0.00016607223459342007,0.0,funding,0.152,0.0,0.8075459917761431
2024-09-21,TRX,23,0.001661665788711302,0.0,0.0,mark,0.1525,0.0,0.808888978812281
2024-09-21,TRX,23,-0.003659316308902151,0.0,0.0,mark,0.1514,0.0,0.8059344073327777
2024-09-21,TRX,23,0.001997650520190709,0.0,0.0,mark,0.152,0.0,0.8075459917761431
2024-09-22,TRX,23,-0.0003326647508440701,0.0,0.0,mark,0.1519,0.0,0.8072773943689155
2024-09-22,TRX,23,-0.00016605955847846072,0.0001660457713531145,0.0,funding,0.1519,0.0,0.8071433493712716
2024-09-22,TRX,23,0.0009978280414882715,0.0,0.0,mark,0.1522,0.0,0.8079491415929543
2024-09-22,TRX,23,-0.00433113078592858,0.0,0.0,mark,0.1509,0.0,0.8044573752989959
2024-09-22,TRX,23,0.002667530475583931,0.0,0.0,mark,0.1517,0.0,0.8066061545568164
2024-09-23,TRX,23,0.00033294154101631455,0.0,0.0,mark,0.1518,0.0,0.8068747519640439
2024-09-23,TRX,23,-0.0001660330462622938,0.00016601926353887502,0.0,funding,0.1518,0.0,0.8067407952119547
2024-09-23,TRX,23,-0.001999646341691032,0.0,0.0,mark,0.1512,0.0,0.8051292107685893
2024-09-23,TRX,23,0.005655311612633338,0.0,0.0,mark,0.1529,0.0,0.809695366691458
2024-09-23,TRX,23,-0.001992342375670886,0.0,0.0,mark,0.1523,0.0,0.8080837822480925
2024-09-24,TRX,23,0.00033233283940322137,0.0,0.0,mark,0.1524,0.0,0.8083523796553201
2024-09-24,TRX,23,-0.0001663846329070068,0.00016637079175166585,0.0,funding,0.1524,0.0,0.8082178934299026
2024-09-24,TRX,23,0.0006644450344031747,0.0,0.0,mark,0.1526,0.0,0.8087550882443577
2024-09-24,TRX,23,-0.005995958945473615,0.0,0.0,mark,0.1508,0.0,0.8039203349142614
2024-09-24,TRX,23,0.0016691536012235493,0.0,0.0,mark,0.1513,0.0,0.8052633219503993
2024-09-25,TRX,23,0.0,0.0,0.0,mark,0.1513,0.0,0.8052633219503993
2024-09-25,TRX,23,-0.00016581730543770309,0.00016580355850819096,0.0,funding,0.1513,0.0,0.8051298064260838
2024-09-25,TRX,23,0.0,0.0,0.0,mark,0.1513,0.0,0.8051298064260838
2024-09-25,TRX,23,-0.004681447029410631,0.0,0.0,mark,0.1499,0.0,0.8013694427248979
2024-09-25,TRX,23,0.00033511685081159305,0.0,0.0,mark,0.15,0.0,0.8016380401321254
2024-09-26,TRX,23,0.0,0.0,0.0,mark,0.15,0.0,0.8016380401321254
2024-09-26,TRX,23,-0.00016513595308963996,0.0001651223188985879,0.0,funding,0.15,0.0,0.8015056718000214
2024-09-26,TRX,23,0.011660809150671235,0.0,0.0,mark,0.1535,0.0,0.8109065810529864
2024-09-26,TRX,23,-0.013673529557553151,0.0,0.0,mark,0.1494,0.0,0.799894087356656
2024-09-26,TRX,23,0.012679342482251726,0.0,0.0,mark,0.1532,0.0,0.8101007888313037
2024-09-27,TRX,23,0.0,0.0,0.0,mark,0.1532,0.0,0.8101007888313037
2024-09-27,TRX,23,-0.00016689709925661174,0.00016688317271054904,0.0,funding,0.1532,0.0,0.8099655966414482
2024-09-27,TRX,23,0.007598224153373272,0.0,0.0,mark,0.1555,0.0,0.8161433370076823
2024-09-27,TRX,23,-0.007929894972189282,0.0,0.0,mark,0.1531,0.0,0.8096969992342207
2024-09-27,TRX,23,0.006942090216158852,0.0,0.0,mark,0.1552,0.0,0.8153375447859996
2024-09-28,TRX,23,0.0,0.0,0.0,mark,0.1552,0.0,0.8153375447859996
2024-09-28,TRX,23,-0.00016799006235413,0.0001679759528136933,0.0,funding,0.1552,0.0,0.8152005876850494
2024-09-28,TRX,23,0.0006587555283538563,0.0,0.0,mark,0.1554,0.0,0.8157377824995046
2024-09-28,TRX,23,-0.00528223524538349,0.0,0.0,mark,0.1538,0.0,0.8114402239838634
2024-09-28,TRX,23,0.004293939146784525,0.0,0.0,mark,0.1551,0.0,0.8149319902778218
2024-09-29,TRX,23,-0.0003296492030321229,0.0,0.0,mark,0.155,0.0,0.8146633928705943
2024-09-29,TRX,23,-0.00016791241013168807,0.00016789831363204588,0.0,funding,0.155,0.0,0.8145266122607536
2024-09-29,TRX,23,0.008210176803222132,0.0,0.0,mark,0.1575,0.0,0.8212415474414428
2024-09-29,TRX,23,-0.009530083133528447,0.0,0.0,mark,0.1546,0.0,0.8134522226318432
2024-09-29,TRX,23,0.006254096805264754,0.0,0.0,mark,0.1565,0.0,0.8185555733691671
2024-09-30,TRX,23,0.0,0.0,0.0,mark,0.1565,0.0,0.8185555733691671
2024-09-30,TRX,23,-0.0001687312984496254,0.00016871706412472038,0.0,funding,0.1565,0.0,0.8184174690760053
2024-09-30,TRX,23,0.0009840892104927678,0.0,0.0,mark,0.1568,0.0,0.819223261297688
2024-09-30,TRX,23,-0.006578961677111954,0.0,0.0,mark,0.1548,0.0,0.8138513131531365
2024-09-30,TRX,23,0.003952568648399769,0.0,0.0,mark,0.156,0.0,0.8170744820398674
2024-10-01,TRX,23,-0.00032878467129653305,0.0,0.0,mark,0.1559,0.0,0.8168058846326399
2024-10-01,TRX,23,-0.0001684444365591216,0.0001684302505915856,0.0,funding,0.1559,0.0,0.8166683098128066
2024-10-01,TRX,23,0.0036113067241040856,0.0,0.0,mark,0.157,0.0,0.8196228812923099
2024-10-01,TRX,23,-0.012531111475594428,0.0,0.0,mark,0.1532,0.0,0.8094161798176622
2024-10-01,TRX,23,0.0013264834990481624,0.0,0.0,mark,0.1536,0.0,0.8104905694465725
2024-10-02,TRX,23,0.0,0.0,0.0,mark,0.1536,0.0,0.8104905694465725
2024-10-02,TRX,23,-0.00016725241801634677,0.00016723843211030156,0.0,funding,0.1536,0.0,0.810355024274498
2024-10-02,TRX,23,0.005618943935876237,0.0,0.0,mark,0.1553,0.0,0.8149211801973667
2024-10-02,TRX,23,-0.007609662859170768,0.0,0.0,mark,0.153,0.0,0.8087434398311326
2024-10-02,TRX,23,0.004638861172913761,0.0,0.0,mark,0.1544,0.0,0.8125038035323187
2024-10-03,TRX,23,0.0003305252472579376,0.0,0.0,mark,0.1545,0.0,0.8127724009395462
2024-10-03,TRX,23,-0.00016776014833505676,0.00016774607738826846,0.0,funding,0.1545,0.0,0.8126360615574791
2024-10-03,TRX,23,0.01052129096924212,0.0,0.0,mark,0.1577,0.0,0.8212311785887614
2024-10-03,TRX,23,-0.013832026152413836,0.0,0.0,mark,0.1535,0.0,0.8099500874852035
2024-10-03,TRX,23,0.01383202615241389,0.0,0.0,mark,0.1577,0.0,0.8212311785887614
2024-10-04,TRX,23,-0.00032712024147542486,0.0,0.0,mark,0.1576,0.0,0.8209625811815338
2024-10-04,TRX,23,-0.0001694191413443122,0.00016940479073201007,0.0,funding,0.1576,0.0,0.8208235061872698
2024-10-04,TRX,23,0.0006542443061685639,0.0,0.0,mark,0.1578,0.0,0.821360701001725
2024-10-04,TRX,23,-0.004917297628473302,0.0,0.0,mark,0.1563,0.0,0.8173317398933114
2024-10-04,TRX,23,0.0006570384199624332,0.0,0.0,mark,0.1565,0.0,0.8178689347077666
2024-10-05,TRX,23,0.0,0.0,0.0,mark,0.1565,0.0,0.8178689347077666
2024-10-05,TRX,23,-0.001209159055746907,0.0012084283174917695,0.8333988396494961,resize,0.1565,4.355341988311963,0.8168805987270689
2024-10-05,TRX,23,-0.00044329912921399044,0.0004432008866725337,0.0,funding,0.1565,0.0,0.8165185565214075
2024-10-05,TRX,23,0.0008619867460207835,0.0,0.0,mark,0.1566,0.0,0.8172226881274661
2024-10-05,TRX,23,-0.02707327160904756,0.0,0.0,mark,0.1535,0.0,0.7953946083396445
2024-10-05,TRX,23,0.0,0.0,0.0,mark,0.1535,0.0,0.7953946083396445
2024-10-06,TRX,23,0.0,0.0,0.0,mark,0.1535,0.0,0.7953946083396445
2024-10-06,TRX,23,-1.6693513723735485e-05,1.6693374387742743e-05,0.011512671991546718,resize,0.1535,-0.05965548683817001,0.7953813305196614
2024-10-06,TRX,23,-0.0004427707083563201,0.0004426726998718513,0.0,funding,0.1535,0.0,0.7950292369186526
2024-10-06,TRX,23,-0.003518839874472715,0.0,0.0,mark,0.1531,0.0,0.7922365726891529
2024-10-06,TRX,23,0.014870299620576375,0.0,0.0,mark,0.1548,0.0,0.8041053956645269
2024-10-06,TRX,23,-0.004350710252281811,0.0,0.0,mark,0.1543,0.0,0.8006145653776521
2024-10-07,TRX,23,0.0,0.0,0.0,mark,0.1543,0.0,0.8006145653776521
2024-10-07,TRX,23,-0.0004421689108714274,0.0004420711686053305,0.0,funding,0.1543,0.0,0.8002606367611331
2024-10-07,TRX,23,0.020721969427983294,0.0,0.0,mark,0.1567,0.0,0.817016622138132
2024-10-07,TRX,23,-0.02509362791603934,0.0,0.0,mark,0.1538,0.0,0.7967698064742583
2024-10-07,TRX,23,0.01823390546919988,0.0,0.0,mark,0.1559,0.0,0.8114312936791324
2024-10-08,TRX,23,-0.000860783396943065,0.0,0.0,mark,0.1558,0.0,0.8107331276217573
2024-10-08,TRX,23,-0.00044089484609182,0.0004407976662416528,0.0,funding,0.1558,0.0,0.8103757583511568
2024-10-08,TRX,23,0.038865411589551424,0.0,0.0,mark,0.1604,0.0,0.8424913969904044
2024-10-08,TRX,23,-0.040589965256476894,0.0,0.0,mark,0.1556,0.0,0.8089794262364068
2024-10-08,TRX,23,0.037269690400872836,0.0,0.0,mark,0.16,0.0,0.8396987327609047
2024-10-09,TRX,23,0.0,0.0,0.0,mark,0.16,0.0,0.8396987327609047
2024-10-09,TRX,23,-2.471600248718871e-05,2.4715697049266482e-05,0.01704530830983895,resize,0.16,0.08945577367056678,0.8396779790214131
2024-10-09,TRX,23,-0.0004427742612800998,0.00044267625122285727,0.0,funding,0.16,0.0,0.8393062735214255
2024-10-09,TRX,23,0.016709522152637518,0.0,0.0,mark,0.162,0.0,0.8534485062162657
2024-10-09,TRX,23,-0.02177731385904083,0.0,0.0,mark,0.1594,0.0,0.8350636037129734
2024-10-09,TRX,23,0.009271420826812362,0.0,0.0,mark,0.1605,0.0,0.8428418316951356
2024-10-10,TRX,23,0.0,0.0,0.0,mark,0.1605,0.0,0.8428418316951356
2024-10-10,TRX,23,-0.00044249059173560846,0.0004423927072118973,0.0,funding,0.1605,0.0,0.8424689646154605
2024-10-10,TRX,23,0.0016772577411276089,0.0,0.0,mark,0.1607,0.0,0.8438831878849445
2024-10-10,TRX,23,-0.01690053214143252,0.0,0.0,mark,0.1587,0.0,0.8297409551901044
2024-10-10,TRX,23,0.0008518447816776635,0.0,0.0,mark,0.1588,0.0,0.8304480668248463
2024-10-11,TRX,23,0.000851119759708159,0.0,0.0,mark,0.1589,0.0,0.8311551784595884
2024-10-11,TRX,23,-0.0004442395786502439,0.00044414091885865327,0.0,funding,0.1589,0.0,0.8307860284349132
2024-10-11,TRX,23,0.021888223270694812,0.0,0.0,mark,0.1615,0.0,0.8491709309382053
2024-10-11,TRX,23,-0.0295779346201138,0.0,0.0,mark,0.158,0.0,0.824422023722235
2024-10-11,TRX,23,0.015320741988970835,0.0,0.0,mark,0.1598,0.0,0.8371500331475912
2024-10-12,TRX,23,-0.0008450222915311481,0.0,0.0,mark,0.1597,0.0,0.8364429215128493
2024-10-12,TRX,23,-0.0004436535337245909,0.00044355513404796987,0.0,funding,0.1597,0.0,0.8360719129606742
2024-10-12,TRX,23,-0.005937876281428729,0.0,0.0,mark,0.159,0.0,0.83112213151748
2024-10-12,TRX,23,0.041659635011537896,0.0,0.0,mark,0.164,0.0,0.8664777132545803
2024-10-12,TRX,23,-0.012316679296353163,0.0,0.0,mark,0.1625,0.0,0.8558710387334503
2024-10-13,TRX,23,0.000825848357348158,0.0,0.0,mark,0.1626,0.0,0.8565781503681922
2024-10-13,TRX,23,-0.0004410911374144799,0.0004409938710204222,0.0,funding,0.1626,0.0,0.8562004046538298
2024-10-13,TRX,23,-0.005797876750944929,0.0,0.0,mark,0.1619,0.0,0.8512506232106357
2024-10-13,TRX,23,0.013203234067871548,0.0,0.0,mark,0.1635,0.0,0.8625644093665079
2024-10-13,TRX,23,-0.007405357316926747,0.0,0.0,mark,0.1626,0.0,0.8562004046538297
2024-10-14,TRX,23,0.0,0.0,0.0,mark,0.1626,0.0,0.8562004046538297
2024-10-14,TRX,23,-0.0004412857846663223,0.0004411884324150824,0.0,funding,0.1626,0.0,0.8558226589394674
2024-10-14,TRX,23,0.004945169480752215,0.0,0.0,mark,0.1632,0.0,0.8600653287479195
2024-10-14,TRX,23,-0.030044627006427273,0.0,0.0,mark,0.1596,0.0,0.8346093098972072
2024-10-14,TRX,23,0.008436677904736766,0.0,0.0,mark,0.1606,0.0,0.8416804262446272
2024-10-15,TRX,23,-0.0008404719987223283,0.0,0.0,mark,0.1605,0.0,0.8409733146098853
2024-10-15,TRX,23,-0.00044347395776617496,0.00044337563772521446,0.0,funding,0.1605,0.0,0.8406004475302102
2024-10-15,TRX,23,0.0008408446521319952,0.0,0.0,mark,0.1606,0.0,0.8413075591649521
2024-10-15,TRX,23,-0.024676214873318742,0.0,0.0,mark,0.1577,0.0,0.820801321757434
2024-10-15,TRX,23,0.0094317640975549,0.0,0.0,mark,0.1588,0.0,0.828579549739596
2024-10-16,TRX,23,-0.0008537665841003268,0.0,0.0,mark,0.1587,0.0,0.8278724381048541
2024-10-16,TRX,23,-0.00044544001652508584,0.00044534082284967817,0.0,funding,0.1587,0.0,0.8275037527120539
2024-10-16,TRX,23,0.014422197160778926,0.0,0.0,mark,0.1604,0.0,0.8395246505026679
2024-10-16,TRX,23,-0.016989023729697756,0.0,0.0,mark,0.1584,0.0,0.825382417807828
2024-10-16,TRX,23,0.01445899730200409,0.0,0.0,mark,0.1601,0.0,0.8374033155984419
2024-10-17,TRX,23,-0.0008447665966456401,0.0,0.0,mark,0.16,0.0,0.8366962039637
2024-10-17,TRX,23,-0.0004443525481355666,0.00044425383816335624,0.0,funding,0.16,0.0,0.8363244984637125
2024-10-17,TRX,23,0.00421858488830063,0.0,0.0,mark,0.1605,0.0,0.8398600566374225
2024-10-17,TRX,23,-0.012709522373835781,0.0,0.0,mark,0.159,0.0,0.8292533821162924
2024-10-17,TRX,23,0.0034050313909386593,0.0,0.0,mark,0.1594,0.0,0.8320818286552603
2024-10-18,TRX,23,-0.0008501715048358211,0.0,0.0,mark,0.1593,0.0,0.8313747170205184
2024-10-18,TRX,23,-0.00044524048434653685,0.0004451413795110693,0.0,funding,0.1593,0.0,0.8310046377320932
2024-10-18,TRX,23,0.0017003770973583914,0.0,0.0,mark,0.1595,0.0,0.8324188610015772
2024-10-18,TRX,23,-0.01110448702226466,0.0,0.0,mark,0.1582,0.0,0.8232264097499312
2024-10-18,TRX,23,0.002573540376546922,0.0,0.0,mark,0.1585,0.0,0.8253477446541572
2024-10-19,TRX,23,0.0,0.0,0.0,mark,0.1585,0.0,0.8253477446541572
2024-10-19,TRX,23,-1.5336075649149827e-05,1.5335958052118254e-05,0.010576522794564313,resize,0.1585,-0.055074506213103724,0.8253350871557668
2024-10-19,TRX,23,-0.0004427701071898708,0.0004426720989714818,0.0,funding,0.1585,0.0,0.8249697343403807
2024-10-19,TRX,23,-0.017155528436968027,0.0,0.0,mark,0.1565,0.0,0.8109376506579667
2024-10-19,TRX,23,0.018855004536598625,0.0,0.0,mark,0.1587,0.0,0.826372942708622
2024-10-19,TRX,23,-0.01712614690757216,0.0,0.0,mark,0.1567,0.0,0.8123408590262081
2024-10-20,TRX,23,0.0,0.0,0.0,mark,0.1567,0.0,0.8123408590262081
2024-10-20,TRX,23,-0.0004447443728025893,0.0004446454886840313,0.0,funding,0.1567,0.0,0.8119796553279685
2024-10-20,TRX,23,0.002588844680697324,0.0,0.0,mark,0.157,0.0,0.8140844678803305
2024-10-20,TRX,23,-0.007786727563759701,0.0,0.0,mark,0.1561,0.0,0.8077700302232441
2024-10-20,TRX,23,0.005197882883062518,0.0,0.0,mark,0.1567,0.0,0.8119796553279685
2024-10-21,TRX,23,0.0008636931206090968,0.0,0.0,mark,0.1568,0.0,0.812681259512089
2024-10-21,TRX,23,-0.00044484180851884076,0.0004447428810710351,0.0,funding,0.1568,0.0,0.8123198253073411
2024-10-21,TRX,23,-0.010418537426545112,0.0,0.0,mark,0.1556,0.0,0.8039005750978927
2024-10-21,TRX,23,0.026695725360918722,0.0,0.0,mark,0.1587,0.0,0.8256503048056344
2024-10-21,TRX,23,-0.00255253342135391,0.0,0.0,mark,0.1584,0.0,0.8235454922532723
2024-10-22,TRX,23,-0.0008522944024993672,0.0,0.0,mark,0.1583,0.0,0.8228438880691515
2024-10-22,TRX,23,-0.0004435503958839529,0.00044345204194933354,0.0,funding,0.1583,0.0,0.8224789962667818
2024-10-22,TRX,23,0.020266111771798337,0.0,0.0,mark,0.1607,0.0,0.8393174966856786
2024-10-22,TRX,23,-0.02711379162055939,0.0,0.0,mark,0.1575,0.0,0.8168661627938163
2024-10-22,TRX,23,0.02376449993394513,0.0,0.0,mark,0.1603,0.0,0.8365110799491957
2024-10-23,TRX,23,0.0,0.0,0.0,mark,0.1603,0.0,0.8365110799491957
2024-10-23,TRX,23,-0.0004418155039939501,0.00044171791789635983,0.0,funding,0.1603,0.0,0.8361415780166633
2024-10-23,TRX,23,0.0033507693055860885,0.0,0.0,mark,0.1607,0.0,0.8389479947531462
2024-10-23,TRX,23,-0.011777145224708017,0.0,0.0,mark,0.1593,0.0,0.8291255361754564
2024-10-23,TRX,23,0.008426375919121891,0.0,0.0,mark,0.1603,0.0,0.8361415780166633
2024-10-24,TRX,23,0.0,0.0,0.0,mark,0.1603,0.0,0.8361415780166633
2024-10-24,TRX,23,-0.00044201079121761915,0.0004419131188391045,0.0,funding,0.1603,0.0,0.835772076084131
2024-10-24,TRX,23,0.03869654814630536,0.0,0.0,mark,0.165,0.0,0.8687474727378037
2024-10-24,TRX,23,-0.038696548146305444,0.0,0.0,mark,0.1603,0.0,0.835772076084131
2024-10-24,TRX,23,0.03546090193265115,0.0,0.0,mark,0.1646,0.0,0.8659410560013209
2024-10-25,TRX,23,0.0008098935894596616,0.0,0.0,mark,0.1647,0.0,0.8666426601854417
2024-10-25,TRX,23,-0.00043815913374688973,0.0004380631560519755,0.0,funding,0.1647,0.0,0.8662630159665515
2024-10-25,TRX,23,0.016865308498500885,0.0,0.0,mark,0.1668,0.0,0.880996703833086
2024-10-25,TRX,23,-0.03732112209221351,0.0,0.0,mark,0.1622,0.0,0.8487229113635341
2024-10-25,TRX,23,0.0033011799308229088,0.0,0.0,mark,0.1626,0.0,0.8515293281000167
2024-10-26,TRX,23,-0.0008242738772266596,0.0,0.0,mark,0.1625,0.0,0.8508277239158961
2024-10-26,TRX,23,-0.0004403424353047289,0.00044024549880356337,0.0,funding,0.1625,0.0,0.8504531508401849
2024-10-26,TRX,23,0.023642626838909987,0.0,0.0,mark,0.1654,0.0,0.870799672179685
2024-10-26,TRX,23,-0.02446794419625969,0.0,0.0,mark,0.1624,0.0,0.8497515466560641
2024-10-26,TRX,23,0.02285524245150504,0.0,0.0,mark,0.1652,0.0,0.8693964638114438
2024-10-27,TRX,23,-0.0008073272247169852,0.0,0.0,mark,0.1651,0.0,0.868694859627323
2024-10-27,TRX,23,-0.0004381856599344843,0.0004380896706190943,0.0,funding,0.1651,0.0,0.8683142933824003
2024-10-27,TRX,23,0.009649380787974714,0.0,0.0,mark,0.1663,0.0,0.8767335435918486
2024-10-27,TRX,23,-0.018577194367263933,0.0,0.0,mark,0.164,0.0,0.8605966473570726
2024-10-27,TRX,23,0.0,0.0,0.0,mark,0.164,0.0,0.8605966473570726
2024-10-28,TRX,23,0.0008149210772355666,0.0,0.0,mark,0.1641,0.0,0.8612982515411932
2024-10-28,TRX,23,-0.00043927206984621675,0.0004391756039960371,0.0,funding,0.1641,0.0,0.8609199903613519
2024-10-28,TRX,23,0.0032544865053766333,0.0,0.0,mark,0.1645,0.0,0.8637264070978348
2024-10-28,TRX,23,-0.011437345201379541,0.0,0.0,mark,0.1631,0.0,0.853903948520145
2024-10-28,TRX,23,0.008997473831065016,0.0,0.0,mark,0.1642,0.0,0.8616215945454727
2024-10-29,TRX,23,0.0,0.0,0.0,mark,0.1642,0.0,0.8616215945454727
2024-10-29,TRX,23,-0.00043937483077890116,0.00043927831979318984,0.0,funding,0.1642,0.0,0.8612431028591232
2024-10-29,TRX,23,-0.001630611285239778,0.0,0.0,mark,0.164,0.0,0.8598398944908817
2024-10-29,TRX,23,0.024980466325439963,0.0,0.0,mark,0.1671,0.0,0.8815896241986232
2024-10-29,TRX,23,-0.0063870730647185995,0.0,0.0,mark,0.1663,0.0,0.8759767907256577
2024-10-30,TRX,23,-0.0008012601621755386,0.0,0.0,mark,0.1662,0.0,0.8752751865415369
2024-10-30,TRX,23,-0.0004377888090131066,0.0004376929934753541,0.0,funding,0.1662,0.0,0.8748920847250249
2024-10-30,TRX,23,-0.002408695349863632,0.0,0.0,mark,0.1659,0.0,0.8727872721726628
2024-10-30,TRX,23,0.030869381534462635,0.0,0.0,mark,0.1698,0.0,0.90014983535337
2024-10-30,TRX,23,-0.004687552078198329,0.0,0.0,mark,0.1692,0.0,0.8959402102486457
2024-10-31,TRX,23,0.0007827861824860306,0.0,0.0,mark,0.1693,0.0,0.8966418144327665
2024-10-31,TRX,23,-0.00192271798457954,0.0019208707464510473,1.3247384458283082,rotation,0.1693,-7.016041841206954,0.8949194814013778
2024-10-31,DOGE,24,-0.0006930421973841086,0.0006928020991097214,0.4777945511101527,entry,0.16828,2.540929711765521,0.8942994793061287
2024-10-31,DOGE,24,-0.0001570967900331863,0.0001570844509786988,0.0,funding,0.16828,0.0,0.8941589987634114
2024-10-31,DOGE,24,-0.03416593353711101,0.0,0.0,mark,0.15646,0.0,0.8641252095703429
2024-10-31,DOGE,24,0.04928259935525459,0.0,0.0,mark,0.17364,0.0,0.9077783820184745
2024-10-31,DOGE,24,-0.034165828294938416,0.0,0.0,mark,0.16164,0.0,0.8772872254772883
2024-11-01,DOGE,24,0.0,0.0,0.0,mark,0.16164,0.0,0.8772872254772883
2024-11-01,DOGE,24,-0.00015382400386273448,0.00015381217355731983,0.0,funding,0.16164,0.0,0.8771522880223036
2024-11-01,DOGE,24,-0.021935829731504156,0.0,0.0,mark,0.15415,0.0,0.8581207244811798
2024-11-01,DOGE,24,0.04303213529880123,0.0,0.0,mark,0.169,0.0,0.8958535307008978
2024-11-01,DOGE,24,-0.02830628487457351,0.0,0.0,mark,0.15916,0.0,0.870850782337125
2024-11-02,DOGE,24,2.9177129939686983e-05,0.0,0.0,mark,0.15917,0.0,0.8708761916342427
2024-11-02,DOGE,24,-0.0006736149508135792,0.0006733881231969514,0.46440560220479393,rotation,0.15917,-2.540929711765521,0.8702897539500212
2024-11-02,TRX,25,-0.0019555865934636663,0.0019536756798566807,1.3473625378321934,entry,0.1673,7.008940893792323,0.8685894900233005
2024-11-02,TRX,25,-0.0004436302168499504,0.0004435318275154003,0.0,funding,0.1673,0.0,0.8682042429394299
2024-11-02,TRX,25,0.003223964284450901,0.0,0.0,mark,0.1677,0.0,0.8710078192969467
2024-11-02,TRX,25,-0.014590402147316389,0.0,0.0,mark,0.1659,0.0,0.8583917256881205
2024-11-02,TRX,25,0.0016317082204011628,0.0,0.0,mark,0.1661,0.0,0.859793513866879
2024-11-03,TRX,25,0.0008148567681839553,0.0,0.0,mark,0.1662,0.0,0.8604944079562581
2024-11-03,TRX,25,-0.00044485961597025183,0.00044476068060267805,0.0,funding,0.1662,0.0,0.8601116938777207
2024-11-03,TRX,25,0.0008145554520058843,0.0,0.0,mark,0.1663,0.0,0.8608125879671
2024-11-03,TRX,25,-0.025564953953023262,0.0,0.0,mark,0.1632,0.0,0.8390848711963439
2024-11-03,TRX,25,0.015746222084058223,0.0,0.0,mark,0.1651,0.0,0.8524018588945492
2024-11-04,TRX,25,0.0,0.0,0.0,mark,0.1651,0.0,0.8524018588945492
2024-11-04,TRX,25,-1.4768523682883124e-05,1.4768414628790083e-05,0.010185113537096608,resize,0.1651,-0.0525851587648285,0.8523892702704667
2024-11-04,TRX,25,-0.0004427698558392423,0.000442671847732133,0.0,funding,0.1651,0.0,0.852011941537209
2024-11-04,TRX,25,0.00488681345929099,0.0,0.0,mark,0.1657,0.0,0.8561857549782255
2024-11-04,TRX,25,-0.02467643633756006,0.0,0.0,mark,0.1627,0.0,0.8353166877731432
2024-11-04,TRX,25,0.0016641757893322523,0.0,0.0,mark,0.1629,0.0,0.8367079589201485
2024-11-05,TRX,25,0.0,0.0,0.0,mark,0.1629,0.0,0.8367079589201485
2024-11-05,TRX,25,-0.00044505801653116307,0.00044495899290313505,0.0,funding,0.1629,0.0,0.8363356581893934
2024-11-05,TRX,25,0.0024921899434489315,0.0,0.0,mark,0.1632,0.0,0.8384225649099017
2024-11-05,TRX,25,-0.028615190020815355,0.0,0.0,mark,0.1598,0.0,0.8147709554108081
2024-11-05,TRX,25,0.0034093038107776454,0.0,0.0,mark,0.1602,0.0,0.8175534977048192
2024-11-06,TRX,25,-0.0008512368827118894,0.0,0.0,mark,0.1601,0.0,0.8168578621313164
2024-11-06,TRX,25,-2.3269757198287283e-05,2.3269486459600755e-05,0.01604792169627638,resize,0.1601,-0.08187926925965705,0.8168388542683541
2024-11-06,TRX,25,-0.00044277362077857545,0.0004426756110048775,0.0,funding,0.1601,0.0,0.8164772596294484
2024-11-06,TRX,25,0.03312400840405214,0.0,0.0,mark,0.1641,0.0,0.8439751654925197
2024-11-06,TRX,25,-0.03396633096165114,0.0,0.0,mark,0.16,0.0,0.8157898119828716
2024-11-06,TRX,25,0.02084809557604974,0.0,0.0,mark,0.1625,0.0,0.8329760031472913
2024-11-07,TRX,25,0.0,0.0,0.0,mark,0.1625,0.0,0.8329760031472913
2024-11-07,TRX,25,-0.0019464852282523727,0.0019445920544245566,1.3410979685686595,rotation,0.1625,-6.874476465767837,0.8313562046300447
2024-11-07,DOGE,26,-0.0006010494109284137,0.000600868816914997,0.41439228752758406,entry,0.19646,1.7535762973984244,0.8308566686109337
2024-11-07,DOGE,26,-0.0001362364444889286,0.00013622716472596472,0.0,funding,0.19646,0.0,0.8307434833626751
2024-11-07,DOGE,26,0.016517452645732383,0.0,0.0,mark,0.20435,0.0,0.8445792003491487
2024-11-07,DOGE,26,-0.04024837929591258,0.0,0.0,mark,0.18535,0.0,0.8112612506985786
2024-11-07,DOGE,26,0.01691077974404684,0.0,0.0,mark,0.19324,0.0,0.8250969676850521
2024-11-08,DOGE,26,2.1252746428410017e-05,0.0,0.0,mark,0.19325,0.0,0.8251145034480262
2024-11-08,DOGE,26,-8.406501028593626e-05,8.406147692193359e-05,0.0579734323599542,resize,0.19325,-0.247527657722439,0.8250451431042366
2024-11-08,DOGE,26,-0.00011590361403487033,0.00011589689747051028,0.0,funding,0.19325,0.0,0.8249495229318777
2024-11-08,DOGE,26,-0.004996418136680768,0.0,0.0,mark,0.19052,0.0,0.8208380101455622
2024-11-08,DOGE,26,0.02977106665896133,0.0,0.0,mark,0.20699,0.0,0.8456426312410257
2024-11-08,DOGE,26,-0.008980582268727859,0.0,0.0,mark,0.20197,0.0,0.8380822670698522
2024-11-09,DOGE,26,0.0,0.0,0.0,mark,0.20197,0.0,0.8380822670698522
2024-11-09,DOGE,26,-1.4842622284301753e-05,1.4842512133148177e-05,0.010236215264240123,resize,0.20197,-0.04247556812828335,0.8380698278236347
2024-11-09,DOGE,26,-0.00011588767666422712,0.00011588096194687514,0.0,funding,0.20197,0.0,0.8379727114858079
2024-11-09,DOGE,26,0.03100489312496665,0.0,0.0,mark,0.22,0.0,0.8643609339658129
2024-11-09,DOGE,26,-0.03907153613480715,0.0,0.0,mark,0.19737,0.0,0.8312402753566884
2024-11-09,DOGE,26,0.03720723213691231,0.0,0.0,mark,0.2189,0.0,0.8627510035871104
2024-11-10,DOGE,26,1.696388241289209e-05,0.0,0.0,mark,0.21891,0.0,0.8627656393178259
2024-11-10,DOGE,26,-2.5878387122731016e-05,2.5878052280180665e-05,0.017846932607021145,resize,0.21891,-0.0703381308325739,0.8627433126235061
2024-11-10,DOGE,26,-0.00011615144043961838,0.00011614469512219677,0.0,funding,0.21891,0.0,0.8626431095644927
2024-11-10,DOGE,26,0.11998329599666999,0.0,0.0,mark,0.29784,0.0,0.9726111434351378
2024-11-10,DOGE,26,-0.12373731186345556,0.0,0.0,mark,0.21659,0.0,0.8594108045020337
2024-11-10,DOGE,26,0.09458104849604757,0.0,0.0,mark,0.27778,0.0,0.9446628505243924
2024-11-11,DOGE,26,4.424448739619948e-05,0.0,0.0,mark,0.27781,0.0,0.9447046475726137
2024-11-11,DOGE,26,-9.177439242598223e-05,9.177018128531651e-05,0.06328978019677,resize,0.27781,-0.2152195727142212,0.944617951855845
2024-11-11,DOGE,26,-0.00011383042962384668,0.00011382395118622298,0.0,funding,0.27781,0.0,0.9445104317082033
2024-11-11,DOGE,26,0.08792651580979673,0.0,0.0,mark,0.3515,0.0,1.0313183841761902
2024-11-11,DOGE,26,-0.09464663414928956,0.0,0.0,mark,0.27244,0.0,0.9381844891820385
2024-11-11,DOGE,26,0.09448670745533197,0.0,0.0,mark,0.35136,0.0,1.03115346202467
2024-11-12,DOGE,26,-1.1424314036761728e-05,0.0,0.0,mark,0.35135,0.0,1.03114168187099
2024-11-12,DOGE,26,-0.00020959290763141665,0.00020957094457253508,0.14453168591209314,resize,0.35135,-0.42417146917616455,1.0309255845347323
2024-11-12,DOGE,26,-8.44118494262245e-05,8.440828684623803e-05,0.0,funding,0.35135,0.0,1.0308385658722756
2024-11-12,DOGE,26,0.06183856035927352,0.0,0.0,mark,0.43858,0.0,1.096596369166758
2024-11-12,DOGE,26,-0.07980596974876557,0.0,0.0,mark,0.327,0.0,1.0124824669358932
2024-11-12,DOGE,26,0.03859500934051793,0.0,0.0,mark,0.37985,0.0,1.0523231169887808
2024-11-13,DOGE,26,7.163359682030667e-05,0.0,0.0,mark,0.37995,0.0,1.0523985013786632
2024-11-13,DOGE,26,-7.378721087630622e-05,7.378448866698345e-05,0.05088585425309203,resize,0.37995,-0.14094537901652093,1.052320850693365
2024-11-13,DOGE,26,-7.270656970640426e-05,7.270392664780943e-05,0.0,funding,0.37995,0.0,1.0522443428354262
2024-11-13,DOGE,26,0.031053446931127087,0.0,0.0,mark,0.4341,0.0,1.0854327976830414
2024-11-13,DOGE,26,-0.04793527300291024,0.0,0.0,mark,0.35121,0.0,1.0346296393761378
2024-11-13,DOGE,26,0.02793401197286838,0.0,0.0,mark,0.39903,0.0,1.063938446593367
2024-11-14,DOGE,26,-2.3042896260622322e-05,0.0,0.0,mark,0.39899,0.0,1.0639139306525747
2024-11-14,DOGE,26,-7.551817879104632e-05,7.551532736522579e-05,0.0,funding,0.39899,0.0,1.063833588843813
2024-11-14,DOGE,26,-0.027273486336083935,0.0,0.0,mark,0.35229,0.0,1.035211227968769
2024-11-14,DOGE,26,0.03743632214177324,0.0,0.0,mark,0.41672,0.0,1.0747002796000127
2024-11-14,DOGE,26,-0.03138613205472076,0.0,0.0,mark,0.36254,0.0,1.0414934377968033
2024-11-15,DOGE,26,2.3538940682871723e-05,0.0,0.0,mark,0.36258,0.0,1.0415179537375956
2024-11-15,DOGE,26,-1.4901476686299573e-05,1.4901365659879801e-05,0.01027680390336538,resize,0.36258,0.029520314888840105,1.0415024336977257
2024-11-15,DOGE,26,-7.347994086310707e-05,7.347724127851125e-05,0.0,funding,0.36258,0.0,1.0414259069721128
2024-11-15,DOGE,26,0.013735342418783936,0.0,0.0,mark,0.385,0.0,1.055828937246021
2024-11-15,DOGE,26,-0.01990447306293187,0.0,0.0,mark,0.35261,0.0,1.035020991190183
2024-11-15,DOGE,26,0.017772628231041,0.0,0.0,mark,0.3815,0.0,1.0535804713245813
2024-11-16,DOGE,26,0.0,0.0,0.0,mark,0.3815,0.0,1.0535804713245813
2024-11-16,DOGE,26,-1.803414676947748e-05,1.8033984155167864e-05,0.012437230451839905,resize,0.3815,-0.034347635967029944,1.0535614710710552
2024-11-16,DOGE,26,-7.234288533409071e-05,7.234026865064679e-05,0.0,funding,0.3815,0.0,1.053485256151198
2024-11-16,DOGE,26,-0.012592641435131799,0.0,0.0,mark,0.35982,0.0,1.040302272562731
2024-11-16,DOGE,26,0.01833656482468441,0.0,0.0,mark,0.39148,0.0,1.0595538067145236
2024-11-16,DOGE,26,-0.015773835148231607,0.0,0.0,mark,0.36421,0.0,1.0429717051251557
2024-11-17,DOGE,26,0.0,0.0,0.0,mark,0.36421,0.0,1.0429717051251557
2024-11-17,DOGE,26,-6.976537670804577e-05,6.976294316081675e-05,0.0,funding,0.36421,0.0,1.0428989443493728
2024-11-17,DOGE,26,0.006734918612086702,0.0,0.0,mark,0.3758,0.0,1.0499464895426538
2024-11-17,DOGE,26,-0.02095134351811161,0.0,0.0,mark,0.34,0.0,1.0281775406281186
2024-11-17,DOGE,26,0.015865120898369292,0.0,0.0,mark,0.36704,0.0,1.0446197858417787
2024-11-18,DOGE,26,0.0,0.0,0.0,mark,0.36704,0.0,1.0446197858417787
2024-11-18,DOGE,26,-7.019656270795707e-05,7.019409898697263e-05,0.0,funding,0.36704,0.0,1.0445464596971277
2024-11-18,DOGE,26,0.007978320597947484,0.0,0.0,mark,0.3808,0.0,1.052913519391653
2024-11-18,DOGE,26,-0.013605945674613535,0.0,0.0,mark,0.3574,0.0,1.0386846533413703
2024-11-18,DOGE,26,0.008005743491861044,0.0,0.0,mark,0.37113,0.0,1.0470334708999336
2024-11-19,DOGE,26,0.0,0.0,0.0,mark,0.37113,0.0,1.0470334708999336
2024-11-19,DOGE,26,-7.081517434286394e-05,7.081266700758504e-05,0.0,funding,0.37113,0.0,1.046959327667413
2024-11-19,DOGE,26,0.02798821640254996,0.0,0.0,mark,0.42,0.0,1.0766757671493496
2024-11-19,DOGE,26,-0.030966328991689433,0.0,0.0,mark,0.36601,0.0,1.0438460031299153
2024-11-19,DOGE,26,0.014262978433487028,0.0,0.0,mark,0.39067,0.0,1.0588410388905978
2024-11-20,DOGE,26,0.0,0.0,0.0,mark,0.39067,0.0,1.0588410388905978
2024-11-20,DOGE,26,-7.371243509916122e-05,7.370971840437112e-05,0.0,funding,0.39067,0.0,1.0587629920157862
2024-11-20,DOGE,26,0.0034457336696387193,0.0,0.0,mark,0.39668,0.0,1.0624174999201537
2024-11-20,DOGE,26,-0.018508214938648095,0.0,0.0,mark,0.36464,0.0,1.0429348987128435
2024-11-20,DOGE,26,0.007631928490853161,0.0,0.0,mark,0.37778,0.0,1.050924954264156
2024-11-21,DOGE,26,0.0,0.0,0.0,mark,0.37778,0.0,1.050924954264156
2024-11-21,DOGE,26,-7.181717332166397e-05,7.181459453031776e-05,0.0,funding,0.37778,0.0,1.050849482514684
2024-11-21,DOGE,26,0.010281603192766393,0.0,0.0,mark,0.39564,0.0,1.0617096341240022
2024-11-21,DOGE,26,-0.015473953331537386,0.0,0.0,mark,0.36883,0.0,1.0454072452860501
2024-11-21,DOGE,26,0.010306067703591455,0.0,0.0,mark,0.38664,0.0,1.0562369933354319
2024-11-22,DOGE,26,0.0,0.0,0.0,mark,0.38664,0.0,1.0562369933354319
2024-11-22,DOGE,26,-7.313188091425239e-05,7.312920684335033e-05,0.0,funding,0.38664,0.0,1.0561597515618706
2024-11-22,DOGE,26,0.01926737003493178,0.0,0.0,mark,0.42043,0.0,1.0767064773669583
2024-11-22,DOGE,26,-0.022635344642665905,0.0,0.0,mark,0.3808,0.0,1.0526086157612873
2024-11-22,DOGE,26,0.01829996681002429,0.0,0.0,mark,0.41277,0.0,1.0720486519846864
2024-11-23,DOGE,26,0.0,0.0,0.0,mark,0.41277,0.0,1.0720486519846864
2024-11-23,DOGE,26,-7.692292479431184e-05,7.691996630197295e-05,0.0,funding,0.41277,0.0,1.0719661900385016
2024-11-23,DOGE,26,-0.004964381461600653,0.0,0.0,mark,0.40404,0.0,1.0666577284735883
2024-11-23,DOGE,26,0.0423912903038052,0.0,0.0,mark,0.48,0.0,1.1128468167291214
2024-11-23,DOGE,26,-0.027616410841468906,0.0,0.0,mark,0.43015,0.0,1.0825344674724293
2024-11-24,DOGE,26,5.617091272496754e-06,0.0,0.0,mark,0.43016,0.0,1.0825405481844166
2024-11-24,DOGE,26,-2.2691489527999276e-05,2.2691232078191104e-05,0.015649125571166277,resize,0.43016,-0.039382585490089994,1.0825159840056038
2024-11-24,DOGE,26,-7.42467387288853e-05,7.424398250798206e-05,0.0,funding,0.43016,0.0,1.0824356137078226
2024-11-24,DOGE,26,-0.016981764684340782,0.0,0.0,mark,0.39811,0.0,1.0642091436534824
2024-11-24,DOGE,26,0.029221430116818967,0.0,0.0,mark,0.4536,0.0,1.0957656748021667
2024-11-24,DOGE,26,-0.012202889599867667,0.0,0.0,mark,0.43023,0.0,1.0824754219107493
2024-11-25,DOGE,26,1.576065710912902e-05,0.0,0.0,mark,0.43026,0.0,1.0824924825691464
2024-11-25,DOGE,26,-7.426561199802524e-05,7.426285437580092e-05,0.0,funding,0.43026,0.0,1.0824120935875505
2024-11-25,DOGE,26,-0.026302421308230923,0.0,0.0,mark,0.38085,0.0,1.054313189207365
2024-11-25,DOGE,26,0.03020370384771348,0.0,0.0,mark,0.4377,0.0,1.0866431368700555
2024-11-25,DOGE,26,-0.023864402324169278,0.0,0.0,mark,0.39264,0.0,1.0610180279574637
2024-11-26,DOGE,26,-5.359853671707024e-06,0.0,0.0,mark,0.39263,0.0,1.0610123410713312
2024-11-26,DOGE,26,-6.91422666363488e-05,6.91398763650049e-05,0.0,funding,0.39263,0.0,1.060938982809248
2024-11-26,DOGE,26,0.008630158704341752,0.0,0.0,mark,0.4088,0.0,1.0701346776853378
2024-11-26,DOGE,26,-0.0235512661842568,0.0,0.0,mark,0.365,0.0,1.0452261164254284
2024-11-26,DOGE,26,0.011925612298424733,0.0,0.0,mark,0.38705,0.0,1.057765700347369
2024-11-27,DOGE,26,0.0,0.0,0.0,mark,0.38705,0.0,1.057765700347369
2024-11-27,DOGE,26,-6.836880538929086e-05,6.836646829571253e-05,0.0,funding,0.38705,0.0,1.057693384642152
2024-11-27,DOGE,26,0.011078896943326236,0.0,0.0,mark,0.40777,0.0,1.0694766127084836
2024-11-27,DOGE,26,-0.01474174405567423,0.0,0.0,mark,0.38025,0.0,1.0538263020721204
2024-11-27,DOGE,26,0.011097979259838535,0.0,0.0,mark,0.40093,0.0,1.0655867825939225
2024-11-28,DOGE,26,0.0,0.0,0.0,mark,0.40093,0.0,1.0655867825939225
2024-11-28,DOGE,26,-7.030084555343101e-05,7.029837450703939e-05,0.0,funding,0.40093,0.0,1.06551187357521
2024-11-28,DOGE,26,0.014749547929998323,0.0,0.0,mark,0.42877,0.0,1.08134416456781
2024-11-28,DOGE,26,-0.0200044947358536,0.0,0.0,mark,0.39111,0.0,1.0599273513931937
2024-11-28,DOGE,26,0.005612477557926963,0.0,0.0,mark,0.4016,0.0,1.0658928949460806
2024-11-29,DOGE,26,0.0,0.0,0.0,mark,0.4016,0.0,1.0658928949460806
2024-11-29,DOGE,26,-7.039810640572981e-05,7.039562851720926e-05,0.0,funding,0.4016,0.0,1.0658178607458089
2024-11-29,DOGE,26,-0.001147834367508234,0.0,0.0,mark,0.39945,0.0,1.064595180227343
2024-11-29,DOGE,26,0.02009043975614791,0.0,0.0,mark,0.43744,0.0,1.0861996606443283
2024-11-29,DOGE,26,-0.00581791486489288,0.0,0.0,mark,0.42636,0.0,1.0798985908096297
2024-11-30,DOGE,26,-5.266143649797697e-06,0.0,0.0,mark,0.42635,0.0,1.0798929039234972
2024-11-30,DOGE,26,-7.376785447877565e-05,7.376513369751214e-05,0.0,funding,0.42635,0.0,1.0798132454790603
2024-11-30,DOGE,26,0.004906895440504345,0.0,0.0,mark,0.43569,0.0,1.0851247971267215
2024-11-30,DOGE,26,-0.011548953477379272,0.0,0.0,mark,0.41378,0.0,1.0726648296106343
2024-11-30,DOGE,26,0.004137314432375778,0.0,0.0,mark,0.4216,0.0,1.0771119745661706
2024-12-01,DOGE,26,0.0,0.0,0.0,mark,0.4216,0.0,1.0771119745661706
2024-12-01,DOGE,26,-7.313431245662625e-05,7.31316382080188e-05,0.0,funding,0.4216,0.0,1.077033203602937
2024-12-01,DOGE,26,0.014764619058704104,0.0,0.0,mark,0.44977,0.0,1.0930531618379062
2024-12-01,DOGE,26,-0.017609376884386047,0.0,0.0,mark,0.41622,0.0,1.073973658863706
2024-12-01,DOGE,26,0.012748616269597392,0.0,0.0,mark,0.44045,0.0,1.08775298396251
2024-12-02,DOGE,26,0.0,0.0,0.0,mark,0.44045,0.0,1.08775298396251
2024-12-02,DOGE,26,-7.565686013957462e-05,7.565399823143579e-05,0.0,funding,0.44045,0.0,1.087670691100185
2024-12-02,DOGE,26,-0.021215901261307703,0.0,0.0,mark,0.4003,0.0,1.0648378432786014
2024-12-02,DOGE,26,0.03323171322058423,0.0,0.0,mark,0.46357,0.0,1.1008187718382925
2024-12-02,DOGE,26,-0.02035333056150711,0.0,0.0,mark,0.42457,0.0,1.0786399159219346
2024-12-03,DOGE,26,0.0,0.0,0.0,mark,0.42457,0.0,1.0786399159219346
2024-12-03,DOGE,26,-0.0003246278990260781,0.0003245752130909431,0.223844974545478,rotation,0.42457,-0.5686886132399416,1.0782898161413759
2024-12-03,XRP,27,-0.00034176340385734137,0.00034170500939778136,0.23565862717088365,entry,2.7244,0.09327128827052604,1.0779213591096177
2024-12-03,XRP,27,-7.745324350881376e-05,7.745024408369538e-05,0.0,funding,2.7244,0.0,1.0778378738372516
2024-12-03,XRP,27,0.01586524753963245,0.0,0.0,mark,2.9092,0.0,1.0950744079096448
2024-12-03,XRP,27,-0.05778415880738741,0.0,0.0,mark,2.25,0.0,1.033589974681714
2024-12-03,XRP,27,0.02320905457799208,0.0,0.0,mark,2.5102,0.0,1.057859163889705
2024-12-04,XRP,27,8.816946553045426e-06,0.0,0.0,mark,2.5103,0.0,1.057868491018532
2024-12-04,XRP,27,-7.271913960777088e-05,7.271649563524819e-05,0.0,funding,2.5103,0.0,1.0577915665290223
2024-12-04,XRP,27,0.014852533443128873,0.0,0.0,mark,2.68,0.0,1.0736197041485305
2024-12-04,XRP,27,-0.03536836634723236,0.0,0.0,mark,2.28,0.0,1.03631118884032
2024-12-04,XRP,27,0.006942092888438826,0.0,0.0,mark,2.3574,0.0,1.0435303865524588
2024-12-05,XRP,27,0.0,0.0,0.0,mark,2.3574,0.0,1.0435303865524588
2024-12-05,XRP,27,-6.922806754553062e-05,6.922567133819843e-05,0.0,funding,2.3574,0.0,1.043458147460888
2024-12-05,XRP,27,-0.016502120242743345,0.0,0.0,mark,2.1743,0.0,1.0263801745785546
2024-12-05,XRP,27,0.028656062541196778,0.0,0.0,mark,2.4942,0.0,1.0562176596962958
2024-12-05,XRP,27,-0.022287938835190008,0.0,0.0,mark,2.2446,0.0,1.0329371461439725
2024-12-06,XRP,27,-9.02975652757421e-06,0.0,0.0,mark,2.2445,0.0,1.0329278190151454
2024-12-06,XRP,27,-6.658909184865461e-05,6.658687484437182e-05,0.0,funding,2.2445,0.0,1.0328590395797375
2024-12-06,XRP,27,0.01960126754968375,0.0,0.0,mark,2.4637,0.0,1.0533041059686368
2024-12-06,XRP,27,-0.021345655039444217,0.0,0.0,mark,2.2252,0.0,1.0310589037161164
2024-12-06,XRP,27,0.01797503724238584,0.0,0.0,mark,2.4257,0.0,1.0497597970143568
2024-12-07,XRP,27,0.0,0.0,0.0,mark,2.4257,0.0,1.0497597970143568
2024-12-07,XRP,27,-7.081112999761568e-05,7.080862294869823e-05,0.0,funding,2.4257,0.0,1.0496854649687033
2024-12-07,XRP,27,0.01708251845488741,0.0,0.0,mark,2.6196,0.0,1.0677707677643584
2024-12-07,XRP,27,-0.02079471267410768,0.0,0.0,mark,2.384,0.0,1.0457960522478225
2024-12-07,XRP,27,0.019947044772299916,0.0,0.0,mark,2.6099,0.0,1.0668660362681344
2024-12-08,XRP,27,0.0,0.0,0.0,mark,2.6099,0.0,1.0668660362681344
2024-12-08,XRP,27,-7.496684836440305e-05,7.496403842033478e-05,0.0,funding,2.6099,0.0,1.0667860596816021
2024-12-08,XRP,27,0.003229764408102818,0.0,0.0,mark,2.6469,0.0,1.0702370973476116
2024-12-08,XRP,27,-0.014271970818797629,0.0,0.0,mark,2.4843,0.0,1.055071185874824
2024-12-08,XRP,27,0.010290007981322768,0.0,0.0,mark,2.6013,0.0,1.0659839266024755
2024-12-09,XRP,27,0.0,0.0,0.0,mark,2.6013,0.0,1.0659839266024755
2024-12-09,XRP,27,-7.478164598417631e-05,7.477884990664835e-05,0.0,funding,2.6013,0.0,1.0659042135504253
2024-12-09,XRP,27,0.0005511257017903972,0.0,0.0,mark,2.6076,0.0,1.0664918226665296
2024-12-09,XRP,27,-0.05449147725427647,0.0,0.0,mark,2.0012,0.0,1.0099321134592827
2024-12-09,XRP,27,0.019317380696613956,0.0,0.0,mark,2.2124,0.0,1.0296310095420178
2024-12-10,XRP,27,0.0,0.0,0.0,mark,2.2124,0.0,1.0296310095420178
2024-12-10,XRP,27,-6.584689961725914e-05,6.584473175775391e-05,0.0,funding,2.2124,0.0,1.029563213764385
2024-12-10,XRP,27,-0.024603283549421658,0.0,0.0,mark,1.9441334452369323,0.0,1.004541646601738
2024-12-10,XRP,27,-0.0002617766739417187,0.00026174241341781433,0.18051200925366506,stop,1.9441334452369323,-0.09327128827052604,1.0042787154467778
2024-12-13,DOGE,28,-0.0005971875123098147,0.0005970092313382264,0.4117305043711906,entry,0.40611,1.01817778936779,1.0036791517828196
2024-12-13,DOGE,28,-0.00013536076927274,0.00013535160841717685,0.0,funding,0.40611,0.0,1.003543302195291
2024-12-13,DOGE,28,0.006240463712711384,0.0,0.0,mark,0.41228,0.0,1.0098254591556903
2024-12-13,DOGE,28,-0.013418976545464315,0.0,0.0,mark,0.39906,0.0,0.9963651487802482
2024-12-13,DOGE,28,0.010116482934851642,0.0,0.0,mark,0.40901,0.0,1.0064960177844577
2024-12-14,DOGE,28,0.0,0.0,0.0,mark,0.40901,0.0,1.0064960177844577
2024-12-14,DOGE,28,-0.0001359458723342395,0.00013593663211282543,0.0,funding,0.40901,0.0,1.006359198105565
2024-12-14,DOGE,28,0.005035900648169414,0.0,0.0,mark,0.414,0.0,1.0114399052745104
2024-12-14,DOGE,28,-0.02720430451559002,0.0,0.0,mark,0.38734,0.0,0.9842952854099652
2024-12-14,DOGE,28,0.011253035245547804,0.0,0.0,mark,0.39828,0.0,0.9954341504256489
2024-12-15,DOGE,28,-1.0228531904120535e-05,0.0,0.0,mark,0.39827,0.0,0.9954239686477552
2024-12-15,DOGE,28,-0.0005908665714391071,0.0005906920441622974,0.407373823560205,rotation,0.39827,-1.01817778936779,0.9948359796289065
2024-12-15,XRP,29,-0.000348165590513029,0.00034810498790728323,0.24007240545329875,entry,2.4006,0.0994887389240192,0.994489672262248
2024-12-15,XRP,29,-7.89044697403012e-05,7.890135686455852e-05,0.0,funding,2.4006,0.0,0.9944112056777188
2024-12-15,XRP,29,0.0072173590370466535,0.0,0.0,mark,2.473,0.0,1.0016141903758178
2024-12-15,XRP,29,-0.010514363637208533,0.0,0.0,mark,2.3677,0.0,0.9911380261671185
2024-12-15,XRP,29,0.007918526020514063,0.0,0.0,mark,2.4469,0.0,0.9990175342899008
2024-12-16,XRP,29,9.95860834519164e-06,0.0,0.0,mark,2.447,0.0,0.9990274831637932
2024-12-16,XRP,29,-8.006429181782893e-05,8.00610867579429e-05,0.0,funding,2.447,0.0,0.9989474999377901
2024-12-16,XRP,29,0.013866432387197624,0.0,0.0,mark,2.5872,0.0,1.0128958211349375
2024-12-16,XRP,29,-0.025254822534320633,0.0,0.0,mark,2.3333,0.0,0.987635630322129
2024-12-16,XRP,29,0.015076501813313431,0.0,0.0,mark,2.4841,0.0,1.0026385321518712
2024-12-17,XRP,29,9.922643319370117e-06,0.0,0.0,mark,2.4842,0.0,1.0026484810257634
2024-12-17,XRP,29,-8.098794716058612e-05,8.09846677254814e-05,0.0,funding,2.4842,0.0,1.0025672818716822
2024-12-17,XRP,29,0.023914912280848827,0.0,0.0,mark,2.7281,0.0,1.0268325852952505
2024-12-17,XRP,29,-0.02830073435373004,0.0,0.0,mark,2.4401,0.0,0.998179828485133
2024-12-17,XRP,29,0.012598350273171579,0.0,0.0,mark,2.5673,0.0,1.0108347960762682
2024-12-18,XRP,29,-9.842283715226317e-06,0.0,0.0,mark,2.5672,0.0,1.010824847202376
2024-12-18,XRP,29,-8.301694921158297e-05,8.301350340014176e-05,0.0,funding,2.5672,0.0,1.010740935090486
2024-12-18,XRP,29,0.0024479455020525757,0.0,0.0,mark,2.5921,0.0,1.013218204689694
2024-12-18,XRP,29,-0.03439177898597934,0.0,0.0,mark,2.2478,0.0,0.9789642318781542
2024-12-18,XRP,29,0.006331571422095966,0.0,0.0,mark,2.3103,0.0,0.9851822780609054
2024-12-19,XRP,29,-1.0098561807983526e-05,0.0,0.0,mark,2.3102,0.0,0.985172329187013
2024-12-19,XRP,29,-7.66512014063479e-05,7.66482637780265e-05,0.0,funding,2.3102,0.0,0.9850968174384587
2024-12-19,XRP,29,0.01219607962946903,0.0,0.0,mark,2.4317,0.0,0.997184699217727
2024-12-19,XRP,29,-0.027532865235614573,0.0,0.0,mark,2.1595,0.0,0.970103864482609
2024-12-19,XRP,29,0.008120043984250133,0.0,0.0,mark,2.239,0.0,0.9780132192270685
2024-12-20,XRP,29,1.017248345364587e-05,0.0,0.0,mark,2.2391,0.0,0.9780231681009609
2024-12-20,XRP,29,-7.483513470297533e-05,7.483233462419985e-05,0.0,funding,2.2391,0.0,0.9779499803439754
2024-12-20,XRP,29,0.011721761620697532,0.0,0.0,mark,2.355,0.0,0.9894807251852692
2024-12-20,XRP,29,-0.04051556126962789,0.0,0.0,mark,1.9601,0.0,0.950192622184174
2024-12-20,XRP,29,0.032875083453557295,0.0,0.0,mark,2.2793,0.0,0.981949427648721
2024-12-21,XRP,29,0.0,0.0,0.0,mark,2.2793,0.0,0.981949427648721
2024-12-21,XRP,29,-7.587414188106716e-05,7.587126351110831e-05,0.0,funding,2.2793,0.0,0.9818749259049412
2024-12-21,XRP,29,0.010733332073460776,0.0,0.0,mark,2.3858,0.0,0.9924704766003493
2024-12-21,XRP,29,-0.01966949938201164,0.0,0.0,mark,2.1915,0.0,0.9731398146274123
2024-12-21,XRP,29,0.004742653283891153,0.0,0.0,mark,2.238,0.0,0.9777660409873792
2024-12-22,XRP,29,-1.017515856665376e-05,0.0,0.0,mark,2.2379,0.0,0.9777560921134868
2024-12-22,XRP,29,-7.481545801026317e-05,7.481265940367863e-05,0.0,funding,2.2379,0.0,0.9776829435799876
2024-12-22,XRP,29,-0.007917639959501304,0.0,0.0,mark,2.1604,0.0,0.9699725663133761
2024-12-22,XRP,29,0.013589890425284155,0.0,0.0,mark,2.2938,0.0,0.9832443640858403
2024-12-22,XRP,29,-0.00921977361735182,0.0,0.0,mark,2.2031,0.0,0.9742207354654318
2024-12-23,XRP,29,1.0212083084395922e-05,0.0,0.0,mark,2.2032,0.0,0.9742306843393241
2024-12-23,XRP,29,-7.392189953138432e-05,7.391916737508898e-05,0.0,funding,2.2032,0.0,0.9741586700183065
2024-12-23,XRP,29,-0.0074215285043968985,0.0,0.0,mark,2.1308,0.0,0.9669556853202075
2024-12-23,XRP,29,0.015122875751558906,0.0,0.0,mark,2.2789,0.0,0.9816899675548547
2024-12-23,XRP,29,-0.0017446439538083352,0.0,0.0,mark,2.2617,0.0,0.9799787612453615
2024-12-24,XRP,29,-1.0152183687404416e-05,0.0,0.0,mark,2.2616,0.0,0.9799688123714692
2024-12-24,XRP,29,-7.543707996857669e-05,7.543423466358155e-05,0.0,funding,2.2616,0.0,0.9798948891741137
2024-12-24,XRP,29,0.009005651104921521,0.0,0.0,mark,2.3507,0.0,0.9887593358122438
2024-12-24,XRP,29,-0.013870600331451004,0.0,0.0,mark,2.2138,0.0,0.9751393274535456
2024-12-24,XRP,29,0.011160258805374468,0.0,0.0,mark,2.3238,0.0,0.9860830887351877
2024-12-25,XRP,29,0.0,0.0,0.0,mark,2.3238,0.0,0.9860830887351877
2024-12-25,XRP,29,-7.703124392741455e-05,7.702827709737225e-05,0.0,funding,2.3238,0.0,0.9860071324537876
2024-12-25,XRP,29,0.000877450391800377,0.0,0.0,mark,2.3325,0.0,0.9868726844824266
2024-12-25,XRP,29,-0.007183400294369096,0.0,0.0,mark,2.2615,0.0,0.9798089840188212
2024-12-25,XRP,29,0.0036285020927615394,0.0,0.0,mark,2.2973,0.0,0.9833706808723011
2024-12-26,XRP,29,0.0,0.0,0.0,mark,2.2973,0.0,0.9833706808723011
2024-12-26,XRP,29,-7.636282494356859e-05,7.635990937720951e-05,0.0,funding,2.2973,0.0,0.9832955907762254
2024-12-26,XRP,29,0.001930651551539303,0.0,0.0,mark,2.3164,0.0,0.9851958256896741
2024-12-26,XRP,29,-0.019239526296307298,0.0,0.0,mark,2.1277,0.0,0.9664223006547117
2024-12-26,XRP,29,0.0028988547888535803,0.0,0.0,mark,2.1559,0.0,0.9692278830923691
2024-12-27,XRP,29,0.0,0.0,0.0,mark,2.1559,0.0,0.9692278830923691
2024-12-27,XRP,29,-7.270820928684298e-05,7.270556610911197e-05,0.0,funding,2.1559,0.0,0.9691574148304402
2024-12-27,XRP,29,0.00838246896217186,0.0,0.0,mark,2.2379,0.0,0.9773154914222097
2024-12-27,XRP,29,-0.012600201216964655,0.0,0.0,mark,2.1149,0.0,0.9650783765345554
2024-12-27,XRP,29,0.0032625858559571746,0.0,0.0,mark,2.1466,0.0,0.9682321695584468
2024-12-28,XRP,29,1.02752450205467e-05,0.0,0.0,mark,2.1467,0.0,0.9682421184323392
2024-12-28,XRP,29,-7.247163680112801e-05,7.246901079545448e-05,0.0,funding,2.1467,0.0,0.9681719508838059
2024-12-28,XRP,29,0.006238545328756961,0.0,0.0,mark,2.2076,0.0,0.9742308150842787
2024-12-28,XRP,29,-0.007513574010215544,0.0,0.0,mark,2.1343,0.0,0.9669382905211481
2024-12-28,XRP,29,0.005131335842763698,0.0,0.0,mark,2.1843,0.0,0.971912727467349
2024-12-29,XRP,29,0.0,0.0,0.0,mark,2.1843,0.0,0.971912727467349
2024-12-29,XRP,29,-7.346253589134696e-05,7.3459837585401e-05,0.0,funding,2.1843,0.0,0.9718413309162421
2024-12-29,XRP,29,0.0013606133098449248,0.0,0.0,mark,2.1976,0.0,0.9731645311439316
2024-12-29,XRP,29,-0.013016722881546292,0.0,0.0,mark,2.0711,0.0,0.9605792056700432
2024-12-29,XRP,29,0.002389646807039226,0.0,0.0,mark,2.0942,0.0,0.962877395539188
2024-12-30,XRP,29,-1.0332494393264065e-05,0.0,0.0,mark,2.0941,0.0,0.9628674466652957
2024-12-30,XRP,29,-7.109045554960066e-05,7.108792868300038e-05,0.0,funding,2.0941,0.0,0.9627989984129159
2024-12-30,XRP,29,0.006026772638701289,0.0,0.0,mark,2.1526,0.0,0.968619089639971
2024-12-30,XRP,29,-0.016278087954738233,0.0,0.0,mark,1.9954,0.0,0.9529794598811152
2024-12-30,XRP,29,0.006586626589308769,0.0,0.0,mark,2.0587,0.0,0.9592770970550056
2024-12-31,XRP,29,0.0,0.0,0.0,mark,2.0587,0.0,0.9592770970550056
2024-12-31,XRP,29,-7.015024127102985e-05,7.014778080047494e-05,0.0,funding,2.0587,0.0,0.9592098058954746
2024-12-31,XRP,29,0.00933255658069444,0.0,0.0,mark,2.1491,0.0,0.9682035878942059
2024-12-31,XRP,29,-0.014125492234803704,0.0,0.0,mark,2.0126,0.0,0.9546233750310773
2024-12-31,XRP,29,0.007372221399834351,0.0,0.0,mark,2.0836,0.0,0.9616870754946827
2024-12-31,XRP,29,-0.00031260100953242923,0.00031255215492774637,0.21555321029499747,boundary_exit,2.0836,-0.0994887389240192,0.9613864981268707
2025-01-01,XRP,1,-0.0013237272330439988,0.0013228514926066934,0.9123113742115126,entry,2.0836,0.43785341438448483,0.9986771485073933
2025-01-01,XRP,1,-0.0003001747646602463,0.0003001297167230898,0.0,funding,2.0836,0.0,0.998377415817714
2025-01-01,XRP,1,0.11226317566144078,0.0,0.0,mark,2.3545,0.0,1.1169919057744708
2025-01-01,XRP,1,-0.11336018971902509,0.0,0.0,mark,2.0811,0.0,0.9972827822817528
2025-01-01,XRP,1,0.10481754905245852,0.0,0.0,mark,2.3328,0.0,1.1074904866823276
2025-01-02,XRP,1,3.9534855104499813e-05,0.0,0.0,mark,2.3329,0.0,1.107534272023766
2025-01-02,XRP,1,-1.6821037798127794e-05,1.682089632531719e-05,0.011600618155391165,resize,2.3329,-0.005507343728302472,1.1075156423045995
2025-01-02,XRP,1,-0.00029924973304321686,0.00029920496230785473,0.0,funding,2.3329,0.0,1.1071842681285884
2025-01-02,XRP,1,0.045533092948711516,0.0,0.0,mark,2.4522,0.0,1.158763154357871
2025-01-02,XRP,1,-0.04678344718818595,0.0,0.0,mark,2.3297,0.0,1.1058007607024884
2025-01-02,XRP,1,0.028027778265730382,0.0,0.0,mark,2.4024,0.0,1.137232320039193
2025-01-03,XRP,1,0.0,0.0,0.0,mark,2.4024,0.0,1.137232320039193
2025-01-03,XRP,1,-0.00029489805184611863,0.0002948545736895796,0.20334798185488248,resize,2.4024,-0.09625953096075412,1.1368970018882818
2025-01-03,XRP,1,-0.00023335494590776465,0.00023332772076002797,0.0,funding,2.4024,0.0,1.1366317323020922
2025-01-03,XRP,1,0.022628167963752697,0.0,0.0,mark,2.4798,0.0,1.1626448304745183
2025-01-03,XRP,1,-0.024344621320013096,0.0,0.0,mark,2.3966,0.0,1.1346824303718586
2025-01-03,XRP,1,0.017062496654568104,0.0,0.0,mark,2.4547,0.0,1.154209058328163
2025-01-04,XRP,1,-2.911876583404922e-05,0.0,0.0,mark,2.4546,0.0,1.1541754496741936
2025-01-04,XRP,1,-0.0002348562032780886,0.0002348286267187388,0.0,funding,2.4546,0.0,1.153904416238354
2025-01-04,XRP,1,-0.01606021571424442,0.0,0.0,mark,2.3999,0.0,1.1355204825170142
2025-01-04,XRP,1,0.03178056104183366,0.0,0.0,mark,2.509,0.0,1.1721875239977853
2025-01-04,XRP,1,-0.02581965222682021,0.0,0.0,mark,2.4201,0.0,1.1423094306188617
2025-01-05,XRP,1,0.0,0.0,0.0,mark,2.4201,0.0,1.1423094306188617
2025-01-05,XRP,1,-0.0002339604742466805,0.00023393310762924192,0.0,funding,2.4201,0.0,1.142042206623883
2025-01-05,XRP,1,0.002468948409953679,0.0,0.0,mark,2.4285,0.0,1.1448653335573244
2025-01-05,XRP,1,-0.030158490558955316,0.0,0.0,mark,2.3273,0.0,1.110853375740147
2025-01-05,XRP,1,0.021579200715734204,0.0,0.0,mark,2.3994,0.0,1.1350852152521873
2025-01-06,XRP,1,-2.960936420069934e-05,0.0,0.0,mark,2.3993,0.0,1.135051606598218
2025-01-06,XRP,1,-0.00023343274404404144,0.00023340550074099257,0.0,funding,2.3993,0.0,1.134786679309613
2025-01-06,XRP,1,-0.0094926450990479,0.0,0.0,mark,2.3674,0.0,1.1240655186933288
2025-01-06,XRP,1,0.02684470231981891,0.0,0.0,mark,2.4584,0.0,1.1546493938056128
2025-01-06,XRP,1,-0.01124011320145031,0.0,0.0,mark,2.42,0.0,1.1417436706813082
2025-01-07,XRP,1,0.0,0.0,0.0,mark,2.42,0.0,1.1417436706813082
2025-01-07,XRP,1,-0.00023406674723695152,0.00023403935575297763,0.0,funding,2.42,0.0,1.1414764577281868
2025-01-07,XRP,1,0.014120867421753776,0.0,0.0,mark,2.4683,0.0,1.1577094375954762
2025-01-07,XRP,1,-0.06324119382471116,0.0,0.0,mark,2.2572,0.0,1.0867615690657713
2025-01-07,XRP,1,0.004320225539914837,0.0,0.0,mark,2.2712,0.0,1.0914667806215073
2025-01-08,XRP,1,0.0,0.0,0.0,mark,2.2712,0.0,1.0914667806215073
2025-01-08,XRP,1,-0.00022979305341755692,0.000229766653016047,0.0,funding,2.2712,0.0,1.0912159979524456
2025-01-08,XRP,1,-0.022141605715527347,0.0,0.0,mark,2.2001,0.0,1.0673202449801007
2025-01-08,XRP,1,0.06062961534864429,0.0,0.0,mark,2.3986,0.0,1.1340334231096432
2025-01-08,XRP,1,-0.007585979737024482,0.0,0.0,mark,2.3731,0.0,1.1254632163474096
2025-01-09,XRP,1,-2.986250932331339e-05,0.0,0.0,mark,2.373,0.0,1.1254296076934402
2025-01-09,XRP,1,-0.0002328477811734307,0.00023282067423285597,0.0,funding,2.373,0.0,1.1251675844133755
2025-01-09,XRP,1,0.0067279162865721545,0.0,0.0,mark,2.3956,0.0,1.132763140210492
2025-01-09,XRP,1,-0.04879089432379524,0.0,0.0,mark,2.2351,0.0,1.078821250589376
2025-01-09,XRP,1,0.011491528355147744,0.0,0.0,mark,2.2722,0.0,1.0912900612120764
2025-01-10,XRP,1,0.0,0.0,0.0,mark,2.2722,0.0,1.0912900612120764
2025-01-10,XRP,1,-0.00022993147447229994,0.00022990504225669505,0.0,funding,2.2722,0.0,1.0910391681244391
2025-01-10,XRP,1,0.02965177055002603,0.0,0.0,mark,2.3699,0.0,1.1238748230526823
2025-01-10,XRP,1,-0.03759996872126621,0.0,0.0,mark,2.2465,0.0,1.0824017440542666
2025-01-10,XRP,1,0.029040726295966064,0.0,0.0,mark,2.3414,0.0,1.1142963566713626
2025-01-11,XRP,1,0.0,0.0,0.0,mark,2.3414,0.0,1.1142963566713626
2025-01-11,XRP,1,-0.00023204244375596122,0.0002320155239903415,0.0,funding,2.3414,0.0,1.114037822618289
2025-01-11,XRP,1,-0.00499020384017733,0.0,0.0,mark,2.3249,0.0,1.1084923947133143
2025-01-11,XRP,1,0.08111881110029623,0.0,0.0,mark,2.6036,0.0,1.2021597133264301
2025-01-11,XRP,1,-0.007633335604661393,0.0,0.0,mark,2.5764,0.0,1.1930181594467144
2025-01-12,XRP,1,0.0,0.0,0.0,mark,2.5764,0.0,1.1930181594467144
2025-01-12,XRP,1,-0.00023848450233176076,0.00023845606716331008,0.0,funding,2.5764,0.0,1.1927336770283583
2025-01-12,XRP,1,0.0019986277698438586,0.0,0.0,mark,2.5835,0.0,1.1951198914601957
2025-01-12,XRP,1,-0.03243847206850883,0.0,0.0,mark,2.47,0.0,1.1569740692047648
2025-01-12,XRP,1,0.010000694475728399,0.0,0.0,mark,2.5046,0.0,1.1686026634782265
2025-01-13,XRP,1,-2.8760106678128498e-05,0.0,0.0,mark,2.5045,0.0,1.168569054824257
2025-01-13,XRP,1,-6.414204548293313e-05,6.413998842588192e-05,0.04423447477647029,resize,2.5045,-0.02063926467565874,1.1684941028186058
2025-01-13,XRP,1,-0.0002221572816122072,0.0002221326065106154,0.0,funding,2.5045,0.0,1.1682345421778544
2025-01-13,XRP,1,0.015779060696615547,0.0,0.0,mark,2.5634,0.0,1.1868143866765188
2025-01-13,XRP,1,-0.06412888437244602,0.0,0.0,mark,2.3297,0.0,1.1130943585043986
2025-01-13,XRP,1,0.053386501638536685,0.0,0.0,mark,2.5232,0.0,1.174133406220724
2025-01-14,XRP,1,0.0,0.0,0.0,mark,2.5232,0.0,1.174133406220724
2025-01-14,XRP,1,-0.00022274112025717665,0.0002227163152955856,0.0,funding,2.5232,0.0,1.1738719075548252
2025-01-14,XRP,1,0.04641626403862768,0.0,0.0,mark,2.7,0.0,1.2296429857783204
2025-01-14,XRP,1,-0.0492688005315458,0.0,0.0,mark,2.5126,0.0,1.1705281664396157
2025-01-14,XRP,1,0.04084470114889864,0.0,0.0,mark,2.6673,0.0,1.219327859885174
2025-01-15,XRP,1,0.0,0.0,0.0,mark,2.6673,0.0,1.219327859885174
2025-01-15,XRP,1,-2.515901980613371e-05,2.515870332075827e-05,0.01735082987638501,resize,2.6673,-0.007931747557606672,1.2192971831772965
2025-01-15,XRP,1,-0.00022103872285074677,0.00022101429559216238,0.0,funding,2.6673,0.0,1.2190277010692392
2025-01-15,XRP,1,0.12608666488492298,0.0,0.0,mark,3.2,0.0,1.3828412225483333
2025-01-15,XRP,1,-0.13066308016352118,0.0,0.0,mark,2.6492,0.0,1.2134616700221739
2025-01-15,XRP,1,0.11788390426221833,0.0,0.0,mark,3.1429,0.0,1.3652820859302437
2025-01-16,XRP,1,2.2523701691487325e-05,0.0,0.0,mark,3.143,0.0,1.36531283748299
2025-01-16,XRP,1,-7.596196829889656e-05,7.595908326156245e-05,0.05238557466314651,resize,3.143,-0.022756187587183452,1.3652091295714894
2025-01-16,XRP,1,-0.00021540757440969318,0.000215384375863835,0.0,funding,3.143,0.0,1.364915084855193
2025-01-16,XRP,1,0.05222935293225432,0.0,0.0,mark,3.4,0.0,1.4380982352030627
2025-01-16,XRP,1,-0.09925792164573917,0.0,0.0,mark,2.9228,0.0,1.3022110782147225
2025-01-16,XRP,1,0.06810578190802699,0.0,0.0,mark,3.2451,0.0,1.3939890134564283
2025-01-17,XRP,1,-2.042786891782146e-05,0.0,0.0,mark,3.245,0.0,1.3939605375224409
2025-01-17,XRP,1,-0.00018064512467865396,0.00018062880933059297,0.12457159264178824,resize,3.245,-0.053512445065939496,1.3937087480902943
2025-01-17,XRP,1,-0.00017690822328033694,0.00017689257594328346,0.0,funding,3.245,0.0,1.39346221135973
2025-01-17,XRP,1,0.017992239064157922,0.0,0.0,mark,3.3544,0.0,1.418760621651839
2025-01-17,XRP,1,-0.029542518884204394,0.0,0.0,mark,3.1758,0.0,1.3774599262389444
2025-01-17,XRP,1,0.019352664252992313,0.0,0.0,mark,3.2922,0.0,1.4043770647947165
2025-01-18,XRP,1,1.646601876041372e-05,0.0,0.0,mark,3.2923,0.0,1.4044001894841973
2025-01-18,XRP,1,-0.000178120592706488,0.00017810473017550123,0.0,funding,3.2923,0.0,1.4041500591673908
2025-01-18,XRP,1,-0.03935061581633063,0.0,0.0,mark,3.058,0.0,1.3499689117136326
2025-01-18,XRP,1,0.04055211731926897,0.0,0.0,mark,3.2996,0.0,1.4058381614994966
2025-01-18,XRP,1,-0.004930397702621307,0.0,0.0,mark,3.2697,0.0,1.3989238793447063
2025-01-19,XRP,1,0.0,0.0,0.0,mark,3.2697,0.0,1.3989238793447063
2025-01-19,XRP,1,-0.00017759033137005925,0.0001775745631405775,0.0,funding,3.2697,0.0,1.3986754660479648
2025-01-19,XRP,1,0.0038283827402020975,0.0,0.0,mark,3.2929,0.0,1.4040403940075346
2025-01-19,XRP,1,-0.0797132561770547,0.0,0.0,mark,2.8277,0.0,1.2964643385423693
2025-01-19,XRP,1,0.023097312945214443,0.0,0.0,mark,2.9587,0.0,1.3267576817623534
2025-01-20,XRP,1,-1.7429626620331912e-05,0.0,0.0,mark,2.9586,0.0,1.3267345570728726
2025-01-20,XRP,1,-0.00016943609548373607,0.00016942174199920029,0.0,funding,2.9586,0.0,1.3265097793930427
2025-01-20,XRP,1,0.06918187636381999,0.0,0.0,mark,3.3695,0.0,1.421529128470077
2025-01-20,XRP,1,-0.07786611047906504,0.0,0.0,mark,2.909,0.0,1.3150399334105143
2025-01-20,XRP,1,0.03393651235188077,0.0,0.0,mark,3.1053,0.0,1.3604336988615289
2025-01-21,XRP,1,0.0,0.0,0.0,mark,3.1053,0.0,1.3604336988615289
2025-01-21,XRP,1,-3.135701831633405e-05,3.135652669026427e-05,0.021625190820871904,resize,3.1053,-0.009474008416908236,1.3603910403859403
2025-01-21,XRP,1,-0.000166331838792008,0.00016631800641864187,0.0,funding,3.1053,0.0,1.3601647828601535
2025-01-21,XRP,1,0.022681743398005622,0.0,0.0,mark,3.246,0.0,1.3913682279755264
2025-01-21,XRP,1,-0.03794484381425055,0.0,0.0,mark,3.0124,0.0,1.3395620817143243
2025-01-21,XRP,1,0.02637001485280141,0.0,0.0,mark,3.1738,0.0,1.3753562255780143
2025-01-22,XRP,1,1.6124629697380146e-05,0.0,0.0,mark,3.1739,0.0,1.3753784028666536
2025-01-22,XRP,1,-0.00016815393038017515,0.00016813979330049402,0.0,funding,3.1739,0.0,1.3751471470262857
2025-01-22,XRP,1,0.017822079682638367,0.0,0.0,mark,3.2854,0.0,1.3998748238590084
2025-01-22,XRP,1,-0.02595088919812202,0.0,0.0,mark,3.1237,0.0,1.3640141481294006
2025-01-22,XRP,1,0.009160418748276554,0.0,0.0,mark,3.1803,0.0,1.3765664934991952
2025-01-23,XRP,1,-1.6110712697338144e-05,0.0,0.0,mark,3.1802,0.0,1.3765443162105562
2025-01-23,XRP,1,-0.0001683450151934107,0.0001683308459664796,0.0,funding,3.1802,0.0,1.376312601341298
2025-01-23,XRP,1,0.0010629295125614544,0.0,0.0,mark,3.1868,0.0,1.3777763023914862
2025-01-23,XRP,1,-0.024341951976071804,0.0,0.0,mark,3.0374,0.0,1.3446434331645016
2025-01-23,XRP,1,0.013433674316316495,0.0,0.0,mark,3.1194,0.0,1.3628288098486565
2025-01-24,XRP,1,0.0,0.0,0.0,mark,3.1194,0.0,1.3628288098486565
2025-01-24,XRP,1,-4.9439498115967905e-05,4.9438276004133567e-05,0.034095362761471425,resize,3.1194,0.01489585902852289,1.3627614339418088
2025-01-24,XRP,1,-0.0001780007429862049,0.00017798490179383848,0.0,funding,3.1194,0.0,1.3625188829818202
2025-01-24,XRP,1,0.014433969065121123,0.0,0.0,mark,3.2031,0.0,1.382328056973529
2025-01-24,XRP,1,-0.025683248533834593,0.0,0.0,mark,3.055,0.0,1.34727741577673
2025-01-24,XRP,1,0.008030665937405316,0.0,0.0,mark,3.1009,0.0,1.3581405111915381
2025-01-25,XRP,1,-1.7426091452403256e-05,0.0,0.0,mark,3.1008,0.0,1.358116844316996
2025-01-25,XRP,1,-0.00017754445063346695,0.00017752869055018546,0.0,funding,3.1008,0.0,1.3578757396120102
2025-01-25,XRP,1,0.007605057921418171,0.0,0.0,mark,3.1446,0.0,1.368241830661435
2025-01-25,XRP,1,-0.011516870693034469,0.0,0.0,mark,3.0784,0.0,1.3525743597145876
2025-01-25,XRP,1,0.005165938326949454,0.0,0.0,mark,3.108,0.0,1.3595797545790391
2025-01-26,XRP,1,-1.740764413073981e-05,0.0,0.0,mark,3.1079,0.0,1.359556087704497
2025-01-26,XRP,1,-0.0001777626180040653,0.00017774681916616267,0.0,funding,3.1079,0.0,1.3593144309344296
2025-01-26,XRP,1,-0.01692654746955855,0.0,0.0,mark,3.0115,0.0,1.3364995638758785
2025-01-26,XRP,1,0.02324411365425539,0.0,0.0,mark,3.1443,0.0,1.3679291732677414
2025-01-26,XRP,1,-0.021333464772336497,0.0,0.0,mark,3.0223,0.0,1.3390555863264215
2025-01-27,XRP,1,-1.7674459472595937e-05,0.0,0.0,mark,3.0222,0.0,1.3390319194518796
2025-01-27,XRP,1,-0.00017551018037364414,0.0001754947793629574,0.0,funding,3.0222,0.0,1.3387969263406154
2025-01-27,XRP,1,0.006431639667514516,0.0,0.0,mark,3.0587,0.0,1.3474353355484692
2025-01-27,XRP,1,-0.07337676751957778,0.0,0.0,mark,2.6559,0.0,1.2521051648930295
2025-01-27,XRP,1,0.07276182496600218,0.0,0.0,mark,3.0552,0.0,1.346606994939497
2025-01-28,XRP,1,0.0,0.0,0.0,mark,3.0552,0.0,1.346606994939497
2025-01-28,XRP,1,-0.00017642861293238842,0.00017641305031997024,0.0,funding,3.0552,0.0,1.3463694358919376
2025-01-28,XRP,1,0.027531824121162705,0.0,0.0,mark,3.214,0.0,1.3839524326647374
2025-01-28,XRP,1,-0.036182496408123446,0.0,0.0,mark,3.0062,0.0,1.3347726673663254
2025-01-28,XRP,1,0.009002176334123967,0.0,0.0,mark,3.0572,0.0,1.3468427733827788
2025-01-29,XRP,1,0.0,0.0,0.0,mark,3.0572,0.0,1.3468427733827788
2025-01-29,XRP,1,-0.00017651320855363074,0.00017649763101379565,0.0,funding,3.0572,0.0,1.3466050588239287
2025-01-29,XRP,1,0.01380624933314037,0.0,0.0,mark,3.1363,0.0,1.3653255565867024
2025-01-29,XRP,1,-0.029732520822385276,0.0,0.0,mark,2.9673,0.0,1.3253285386106117
2025-01-29,XRP,1,0.01787522001141409,0.0,0.0,mark,3.0683,0.0,1.3492320818980978
2025-01-30,XRP,1,0.0,0.0,0.0,mark,3.0683,0.0,1.3492320818980978
2025-01-30,XRP,1,-0.00017684040086152246,0.00017682476551954764,0.0,funding,3.0683,0.0,1.3489935042515848
2025-01-30,XRP,1,0.014992517017483034,0.0,0.0,mark,3.1544,0.0,1.3693706832323032
2025-01-30,XRP,1,-0.0188068516660794,0.0,0.0,mark,3.0466,0.0,1.3438577924759567
2025-01-30,XRP,1,0.014164239371199856,0.0,0.0,mark,3.1276,0.0,1.3630279608550298
2025-01-31,XRP,1,0.0,0.0,0.0,mark,3.1276,0.0,1.3630279608550298
2025-01-31,XRP,1,-4.983285043132489e-05,4.9831608795452e-05,0.03436662675548414,resize,3.1276,0.014977194394421744,1.3629600389789072
2025-01-31,XRP,1,-0.00018973621416439374,0.00018971821538725527,0.0,funding,3.1276,0.0,1.362701460632668
2025-01-31,XRP,1,0.0010520480907328796,0.0,0.0,mark,3.1333,0.0,1.364135842489614
2025-01-31,XRP,1,-0.024330402358488348,0.0,0.0,mark,3.003,0.0,1.3313463765317095
2025-01-31,XRP,1,0.006236943671892873,0.0,0.0,mark,3.0361,0.0,1.3396758571395884
2025-02-01,XRP,1,0.0,0.0,0.0,mark,3.0361,0.0,1.3396758571395884
2025-02-01,XRP,1,-0.00018738636207271664,0.0001873688063450272,0.0,funding,3.0361,0.0,1.339424843673347
2025-02-01,XRP,1,0.006852732218812781,0.0,0.0,mark,3.0727,0.0,1.3486350850705788
2025-02-01,XRP,1,-0.046715012951352435,0.0,0.0,mark,2.8281,0.0,1.287082488191811
2025-02-01,XRP,1,0.009670264910135175,0.0,0.0,mark,2.8778,0.0,1.2995892914006204
2025-02-02,XRP,1,1.9363310019557576e-05,0.0,0.0,mark,2.8779,0.0,1.299614455994602
2025-02-02,XRP,1,-0.0001830972718099861,0.00018308051052750814,0.0,funding,2.8779,0.0,1.2993765219165094
2025-02-02,XRP,1,0.014993041725373003,0.0,0.0,mark,2.9559,0.0,1.3190049052220854
2025-02-02,XRP,1,-0.09932641480736677,0.0,0.0,mark,2.4603,0.0,1.1942891774497335
2025-02-02,XRP,1,0.024908894666229777,0.0,0.0,mark,2.58,0.0,1.2244111964455981
2025-02-03,XRP,1,2.0552193137082166e-05,0.0,0.0,mark,2.5801,0.0,1.2244363610395796
2025-02-03,XRP,1,-0.0001742284618551784,0.00017421328495827087,0.0,funding,2.5801,0.0,1.2242230479589007
2025-02-03,XRP,1,0.04054517058345004,0.0,0.0,mark,2.7814,0.0,1.2748793756436756
2025-02-03,XRP,1,-0.22242023262059799,0.0,0.0,mark,1.7711,0.0,1.020641482648504
2025-02-03,XRP,1,0.2062424271971589,0.0,0.0,mark,2.7001,0.0,1.2544205607367098
2025-02-04,XRP,1,-2.006093265895006e-05,0.0,0.0,mark,2.7,0.0,1.2543953961427283
2025-02-04,XRP,1,-0.00017797086331841668,0.0001779550274438533,0.0,funding,2.7,0.0,1.2541721701755824
2025-02-04,XRP,1,0.017384560764956182,0.0,0.0,mark,2.7874,0.0,1.27616602531542
2025-02-04,XRP,1,-0.07501429886444932,0.0,0.0,mark,2.4209,0.0,1.1839377883731945
2025-02-04,XRP,1,0.022384166433592437,0.0,0.0,mark,2.5274,0.0,1.2107380809635002
2025-02-05,XRP,1,2.078429089160279e-05,0.0,0.0,mark,2.5275,0.0,1.2107632455574817
2025-02-05,XRP,1,-0.00017260380461407327,0.00017258890943431333,0.0,funding,2.5275,0.0,1.2105542812493477
2025-02-05,XRP,1,0.008631099973848266,0.0,0.0,mark,2.5692,0.0,1.2210479169396364
2025-02-05,XRP,1,-0.04873405099904754,0.0,0.0,mark,2.3384,0.0,1.1629680340303168
2025-02-05,XRP,1,0.00917566933256356,0.0,0.0,mark,2.381,0.0,1.173688151066439
2025-02-06,XRP,1,0.0,0.0,0.0,mark,2.381,0.0,1.173688151066439
2025-02-06,XRP,1,-0.0001677351367225215,0.00016772106997099378,0.0,funding,2.381,0.0,1.1734912988339299
2025-02-06,XRP,1,0.018884463553155435,0.0,0.0,mark,2.4699,0.0,1.1958626228834903
2025-02-06,XRP,1,-0.04139502590061671,0.0,0.0,mark,2.2772,0.0,1.147370450281125
2025-02-06,XRP,1,0.0104291170405388,0.0,0.0,mark,2.325,0.0,1.1593991262042858
2025-02-07,XRP,1,2.17046229548035e-05,0.0,0.0,mark,2.3251,0.0,1.1594242907982673
2025-02-07,XRP,1,-0.00016581209077116068,0.0001657983447060827,0.0,funding,2.3251,0.0,1.1592320601700408
2025-02-07,XRP,1,0.046009752736486526,0.0,0.0,mark,2.542,0.0,1.2138140645159308
2025-02-07,XRP,1,-0.05903213710703347,0.0,0.0,mark,2.2655,0.0,1.1442339621570623
2025-02-07,XRP,1,0.0284671243279398,0.0,0.0,mark,2.3968,0.0,1.1772750740547817
2025-02-08,XRP,1,2.1375059737248556e-05,0.0,0.0,mark,2.3969,0.0,1.1773002386487632
2025-02-08,XRP,1,-0.00016833723362390403,0.00016832306570686045,0.0,funding,2.3969,0.0,1.1771020718633365
2025-02-08,XRP,1,0.008578605516895786,0.0,0.0,mark,2.4372,0.0,1.187243403237884
2025-02-08,XRP,1,-0.018526131489748486,0.0,0.0,mark,2.3506,0.0,1.1654508648498985
2025-02-08,XRP,1,0.014661032905325899,0.0,0.0,mark,2.419,0.0,1.1826634471332498
2025-02-09,XRP,1,0.0,0.0,0.0,mark,2.419,0.0,1.1826634471332498
2025-02-09,XRP,1,-0.00016911898617726876,0.00016910468636769946,0.0,funding,2.419,0.0,1.1824634532019438
2025-02-09,XRP,1,0.0187425087042821,0.0,0.0,mark,2.5079,0.0,1.204834777251504
2025-02-09,XRP,1,-0.04192943343414132,0.0,0.0,mark,2.3113,0.0,1.1553611854838601
2025-02-09,XRP,1,0.017595569639956777,0.0,0.0,mark,2.3928,0.0,1.1758703295787887
2025-02-10,XRP,1,0.0,0.0,0.0,mark,2.3928,0.0,1.1758703295787887
2025-02-10,XRP,1,-0.00016825363373478794,0.00016823947988611732,0.0,funding,2.3928,0.0,1.175672501766127
2025-02-10,XRP,1,-0.014944379627159918,0.0,0.0,mark,2.3235,0.0,1.1582334381369421
2025-02-10,XRP,1,0.03202817914922721,0.0,0.0,mark,2.4733,0.0,1.1959299999212405
2025-02-10,XRP,1,-0.01049160848887514,0.0,0.0,mark,2.4237,0.0,1.1834483613064128
2025-02-11,XRP,1,2.126356101444112e-05,0.0,0.0,mark,2.4238,0.0,1.1834735259003943
2025-02-11,XRP,1,-0.00016933859567557532,0.0001693242587047877,0.0,funding,2.4238,0.0,1.1832731351229244
2025-02-11,XRP,1,0.022126216478871728,0.0,0.0,mark,2.529,0.0,1.2097462879914704
2025-02-11,XRP,1,-0.03346169702561582,0.0,0.0,mark,2.3708,0.0,1.1699359003127254
2025-02-11,XRP,1,0.00905732537357993,0.0,0.0,mark,2.4131,0.0,1.1805805235669031
2025-02-12,XRP,1,-2.131566774161599e-05,0.0,0.0,mark,2.413,0.0,1.1805553589729216
2025-02-12,XRP,1,-0.00016900074206946457,0.00016898646224841493,0.0,funding,2.413,0.0,1.1803558610993203
2025-02-12,XRP,1,0.017582342745400745,0.0,0.0,mark,2.4962,0.0,1.2012928032919348
2025-02-12,XRP,1,-0.03493690028900025,0.0,0.0,mark,2.3323,0.0,1.1600480337562438
2025-02-12,XRP,1,0.030149330783243267,0.0,0.0,mark,2.4734,0.0,1.195555275864151
2025-02-13,XRP,1,0.0,0.0,0.0,mark,2.4734,0.0,1.195555275864151
2025-02-13,XRP,1,-0.00017105776346850905,0.0001710431339235027,0.0,funding,2.4734,0.0,1.1953507843429885
2025-02-13,XRP,1,0.027552986985509696,0.0,0.0,mark,2.6061,0.0,1.228744200556449
2025-02-13,XRP,1,-0.03983833742285876,0.0,0.0,mark,2.4154,0.0,1.180755319833714
2025-02-13,XRP,1,0.030331563715611642,0.0,0.0,mark,2.5599,0.0,1.2171181581369925
2025-02-14,XRP,1,2.0675341724907358e-05,0.0,0.0,mark,2.56,0.0,1.217143322730974
2025-02-14,XRP,1,-0.0001739069571873725,0.00017389183624914975,0.0,funding,2.56,0.0,1.216931671443606
2025-02-14,XRP,1,0.05542577869149365,0.0,0.0,mark,2.8356,0.0,1.286285292456641
2025-02-14,XRP,1,-0.06164871823415118,0.0,0.0,mark,2.53,0.0,1.2093822932491536
2025-02-14,XRP,1,0.04244960129532217,0.0,0.0,mark,2.7384,0.0,1.2618253071066154
2025-02-15,XRP,1,0.0,0.0,0.0,mark,2.7384,0.0,1.2618253071066154
2025-02-15,XRP,1,-0.00017943929986473988,0.00017942320159649038,0.0,funding,2.7384,0.0,1.261598906370159
2025-02-15,XRP,1,0.018791533441054126,0.0,0.0,mark,2.8335,0.0,1.2855304352465726
2025-02-15,XRP,1,-0.02387084475742789,0.0,0.0,mark,2.713,0.0,1.255207099498856
2025-02-15,XRP,1,0.009755807691553051,0.0,0.0,mark,2.7619,0.0,1.2675125859558132
2025-02-16,XRP,1,0.0,0.0,0.0,mark,2.7619,0.0,1.2675125859558132
2025-02-16,XRP,1,-0.00018016720488471823,0.00018015097574858763,0.0,funding,2.7619,0.0,1.2672842423266797
2025-02-16,XRP,1,0.00860074719972078,0.0,0.0,mark,2.8054,0.0,1.2782308407086356
2025-02-16,XRP,1,-0.023404033546121895,0.0,0.0,mark,2.6879,0.0,1.248662442780364
2025-02-16,XRP,1,0.008108942468536471,0.0,0.0,mark,2.7283,0.0,1.2588289387488931
2025-02-17,XRP,1,0.0,0.0,0.0,mark,2.7283,0.0,1.2588289387488931
2025-02-17,XRP,1,-0.00017920299627038894,0.00017918694037255873,0.0,funding,2.7283,0.0,1.2586033730429063
2025-02-17,XRP,1,0.007271332332265857,0.0,0.0,mark,2.7648,0.0,1.2677884498461567
2025-02-17,XRP,1,-0.031720622202147934,0.0,0.0,mark,2.6075,0.0,1.2282045435132452
2025-02-17,XRP,1,0.010678974305560482,0.0,0.0,mark,2.6599,0.0,1.2413907907595552
2025-02-18,XRP,1,0.0,0.0,0.0,mark,2.6599,0.0,1.2413907907595552
2025-02-18,XRP,1,-0.00017716429872251921,0.00017714860605493073,0.0,funding,2.6599,0.0,1.2411708801114028
2025-02-18,XRP,1,0.002025435687695725,0.0,0.0,mark,2.6699,0.0,1.2436873395095536
2025-02-18,XRP,1,-0.04143585027902272,0.0,0.0,mark,2.4693,0.0,1.1932071639826491
2025-02-18,XRP,1,0.019527134737761232,0.0,0.0,mark,2.5628,0.0,1.216736059355359
2025-02-19,XRP,1,2.0681834456890096e-05,0.0,0.0,mark,2.5629,0.0,1.2167612239493404
2025-02-19,XRP,1,-0.00017415865683982615,0.00017414349210135104,0.0,funding,2.5629,0.0,1.2165493329007484
2025-02-19,XRP,1,-0.010563693028459551,0.0,0.0,mark,2.5121,0.0,1.2037657191581426
2025-02-19,XRP,1,0.04793798639496926,0.0,0.0,mark,2.747,0.0,1.2628773504207038
2025-02-19,XRP,1,-0.0018349108369571652,0.0,0.0,mark,2.7378,0.0,1.2605622077744052
2025-02-20,XRP,1,0.0,0.0,0.0,mark,2.7378,0.0,1.2605622077744052
2025-02-20,XRP,1,-0.00017957975730099602,0.00017956363382153322,0.0,funding,2.7378,0.0,1.260335856643719
2025-02-20,XRP,1,0.00223376001709041,0.0,0.0,mark,2.749,0.0,1.2631542911696478
2025-02-20,XRP,1,-0.016450714211975186,0.0,0.0,mark,2.6671,0.0,1.242544488698793
2025-02-20,XRP,1,0.004163329956212207,0.0,0.0,mark,2.6877,0.0,1.2477283950589837
2025-02-21,XRP,1,2.016812338380372e-05,0.0,0.0,mark,2.6878,0.0,1.2477535596529652
2025-02-21,XRP,1,-0.00017810977567328263,0.00017809391506882477,0.0,funding,2.6878,0.0,1.2475313423364855
2025-02-21,XRP,1,0.005672248842361648,0.0,0.0,mark,2.716,0.0,1.2546277578392706
2025-02-21,XRP,1,-0.04269839982865131,0.0,0.0,mark,2.5076,0.0,1.2021847439818087
2025-02-21,XRP,1,0.013411056783251914,0.0,0.0,mark,2.5721,0.0,1.218415907099881
2025-02-22,XRP,1,2.065332040534183e-05,0.0,0.0,mark,2.5722,0.0,1.2184410716938625
2025-02-22,XRP,1,-0.00017454967940371132,0.00017453444649465628,0.0,funding,2.5722,0.0,1.218228411755828
2025-02-22,XRP,1,0.0077574138980022475,0.0,0.0,mark,2.6099,0.0,1.2277154636868564
2025-02-22,XRP,1,-0.012249997052477556,0.0,0.0,mark,2.5505,0.0,1.2127676948618409
2025-02-22,XRP,1,0.0048643348700686696,0.0,0.0,mark,2.574,0.0,1.2186813744474951
2025-02-23,XRP,1,0.0,0.0,0.0,mark,2.574,0.0,1.2186813744474951
2025-02-23,XRP,1,-0.00017463739294971262,0.00017462214472782465,0.0,funding,2.574,0.0,1.2184685656921492
2025-02-23,XRP,1,0.005683944681670316,0.0,0.0,mark,2.6016,0.0,1.2254139936310453
2025-02-23,XRP,1,-0.016878140103326063,0.0,0.0,mark,2.5201,0.0,1.2049048495361165
2025-02-23,XRP,1,0.011669093385115235,0.0,0.0,mark,2.5763,0.0,1.2190473513537239
2025-02-24,XRP,1,0.0,0.0,0.0,mark,2.5763,0.0,1.2190473513537239
2025-02-24,XRP,1,-0.000174740973698242,0.0001747257073835886,0.0,funding,2.5763,0.0,1.2188343524429246
2025-02-24,XRP,1,0.006728698310225835,0.0,0.0,mark,2.609,0.0,1.2270631746748777
2025-02-24,XRP,1,-0.08011193638943384,0.0,0.0,mark,2.2336,0.0,1.132595288868298
2025-02-24,XRP,1,0.00988268459102448,0.0,0.0,mark,2.2783,0.0,1.1438438623780318
2025-02-25,XRP,1,2.199978336422647e-05,0.0,0.0,mark,2.2784,0.0,1.1438690269720133
2025-02-25,XRP,1,-0.00016469119554111863,0.0001646776346906021,0.0,funding,2.2784,0.0,1.1436806573262557
2025-02-25,XRP,1,0.01915612606422336,0.0,0.0,mark,2.3663,0.0,1.165800335436001
2025-02-25,XRP,1,-0.06754920364942676,0.0,0.0,mark,2.0637,0.0,1.0896522740479588
2025-02-25,XRP,1,0.05798432039211203,0.0,0.0,mark,2.3222,0.0,1.154702749490156
2025-02-26,XRP,1,0.0,0.0,0.0,mark,2.3222,0.0,1.154702749490156
2025-02-26,XRP,1,-0.0001662824738988825,0.0001662686497344672,0.0,funding,2.3222,0.0,1.1545107586231536
2025-02-26,XRP,1,0.002003293990642222,0.0,0.0,mark,2.3314,0.0,1.1568259012694522
2025-02-26,XRP,1,-0.04010133879812167,0.0,0.0,mark,2.1507,0.0,1.1113534799448679
2025-02-26,XRP,1,0.010698088643326076,0.0,0.0,mark,2.1982,0.0,1.1233066620860839
2025-02-27,XRP,1,2.2401996679477866e-05,0.0,0.0,mark,2.1983,0.0,1.1233318266800654
2025-02-27,XRP,1,-0.00016180613367338428,0.0001617930437670129,0.0,funding,2.1983,0.0,1.1231500794046665
2025-02-27,XRP,1,0.013221006307757278,0.0,0.0,mark,2.2577,0.0,1.138097848229682
2025-02-27,XRP,1,-0.025166922000198568,0.0,0.0,mark,2.1453,0.0,1.1098128445944675
2025-02-27,XRP,1,0.011990725430049143,0.0,0.0,mark,2.1985,0.0,1.1232004085926295
2025-02-28,XRP,1,0.0,0.0,0.0,mark,2.1985,0.0,1.1232004085926295
2025-02-28,XRP,1,-0.00016183979098520796,0.00016182669563261833,0.0,funding,2.1985,0.0,1.1230186447819737
2025-02-28,XRP,1,-0.057057012519349304,0.0,0.0,mark,1.951,0.0,1.0607362746777422
2025-02-28,XRP,1,0.057773811335120294,0.0,0.0,mark,2.2017,0.0,1.1238239117893818
2025-02-28,XRP,1,-0.012709476663310322,0.0,0.0,mark,2.1453,0.0,1.1096310807838115
2025-03-01,XRP,1,2.2678085605095483e-05,0.0,0.0,mark,2.1454,0.0,1.109656245377793
2025-03-01,XRP,1,-0.0001598584051805967,0.00015984562850647347,0.0,funding,2.1454,0.0,1.1094788716778243
2025-03-01,XRP,1,0.016756505538192527,0.0,0.0,mark,2.2199,0.0,1.1282264941940474
2025-03-01,XRP,1,-0.02221492459719917,0.0,0.0,mark,2.1214,0.0,1.1034393691222624
2025-03-01,XRP,1,0.01588272840192699,0.0,0.0,mark,2.1916,0.0,1.1211049140972809
2025-03-02,XRP,1,2.244599166778671e-05,0.0,0.0,mark,2.1917,0.0,1.1211300786912624
2025-03-02,XRP,1,-0.00016163713757873523,0.00016162407500047097,0.0,funding,2.1917,0.0,1.1209488770793388
2025-03-02,XRP,1,0.16655944210643672,0.0,0.0,mark,2.999,0.0,1.3241026442920498
2025-03-02,XRP,1,-0.17065359672862807,0.0,0.0,mark,2.1735,0.0,1.1163689209747043
2025-03-02,XRP,1,0.15930041211225052,0.0,0.0,mark,2.9396,0.0,1.3091548754670341
2025-03-03,XRP,1,-1.9222199231962962e-05,0.0,0.0,mark,2.9395,0.0,1.3091297108730526
2025-03-03,XRP,1,-0.00018565730785689068,0.00018564007460547386,0.0,funding,2.9395,0.0,1.308886683935858
2025-03-03,XRP,1,0.005387951701788107,0.0,0.0,mark,2.9676,0.0,1.3159579348446617
2025-03-03,XRP,1,-0.13710543943579093,0.0,0.0,mark,2.2976,0.0,1.1473551551685606
2025-03-03,XRP,1,0.019482605506462216,0.0,0.0,mark,2.3873,0.0,1.169927795969973
2025-03-04,XRP,1,0.0,0.0,0.0,mark,2.3873,0.0,1.169927795969973
2025-03-04,XRP,1,-0.00022658409985578634,0.00022655843161734475,0.15624719421885844,resize,2.3873,-0.07657099466299222,1.1696627389634124
2025-03-04,XRP,1,-0.00011740507146655697,0.00011739817976085516,0.0,funding,2.3873,0.0,1.169525422686924
2025-03-04,XRP,1,0.022425811194398633,0.0,0.0,mark,2.5388,0.0,1.1960492768774649
2025-03-04,XRP,1,-0.0489721165601088,0.0,0.0,mark,2.2123,0.0,1.1388873072853094
2025-03-04,XRP,1,0.03652606898055977,0.0,0.0,mark,2.4543,0.0,1.1812554440121137
2025-03-05,XRP,1,-1.482120090565905e-05,0.0,0.0,mark,2.4542,0.0,1.1812379365175985
2025-03-05,XRP,1,-6.619477474314034e-05,6.619258391748317e-05,0.045650057874126314,resize,2.4542,-0.021971958342898668,1.181159747326359
2025-03-05,XRP,1,-0.00010451982987752195,0.000104514367870302,0.0,funding,2.4542,0.0,1.1810362991620134
2025-03-05,XRP,1,0.01117661480023927,0.0,0.0,mark,2.5409,0.0,1.1943103281183698
2025-03-05,XRP,1,-0.017183732883235037,0.0,0.0,mark,2.408,0.0,1.173962941171429
2025-03-05,XRP,1,0.011901045473778571,0.0,0.0,mark,2.4998,0.0,1.1880177953605122
2025-03-06,XRP,1,0.0,0.0,0.0,mark,2.4998,0.0,1.1880177953605122
2025-03-06,XRP,1,-0.0001058473493073989,0.00010584174767432097,0.0,funding,2.4998,0.0,1.187892053480783
2025-03-06,XRP,1,0.01868049072083635,0.0,0.0,mark,2.6461,0.0,1.210291020450967
2025-03-06,XRP,1,-0.022438132545643027,0.0,0.0,mark,2.4707,0.0,1.1834367565646358
2025-03-06,XRP,1,0.016602091365585835,0.0,0.0,mark,2.6001,0.0,1.2032482830577444
2025-03-07,XRP,1,-1.2724220181693987e-05,0.0,0.0,mark,2.6,0.0,1.2032329727590636
2025-03-07,XRP,1,-1.7687026511486927e-05,1.7686870096997954e-05,0.012197841446205485,resize,2.6,-0.005644940394062131,1.203211691333778
2025-03-07,XRP,1,-0.00010469200939718092,0.00010468652938013994,0.0,funding,2.6,0.0,1.2030857312777028
2025-03-07,XRP,1,0.002656163029441475,0.0,0.0,mark,2.6217,0.0,1.206285570884911
2025-03-07,XRP,1,-0.03459927052992762,0.0,0.0,mark,2.3435,0.0,1.1652627423722237
2025-03-07,XRP,1,0.005300811253880728,0.0,0.0,mark,2.3855,0.0,1.1714559803216589
2025-03-08,XRP,1,0.0,0.0,0.0,mark,2.3855,0.0,1.1714559803216589
2025-03-08,XRP,1,-9.865846807947687e-05,9.865360149289857e-05,0.0,funding,2.3855,0.0,1.1713404119702098
2025-03-08,XRP,1,0.0031548145202548016,0.0,0.0,mark,2.4106,0.0,1.1750416089352294
2025-03-08,XRP,1,-0.013811186879224963,0.0,0.0,mark,2.3013,0.0,1.1589244444620563
2025-03-08,XRP,1,0.0031505090356093017,0.0,0.0,mark,2.3261,0.0,1.1625814040131515
2025-03-09,XRP,1,1.2683594521643804e-05,0.0,0.0,mark,2.3262,0.0,1.162596149817793
2025-03-09,XRP,1,-9.693904082643938e-05,9.693434238945468e-05,0.0,funding,2.3262,0.0,1.162483454324546
2025-03-09,XRP,1,-0.03133515453110935,0.0,0.0,mark,2.083,0.0,1.1266216574363879
2025-03-09,XRP,1,0.03447603323410294,0.0,0.0,mark,2.351,0.0,1.1661404138756408
2025-03-09,XRP,1,-0.027212176095026592,0.0,0.0,mark,2.1387,0.0,1.13483507062171
2025-03-10,XRP,1,1.2993702100242942e-05,0.0,0.0,mark,2.1388,0.0,1.1348498164263516
2025-03-10,XRP,1,-9.130847896117834e-05,9.130431046892343e-05,0.0,funding,2.1388,0.0,1.134746199746377
2025-03-10,XRP,1,0.015793262387286993,0.0,0.0,mark,2.2613,0.0,1.1528098104322297
2025-03-10,XRP,1,-0.03498770112934974,0.0,0.0,mark,1.9925,0.0,1.1131730875558445
2025-03-10,XRP,1,0.003847362032278077,0.0,0.0,mark,2.0216,0.0,1.1174641167065247
2025-03-11,XRP,1,0.0,0.0,0.0,mark,2.0216,0.0,1.1174641167065247
2025-03-11,XRP,1,-8.764762900724547e-05,8.76437880661188e-05,0.0,funding,2.0216,0.0,1.1173661779183086
2025-03-11,XRP,1,0.025048160966262084,0.0,0.0,mark,2.2138,0.0,1.1457076144392953
2025-03-11,XRP,1,-0.04122578431520313,0.0,0.0,mark,1.9,0.0,1.0994352794742295
2025-03-11,XRP,1,0.03571493332681964,0.0,0.0,mark,2.1711,0.0,1.1394111558573694
2025-03-12,XRP,1,-1.294168482002972e-05,0.0,0.0,mark,2.171,0.0,1.1393964100527278
2025-03-12,XRP,1,-9.231335167817036e-05,9.230909093178802e-05,0.0,funding,2.171,0.0,1.1392912334059049
2025-03-12,XRP,1,0.01361351236486163,0.0,0.0,mark,2.2769,0.0,1.1549070405212665
2025-03-12,XRP,1,-0.01850495315013821,0.0,0.0,mark,2.1333,0.0,1.1337320650560547
2025-03-12,XRP,1,0.013731128206813372,0.0,0.0,mark,2.2396,0.0,1.1494068553899823
2025-03-13,XRP,1,-1.2829138055537417e-05,0.0,0.0,mark,2.2395,0.0,1.1493921095853408
2025-03-13,XRP,1,-9.439801254984075e-05,9.439355719771066e-05,0.0,funding,2.2395,0.0,1.149283614375502
2025-03-13,XRP,1,0.013698460029614733,0.0,0.0,mark,2.347,0.0,1.1651353543651277
2025-03-13,XRP,1,-0.017014202349078668,0.0,0.0,mark,2.2137,0.0,1.1454791967779918
2025-03-13,XRP,1,0.005007926720131695,0.0,0.0,mark,2.2527,0.0,1.1512300605881816
2025-03-14,XRP,1,-1.2808820395435842e-05,0.0,0.0,mark,2.2526,0.0,1.15121531478354
2025-03-14,XRP,1,-9.479983992859105e-05,9.479534656571057e-05,0.0,funding,2.2526,0.0,1.1511061849288033
2025-03-14,XRP,1,0.017359871315357895,0.0,0.0,mark,2.3893,0.0,1.1712636998737507
2025-03-14,XRP,1,-0.019347413268010517,0.0,0.0,mark,2.2371,0.0,1.148820585209369
2025-03-14,XRP,1,0.015196815298499608,0.0,0.0,mark,2.3564,0.0,1.166412330146693
2025-03-15,XRP,1,0.0,0.0,0.0,mark,2.3564,0.0,1.166412330146693
2025-03-15,XRP,1,-9.787632691785068e-05,9.787153718636796e-05,0.0,funding,2.3564,0.0,1.1662981715789484
2025-03-15,XRP,1,0.014896044118828215,0.0,0.0,mark,2.4751,0.0,1.1838014416884235
2025-03-15,XRP,1,-0.01538925265284599,0.0,0.0,mark,2.3525,0.0,1.1657230851979294
2025-03-15,XRP,1,0.004870822108683737,0.0,0.0,mark,2.3911,0.0,1.1714149657895532
2025-03-16,XRP,1,0.0,0.0,0.0,mark,2.3911,0.0,1.1714149657895532
2025-03-16,XRP,1,-9.88935444789352e-05,9.888865467359297e-05,0.0,funding,2.3911,0.0,1.1712991261395218
2025-03-16,XRP,1,0.0024895745200998534,0.0,0.0,mark,2.4109,0.0,1.1742187954585412
2025-03-16,XRP,1,-0.018146672738822346,0.0,0.0,mark,2.2677,0.0,1.1531028032118957
2025-03-16,XRP,1,0.003332093653905967,0.0,0.0,mark,2.2938,0.0,1.1569514582233305
2025-03-17,XRP,1,0.0,0.0,0.0,mark,2.2938,0.0,1.1569514582233305
2025-03-17,XRP,1,-9.605517462734766e-05,9.605056147675322e-05,0.0,funding,2.2938,0.0,1.1568403323861667
2025-03-17,XRP,1,0.01077635335010665,0.0,0.0,mark,2.3788,0.0,1.1693742663314521
2025-03-17,XRP,1,-0.01106956860391405,0.0,0.0,mark,2.2915,0.0,1.156501178879412
2025-03-17,XRP,1,0.005936759936841129,0.0,0.0,mark,2.3382,0.0,1.1633874696469981
2025-03-18,XRP,1,-1.2674967263961297e-05,0.0,0.0,mark,2.3381,0.0,1.1633727238423566
2025-03-18,XRP,1,-9.736992723476883e-05,9.736518693717494e-05,0.0,funding,2.3381,0.0,1.163259451839622
2025-03-18,XRP,1,0.00022814704524689227,0.0,0.0,mark,2.3399,0.0,1.1635248763231691
2025-03-18,XRP,1,-0.014990356039151748,0.0,0.0,mark,2.2225,0.0,1.1462133016740337
2025-03-18,XRP,1,0.00802110938664072,0.0,0.0,mark,2.2851,0.0,1.1554441753796203
2025-03-19,XRP,1,0.0,0.0,0.0,mark,2.2851,0.0,1.1554441753796203
2025-03-19,XRP,1,-9.581567113960486e-05,9.581108096479797e-05,0.0,funding,2.2851,0.0,1.1553334710241827
2025-03-19,XRP,1,0.038177029579085454,0.0,0.0,mark,2.59,0.0,1.2002934293761538
2025-03-19,XRP,1,-0.04070735073798576,0.0,0.0,mark,2.2653,0.0,1.1524138017051633
2025-03-19,XRP,1,0.03539837627299327,0.0,0.0,mark,2.5469,0.0,1.193937987575662
2025-03-20,XRP,1,0.0,0.0,0.0,mark,2.5469,0.0,1.193937987575662
2025-03-20,XRP,1,-0.00010335037634310881,0.0001033450358769662,0.0,funding,2.5469,0.0,1.193814600011501
2025-03-20,XRP,1,-0.019696256334904128,0.0,0.0,mark,2.389,0.0,1.1705309744825532
2025-03-20,XRP,1,0.021781541252417793,0.0,0.0,mark,2.5638,0.0,1.1963066409959167
2025-03-20,XRP,1,-0.015865635905870045,0.0,0.0,mark,2.4361,0.0,1.1774762484687054
2025-03-21,XRP,1,-1.2523307365243748e-05,0.0,0.0,mark,2.436,0.0,1.1774615026640638
2025-03-21,XRP,1,-0.00010023325403609392,0.00010022823085128285,0.0,funding,2.436,0.0,1.1773434877807563
2025-03-21,XRP,1,0.0038626444757999465,0.0,0.0,mark,2.4669,0.0,1.1818999414149836
2025-03-21,XRP,1,-0.013882288193653685,0.0,0.0,mark,2.3564,0.0,1.1656058272861125
2025-03-21,XRP,1,0.003094643911043078,0.0,0.0,mark,2.3809,0.0,1.169218549423283
2025-03-22,XRP,1,0.0,0.0,0.0,mark,2.3809,0.0,1.169218549423283
2025-03-22,XRP,1,-9.865665319204978e-05,9.865178678453005e-05,0.0,funding,2.3809,0.0,1.1691032039242408
2025-03-22,XRP,1,0.00454292920588049,0.0,0.0,mark,2.417,0.0,1.1744264393998267
2025-03-22,XRP,1,-0.0072583904362611374,0.0,0.0,mark,2.3594,0.0,1.1659328559263156
2025-03-22,XRP,1,0.0014786305559416383,0.0,0.0,mark,2.3711,0.0,1.1676581150693726
2025-03-23,XRP,1,1.262844949491152e-05,0.0,0.0,mark,2.3712,0.0,1.1676728608740141
2025-03-23,XRP,1,-9.838476690336347e-05,9.837992728093888e-05,0.0,funding,2.3712,0.0,1.1675579853028735
2025-03-23,XRP,1,0.008764320635738902,0.0,0.0,mark,2.4409,0.0,1.1778358111380076
2025-03-23,XRP,1,-0.009547663328439756,0.0,0.0,mark,2.365,0.0,1.1666437454150997
2025-03-23,XRP,1,0.00934733276869237,0.0,0.0,mark,2.4393,0.0,1.1775998782637433
2025-03-24,XRP,1,-1.2521992603244882e-05,0.0,0.0,mark,2.4392,0.0,1.1775851324591018
2025-03-24,XRP,1,-0.00010035439251511402,0.00010034935718156222,0.0,funding,2.4392,0.0,1.177466962548033
2025-03-24,XRP,1,0.008132054699378223,0.0,0.0,mark,2.5044,0.0,1.187081227174299
2025-03-24,XRP,1,-0.011368304260093854,0.0,0.0,mark,2.4134,0.0,1.1736625449505227
2025-03-24,XRP,1,0.004600361457439956,0.0,0.0,mark,2.4501,0.0,1.1790742552539577
2025-03-25,XRP,1,0.0,0.0,0.0,mark,2.4501,0.0,1.1790742552539577
2025-03-25,XRP,1,-0.00010067555028363351,0.00010067048267055734,0.0,funding,2.4501,0.0,1.178955557279577
2025-03-25,XRP,1,0.003520913610190589,0.0,0.0,mark,2.4783,0.0,1.1831138741884835
2025-03-25,XRP,1,-0.008913659931809849,0.0,0.0,mark,2.4071,0.0,1.1726148612837266
2025-03-25,XRP,1,0.005280172347930024,0.0,0.0,mark,2.4492,0.0,1.1788228450378033
2025-03-26,XRP,1,-1.2509001612466242e-05,0.0,0.0,mark,2.4491,0.0,1.1788080992331618
2025-03-26,XRP,1,-0.00010065718062713385,0.00010065211486298249,0.0,funding,2.4491,0.0,1.1786894497049563
2025-03-26,XRP,1,0.0037834663858779165,0.0,0.0,mark,2.4794,0.0,1.1831574285113344
2025-03-26,XRP,1,-0.01904942095325025,0.0,0.0,mark,2.328,0.0,1.1608322802840847
2025-03-26,XRP,1,0.0027147081583346142,0.0,0.0,mark,2.3494,0.0,1.1639878824773684
2025-03-27,XRP,1,0.0,0.0,0.0,mark,2.3494,0.0,1.1639878824773684
2025-03-27,XRP,1,-9.778882706250234e-05,9.778404589096576e-05,0.0,funding,2.3494,0.0,1.1638740630328517
2025-03-27,XRP,1,-0.006010743412968156,0.0,0.0,mark,2.3021,0.0,1.1568992974374164
2025-03-27,XRP,1,0.011141411646966349,0.0,0.0,mark,2.39,0.0,1.1698608597173057
2025-03-27,XRP,1,-0.006195480321273726,0.0,0.0,mark,2.341,0.0,1.1626354154429646
2025-03-28,XRP,1,1.2683005295788383e-05,0.0,0.0,mark,2.3411,0.0,1.1626501612476061
2025-03-28,XRP,1,-9.755546197097483e-05,9.755070359174712e-05,0.0,funding,2.3411,0.0,1.1625367439063454
2025-03-28,XRP,1,-0.02408317386060838,0.0,0.0,mark,2.1535,0.0,1.1348736143988682
2025-03-28,XRP,1,0.024362186501708294,0.0,0.0,mark,2.3433,0.0,1.1628611516084586
2025-03-28,XRP,1,-0.01739608649183324,0.0,0.0,mark,2.2073,0.0,1.1428068572960017
2025-03-29,XRP,1,-1.2903230044452495e-05,0.0,0.0,mark,2.2072,0.0,1.1427921114913602
2025-03-29,XRP,1,-9.357380079682666e-05,9.3569422905218e-05,0.0,funding,2.2072,0.0,1.1426851810929872
2025-03-29,XRP,1,-0.019086109428035437,0.0,0.0,mark,2.0607,0.0,1.1210825772931716
2025-03-29,XRP,1,0.02159933018956567,0.0,0.0,mark,2.2267,0.0,1.145560612998082
2025-03-29,XRP,1,-0.011860934287608682,0.0,0.0,mark,2.1351,0.0,1.1320534559464566
2025-03-30,XRP,1,1.3025629247028381e-05,0.0,0.0,mark,2.1352,0.0,1.1320682017510981
2025-03-30,XRP,1,-9.137877017385876e-05,9.137459526121976e-05,0.0,funding,2.1352,0.0,1.131964759477355
2025-03-30,XRP,1,0.010238527373999478,0.0,0.0,mark,2.2142,0.0,1.1436139451441496
2025-03-30,XRP,1,-0.013827311412598105,0.0,0.0,mark,2.1077,0.0,1.1279096632009389
2025-03-30,XRP,1,0.003810214011523634,0.0,0.0,mark,2.1369,0.0,1.1322154381562604
2025-03-31,XRP,1,2.6047361837254183e-05,0.0,0.0,mark,2.1371,0.0,1.1322449297655435
2025-03-31,XRP,1,-9.144581063387486e-05,9.144162959319092e-05,0.0,funding,2.1371,0.0,1.1321413954440671
2025-03-31,XRP,1,-0.014866955254174249,0.0,0.0,mark,2.0238,0.0,1.1154343987852335
2025-03-31,XRP,1,0.015439878003957101,0.0,0.0,mark,2.1415,0.0,1.1327902108482935
2025-03-31,XRP,1,-0.00673955690227301,0.0,0.0,mark,2.0899,0.0,1.1251813756532731
2025-04-01,XRP,1,0.0,0.0,0.0,mark,2.0899,0.0,1.1251813756532731
2025-04-01,XRP,1,-8.998746314701464e-05,8.998341439670911e-05,0.0,funding,2.0899,0.0,1.1250801279912763
2025-04-01,XRP,1,0.014314155148534314,0.0,0.0,mark,2.1999,0.0,1.1413005130969398
2025-04-01,XRP,1,-0.01758299764867588,0.0,0.0,mark,2.065,0.0,1.1214084226355396
2025-04-01,XRP,1,0.009644422049858842,0.0,0.0,mark,2.1387,0.0,1.1322760806563343
2025-04-02,XRP,1,0.0,0.0,0.0,mark,2.1387,0.0,1.1322760806563343
2025-04-02,XRP,1,-9.151175941111109e-05,9.150757233782725e-05,0.0,funding,2.1387,0.0,1.1321724688209773
2025-04-02,XRP,1,0.01220714586909349,0.0,0.0,mark,2.233,0.0,1.1460777625979235
2025-04-02,XRP,1,-0.032548267977680324,0.0,0.0,mark,1.9841,0.0,1.1093754548451993
2025-04-02,XRP,1,0.0052498225718151294,0.0,0.0,mark,2.0237,0.0,1.1152147934832382
2025-04-03,XRP,1,0.0,0.0,0.0,mark,2.0237,0.0,1.1152147934832382
2025-04-03,XRP,1,-8.791565128872521e-05,8.791178682114694e-05,0.0,funding,2.0237,0.0,1.1151167529580537
2025-04-03,XRP,1,0.0076797659205453585,0.0,0.0,mark,2.082,0.0,1.1237135570640553
2025-04-03,XRP,1,-0.01613884604857179,0.0,0.0,mark,1.96,0.0,1.1057236754014104
2025-04-03,XRP,1,0.013879244434883857,0.0,0.0,mark,2.0648,0.0,1.1211772786657153
2025-04-04,XRP,1,0.0,0.0,0.0,mark,2.0648,0.0,1.1211772786657153
2025-04-04,XRP,1,-8.922418210357569e-05,8.922020174457305e-05,0.0,funding,2.0648,0.0,1.1210772470027213
2025-04-04,XRP,1,-0.006439472945951317,0.0,0.0,mark,2.016,0.0,1.1138812943376633
2025-04-04,XRP,1,0.019221310542012694,0.0,0.0,mark,2.1626,0.0,1.1354986439421202
2025-04-04,XRP,1,-0.004216403108047205,0.0,0.0,mark,2.1302,0.0,1.1307210032382702
2025-04-05,XRP,1,1.304097867609661e-05,0.0,0.0,mark,2.1303,0.0,1.1307357490429117
2025-04-05,XRP,1,-9.12764965049792e-05,9.127233093225587e-05,0.0,funding,2.1303,0.0,1.1306325441554281
2025-04-05,XRP,1,0.005994398376140253,0.0,0.0,mark,2.1764,0.0,1.1374303600951654
2025-04-05,XRP,1,-0.00813559087353776,0.0,0.0,mark,2.1139,0.0,1.1282142321942201
2025-04-05,XRP,1,0.003952400948033343,0.0,0.0,mark,2.1442,0.0,1.1326822110005983
2025-04-06,XRP,1,1.3018398731074222e-05,0.0,0.0,mark,2.1443,0.0,1.1326969568052399
2025-04-06,XRP,1,-9.171729236832386e-05,9.171308646609986e-05,0.0,funding,2.1443,0.0,1.1325930736713006
2025-04-06,XRP,1,0.0019380275105508173,0.0,0.0,mark,2.1592,0.0,1.1347901985628859
2025-04-06,XRP,1,-0.03931697040052512,0.0,0.0,mark,1.8625,0.0,1.0910393961915188
2025-04-06,XRP,1,0.007982669863270068,0.0,0.0,mark,1.9218,0.0,1.0997836583439355
2025-04-07,XRP,1,0.0,0.0,0.0,mark,1.9218,0.0,1.0997836583439355
2025-04-07,XRP,1,-0.0003736960862737955,0.0003736262705881589,0.25767329006079925,rotation,1.9218,-0.14745804641512325,1.0993727502772146
2025-04-07,TRX,2,-0.0007247373144570303,0.0007244747558020436,0.49963776262209897,entry,0.2301,2.38717140911,1.0985762824724221
2025-04-07,TRX,2,-0.0001642845411941039,0.00016427104722792606,0.0,funding,0.2301,0.0,1.0983958181960407
2025-04-07,TRX,2,0.004769921451407731,0.0,0.0,mark,0.2323,0.0,1.1036475952960827
2025-04-07,TRX,2,-0.024745369013430715,0.0,0.0,mark,0.221,0.0,1.0766725583731396
2025-04-07,TRX,2,0.016928153870487024,0.0,0.0,mark,0.2287,0.0,1.0950537782232865
2025-04-08,TRX,2,0.0,0.0,0.0,mark,0.2287,0.0,1.0950537782232865
2025-04-08,TRX,2,-0.00016381018955347447,0.0001637967733969402,0.0,funding,0.2287,0.0,1.0948744119477174
2025-04-08,TRX,2,0.017506418280846356,0.0,0.0,mark,0.2368,0.0,1.1142105003615084
2025-04-08,TRX,2,-0.017942576439817233,0.0,0.0,mark,0.2285,0.0,1.0943969776658953
2025-04-08,TRX,2,0.004570200249814679,0.0,0.0,mark,0.2306,0.0,1.0994100376250262
2025-04-09,TRX,2,0.0,0.0,0.0,mark,0.2306,0.0,1.0994100376250262
2025-04-09,TRX,2,-0.00016451668685585406,0.00016450315472786153,0.0,funding,0.2306,0.0,1.0992291812054975
2025-04-09,TRX,2,0.018290955636359747,0.0,0.0,mark,0.2391,0.0,1.1195201381829325
2025-04-09,TRX,2,-0.027453853049228438,0.0,0.0,mark,0.2264,0.0,1.0892030612872354
2025-04-09,TRX,2,0.026173643952695894,0.0,0.0,mark,0.2385,0.0,1.1180878353374664
2025-04-10,TRX,2,0.0,0.0,0.0,mark,0.2385,0.0,1.1180878353374664
2025-04-10,TRX,2,-0.0007386257571656569,0.0007383530403103764,0.5092089933175009,rotation,0.2385,-2.38717140911,1.1172622917849109
2025-04-28,TRX,3,-0.0019555865934635553,0.0019536756798566803,1.3473625378321934,entry,0.2454,6.134300557797596,1.1150795236174298
2025-04-28,TRX,3,-0.0004436302168499504,0.0004435318275154003,0.0,funding,0.2454,0.0,1.1145849503584948
2025-04-28,TRX,3,0.01637616625753365,0.0,0.0,mark,0.2484,0.0,1.1329878520318877
2025-04-28,TRX,3,-0.027444522226479473,0.0,0.0,mark,0.2434,0.0,1.1023163492428996
2025-04-28,TRX,3,0.026902948741468615,0.0,0.0,mark,0.2483,0.0,1.1323744219761076
2025-04-29,TRX,3,0.0,0.0,0.0,mark,0.2483,0.0,1.1323744219761076
2025-04-29,TRX,3,-0.0019522866587652133,0.0019503821867262708,1.345091163259497,rotation,0.2483,-6.134300557797596,1.130165859074781
2025-04-29,XRP,4,-0.0010668529033520144,0.0010662840181169155,0.7353682883564935,entry,2.295,0.3621299055977201,1.1289607812814282
2025-04-29,XRP,4,-0.00024188657845450106,0.00024185732625470725,0.0,funding,2.295,0.0,1.128687733845421
2025-04-29,XRP,4,0.006300687165573048,0.0,0.0,mark,2.3147,0.0,1.1358216929856964
2025-04-29,XRP,4,-0.03009932613347173,0.0,0.0,mark,2.2217,0.0,1.1021436117651082
2025-04-29,XRP,4,0.005341379386120321,0.0,0.0,mark,2.238,0.0,1.1080463292263512
2025-04-30,XRP,4,-3.268237200104381e-05,0.0,0.0,mark,2.2379,0.0,1.1080101162357914
2025-04-30,XRP,4,-0.00024032809786090375,0.00024029922137702402,0.0,funding,2.2379,0.0,1.1077438622675821
2025-04-30,XRP,4,0.006809134321204031,0.0,0.0,mark,2.2588,0.0,1.1153123772945746
2025-04-30,XRP,4,-0.04492461903354388,0.0,0.0,mark,2.1235,0.0,1.066316201067203
2025-04-30,XRP,4,0.022598365786276633,0.0,0.0,mark,2.1908,0.0,1.0906875437139294
2025-05-01,XRP,4,-3.3202535367083766e-05,0.0,0.0,mark,2.1907,0.0,1.0906513307233696
2025-05-01,XRP,4,-0.0010552576141116714,0.0010547010255943148,0.7273800176512515,rotation,2.1907,-0.3621299055977201,1.08950101964629
2025-05-03,XRP,5,-0.0018537225520485882,0.0018520054695606253,1.277245151421121,entry,2.2093,0.6298646154037891,1.0874832577988132
2025-05-03,XRP,5,-0.00042049578993873157,0.0004204073939745617,0.0,funding,2.2093,0.0,1.087026071796411
2025-05-03,XRP,5,0.006180849694353892,0.0,0.0,mark,2.22,0.0,1.0937656231812318
2025-05-03,XRP,5,-0.025664731477406964,0.0,0.0,mark,2.176,0.0,1.0660515801034651
2025-05-03,XRP,5,0.00659559550108956,0.0,0.0,mark,2.1872,0.0,1.0731060637959873
2025-05-04,XRP,5,0.0,0.0,0.0,mark,2.1872,0.0,1.0731060637959873
2025-05-04,XRP,5,-0.00042186712666459014,0.00042177815324032325,0.0,funding,2.1872,0.0,1.0726534511021684
2025-05-04,XRP,5,0.01838553930092282,0.0,0.0,mark,2.2188,0.0,1.092557172948928
2025-05-04,XRP,5,-0.03987144167458103,0.0,0.0,mark,2.151,0.0,1.049852352024551
2025-05-04,XRP,5,0.002995286777845839,0.0,0.0,mark,2.156,0.0,1.0530016751015703
2025-05-05,XRP,5,5.98143187254707e-05,0.0,0.0,mark,2.1561,0.0,1.0530646615631105
2025-05-05,XRP,5,-0.00187169656912557,0.001869946037427205,1.2896179568463482,rotation,2.1561,-0.6298646154037891,1.051095487472066
2025-05-05,BTC,6,-0.0019555865934636663,0.001953675679856681,1.3473625378321936,entry,94277.61,1.5021665096350336e-05,1.0490419877809847
2025-05-05,BTC,6,-0.0004436302168500615,0.00044353182751540043,0.0,funding,94277.61,0.0,1.0485767042710037
2025-05-05,BTC,6,0.013113262181365189,0.0,0.0,mark,95199.0,0.0,1.0624175162741298
2025-05-05,BTC,6,-0.02411138647276854,0.0,0.0,mark,93514.1,0.0,1.0371075127532892
2025-05-05,BTC,6,0.017510425511262733,0.0,0.0,mark,94733.68,0.0,1.055427635071496
2025-05-06,BTC,6,0.0,0.0,0.0,mark,94733.68,0.0,1.055427635071496
2025-05-06,BTC,6,-0.0019569823473974722,0.0019550687059679012,1.3483232454951042,rotation,94733.68,-1.5021665096350336e-05,1.053364201530754
2025-05-06,XRP,7,-0.0019555865934635553,0.0019536756798566807,1.3473625378321934,entry,2.1306,0.6661332318764944,1.0513062695081918
2025-05-06,XRP,7,-0.0004436302168499504,0.0004435318275154003,0.0,funding,2.1306,0.0,1.0508399817171985
2025-05-06,XRP,7,0.018154081559435944,0.0,0.0,mark,2.1595,0.0,1.0700912321184293
2025-05-06,XRP,7,-0.052262827461974984,0.0,0.0,mark,2.0777,0.0,1.015601533750932
2025-05-06,XRP,7,0.04945764054655258,0.0,0.0,mark,2.155,0.0,1.067093632574985
2025-05-07,XRP,7,0.0,0.0,0.0,mark,2.155,0.0,1.067093632574985
2025-05-07,XRP,7,-0.00044207184773236357,0.0004419741483703365,0.0,funding,2.155,0.0,1.0666220047754962
2025-05-07,XRP,7,0.010313762327055349,0.0,0.0,mark,2.1716,0.0,1.0776798164246462
2025-05-07,XRP,7,-0.042747372678784826,0.0,0.0,mark,2.1039,0.0,1.0325825966266073
2025-05-07,XRP,7,0.014474310689618838,0.0,0.0,mark,2.1265,0.0,1.0476372076670162
2025-05-08,XRP,7,-6.358636422242105e-05,0.0,0.0,mark,2.1264,0.0,1.0475705943438285
2025-05-08,XRP,7,-0.00044433473895957886,0.00044423603689894953,0.0,funding,2.1264,0.0,1.0471052257346254
2025-05-08,XRP,7,0.1216268765902946,0.0,0.0,mark,2.3297,0.0,1.1825301117751168
2025-05-08,XRP,7,-0.12724087051450617,0.0,0.0,mark,2.1176,0.0,1.0412432532941123
2025-05-08,XRP,7,0.1258315983171047,0.0,0.0,mark,2.3272,0.0,1.1808647786954256
2025-05-09,XRP,7,0.0,0.0,0.0,mark,2.3272,0.0,1.1808647786954256
2025-05-09,XRP,7,-0.001905356819424316,0.0019035427794337563,1.312788123747418,rotation,2.3272,-0.6661332318764944,1.1786169520724523
2025-05-09,BTC,8,-0.0019555865934636663,0.001953675679856681,1.3473625378321936,entry,103261.61,1.537865163710293e-05,1.1763143167973216
2025-05-09,BTC,8,-0.0004436302168500615,0.0004435318275154005,0.0,funding,103261.61,0.0,1.1757925839586598
2025-05-09,BTC,8,0.014280818110179385,0.0,0.0,mark,104361.3,0.0,1.1927043333774656
2025-05-09,BTC,8,-0.02673733109401134,0.0,0.0,mark,102315.14,0.0,1.161237151543691
2025-05-09,BTC,8,0.008661266746238384,0.0,0.0,mark,102971.99,0.0,1.1713386188715222
2025-05-10,BTC,8,0.0,0.0,0.0,mark,102971.99,0.0,1.1713386188715222
2025-05-10,BTC,8,-0.0004442652984065666,0.0004441666271914747,0.0,funding,102971.99,0.0,1.170818349347879
2025-05-10,BTC,8,0.026091786317794137,0.0,0.0,mark,104984.57,0.0,1.2017691160596797
2025-05-10,BTC,8,-0.028106484308501472,0.0,0.0,mark,102818.76,0.0,1.1684618785575256
2025-05-10,BTC,8,0.025864041507206465,0.0,0.0,mark,104809.53,0.0,1.199077236877121
2025-05-11,BTC,8,0.0,0.0,0.0,mark,104809.53,0.0,1.199077236877121
2025-05-11,BTC,8,-0.00044173195059290935,0.0004416344013987828,0.0,funding,104809.53,0.0,1.1985476831193818
2025-05-11,BTC,8,0.0020824943730802393,0.0,0.0,mark,104972.0,0.0,1.2010462526508618
2025-05-11,BTC,8,-0.021052003245271064,0.0,0.0,mark,103345.06,0.0,1.1760261091563935
2025-05-11,BTC,8,0.010056837520376756,0.0,0.0,mark,104118.0,0.0,1.187912884152776
2025-05-12,BTC,8,0.0,0.0,0.0,mark,104118.0,0.0,1.187912884152776
2025-05-12,BTC,8,-0.0004429418193628684,0.0004428437351175933,0.0,funding,104118.0,0.0,1.1873868243741634
2025-05-12,BTC,8,0.02179733486154276,0.0,0.0,mark,105819.45,0.0,1.2135528312021122
2025-05-12,BTC,8,-0.06682703665190305,0.0,0.0,mark,100718.37,0.0,1.1351050989091191
2025-05-12,BTC,8,0.027697633533862665,0.0,0.0,mark,102791.32,0.0,1.166984274820252
2025-05-13,BTC,8,0.0,0.0,0.0,mark,102791.32,0.0,1.166984274820252
2025-05-13,BTC,8,-0.0004451407747749942,0.0004450417143194515,0.0,funding,102791.32,0.0,1.166464918138002
2025-05-13,BTC,8,0.02839898059209676,0.0,0.0,mark,104976.25,0.0,1.2000661954594571
2025-05-13,BTC,8,-0.046513637345930406,0.0,0.0,mark,101429.7,0.0,1.1455250384958897
2025-05-13,BTC,8,0.035269327406718634,0.0,0.0,mark,104103.72,0.0,1.1866478605465358
2025-05-14,BTC,8,0.0,0.0,0.0,mark,104103.72,0.0,1.1866478605465358
2025-05-14,BTC,8,-0.0019581943660811336,0.0019562783543386297,1.3491574857507789,rotation,104103.72,-1.537865163710293e-05,1.1843264470227264
2025-05-14,XRP,9,-0.0013567835677915135,0.00135586355310071,0.9350783124832481,entry,2.5828,0.4287741890627582,1.182720661958235
2025-05-14,XRP,9,-0.0003076770188694643,0.00030762969114957146,0.0,funding,2.5828,0.0,1.1823568219662808
2025-05-14,XRP,9,-0.023260036567839773,0.0,0.0,mark,2.5194,0.0,1.1551725383797018
2025-05-14,XRP,9,0.04790375319269958,0.0,0.0,mark,2.6516,0.0,1.2118564861737984
2025-05-14,XRP,9,-0.03649963965355621,0.0,0.0,mark,2.5503,0.0,1.1684216608217408
2025-05-15,XRP,9,3.669619763939357e-05,0.0,0.0,mark,2.5504,0.0,1.1684645382406469
2025-05-15,XRP,9,-0.00030752412762320665,0.0003074768469254483,0.0,funding,2.5504,0.0,1.1681052624486845
2025-05-15,XRP,9,0.007860985661062041,0.0,0.0,mark,2.5719,0.0,1.1773239075135338
2025-05-15,XRP,9,-0.08327742125265479,0.0,0.0,mark,2.3525,0.0,1.0832508504331646
2025-05-15,XRP,9,0.01301661326330277,0.0,0.0,mark,2.3856,0.0,1.097443276091142
2025-05-16,XRP,9,0.0,0.0,0.0,mark,2.3856,0.0,1.097443276091142
2025-05-16,XRP,9,-0.0013524020421141498,0.0013514879585882042,0.9320606610953133,rotation,2.3856,-0.4287741890627582,1.095960094718271
2025-05-16,TRX,10,-0.0019555865934636663,0.0019536756798566807,1.3473625378321934,entry,0.2732,5.405035046055713,1.0938189441351265
2025-05-16,TRX,10,-0.0004436302168500615,0.0004435318275154004,0.0,funding,0.2732,0.0,1.0933338006198632
2025-05-16,TRX,10,-0.012936751593049793,0.0,0.0,mark,0.2706,0.0,1.0792807095001185
2025-05-16,TRX,10,0.037354338574209556,0.0,0.0,mark,0.2782,0.0,1.1203589758501418
2025-05-16,TRX,10,-0.0318606593017124,0.0,0.0,mark,0.2717,0.0,1.0852262480507795
2025-05-17,TRX,10,-0.0004981801267776917,0.0,0.0,mark,0.2716,0.0,1.084685744546174
2025-05-17,TRX,10,-0.0004447458871452371,0.0004446470023532845,0.0,funding,0.2716,0.0,1.0842034422813662
2025-05-17,TRX,10,0.003483606540796688,0.0,0.0,mark,0.2723,0.0,1.087986966813605
2025-05-17,TRX,10,-0.02668283131248916,0.0,0.0,mark,0.267,0.0,1.05934028106951
2025-05-17,TRX,10,0.013178668128189016,0.0,0.0,mark,0.2696,0.0,1.0733933721892548
2025-05-18,TRX,10,-0.0005036733490673694,0.0,0.0,mark,0.2695,0.0,1.0728528686846492
2025-05-18,TRX,10,-1.504971881686647e-05,1.504960557037507e-05,0.0103790383243966,resize,0.2695,-0.041317925938837874,1.0728367226721405
2025-05-18,TRX,10,-0.00044276998037157556,0.00044267197220931994,0.0,funding,0.2695,0.0,1.0723618079242565
2025-05-18,TRX,10,0.025189147402926326,0.0,0.0,mark,0.2746,0.0,1.0997167652368525
2025-05-18,TRX,10,-0.05462858645788182,0.0,0.0,mark,0.2637,0.0,1.0412522486275784
2025-05-18,TRX,10,0.021404397474056872,0.0,0.0,mark,0.2679,0.0,1.0637798605320694
2025-05-19,TRX,10,0.0005040859998663953,0.0,0.0,mark,0.268,0.0,1.0643162322440811
2025-05-19,TRX,10,-0.00044383072937235996,0.00044373225108389127,0.0,funding,0.268,0.0,1.0638439608064822
2025-05-19,TRX,10,0.0005040556345968924,0.0,0.0,mark,0.2681,0.0,1.064380332518494
2025-05-19,TRX,10,-0.0390512456303819,0.0,0.0,mark,0.2605,0.0,1.0236160824056058
2025-05-19,TRX,10,0.03197124076208221,0.0,0.0,mark,0.2667,0.0,1.0568711285503303
2025-05-20,TRX,10,0.0,0.0,0.0,mark,0.2667,0.0,1.0568711285503303
2025-05-20,TRX,10,-0.0004447894212709588,0.00044469051712077765,0.0,funding,0.2667,0.0,1.0564011479816453
2025-05-20,TRX,10,0.04371125938684742,0.0,0.0,mark,0.2755,0.0,1.103601858638674
2025-05-20,TRX,10,-0.046762318428239046,0.0,0.0,mark,0.2661,0.0,1.0531829177095753
2025-05-20,TRX,10,0.015163049016543853,0.0,0.0,mark,0.2691,0.0,1.0692740690699258
2025-05-21,TRX,10,0.0,0.0,0.0,mark,0.2691,0.0,1.0692740690699258
2025-05-21,TRX,10,-0.000443586039421553,0.00044348766968009545,0.0,funding,0.2691,0.0,1.0687998592047847
2025-05-21,TRX,10,0.02576124387859428,0.0,0.0,mark,0.2743,0.0,1.0966911882293924
2025-05-21,TRX,10,-0.04246078859050329,0.0,0.0,mark,0.2658,0.0,1.0510995927083988
2025-05-21,TRX,10,0.012676705079768093,0.0,0.0,mark,0.2683,0.0,1.064508885508691
2025-05-22,TRX,10,0.0,0.0,0.0,mark,0.2683,0.0,1.064508885508691
2025-05-22,TRX,10,-0.00044424723357177557,0.00044414857038029405,0.0,funding,0.2683,0.0,1.0640360854090352
2025-05-22,TRX,10,0.0672516951054412,0.0,0.0,mark,0.2821,0.0,1.138055381666648
2025-05-22,TRX,10,-0.07230535994230115,0.0,0.0,mark,0.2673,0.0,1.058672368288918
2025-05-22,TRX,10,0.042648986442003316,0.0,0.0,mark,0.2759,0.0,1.1048003355219231
2025-05-23,TRX,10,-0.00048560987809584193,0.0,0.0,mark,0.2758,0.0,1.1042639638099114
2025-05-23,TRX,10,-0.0004402241248373255,0.0004401272404147817,0.0,funding,0.2758,0.0,1.1037779471588303
2025-05-23,TRX,10,0.001941880057219304,0.0,0.0,mark,0.2762,0.0,1.105923434006877
2025-05-23,TRX,10,-0.06099267934201078,0.0,0.0,mark,0.264,0.0,1.0404860851414512
2025-05-23,TRX,10,0.024442876399847942,0.0,0.0,mark,0.2688,0.0,1.066231927318012
2025-05-24,TRX,10,-0.0005031800824604622,0.0,0.0,mark,0.2687,0.0,1.0656955556060004
2025-05-24,TRX,10,-0.00044441417050332415,0.00044431543315317173,0.0,funding,0.2687,0.0,1.0652220506236019
2025-05-24,TRX,10,0.02584666067130196,0.0,0.0,mark,0.2739,0.0,1.0931133796482095
2025-05-24,TRX,10,-0.026350317910451164,0.0,0.0,mark,0.2686,0.0,1.0646856789115902
2025-05-24,TRX,10,0.008527863812404866,0.0,0.0,mark,0.2703,0.0,1.0738039980157887
2025-05-25,TRX,10,0.0,0.0,0.0,mark,0.2703,0.0,1.0738039980157887
2025-05-25,TRX,10,-0.00044368450011858746,0.00044358608670613787,0.0,funding,0.2703,0.0,1.0733276735024195
2025-05-25,TRX,10,-0.00802778191106767,0.0,0.0,mark,0.2687,0.0,1.0647457261102327
2025-05-25,TRX,10,0.025367058180279622,0.0,0.0,mark,0.2738,0.0,1.0921006834228286
2025-05-25,TRX,10,-0.00739433488287526,0.0,0.0,mark,0.2723,0.0,1.0840551077426532
2025-05-26,TRX,10,0.0,0.0,0.0,mark,0.2723,0.0,1.0840551077426532
2025-05-26,TRX,10,-0.00044274055422371733,0.00044264255908710277,0.0,funding,0.2723,0.0,1.0835752588155705
2025-05-26,TRX,10,0.012787931749086462,0.0,0.0,mark,0.2749,0.0,1.0975209233278742
2025-05-26,TRX,10,-0.02273729912047691,0.0,0.0,mark,0.2703,0.0,1.0728478245753366
2025-05-26,TRX,10,0.017838197489298612,0.0,0.0,mark,0.2739,0.0,1.0921572062077574
2025-05-27,TRX,10,0.0,0.0,0.0,mark,0.2739,0.0,1.0921572062077574
2025-05-27,TRX,10,-0.0004420381444205489,0.00044194045995387185,0.0,funding,0.2739,0.0,1.091674537749704
2025-05-27,TRX,10,0.02474899684824803,0.0,0.0,mark,0.279,0.0,1.1190294950623003
2025-05-27,TRX,10,-0.03412810059884042,0.0,0.0,mark,0.272,0.0,1.0814834752214821
2025-05-27,TRX,10,0.028841646691529357,0.0,0.0,mark,0.2779,0.0,1.1131294062301715
2025-05-28,TRX,10,0.0,0.0,0.0,mark,0.2779,0.0,1.1131294062301715
2025-05-28,TRX,10,-0.00044004321422582375,0.0004399464094105304,0.0,funding,0.2779,0.0,1.1126396889446912
2025-05-28,TRX,10,0.008639852968534263,0.0,0.0,mark,0.2797,0.0,1.1222943797609017
2025-05-28,TRX,10,-0.03205119693748528,0.0,0.0,mark,0.2731,0.0,1.0868938467681304
2025-05-28,TRX,10,0.0034484801628150794,0.0,0.0,mark,0.2738,0.0,1.0906484487522121
2025-05-29,TRX,10,-0.0004919125382945697,0.0,0.0,mark,0.2737,0.0,1.0901120770402004
2025-05-29,TRX,10,-0.0004425441730128315,0.00044244626478371095,0.0,funding,0.2737,0.0,1.0896297610235184
2025-05-29,TRX,10,-0.00592453153213843,0.0,0.0,mark,0.2725,0.0,1.0831933004793783
2025-05-29,TRX,10,0.027834065568567237,0.0,0.0,mark,0.2782,0.0,1.1137664880640443
2025-05-29,TRX,10,-0.016999096573692748,0.0,0.0,mark,0.2747,0.0,1.0949934781436352
2025-05-30,TRX,10,-0.0004899601082761292,0.0,0.0,mark,0.2746,0.0,1.0944571064316235
2025-05-30,TRX,10,-0.00044223661894848604,0.00044213884674823686,0.0,funding,0.2746,0.0,1.0939732044287704
2025-05-30,TRX,10,0.008300503249802763,0.0,0.0,mark,0.2763,0.0,1.103091523532969
2025-05-30,TRX,10,-0.04780405279553352,0.0,0.0,mark,0.2667,0.0,1.0515998391798471
2025-05-30,TRX,10,0.001528989668316908,0.0,0.0,mark,0.267,0.0,1.0532089543158822
2025-05-31,TRX,10,0.0,0.0,0.0,mark,0.267,0.0,1.0532089543158822
2025-05-31,TRX,10,-1.7977945708246706e-05,1.797778410583514e-05,0.012398471797127681,resize,0.267,-0.04890704687853109,1.0531900199526831
2025-05-31,TRX,10,-0.00044277127719141956,0.0004426732684551909,0.0,funding,0.267,0.0,1.0527238008842463
2025-05-31,TRX,10,0.012542580087603328,0.0,0.0,mark,0.2695,0.0,1.0660108260673422
2025-05-31,TRX,10,-0.031913779702863965,0.0,0.0,mark,0.2632,0.0,1.0325275226059405
2025-05-31,TRX,10,0.012786351580319183,0.0,0.0,mark,0.2657,0.0,1.0458145477890364
2025-06-01,TRX,10,-0.0005083273158219625,0.0,0.0,mark,0.2656,0.0,1.0452830667817126
2025-06-01,TRX,10,-0.00044378159726491154,0.00044368314077679105,0.0,funding,0.2656,0.0,1.044819292307642
2025-06-01,TRX,10,0.029076714528746633,0.0,0.0,mark,0.2714,0.0,1.0756451907324243
2025-06-01,TRX,10,-0.03264384478811942,0.0,0.0,mark,0.2649,0.0,1.0410989252563754
2025-06-01,TRX,10,0.029674815258295892,0.0,0.0,mark,0.2708,0.0,1.0724563046884814
2025-06-02,TRX,10,0.0,0.0,0.0,mark,0.2708,0.0,1.0724563046884814
2025-06-02,TRX,10,-0.00044100507143457853,0.00044090784299129156,0.0,funding,0.2708,0.0,1.0719834502924788
2025-06-02,TRX,10,0.004945671737758647,0.0,0.0,mark,0.2718,0.0,1.077298260365717
2025-06-02,TRX,10,-0.02953945124566439,0.0,0.0,mark,0.2659,0.0,1.045940880933611
2025-06-02,TRX,10,0.01462844658950691,0.0,0.0,mark,0.2688,0.0,1.061353830146002
2025-06-03,TRX,10,0.0,0.0,0.0,mark,0.2688,0.0,1.061353830146002
2025-06-03,TRX,10,-0.00044232744870648273,0.00044222963634271684,0.0,funding,0.2688,0.0,1.0608844680276655
2025-06-03,TRX,10,-0.002508038289349956,0.0,0.0,mark,0.2683,0.0,1.0582270629910462
2025-06-03,TRX,10,0.018905179580829577,0.0,0.0,mark,0.2721,0.0,1.078423341269352
2025-06-03,TRX,10,-0.009407914728832971,0.0,0.0,mark,0.2702,0.0,1.068325202130199
2025-06-04,TRX,10,0.0004973662016729749,0.0,0.0,mark,0.2703,0.0,1.0688566831375228
2025-06-04,TRX,10,-0.00044167339972237576,0.00044157587638466827,0.0,funding,0.2703,0.0,1.0683847018109367
2025-06-04,TRX,10,0.022138914806002795,0.0,0.0,mark,0.2748,0.0,1.0923013471405092
2025-06-04,TRX,10,-0.03414985104761692,0.0,0.0,mark,0.2679,0.0,1.0556291576351648
2025-06-04,TRX,10,0.03220167480064328,0.0,0.0,mark,0.2744,0.0,1.0901754231112137
2025-06-05,TRX,10,0.0,0.0,0.0,mark,0.2744,0.0,1.0901754231112137
2025-06-05,TRX,10,-0.0004396043145652164,0.000439507702746,0.0,funding,0.2744,0.0,1.089696282615412
2025-06-05,TRX,10,-0.04132404966692739,0.0,0.0,mark,0.2661,0.0,1.0455833590075339
2025-06-05,TRX,10,0.09265876503256847,0.0,0.0,mark,0.2852,0.0,1.1470962314063862
2025-06-05,TRX,10,-0.014937484606774484,0.0,0.0,mark,0.282,0.0,1.1300888391720232
2025-06-06,TRX,10,0.0,0.0,0.0,mark,0.282,0.0,1.1300888391720232
2025-06-06,TRX,10,-3.0618629921242206e-05,3.061816117575483e-05,0.0211159732246585,resize,0.282,0.08462030379234697,1.1300542379298024
2025-06-06,TRX,10,-0.0004427768753980478,0.00044267886418355393,0.0,funding,0.282,0.0,1.1295539868032898
2025-06-06,TRX,10,0.0028639811097509547,0.0,0.0,mark,0.2826,0.0,1.1327936450295084
2025-06-06,TRX,10,-0.03344165471218431,0.0,0.0,mark,0.2757,0.0,1.0955375754279966
2025-06-06,TRX,10,0.01078448529644755,0.0,0.0,mark,0.2779,0.0,1.107416322257464
2025-06-07,TRX,10,0.0004874512318408694,0.0,0.0,mark,0.278,0.0,1.1079562652951673
2025-06-07,TRX,10,-0.00044520272731519815,0.00044510363928619844,0.0,funding,0.278,0.0,1.1074631099293144
2025-06-07,TRX,10,0.04294401451235915,0.0,0.0,mark,0.287,0.0,1.1560579833225904
2025-06-07,TRX,10,-0.04636269775414651,0.0,0.0,mark,0.2773,0.0,1.1036835086653927
2025-06-07,TRX,10,0.04589553332432996,0.0,0.0,mark,0.2869,0.0,1.1555180402848872
2025-06-08,TRX,10,0.0,0.0,0.0,mark,0.2869,0.0,1.1555180402848872
2025-06-08,TRX,10,-0.0004405431413220626,0.0004404461164408097,0.0,funding,0.2869,0.0,1.1550090968515665
2025-06-08,TRX,10,0.0037328599421673075,0.0,0.0,mark,0.2877,0.0,1.1593286411531911
2025-06-08,TRX,10,-0.029780545216563238,0.0,0.0,mark,0.2814,0.0,1.1253122297778977
2025-06-08,TRX,10,0.001438413586437949,0.0,0.0,mark,0.2817,0.0,1.126932058891007
2025-06-09,TRX,10,0.0004790117773573535,0.0,0.0,mark,0.2818,0.0,1.12747200192871
2025-06-09,TRX,10,-0.00044347637185186776,0.00044337805074045396,0.0,funding,0.2818,0.0,1.1269721055902304
2025-06-09,TRX,10,-0.004321308886115184,0.0,0.0,mark,0.2809,0.0,1.1221126182509027
2025-06-09,TRX,10,0.04377776124879129,0.0,0.0,mark,0.2902,0.0,1.1723273207572882
2025-06-09,TRX,10,-0.014848044487510651,0.0,0.0,mark,0.287,0.0,1.1550491435507897
2025-06-10,TRX,10,-0.0004675725546643477,0.0,0.0,mark,0.2869,0.0,1.1545092005130866
2025-06-10,TRX,10,-0.0004409281841081316,0.0004408309895621353,0.0,funding,0.2869,0.0,1.1540002570797658
2025-06-10,TRX,10,0.0353935788522229,0.0,0.0,mark,0.2946,0.0,1.195575870982902
2025-06-10,TRX,10,-0.04149469875437617,0.0,0.0,mark,0.2856,0.0,1.1469809975896261
2025-06-10,TRX,10,0.03287693897759118,0.0,0.0,mark,0.2927,0.0,1.185316953266544
2025-06-11,TRX,10,-0.0004556300765795158,0.0,0.0,mark,0.2926,0.0,1.1847770102288409
2025-06-11,TRX,10,-0.0004381994424828372,0.0004381034471294017,0.0,funding,0.2926,0.0,1.18425795533658
2025-06-11,TRX,10,0.000911451777258269,0.0,0.0,mark,0.2928,0.0,1.185337841411986
2025-06-11,TRX,10,-0.07518421719675347,0.0,0.0,mark,0.2769,0.0,1.0994868984171977
2025-06-11,TRX,10,0.012687419039820742,0.0,0.0,mark,0.2795,0.0,1.1135254173974778
2025-06-12,TRX,10,0.0004847775934883687,0.0,0.0,mark,0.2796,0.0,1.114065360435181
2025-06-12,TRX,10,-0.0004453097020412605,0.0004452105663917041,0.0,funding,0.2796,0.0,1.1135693667650641
2025-06-12,TRX,10,0.0,0.0,0.0,mark,0.2796,0.0,1.1135693667650641
2025-06-12,TRX,10,-0.04512678241668142,0.0,0.0,mark,0.2705,0.0,1.0644345503340849
2025-06-12,TRX,10,0.006572707535349675,0.0,0.0,mark,0.2718,0.0,1.0714538098242246
2025-06-13,TRX,10,0.0005038080319979124,0.0,0.0,mark,0.2719,0.0,1.0719937528619277
2025-06-13,TRX,10,-3.211292231412848e-05,3.2112406699843765e-05,0.0221464873792026,resize,0.2719,-0.08731480734954289,1.0719593285625562
2025-06-13,TRX,10,-0.0004427775371832007,0.0004426795256757073,0.0,funding,0.2719,0.0,1.0714847941154444
2025-06-13,TRX,10,0.010847919614454466,0.0,0.0,mark,0.2741,0.0,1.0831714483687431
2025-06-13,TRX,10,-0.035948901763989426,0.0,0.0,mark,0.2669,0.0,1.044924216267039
2025-06-13,TRX,10,0.014134093428360596,0.0,0.0,mark,0.2697,0.0,1.0597981398621459
2025-06-14,TRX,10,0.0005011128531361804,0.0,0.0,mark,0.2698,0.0,1.0603293514191139
2025-06-14,TRX,10,-0.0004441770817870062,0.0004440784497510038,0.0,funding,0.2698,0.0,1.0598584820045103
2025-06-14,TRX,10,0.011461888420923608,0.0,0.0,mark,0.2721,0.0,1.072076347814777
2025-06-14,TRX,10,-0.017494567214204938,0.0,0.0,mark,0.2686,0.0,1.053483943320893
2025-06-14,TRX,10,0.012527271809576563,0.0,0.0,mark,0.2711,0.0,1.0667642322450959
2025-06-15,TRX,10,0.0,0.0,0.0,mark,0.2711,0.0,1.0667642322450959
2025-06-15,TRX,10,-0.0004436249226069879,0.00044352653562048923,0.0,funding,0.2711,0.0,1.0662910940008443
2025-06-15,TRX,10,0.01532573232956594,0.0,0.0,mark,0.2742,0.0,1.0827586522668557
2025-06-15,TRX,10,-0.0198194903642985,0.0,0.0,mark,0.2702,0.0,1.0615101899881312
2025-06-15,TRX,10,0.018346578004947586,0.0,0.0,mark,0.2739,0.0,1.0811650175959513
2025-06-16,TRX,10,0.0,0.0,0.0,mark,0.2739,0.0,1.0811650175959513
2025-06-16,TRX,10,-0.0004422365266347035,0.00044213875447538463,0.0,funding,0.2739,0.0,1.080686992641689
2025-06-16,TRX,10,0.10001878002912522,0.0,0.0,mark,0.2953,0.0,1.1943662658328658
2025-06-16,TRX,10,-0.12339267777098002,0.0,0.0,mark,0.2692,0.0,1.0557200494641878
2025-06-16,TRX,10,0.024356514567297406,0.0,0.0,mark,0.2741,0.0,1.0817494157556256
2025-06-17,TRX,10,-0.0004911877207477188,0.0,0.0,mark,0.274,0.0,1.0812182041986576
2025-06-17,TRX,10,-0.00044237625449527123,0.0004422784205471024,0.0,funding,0.274,0.0,1.0807400047190379
2025-06-17,TRX,10,0.027631673290159905,0.0,0.0,mark,0.2797,0.0,1.1110190634662203
2025-06-17,TRX,10,-0.04148997895738144,0.0,0.0,mark,0.2712,0.0,1.0658660811239304
2025-06-17,TRX,10,0.0014940380598614136,0.0,0.0,mark,0.2715,0.0,1.067459715794835
2025-06-18,TRX,10,-0.0004977647111718827,0.0,0.0,mark,0.2714,0.0,1.0669285042378664
2025-06-18,TRX,10,-0.00044404755371282666,0.0004439489791890443,0.0,funding,0.2714,0.0,1.0664548424175424
2025-06-18,TRX,10,-0.019109601477662778,0.0,0.0,mark,0.2676,0.0,1.0462688032527543
2025-06-18,TRX,10,0.03639321687913251,0.0,0.0,mark,0.2749,0.0,1.0850472469114265
2025-06-18,TRX,10,-0.009345450140530578,0.0,0.0,mark,0.273,0.0,1.0749542273290325
2025-06-19,TRX,10,-0.0004942934698775787,0.0,0.0,mark,0.2729,0.0,1.074423015772064
2025-06-19,TRX,10,-0.00044338709207859063,0.0004432888105479845,0.0,funding,0.2729,0.0,1.073946736071377
2025-06-19,TRX,10,-0.003468452567340413,0.0,0.0,mark,0.2722,0.0,1.0702282551726003
2025-06-19,TRX,10,0.020146189977956207,0.0,0.0,mark,0.2763,0.0,1.092007929008293
2025-06-19,TRX,10,-0.007323560990659522,0.0,0.0,mark,0.2748,0.0,1.084039755653771
2025-06-20,TRX,10,0.0,0.0,0.0,mark,0.2748,0.0,1.084039755653771
2025-06-20,TRX,10,-0.0005047987494135862,0.0005046713599612136,0.3480492137663541,resize,0.2748,-1.3729955773171967,1.0834926718360334
2025-06-20,TRX,10,-0.0003282859274212299,0.0003282320474922841,0.0,funding,0.2748,0.0,1.0831370348179137
2025-06-20,TRX,10,0.003267747857505696,0.0,0.0,mark,0.2757,0.0,1.0866822428110412
2025-06-20,TRX,10,-0.020138401212627992,0.0,0.0,mark,0.2702,0.0,1.0650170828530394
2025-06-20,TRX,10,0.007370064016164111,0.0,0.0,mark,0.2722,0.0,1.0728953228377673
2025-06-21,TRX,10,0.0003670812020812193,0.0,0.0,mark,0.2723,0.0,1.0732892348370038
2025-06-21,TRX,10,-0.0003283918779082814,0.00032833796319743587,0.0,funding,0.2723,0.0,1.0729368332357156
2025-06-21,TRX,10,-0.012561130642075976,0.0,0.0,mark,0.2689,0.0,1.0595438252616782
2025-06-21,TRX,10,0.022424951084724237,0.0,0.0,mark,0.275,0.0,1.0835724572150984
2025-06-21,TRX,10,-0.014647993311471472,0.0,0.0,mark,0.271,0.0,1.0678159772456426
2025-06-22,TRX,10,-0.0003689630812737685,0.0,0.0,mark,0.2709,0.0,1.067422065246406
2025-06-22,TRX,10,-0.0003284992569207618,0.0003284453069475751,0.0,funding,0.2709,0.0,1.0670714754785435
2025-06-22,TRX,10,-0.045309431718316334,0.0,0.0,mark,0.2589,0.0,1.0198020355701762
2025-06-22,TRX,10,0.05595795410976105,0.0,0.0,mark,0.2738,0.0,1.078494923456399
2025-06-22,TRX,10,-0.03834585439309301,0.0,0.0,mark,0.2635,0.0,1.0379219875350503
2025-06-23,TRX,10,-0.00037959188802016,0.0,0.0,mark,0.2634,0.0,1.0375280755358138
2025-06-23,TRX,10,-0.00032860752100915083,0.00032855353547121667,0.0,funding,0.2634,0.0,1.037187192018446
2025-06-23,TRX,10,0.038006947754016036,0.0,0.0,mark,0.2736,0.0,1.0773662159405581
2025-06-23,TRX,10,-0.03838680861508413,0.0,0.0,mark,0.2633,0.0,1.0367932800192092
2025-06-23,TRX,10,0.03509075779873518,0.0,0.0,mark,0.2727,0.0,1.0738210079474304
2025-06-24,TRX,10,-0.00036689938432417043,0.0,0.0,mark,0.2726,0.0,1.073427095948194
2025-06-24,TRX,10,-0.0003287115062197062,0.00032865748651171,0.0,funding,0.2726,0.0,1.0730743060968861
2025-06-24,TRX,10,0.00767927303064776,0.0,0.0,mark,0.2747,0.0,1.0813464580808505
2025-06-24,TRX,10,-0.015787981542954292,0.0,0.0,mark,0.2704,0.0,1.0644082421136853
2025-06-24,TRX,10,0.012504082840079632,0.0,0.0,mark,0.2738,0.0,1.0778012500877228
2025-06-25,TRX,10,-0.00036554420373392283,0.0,0.0,mark,0.2737,0.0,1.0774073380884863
2025-06-25,TRX,10,-0.0003288186940823124,0.00032876463914029044,0.0,funding,0.2737,0.0,1.0770531246537725
2025-06-25,TRX,10,-0.012142555006191741,0.0,0.0,mark,0.2704,0.0,1.0640540286789713
2025-06-25,TRX,10,0.016885794453671676,0.0,0.0,mark,0.275,0.0,1.0821739806438455
2025-06-25,TRX,10,-0.006940038219929406,0.0,0.0,mark,0.2731,0.0,1.074689652658354
2025-06-26,TRX,10,0.0,0.0,0.0,mark,0.2731,0.0,1.074689652658354
2025-06-26,TRX,10,-0.00032892757882621956,0.00032887348808089615,0.0,funding,0.2731,0.0,1.0743362157236798
2025-06-26,TRX,10,0.005484773601344537,0.0,0.0,mark,0.2746,0.0,1.0802448957122257
2025-06-26,TRX,10,-0.015804208976123103,0.0,0.0,mark,0.2703,0.0,1.0633066797450605
2025-06-26,TRX,10,0.002589859510679276,0.0,0.0,mark,0.271,0.0,1.0660640637397154
2025-06-27,TRX,10,0.0,0.0,0.0,mark,0.271,0.0,1.0660640637397154
2025-06-27,TRX,10,-0.0003290392198878935,0.0003289850924206377,0.0,funding,0.271,0.0,1.0657133445551796
2025-06-27,TRX,10,-0.001479585430133244,0.0,0.0,mark,0.2706,0.0,1.064137696558234
2025-06-27,TRX,10,0.010677723700297745,0.0,0.0,mark,0.2735,0.0,1.0755611445360895
2025-06-27,TRX,10,-0.0010993198068016481,0.0,0.0,mark,0.2732,0.0,1.0743794085383802
2025-06-28,TRX,10,0.0,0.0,0.0,mark,0.2732,0.0,1.0743794085383802
2025-06-28,TRX,10,-0.0003291430743059067,0.0003290889126667672,0.0,funding,0.2732,0.0,1.0740258421870328
2025-06-28,TRX,10,0.012392803231049746,0.0,0.0,mark,0.2766,0.0,1.0874188501610702
2025-06-28,TRX,10,-0.013493695362829572,0.0,0.0,mark,0.2729,0.0,1.0728441061893235
2025-06-28,TRX,10,0.00658724639091854,0.0,0.0,mark,0.2747,0.0,1.0799345221755787
2025-06-29,TRX,10,0.0,0.0,0.0,mark,0.2747,0.0,1.0799345221755787
2025-06-29,TRX,10,-0.0003292478593979763,0.0003291936632696763,0.0,funding,0.2747,0.0,1.0795790145741324
2025-06-29,TRX,10,0.00799521527078443,0.0,0.0,mark,0.2769,0.0,1.088245078557333
2025-06-29,TRX,10,-0.009090441496935728,0.0,0.0,mark,0.2744,0.0,1.078397278576423
2025-06-29,TRX,10,0.00909044149693571,0.0,0.0,mark,0.2769,0.0,1.088245078557333
2025-06-30,TRX,10,0.0,0.0,0.0,mark,0.2769,0.0,1.088245078557333
2025-06-30,TRX,10,-0.00032935024533993143,0.00032929601550154484,0.0,funding,0.2769,0.0,1.0878867237890748
2025-06-30,TRX,10,0.01366558746789214,0.0,0.0,mark,0.2807,0.0,1.102855379760058
2025-06-30,TRX,10,-0.01729305044859457,0.0,0.0,mark,0.2759,0.0,1.0839476037967108
2025-06-30,TRX,10,0.014073300640619619,0.0,0.0,mark,0.2798,0.0,1.0993101717669302
2025-07-01,TRX,10,-0.00035839074428542045,0.0,0.0,mark,0.2797,0.0,1.0989162597676938
2025-07-01,TRX,10,-0.0003294500941998984,0.0003293958314766476,0.0,funding,0.2797,0.0,1.0985542813325844
2025-07-01,TRX,10,0.002149127488655045,0.0,0.0,mark,0.2803,0.0,1.1009177533280028
2025-07-01,TRX,10,-0.008985329805413236,0.0,0.0,mark,0.2778,0.0,1.091069953347093
2025-07-01,TRX,10,0.003603826035173753,0.0,0.0,mark,0.2788,0.0,1.0950090733394569
2025-07-02,TRX,10,0.0,0.0,0.0,mark,0.2788,0.0,1.0950090733394569
2025-07-02,TRX,10,-0.0003295617838272121,0.00032950748430756594,0.0,funding,0.2788,0.0,1.0946482596544067
2025-07-02,TRX,10,0.02276936438265091,0.0,0.0,mark,0.2852,0.0,1.119858627605536
2025-07-02,TRX,10,-0.02457024789492126,0.0,0.0,mark,0.2783,0.0,1.0926786996582247
2025-07-02,TRX,10,0.021752268781650746,0.0,0.0,mark,0.2844,0.0,1.1167073316116447
2025-07-03,TRX,10,0.000352681968982366,0.0,0.0,mark,0.2845,0.0,1.1171012436108811
2025-07-03,TRX,10,-0.00032964883679127764,0.00032959450858344814,0.0,funding,0.2845,0.0,1.1167330531754553
2025-07-03,TRX,10,0.01052648298041452,0.0,0.0,mark,0.2875,0.0,1.1285504131525472
2025-07-03,TRX,10,-0.020808507562828954,0.0,0.0,mark,0.2816,0.0,1.1053096051976001
2025-07-03,TRX,10,0.01906177066428822,0.0,0.0,mark,0.287,0.0,1.1265808531563652
2025-07-04,TRX,10,0.0,0.0,0.0,mark,0.287,0.0,1.1265808531563652
2025-07-04,TRX,10,-0.0014561392276062931,0.0014550795712793235,1.00350315260643,rotation,0.287,-3.9391199923639513,1.124941588371543
2025-07-04,BTC,11,-0.0019555865934635553,0.0019536756798566807,1.3473625378321934,entry,109584.77,1.3831339459135252e-05,1.1227438173490822
2025-07-04,BTC,11,-0.0004436302168499504,0.0004435318275154004,0.0,funding,109584.77,0.0,1.1222458447319419
2025-07-04,BTC,11,-0.029260910451866677,0.0,0.0,mark,107245.0,0.0,1.089883691605641
2025-07-04,BTC,11,0.03151157681923288,0.0,0.0,mark,109767.59,0.0,1.1247744902118608
2025-07-04,BTC,11,-0.02217386838684942,0.0,0.0,mark,107984.24,0.0,1.100108370987412
2025-07-05,BTC,11,1.2572705507921456e-07,0.0,0.0,mark,107984.25,0.0,1.1001085093008065
2025-07-05,BTC,11,-1.4922863167168496e-05,1.4922751821766952e-05,0.010291552980528933,resize,107984.25,-1.0484700322315482e-07,1.1000920926545452
2025-07-05,BTC,11,-0.0004427699241911814,0.00044267191605388287,0.0,funding,107984.25,0.0,1.0996051127800541
2025-07-05,BTC,11,0.005431727494484765,0.0,0.0,mark,108420.56,0.0,1.105594118703493
2025-07-05,BTC,11,-0.008281183616441902,0.0,0.0,mark,107756.31,0.0,1.0964762960896535
2025-07-05,BTC,11,0.005515661541506393,0.0,0.0,mark,108198.12,0.0,1.1025407977216
2025-07-06,BTC,11,0.0,0.0,0.0,mark,108198.12,0.0,1.1025407977216
2025-07-06,BTC,11,-0.0004426615111594924,0.0004425635510076434,0.0,funding,108198.12,0.0,1.1020528533510294
2025-07-06,BTC,11,0.018533678851229585,0.0,0.0,mark,109700.0,0.0,1.1226683978407148
2025-07-06,BTC,11,-0.023504626844276167,0.0,0.0,mark,107800.01,0.0,1.0965881994394062
2025-07-06,BTC,11,0.017419768574156676,0.0,0.0,mark,109203.84,0.0,1.1158578613437893
2025-07-07,BTC,11,1.2301290429070257e-07,0.0,0.0,mark,109203.85,0.0,1.115857998608714
2025-07-07,BTC,11,-0.0004414438500599998,0.0004413464280596072,0.0,funding,109203.85,0.0,1.1153655186668063
2025-07-07,BTC,11,-0.02102586047316827,0.0,0.0,mark,107513.2,0.0,1.0921588241962183
2025-07-07,BTC,11,0.027113274231456118,0.0,0.0,mark,109700.0,0.0,1.1221759178988069
2025-07-07,BTC,11,-0.01773449547845242,0.0,0.0,mark,108262.94,0.0,1.102450124650114
2025-07-08,BTC,11,0.0,0.0,0.0,mark,108262.94,0.0,1.102450124650114
2025-07-08,BTC,11,-0.0019564701063312724,0.001954557466237237,1.3479706663705084,rotation,108262.94,-1.3726492455912097e-05,1.100295322527825
2025-07-08,TRX,12,-0.0019555865934635553,0.0019536756798566807,1.3473625378321936,entry,0.2866,5.1727030639427145,1.0981457023155423
2025-07-08,TRX,12,-0.0004436302168500615,0.0004435318275154004,0.0,funding,0.2866,0.0,1.097658639745316
2025-07-08,TRX,12,0.007979309903594257,0.0,0.0,mark,0.2883,0.0,1.1064522349540187
2025-07-08,TRX,12,-0.011283504280135916,0.0,0.0,mark,0.2859,0.0,1.094037747600556
2025-07-08,TRX,12,0.0070670960976462315,0.0,0.0,mark,0.2874,0.0,1.1017968021964701
2025-07-09,TRX,12,0.0,0.0,0.0,mark,0.2874,0.0,1.1017968021964701
2025-07-09,TRX,12,-0.001958375618662065,0.0019564592523227,1.3492822429811722,rotation,0.2874,-5.1727030639427145,1.0996411816486333
2025-07-09,BTC,13,-0.0019555865934636663,0.001953675679856681,1.3473625378321936,entry,108922.99,1.3602411513041412e-05,1.0974928394154775
2025-07-09,BTC,13,-0.0004436302168500615,0.0004435318275154004,0.0,funding,108922.99,0.0,1.0970060664107264
2025-07-09,BTC,13,-0.007448321029800816,0.0,0.0,mark,108324.53,0.0,1.0888655672166316
2025-07-09,BTC,13,0.04488958596130762,0.0,0.0,mark,111999.79,0.0,1.138857966154052
2025-07-09,BTC,13,-0.00918872992477897,0.0,0.0,mark,111233.99,0.0,1.128441239417365
2025-07-10,BTC,13,1.2054159499024788e-07,0.0,0.0,mark,111234.0,0.0,1.1284413754414802
2025-07-10,BTC,13,-0.0004406169087717318,0.00044051985139712083,0.0,funding,111234.0,0.0,1.1279442746144603
2025-07-10,BTC,13,0.06573442528842321,0.0,0.0,mark,116868.0,0.0,1.2045802610789356
2025-07-10,BTC,13,-0.07462548575792942,0.0,0.0,mark,110500.0,0.0,1.1179601045638878
2025-07-10,BTC,13,0.0648895010769475,0.0,0.0,mark,116010.0,0.0,1.192909392000746
2025-07-11,BTC,13,1.1402719118295193e-07,0.0,0.0,mark,116010.01,0.0,1.1929095280248612
2025-07-11,BTC,13,-3.5573560501167614e-05,3.557292776952877e-05,0.02453305363415777,resize,116010.01,2.52268863968995e-07,1.192867092740385
2025-07-11,BTC,13,-0.00044277906981789644,0.00044268105763202925,0.0,funding,116010.01,0.0,1.1923390330741563
2025-07-11,BTC,13,0.032691882958870586,0.0,0.0,mark,118869.98,0.0,1.2319630033119948
2025-07-11,BTC,13,-0.04188795967848954,0.0,0.0,mark,115222.22,0.0,1.1814244544199515
2025-07-11,BTC,13,0.02667710155771323,0.0,0.0,mark,117527.66,0.0,1.2133655887483263
2025-07-12,BTC,13,0.0,0.0,0.0,mark,117527.66,0.0,1.2133655887483263
2025-07-12,BTC,13,-0.001947761651970703,0.0019458659952064558,1.341976548418245,rotation,117527.66,-1.3854680377010407e-05,1.2110045419094273
2025-07-12,ETH,14,-0.0012620202110896783,0.0012612241984796743,0.8698097920549478,entry,2958.21,0.00035607465621975324,1.2094771936767024
2025-07-12,ETH,14,-0.00028617094794610446,0.0002861300049460909,0.0,funding,2958.21,0.0,1.2091311259612936
2025-07-12,ETH,14,0.006332017435063439,0.0,0.0,mark,2979.78,0.0,1.2168116562959537
2025-07-12,ETH,14,-0.022469905388749014,0.0,0.0,mark,2903.85,0.0,1.1897749076491877
2025-07-12,ETH,14,0.0117314875677114,0.0,0.0,mark,2943.28,0.0,1.2038149313439326
2025-07-13,ETH,14,2.957880985887465e-06,0.0,0.0,mark,2943.29,0.0,1.2038184920904946
2025-07-13,ETH,14,-0.0002860660021518431,0.0002860250891743453,0.0,funding,2943.29,0.0,1.2034741697989446
2025-07-13,ETH,14,-0.0020139582117758236,0.0,0.0,mark,2936.49,0.0,1.2010528621366503
2025-07-13,ETH,14,0.024546271840743716,0.0,0.0,mark,3020.31,0.0,1.23089903982099
2025-07-13,ETH,14,-0.01406489406389522,0.0,0.0,mark,2972.03,0.0,1.2137077554187004
2025-07-14,ETH,14,0.0,0.0,0.0,mark,2972.03,0.0,1.2137077554187004
2025-07-14,ETH,14,-0.0012650940422856828,0.0012642941481671509,0.871926998735966,rotation,2972.03,-0.00035607465621975324,1.2121732718059395
2025-07-14,BTC,15,-0.0019555865934636663,0.0019536756798566807,1.3473625378321934,entry,119086.65,1.3714693089383269e-05,1.2098050783650398
2025-07-14,BTC,15,-0.0004436302168499504,0.00044353182751540043,0.0,funding,119086.65,0.0,1.2092684913076952
2025-07-14,BTC,15,0.045790369862672584,0.0,0.0,mark,123218.0,0.0,1.265928688602519
2025-07-14,BTC,15,-0.04785059884210674,0.0,0.0,mark,118905.18,0.0,1.2067796859527649
2025-07-14,BTC,15,0.01058118360253861,0.0,0.0,mark,119841.18,0.0,1.2196166386844276
2025-07-15,BTC,15,-1.1245085895216183e-07,0.0,0.0,mark,119841.17,0.0,1.2196165015374967
2025-07-15,BTC,15,-0.0004428493619520351,0.0004427513186467051,0.0,funding,119841.17,0.0,1.2190765147231977
2025-07-15,BTC,15,0.001120553673120962,0.0,0.0,mark,119940.83,0.0,1.2204433210364856
2025-07-15,BTC,15,-0.04839361328075827,0.0,0.0,mark,115736.92,0.0,1.1627879856110963
2025-07-15,BTC,15,0.02355930738459135,0.0,0.0,mark,117758.09,0.0,1.190507711842565
2025-07-16,BTC,15,-1.152003783220047e-07,0.0,0.0,mark,117758.08,0.0,1.1905075746956342
2025-07-16,BTC,15,-0.001968974700425326,0.0019670375413541655,1.3565776147270108,rotation,117758.08,-1.3714693089383269e-05,1.1881658016029413
2025-07-16,ETH,16,-0.001619485472018889,0.001618174813048455,1.1159826296885895,entry,3137.9,0.0004225668108540429,1.186243141629062
2025-07-16,ETH,16,-0.0003673089812161895,0.00036724153153086736,0.0,funding,3137.9,0.0,1.1858075038809621
2025-07-16,ETH,16,0.09740718658929558,0.0,0.0,mark,3425.0,0.0,1.3071264352771579
2025-07-16,ETH,16,-0.11064385505013488,0.0,0.0,mark,3101.0,0.0,1.170214788560448
2025-07-16,ETH,16,0.09314775706287005,0.0,0.0,mark,3371.35,0.0,1.2844557258748384
2025-07-17,ETH,16,0.0,0.0,0.0,mark,3371.35,0.0,1.2844557258748384
2025-07-17,ETH,16,-0.00036446031556441573,0.00036439390797162163,0.0,funding,3371.35,0.0,1.2839876780332704
2025-07-17,ETH,16,0.04884119611264385,0.0,0.0,mark,3523.44,0.0,1.3482558642960618
2025-07-17,ETH,16,-0.06897980658019237,0.0,0.0,mark,3310.77,0.0,1.2583885806317325
2025-07-17,ETH,16,0.054276392179004186,0.0,0.0,mark,3476.87,0.0,1.328576927914589
2025-07-18,ETH,16,3.180592180827832e-06,0.0,0.0,mark,3476.88,0.0,1.3285811535826975
2025-07-18,ETH,16,-0.0001450290897327133,0.00014501857352272298,0.10001280932601585,resize,3476.88,-3.8216772965246e-05,1.3283884846389957
2025-07-18,ETH,16,-0.0003305630661582729,0.00033050843620760603,0.0,funding,3476.88,0.0,1.3279494410382615
2025-07-18,ETH,16,0.055440737837941824,0.0,0.0,mark,3673.84,0.0,1.403651024500839
2025-07-18,ETH,16,-0.06072230916901976,0.0,0.0,mark,3458.68,0.0,1.3209542703486852
2025-07-18,ETH,16,0.02535059768174641,0.0,0.0,mark,3546.92,0.0,1.3548693176919928
2025-07-19,ETH,16,0.0,0.0,0.0,mark,3546.92,0.0,1.3548693176919928
2025-07-19,ETH,16,-0.00033063112025961283,0.00033057646781426043,0.0,funding,3546.92,0.0,1.3544214297786004
2025-07-19,ETH,16,-0.01145320222351504,0.0,0.0,mark,3506.79,0.0,1.338997462758123
2025-07-19,ETH,16,0.028721315018164172,0.0,0.0,mark,3608.3,0.0,1.3780128351042147
2025-07-19,ETH,16,-0.004553897391020789,0.0,0.0,mark,3592.01,0.0,1.3717517729870061
2025-07-20,ETH,16,-2.8018959693533067e-06,0.0,0.0,mark,3592.0,0.0,1.371747929486627
2025-07-20,ETH,16,-0.000330713387520821,0.000330658707876418,0.0,funding,3592.0,0.0,1.3712943490887308
2025-07-20,ETH,16,0.06314618083117342,0.0,0.0,mark,3824.56,0.0,1.4606787939001493
2025-07-20,ETH,16,-0.06675994053118925,0.0,0.0,mark,3579.13,0.0,1.366347764101102
2025-07-20,ETH,16,0.048739840723586766,0.0,0.0,mark,3756.69,0.0,1.4345929568286366
2025-07-21,ETH,16,0.0,0.0,0.0,mark,3756.69,0.0,1.4345929568286366
2025-07-21,ETH,16,-0.0003307245453328254,0.0003306698619989619,0.0,funding,3756.69,0.0,1.4341185801735774
2025-07-21,ETH,16,0.0273111624997462,0.0,0.0,mark,3860.0,0.0,1.473825782587869
2025-07-21,ETH,16,-0.042346105928084396,0.0,0.0,mark,3701.01,0.0,1.4127179700639292
2025-07-21,ETH,16,0.01654534680725401,0.0,0.0,mark,3762.33,0.0,1.4362863143872702
2025-07-22,ETH,16,-2.676002328305249e-06,0.0,0.0,mark,3762.32,0.0,1.4362824708868913
2025-07-22,ETH,16,-0.00033083058866450516,0.0003307758702596791,0.0,funding,3762.32,0.0,1.435807383302645
2025-07-22,ETH,16,0.009678161452723304,0.0,0.0,mark,3798.65,0.0,1.449770820179145
2025-07-22,ETH,16,-0.04948371672770005,0.0,0.0,mark,3616.54,0.0,1.379776834779216
2025-07-22,ETH,16,0.035483757766460094,0.0,0.0,mark,3746.21,0.0,1.4296155041922565
2025-07-23,ETH,16,0.0,0.0,0.0,mark,3746.21,0.0,1.4296155041922565
2025-07-23,ETH,16,-0.00012304368775961294,0.00012303611819555334,0.08485249530727816,resize,3746.21,3.238111127264236e-05,1.4294396098501085
2025-07-23,ETH,16,-0.0003588816223102805,0.00035881723200395407,0.0,funding,3746.21,0.0,1.4289267022859853
2025-07-23,ETH,16,0.005232875173860283,0.0,0.0,mark,3764.2,0.0,1.4364236956593994
2025-07-23,ETH,16,-0.07129815666271239,0.0,0.0,mark,3527.0,0.0,1.3375750670783062
2025-07-23,ETH,16,0.031069921360831983,0.0,0.0,mark,3628.29,0.0,1.3797857651768684
2025-07-24,ETH,16,0.0,0.0,0.0,mark,3628.29,0.0,1.3797857651768684
2025-07-24,ETH,16,-0.00036009368713974123,0.0003600288611893294,0.0,funding,3628.29,0.0,1.3792890024791464
2025-07-24,ETH,16,0.04221397055196957,0.0,0.0,mark,3771.0,0.0,1.4387607047759754
2025-07-24,ETH,16,-0.08085062972078048,0.0,0.0,mark,3502.85,0.0,1.3270142471283355
2025-07-24,ETH,16,0.06212161476397539,0.0,0.0,mark,3706.94,0.0,1.4120649073606937
2025-07-25,ETH,16,2.951213729965731e-06,0.0,0.0,mark,3706.95,0.0,1.4120690746721851
2025-07-25,ETH,16,-4.0028262547828486e-05,4.002746142766539e-05,0.027605145812183027,resize,3706.95,-1.051548380830603e-05,1.4120125531317655
2025-07-25,ETH,16,-0.00035043054359432113,0.00035036914998293553,0.0,funding,3706.95,0.0,1.4115178274937594
2025-07-25,ETH,16,0.011459929653608321,0.0,0.0,mark,3747.0,0.0,1.4277867648911524
2025-07-25,ETH,16,-0.05054413663090417,0.0,0.0,mark,3573.76,0.0,1.3574139630253756
2025-07-25,ETH,16,0.04425385475437808,0.0,0.0,mark,3724.96,0.0,1.4188337716267694
2025-07-26,ETH,16,2.8630209681310955e-06,0.0,0.0,mark,3724.97,0.0,1.4188378337834229
2025-07-26,ETH,16,-0.0003504401057660579,0.0003503787088043858,0.0,funding,3724.97,0.0,1.418340703215219
2025-07-26,ETH,16,0.019296548788661824,0.0,0.0,mark,3793.0,0.0,1.4459755549291928
2025-07-26,ETH,16,-0.027148937864741225,0.0,0.0,mark,3697.66,0.0,1.407246953394425
2025-07-26,ETH,16,0.012461416017302792,0.0,0.0,mark,3741.1,0.0,1.4248929618973651
2025-07-27,ETH,16,2.850846324536741e-06,0.0,0.0,mark,3741.11,0.0,1.4248970240540189
2025-07-27,ETH,16,-0.00035046188066485413,0.0003504004760734366,0.0,funding,3741.11,0.0,1.4243977394584346
2025-07-27,ETH,16,0.038795520949930024,0.0,0.0,mark,3879.82,0.0,1.4807439143995678
2025-07-27,ETH,16,-0.04168289721620189,0.0,0.0,mark,3731.0,0.0,1.4202908990817145
2025-07-27,ETH,16,0.03956280719535954,0.0,0.0,mark,3872.1,0.0,1.4776079294630415
2025-07-28,ETH,16,2.749140004620366e-06,0.0,0.0,mark,3872.11,0.0,1.4776119916196953
2025-07-28,ETH,16,-0.0001291222623478665,0.00012911392642742613,0.08904408719132835,resize,3872.11,3.397956437620225e-05,1.477421211333721
2025-07-28,ETH,16,-0.0003791071971158505,0.00037903534506252955,0.0,funding,3872.11,0.0,1.4768612164750805
2025-07-28,ETH,16,0.02032547642184706,0.0,0.0,mark,3941.0,0.0,1.5071862658511344
2025-07-28,ETH,16,-0.056164100865665464,0.0,0.0,mark,3754.0,0.0,1.4248697578917486
2025-07-28,ETH,16,0.013806423810494023,0.0,0.0,mark,3799.0,0.0,1.4446785432295688
2025-07-29,ETH,16,0.0,0.0,0.0,mark,3799.0,0.0,1.4446785432295688
2025-07-29,ETH,16,-0.00038037942716334406,0.0003803070920809003,0.0,funding,3799.0,0.0,1.4441291217338015
2025-07-29,ETH,16,0.026304197135375896,0.0,0.0,mark,3886.44,0.0,1.4826197926213347
2025-07-29,ETH,16,-0.05191704905018631,0.0,0.0,mark,3716.04,0.0,1.4076105254754558
2025-07-29,ETH,16,0.02402349253748908,0.0,0.0,mark,3793.79,0.0,1.4418357045869117
2025-07-30,ETH,16,0.0,0.0,0.0,mark,3793.79,0.0,1.4418357045869117
2025-07-30,ETH,16,-4.7172846042931414e-05,4.717173342165832e-05,0.03253222994597125,resize,3793.79,-1.2363923856073447e-05,1.441767690697417
2025-07-30,ETH,16,-0.0003699320058867481,0.00036986358947888677,0.0,funding,3793.79,0.0,1.441234433324141
2025-07-30,ETH,16,-0.03508455665206902,0.0,0.0,mark,3677.65,0.0,1.3915461054600202
2025-07-30,ETH,16,0.046959043182124655,0.0,0.0,mark,3834.03,0.0,1.458450365072481
2025-07-30,ETH,16,-0.00707407872494424,0.0,0.0,mark,3810.0,0.0,1.4481695787923463
2025-07-31,ETH,16,0.0,0.0,0.0,mark,3810.0,0.0,1.4481695787923463
2025-07-31,ETH,16,-0.00036987029270992434,0.00036980189912572597,0.0,funding,3810.0,0.0,1.4476340429318528
2025-07-31,ETH,16,0.020091423969356495,0.0,0.0,mark,3878.67,0.0,1.4770132187061698
2025-07-31,ETH,16,-0.05793899057025709,0.0,0.0,mark,3684.33,0.0,1.3938684827227599
2025-07-31,ETH,16,0.004306264025637412,0.0,0.0,mark,3698.39,0.0,1.399883790883338
2025-08-01,ETH,16,0.0,0.0,0.0,mark,3698.39,0.0,1.399883790883338
2025-08-01,ETH,16,-0.0003714197156329683,0.00037135074786934295,0.0,funding,3698.39,0.0,1.3993639429906632
2025-08-01,ETH,16,0.0078053874574482325,0.0,0.0,mark,3724.02,0.0,1.410329259360195
2025-08-01,ETH,16,-0.09284115189809657,0.0,0.0,mark,3431.75,0.0,1.2852870035926167
2025-08-01,ETH,16,0.018616056734427816,0.0,0.0,mark,3488.2,0.0,1.3094380808091624
2025-08-02,ETH,16,3.2672839841841047e-06,0.0,0.0,mark,3488.21,0.0,1.3094423591222213
2025-08-02,ETH,16,-0.000374508034694547,0.0003744379153141544,0.0,funding,3488.21,0.0,1.3089520542550475
2025-08-02,ETH,16,0.016043167766544575,0.0,0.0,mark,3537.69,0.0,1.3301211472696566
2025-08-02,ETH,16,-0.056027889931203424,0.0,0.0,mark,3368.29,0.0,1.2576465240547259
2025-08-02,ETH,16,0.008687872155346669,0.0,0.0,mark,3393.94,0.0,1.268620397050375
2025-08-03,ETH,16,0.0,0.0,0.0,mark,3393.94,0.0,1.268620397050375
2025-08-03,ETH,16,-0.00013062711987422298,0.00013061858852337623,0.09008178518853534,resize,3393.94,-3.367165892528633e-05,1.2684546916447403
2025-08-03,ETH,16,-0.0003465513806714561,0.0003464913386778624,0.0,funding,3393.94,0.0,1.2680151830805801
2025-08-03,ETH,16,0.038972492785099136,0.0,0.0,mark,3521.79,0.0,1.3184084939428788
2025-08-03,ETH,16,-0.05137733685375768,0.0,0.0,mark,3354.28,0.0,1.2523828114826234
2025-08-03,ETH,16,0.04386004807561373,0.0,0.0,mark,3496.74,0.0,1.3085347947868318
2025-08-04,ETH,16,3.0122168313852898e-06,0.0,0.0,mark,3496.75,0.0,1.3085387363833014
2025-08-04,ETH,16,-5.11011800165209e-05,5.1099874373412805e-05,0.035241292671319174,resize,3496.75,-1.3187844878999669e-05,1.3084718702182594
2025-08-04,ETH,16,-0.0003345466539506541,0.0003344906994588077,0.0,funding,3496.75,0.0,1.308034198547168
2025-08-04,ETH,16,0.06756091493925667,0.0,0.0,mark,3736.73,0.0,1.3994598116076808
2025-08-04,ETH,16,-0.06931581035579573,0.0,0.0,mark,3490.73,0.0,1.3057407482987127
2025-08-04,ETH,16,0.06502173915804324,0.0,0.0,mark,3720.99,0.0,1.393463315443115
2025-08-05,ETH,16,0.0,0.0,0.0,mark,3720.99,0.0,1.393463315443115
2025-08-05,ETH,16,-1.8053849835459503e-05,1.8053686865588323e-05,0.012450818527991946,resize,3720.99,-4.6626728010546186e-06,1.3934381582927593
2025-08-05,ETH,16,-0.00033020092064740873,0.00033014641032328926,0.0,funding,3720.99,0.0,1.3929781196867914
2025-08-05,ETH,16,0.00033762698913387246,0.0,0.0,mark,3722.24,0.0,1.3934485060983763
2025-08-05,ETH,16,-0.0487645673432991,0.0,0.0,mark,3546.0,0.0,1.327127785156198
2025-08-05,ETH,16,0.018541441885076646,0.0,0.0,mark,3612.0,0.0,1.3519641876878807
2025-08-06,ETH,16,2.7834214027659484e-06,0.0,0.0,mark,3612.01,0.0,1.3519679507791735
2025-08-06,ETH,16,-7.435763295498863e-05,7.435486849469824e-05,0.051279219651516016,resize,3612.01,-1.9193706969198655e-05,1.3518674253799843
2025-08-06,ETH,16,-0.00031353248810559364,0.0003134833419314427,0.0,funding,3612.01,0.0,1.3514436374616279
2025-08-06,ETH,16,0.022623331126229267,0.0,0.0,mark,3698.6,0.0,1.3823662618784742
2025-08-06,ETH,16,-0.035340157362499514,0.0,0.0,mark,3564.19,0.0,1.334366377967303
2025-08-06,ETH,16,0.03138237322131415,0.0,0.0,mark,3683.31,0.0,1.3769059670715267
2025-08-07,ETH,16,0.0,0.0,0.0,mark,3683.31,0.0,1.3769059670715267
2025-08-07,ETH,16,-0.00031390756336760727,0.00031385829954333033,0.0,funding,3683.31,0.0,1.3764738137060706
2025-08-07,ETH,16,0.061493181125374274,0.0,0.0,mark,3927.77,0.0,1.4637742498412163
2025-08-07,ETH,16,-0.07079319088467378,0.0,0.0,mark,3647.63,0.0,1.363731935438452
2025-08-07,ETH,16,0.06652439519074872,0.0,0.0,mark,3910.31,0.0,1.4575390145678806
2025-08-08,ETH,16,-2.4501289928792555e-06,0.0,0.0,mark,3910.3,0.0,1.4575354434136576
2025-08-08,ETH,16,-0.000314817554379977,0.00031476800453357034,0.0,funding,3910.3,0.0,1.4570766578905974
2025-08-08,ETH,16,0.03863017209676581,0.0,0.0,mark,4071.0,0.0,1.514465106254002
2025-08-08,ETH,16,-0.04608412136499926,0.0,0.0,mark,3880.0,0.0,1.446256060594946
2025-08-08,ETH,16,0.03147605646430539,0.0,0.0,mark,4009.5,0.0,1.4925025077826306
2025-08-09,ETH,16,2.392726264704511e-06,0.0,0.0,mark,4009.51,0.0,1.4925060789368536
2025-08-09,ETH,16,-2.044962219329649e-05,2.044941310111562e-05,0.01410304351801077,resize,4009.51,5.249738292744516e-06,1.4924755580634894
2025-08-09,ETH,16,-0.00031988287505286313,0.0003198317179809828,0.0,funding,4009.51,0.0,1.4919982170417094
2025-08-09,ETH,16,0.07410070852992869,0.0,0.0,mark,4326.2,0.0,1.6067556397494211
2025-08-09,ETH,16,-0.07480042573446435,0.0,0.0,mark,4006.63,0.0,1.490954605379206
2025-08-09,ETH,16,0.05989996865398308,0.0,0.0,mark,4260.62,0.0,1.5829917325178327
2025-08-10,ETH,16,2.289113318780874e-06,0.0,0.0,mark,4260.63,0.0,1.5829953561694385
2025-08-10,ETH,16,-1.4590238162563072e-05,1.4590131725561945e-05,0.010062159810732376,resize,4260.63,-3.738496948438167e-06,1.582972260058671
2025-08-10,ETH,16,-0.0003171779490194987,0.00031712765341157013,0.0,funding,4260.63,0.0,1.582470255780423
2025-08-10,ETH,16,-0.02467774647862047,0.0,0.0,mark,4153.07,0.0,1.5438963718389787
2025-08-10,ETH,16,0.040856335777804516,0.0,0.0,mark,4332.6,0.0,1.6082806167628119
2025-08-10,ETH,16,-0.018461035415224352,0.0,0.0,mark,4250.57,0.0,1.578862471544174
2025-08-11,ETH,16,2.271421753386474e-06,0.0,0.0,mark,4250.58,0.0,1.5788660578108105
2025-08-11,ETH,16,-5.315990856906658e-05,5.3158495606129956e-05,0.03666103145250342,resize,4250.58,-1.361763764114361e-05,1.5787821276664136
2025-08-11,ETH,16,-0.0003052205338788168,0.00030517395883036455,0.0,funding,4250.58,0.0,1.578300324474383
2025-08-11,ETH,16,0.02501531452252267,0.0,0.0,mark,4366.46,0.0,1.6182799704074815
2025-08-11,ETH,16,-0.04350568436548789,0.0,0.0,mark,4166.77,0.0,1.5493851180051652
2025-08-11,ETH,16,0.012491646134946504,0.0,0.0,mark,4223.22,0.0,1.5688608775229715
2025-08-12,ETH,16,0.0,0.0,0.0,mark,4223.22,0.0,1.5688608775229715
2025-08-12,ETH,16,-0.00030517363938331474,0.00030512707864477584,0.0,funding,4223.22,0.0,1.568382175586613
2025-08-12,ETH,16,0.0876594344949071,0.0,0.0,mark,4639.7,0.0,1.7120715347358781
2025-08-12,ETH,16,-0.08857936407930979,0.0,0.0,mark,4219.04,0.0,1.566940037857925
2025-08-12,ETH,16,0.07861939340116099,0.0,0.0,mark,4590.52,0.0,1.6951039908371057
2025-08-13,ETH,16,0.0,0.0,0.0,mark,4590.52,0.0,1.6951039908371057
2025-08-13,ETH,16,-0.00030701081948440067,0.00030696369648528,0.0,funding,4590.52,0.0,1.6945836554501514
2025-08-13,ETH,16,0.038606151054100944,0.0,0.0,mark,4783.85,0.0,1.761284250447096
2025-08-13,ETH,16,-0.04395257491298955,0.0,0.0,mark,4564.33,0.0,1.6855478690591619
2025-08-13,ETH,16,0.037161745319275866,0.0,0.0,mark,4749.3,0.0,1.7493641885987308
2025-08-14,ETH,16,1.9721947438492497e-06,0.0,0.0,mark,4749.31,0.0,1.749367638688991
2025-08-14,ETH,16,-0.0001308598892100164,0.00013085132742824698,0.09024229477810136,resize,4749.31,-3.323997593878753e-05,1.7491387316113085
2025-08-14,ETH,16,-0.0002781574410547567,0.0002781187588604785,0.0,funding,4749.31,0.0,1.748652263318198
2025-08-14,ETH,16,-0.054590479302467174,0.0,0.0,mark,4451.33,0.0,1.6557513217803959
2025-08-14,ETH,16,0.06146487715970918,0.0,0.0,mark,4788.0,0.0,1.760714607865139
2025-08-14,ETH,16,-0.04364065832962798,0.0,0.0,mark,4546.84,0.0,1.6855283837519224
2025-08-15,ETH,16,0.0,0.0,0.0,mark,4546.84,0.0,1.6855283837519224
2025-08-15,ETH,16,-0.00027634882975255127,0.00027631064893190907,0.0,funding,4546.84,0.0,1.6850626543104148
2025-08-15,ETH,16,0.023014105990819628,0.0,0.0,mark,4672.67,0.0,1.7242925538798544
2025-08-15,ETH,16,-0.05666277063633482,0.0,0.0,mark,4368.0,0.0,1.6293058773971303
2025-08-15,ETH,16,0.013583174192669804,0.0,0.0,mark,4439.47,0.0,1.65158801140514
2025-08-16,ETH,16,0.0,0.0,0.0,mark,4439.47,0.0,1.65158801140514
2025-08-16,ETH,16,-5.92106560334661e-05,5.9208903117246256e-05,0.04083372628775604,resize,4439.47,-1.5191113533339967e-05,1.6514902226905832
2025-08-16,ETH,16,-0.00026196415062366556,0.0002619298410115309,0.0,funding,4439.47,0.0,1.6510576481191217
2025-08-16,ETH,16,0.009110474020162103,0.0,0.0,mark,4490.42,0.0,1.6661682939853129
2025-08-16,ETH,16,-0.021205902798034335,0.0,0.0,mark,4372.54,0.0,1.631207686827185
2025-08-16,ETH,16,0.008950572895774962,0.0,0.0,mark,4421.99,0.0,1.6458734657885814
2025-08-17,ETH,16,1.8019469630587227e-06,0.0,0.0,mark,4422.0,0.0,1.6458764315679468
2025-08-17,ETH,16,-2.0465581755276213e-05,2.0465372336722287e-05,0.01411404988739468,resize,4422.0,-5.253275003083929e-06,1.6458427480939546
2025-08-17,ETH,16,-0.00025719026087211804,0.0002571571902921369,0.0,funding,4422.0,0.0,1.645419507797192
2025-08-17,ETH,16,0.026900898058612392,0.0,0.0,mark,4576.0,0.0,1.6902835056722998
2025-08-17,ETH,16,-0.03187423907432841,0.0,0.0,mark,4393.98,0.0,1.6372565907812144
2025-08-17,ETH,16,0.013844894628504932,0.0,0.0,mark,4472.33,0.0,1.6600818780118294
2025-08-18,ETH,16,1.7548797427095323e-06,0.0,0.0,mark,4472.34,0.0,1.6600847912584447
2025-08-18,ETH,16,-0.0002578866209776506,0.00025785337108123567,0.0,funding,4472.34,0.0,1.659656732798738
2025-08-18,ETH,16,0.0016731850480565667,0.0,0.0,mark,4481.88,0.0,1.6624359700697025
2025-08-18,ETH,16,-0.04590242981943587,0.0,0.0,mark,4225.86,0.0,1.5878510302256432
2025-08-18,ETH,16,0.01585940290556573,0.0,0.0,mark,4312.99,0.0,1.6132341479844623
2025-08-19,ETH,16,0.0,0.0,0.0,mark,4312.99,0.0,1.6132341479844623
2025-08-19,ETH,16,-0.00025592038951978126,0.0002558876446903223,0.0,funding,4312.99,0.0,1.6128213412980006
2025-08-19,ETH,16,0.007559639430463437,0.0,0.0,mark,4355.0,0.0,1.6250598903287363
2025-08-19,ETH,16,-0.05294606912587879,0.0,0.0,mark,4067.34,0.0,1.5412574381939732
2025-08-19,ETH,16,0.0015581799622367573,0.0,0.0,mark,4075.59,0.0,1.5436608666515683
2025-08-20,ETH,16,-1.8872340597216112e-06,0.0,0.0,mark,4075.58,0.0,1.543657953404953
2025-08-20,ETH,16,-0.0002527327357771342,0.000252700801549504,0.0,funding,4075.58,0.0,1.5432678698028093
2025-08-20,ETH,16,0.05551815896687628,0.0,0.0,mark,4378.0,0.0,1.631370273941706
2025-08-20,ETH,16,-0.05846354901959055,0.0,0.0,mark,4060.0,0.0,1.5387290315762236
2025-08-20,ETH,16,0.050963848812078945,0.0,0.0,mark,4336.16,0.0,1.61918125010343
2025-08-21,ETH,16,0.0,0.0,0.0,mark,4336.16,0.0,1.61918125010343
2025-08-21,ETH,16,-6.760480147785603e-05,6.760251632466565e-05,0.04662242505149355,resize,4336.16,-1.740944902349793e-05,1.6190717893765372
2025-08-21,ETH,16,-0.000241045322454012,0.00024101627336435712,0.0,funding,4336.16,0.0,1.6186815667275523
2025-08-21,ETH,16,0.0006935662848878638,0.0,0.0,mark,4340.26,0.0,1.6198046190988153
2025-08-21,ETH,16,-0.023277092793912414,0.0,0.0,mark,4204.2,0.0,1.5825357152856332
2025-08-21,ETH,16,0.0036454676102525827,0.0,0.0,mark,4225.3,0.0,1.5883153262694503
2025-08-22,ETH,16,0.0,0.0,0.0,mark,4225.3,0.0,1.5883153262694503
2025-08-22,ETH,16,-2.2362834263375837e-05,2.236258421703617e-05,0.015422471873818048,resize,4225.3,-5.797398633504067e-06,1.5882798074342033
2025-08-22,ETH,16,-0.00023436789403040388,0.00023434043202094805,0.0,funding,4225.3,0.0,1.587907609257959
2025-08-22,ETH,16,0.10600506286528728,0.0,0.0,mark,4887.59,0.0,1.765479356205704
2025-08-22,ETH,16,-0.10903374383954319,0.0,0.0,mark,4207.39,0.0,1.5831056192115531
2025-08-22,ETH,16,0.10056634810358861,0.0,0.0,mark,4832.07,0.0,1.7505934551796598
2025-08-23,ETH,16,0.0,0.0,0.0,mark,4832.07,0.0,1.7505934551796598
2025-08-23,ETH,16,-0.0002431741526586102,0.00024314458822081783,0.0,funding,4832.07,0.0,1.7501678078548581
2025-08-23,ETH,16,0.0,0.0,0.0,mark,4832.07,0.0,1.7501678078548581
2025-08-23,ETH,16,-0.026761214845390527,0.0,0.0,mark,4659.7,0.0,1.703952340278143
2025-08-23,ETH,16,0.01850522584836338,0.0,0.0,mark,4778.4,0.0,1.735777924784473
2025-08-24,ETH,16,0.0,0.0,0.0,mark,4778.4,0.0,1.735777924784473
2025-08-24,ETH,16,-0.00016932134204196235,0.00016930700799256968,0.11676345378797909,resize,4778.4,-4.2414914093999255e-05,1.735484045417488
2025-08-24,ETH,16,-0.0002041899557627336,0.00020416911041255679,0.0,funding,4778.4,0.0,1.7351297131838
2025-08-24,ETH,16,-0.008805943029842514,0.0,0.0,mark,4711.0,0.0,1.7199173377389196
2025-08-24,ETH,16,0.03174422283827581,0.0,0.0,mark,4956.78,0.0,1.7753905964457843
2025-08-24,ETH,16,-0.022710668510933087,0.0,0.0,mark,4780.15,0.0,1.7355246932584072
2025-08-25,ETH,16,0.0,0.0,0.0,mark,4780.15,0.0,1.7355246932584072
2025-08-25,ETH,16,-0.00020425995958197712,0.00020423909993672266,0.0,funding,4780.15,0.0,1.7351702312571382
2025-08-25,ETH,16,-0.05976721680383288,0.0,0.0,mark,4334.13,0.0,1.6345022238991926
2025-08-25,ETH,16,0.06208247750810639,0.0,0.0,mark,4797.97,0.0,1.7391922569311407
2025-08-25,ETH,16,-0.056292727814989854,0.0,0.0,mark,4376.18,0.0,1.6439930308347597
2025-08-26,ETH,16,-1.3728954470570357e-06,0.0,0.0,mark,4376.17,0.0,1.643990773805762
2025-08-26,ETH,16,-0.00019740849380857117,0.00019738901003404948,0.0,funding,4376.17,0.0,1.6436662680944154
2025-08-26,ETH,16,0.034720433804052896,0.0,0.0,mark,4633.46,0.0,1.7017373671776983
2025-08-26,ETH,16,-0.04370410593915354,0.0,0.0,mark,4311.04,0.0,1.6289662382320258
2025-08-26,ETH,16,0.03934032717842096,0.0,0.0,mark,4600.63,0.0,1.694327540978063
2025-08-27,ETH,16,0.0,0.0,0.0,mark,4600.63,0.0,1.694327540978063
2025-08-27,ETH,16,-4.0191359084755e-05,4.019055142296294e-05,0.027717621671008923,resize,4600.63,-1.0207891042661725e-05,1.6942594450199
2025-08-27,ETH,16,-0.00019226816370006842,0.00019224968136127808,0.0,funding,4600.63,0.0,1.6939337241814516
2025-08-27,ETH,16,0.008020505049346937,0.0,0.0,mark,4663.93,0.0,1.7075745582342512
2025-08-27,ETH,16,-0.023287853130836613,0.0,0.0,mark,4481.53,0.0,1.66826826864135
2025-08-27,ETH,16,0.0032472948219928696,0.0,0.0,mark,4506.71,0.0,1.673694432961247
2025-08-28,ETH,16,0.0,0.0,0.0,mark,4506.71,0.0,1.673694432961247
2025-08-28,ETH,16,-0.0001906571418423372,0.00019063896792444638,0.0,funding,4506.71,0.0,1.6733753615819265
2025-08-28,ETH,16,0.016255530192147156,0.0,0.0,mark,4633.97,0.0,1.7007992563932894
2025-08-28,ETH,16,-0.026183257122680097,0.0,0.0,mark,4430.0,0.0,1.6568447394620172
2025-08-28,ETH,16,0.010507062977673651,0.0,0.0,mark,4511.21,0.0,1.674345089121225
2025-08-29,ETH,16,-1.2870414158982737e-06,0.0,0.0,mark,4511.2,0.0,1.6743429341711376
2025-08-29,ETH,16,-0.00019077318484118677,0.0001907549887942943,0.0,funding,4511.2,0.0,1.674023544903492
2025-08-29,ETH,16,-0.03220611971748842,0.0,0.0,mark,4265.0,0.0,1.6209686737534246
2025-08-29,ETH,16,0.0329203093526983,0.0,0.0,mark,4516.75,0.0,1.67521954220196
2025-08-29,ETH,16,-0.02034626424881974,0.0,0.0,mark,4360.18,0.0,1.6414794886846324
2025-08-30,ETH,16,0.0,0.0,0.0,mark,4360.18,0.0,1.6414794886846324
2025-08-30,ETH,16,-0.0001880780161235917,0.0001880603305623737,0.0,funding,4360.18,0.0,1.6411707915093792
2025-08-30,ETH,16,0.007251913752263766,0.0,0.0,mark,4415.61,0.0,1.6531156798434499
2025-08-30,ETH,16,-0.020866023157645054,0.0,0.0,mark,4257.2,0.0,1.6189791155100537
2025-08-30,ETH,16,0.01538778798733993,0.0,0.0,mark,4373.7,0.0,1.6440842840274494
2025-08-31,ETH,16,0.0,0.0,0.0,mark,4373.7,0.0,1.6440842840274494
2025-08-31,ETH,16,-0.00018836232894005526,0.0001883445898703612,0.0,funding,4373.7,0.0,1.643774629647262
2025-08-31,ETH,16,0.016224719633728082,0.0,0.0,mark,4498.47,0.0,1.6706619418868798
2025-08-31,ETH,16,-0.016365003970108843,0.0,0.0,mark,4372.63,0.0,1.6435440499879177
2025-08-31,ETH,16,0.00251426480279979,0.0,0.0,mark,4391.83,0.0,1.6476815541555914
2025-09-01,ETH,16,0.0,0.0,0.0,mark,4391.83,0.0,1.6476815541555914
2025-09-01,ETH,16,-0.0001887302259247036,0.00018871241749602173,0.0,funding,4391.83,0.0,1.6473706161862431
2025-09-01,ETH,16,0.012997621113217851,0.0,0.0,mark,4491.84,0.0,1.6689222720096317
2025-09-01,ETH,16,-0.03698877988692094,0.0,0.0,mark,4210.61,0.0,1.608318610703647
2025-09-01,ETH,16,0.01382399518468735,0.0,0.0,mark,4314.5,0.0,1.6307063871609195
2025-09-02,ETH,16,0.0,0.0,0.0,mark,4314.5,0.0,1.6307063871609195
2025-09-02,ETH,16,-4.104509240296179e-05,4.104425006463942e-05,0.028306379354923732,resize,4314.5,1.0698665804026913e-05,1.630639456040183
2025-09-02,ETH,16,-0.00019664671893089382,0.00019662738523227344,0.0,funding,4314.5,0.0,1.6303188276676852
2025-09-02,ETH,16,0.01409078740905806,0.0,0.0,mark,4416.78,0.0,1.6534539166993334
2025-09-02,ETH,16,-0.021981571517657863,0.0,0.0,mark,4257.85,0.0,1.617504956005162
2025-09-02,ETH,16,0.00955430354352366,0.0,0.0,mark,4326.5,0.0,1.6330331517621295
2025-09-03,ETH,16,-1.3851147538207505e-06,0.0,0.0,mark,4326.49,0.0,1.633030889825384
2025-09-03,ETH,16,-0.00019690445319943002,0.00019688506878992473,0.0,funding,4326.49,0.0,1.6327093704263047
2025-09-03,ETH,16,-0.006011221790000389,0.0,0.0,mark,4283.23,0.0,1.6229242320658324
2025-09-03,ETH,16,0.028497648221089765,0.0,0.0,mark,4490.64,0.0,1.6698390621015595
2025-09-03,ETH,16,-0.005457582784260012,0.0,0.0,mark,4450.46,0.0,1.6607506002586612
2025-09-04,ETH,16,0.0,0.0,0.0,mark,4450.46,0.0,1.6607506002586612
2025-09-04,ETH,16,-0.00019916600349197228,0.00019914617126019508,0.0,funding,4450.46,0.0,1.6604198681352016
2025-09-04,ETH,16,0.004294171242511501,0.0,0.0,mark,4482.05,0.0,1.6675653263138266
2025-09-04,ETH,16,-0.029837303364031856,0.0,0.0,mark,4265.33,0.0,1.6185446331681597
2025-09-04,ETH,16,0.004492678836746944,0.0,0.0,mark,4297.55,0.0,1.625832593361743
2025-09-05,ETH,16,1.3912472792663351e-06,0.0,0.0,mark,4297.56,0.0,1.6258348552984885
2025-09-05,ETH,16,-0.00019645344759980745,0.0001964341518848749,0.0,funding,4297.56,0.0,1.625515485807583
2025-09-05,ETH,16,-0.005795744044817806,0.0,0.0,mark,4256.03,0.0,1.6161216625040598
2025-09-05,ETH,16,0.03222188170914662,0.0,0.0,mark,4490.0,0.0,1.6690441965354905
2025-09-05,ETH,16,-0.025050870840227123,0.0,0.0,mark,4307.45,0.0,1.6277525412487541
2025-09-06,ETH,16,1.3896062924256442e-06,0.0,0.0,mark,4307.46,0.0,1.6277548031854996
2025-09-06,ETH,16,-0.0001966737738885352,0.0001966544348697214,0.0,funding,4307.46,0.0,1.6274346979845726
2025-09-06,ETH,16,0.003030897164663975,0.0,0.0,mark,4329.3,0.0,1.6323747678364615
2025-09-06,ETH,16,-0.013012622091240971,0.0,0.0,mark,4236.0,0.0,1.6112708980021557
2025-09-06,ETH,16,0.005200248329004434,0.0,0.0,mark,4273.14,0.0,1.6196717310744615
2025-09-07,ETH,16,1.3965392631794934e-06,0.0,0.0,mark,4273.15,0.0,1.6196739930112067
2025-09-07,ETH,16,-0.00019608058058591719,0.00019606135804535216,0.0,funding,4273.15,0.0,1.6193564375285463
2025-09-07,ETH,16,0.008743422614765203,0.0,0.0,mark,4336.02,0.0,1.63357723384669
2025-09-07,ETH,16,-0.009070330086037212,0.0,0.0,mark,4270.81,0.0,1.6188271443301299
2025-09-07,ETH,16,0.004931358040235264,0.0,0.0,mark,4306.19,0.0,1.62682987653525
2025-09-08,ETH,16,0.0,0.0,0.0,mark,4306.19,0.0,1.62682987653525
2025-09-08,ETH,16,-0.0001967275774127847,0.0001967082278118169,0.0,funding,4306.19,0.0,1.6265098657132855
2025-09-08,ETH,16,0.010770923787090448,0.0,0.0,mark,4384.06,0.0,1.6441235671494847
2025-09-08,ETH,16,-0.014559319543762805,0.0,0.0,mark,4279.0,0.0,1.6203596597026233
2025-09-08,ETH,16,0.003813427484235484,0.0,0.0,mark,4306.37,0.0,1.626550580574702
2025-09-09,ETH,16,-1.390635093229563e-06,0.0,0.0,mark,4306.36,0.0,1.6265483186379566
2025-09-09,ETH,16,-0.00019676940312592938,0.0001967500452965071,0.0,funding,4306.36,0.0,1.6262282951825875
2025-09-09,ETH,16,0.01044798849420827,0.0,0.0,mark,4381.87,0.0,1.6433081795468794
2025-09-09,ETH,16,-0.014573579830979087,0.0,0.0,mark,4276.76,0.0,1.6195329624162913
2025-09-09,ETH,16,0.00464426612791303,0.0,0.0,mark,4310.09,0.0,1.6270719975886108
2025-09-10,ETH,16,-1.3901894453130864e-06,0.0,0.0,mark,4310.08,0.0,1.6270697356518653
2025-09-10,ETH,16,-0.00019687627870229455,0.00019685689983950667,0.0,funding,4310.08,0.0,1.6267494357478822
2025-09-10,ETH,16,-0.003479425593446173,0.0,0.0,mark,4285.1,0.0,1.621099117757947
2025-09-10,ETH,16,0.023234767319129213,0.0,0.0,mark,4453.57,0.0,1.6592059661072016
2025-09-10,ETH,16,-0.014313991498198658,0.0,0.0,mark,4349.32,0.0,1.6356252755367153
2025-09-11,ETH,16,1.3829177228958327e-06,0.0,0.0,mark,4349.33,0.0,1.6356275374734608
2025-09-11,ETH,16,-0.00019762975762342786,0.00019761023014939916,0.0,funding,4349.33,0.0,1.635304320739342
2025-09-11,ETH,16,0.018060829624413195,0.0,0.0,mark,4481.09,0.0,1.6651075992963422
2025-09-11,ETH,16,-0.019515620113221332,0.0,0.0,mark,4338.82,0.0,1.6329270252199577
2025-09-11,ETH,16,0.016485805054165102,0.0,0.0,mark,4458.82,0.0,1.6600702661644022
2025-09-12,ETH,16,1.3625538933608513e-06,0.0,0.0,mark,4458.83,0.0,1.6600725281011477
2025-09-12,ETH,16,-0.0001860694140252208,0.00018605210418543388,0.12831179598995437,resize,4458.83,4.777192392494046e-05,1.659763668114194
2025-09-12,ETH,16,-0.00024183225567427573,0.00024180301661138096,0.0,funding,4458.83,0.0,1.659362332252382
2025-09-12,ETH,16,0.04670118199392196,0.0,0.0,mark,4748.4,0.0,1.738694550599017
2025-09-12,ETH,16,-0.04804271731750023,0.0,0.0,mark,4450.71,0.0,1.6571377315928708
2025-09-12,ETH,16,0.04231602473061299,0.0,0.0,mark,4712.16,0.0,1.728766037310755
2025-09-13,ETH,16,0.0,0.0,0.0,mark,4712.16,0.0,1.728766037310755
2025-09-13,ETH,16,-0.0005704344127208248,0.0005702717459428551,0.39329085927093455,resize,4712.16,0.0001442879444442369,1.727780170884331
2025-09-13,ETH,16,-0.0003748379769606724,0.0003747677339830376,0.0,funding,4712.16,0.0,1.7271326546248678
2025-09-13,ETH,16,0.013756858598045367,0.0,0.0,mark,4769.36,0.0,1.7510567572791031
2025-09-13,ETH,16,-0.04005006957328058,0.0,0.0,mark,4605.0,0.0,1.6823126049670378
2025-09-13,ETH,16,0.015181651579653262,0.0,0.0,mark,4666.53,0.0,1.708047745462057
2025-09-14,ETH,16,2.4487197850936594e-06,0.0,0.0,mark,4666.54,0.0,1.7080519279974862
2025-09-14,ETH,16,-0.0001689529605273246,0.00016893868877969679,0.11650944053772191,resize,4666.54,-4.264490919189901e-05,1.7077633719444028
2025-09-14,ETH,16,-0.0003372617735050869,0.0003372049071462608,0.0,funding,4666.54,0.0,1.7071875057551384
2025-09-14,ETH,16,0.005664739166017435,0.0,0.0,mark,4692.36,0.0,1.716885720677642
2025-09-14,ETH,16,-0.025586300235296174,0.0,0.0,mark,4576.89,0.0,1.6735141917426501
2025-09-14,ETH,16,0.006175520411395169,0.0,0.0,mark,4604.49,0.0,1.683880990033165
2025-09-15,ETH,16,-2.2306151971399085e-06,0.0,0.0,mark,4604.48,0.0,1.6838772339468278
2025-09-15,ETH,16,-0.0003374970941566165,0.0003374401484188024,0.0,funding,4604.48,0.0,1.6833090261630856
2025-09-15,ETH,16,0.014575675656130663,0.0,0.0,mark,4670.28,0.0,1.7080240742614878
2025-09-15,ETH,16,-0.04596317016204977,0.0,0.0,mark,4466.0,0.0,1.6312947425663273
2025-09-15,ETH,16,0.013207142340483966,0.0,0.0,mark,4523.74,0.0,1.6529823850769918
2025-09-16,ETH,16,0.0,0.0,0.0,mark,4523.74,0.0,1.6529823850769918
2025-09-16,ETH,16,-0.00033777643172605776,0.0003377193916895988,0.0,funding,4523.74,0.0,1.65242414087143
2025-09-16,ETH,16,0.0032928066306594605,0.0,0.0,mark,4538.25,0.0,1.6578742221466247
2025-09-16,ETH,16,-0.026225424656542363,0.0,0.0,mark,4424.0,0.0,1.614960935744764
2025-09-16,ETH,16,0.017816496421237366,0.0,0.0,mark,4501.29,0.0,1.6439917270445437
2025-09-17,ETH,16,2.2847329367493963e-06,0.0,0.0,mark,4501.3,0.0,1.643995483130881
2025-09-17,ETH,16,-0.00033793821564768344,0.00033788112096051916,0.0,funding,4501.3,0.0,1.6434400080941867
2025-09-17,ETH,16,-0.020620690389124532,0.0,0.0,mark,4412.0,0.0,1.609898157103498
2025-09-17,ETH,16,0.04666916192393222,0.0,0.0,mark,4616.77,0.0,1.6868115370291787
2025-09-17,ETH,16,-0.0058600958095227,0.0,0.0,mark,4590.53,0.0,1.676955566480515
2025-09-18,ETH,16,2.239822095385749e-06,0.0,0.0,mark,4590.54,0.0,1.6769593225668522
2025-09-18,ETH,16,-0.0003378634400697291,0.00033780637064515504,0.0,funding,4590.54,0.0,1.6763928350243764
2025-09-18,ETH,16,-0.008288538939413285,0.0,0.0,mark,4553.7,0.0,1.6625554129583409
2025-09-18,ETH,16,0.020299546022821063,0.0,0.0,mark,4644.47,0.0,1.6966494086405894
2025-09-18,ETH,16,-0.012656501392802014,0.0,0.0,mark,4587.66,0.0,1.675311082159279
2025-09-19,ETH,16,0.0,0.0,0.0,mark,4587.66,0.0,1.675311082159279
2025-09-19,ETH,16,-0.0003379836880788822,0.0003379265780264557,0.0,funding,4587.66,0.0,1.674744950018155
2025-09-19,ETH,16,0.0073872810732448545,0.0,0.0,mark,4620.72,0.0,1.6871625714487506
2025-09-19,ETH,16,-0.04206289267679075,0.0,0.0,mark,4435.7,0.0,1.6176674620389275
2025-09-19,ETH,16,0.007607765841269672,0.0,0.0,mark,4468.59,0.0,1.6300212300017916
2025-09-20,ETH,16,0.0,0.0,0.0,mark,4468.59,0.0,1.6300212300017916
2025-09-20,ETH,16,-0.0003383586689477177,0.00033830143210910463,0.0,funding,4468.59,0.0,1.6294697914853138
2025-09-20,ETH,16,-0.0032647309524110766,0.0,0.0,mark,4454.45,0.0,1.6241586854045933
2025-09-20,ETH,16,0.012470279743579733,0.0,0.0,mark,4508.71,0.0,1.644539209869932
2025-09-20,ETH,16,-0.006482330071341357,0.0,0.0,mark,4480.42,0.0,1.633913241622154
2025-09-21,ETH,16,-2.2988311489741534e-06,0.0,0.0,mark,4480.41,0.0,1.6339094855358167
2025-09-21,ETH,16,-0.00033844635583819805,0.0003383890893311212,0.0,funding,4480.41,0.0,1.6333565883929568
2025-09-21,ETH,16,0.004073503228473309,0.0,0.0,mark,4498.16,0.0,1.640023641641386
2025-09-21,ETH,16,-0.012713569659291097,0.0,0.0,mark,4443.0,0.0,1.6193050694057043
2025-09-21,ETH,16,0.00045685029479774244,0.0,0.0,mark,4444.97,0.0,1.6200450184141215
2025-09-22,ETH,16,2.3185046959021694e-06,0.0,0.0,mark,4444.98,0.0,1.6200487745004584
2025-09-22,ETH,16,-0.0003386427968729498,0.0003385854638729708,0.0,funding,4444.98,0.0,1.6195002495346473
2025-09-22,ETH,16,-0.08920847996774858,0.0,0.0,mark,4077.0,0.0,1.4812837845004534
2025-09-22,ETH,16,0.09170555138173749,0.0,0.0,mark,4455.76,0.0,1.6235493106060879
2025-09-22,ETH,16,-0.061219233045779864,0.0,0.0,mark,4199.08,0.0,1.527138086504297
2025-09-23,ETH,16,2.459556048809454e-06,0.0,0.0,mark,4199.09,0.0,1.5271418425906342
2025-09-23,ETH,16,-0.000339372060935848,0.0003393144807518626,0.0,funding,4199.09,0.0,1.5266236612492812
2025-09-23,ETH,16,0.007339401858118911,0.0,0.0,mark,4229.03,0.0,1.5378693837426876
2025-09-23,ETH,16,-0.028399093887341118,0.0,0.0,mark,4114.39,0.0,1.4948096099736785
2025-09-23,ETH,16,0.012453231519362616,0.0,0.0,mark,4164.26,0.0,1.5135412125370113
2025-09-24,ETH,16,-2.4816575636638077e-06,0.0,0.0,mark,4164.25,0.0,1.513537456450674
2025-09-24,ETH,16,-0.00033958144039186305,0.0003395237891404101,0.0,funding,4164.25,0.0,1.513023574478454
2025-09-24,ETH,16,0.010532218432667273,0.0,0.0,mark,4206.9,0.0,1.5290432827063694
2025-09-24,ETH,16,-0.03325763499040217,0.0,0.0,mark,4073.74,0.0,1.479027237040971
2025-09-24,ETH,16,0.019881392133971384,0.0,0.0,mark,4152.81,0.0,1.508726611708762
2025-09-25,ETH,16,0.0,0.0,0.0,mark,4152.81,0.0,1.508726611708762
2025-09-25,ETH,16,-0.00033972841094808716,0.0003396707097858515,0.0,funding,4152.81,0.0,1.5082141414696901
2025-09-25,ETH,16,0.0020475178864986236,0.0,0.0,mark,4161.04,0.0,1.5113054005251587
2025-09-25,ETH,16,-0.0899271306721992,0.0,0.0,mark,3815.0,0.0,1.3813297889146567
2025-09-25,ETH,16,0.016012179166613214,0.0,0.0,mark,3874.36,0.0,1.4036259174119385
2025-09-26,ETH,16,-2.6759917413011777e-06,0.0,0.0,mark,3874.35,0.0,1.4036221613256012
2025-09-26,ETH,16,-0.00034068200826525846,0.0003406239827394593,0.0,funding,3874.35,0.0,1.403144053954749
2025-09-26,ETH,16,0.050615748194953444,0.0,0.0,mark,4068.3,0.0,1.4759933484636407
2025-09-26,ETH,16,-0.05241088627572221,0.0,0.0,mark,3867.65,0.0,1.400627476108863
2025-09-26,ETH,16,0.0431920266850332,0.0,0.0,mark,4032.24,0.0,1.4624489011319022
2025-09-27,ETH,16,0.0,0.0,0.0,mark,4032.24,0.0,1.4624489011319022
2025-09-27,ETH,16,-0.0003403032953747409,0.0003402453987759407,0.0,funding,4032.24,0.0,1.461951309622347
2025-09-27,ETH,16,0.0017378564536308793,0.0,0.0,mark,4039.01,0.0,1.4644941800725932
2025-09-27,ETH,16,-0.01708019607336681,0.0,0.0,mark,3972.98,0.0,1.4396927419884369
2025-09-27,ETH,16,0.01177503424448781,0.0,0.0,mark,4018.38,0.0,1.4567453739590668
2025-09-28,ETH,16,2.5784063308039584e-06,0.0,0.0,mark,4018.39,0.0,1.4567491300454039
2025-09-28,ETH,16,-0.00034046136258899785,0.0003404034121960727,0.0,funding,4018.39,0.0,1.4562532476708228
2025-09-28,ETH,16,0.03210441902534124,0.0,0.0,mark,4144.88,0.0,1.5037639837493466
2025-09-28,ETH,16,-0.04570940169633184,0.0,0.0,mark,3966.0,0.0,1.4365751113505296
2025-09-28,ETH,16,0.045029771975319724,0.0,0.0,mark,4142.16,0.0,1.5027423282656436
2025-09-29,ETH,16,0.0,0.0,0.0,mark,4142.16,0.0,1.5027423282656436
2025-09-29,ETH,16,-0.00034020666027698447,0.0003401487965531686,0.0,funding,4142.16,0.0,1.5022311722711545
2025-09-29,ETH,16,0.02315794400709146,0.0,0.0,mark,4235.86,0.0,1.537425701250186
2025-09-29,ETH,16,-0.038250797829607934,0.0,0.0,mark,4082.25,0.0,1.47972845902533
2025-09-29,ETH,16,0.03315864773962408,0.0,0.0,mark,4215.07,0.0,1.5296167977552653
2025-09-30,ETH,16,0.0,0.0,0.0,mark,4215.07,0.0,1.5296167977552653
2025-09-30,ETH,16,-0.00034011249506665304,0.00034005466336858425,0.0,funding,4215.07,0.0,1.5290966444300216
2025-09-30,ETH,16,0.007325136867337306,0.0,0.0,mark,4245.0,0.0,1.5403386108370911
2025-09-30,ETH,16,-0.03799721038624133,0.0,0.0,mark,4092.1,0.0,1.4829080507421721
2025-09-30,ETH,16,0.013347658921561156,0.0,0.0,mark,4145.15,0.0,1.5028340887607166
2025-10-01,ETH,16,0.0,0.0,0.0,mark,4145.15,0.0,1.5028340887607166
2025-10-01,ETH,16,-0.0003404314877923015,0.00034037354756842185,0.0,funding,4145.15,0.0,1.5023225637905182
2025-10-01,ETH,16,0.05124564102178302,0.0,0.0,mark,4355.46,0.0,1.5813168155469763
2025-10-01,ETH,16,-0.05677883215882556,0.0,0.0,mark,4123.08,0.0,1.4940328812444434
2025-10-01,ETH,16,0.05501243237331932,0.0,0.0,mark,4348.03,0.0,1.578526043398479
2025-10-02,ETH,16,0.0,0.0,0.0,mark,4348.03,0.0,1.578526043398479
2025-10-02,ETH,16,-0.00033997046539445625,0.00033991268198418743,0.0,funding,4348.03,0.0,1.5779894823774854
2025-10-02,ETH,16,0.0393726435538698,0.0,0.0,mark,4516.74,0.0,1.6413584149714278
2025-10-02,ETH,16,-0.04302114829401035,0.0,0.0,mark,4332.73,0.0,1.5722426702816563
2025-10-02,ETH,16,0.03558141091733694,0.0,0.0,mark,4484.35,0.0,1.6291924513254212
2025-10-03,ETH,16,0.0,0.0,0.0,mark,4484.35,0.0,1.6291924513254212
2025-10-03,ETH,16,-2.997228458840397e-05,2.9971835423909825e-05,0.02067023132683436,resize,4484.35,-7.509624548670104e-06,1.6291436214373962
2025-10-03,ETH,16,-0.00033294162466612775,0.00033288620575399214,0.0,funding,4484.35,0.0,1.6286013019986276
2025-10-03,ETH,16,0.02394946066172639,0.0,0.0,mark,4591.59,0.0,1.6680762397415514
2025-10-03,ETH,16,-0.03676757782036819,0.0,0.0,mark,4428.0,0.0,1.6078589228321434
2025-10-03,ETH,16,0.019243564617050953,0.0,0.0,mark,4512.87,0.0,1.6390994857400318
2025-10-04,ETH,16,2.2457367539838535e-06,0.0,0.0,mark,4512.88,0.0,1.6391031667301237
2025-10-04,ETH,16,-0.0003330239589107993,0.00033296851258725617,0.0,funding,4512.88,0.0,1.6385573969867204
2025-10-04,ETH,16,0.001133830502422709,0.0,0.0,mark,4517.93,0.0,1.640416296983007
2025-10-04,ETH,16,-0.017641701291629893,0.0,0.0,mark,4440.0,0.0,1.611730341198728
2025-10-04,ETH,16,0.010710901982558882,0.0,0.0,mark,4487.15,0.0,1.6290862094808882
2025-10-05,ETH,16,2.2595402942864513e-06,0.0,0.0,mark,4487.16,0.0,1.62908989047098
2025-10-05,ETH,16,-0.0003331612783955433,0.0003331057863396038,0.0,funding,4487.16,0.0,1.6285472312019968
2025-10-05,ETH,16,0.029182098191926843,0.0,0.0,mark,4618.17,0.0,1.6767718823927882
2025-10-05,ETH,16,-0.03373790464834613,0.0,0.0,mark,4467.05,0.0,1.6211447601276758
2025-10-05,ETH,16,0.010675989297199658,0.0,0.0,mark,4514.32,0.0,1.6385448002909357
2025-10-06,ETH,16,0.0,0.0,0.0,mark,4514.32,0.0,1.6385448002909357
2025-10-06,ETH,16,-0.00033324377974247246,0.0003331882602015188,0.0,funding,4514.32,0.0,1.6379988563996646
2025-10-06,ETH,16,0.048600878492755614,0.0,0.0,mark,4735.93,0.0,1.7195732778208637
2025-10-06,ETH,16,-0.054476683506689584,0.0,0.0,mark,4488.25,0.0,1.6284025152307162
2025-10-06,ETH,16,0.043300247998589926,0.0,0.0,mark,4684.01,0.0,1.7004615772649831
2025-10-07,ETH,16,2.1646981954154228e-06,0.0,0.0,mark,4684.02,0.0,1.700465258255075
2025-10-07,ETH,16,-0.0003331800540871267,0.0003331245557766683,0.0,funding,4684.02,0.0,1.699898791521305
2025-10-07,ETH,16,0.015253207428175672,0.0,0.0,mark,4755.0,0.0,1.7260264591918826
2025-10-07,ETH,16,-0.07173130383623813,0.0,0.0,mark,4430.43,0.0,1.6065525637869889
2025-10-07,ETH,16,0.003949155331148078,0.0,0.0,mark,4447.7,0.0,1.6129096336752793
2025-10-08,ETH,16,0.0,0.0,0.0,mark,4447.7,0.0,1.6129096336752793
2025-10-08,ETH,16,-0.0014729157333860357,0.0014718315253882965,1.0150562244057217,rotation,4447.7,-0.00036809900916564626,1.6105357024288336
2025-10-08,BNB,17,-0.0010869091002385217,0.0010863186284915157,0.7491852610286315,entry,1304.43,0.0009249937602018321,1.6087861474934344
2025-10-08,BNB,17,-0.00024643693392880614,0.0002464065708418891,0.0,funding,1304.43,0.0,1.6083897320156126
2025-10-08,BNB,17,-0.023337699013305974,0.0,0.0,mark,1264.32,0.0,1.571288232293917
2025-10-08,BNB,17,0.04030802431715358,0.0,0.0,mark,1334.19,0.0,1.635917546319219
2025-10-08,BNB,17,-0.015263719088457568,0.0,0.0,mark,1307.4,0.0,1.611136963483412
2025-10-09,BNB,17,0.0,0.0,0.0,mark,1307.4,0.0,1.611136963483412
2025-10-09,BNB,17,-0.0002466376644703749,0.0002466072519018756,0.0,funding,1307.4,0.0,1.6107396454244098
2025-10-09,BNB,17,-0.04884954784426857,0.0,0.0,mark,1224.38,0.0,1.5339466634524537
2025-10-09,BNB,17,0.056059252792183004,0.0,0.0,mark,1320.0,0.0,1.6223945668029527
2025-10-09,BNB,17,-0.037556103783647744,0.0,0.0,mark,1255.35,0.0,1.5625937202059041
2025-10-10,BNB,17,0.0,0.0,0.0,mark,1255.35,0.0,1.5625937202059041
2025-10-10,BNB,17,-0.0002441752256449854,0.0002441454173008602,0.0,funding,1255.35,0.0,1.5622122201100128
2025-10-10,BNB,17,0.0136258196822162,0.0,0.0,mark,1278.52,0.0,1.5836443255338892
2025-10-10,BNB,17,-0.10436459853385703,0.0,0.0,mark,1108.849379951727,0.0,1.426700060699661
2025-10-10,BNB,17,-0.0010429731846347864,0.00104242947714338,0.718916880788538,stop,1108.849379951727,-0.0009249937602018321,1.4252128265013453
2025-10-25,BNB,18,-0.0007941897180100135,0.0007938744328268004,0.5474996088460692,entry,1109.0,0.0007036099774859217,1.424081386477049
2025-10-25,BNB,18,-0.00018003578661657935,0.0001800195811469281,0.0,funding,1109.0,0.0,1.4238250239423362
2025-10-25,BNB,18,0.0058584732343142255,0.0,0.0,mark,1120.89,0.0,1.4321909465746439
2025-10-25,BNB,18,-0.009839504604348705,0.0,0.0,mark,1100.96,0.0,1.4181679997233494
2025-10-25,BNB,18,0.007695216691484424,0.0,0.0,mark,1116.53,0.0,1.429123207072805
2025-10-26,BNB,18,0.0,0.0,0.0,mark,1116.53,0.0,1.429123207072805
2025-10-26,BNB,18,-0.00018061880142021875,0.00018060249082644782,0.0,funding,1116.53,0.0,1.4288651038619098
2025-10-26,BNB,18,-0.0010099826584608527,0.0,0.0,mark,1114.48,0.0,1.4274227034080638
2025-10-26,BNB,18,0.014130391172626754,0.0,0.0,mark,1143.35,0.0,1.4477359234580822
2025-10-26,BNB,18,-0.002510946567175225,0.0,0.0,mark,1138.19,0.0,1.4441052959742549
2025-10-27,BNB,18,0.0,0.0,0.0,mark,1138.19,0.0,1.4441052959742549
2025-10-27,BNB,18,-0.00018221263227785863,0.0001821960325643872,0.0,funding,1138.19,0.0,1.4438421857187231
2025-10-27,BNB,18,0.021410924354276446,0.0,0.0,mark,1182.6,0.0,1.4750895048188728
2025-10-27,BNB,18,-0.024705741363896843,0.0,0.0,mark,1131.44,0.0,1.4390928183706932
2025-10-27,BNB,18,0.0036310097629426363,0.0,0.0,mark,1138.88,0.0,1.4443276766031885
2025-10-28,BNB,18,0.0,0.0,0.0,mark,1138.88,0.0,1.4443276766031885
2025-10-28,BNB,18,-0.0001822950297930199,0.00018227841506362062,0.0,funding,1138.88,0.0,1.4440644068434647
2025-10-28,BNB,18,0.004889688480659423,0.0,0.0,mark,1148.94,0.0,1.4511427232169731
2025-10-28,BNB,18,-0.03701245677930338,0.0,0.0,mark,1074.0,0.0,1.3984141915041781
2025-10-28,BNB,18,0.014709012909744995,0.0,0.0,mark,1103.45,0.0,1.4191355053411385
2025-10-29,BNB,18,0.0,0.0,0.0,mark,1103.45,0.0,1.4191355053411385
2025-10-29,BNB,18,-0.00017975908035037185,0.00017974292465494735,0.0,funding,1103.45,0.0,1.4188804257749268
2025-10-29,BNB,18,0.008837284118594127,0.0,0.0,mark,1121.35,0.0,1.4314750443719246
2025-10-29,BNB,18,-0.019235443527051786,0.0,0.0,mark,1082.59,0.0,1.4042031216445703
2025-10-29,BNB,18,0.012503478251729875,0.0,0.0,mark,1107.7,0.0,1.421870768179242
2025-10-30,BNB,18,0.0,0.0,0.0,mark,1107.7,0.0,1.421870768179242
2025-10-30,BNB,18,-0.00018010432799560702,0.00018008811018475584,0.0,funding,1107.7,0.0,1.4216147061596736
2025-10-30,BNB,18,0.010756320254434754,0.0,0.0,mark,1129.55,0.0,1.4369885841677408
2025-10-30,BNB,18,-0.04305729065094287,0.0,0.0,mark,1043.48,0.0,1.3764288734055274
2025-10-30,BNB,18,0.018019524002832053,0.0,0.0,mark,1079.05,0.0,1.4014562803047017
2025-10-31,BNB,18,5.0205505595537975e-06,0.0,0.0,mark,1079.06,0.0,1.4014633164044765
2025-10-31,BNB,18,-0.00017800226240733422,0.0001779864209445971,0.0,funding,1079.06,0.0,1.4012138749647045
2025-10-31,BNB,18,0.012906791674617961,0.0,0.0,mark,1104.93,0.0,1.4194162650822655
2025-10-31,BNB,18,-0.016745502495983246,0.0,0.0,mark,1071.43,0.0,1.395845330836487
2025-10-31,BNB,18,0.008767632500915034,0.0,0.0,mark,1088.9,0.0,1.408137397143166
2025-11-01,BNB,18,0.0,0.0,0.0,mark,1088.9,0.0,1.408137397143166
2025-11-01,BNB,18,-6.446547095422266e-05,6.446339310038229e-05,0.044457512483022266,resize,1088.9,-5.749130857865992e-05,1.4080466238285947
2025-11-01,BNB,18,-0.00016417609563829295,0.0001641626194805722,0.0,funding,1088.9,0.0,1.4078154752064762
2025-11-01,BNB,18,0.0036786041507595856,0.0,0.0,mark,1096.93,0.0,1.4130038081178016
2025-11-01,BNB,18,-0.0069424786577622685,0.0,0.0,mark,1081.8,0.0,1.4032280326572346
2025-11-01,BNB,18,0.005844437512984406,0.0,0.0,mark,1094.53,0.0,1.4114531233124241
2025-11-02,BNB,18,4.577673741900042e-06,0.0,0.0,mark,1094.54,0.0,1.4114595844991131
2025-11-02,BNB,18,-0.00016462744930710629,0.0001646138989522395,0.0,funding,1094.54,0.0,1.4112272386336953
2025-11-02,BNB,18,0.00017396471080780173,0.0,0.0,mark,1094.92,0.0,1.41147276372788
2025-11-02,BNB,18,-0.01066762165773214,0.0,0.0,mark,1071.74,0.0,1.3964957329826098
2025-11-02,BNB,18,0.005311218561044735,0.0,0.0,mark,1083.25,0.0,1.4039325588617324
2025-11-03,BNB,18,0.0,0.0,0.0,mark,1083.25,0.0,1.4039325588617324
2025-11-03,BNB,18,-0.00016380280397098725,0.00016378938902426884,0.0,funding,1083.25,0.0,1.4037026096056853
2025-11-03,BNB,18,0.0018348965091700736,0.0,0.0,mark,1087.24,0.0,1.4062806230946252
2025-11-03,BNB,18,-0.060151349652364385,0.0,0.0,mark,960.18,0.0,1.3241847850232684
2025-11-03,BNB,18,0.016146516803747776,0.0,0.0,mark,993.54,0.0,1.3457393038180148
2025-11-04,BNB,18,0.0,0.0,0.0,mark,993.54,0.0,1.3457393038180148
2025-11-04,BNB,18,-0.00015673347579330888,0.00015672119374370014,0.0,funding,993.54,0.0,1.3455283979478525
2025-11-04,BNB,18,0.0041116257312146616,0.0,0.0,mark,1002.12,0.0,1.3510720961270768
2025-11-04,BNB,18,-0.05976959691499177,0.0,0.0,mark,880.8,0.0,1.2726849792152477
2025-11-04,BNB,18,0.02801871958078059,0.0,0.0,mark,936.77,0.0,1.3088482411139872
2025-11-05,BNB,18,9.873038890843957e-06,0.0,0.0,mark,936.79,0.0,1.3088611634873655
2025-11-05,BNB,18,-0.00015194449484866895,0.00015193295186846043,0.0,funding,936.79,0.0,1.3086623043472108
2025-11-05,BNB,18,-0.018135022524960426,0.0,0.0,mark,900.39,0.0,1.2851435847989865
2025-11-05,BNB,18,0.03404397383363777,0.0,0.0,mark,969.27,0.0,1.3296482387133186
2025-11-05,BNB,18,-0.00484186733026819,0.0,0.0,mark,959.33,0.0,1.3232258191443804
2025-11-06,BNB,18,-4.882917465989692e-06,0.0,0.0,mark,959.32,0.0,1.3232193579576914
2025-11-06,BNB,18,-0.00015391054817963466,0.00015389870455887608,0.0,funding,959.32,0.0,1.3230157162126546
2025-11-06,BNB,18,0.0028820982210108173,0.0,0.0,mark,965.23,0.0,1.3268342775458966
2025-11-06,BNB,18,-0.019750175027903376,0.0,0.0,mark,925.07,0.0,1.300886151802581
2025-11-06,BNB,18,0.012502317298318006,0.0,0.0,mark,950.4,0.0,1.317252337686002
2025-11-07,BNB,18,0.0,0.0,0.0,mark,950.4,0.0,1.317252337686002
2025-11-07,BNB,18,-0.00015317010879853664,0.0001531583788562761,0.0,funding,950.4,0.0,1.3170505894534172
2025-11-07,BNB,18,0.021931942696172775,0.0,0.0,mark,995.6,0.0,1.3462551532880256
2025-11-07,BNB,18,-0.03412328181812595,0.0,0.0,mark,925.7,0.0,1.301091458331408
2025-11-07,BNB,18,0.03198527492279561,0.0,0.0,mark,991.15,0.0,1.3433799252113883
2025-11-08,BNB,18,-4.809661143343912e-06,0.0,0.0,mark,991.14,0.0,1.3433734640246993
2025-11-08,BNB,18,-0.00015663022101531436,0.00015661795514259713,0.0,funding,991.14,0.0,1.3431630676197708
2025-11-08,BNB,18,0.0077960946063085085,0.0,0.0,mark,1007.41,0.0,1.3536754183628918
2025-11-08,BNB,18,-0.013145137818828586,0.0,0.0,mark,980.05,0.0,1.3359976115815893
2025-11-08,BNB,18,0.005296127125289883,0.0,0.0,mark,991.03,0.0,1.343091994566191
2025-11-09,BNB,18,-9.621407614908816e-06,0.0,0.0,mark,991.01,0.0,1.3430790721928128
2025-11-09,BNB,18,-0.00015664400569346344,0.00015663173766188918,0.0,funding,991.01,0.0,1.342868703383918
2025-11-09,BNB,18,0.00774050597605188,0.0,0.0,mark,1007.16,0.0,1.3533035198867702
2025-11-09,BNB,18,-0.015066290168557806,0.0,0.0,mark,975.84,0.0,1.3330670831765947
2025-11-09,BNB,18,0.010026186907393287,0.0,0.0,mark,996.63,0.0,1.3464998903031766
2025-11-10,BNB,18,0.0,0.0,0.0,mark,996.63,0.0,1.3464998903031766
2025-11-10,BNB,18,-0.0001571321544033251,0.00015711980979297155,0.0,funding,996.63,0.0,1.346288328496526
2025-11-10,BNB,18,-0.009843577524334984,0.0,0.0,mark,976.22,0.0,1.3331010464641286
2025-11-10,BNB,18,0.020788167817235338,0.0,0.0,mark,1019.56,0.0,1.3611038295745692
2025-11-10,BNB,18,-0.013178739689846855,0.0,0.0,mark,991.98,0.0,1.343283876686107
2025-11-11,BNB,18,4.809981912199973e-06,0.0,0.0,mark,991.99,0.0,1.343290337872796
2025-11-11,BNB,18,-0.00015677425910092684,0.00015676197065891034,0.0,funding,991.99,0.0,1.343079761032264
2025-11-11,BNB,18,-0.0174262709198641,0.0,0.0,mark,956.08,0.0,1.3198776396318042
2025-11-11,BNB,18,0.025385128389103718,0.0,0.0,mark,1008.6,0.0,1.3538117921228134
2025-11-11,BNB,18,-0.024406548918031033,0.0,0.0,mark,958.08,0.0,1.3211698769696185
2025-11-12,BNB,18,0.0,0.0,0.0,mark,958.08,0.0,1.3211698769696185
2025-11-12,BNB,18,-0.00015395005619448234,0.00015393820649262617,0.0,funding,958.08,0.0,1.3209664984482856
2025-11-12,BNB,18,-0.009919593605418262,0.0,0.0,mark,937.9,0.0,1.307927823709737
2025-11-12,BNB,18,0.019911260940096372,0.0,0.0,mark,978.61,0.0,1.3342313147209515
2025-11-12,BNB,18,-0.012548168577440033,0.0,0.0,mark,952.86,0.0,1.3175937589965894
2025-11-13,BNB,18,4.903765521662132e-06,0.0,0.0,mark,952.87,0.0,1.3176002201832784
2025-11-13,BNB,18,-0.00015352766471675376,0.00015351587994797387,0.0,funding,952.87,0.0,1.3173979476260573
2025-11-13,BNB,18,0.009435753833415533,0.0,0.0,mark,972.2,0.0,1.3298874214960348
2025-11-13,BNB,18,-0.032832073429165526,0.0,0.0,mark,905.72,0.0,1.28693345238708
2025-11-13,BNB,18,0.010701692191131679,0.0,0.0,mark,927.15,0.0,1.3007797754617625
2025-11-14,BNB,18,0.0,0.0,0.0,mark,927.15,0.0,1.3007797754617625
2025-11-14,BNB,18,-0.00015131514388396988,0.0001513036963250204,0.0,funding,927.15,0.0,1.3005829626736303
2025-11-14,BNB,18,0.003417049239034388,0.0,0.0,mark,934.04,0.0,1.3050347203024013
2025-11-14,BNB,18,-0.023118867192125,0.0,0.0,mark,887.88,0.0,1.2752098825456422
2025-11-14,BNB,18,0.013772454129201658,0.0,0.0,mark,915.25,0.0,1.292894150513634
2025-11-15,BNB,18,4.997447425741967e-06,0.0,0.0,mark,915.26,0.0,1.292900611700323
2025-11-15,BNB,18,-0.000150284879128192,0.00015027358692139975,0.0,funding,915.26,0.0,1.29270632288787
2025-11-15,BNB,18,0.014863553418937653,0.0,0.0,mark,945.22,0.0,1.3120640382083315
2025-11-15,BNB,18,-0.015038505233302581,0.0,0.0,mark,914.91,0.0,1.2924801813537523
2025-11-15,BNB,18,0.008645884570681413,0.0,0.0,mark,932.28,0.0,1.3037032626326714
2025-11-16,BNB,18,-4.9560378386362055e-06,0.0,0.0,mark,932.27,0.0,1.3036968014459824
2025-11-16,BNB,18,-0.00015181035119945098,0.00015179882859123024,0.0,funding,932.27,0.0,1.3034989017986849
2025-11-16,BNB,18,0.008636997991366305,0.0,0.0,mark,949.77,0.0,1.314805978504562
2025-11-16,BNB,18,-0.0206598344752429,0.0,0.0,mark,908.16,0.0,1.2879209806913308
2025-11-16,BNB,18,0.009188489254178618,0.0,0.0,mark,926.56,0.0,1.2998095641992244
2025-11-17,BNB,18,1.4912504164190035e-05,0.0,0.0,mark,926.59,0.0,1.2998289477592917
2025-11-17,BNB,18,-0.00015133437126500974,0.00015132292079665202,0.0,funding,926.59,0.0,1.2996322538463807
2025-11-17,BNB,18,0.006422460534664456,0.0,0.0,mark,939.55,0.0,1.3080059517954188
2025-11-17,BNB,18,-0.02391027969822697,0.0,0.0,mark,891.72,0.0,1.2771020958615844
2025-11-17,BNB,18,0.00788153562639827,0.0,0.0,mark,907.36,0.0,1.287207391843294
2025-11-18,BNB,18,0.0,0.0,0.0,mark,907.36,0.0,1.287207391843294
2025-11-18,BNB,18,-0.00014964661961960923,0.00014963542312271353,0.0,funding,907.36,0.0,1.287014780020569
2025-11-18,BNB,18,0.016248479958702718,0.0,0.0,mark,939.99,0.0,1.3080976321870128
2025-11-18,BNB,18,-0.027842010488701184,0.0,0.0,mark,884.4,0.0,1.2721798953824581
2025-11-18,BNB,18,0.02427932056727056,0.0,0.0,mark,932.79,0.0,1.3034455777708804
2025-11-19,BNB,18,0.0,0.0,0.0,mark,932.79,0.0,1.3034455777708804
2025-11-19,BNB,18,-0.00015192431234458672,0.00015191277243063378,0.0,funding,932.79,0.0,1.3032475677394488
2025-11-19,BNB,18,0.004091683901060464,0.0,0.0,mark,941.06,0.0,1.3085909691313118
2025-11-19,BNB,18,-0.034499159752139935,0.0,0.0,mark,872.38,0.0,1.264215538950761
2025-11-19,BNB,18,0.012892917303622298,0.0,0.0,mark,897.77,0.0,1.2806204919543163
2025-11-20,BNB,18,5.045343589411911e-06,0.0,0.0,mark,897.78,0.0,1.2806269531410053
2025-11-20,BNB,18,-0.00014882740742574777,0.00014881633317660517,0.0,funding,897.78,0.0,1.2804363749336718
2025-11-20,BNB,18,0.009651839994148625,0.0,0.0,mark,917.0,0.0,1.2928547757500695
2025-11-20,BNB,18,-0.026038805381857023,0.0,0.0,mark,865.57,0.0,1.259624892608169
2025-11-20,BNB,18,0.0004820523764403207,0.0,0.0,mark,866.51,0.0,1.2602322441569418
2025-11-21,BNB,18,0.0,0.0,0.0,mark,866.51,0.0,1.2602322441569418
2025-11-21,BNB,18,-0.00014596811483001966,0.00014595746200302655,0.0,funding,866.51,0.0,1.2600483038570502
2025-11-21,BNB,18,0.005532868587213912,0.0,0.0,mark,877.33,0.0,1.267039307854627
2025-11-21,BNB,18,-0.04513390747742647,0.0,0.0,mark,790.79,0.0,1.2111241982473924
2025-11-21,BNB,18,0.020942583131827706,0.0,0.0,mark,830.46,0.0,1.2367557258429436
2025-11-22,BNB,18,5.224289386001329e-06,0.0,0.0,mark,830.47,0.0,1.2367621870296326
2025-11-22,BNB,18,-0.0006292955845633069,0.000629097619625161,0.4338604273276972,rotation,830.47,-0.0006461186689072618,1.2359841428817298
2025-12-05,BNB,19,-0.0007247373144570303,0.0007244747558020435,0.49963776262209897,entry,899.92,0.0006862213883298739,1.2350887035716402
2025-12-05,BNB,19,-0.000164284541194326,0.00016427104722792606,0.0,funding,899.92,0.0,1.234885814256885
2025-12-05,BNB,19,-0.016664490323569495,0.0,0.0,mark,870.18,0.0,1.2144775901679545
2025-12-05,BNB,19,0.0211002077865289,0.0,0.0,mark,907.92,0.0,1.2403755853635239
2025-12-05,BNB,19,-0.013562876866935879,0.0,0.0,mark,883.57,0.0,1.2236660945576916
2025-12-06,BNB,19,0.0,0.0,0.0,mark,883.57,0.0,1.2236660945576916
2025-12-06,BNB,19,-0.00016280534497270578,0.0001627920929017148,0.0,funding,883.57,0.0,1.2234668913931457
2025-12-06,BNB,19,0.008005320543699125,0.0,0.0,mark,897.9,0.0,1.2333004438879127
2025-12-06,BNB,19,-0.011128700919836424,0.0,0.0,mark,878.01,0.0,1.2196515004740316
2025-12-06,BNB,19,0.006935715231550803,0.0,0.0,mark,890.38,0.0,1.228140059047672
2025-12-07,BNB,19,0.0,0.0,0.0,mark,890.38,0.0,1.228140059047672
2025-12-07,BNB,19,-0.00016346254844133444,0.0001634491891670181,0.0,funding,890.38,0.0,1.2279393205508373
2025-12-07,BNB,19,-0.011324503183445654,0.0,0.0,mark,870.23,0.0,1.2141119595759904
2025-12-07,BNB,19,0.020015703031653412,0.0,0.0,mark,906.0,0.0,1.2386580986365499
2025-12-07,BNB,19,-0.006463911218029604,0.0,0.0,mark,894.37,0.0,1.2306773438902734
2025-12-08,BNB,19,5.575949525589592e-06,0.0,0.0,mark,894.38,0.0,1.2306842061041567
2025-12-08,BNB,19,-0.0001638574923380801,0.00016384406843240133,0.0,funding,894.38,0.0,1.2304825657968732
2025-12-08,BNB,19,-0.0030440103057191997,0.0,0.0,mark,888.93,0.0,1.2267426592304753
2025-12-08,BNB,19,0.013534610064402751,0.0,0.0,mark,913.29,0.0,1.243459012250191
2025-12-08,BNB,19,-0.008963709775278083,0.0,0.0,mark,897.12,0.0,1.232362812400897
2025-12-09,BNB,19,5.56832347477071e-06,0.0,0.0,mark,897.13,0.0,1.2323696746147803
2025-12-09,BNB,19,-0.00016413654582829904,0.00016412307616245887,0.0,funding,897.13,0.0,1.2321674143128132
2025-12-09,BNB,19,0.01704607496853081,0.0,0.0,mark,928.0,0.0,1.2533510685705564
2025-12-09,BNB,19,-0.025631580961591585,0.0,0.0,mark,881.78,0.0,1.2216339160019496
2025-12-09,BNB,19,0.00868017828566104,0.0,0.0,mark,897.3,0.0,1.2322840719488293
2025-12-10,BNB,19,0.0,0.0,0.0,mark,897.3,0.0,1.2322840719488293
2025-12-10,BNB,19,-0.00016417905625013026,0.00016416557960636998,0.0,funding,897.3,0.0,1.232081773319918
2025-12-10,BNB,19,0.009809933022920183,0.0,0.0,mark,915.0,0.0,1.244227891893357
2025-12-10,BNB,19,-0.017093595291728558,0.0,0.0,mark,884.27,0.0,1.22314030862998
2025-12-10,BNB,19,0.00512589723726987,0.0,0.0,mark,893.43,0.0,1.2294260965470816
2025-12-11,BNB,19,0.0,0.0,0.0,mark,893.43,0.0,1.2294260965470816
2025-12-11,BNB,19,-0.0001638509465914838,0.0001638375237582392,0.0,funding,893.43,0.0,1.2292246704197796
2025-12-11,BNB,19,0.0007087332281128699,0.0,0.0,mark,894.7,0.0,1.2300961715829586
2025-12-11,BNB,19,-0.019809270264122294,0.0,0.0,mark,859.54,0.0,1.2059686275692802
2025-12-11,BNB,19,0.014893619266788664,0.0,0.0,mark,885.91,0.0,1.224064285579539
2025-12-12,BNB,19,5.606073740818523e-06,0.0,0.0,mark,885.92,0.0,1.2240711477934223
2025-12-12,BNB,19,-0.00016318436688733895,0.00016317105304262117,0.0,funding,885.92,0.0,1.2238714148152376
2025-12-12,BNB,19,-0.008638299370527912,0.0,0.0,mark,870.58,0.0,1.2133447787182574
2025-12-12,BNB,19,0.014313243885557471,0.0,0.0,mark,896.07,0.0,1.2308365619067858
2025-12-12,BNB,19,-0.008111336356991843,0.0,0.0,mark,881.58,0.0,1.220893213989886
2025-12-13,BNB,19,5.620634564675608e-06,0.0,0.0,mark,881.59,0.0,1.2209000762037694
2025-12-13,BNB,19,-0.00016280853145638152,0.00016279527886655702,0.0,funding,881.59,0.0,1.2207013194353955
2025-12-13,BNB,19,-0.0007141897816893595,0.0,0.0,mark,880.32,0.0,1.2198298182722165
2025-12-13,BNB,19,0.013355482173075936,0.0,0.0,mark,904.22,0.0,1.2362305094533004
2025-12-13,BNB,19,-0.004116138826517646,0.0,0.0,mark,896.82,0.0,1.2311524711796593
2025-12-14,BNB,19,0.0,0.0,0.0,mark,896.82,0.0,1.2311524711796593
2025-12-14,BNB,19,-0.0007250753396924986,0.0007248125360897539,0.49987071454465776,rotation,896.82,-0.0006862213883298739,1.2302601164347104
2026-05-12,BTC,1,-0.0019555865934636663,0.0019536756798566807,1.3473625378321936,entry,81745.66,1.6482373961286673e-05,0.9980463243201433
2026-05-12,BTC,1,-0.0004436302168500615,0.00044353182751540043,0.0,funding,81745.66,0.0,0.9976036590099725
2026-05-12,BTC,1,0.0006992954859244166,0.0,0.0,mark,81788.0,0.0,0.9983015227234934
2026-05-12,BTC,1,-0.03262962195826119,0.0,0.0,mark,79843.59,0.0,0.9662530299694279
2026-05-12,BTC,1,0.01121024119477133,0.0,0.0,mark,80504.47,0.0,0.9771459012729631
2026-05-13,BTC,1,0.0,0.0,0.0,mark,80504.47,0.0,0.9771459012729631
2026-05-13,BTC,1,-0.001970952976412069,0.001969011924044851,1.357939257961966,rotation,80504.47,-1.6482373961286673e-05,0.9752218893418251
2026-08-22,ETH,2,-0.0010869091002385217,0.0010863186284915157,0.7491852610286315,entry,2516.31,0.00029035447370450796,0.9741624876365204
2026-08-22,ETH,2,-0.00024643693392891716,0.0002464065708418891,0.0,funding,2516.31,0.0,0.973922447598499
2026-08-22,ETH,2,0.00407010984818397,0.0,0.0,mark,2529.99,0.0,0.9778944967987766
2026-08-22,ETH,2,-0.044004281956491316,0.0,0.0,mark,2385.0,0.0,0.93579600165636
2026-08-22,ETH,2,0.011598827610668756,0.0,0.0,mark,2422.6,0.0,0.9467133298676494
2026-08-23,ETH,2,0.0,0.0,0.0,mark,2422.6,0.0,0.9467133298676494
2026-08-23,ETH,2,-0.0010779380323394036,0.0010773572658341816,0.7430050109201252,rotation,2422.6,-0.00029035447370450796,0.9456933813830545
2026-08-23,LINK,3,-0.001182998168056148,0.0011822987015730425,0.8153784148779604,entry,11.648,0.06620003178852107,0.9445752893261591
2026-08-23,LINK,3,-0.0002682392014450171,0.000268203228526943,0.0,funding,11.648,0.0,0.944321951183975
2026-08-23,LINK,3,0.0067769988102170985,0.0,0.0,mark,11.745,0.0,0.9507433542674615
2026-08-23,LINK,3,-0.05326805490634672,0.0,0.0,mark,11.0,0.0,0.9014243305850134
2026-08-23,LINK,3,0.03910299085034921,0.0,0.0,mark,11.543,0.0,0.9373709478461802
2026-08-24,LINK,3,0.0,0.0,0.0,mark,11.543,0.0,0.9373709478461802
2026-08-24,LINK,3,-3.6779212788971835e-05,3.677853644204254e-05,0.025364507891063818,resize,11.543,-0.0020597723991595263,0.9373364727146152
2026-08-24,LINK,3,-0.0002595381888292547,0.00025950451170717666,0.0,funding,11.543,0.0,0.9370932296709581
2026-08-24,LINK,3,0.017975648864585924,0.0,0.0,mark,11.808,0.0,0.9540903984091389
2026-08-24,LINK,3,-0.03537452080628501,0.0,0.0,mark,11.291,0.0,0.920929884304839
2026-08-24,LINK,3,0.023267968863088236,0.0,0.0,mark,11.629,0.0,0.9426092919784431
2026-08-25,LINK,3,0.0,0.0,0.0,mark,11.629,0.0,0.9426092919784431
2026-08-25,LINK,3,-0.0002600092786197258,0.0002599754791366813,0.0,funding,11.629,0.0,0.9423642366761223
2026-08-25,LINK,3,0.02254508732585707,0.0,0.0,mark,11.964,0.0,0.9638512235715585
2026-08-25,LINK,3,-0.05632403343969363,0.0,0.0,mark,11.141,0.0,0.9110637900941139
2026-08-25,LINK,3,0.010504855615017097,0.0,0.0,mark,11.291,0.0,0.9206848290025181
2026-08-26,LINK,3,6.966338890442105e-05,0.0,0.0,mark,11.292,0.0,0.9207489692619074
2026-08-26,LINK,3,-0.0002584684187874444,0.0002584350187033532,0.0,funding,11.292,0.0,0.9205110154848151
2026-08-26,LINK,3,0.02341457652717871,0.0,0.0,mark,11.632,0.0,0.9423187036771979
2026-08-26,LINK,3,-0.03928733204837061,0.0,0.0,mark,11.066,0.0,0.9060153168628193
2026-08-26,LINK,3,0.0387426523881063,0.0,0.0,mark,11.624,0.0,0.941805581602083
2026-08-27,LINK,3,-6.810582229465457e-05,0.0,0.0,mark,11.623,0.0,0.9417414413426937
2026-08-27,LINK,3,-6.153361203422162e-05,6.153171888035423e-05,0.04243566819334774,resize,11.623,-0.0034383057152838,0.941683494373067
2026-08-27,LINK,3,-0.00024618434195350174,0.0002461540410750576,0.0,funding,11.623,0.0,0.9414516951755134
2026-08-27,LINK,3,0.022820378739712995,0.0,0.0,mark,11.981,0.0,0.9631829945908332
2026-08-27,LINK,3,-0.034037572873119634,0.0,0.0,mark,11.45,0.0,0.9309502571898979
2026-08-27,LINK,3,0.030122539997176484,0.0,0.0,mark,11.919,0.0,0.9594194734630405
2026-08-28,LINK,3,0.0,0.0,0.0,mark,11.919,0.0,0.9594194734630405
2026-08-28,LINK,3,-0.0002477871532248233,0.0002477564565235721,0.0,funding,11.919,0.0,0.9591817710939755
2026-08-28,LINK,3,0.008820900957254518,0.0,0.0,mark,12.059,0.0,0.9676800446083463
2026-08-28,LINK,3,-0.05208103131754143,0.0,0.0,mark,11.25,0.0,0.9185721640860175
2026-08-28,LINK,3,0.012020640648802672,0.0,0.0,mark,11.433,0.0,0.9296806216083737
2026-08-29,LINK,3,6.52912092957821e-05,0.0,0.0,mark,11.434,0.0,0.9297413235620478
2026-08-29,LINK,3,-0.00024529178715726045,0.0002452617055864777,0.0,funding,11.434,0.0,0.9295132936192767
2026-08-29,LINK,3,0.0056005258813738605,0.0,0.0,mark,11.52,0.0,0.9347336616352474
2026-08-29,LINK,3,-0.01570842357874971,0.0,0.0,mark,11.28,0.0,0.9201651927534688
2026-08-29,LINK,3,0.011673993002732452,0.0,0.0,mark,11.458,0.0,0.9309701405074546
2026-08-30,LINK,3,0.0,0.0,0.0,mark,11.458,0.0,0.9309701405074546
2026-08-30,LINK,3,-0.0002454822307403005,0.00024545210244277514,0.0,funding,11.458,0.0,0.9307416319291556
2026-08-30,LINK,3,0.022059751440004445,0.0,0.0,mark,11.8,0.0,0.9515017000856902
2026-08-30,LINK,3,-0.0529231762108615,0.0,0.0,mark,10.992,0.0,0.9024545215170354
2026-08-30,LINK,3,0.01017209055883737,0.0,0.0,mark,11.144,0.0,0.9116812184754952
2026-08-31,LINK,3,0.0,0.0,0.0,mark,11.144,0.0,0.9116812184754952
2026-08-31,LINK,3,-0.0002438061893410079,0.00024377647102720708,0.0,funding,11.144,0.0,0.9114589720453534
2026-08-31,LINK,3,0.023562533532712468,0.0,0.0,mark,11.502,0.0,0.9331902714606732
2026-08-31,LINK,3,-0.0322580571230054,0.0,0.0,mark,11.014,0.0,0.9035677180677232
2026-08-31,LINK,3,0.02067780738805981,0.0,0.0,mark,11.325,0.0,0.9224460256603614
2026-09-01,LINK,3,0.0,0.0,0.0,mark,11.325,0.0,0.9224460256603614
2026-09-01,LINK,3,-1.7108563391248204e-05,1.7108417040648386e-05,0.011798908303895437,resize,11.325,-0.0009610468937800778,0.9224302440690569
2026-09-01,LINK,3,-0.00024100155251492448,0.00024097251397364484,0.0,funding,11.325,0.0,0.9222079637341783
2026-09-01,LINK,3,-0.017184021601019756,0.0,0.0,mark,11.062,0.0,0.90649610525096
2026-09-01,LINK,3,0.029992915656104787,0.0,0.0,mark,11.524,0.0,0.9340964041834575
2026-09-01,LINK,3,-0.018721345324007606,0.0,0.0,mark,11.234,0.0,0.9167715412171712
2026-09-02,LINK,3,6.516231982295234e-05,0.0,0.0,mark,11.235,0.0,0.9168312821239515
2026-09-02,LINK,3,-0.00024054632068559305,0.00024051739173902315,0.0,funding,11.235,0.0,0.9166107682553103
2026-09-02,LINK,3,0.005070839607239979,0.0,0.0,mark,11.313,0.0,0.9212705589841735
2026-09-02,LINK,3,-0.026613740894545893,0.0,0.0,mark,10.908,0.0,0.8970754917381529
2026-09-02,LINK,3,0.013953775344705571,0.0,0.0,mark,11.119,0.0,0.9096808230687957
2026-09-03,LINK,3,0.0,0.0,0.0,mark,11.119,0.0,0.9096808230687957
2026-09-03,LINK,3,-0.00023993390504203335,0.0002399051232045716,0.0,funding,11.119,0.0,0.9094625859788605
2026-09-03,LINK,3,0.053771760876604714,0.0,0.0,mark,11.96,0.0,0.9597046885810909
2026-09-03,LINK,3,-0.06155315823784913,0.0,0.0,mark,11.001,0.0,0.9024131589787854
2026-09-03,LINK,3,0.05361608682393884,0.0,0.0,mark,11.833,0.0,0.9521175934199931
2026-09-04,LINK,3,-6.274727145283391e-05,0.0,0.0,mark,11.832,0.0,0.9520578525132128
2026-09-04,LINK,3,-0.00024395550713934865,0.00024392575241433026,0.0,funding,11.832,0.0,0.9518256210851966
2026-09-04,LINK,3,-0.02336827816623642,0.0,0.0,mark,11.464,0.0,0.9298409673900471
2026-09-04,LINK,3,0.04399197084307383,0.0,0.0,mark,12.164,0.0,0.9716596021362554
2026-09-04,LINK,3,-0.033256056064790464,0.0,0.0,mark,11.632,0.0,0.939877439729137
2026-09-05,LINK,3,6.356042362173949e-05,0.0,0.0,mark,11.633,0.0,0.9399371806359172
2026-09-05,LINK,3,-2.2462196590125044e-05,2.2461944316797217e-05,0.015490996080549805,resize,11.633,-0.0012516602064122778,0.9399160678193045
2026-09-05,LINK,3,-0.00023785996590569103,0.00023783167946673074,0.0,funding,11.633,0.0,0.9396925260023372
2026-09-05,LINK,3,0.03690529357577764,0.0,0.0,mark,12.237,0.0,0.9750200309329641
2026-09-05,LINK,3,-0.03946051683878742,0.0,0.0,mark,11.592,0.0,0.937294466892808
2026-09-05,LINK,3,0.02811874661071919,0.0,0.0,mark,12.049,0.0,0.9640240525770736
2026-09-06,LINK,3,-6.067381910063285e-05,0.0,0.0,mark,12.048,0.0,0.9639655633304998
2026-09-06,LINK,3,-0.00024019980227865754,0.00024017095661585776,0.0,funding,12.048,0.0,0.96373404679901
2026-09-06,LINK,3,-0.0004249219173147096,0.0,0.0,mark,12.041,0.0,0.9633246220729929
2026-09-06,LINK,3,0.07681434458161314,0.0,0.0,mark,13.356,0.0,1.040237981317652
2026-09-06,LINK,3,-0.006939921291630346,0.0,0.0,mark,13.233,0.0,1.0330438039890641
2026-09-07,LINK,3,5.6616757806150786e-05,0.0,0.0,mark,13.234,0.0,1.033102293235638
2026-09-07,LINK,3,-2.4756668916476722e-05,2.4756362472542292e-05,0.017073353429339508,resize,13.234,-0.0013328185417162755,1.0330767173807953
2026-09-07,LINK,3,-0.0002405840873117073,0.0002405551492807858,0.0,funding,13.234,0.0,1.0328282054568272
2026-09-07,LINK,3,0.02465184650339109,0.0,0.0,mark,13.685,0.0,1.0586057544993355
2026-09-07,LINK,3,-0.06002345763058529,0.0,0.0,mark,12.606,0.0,0.996933968652625
2026-09-07,LINK,3,0.008108213289902765,0.0,0.0,mark,12.748,0.0,1.005050181433193
2026-09-08,LINK,3,5.686761111918421e-05,0.0,0.0,mark,12.749,0.0,1.0051073378612252
2026-09-08,LINK,3,-8.071167290087572e-05,8.070841580158793e-05,0.05566097641488822,resize,12.749,-0.004388207375254902,1.005026217240276
2026-09-08,LINK,3,-0.0002199429069434389,0.00021991872127540306,0.0,funding,12.749,0.0,1.0048051931597322
2026-09-08,LINK,3,0.003041291143597909,0.0,0.0,mark,12.807,0.0,1.0078657499578332
2026-09-08,LINK,3,-0.02738753971757666,0.0,0.0,mark,12.291,0.0,0.9806373480988655
2026-09-08,LINK,3,0.012140899038466914,0.0,0.0,mark,12.518,0.0,0.992615734187985
2026-09-09,LINK,3,-5.316218702659697e-05,0.0,0.0,mark,12.517,0.0,0.992562965967328
2026-09-09,LINK,3,-2.2619850163019134e-05,2.2619594336162748e-05,0.015599720231836376,resize,12.517,-0.001237014027448434,0.9925405145956847
2026-09-09,LINK,3,-0.00021353039767927194,0.0002135076016864653,0.0,funding,12.517,0.0,0.9923285996508368
2026-09-09,LINK,3,0.008995168677084204,0.0,0.0,mark,12.691,0.0,1.001295029604364
2026-09-09,LINK,3,-0.019798536110969645,0.0,0.0,mark,12.310080922220362,0.0,0.9816658098981957
2026-09-09,LINK,3,-0.0009374305465505503,0.0009369912958021263,0.6462008936566388,stop,12.310080922220362,-0.05153120662946578,0.9807459975789345
2026-09-20,SOL,4,-0.0012287315145674128,0.0012279769330909474,0.846880643510998,entry,111.06,0.007478613376107363,0.9795416641166863
2026-09-20,SOL,4,-0.0002786168378321291,0.000278578027765385,0.0,funding,111.06,0.0,0.9792687853317826
2026-09-20,SOL,4,-0.028349256662047368,0.0,0.0,mark,107.4,0.0,0.9518970603752297
2026-09-20,SOL,4,0.031399374855755655,0.0,0.0,mark,111.46,0.0,0.9822602306822255
2026-09-20,SOL,4,-0.00221040785142821,0.0,0.0,mark,111.17,0.0,0.9800914328031544
2026-09-21,SOL,4,0.0,0.0,0.0,mark,111.17,0.0,0.9800914328031544
2026-09-21,SOL,4,-0.0012307712080902552,0.0012300141198395861,0.8482855998893697,rotation,111.17,-0.007478613376107363,0.9788859065020726
2026-09-21,AVAX,5,-0.0007788403868077829,0.0007785371693581495,0.536922185764241,entry,11.314,0.046454442330997284,0.9781238074392999
2026-09-21,AVAX,5,-0.00017655456647010248,0.0001765389816298373,0.0,funding,11.314,0.0,0.9779511304584267
2026-09-21,AVAX,5,0.022776998140411907,0.0,0.0,mark,11.799,0.0,1.0004815349889604
2026-09-21,AVAX,5,-0.04925033694813222,0.0,0.0,mark,10.764,0.0,0.9524011871763782
2026-09-21,AVAX,5,0.022522896393084024,0.0,0.0,mark,11.231,0.0,0.974095411744954
2026-09-22,AVAX,5,0.0,0.0,0.0,mark,11.231,0.0,0.974095411744954
2026-09-22,AVAX,5,-5.0880014873578695e-05,5.087872050754278e-05,0.03508877276382261,resize,11.231,-0.0030433454325528367,0.9740458510167521
2026-09-22,AVAX,5,-0.00016446236058574552,0.00016444883739302526,0.0,funding,11.231,0.0,0.9738856703089849
2026-09-22,AVAX,5,0.006575455981358473,0.0,0.0,mark,11.379,0.0,0.9803105126499546
2026-09-22,AVAX,5,-0.03859735694588035,0.0,0.0,mark,10.524,0.0,0.9431940248017846
2026-09-22,AVAX,5,0.035670399145711115,0.0,0.0,mark,11.313,0.0,0.9774453802546573
2026-09-23,AVAX,5,-4.441379723966047e-05,0.0,0.0,mark,11.312,0.0,0.9774019691577588
2026-09-23,AVAX,5,-0.00016507975435268955,0.00016506612943980375,0.0,funding,11.312,0.0,0.9772406331978031
2026-09-23,AVAX,5,-0.05661162418095198,0.0,0.0,mark,10.073,0.0,0.9234542841406305
2026-09-23,AVAX,5,0.06051314954287236,0.0,0.0,mark,11.4,0.0,0.9810608097248662
2026-09-23,AVAX,5,-0.05157441051355106,0.0,0.0,mark,10.264,0.0,0.9317458036482332
2026-09-24,AVAX,5,9.317793389950842e-05,0.0,0.0,mark,10.266,0.0,0.9318326258420302
2026-09-24,AVAX,5,-0.00015714090539979008,0.00015712855941449178,0.0,funding,10.266,0.0,0.9316862083239162
2026-09-24,AVAX,5,0.022301026237839795,0.0,0.0,mark,10.75,0.0,0.9526971792227633
2026-09-24,AVAX,5,-0.036377877154636744,0.0,0.0,mark,9.966,0.0,0.9186628792543828
2026-09-24,AVAX,5,0.011324012383940957,0.0,0.0,mark,10.207,0.0,0.929124953606908
2026-09-25,AVAX,5,0.0,0.0,0.0,mark,10.207,0.0,0.929124953606908
2026-09-25,AVAX,5,-1.866918609329336e-05,1.866901182512761e-05,0.01287518056905352,resize,10.207,-0.001172004658460117,0.9291076077621622
2026-09-25,AVAX,5,-0.00015246522647151606,0.00015245360423951862,0.0,funding,10.207,0.0,0.9289659619586325
2026-09-25,AVAX,5,0.02412349232041719,0.0,0.0,mark,10.744,0.0,0.951648354491504
2026-09-25,AVAX,5,-0.029823322313184165,0.0,0.0,mark,10.082,0.0,0.9236860754286343
2026-09-25,AVAX,5,0.025731524912671104,0.0,0.0,mark,10.652,0.0,0.9477623580054253
2026-09-25,AVAX,5,-0.0006885948941654414,0.0006883578671096783,0.47472956352391604,boundary_exit,10.652,-0.04223909223998433,0.9471099583301419
