date,net_return,event_low_ratio,event_high_ratio,internal_drawdown,turnover,cost_fraction,max_exposure,bankrupt,activity,equity
2021-01-01,0.006400209095575482,0.9944825480725066,1.0338997672174632,0.038124797388281007,0.44191398575690594,0.0007860557179110255,0.46097284351155277,0.0,1.0,1.0064002090955755
2021-01-02,0.03774742232345485,0.9889306364592896,1.0555632514874946,0.06312517505161974,0.0,0.00014658424386709693,0.47553182267002675,0.0,1.0,1.0443892228147194
2021-01-03,-0.024525658450459953,0.9573137998558414,1.1147106484328266,0.141199735373722,0.8132518918447313,0.0012931979335923098,0.4664915175932167,0.0,1.0,1.0187748894466242
2021-01-04,-0.01804607571218253,0.9819539242878175,1.0262205861802154,0.043135620634123906,0.3164118232186497,0.0005092593470602603,0.3314193699466471,0.0,1.0,1.000390000658
2021-01-05,0.0,1.0,1.0,0.0,0.0,0.0,0.0,0.0,0.0,1.000390000658
2021-01-06,0.0,1.0,1.0,0.0,0.0,0.0,0.0,0.0,0.0,1.000390000658
2021-01-07,0.0,1.0,1.0,0.0,0.0,0.0,0.0,0.0,0.0,1.000390000658
2021-01-08,-0.00045300903417733185,0.9849587064021548,1.008562310625611,0.02340321859619654,0.15210154450926952,0.00027053002310642666,0.15956810247509096,0.0,1.0,0.9999368149500012
2021-01-09,0.006798845615700211,0.9985237751077287,1.0163347603572075,0.017524723097357087,0.0,4.996702779162138e-05,0.16566651675178157,0.0,1.0,1.0067352309803013
2021-01-10,-0.0056145219265879565,0.9809539305962597,1.0113647767824134,0.03006911737909601,0.0,5.187546120141078e-05,0.16727967522120304,0.0,1.0,1.0010828939516938
2021-01-11,-0.015440518951756799,0.9514659202324415,1.0003471919329106,0.048864306407477076,0.0,5.027044585261837e-05,0.15340503451255227,0.0,1.0,0.9856256545553531
2021-01-12,-0.01194921600788268,0.9839505334097179,1.0048111519132998,0.016680117342715017,0.0,4.5840562928739194e-05,0.14399382680835823,0.0,1.0,0.9738482007061604
2021-01-13,0.009460431630860633,0.9949792598680116,1.009880222182074,0.005020740131988388,0.0,4.2536984036800694e-05,0.138032309183994,0.0,1.0,0.9830612250277777
2021-01-14,-0.0011424875915334587,0.9830051789612969,1.0116413234327437,0.02830661797629752,0.45631741706108697,0.000766373066689297,0.3270527897546224,0.0,1.0,0.9819380897764658
2021-01-15,-0.010443393802843759,0.9645618991785732,1.0205524923610751,0.05486302135519383,0.0,0.00010462555458102156,0.3322682983095727,0.0,1.0,0.971683323614918
2021-01-16,0.05025997987760933,0.9998770764699907,1.0670199016866941,0.06292556034856267,0.0,0.00010229487888792676,0.3547029742781655,0.0,1.0,1.0205201079072124
2021-01-17,-0.003254318265993872,0.9913510680483473,1.0017572559118002,0.008648931951652727,0.5002863277565675,0.000776669829271865,0.3443152566615608,0.0,1.0,1.017199010679236
2021-01-18,-0.008533979903374678,0.9856909151605324,1.0126224256442,0.020892689132492315,0.4638182451869084,0.0007743598123009985,0.3190854221834387,0.0,1.0,1.0085182547643667
2021-01-19,-0.0034062807498831393,0.992327658453621,1.0153069590132078,0.022632860294704127,0.0,0.0001000762434023879,0.31513894478891635,0.0,1.0,1.0050829584472571
2021-01-20,0.006585075479283331,0.96954929134798,1.0078857320457972,0.038036495089579514,0.0,9.931143216778429e-05,0.30783669742887115,0.0,1.0,1.0117015055915737
2021-01-21,-0.01604556648160249,0.9817583783007992,1.0001308503976236,0.018370068366074355,0.4625025367648907,0.0007217184843254533,0.3070329952337858,0.0,1.0,0.9954681818240667
2021-01-22,0.04140895907049802,0.9704317449724766,1.0529129112025934,0.07833617135144655,0.46051768159868445,0.000772363779815409,0.3531999304793291,0.0,1.0,1.0366894830212026
2021-01-23,0.00023579843466547956,0.9960435933158005,1.0049173087582772,0.008830294159667296,0.5025363068102934,0.0007801533436539893,0.34589273568665707,0.0,1.0,1.0369339327785332
2021-01-24,0.005627349399633941,0.9915047177463068,1.0185187354527,0.026522848098995966,0.4397841514096329,0.0007303622348570202,0.2956180769403928,0.0,1.0,1.0427691223226145
2021-01-25,-0.01738611830075365,0.9741807802327276,1.0103596722616428,0.03580793357273504,0.568546123228108,0.0009170628357933346,0.29010007118705544,0.0,1.0,1.0246394150015405
2021-01-26,-0.002908231077035639,0.9803378598135786,1.0072498603517612,0.02671829661885905,0.0,8.872437863267381e-05,0.2753968236805919,0.0,1.0,1.0216595268120774
2021-01-27,-0.024913343213690986,0.9671743492189212,1.001436648360999,0.0328256507810788,0.0,8.803543622896984e-05,0.26915276871610816,0.0,1.0,0.996206572373071
2021-01-28,0.02438283662536911,0.994472717247144,1.041722019018849,0.04535691951314125,0.0,8.193935620754689e-05,0.27954374441086693,0.0,1.0,1.0204969144723626
2021-01-29,-0.0031835391842044425,0.9886500299742498,1.0141483453329887,0.017090088049694807,0.0,8.775818968457867e-05,0.2776566583945042,0.0,1.0,1.01724812255778
2021-01-30,-0.010229799896935066,0.9897702001030649,1.0034080442081013,0.013591523591780175,0.32679519005961677,0.00048554814786122796,0.26509710317987256,0.0,1.0,1.0068418778184811
2021-01-31,0.0,1.0,1.0,0.0,0.0,0.0,0.0,0.0,0.0,1.0068418778184811
2021-02-01,0.0,1.0,1.0,0.0,0.0,0.0,0.0,0.0,0.0,1.0068418778184811
2021-02-02,0.0,1.0,1.0,0.0,0.0,0.0,0.0,0.0,0.0,1.0068418778184811
2021-02-03,0.0,1.0,1.0,0.0,0.0,0.0,0.0,0.0,0.0,1.0068418778184811
2021-02-04,0.0,1.0,1.0,0.0,0.0,0.0,0.0,0.0,0.0,1.0068418778184811
2021-02-05,0.0,1.0,1.0,0.0,0.0,0.0,0.0,0.0,0.0,1.0068418778184811
2021-02-06,0.008171999987260703,0.9981747129251212,1.0090876828437019,0.010814689450798665,0.03531066140079914,6.280209169331653e-05,0.04406073574983062,0.0,1.0,1.0150697896311873
2021-02-07,0.01517003153926999,0.9966062017096073,1.0221912212161703,0.02502958250426246,0.0,1.4191023374199462e-05,0.0639781527469399,0.0,1.0,1.0304684303544527
2021-02-08,0.0003243859392538795,0.9928638493367705,1.0033376031638863,0.007180402674587083,0.02224090769816401,4.384902417606448e-05,0.05754638035087518,0.0,1.0,1.0308026998241047
2021-02-09,-0.003943800466795988,0.9928825643774287,1.0022965671160722,0.009392432387282823,0.0,1.1707898710197739e-05,0.037840528329072344,0.0,1.0,1.0267374196553638
2021-02-10,0.0011439616018316112,0.9981665056879738,1.005277466676499,0.007073630141173348,0.0,1.04517684791605e-05,0.036905676284042475,0.0,1.0,1.0279119678386133
2021-02-11,-0.0013586671585565924,0.9979228615206295,1.0013550938783422,0.0034275876546644435,0.0,1.0818593608949746e-05,0.0342487720344972,0.0,1.0,1.0265153776060236
2021-02-12,7.346208642289298e-05,0.9959978731892735,1.001533493235806,0.005527144208275825,0.0,1.0390275342058577e-05,0.03311748639737046,0.0,1.0,1.0265907875674078
2021-02-13,-0.0016132670402672078,0.9980956570817066,1.0008718983601812,0.002773822786935276,0.0,1.0418244576059567e-05,0.03255983929093807,0.0,1.0,1.0249346224859834
2021-02-14,-0.0016313668828673578,0.9951275768333016,1.000092875242205,0.0048724231666984474,0.0,9.905625853324709e-06,0.030251676735063345,0.0,1.0,1.0232625780857556
2021-02-15,-0.002826257148553446,0.9930674170268885,1.0006843972509465,0.0076117707490825914,0.0,9.390084968728883e-06,0.029250631915188657,0.0,1.0,1.0203705749095935
2021-02-16,-0.001391119284279596,0.9972940492279013,1.0015210150524796,0.004220546310110707,0.0,8.482006043194492e-06,0.027320948635230154,0.0,1.0,1.0189511177257253
2021-02-17,-0.0018199339154856276,0.9973931450183453,1.0007396313583876,0.002628363426759428,0.0,8.051077551972756e-06,0.02521346457672357,0.0,1.0,1.0170966940283543
2021-02-18,0.00424939594140894,0.9997087471287835,1.0068926607682753,0.007134736322350732,0.0,7.459522028034889e-06,0.029411283961684635,0.0,1.0,1.0214187405919788
2021-02-19,-0.001728997890686701,0.9976430135456196,1.0004113427955224,0.002767190985826895,0.0,8.823529113676064e-06,0.027265567569601818,0.0,1.0,1.0196527097439874
2021-02-20,-0.05381189182485735,0.9461881081751427,1.0009313829694084,0.05469233528462458,0.5284027045427667,0.0008555552407859483,0.2731038987362036,0.0,1.0,0.9647832684283213
2021-02-21,0.0,1.0,1.0,0.0,0.0,0.0,0.0,0.0,0.0,0.9647832684283213
2021-02-22,0.0,1.0,1.0,0.0,0.0,0.0,0.0,0.0,0.0,0.9647832684283213
2021-02-23,0.0,1.0,1.0,0.0,0.0,0.0,0.0,0.0,0.0,0.9647832684283213
2021-02-24,0.0,1.0,1.0,0.0,0.0,0.0,0.0,0.0,0.0,0.9647832684283213
2021-02-25,0.0,1.0,1.0,0.0,0.0,0.0,0.0,0.0,0.0,0.9647832684283213
2021-02-26,0.0,1.0,1.0,0.0,0.0,0.0,0.0,0.0,0.0,0.9647832684283213
2021-02-27,0.0,1.0,1.0,0.0,0.0,0.0,0.0,0.0,0.0,0.9647832684283213
2021-02-28,0.0,1.0,1.0,0.0,0.0,0.0,0.0,0.0,0.0,0.9647832684283213
2021-03-01,0.0,1.0,1.0,0.0,0.0,0.0,0.0,0.0,0.0,0.9647832684283213
2021-03-02,0.0,1.0,1.0,0.0,0.0,0.0,0.0,0.0,0.0,0.9647832684283213
2021-03-03,0.0,1.0,1.0,0.0,0.0,0.0,0.0,0.0,0.0,0.9647832684283213
2021-03-04,0.0,1.0,1.0,0.0,0.0,0.0,0.0,0.0,0.0,0.9647832684283213
2021-03-05,0.0,1.0,1.0,0.0,0.0,0.0,0.0,0.0,0.0,0.9647832684283213
2021-03-06,0.0,1.0,1.0,0.0,0.0,0.0,0.0,0.0,0.0,0.9647832684283213
2021-03-07,0.0,1.0,1.0,0.0,0.0,0.0,0.0,0.0,0.0,0.9647832684283213
2021-03-08,0.0,1.0,1.0,0.0,0.0,0.0,0.0,0.0,0.0,0.9647832684283213
2021-03-09,0.034124394610625775,0.9963157223508644,1.036809491558894,0.03905613281678699,0.1580375472276081,0.00028108833112997796,0.1882005487077151,0.0,1.0,0.9977059133938986
2021-03-10,-0.008055741892264878,0.98405491367166,1.0011377182156886,0.01594508632834002,0.027989873396768634,9.25181850892602e-05,0.18605412704453456,0.0,1.0,0.9896686520712109
2021-03-11,0.006245073599872919,0.9965094716658718,1.0199734459196237,0.02300449521271275,0.0,4.9713408683314055e-05,0.16802733144265078,0.0,1.0,0.9958492056428826
2021-03-12,-0.014534408645244357,0.9770030165809328,1.0002024122193622,0.023194700747573682,0.0,5.143831385676018e-05,0.15689867266429944,0.0,1.0,0.9813751263390269
2021-03-13,0.007112921737798761,0.9956771052006984,1.0115002437866676,0.01564323754063912,0.0,4.740126817805227e-05,0.1540666318324501,0.0,1.0,0.9883555708080988
2021-03-14,-0.022214521426592304,0.9775508051269758,1.0000218945730535,0.022470597461940023,0.6376180293818435,0.001084735973642632,0.48822077421494,0.0,1.0,0.9663997248032904
2021-03-15,-0.009190354859570427,0.9784755836942436,1.0083821279910368,0.029657947584191047,0.8415179207549719,0.0013401628039736077,0.47657735013414987,0.0,1.0,0.957518168396157
2021-03-16,0.01051249769677165,0.9891197962485059,1.0136228759918002,0.011168388754678404,0.0,0.00011838678620251875,0.3688695905734403,0.0,1.0,0.9675840759360386
2021-03-17,-0.004867059699901977,0.9866208369615229,1.001804487411855,0.015156301095794356,0.0,0.0001205355957995387,0.3681875824170923,0.0,1.0,0.9628747864737833
2021-03-18,-0.04685874262760825,0.950770743471553,1.0280814724424876,0.07519902949642876,0.7877017618817755,0.0012814721913490038,0.4405146886376803,0.0,1.0,0.917755684671795
2021-03-19,0.020995125470369747,0.9839925341242662,1.0365174399640888,0.050674406251806414,0.0,0.00013030152329914914,0.41791213645704595,0.0,1.0,0.9370240804226244
2021-03-20,-0.0009404886428227011,0.9951731118907617,1.023549710426464,0.023926731471676788,1.2089527262356918,0.0020160688240084034,0.8059383257903426,0.0,1.0,0.9361428199169356
2021-03-21,0.03070523577275397,0.9670894473209033,1.0457685937148413,0.07523571358597536,1.6210886589867401,0.0026202753266637204,0.829393362249495,0.0,1.0,0.9648873059194558
2021-03-22,-0.053771593355797065,0.9395735383110652,1.0374392490925017,0.09433391966521831,0.0,0.0002716714619452815,0.8334087356023155,0.0,1.0,0.9130037780713843
2021-03-23,-0.010611294655568648,0.9747710009649672,1.033379721354328,0.056715570451246644,0.0,0.0002685422599914184,0.823510082952101,0.0,1.0,0.9033156259606214
2021-03-24,-0.037492149210146763,0.9447048004347889,1.0489050069247245,0.09934189064025856,0.04960962084132491,0.0003236412266700196,0.815688532489662,0.0,1.0,0.8694483817282487
2021-03-25,0.04191730178290887,0.9586505926450589,1.0628443538143726,0.098032944142178,1.4649581029134813,0.002356966197567792,0.7571704096123589,0.0,1.0,0.9058933119298134
2021-03-26,0.12547086871371138,0.9965843282538118,1.1493032364501856,0.1328795598523428,1.4792842679954818,0.002394339128110005,0.7910802854707194,0.0,1.0,1.0195565327395881
2021-03-27,-0.012612377445163858,0.977072057696896,1.0350526463811802,0.056017043081817874,0.020221701626544134,0.0002811348835786998,0.7866563136003931,0.0,1.0,1.0066975009219938
2021-03-28,-0.0002858874330466943,0.9839716415005312,1.0091595952068066,0.024959336289235523,0.19160951026532638,0.000465853626355459,0.7637358873078691,0.0,1.0,1.0064096987576008
2021-03-29,0.009979935335959311,0.9962125818616856,1.0199680153074913,0.02329037096192088,0.0,0.0001880931153381831,0.5810241786182215,0.0,1.0,1.016453602472684
2021-03-30,0.01076900686357729,0.9949994477112113,1.0173619298990297,0.021980852173265286,0.0,0.00018951722876275412,0.5842878314742108,0.0,1.0,1.0273997982942202
2021-03-31,0.23298582633937182,0.9959068726888233,1.2736081771289298,0.21804296598198925,0.011307613265567786,0.00020375637137771385,0.6627474652287916,0.0,1.0,1.266769389280703
2021-04-01,-0.047296319574221646,0.9325255350512323,1.0106768039786536,0.07732567782279076,0.07091874284322128,0.00029368204402554924,0.6517582900909606,0.0,1.0,1.2068558594184413
2021-04-02,0.023981957898753903,0.995233974307708,1.0252612254009514,0.029287415099016,0.25659426062887747,0.00047183158051833325,0.5601559159908015,0.0,1.0,1.235798625828879
2021-04-03,0.02917988133079019,0.9856262169296413,1.0605423796994164,0.02957213117453661,0.02342027740939121,0.0001315489924461964,0.33721328656256266,0.0,1.0,1.2718590830793193
2021-04-04,0.0762374729148716,0.9950052400000633,1.0788625720036804,0.07772753840915625,0.02117017708363338,0.00012791157078436395,0.3474353377725453,0.0,1.0,1.3688224054771123
2021-04-05,0.02061414421879304,0.9955259383745274,1.0501898604689377,0.052051466265348734,0.049130651476476564,0.00016872327061272853,0.3458259088670399,0.0,1.0,1.3970395079535327
2021-04-06,-0.025051671894049,0.9491193617250355,1.004311157681181,0.05495487681683808,0.03998342705116325,0.0001470337551319595,0.31103734738308064,0.0,1.0,1.3620413325772571
2021-04-07,-0.027695571443625777,0.9581519359664932,1.0035213654488742,0.04521022774845196,0.0,8.294517548943806e-05,0.25523080997308273,0.0,1.0,1.3243188195416924
2021-04-08,0.027234201983890483,0.9983742844813658,1.0328051294553502,0.03333721337358331,0.0,7.592930084509033e-05,0.2558083617443755,0.0,1.0,1.3603855857641582
2021-04-09,-0.015679601479805072,0.9812214098763196,1.0032813158807479,0.02198775722745594,0.0,8.271784451143766e-05,0.2543020276750313,0.0,1.0,1.339055281920505
2021-04-10,0.021586814039489255,0.9928166619789371,1.0242380591537805,0.030677826208492576,0.0,7.882962886024362e-05,0.25800112509423156,0.0,1.0,1.3679612192799189
2021-04-11,-0.004382576425227547,0.987305323446952,1.0224040572045308,0.03432961118478561,0.5032460739089132,0.0008108922884044959,0.26407393219065817,0.0,1.0,1.3619660246896772
2021-04-12,0.018847583455901873,0.9945327705166547,1.019909810472398,0.0248816510000911,0.025817570483643866,0.00010921035494749413,0.24427417629022616,0.0,1.0,1.3876357930041188
2021-04-13,0.0483288066271057,0.9924214779144851,1.062037798471976,0.06554975788776307,0.01602634957531055,9.453470547684484e-05,0.26282238734671565,0.0,1.0,1.4546985749130652
2021-04-14,0.0045435169284788746,0.9713035022413676,1.0205433070103334,0.048248618584558534,0.035820078640547134,0.00012335408532895871,0.253178107565585,0.0,1.0,1.4613080225140167
2021-04-15,-0.009333165785936792,0.9779716379724994,1.0059894951550814,0.027851043492519656,0.0,7.259384114630489e-05,0.22573512053746989,0.0,1.0,1.447669392475574
2021-04-16,-0.025578221171988158,0.958850180829301,1.006326225926347,0.04717758901030655,0.0,7.022901103823595e-05,0.2187720061477651,0.0,1.0,1.410640584570916
2021-04-17,-0.0011978832538919182,0.99767269746501,1.0240948687571771,0.02469766501394921,0.0,6.347206436898667e-05,0.2122375996360796,0.0,1.0,1.4089508018373982
2021-04-18,0.016937006977455038,0.9810114905155182,1.0294020849881433,0.019101265355969677,0.3152239057127498,0.0004974406357934467,0.19238186152701264,0.0,1.0,1.432814211399009
2021-04-19,0.031651966291083466,0.9947011466410954,1.0414086701347216,0.044850330934525395,0.01978370833847193,6.749535792056867e-05,0.1531555849435402,0.0,1.0,1.4781655985195958
2021-04-20,-0.026636205580016892,0.9596410630058962,1.004480629105502,0.044639552819983774,0.026566464949823083,7.748113575477115e-05,0.14514567124148176,0.0,1.0,1.4387928757561192
2021-04-21,-0.004361264064519421,0.9919758699140913,1.01124371119839,0.019053608018452017,0.02382225499147181,7.343049479553822e-05,0.1282372244220991,0.0,1.0,1.4325179200907976
2021-04-22,-0.01695765483241618,0.9801720537694445,1.0013012047849608,0.021101693391104903,0.0,3.764038658786249e-05,0.11576201290055403,0.0,1.0,1.408225775660647
2021-04-23,-0.004166057038647586,0.961501440722817,1.0033357233410765,0.04169519896984497,0.0,3.263683376694013e-05,0.10236522655438453,0.0,1.0,1.4023590267559511
2021-04-24,0.007693078744087645,0.9915433406478507,1.015343156102945,0.023440169278770573,0.0,3.143061857278195e-05,0.10930076682988679,0.0,1.0,1.4131474851762669
2021-04-25,-0.007025330086064208,0.9824967166365337,1.0072944128018564,0.02461812142524067,0.0,3.369731499127443e-05,0.10907136816706128,0.0,1.0,1.4032196576326121
2021-04-26,0.007625245799913083,0.9982128929272579,1.011128583967874,0.012773539632251807,0.0,3.1613383774730545e-05,0.1062015612243801,0.0,1.0,1.4139195524333308
2021-04-27,0.00023562129941523402,0.9972294568923433,1.003127915842583,0.00588006659677609,0.0,3.3870711824810656e-05,0.1059244429280238,0.0,1.0,1.4142527019955438
2021-04-28,0.019239681664072972,0.9934352592506519,1.0286848592209854,0.034266665494646964,0.0,3.3945662031014164e-05,0.12837549350992727,0.0,1.0,1.441462473774493
2021-04-29,-0.006860320513566109,0.9896808860963671,1.0010513435918076,0.011358515792649349,0.0,3.953379882443498e-05,0.12126164011248917,0.0,1.0,1.4315735791961222
2021-04-30,0.012209967641903408,0.9989652650739879,1.0131621766575418,0.014012476887353076,0.0,3.753965766643766e-05,0.12580517934248842,0.0,1.0,1.4490530462751106
2021-05-01,0.017570803166902182,0.9966763366733662,1.0197589300481555,0.02263534321165428,0.013609456308936046,5.632526675897343e-05,0.1286466818220274,0.0,1.0,1.4745140721296106
2021-05-02,-0.004884538762551238,0.9916976417934068,1.0025450069295099,0.010819828597346648,0.01516669524677395,5.8658944162175776e-05,0.1267701405828424,0.0,1.0,1.4673117509883662
2021-05-03,0.019318362569340497,0.9999331247793667,1.0211776926593203,0.020803987428112736,0.0,3.530623754873211e-05,0.12585232265061652,0.0,1.0,1.4956578113962133
2021-05-04,0.024519691973175384,0.988933071934709,1.0430721022492018,0.051903440038087,0.012563785407415812,5.491434193513908e-05,0.14842792494720486,0.0,1.0,1.5323308802289222
2021-05-05,0.024248468089262953,0.9953309337554486,1.0332257073016902,0.03667618147559004,0.019598864672172363,6.567886375133495e-05,0.14198237455593385,0.0,1.0,1.5694875566803455
2021-05-06,-0.012800945052665602,0.9800307133590601,1.001853477570806,0.019969286640939887,0.020285397860339612,6.692678322715096e-05,0.1344621002161934,0.0,1.0,1.549396632706438
2021-05-07,0.019200004714208907,0.9886675586201724,1.026836211041116,0.037171120389535184,0.0,3.375670678525345e-05,0.1262402411413116,0.0,1.0,1.5791450553585809
2021-05-08,-0.009190475494988193,0.9843756094196251,1.0086589539773345,0.024074881268793202,0.0,3.932442693816078e-05,0.1272898063225687,0.0,1.0,1.564631961424276
2021-05-09,-0.011673638084461757,0.9612469528718858,1.0109979023332532,0.049209745486660794,0.0,3.665476330349711e-05,0.12126879058663242,0.0,1.0,1.5463670141712276
2021-05-10,-0.021276825082574335,0.9729998609710051,1.0003158386174502,0.027307352929849538,0.0,3.322925685227515e-05,0.10142832309050236,0.0,1.0,1.5134652336972436
2021-05-11,0.007671213226986051,0.9985538155823803,1.017672107704508,0.018786298629380416,0.0,2.679722745550895e-05,0.09757845452855261,0.0,1.0,1.5250753482165655
2021-05-12,-0.04777742664477991,0.9360026303479858,1.0255023635542277,0.08727403893643904,0.64526178725736,0.001118642326315276,0.5686219500225665,0.0,1.0,1.4522111726393865
2021-05-13,-0.014922133239383295,0.9545604825670087,1.0294527846422499,0.07274962309346455,0.0,0.0001756298339378419,0.5488864311177108,0.0,1.0,1.4305410840295405
2021-05-14,0.04833357141937067,0.9961905598458355,1.0616893910183158,0.06169302597029558,0.023266069324299324,0.00019975361196380927,0.5342316755987694,0.0,1.0,1.4996842436828262
2021-05-15,-0.020875085097742496,0.9720329040527768,1.000447049363047,0.028401448460826262,0.7435668396707693,0.0011489187521466133,0.5282983765056186,0.0,1.0,1.4683782074762035
2021-05-16,0.0019551873028282873,0.9769609997052338,1.0157667320977315,0.03820338978060178,0.0,6.554024205209451e-05,0.21203074469739466,0.0,1.0,1.4712491619032106
2021-05-17,-0.04497716235062954,0.93627097619285,1.0037482755629599,0.06373269030263717,0.5770034685362242,0.0009601988008494522,0.37900695009123625,0.0,1.0,1.4050765494900623
2021-05-18,-0.0047491652709782395,0.9897092528978219,1.0201537456741674,0.024410939087116335,0.0,0.00011408847199187601,0.36032960361284644,0.0,1.0,1.3984036087381582
2021-05-19,-0.06536466504710015,0.8824647958900026,1.0007412360216967,0.11818883431034088,0.5541600862578475,0.0008724931158950531,0.34432393513248544,0.0,1.0,1.3069974252523324
2021-05-20,0.03208476576974384,0.9832371236630904,1.04973519805664,0.06334747516960137,0.0,5.108960793524203e-05,0.1954614250161486,0.0,1.0,1.348932131503212
2021-05-21,-0.04092407057005676,0.9224293262383579,1.0103300316695483,0.08700197230199758,0.46945855849315243,0.0007753079027701866,0.29580670582679186,0.0,1.0,1.2937283377593574
2021-05-22,-0.014482431523873629,0.9693869122046411,1.0086970549158327,0.038971207975294075,0.0,8.482096750695558e-05,0.2646539854871598,0.0,1.0,1.2749920056972626
2021-05-23,-0.025275390836245415,0.9302714229280215,1.0129046375092416,0.08158044846592594,0.0,8.129696458100408e-05,0.2570276580785477,0.0,1.0,1.2427660844401758
2021-05-24,0.04088197249810044,0.9884239198355592,1.049104564086078,0.057840415843944504,0.0,7.486547989167496e-05,0.2641345919643134,0.0,1.0,1.293572813325831
2021-05-25,-0.0004244914225978169,0.9995755085774022,1.0,0.0004244914225978169,0.25828443697293924,0.0003745124336107619,0.25828443697293924,0.0,1.0,1.2930237027620686
2021-05-26,0.0342247287953521,0.999501367857979,1.0423130854381837,0.0410737600614568,0.23737568408309923,0.00042220949861109116,0.26873974440210313,0.0,1.0,1.3372770883150624
2021-05-27,-0.017236198490394594,0.9761974660112654,1.001191012497578,0.02496381427152805,0.01707828980745958,0.00010555724269897896,0.2629880928571832,0.0,1.0,1.314227514984207
2021-05-28,-0.020929599182659908,0.9697761601930107,1.003253045854102,0.033368336930979736,0.01020481451204897,9.464389350043645e-05,0.24557925162361421,0.0,1.0,1.2867212598607645
2021-05-29,-0.01663093990228426,0.9731862872684446,1.0072888283785515,0.026813712731555417,0.0,7.456110476530482e-05,0.2326132738808231,0.0,1.0,1.2653218759170286
2021-05-30,-0.00021885392494092049,0.9997811460750591,1.0000915020852321,0.00031032761454918845,0.21401904451671536,0.0003103276145492373,0.21401904451671536,0.0,1.0,1.2650449552581706
2021-05-31,0.0,1.0,1.0,0.0,0.0,0.0,0.0,0.0,0.0,1.2650449552581706
2021-06-01,0.0,1.0,1.0,0.0,0.0,0.0,0.0,0.0,0.0,1.2650449552581706
2021-06-02,0.0018990500963862456,0.9970411103339242,1.0087351536956404,0.011592778658375824,0.2336386430910436,0.00041556217493365737,0.2406868959199257,0.0,1.0,1.2674473390023866
2021-06-03,-0.00034148368792563666,0.9996585163120744,1.0,0.00034148368792563666,0.23550599167287287,0.00034148368792566566,0.23550599167287287,0.0,1.0,1.2670145264108126
2021-06-04,-0.019774491778315806,0.9662413462003756,1.0,0.033758653799624394,0.25884024668127453,0.00046039020348743445,0.2592297310082726,0.0,1.0,1.2419599580752954
2021-06-05,-0.00031145400059806594,0.9996885459994019,1.0000429275935767,0.0003543663820787524,0.24439060833025195,0.00035436638207886535,0.24439060833025195,0.0,1.0,1.2415731446777702
2021-06-06,0.0,1.0,1.0,0.0,0.0,0.0,0.0,0.0,0.0,1.2415731446777702
2021-06-07,0.0,1.0,1.0,0.0,0.0,0.0,0.0,0.0,0.0,1.2415731446777702
2021-06-08,0.0,1.0,1.0,0.0,0.0,0.0,0.0,0.0,0.0,1.2415731446777702
2021-06-09,0.0,1.0,1.0,0.0,0.0,0.0,0.0,0.0,0.0,1.2415731446777702
2021-06-10,0.0,1.0,1.0,0.0,0.0,0.0,0.0,0.0,0.0,1.2415731446777702
2021-06-11,-0.02907837356392251,0.964632159215585,1.001230702542957,0.03655355677209848,0.23863388509442088,0.00042444754753586517,0.2399936472552115,0.0,1.0,1.205470216969896
2021-06-12,-0.00046887989820787457,0.9995311201017921,1.0,0.00046887989820787457,0.21614677163251597,0.0003134128188671482,0.21614677163251597,0.0,1.0,1.2049049962172707
2021-06-13,0.019006530294401136,0.9877954822503194,1.021834258316515,0.03331144536323816,0.3036979895750291,0.0005401836160783969,0.31910496726466525,0.0,1.0,1.2278060595297495
2021-06-14,0.006252487607319335,0.9837116913534544,1.0126244701153404,0.0285523208407088,0.6018695528973219,0.0009662683621559975,0.31722141457713215,0.0,1.0,1.2354829017011508
2021-06-15,-0.001526781366140928,0.9952313020272228,1.0171863760098616,0.021584121160531544,0.04695902348892901,0.00017878623161676316,0.34825775081629173,0.0,1.0,1.2335965894286478
2021-06-16,0.0015215965805188691,0.9822018470682105,1.0187079289667433,0.035835670716296675,0.0,0.00011036160074288158,0.34834441266714444,0.0,1.0,1.2354736257808623
2021-06-17,-0.00404014565541988,0.987014813093172,1.0129248803991953,0.02557945589786692,0.0,0.00011077555941810053,0.3457290102094914,0.0,1.0,1.2304821323792778
2021-06-18,-0.020944201205731705,0.9626780846321596,1.0019096122088238,0.039156753362385555,0.0,0.00010991383552795458,0.3359622222678005,0.0,1.0,1.2047106670186685
2021-06-19,-0.01429189057045921,0.9831928064655954,1.0042290945758239,0.020947698312917207,0.0,0.00010525020374544299,0.3234283018789599,0.0,1.0,1.1874930739965728
2021-06-20,0.0004894896855445197,0.9655505130305619,1.0065996165102218,0.034492112515989826,0.0,0.0001020932309878157,0.3153364569889493,0.0,1.0,1.1880743396079496
2021-06-21,-0.07659145034200676,0.9175396964785323,1.0020335315765174,0.08246030352146771,0.0,0.00010220957853016142,0.31265506172512014,0.0,1.0,1.097078002823255
2021-06-22,0.0034335921600232577,0.9387207428636735,1.021162485299106,0.061342054745404107,0.0,8.350881655368494e-05,0.26966919328223793,0.0,1.0,1.100844921252683
2021-06-23,-0.0003818208766573905,0.9996181791233426,1.0,0.0003818208766573905,0.25675846321224405,0.0003722997716577539,0.25675846321224405,0.0,1.0,1.1004245956797865
2021-06-24,0.0,1.0,1.0,0.0,0.0,0.0,0.0,0.0,0.0,1.1004245956797865
2021-06-25,0.0,1.0,1.0,0.0,0.0,0.0,0.0,0.0,0.0,1.1004245956797865
2021-06-26,0.0,1.0,1.0,0.0,0.0,0.0,0.0,0.0,0.0,1.1004245956797865
2021-06-27,0.0,1.0,1.0,0.0,0.0,0.0,0.0,0.0,0.0,1.1004245956797865
2021-06-28,0.0,1.0,1.0,0.0,0.0,0.0,0.0,0.0,0.0,1.1004245956797865
2021-06-29,0.0,1.0,1.0,0.0,0.0,0.0,0.0,0.0,0.0,1.1004245956797865
2021-06-30,0.0,1.0,1.0,0.0,0.0,0.0,0.0,0.0,0.0,1.1004245956797865
2021-07-01,0.0,1.0,1.0,0.0,0.0,0.0,0.0,0.0,0.0,1.1004245956797865
2021-07-02,0.0,1.0,1.0,0.0,0.0,0.0,0.0,0.0,0.0,1.1004245956797865
2021-07-03,0.0,1.0,1.0,0.0,0.0,0.0,0.0,0.0,0.0,1.1004245956797865
2021-07-04,0.0,1.0,1.0,0.0,0.0,0.0,0.0,0.0,0.0,1.1004245956797865
2021-07-05,0.0,1.0,1.0,0.0,0.0,0.0,0.0,0.0,0.0,1.1004245956797865
2021-07-06,0.0,1.0,1.0,0.0,0.0,0.0,0.0,0.0,0.0,1.1004245956797865
2021-07-07,0.0,1.0,1.0,0.0,0.0,0.0,0.0,0.0,0.0,1.1004245956797865
2021-07-08,0.0,1.0,1.0,0.0,0.0,0.0,0.0,0.0,0.0,1.1004245956797865
2021-07-09,0.0,1.0,1.0,0.0,0.0,0.0,0.0,0.0,0.0,1.1004245956797865
2021-07-10,0.0,1.0,1.0,0.0,0.0,0.0,0.0,0.0,0.0,1.1004245956797865
2021-07-11,0.0,1.0,1.0,0.0,0.0,0.0,0.0,0.0,0.0,1.1004245956797865
2021-07-12,0.0,1.0,1.0,0.0,0.0,0.0,0.0,0.0,0.0,1.1004245956797865
2021-07-13,0.0,1.0,1.0,0.0,0.0,0.0,0.0,0.0,0.0,1.1004245956797865
2021-07-14,-0.0002094635450159421,0.9688077559130739,1.0063557811835935,0.03731088544685324,0.49963776262209897,0.0008887458030299696,0.5036808851064005,0.0,1.0,1.1001940968429527
2021-07-15,0.010688342247369365,0.9867670829613782,1.0239833220533765,0.013232917038621839,0.0,0.0001643910237478904,0.5122831877730795,0.0,1.0,1.1119533478885455
2021-07-16,-0.021338036689236506,0.9764535635343551,1.0116599367814463,0.03480060044593514,0.0,0.0001662013904866154,0.5117270111027283,0.0,1.0,1.0882264465545803
2021-07-17,-0.004021774957269186,0.9869520245395967,1.0060999969837452,0.019031878045476014,0.0,0.00016273124022482476,0.4984856802158817,0.0,1.0,1.083849844683989
2021-07-18,0.00243189831528845,0.9968498322498462,1.0140557300045034,0.016967408442710274,0.0,0.00016210997502195197,0.5005709296104173,0.0,1.0,1.0864856572953017
2021-07-19,-0.03547351693128842,0.9617585990897447,1.0028510304697902,0.04097560867120564,0.0,0.00016253965728300153,0.49637809882527933,0.0,1.0,1.0479441899356348
2021-07-20,-0.02749489427273033,0.9556605836727868,1.005039485017985,0.049131304870389636,0.0,0.00015650666414402363,0.47914848903860063,0.0,1.0,1.0191310752296325
2021-07-21,-0.0006869346577325075,0.9993130653422675,1.0,0.0006869346577325075,0.4617144202635219,0.0006694859093821068,0.4617144202635219,0.0,1.0,1.0184309987732851
2021-07-22,0.0,1.0,1.0,0.0,0.0,0.0,0.0,0.0,0.0,1.0184309987732851
2021-07-23,0.0,1.0,1.0,0.0,0.0,0.0,0.0,0.0,0.0,1.0184309987732851
2021-07-24,0.0,1.0,1.0,0.0,0.0,0.0,0.0,0.0,0.0,1.0184309987732851
2021-07-25,0.0,1.0,1.0,0.0,0.0,0.0,0.0,0.0,0.0,1.0184309987732851
2021-07-26,0.0014893424634627728,0.9965352398462421,1.0411221634012284,0.03806740681447962,0.499637762622099,0.0008887458030299696,0.5202545597978877,0.0,1.0,1.019947791305865
2021-07-27,-0.0007268402971050136,0.999273159702895,1.0,0.0007268402971050136,0.5012691704172377,0.0007268402971049949,0.5012691704172377,0.0,1.0,1.0192064521502007
2021-07-28,-0.0005779108449761594,0.986873945108167,1.009004308245351,0.02193287278987799,0.4996377626220989,0.0008887458030299695,0.5049836690453009,0.0,1.0,1.0186174416882334
2021-07-29,-0.0024690457691536327,0.9783608381686191,1.0121705666734289,0.03340319272069714,1.4405382219079477,0.0023981305460180876,0.9427123278952318,0.0,1.0,1.016102428603447
2021-07-30,0.05123418302153171,0.9596009875573907,1.0538312657844204,0.08941685570212166,0.0,0.00030944536595945674,0.9451345209314232,0.0,1.0,1.0681616063991388
2021-07-31,-0.01698069338010677,0.9726823094575835,1.0050996143905462,0.03225282794742623,0.0,0.0003104719385612782,0.9455869328399712,0.0,1.0,1.0500234816804728
2021-08-01,-0.03712633500589857,0.9532293161060577,1.025590745324172,0.07055585236900896,0.0,0.0003102635677199174,0.9460554660440915,0.0,1.0,1.0110399581355436
2021-08-02,-0.01657928910795914,0.9727528836209671,1.0144625457010308,0.04111503402152794,0.014089046828222072,0.0003254733091109759,0.942548335832043,0.0,1.0,0.9942776343699156
2021-08-03,-0.03494461099684043,0.9432027971413506,1.0054722030881005,0.061930509620755525,1.7825799342135884,0.0028659949559435675,0.9275742316312311,0.0,1.0,0.9595329892140001
2021-08-04,0.07293955681949926,0.9822893989606664,1.0892063560189522,0.0981604233830099,0.0,0.0002797561615299158,0.8639506952299942,0.0,1.0,1.0295209002009587
2021-08-05,-0.004912250415981645,0.962308084815686,1.0008226437348027,0.03848290120154629,1.3615157703827074,0.002138468914282852,0.8618780077606085,0.0,1.0,1.0244636357306847
2021-08-06,-0.00362587998695163,0.9778406495738022,1.006760326601485,0.028725483378260308,0.0,0.00016383150243659504,0.5022532366158747,0.0,1.0,1.0207490535365291
2021-08-07,0.016565039927578518,0.9943438124626494,1.026198399774266,0.031041353522499926,0.0,0.0001633032471419253,0.510063573197604,0.0,1.0,1.0376578023643996
2021-08-08,-0.034244149865600204,0.9562589996031906,1.004991760626486,0.04849070702123637,0.0,0.00016603203418893343,0.5080424936378676,0.0,1.0,1.0021240930710238
2021-08-09,0.0373146768810142,0.966286698173713,1.0440855732761731,0.07451388764844213,1.2889883785723908,0.0021324899345548697,0.8108796872901489,0.0,1.0,1.0395180297986484
2021-08-10,-0.00497999746883393,0.9725456211297635,1.0177180343445684,0.044385980881135545,0.024254554959847185,0.0002932119190565804,0.8096447487413078,0.0,1.0,1.0343412326414438
2021-08-11,0.004447445234542213,0.9944002367453058,1.0327934100252043,0.027445919499012206,0.0,0.00025776865215972495,0.7916999157688646,0.0,1.0,1.0389414086274456
2021-08-12,-0.028737207074481352,0.954686072290259,1.0192599453393556,0.06335368454766199,0.0,0.00025817372221991305,0.7901219985748605,0.0,1.0,1.0090851342294653
2021-08-13,0.07025461536729583,0.9885697576969837,1.0741638192700893,0.07968436474733265,1.3440591048274058,0.0021344339089301207,0.7797588585101816,0.0,1.0,1.0799780222076125
2021-08-14,0.09367670261907701,0.9893090996271908,1.1090336499164546,0.013847142779242594,0.052514982219008285,0.00025415362826307624,0.5942822394640337,0.0,1.0,1.181146802229094
2021-08-15,0.0016077579200635128,0.978369878491992,1.027775114482168,0.025460196684455205,0.0748772065245851,0.0002749355864544277,0.5811915491201706,0.0,1.0,1.1830458003551356
2021-08-16,-0.03508437399010145,0.9499324425536555,1.0156742593262027,0.0500675574463445,0.05267313955808714,0.00022579389406899496,0.5074289601549004,0.0,1.0,1.1415393790480572
2021-08-17,-0.03360695623093779,0.9615132573540525,1.0236161641513242,0.060670111485354616,0.01676505827731045,0.000172798231514209,0.4647650836253765,0.0,1.0,1.1031757151004973
2021-08-18,0.05693658097813592,0.9685209617226489,1.1104806044774984,0.12783621990556437,0.8715414022314927,0.0014078675663152075,0.4952746030608304,0.0,1.0,1.1659867685364298
2021-08-19,0.0004335919393587684,0.9727660763052862,1.0167747948072285,0.043282660749164203,0.025318122628135924,0.00018271205881318178,0.4696916856839072,0.0,1.0,1.166492331000666
2021-08-20,0.03579252143887568,0.9882939748526981,1.0440879561515455,0.05343800871384541,0.0,0.0001461793875121482,0.4683949487353609,0.0,1.0,1.2082440327662916
2021-08-21,0.04227871148681239,0.9848002358722653,1.1054475561872,0.057143230673251666,0.839456816077484,0.0013405451028842914,0.4642670746292713,0.0,1.0,1.2593270336332802
2021-08-22,-0.000287075668088832,0.97684705720705,1.0097121694885605,0.03254899096458086,0.08197356487932875,0.00022386071647299225,0.4015264282949728,0.0,1.0,1.2589655114837577
2021-08-23,0.020294335572545785,0.9995364682939186,1.0727706923304994,0.06826642875327427,0.0,0.00010499208483479316,0.3657359085859549,0.0,1.0,1.2845153800480709
2021-08-24,0.06459730582794965,0.9833966705850183,1.089718371380894,0.0975680539010686,0.0,0.00010937284089352962,0.3881202694538866,0.0,1.0,1.367491612893741
2021-08-25,-0.056530475997303875,0.9400750497460282,1.0126729991708945,0.07168942934620015,0.036218014575002504,0.0001633944151897793,0.37368609866248126,0.0,1.0,1.2901866610945372
2021-08-26,-0.03439117093074251,0.9647680994766814,1.0156532580673578,0.0492731437629883,0.025798939197219123,0.0001437785017816719,0.33430272521149423,0.0,1.0,1.245815631100271
2021-08-27,0.06053213077397568,0.9928701834255315,1.0628012814472467,0.06579884616481468,0.01567658734659281,0.00011608025173827012,0.32653567020041274,0.0,1.0,1.3212275058022958
2021-08-28,0.0001276485101537883,0.97830526113524,1.0086319612371422,0.030067161529072295,0.05689935384676425,0.00017059603560771086,0.32500717342505825,0.0,1.0,1.3213961585249856
2021-08-29,-0.014493692728916874,0.9817672604613651,1.0111674367459977,0.029075477726265064,0.011343180388009978,0.00010092489191716164,0.2684666733302682,0.0,1.0,1.3022442486301533
2021-08-30,-0.03314285556271479,0.9644154698195717,1.005091549246482,0.04047002430515423,0.016689535349021945,0.00011065669272770257,0.26683714524803587,0.0,1.0,1.2590841555904282
2021-08-31,-0.011212701839318218,0.9811537852880182,1.0158776596335932,0.034181157559955655,0.0,7.811308185731067e-05,0.24983318798367618,0.0,1.0,1.244966420363183
2021-09-01,0.007688173719605063,0.9906109165452134,1.0396105984377106,0.04713272639402899,0.6130310523832845,0.001015028734226809,0.40800650787369075,0.0,1.0,1.25453793847801
2021-09-02,0.059599995630888136,0.9946418296774433,1.0723188386233475,0.07243835149406364,0.011745286209107501,0.00014105989371416487,0.41962093341337264,0.0,1.0,1.3293083941300827
2021-09-03,0.0540190958104354,0.9994954577865736,1.0617442720949979,0.058628820465023046,0.03017944777465894,0.00016940618452881826,0.4185485367074165,0.0,1.0,1.4011164316342117
2021-09-04,-0.019166586421800802,0.9728881517657789,1.0103948321310772,0.03712081571734782,0.04501422279188401,0.00018657838508656378,0.4142206235912276,0.0,1.0,1.3742618124602894
2021-09-05,0.008137543412125137,0.9888827586403849,1.0160675443029659,0.02675490011958792,0.011190977447347632,0.00013724208984666042,0.37845785056966497,0.0,1.0,1.3854449276188108
2021-09-06,0.05833290998415941,0.9865129917269829,1.0633576734959254,0.013487008273017076,0.0,0.0001227222485328223,0.41100864343914606,0.0,1.0,1.466261961869609
2021-09-07,0.02283437235628938,0.9098563818561882,1.0775709037272954,0.1556412866113831,0.0,0.00013410039910656562,0.45093758273000106,0.0,1.0,1.4997431334788032
2021-09-08,0.03879530327075131,0.9399980065943152,1.0542850860830049,0.10840244351108241,0.0366217751138942,0.000179588830787794,0.4215969193483359,0.0,1.0,1.5579261231703403
2021-09-09,-0.0066173602939221254,0.978452150694308,1.0516530204325687,0.055408371006744006,0.011959685304516876,0.00014748397902580887,0.4259148803365378,0.0,1.0,1.547616764702009
2021-09-10,-0.017455050037266884,0.9579542857110336,1.0197231953212023,0.060574192970781704,0.0,0.00012886314415968135,0.4041213732464345,0.0,1.0,1.5206030366356222
2021-09-11,-0.001315126451525539,0.9903990219834621,1.0294275074319943,0.037912806066249805,0.0,0.00012536314988268956,0.39937436591616743,0.0,1.0,1.5186032513598726
2021-09-12,-0.010230175507820571,0.9809624916128833,1.0056400426756453,0.024539149213971267,0.0,0.000125141160416021,0.3844819284171788,0.0,1.0,1.5030676735717141
2021-09-13,-0.010354060172569013,0.9483136805490757,1.0014029579372907,0.05301489971386675,0.0,0.00012308482610775482,0.3756116376488542,0.0,1.0,1.4875048204361092
2021-09-14,-0.023251186755227526,0.9413910800677241,1.0048742828174246,0.05862936509918604,0.0,0.0001209716994278256,0.3713789397041592,0.0,1.0,1.452918568056848
2021-09-15,-0.0003160693470781739,0.9883438198646786,1.0168275099033837,0.028012312571491615,0.0,0.00011599101084380827,0.3640944608238361,0.0,1.0,1.4524593450336845
2021-09-16,-0.014573674940536074,0.9744385095411361,1.0103602141202852,0.03555336411422927,0.0,0.00011602810425576259,0.35993653453105107,0.0,1.0,1.4312916746748197
2021-09-17,-0.010744113194543936,0.9586038018788516,1.0027310669977851,0.04400707883824939,0.0,0.00011293833281641506,0.34564127650195314,0.0,1.0,1.415913714907705
2021-09-18,0.049264562704597115,0.9919491740138289,1.0543983057202908,0.05922726864000516,0.0,0.00011063426426303176,0.3710522379869085,0.0,1.0,1.4856680849000747
2021-09-19,-0.035913757790424494,0.9593892444549172,1.003662797364567,0.0441119796667806,0.0,0.00012089527112986284,0.3704019667894303,0.0,1.0,1.4323121611420095
2021-09-20,-0.045201479681249546,0.9491371125371358,1.0013979963219999,0.052187925257301426,0.0,0.00011321100668866501,0.34558452189157307,0.0,1.0,1.3675695320929424
2021-09-21,-0.020135530939252355,0.9602808249012159,1.027937708945726,0.06581807774510029,0.0,0.00010304571936941041,0.33239967755067457,0.0,1.0,1.3400327934679062
2021-09-22,0.07358122336720019,0.9927420700802042,1.0766466836141688,0.07793142802642306,0.591496272684157,0.0009535895850091353,0.3429993140420466,0.0,1.0,1.4386340457634414
2021-09-23,0.00921310593478708,0.9946212061538466,1.0225361448652113,0.027299708525261313,0.047409049266919426,0.00016521734993529656,0.34103229629233534,0.0,1.0,1.4518883336284514
2021-09-24,-0.014604373275845406,0.9653619383861397,1.0083363013070212,0.04261907744983251,0.032606232946480435,0.0001352333957230999,0.3003046528368113,0.0,1.0,1.4306844144492963
2021-09-25,-0.014408262115439774,0.982819382784275,1.0009463199784479,0.018109799529072657,0.0,8.443043154462014e-05,0.25779832270797626,0.0,1.0,1.4100707384014364
2021-09-26,-0.005526353403784712,0.9757932127012032,1.0113148871926836,0.035124247592246194,0.0,8.089873554748843e-05,0.2547488576639664,0.0,1.0,1.4022781891766944
2021-09-27,-0.0016751219932599204,0.9946260503810135,1.0213881561436247,0.022580326586087218,0.0,7.954929196594608e-05,0.2580760911230627,0.0,1.0,1.3999292021413359
2021-09-28,-0.017587271500744128,0.9809597739856551,1.0112175517313926,0.028485288039964862,0.0,7.916673621236099e-05,0.24943485516962857,0.0,1.0,1.375308267181456
2021-09-29,0.014530064481292682,0.9990009269302004,1.0294676158399625,0.014509976932574054,0.0,7.471964413944953e-05,0.24961470218165568,0.0,1.0,1.3952915849852574
2021-09-30,0.004185638504223155,0.9956211587461503,1.0124950060992897,0.008206823288026688,0.0,7.837907745567931e-05,0.24804043542891452,0.0,1.0,1.4011317711679903
2021-10-01,0.003694980039349982,0.9871818076142616,1.0106268831892222,0.023198547322405894,0.0,7.945648840942554e-05,0.2498691830794112,0.0,1.0,1.406308925094955
2021-10-02,0.0050180516298581335,0.9931578735304756,1.0206749330842262,0.015339733490913554,0.0,8.03814962143352e-05,0.26006693662077635,0.0,1.0,1.4133658558886117
2021-10-03,-0.002100450372613305,0.9924558006190242,1.01184318743828,0.019160465831014273,0.08134119969363467,0.00022634618090630918,0.3379509749159933,0.0,1.0,1.4103971510499715
2021-10-04,-0.016377908652381534,0.9740994047445023,1.0002269770324492,0.02612164327487365,0.0,0.00010799184303745384,0.32896047464840794,0.0,1.0,1.387297795346496
2021-10-05,-0.0034611213126778395,0.9872954787935917,1.0071444638285498,0.019708180651169305,0.0,0.00010432289282105017,0.3225765450698727,0.0,1.0,1.3824961893799912
2021-10-06,-0.02251127518130669,0.9684573134803206,1.0055593276271493,0.0315426865196794,0.0,0.00010361137420880286,0.3192552149130244,0.0,1.0,1.3513744372237504
2021-10-07,0.007442900087211823,0.9868165592706861,1.0112884890530047,0.024198762318786593,0.0,9.845461994061782e-05,0.3076205928239222,0.0,1.0,1.361432582140419
2021-10-08,0.0004941071492898796,0.9962979882578299,1.0275016416487937,0.030368470595231623,0.981358177923857,0.0016453956454277104,0.6863027970594852,0.0,1.0,1.3621052757125307
2021-10-09,0.01231959774970437,0.9961367995311765,1.019095001983459,0.006648452029072716,0.0,0.00022270290073648014,0.6840898135313971,0.0,1.0,1.3788858648020592
2021-10-10,-0.0037816563241055423,0.9891600576192955,1.0194084095624725,0.029672456749851084,0.012112156696498755,0.00023764477935323182,0.6819754425169036,0.0,1.0,1.3736713923512107
2021-10-11,0.034194284440261846,0.9967952217552298,1.03869361577291,0.04033758692788625,0.0,0.00021974494178863537,0.6813963001610652,0.0,1.0,1.4206431026687185
2021-10-12,-0.017668984932049825,0.9572713289970193,1.0022453681558243,0.044873282120085345,0.0,0.00022341197321654925,0.6809499901832464,0.0,1.0,1.3955417810938444
2021-10-13,0.01628087330503636,0.9777392183373965,1.0212193160678043,0.02226078166260348,0.0,0.00022159571416411123,0.6814627712022004,0.0,1.0,1.4182624200237182
2021-10-14,-0.00044929509901514564,0.9932704374432899,1.0135906090893736,0.020047711042172733,0.0,0.00022338543676760355,0.6844271173844203,0.0,1.0,1.417625201669284
2021-10-15,0.051053459805588286,0.9938723450450664,1.0660005962318677,0.06766248672070407,0.0,0.0002234068214539724,0.7000169779375424,0.0,1.0,1.4899998729220958
2021-10-16,-0.00921816252701313,0.9825963961882934,1.0077360809432263,0.024946695102355032,0.0,0.0002285834544107714,0.6983133451982341,0.0,1.0,1.476264811928271
2021-10-17,0.0072048282418974985,0.9779950686112807,1.009368918988661,0.031082639644596455,0.0,0.00022772924446158295,0.696224663591965,0.0,1.0,1.4869010463377714
2021-10-18,0.0052149005110355695,0.9807353707494615,1.0129693875293808,0.03182131382917475,0.0,0.0002285246601515443,0.6996952619110703,0.0,1.0,1.4946550873641775
2021-10-19,0.00031592196292185015,0.9831953143310006,1.0043064395312644,0.016804685668999397,1.2277635490138181,0.0019546497799017857,0.6973642027782785,0.0,1.0,1.4951272817332688
2021-10-20,0.03946037898332544,0.9964793489951261,1.0497552364655287,0.05075077086519686,0.0,0.00017479982891616325,0.554335714619373,0.0,1.0,1.5541255708987727
2021-10-21,-0.0197411113882765,0.9687454417646517,1.0135612241156189,0.0328567576496952,0.0,0.000180654163704346,0.5561219984351776,0.0,1.0,1.5234454048922912
2021-10-22,0.008283963029242392,0.9978015874760816,1.0446565432618968,0.04485201963078933,0.0,0.0001777360690465762,0.5608315877822965,0.0,1.0,1.5360655703034882
2021-10-23,0.005332256128286028,0.9944349784947075,1.015853765567603,0.021084518066365465,0.0,0.0001790331458674496,0.5522664118084832,0.0,1.0,1.5442562653541883
2021-10-24,-0.02061290274666039,0.9664295594294162,1.0025611552845872,0.036039293627843416,0.0,0.0001798847441596004,0.5489157239799457,0.0,1.0,1.5124246611405214
2021-10-25,0.028319133328424062,0.9972789273796845,1.0314994822985817,0.0030832288573433564,0.0,0.0001768159376445464,0.5525146112359339,0.0,1.0,1.5552552167685565
2021-10-26,0.004519932512390801,0.9844788181747467,1.0177569648218225,0.015521181825253305,0.0,0.00018106961619226842,0.559140048550646,0.0,1.0,1.562284865387894
2021-10-27,-0.055477909154650784,0.9230933061802402,1.010163138124103,0.08619383212255538,0.0,0.00018179240388082793,0.5580044832035871,0.0,1.0,1.4756125675522187
2021-10-28,0.017820290634576796,0.9916123902094085,1.0347706739941382,0.041708066211561645,0.0,0.00017321582460872722,0.5433389169312814,0.0,1.0,1.5019084123700333
2021-10-29,0.028786119030086876,0.9966273305628142,1.0306133229202727,0.03297647294249828,0.026309416234261435,0.00020552241261381015,0.5357338608181031,0.0,1.0,1.5451425267008059
2021-10-30,-0.015706102506591102,0.9594623528402784,1.0,0.040537647159721635,1.1161058086257054,0.0018132844839100454,0.5937499433561746,0.0,1.0,1.5208743597891499
2021-10-31,-0.0013246091387109082,0.9770458735783347,1.0059261949504612,0.022954126421665277,1.1133286620490117,0.001787138001966628,0.5877347020455915,0.0,1.0,1.518859795713342
2021-11-01,0.03679367788398902,0.9782463118081539,1.0376653508280465,0.05726223678228892,1.2889983030405818,0.002119878009798261,0.7726901828886362,0.0,1.0,1.5747442337877602
2021-11-02,0.049580617297924956,0.9887605784787614,1.0538701918242135,0.01123942152123858,1.3979762161440683,0.002232747625226919,0.7724990746462531,0.0,1.0,1.6528210249853053
2021-11-03,0.013174156122617964,0.9751610911212625,1.0238569846944274,0.04756122612934888,1.1049565341463963,0.0017535288886096814,0.6446170613755451,0.0,1.0,1.674595547211207
2021-11-04,0.0046968736797756705,0.9873085026226726,1.0180000250306922,0.030148842488578742,0.09006402431593577,0.0003142021956621692,0.5668599770292825,0.0,1.0,1.682460910961173
2021-11-05,-0.02776741290972906,0.9587029401499491,1.0024614136457457,0.04365103025427797,1.1459621358245866,0.0018539368062020932,0.5871417496472718,0.0,1.0,1.6357433241420352
2021-11-06,0.05425913347412381,0.9967215780263182,1.0578111347829522,0.05775091105386099,0.0,0.00018867659106362448,0.5977483784507558,0.0,1.0,1.7244973394960648
2021-11-07,-0.020411068760767925,0.9702890385922492,1.0003117689488858,0.030013373118846887,0.0,0.00019593106264569174,0.5967147648670962,0.0,1.0,1.6892985057218493
2021-11-08,-0.00347330668851098,0.9791266688276584,1.008096102730817,0.02873677799634755,0.015037058179594186,0.00021009141816642017,0.5881252000300692,0.0,1.0,1.683431053923034
2021-11-09,-0.021426332635369527,0.9753026709975298,1.0112375606642705,0.03553555669266828,0.0,0.00018788710688397324,0.5768149785716339,0.0,1.0,1.6473613001929683
2021-11-10,-0.02212301099676972,0.9327856023175471,1.0350231539213577,0.06725831032538043,1.1388501366391541,0.0018407772356820087,0.5917868154102596,0.0,1.0,1.6109167080331463
2021-11-11,0.017471808549452295,0.9898182282701062,1.0286665109275974,0.03776567259146002,0.0,0.00018655147293628223,0.5801532825542305,0.0,1.0,1.6390623363450154
2021-11-12,-0.01968177928806436,0.957279434536076,1.0123339726184435,0.054383770150444044,0.023856278308049702,0.00021582893616523636,0.5754783273144958,0.0,1.0,1.6068026732016938
2021-11-13,0.08153193241246859,0.9998856077035975,1.0888961107195434,0.08174379735558768,0.0,0.00017839435834584346,0.5803809612246722,0.0,1.0,1.737808400153348
2021-11-14,0.04643075334926694,0.9775179169462109,1.04732282890141,0.022597824899936114,1.1527070766043401,0.001860538466199501,0.5955984273639817,0.0,1.0,1.8184961533491524
2021-11-15,-0.009432425699817393,0.9808161524536122,1.0305997271439982,0.04830544136504522,1.085300669139847,0.0017348015188106678,0.5952536775990861,0.0,1.0,1.8013433234972827
2021-11-16,0.02025414990113461,0.9459557625779236,1.0408753201623884,0.09119205321311319,0.0,0.0001598055371637846,0.5068326887641479,0.0,1.0,1.8378280011948047
2021-11-17,0.049553784846792626,0.9676401432798207,1.0615894531985424,0.03235985672017927,0.0,0.00016320744690274843,0.5262086174203608,0.0,1.0,1.928899334551423
2021-11-18,-0.03404108156625718,0.9242020460137059,1.0132801481287559,0.08791063584888359,0.0,0.00017108904032126757,0.5272250572555806,0.0,1.0,1.8632375149708587
2021-11-19,0.056437216462958295,0.9760914728956251,1.0585410326910305,0.07788980988842875,0.0,0.00016553286985970567,0.5316476391837773,0.0,1.0,1.9683934539251735
2021-11-20,0.062225193060441386,0.9981722930311202,1.080686442648135,0.07635346050499214,0.027946750847564653,0.00020569537700719596,0.5400853923798952,0.0,1.0,2.0908771166145765
2021-11-21,0.010149733864892374,0.9895897031609937,1.082855338625054,0.06714249093741254,0.038381060469693785,0.00021788594889800866,0.5326468520129318,0.0,1.0,2.112098962892408
2021-11-22,0.023084838632168925,0.9899141868632769,1.060200898320709,0.06629565355845457,0.029693976176744127,0.00019728463138541695,0.4996294057160038,0.0,1.0,2.1608564266259505
2021-11-23,-0.03864486641049403,0.954086437707396,1.005596330641195,0.05122323079774471,0.010269484941007762,0.00016970445519436464,0.4814766737601038,0.0,1.0,2.0773504186867333
2021-11-24,-0.03284879816527775,0.9572645375135564,1.0030473984469546,0.045643766191194035,0.02074427385234589,0.00018478492685057785,0.47266318677060365,0.0,1.0,2.0091119540647377
2021-11-25,0.0156959404119017,0.9958407780279485,1.0578832458336487,0.03987898058495276,0.0,0.0001488664890188132,0.483156335139221,0.0,1.0,2.0406468555765773
2021-11-26,-0.054931925868431986,0.934264812135444,1.0020041846516814,0.06760388185383182,0.026380898261737604,0.00018126112924097485,0.46164736413548235,0.0,1.0,1.928550193782396
2021-11-27,0.03559016421094641,0.9958126783610343,1.052891439609743,0.05421144013656842,0.0,0.00013231988721998432,0.4328112270713853,0.0,1.0,1.997187611868164
2021-11-28,-0.011315944914650933,0.9532101098214499,1.001469081043404,0.04818817888184257,0.014504877191521997,0.00015537412196089506,0.42339989188980076,0.0,1.0,1.9745875468680405
2021-11-29,0.03618493105645948,0.9948045903345246,1.0362577837689981,0.04000278124204104,0.0,0.00013214614404130043,0.4232631712964989,0.0,1.0,2.046037861116404
2021-11-30,-6.873784589589427e-05,0.9773973556391533,1.0153640000013169,0.03739215134879148,0.0,0.0001390464465666094,0.4320870822527013,0.0,1.0,2.0458972208812094
2021-12-01,-0.002730799564883535,0.9891347343885112,1.0235706406524732,0.02569577435377679,0.015209816683449675,0.00015614589301255011,0.4233423019736095,0.0,1.0,2.0403102856406305
2021-12-02,-0.04047546856254203,0.9564657537612338,1.0002062745312408,0.043731500075328444,0.0,0.00013359419539476494,0.4069034292168282,0.0,1.0,1.957727770816352
2021-12-03,0.0017872483381025095,0.9723177565540824,1.0191784988981434,0.02771668178156439,0.0,0.0001254305801205091,0.39351435021612696,0.0,1.0,1.9612267165212007
2021-12-04,-0.0541158149715526,0.8876160620621891,1.001606613302005,0.11380770626505965,0.0,0.00012585556442515364,0.38410100864457614,0.0,1.0,1.8550933344126739
2021-12-05,-0.025158637652362925,0.9606370748769274,1.0090437913889514,0.04797285997408696,0.0,0.00011424887103636284,0.353776689384193,0.0,1.0,1.8084217134008718
2021-12-06,-0.000518389401652497,0.9994816105983475,1.0,0.000518389401652497,0.3310782156847363,0.0004800634127428677,0.3310782156847363,0.0,1.0,1.8074842467509264
2021-12-07,0.0,1.0,1.0,0.0,0.0,0.0,0.0,0.0,0.0,1.8074842467509264
2021-12-08,0.0,1.0,1.0,0.0,0.0,0.0,0.0,0.0,0.0,1.8074842467509264
2021-12-09,-0.04910699302914412,0.9466246118203879,1.0062547291463262,0.05925946542037763,0.6424180843643856,0.0011427643935827921,0.6457762257348851,0.0,1.0,1.7187241304454408
2021-12-10,-0.023607245730477455,0.9737382750852236,1.027913782073872,0.05270432981192885,1.3137699984129938,0.002131432278649801,0.6985377877745856,0.0,1.0,1.6781497875551141
2021-12-11,0.0105471757280029,0.9901974221075667,1.0179635303807841,0.027276132635941308,0.18303207193259155,0.0004295921182453203,0.6826698345546904,0.0,1.0,1.6958495282623687
2021-12-12,-0.0006432052208135142,0.9993567947791865,1.0000894993836966,0.0007326390337683009,0.5052682991505475,0.0007326390337682939,0.5052682991505475,0.0,1.0,1.6947587489920761
2021-12-13,0.0,1.0,1.0,0.0,0.0,0.0,0.0,0.0,0.0,1.6947587489920761
2021-12-14,0.0,1.0,1.0,0.0,0.0,0.0,0.0,0.0,0.0,1.6947587489920761
2021-12-15,0.0,1.0,1.0,0.0,0.0,0.0,0.0,0.0,0.0,1.6947587489920761
2021-12-16,0.0,1.0,1.0,0.0,0.0,0.0,0.0,0.0,0.0,1.6947587489920761
2021-12-17,0.0,1.0,1.0,0.0,0.0,0.0,0.0,0.0,0.0,1.6947587489920761
2021-12-18,0.0,1.0,1.0,0.0,0.0,0.0,0.0,0.0,0.0,1.6947587489920761
2021-12-19,-0.027549173129738147,0.9693740280872379,1.0018585457648483,0.03242425571447394,0.37540183888452877,0.0006677351447923791,0.3772269590550311,0.0,1.0,1.648069546802955
2021-12-20,0.019665349757525652,0.9777345090535261,1.0289241056874001,0.04975060488030392,0.0,0.00011774744515548547,0.3765444284792297,0.0,1.0,1.6804794108655619
2021-12-21,-0.000635626421155,0.999364373578845,1.0,0.000635626421155,0.37082168121551773,0.0005376914377625007,0.37082168121551773,0.0,1.0,1.6794112537518087
2021-12-22,0.0,1.0,1.0,0.0,0.0,0.0,0.0,0.0,0.0,1.6794112537518087
2021-12-23,0.014089529803231748,0.9979157696764935,1.0255173217074522,0.02691475945526023,0.36431550802853635,0.0006480137288233256,0.38076468523470963,0.0,1.0,1.7030733686634276
2021-12-24,-0.0003882653512489176,0.9996117346487511,1.0001539483163493,0.0005421302075655499,0.37388290176934424,0.0005421302075655492,0.37388290176934424,0.0,1.0,1.702412124283741
2021-12-25,-0.00046881920370178687,0.9897616401406811,1.0057629143706455,0.010238359859318868,0.37309259081833746,0.0006636272258154982,0.3773444622427408,0.0,1.0,1.701614000787262
2021-12-26,-9.020461906295019e-05,0.9812707702163596,1.0095865018252648,0.018729229783640444,0.0,0.00012268475601964822,0.3795332017288338,0.0,1.0,1.7014605073445288
2021-12-27,-0.003922349086989407,0.9940641947948399,1.0191674460746136,0.024631135321737774,0.0,0.00012274659657779383,0.38543106449125464,0.0,1.0,1.6947867852769976
2021-12-28,-0.022259372573065872,0.9688400141749844,1.009267708066624,0.04005646229292681,0.0,0.00012194986949892411,0.37707990673010855,0.0,1.0,1.6570618947916083
2021-12-29,-0.013321984767344808,0.9840103974182522,1.011520206129283,0.027196499431583976,0.0,0.00011728049679431822,0.36443309238322513,0.0,1.0,1.634986541470647
2021-12-30,-0.004676859349697526,0.9834947348706713,1.0076584781062037,0.016505265129328706,0.0,0.00011447426326828823,0.3534967441168908,0.0,1.0,1.6273399393775405
2021-12-31,0.025424589571187317,0.9943859062416851,1.034655639992897,0.03892090488337574,0.3621584476978451,0.000638635929318066,0.36751704366688476,0.0,1.0,1.6687143894290153
2022-01-01,0.0,1.0,1.0,0.0,0.0,0.0,0.0,0.0,0.0,1.6687143894290153
2022-01-02,0.0,1.0,1.0,0.0,0.0,0.0,0.0,0.0,0.0,1.6687143894290153
2022-01-03,0.0,1.0,1.0,0.0,0.0,0.0,0.0,0.0,0.0,1.6687143894290153
2022-01-04,0.0,1.0,1.0,0.0,0.0,0.0,0.0,0.0,0.0,1.6687143894290153
2022-01-05,0.0,1.0,1.0,0.0,0.0,0.0,0.0,0.0,0.0,1.6687143894290153
2022-01-06,0.0,1.0,1.0,0.0,0.0,0.0,0.0,0.0,0.0,1.6687143894290153
2022-01-07,0.0,1.0,1.0,0.0,0.0,0.0,0.0,0.0,0.0,1.6687143894290153
2022-01-08,0.0,1.0,1.0,0.0,0.0,0.0,0.0,0.0,0.0,1.6687143894290153
2022-01-09,0.0,1.0,1.0,0.0,0.0,0.0,0.0,0.0,0.0,1.6687143894290153
2022-01-10,0.0,1.0,1.0,0.0,0.0,0.0,0.0,0.0,0.0,1.6687143894290153
2022-01-11,0.0,1.0,1.0,0.0,0.0,0.0,0.0,0.0,0.0,1.6687143894290153
2022-01-12,0.0,1.0,1.0,0.0,0.0,0.0,0.0,0.0,0.0,1.6687143894290153
2022-01-13,0.0,1.0,1.0,0.0,0.0,0.0,0.0,0.0,0.0,1.6687143894290153
2022-01-14,0.0,1.0,1.0,0.0,0.0,0.0,0.0,0.0,0.0,1.6687143894290153
2022-01-15,0.0,1.0,1.0,0.0,0.0,0.0,0.0,0.0,0.0,1.6687143894290153
2022-01-16,0.0,1.0,1.0,0.0,0.0,0.0,0.0,0.0,0.0,1.6687143894290153
2022-01-17,0.0,1.0,1.0,0.0,0.0,0.0,0.0,0.0,0.0,1.6687143894290153
2022-01-18,0.0,1.0,1.0,0.0,0.0,0.0,0.0,0.0,0.0,1.6687143894290153
2022-01-19,0.0,1.0,1.0,0.0,0.0,0.0,0.0,0.0,0.0,1.6687143894290153
2022-01-20,0.0,1.0,1.0,0.0,0.0,0.0,0.0,0.0,0.0,1.6687143894290153
2022-01-21,0.0,1.0,1.0,0.0,0.0,0.0,0.0,0.0,0.0,1.6687143894290153
2022-01-22,0.0,1.0,1.0,0.0,0.0,0.0,0.0,0.0,0.0,1.6687143894290153
2022-01-23,0.0,1.0,1.0,0.0,0.0,0.0,0.0,0.0,0.0,1.6687143894290153
2022-01-24,0.0,1.0,1.0,0.0,0.0,0.0,0.0,0.0,0.0,1.6687143894290153
2022-01-25,0.0,1.0,1.0,0.0,0.0,0.0,0.0,0.0,0.0,1.6687143894290153
2022-01-26,0.0,1.0,1.0,0.0,0.0,0.0,0.0,0.0,0.0,1.6687143894290153
2022-01-27,0.0,1.0,1.0,0.0,0.0,0.0,0.0,0.0,0.0,1.6687143894290153
2022-01-28,0.0,1.0,1.0,0.0,0.0,0.0,0.0,0.0,0.0,1.6687143894290153
2022-01-29,0.0,1.0,1.0,0.0,0.0,0.0,0.0,0.0,0.0,1.6687143894290153
2022-01-30,0.0,1.0,1.0,0.0,0.0,0.0,0.0,0.0,0.0,1.6687143894290153
2022-01-31,0.0,1.0,1.0,0.0,0.0,0.0,0.0,0.0,0.0,1.6687143894290153
2022-02-01,0.0,1.0,1.0,0.0,0.0,0.0,0.0,0.0,0.0,1.6687143894290153
2022-02-02,0.0,1.0,1.0,0.0,0.0,0.0,0.0,0.0,0.0,1.6687143894290153
2022-02-03,0.0,1.0,1.0,0.0,0.0,0.0,0.0,0.0,0.0,1.6687143894290153
2022-02-04,0.0,1.0,1.0,0.0,0.0,0.0,0.0,0.0,0.0,1.6687143894290153
2022-02-05,0.0,1.0,1.0,0.0,0.0,0.0,0.0,0.0,0.0,1.6687143894290153
2022-02-06,0.0,1.0,1.0,0.0,0.0,0.0,0.0,0.0,0.0,1.6687143894290153
2022-02-07,0.0,1.0,1.0,0.0,0.0,0.0,0.0,0.0,0.0,1.6687143894290153
2022-02-08,0.0,1.0,1.0,0.0,0.0,0.0,0.0,0.0,0.0,1.6687143894290153
2022-02-09,0.0,1.0,1.0,0.0,0.0,0.0,0.0,0.0,0.0,1.6687143894290153
2022-02-10,0.0,1.0,1.0,0.0,0.0,0.0,0.0,0.0,0.0,1.6687143894290153
2022-02-11,0.0,1.0,1.0,0.0,0.0,0.0,0.0,0.0,0.0,1.6687143894290153
2022-02-12,0.0,1.0,1.0,0.0,0.0,0.0,0.0,0.0,0.0,1.6687143894290153
2022-02-13,0.0,1.0,1.0,0.0,0.0,0.0,0.0,0.0,0.0,1.6687143894290153
2022-02-14,0.0,1.0,1.0,0.0,0.0,0.0,0.0,0.0,0.0,1.6687143894290153
2022-02-15,0.0,1.0,1.0,0.0,0.0,0.0,0.0,0.0,0.0,1.6687143894290153
2022-02-16,0.0,1.0,1.0,0.0,0.0,0.0,0.0,0.0,0.0,1.6687143894290153
2022-02-17,0.0,1.0,1.0,0.0,0.0,0.0,0.0,0.0,0.0,1.6687143894290153
2022-02-18,0.0,1.0,1.0,0.0,0.0,0.0,0.0,0.0,0.0,1.6687143894290153
2022-02-19,0.0,1.0,1.0,0.0,0.0,0.0,0.0,0.0,0.0,1.6687143894290153
2022-02-20,0.0,1.0,1.0,0.0,0.0,0.0,0.0,0.0,0.0,1.6687143894290153
2022-02-21,0.0,1.0,1.0,0.0,0.0,0.0,0.0,0.0,0.0,1.6687143894290153
2022-02-22,0.0,1.0,1.0,0.0,0.0,0.0,0.0,0.0,0.0,1.6687143894290153
2022-02-23,0.0,1.0,1.0,0.0,0.0,0.0,0.0,0.0,0.0,1.6687143894290153
2022-02-24,0.0,1.0,1.0,0.0,0.0,0.0,0.0,0.0,0.0,1.6687143894290153
2022-02-25,0.0,1.0,1.0,0.0,0.0,0.0,0.0,0.0,0.0,1.6687143894290153
2022-02-26,0.0,1.0,1.0,0.0,0.0,0.0,0.0,0.0,0.0,1.6687143894290153
2022-02-27,0.0,1.0,1.0,0.0,0.0,0.0,0.0,0.0,0.0,1.6687143894290153
2022-02-28,0.0,1.0,1.0,0.0,0.0,0.0,0.0,0.0,0.0,1.6687143894290153
2022-03-01,0.0,1.0,1.0,0.0,0.0,0.0,0.0,0.0,0.0,1.6687143894290153
2022-03-02,0.0,1.0,1.0,0.0,0.0,0.0,0.0,0.0,0.0,1.6687143894290153
2022-03-03,0.0,1.0,1.0,0.0,0.0,0.0,0.0,0.0,0.0,1.6687143894290153
2022-03-04,0.0,1.0,1.0,0.0,0.0,0.0,0.0,0.0,0.0,1.6687143894290153
2022-03-05,0.0,1.0,1.0,0.0,0.0,0.0,0.0,0.0,0.0,1.6687143894290153
2022-03-06,0.0,1.0,1.0,0.0,0.0,0.0,0.0,0.0,0.0,1.6687143894290153
2022-03-07,0.0,1.0,1.0,0.0,0.0,0.0,0.0,0.0,0.0,1.6687143894290153
2022-03-08,0.0,1.0,1.0,0.0,0.0,0.0,0.0,0.0,0.0,1.6687143894290153
2022-03-09,0.0,1.0,1.0,0.0,0.0,0.0,0.0,0.0,0.0,1.6687143894290153
2022-03-10,0.0,1.0,1.0,0.0,0.0,0.0,0.0,0.0,0.0,1.6687143894290153
2022-03-11,0.0,1.0,1.0,0.0,0.0,0.0,0.0,0.0,0.0,1.6687143894290153
2022-03-12,0.0,1.0,1.0,0.0,0.0,0.0,0.0,0.0,0.0,1.6687143894290153
2022-03-13,0.0,1.0,1.0,0.0,0.0,0.0,0.0,0.0,0.0,1.6687143894290153
2022-03-14,0.0,1.0,1.0,0.0,0.0,0.0,0.0,0.0,0.0,1.6687143894290153
2022-03-15,0.0,1.0,1.0,0.0,0.0,0.0,0.0,0.0,0.0,1.6687143894290153
2022-03-16,0.0,1.0,1.0,0.0,0.0,0.0,0.0,0.0,0.0,1.6687143894290153
2022-03-17,0.0,1.0,1.0,0.0,0.0,0.0,0.0,0.0,0.0,1.6687143894290153
2022-03-18,0.0,1.0,1.0,0.0,0.0,0.0,0.0,0.0,0.0,1.6687143894290153
2022-03-19,0.0,1.0,1.0,0.0,0.0,0.0,0.0,0.0,0.0,1.6687143894290153
2022-03-20,0.0,1.0,1.0,0.0,0.0,0.0,0.0,0.0,0.0,1.6687143894290153
2022-03-21,0.0,1.0,1.0,0.0,0.0,0.0,0.0,0.0,0.0,1.6687143894290153
2022-03-22,0.0,1.0,1.0,0.0,0.0,0.0,0.0,0.0,0.0,1.6687143894290153
2022-03-23,0.0,1.0,1.0,0.0,0.0,0.0,0.0,0.0,0.0,1.6687143894290153
2022-03-24,0.0,1.0,1.0,0.0,0.0,0.0,0.0,0.0,0.0,1.6687143894290153
2022-03-25,0.0,1.0,1.0,0.0,0.0,0.0,0.0,0.0,0.0,1.6687143894290153
2022-03-26,0.0,1.0,1.0,0.0,0.0,0.0,0.0,0.0,0.0,1.6687143894290153
2022-03-27,0.0,1.0,1.0,0.0,0.0,0.0,0.0,0.0,0.0,1.6687143894290153
2022-03-28,0.0,1.0,1.0,0.0,0.0,0.0,0.0,0.0,0.0,1.6687143894290153
2022-03-29,0.0,1.0,1.0,0.0,0.0,0.0,0.0,0.0,0.0,1.6687143894290153
2022-03-30,0.0,1.0,1.0,0.0,0.0,0.0,0.0,0.0,0.0,1.6687143894290153
2022-03-31,0.0,1.0,1.0,0.0,0.0,0.0,0.0,0.0,0.0,1.6687143894290153
2022-04-01,0.0,1.0,1.0,0.0,0.0,0.0,0.0,0.0,0.0,1.6687143894290153
2022-04-02,0.0,1.0,1.0,0.0,0.0,0.0,0.0,0.0,0.0,1.6687143894290153
2022-04-03,0.0,1.0,1.0,0.0,0.0,0.0,0.0,0.0,0.0,1.6687143894290153
2022-04-04,0.0,1.0,1.0,0.0,0.0,0.0,0.0,0.0,0.0,1.6687143894290153
2022-04-05,0.0,1.0,1.0,0.0,0.0,0.0,0.0,0.0,0.0,1.6687143894290153
2022-04-06,0.0,1.0,1.0,0.0,0.0,0.0,0.0,0.0,0.0,1.6687143894290153
2022-04-07,0.0,1.0,1.0,0.0,0.0,0.0,0.0,0.0,0.0,1.6687143894290153
2022-04-08,0.0,1.0,1.0,0.0,0.0,0.0,0.0,0.0,0.0,1.6687143894290153
2022-04-09,0.0,1.0,1.0,0.0,0.0,0.0,0.0,0.0,0.0,1.6687143894290153
2022-04-10,0.0,1.0,1.0,0.0,0.0,0.0,0.0,0.0,0.0,1.6687143894290153
2022-04-11,0.0,1.0,1.0,0.0,0.0,0.0,0.0,0.0,0.0,1.6687143894290153
2022-04-12,0.0,1.0,1.0,0.0,0.0,0.0,0.0,0.0,0.0,1.6687143894290153
2022-04-13,0.0,1.0,1.0,0.0,0.0,0.0,0.0,0.0,0.0,1.6687143894290153
2022-04-14,0.0,1.0,1.0,0.0,0.0,0.0,0.0,0.0,0.0,1.6687143894290153
2022-04-15,0.0,1.0,1.0,0.0,0.0,0.0,0.0,0.0,0.0,1.6687143894290153
2022-04-16,0.0,1.0,1.0,0.0,0.0,0.0,0.0,0.0,0.0,1.6687143894290153
2022-04-17,0.0,1.0,1.0,0.0,0.0,0.0,0.0,0.0,0.0,1.6687143894290153
2022-04-18,0.0,1.0,1.0,0.0,0.0,0.0,0.0,0.0,0.0,1.6687143894290153
2022-04-19,0.0,1.0,1.0,0.0,0.0,0.0,0.0,0.0,0.0,1.6687143894290153
2022-04-20,0.0,1.0,1.0,0.0,0.0,0.0,0.0,0.0,0.0,1.6687143894290153
2022-04-21,0.0,1.0,1.0,0.0,0.0,0.0,0.0,0.0,0.0,1.6687143894290153
2022-04-22,0.0,1.0,1.0,0.0,0.0,0.0,0.0,0.0,0.0,1.6687143894290153
2022-04-23,0.0,1.0,1.0,0.0,0.0,0.0,0.0,0.0,0.0,1.6687143894290153
2022-04-24,0.0,1.0,1.0,0.0,0.0,0.0,0.0,0.0,0.0,1.6687143894290153
2022-04-25,0.0,1.0,1.0,0.0,0.0,0.0,0.0,0.0,0.0,1.6687143894290153
2022-04-26,0.0,1.0,1.0,0.0,0.0,0.0,0.0,0.0,0.0,1.6687143894290153
2022-04-27,0.0,1.0,1.0,0.0,0.0,0.0,0.0,0.0,0.0,1.6687143894290153
2022-04-28,0.0,1.0,1.0,0.0,0.0,0.0,0.0,0.0,0.0,1.6687143894290153
2022-04-29,0.0,1.0,1.0,0.0,0.0,0.0,0.0,0.0,0.0,1.6687143894290153
2022-04-30,0.0,1.0,1.0,0.0,0.0,0.0,0.0,0.0,0.0,1.6687143894290153
2022-05-01,0.0,1.0,1.0,0.0,0.0,0.0,0.0,0.0,0.0,1.6687143894290153
2022-05-02,0.0,1.0,1.0,0.0,0.0,0.0,0.0,0.0,0.0,1.6687143894290153
2022-05-03,0.0,1.0,1.0,0.0,0.0,0.0,0.0,0.0,0.0,1.6687143894290153
2022-05-04,0.0,1.0,1.0,0.0,0.0,0.0,0.0,0.0,0.0,1.6687143894290153
2022-05-05,0.0,1.0,1.0,0.0,0.0,0.0,0.0,0.0,0.0,1.6687143894290153
2022-05-06,0.0,1.0,1.0,0.0,0.0,0.0,0.0,0.0,0.0,1.6687143894290153
2022-05-07,0.0,1.0,1.0,0.0,0.0,0.0,0.0,0.0,0.0,1.6687143894290153
2022-05-08,0.0,1.0,1.0,0.0,0.0,0.0,0.0,0.0,0.0,1.6687143894290153
2022-05-09,0.0,1.0,1.0,0.0,0.0,0.0,0.0,0.0,0.0,1.6687143894290153
2022-05-10,0.0,1.0,1.0,0.0,0.0,0.0,0.0,0.0,0.0,1.6687143894290153
2022-05-11,0.0,1.0,1.0,0.0,0.0,0.0,0.0,0.0,0.0,1.6687143894290153
2022-05-12,0.0,1.0,1.0,0.0,0.0,0.0,0.0,0.0,0.0,1.6687143894290153
2022-05-13,0.0,1.0,1.0,0.0,0.0,0.0,0.0,0.0,0.0,1.6687143894290153
2022-05-14,0.0,1.0,1.0,0.0,0.0,0.0,0.0,0.0,0.0,1.6687143894290153
2022-05-15,0.0,1.0,1.0,0.0,0.0,0.0,0.0,0.0,0.0,1.6687143894290153
2022-05-16,0.0,1.0,1.0,0.0,0.0,0.0,0.0,0.0,0.0,1.6687143894290153
2022-05-17,0.0,1.0,1.0,0.0,0.0,0.0,0.0,0.0,0.0,1.6687143894290153
2022-05-18,0.0,1.0,1.0,0.0,0.0,0.0,0.0,0.0,0.0,1.6687143894290153
2022-05-19,0.0,1.0,1.0,0.0,0.0,0.0,0.0,0.0,0.0,1.6687143894290153
2022-05-20,0.0,1.0,1.0,0.0,0.0,0.0,0.0,0.0,0.0,1.6687143894290153
2022-05-21,0.0,1.0,1.0,0.0,0.0,0.0,0.0,0.0,0.0,1.6687143894290153
2022-05-22,0.0,1.0,1.0,0.0,0.0,0.0,0.0,0.0,0.0,1.6687143894290153
2022-05-23,0.0,1.0,1.0,0.0,0.0,0.0,0.0,0.0,0.0,1.6687143894290153
2022-05-24,0.0,1.0,1.0,0.0,0.0,0.0,0.0,0.0,0.0,1.6687143894290153
2022-05-25,0.0,1.0,1.0,0.0,0.0,0.0,0.0,0.0,0.0,1.6687143894290153
2022-05-26,0.0,1.0,1.0,0.0,0.0,0.0,0.0,0.0,0.0,1.6687143894290153
2022-05-27,0.0,1.0,1.0,0.0,0.0,0.0,0.0,0.0,0.0,1.6687143894290153
2022-05-28,0.0,1.0,1.0,0.0,0.0,0.0,0.0,0.0,0.0,1.6687143894290153
2022-05-29,0.0,1.0,1.0,0.0,0.0,0.0,0.0,0.0,0.0,1.6687143894290153
2022-05-30,0.0,1.0,1.0,0.0,0.0,0.0,0.0,0.0,0.0,1.6687143894290153
2022-05-31,0.0,1.0,1.0,0.0,0.0,0.0,0.0,0.0,0.0,1.6687143894290153
2022-06-01,0.0,1.0,1.0,0.0,0.0,0.0,0.0,0.0,0.0,1.6687143894290153
2022-06-02,0.0,1.0,1.0,0.0,0.0,0.0,0.0,0.0,0.0,1.6687143894290153
2022-06-03,0.0,1.0,1.0,0.0,0.0,0.0,0.0,0.0,0.0,1.6687143894290153
2022-06-04,0.0,1.0,1.0,0.0,0.0,0.0,0.0,0.0,0.0,1.6687143894290153
2022-06-05,0.0,1.0,1.0,0.0,0.0,0.0,0.0,0.0,0.0,1.6687143894290153
2022-06-06,0.0,1.0,1.0,0.0,0.0,0.0,0.0,0.0,0.0,1.6687143894290153
2022-06-07,0.0,1.0,1.0,0.0,0.0,0.0,0.0,0.0,0.0,1.6687143894290153
2022-06-08,0.0,1.0,1.0,0.0,0.0,0.0,0.0,0.0,0.0,1.6687143894290153
2022-06-09,0.0,1.0,1.0,0.0,0.0,0.0,0.0,0.0,0.0,1.6687143894290153
2022-06-10,0.0,1.0,1.0,0.0,0.0,0.0,0.0,0.0,0.0,1.6687143894290153
2022-06-11,0.0,1.0,1.0,0.0,0.0,0.0,0.0,0.0,0.0,1.6687143894290153
2022-06-12,0.0,1.0,1.0,0.0,0.0,0.0,0.0,0.0,0.0,1.6687143894290153
2022-06-13,0.0,1.0,1.0,0.0,0.0,0.0,0.0,0.0,0.0,1.6687143894290153
2022-06-14,0.0,1.0,1.0,0.0,0.0,0.0,0.0,0.0,0.0,1.6687143894290153
2022-06-15,0.0,1.0,1.0,0.0,0.0,0.0,0.0,0.0,0.0,1.6687143894290153
2022-06-16,0.0,1.0,1.0,0.0,0.0,0.0,0.0,0.0,0.0,1.6687143894290153
2022-06-17,0.0,1.0,1.0,0.0,0.0,0.0,0.0,0.0,0.0,1.6687143894290153
2022-06-18,0.0,1.0,1.0,0.0,0.0,0.0,0.0,0.0,0.0,1.6687143894290153
2022-06-19,0.0,1.0,1.0,0.0,0.0,0.0,0.0,0.0,0.0,1.6687143894290153
2022-06-20,0.0,1.0,1.0,0.0,0.0,0.0,0.0,0.0,0.0,1.6687143894290153
2022-06-21,0.0,1.0,1.0,0.0,0.0,0.0,0.0,0.0,0.0,1.6687143894290153
2022-06-22,0.0,1.0,1.0,0.0,0.0,0.0,0.0,0.0,0.0,1.6687143894290153
2022-06-23,0.0,1.0,1.0,0.0,0.0,0.0,0.0,0.0,0.0,1.6687143894290153
2022-06-24,0.0,1.0,1.0,0.0,0.0,0.0,0.0,0.0,0.0,1.6687143894290153
2022-06-25,0.0,1.0,1.0,0.0,0.0,0.0,0.0,0.0,0.0,1.6687143894290153
2022-06-26,0.0,1.0,1.0,0.0,0.0,0.0,0.0,0.0,0.0,1.6687143894290153
2022-06-27,0.0,1.0,1.0,0.0,0.0,0.0,0.0,0.0,0.0,1.6687143894290153
2022-06-28,0.0,1.0,1.0,0.0,0.0,0.0,0.0,0.0,0.0,1.6687143894290153
2022-06-29,0.0,1.0,1.0,0.0,0.0,0.0,0.0,0.0,0.0,1.6687143894290153
2022-06-30,0.0,1.0,1.0,0.0,0.0,0.0,0.0,0.0,0.0,1.6687143894290153
2022-07-01,0.0,1.0,1.0,0.0,0.0,0.0,0.0,0.0,0.0,1.6687143894290153
2022-07-02,0.0,1.0,1.0,0.0,0.0,0.0,0.0,0.0,0.0,1.6687143894290153
2022-07-03,0.0,1.0,1.0,0.0,0.0,0.0,0.0,0.0,0.0,1.6687143894290153
2022-07-04,0.0,1.0,1.0,0.0,0.0,0.0,0.0,0.0,0.0,1.6687143894290153
2022-07-05,0.0,1.0,1.0,0.0,0.0,0.0,0.0,0.0,0.0,1.6687143894290153
2022-07-06,0.0,1.0,1.0,0.0,0.0,0.0,0.0,0.0,0.0,1.6687143894290153
2022-07-07,0.0,1.0,1.0,0.0,0.0,0.0,0.0,0.0,0.0,1.6687143894290153
2022-07-08,0.0,1.0,1.0,0.0,0.0,0.0,0.0,0.0,0.0,1.6687143894290153
2022-07-09,0.0,1.0,1.0,0.0,0.0,0.0,0.0,0.0,0.0,1.6687143894290153
2022-07-10,0.0,1.0,1.0,0.0,0.0,0.0,0.0,0.0,0.0,1.6687143894290153
2022-07-11,0.0,1.0,1.0,0.0,0.0,0.0,0.0,0.0,0.0,1.6687143894290153
2022-07-12,0.0,1.0,1.0,0.0,0.0,0.0,0.0,0.0,0.0,1.6687143894290153
2022-07-13,0.0,1.0,1.0,0.0,0.0,0.0,0.0,0.0,0.0,1.6687143894290153
2022-07-14,0.0,1.0,1.0,0.0,0.0,0.0,0.0,0.0,0.0,1.6687143894290153
2022-07-15,0.0,1.0,1.0,0.0,0.0,0.0,0.0,0.0,0.0,1.6687143894290153
2022-07-16,0.0,1.0,1.0,0.0,0.0,0.0,0.0,0.0,0.0,1.6687143894290153
2022-07-17,0.0,1.0,1.0,0.0,0.0,0.0,0.0,0.0,0.0,1.6687143894290153
2022-07-18,0.0,1.0,1.0,0.0,0.0,0.0,0.0,0.0,0.0,1.6687143894290153
2022-07-19,0.0,1.0,1.0,0.0,0.0,0.0,0.0,0.0,0.0,1.6687143894290153
2022-07-20,0.0,1.0,1.0,0.0,0.0,0.0,0.0,0.0,0.0,1.6687143894290153
2022-07-21,0.0,1.0,1.0,0.0,0.0,0.0,0.0,0.0,0.0,1.6687143894290153
2022-07-22,0.0,1.0,1.0,0.0,0.0,0.0,0.0,0.0,0.0,1.6687143894290153
2022-07-23,0.0,1.0,1.0,0.0,0.0,0.0,0.0,0.0,0.0,1.6687143894290153
2022-07-24,0.0,1.0,1.0,0.0,0.0,0.0,0.0,0.0,0.0,1.6687143894290153
2022-07-25,0.0,1.0,1.0,0.0,0.0,0.0,0.0,0.0,0.0,1.6687143894290153
2022-07-26,0.0,1.0,1.0,0.0,0.0,0.0,0.0,0.0,0.0,1.6687143894290153
2022-07-27,0.0,1.0,1.0,0.0,0.0,0.0,0.0,0.0,0.0,1.6687143894290153
2022-07-28,0.0,1.0,1.0,0.0,0.0,0.0,0.0,0.0,0.0,1.6687143894290153
2022-07-29,0.0,1.0,1.0,0.0,0.0,0.0,0.0,0.0,0.0,1.6687143894290153
2022-07-30,0.0,1.0,1.0,0.0,0.0,0.0,0.0,0.0,0.0,1.6687143894290153
2022-07-31,0.0,1.0,1.0,0.0,0.0,0.0,0.0,0.0,0.0,1.6687143894290153
2022-08-01,0.0,1.0,1.0,0.0,0.0,0.0,0.0,0.0,0.0,1.6687143894290153
2022-08-02,0.0,1.0,1.0,0.0,0.0,0.0,0.0,0.0,0.0,1.6687143894290153
2022-08-03,0.0,1.0,1.0,0.0,0.0,0.0,0.0,0.0,0.0,1.6687143894290153
2022-08-04,0.0,1.0,1.0,0.0,0.0,0.0,0.0,0.0,0.0,1.6687143894290153
2022-08-05,0.0,1.0,1.0,0.0,0.0,0.0,0.0,0.0,0.0,1.6687143894290153
2022-08-06,0.0,1.0,1.0,0.0,0.0,0.0,0.0,0.0,0.0,1.6687143894290153
2022-08-07,0.0,1.0,1.0,0.0,0.0,0.0,0.0,0.0,0.0,1.6687143894290153
2022-08-08,0.0,1.0,1.0,0.0,0.0,0.0,0.0,0.0,0.0,1.6687143894290153
2022-08-09,0.0,1.0,1.0,0.0,0.0,0.0,0.0,0.0,0.0,1.6687143894290153
2022-08-10,0.0,1.0,1.0,0.0,0.0,0.0,0.0,0.0,0.0,1.6687143894290153
2022-08-11,0.0,1.0,1.0,0.0,0.0,0.0,0.0,0.0,0.0,1.6687143894290153
2022-08-12,0.0,1.0,1.0,0.0,0.0,0.0,0.0,0.0,0.0,1.6687143894290153
2022-08-13,0.0,1.0,1.0,0.0,0.0,0.0,0.0,0.0,0.0,1.6687143894290153
2022-08-14,0.0,1.0,1.0,0.0,0.0,0.0,0.0,0.0,0.0,1.6687143894290153
2022-08-15,0.0,1.0,1.0,0.0,0.0,0.0,0.0,0.0,0.0,1.6687143894290153
2022-08-16,0.0,1.0,1.0,0.0,0.0,0.0,0.0,0.0,0.0,1.6687143894290153
2022-08-17,0.0,1.0,1.0,0.0,0.0,0.0,0.0,0.0,0.0,1.6687143894290153
2022-08-18,0.0,1.0,1.0,0.0,0.0,0.0,0.0,0.0,0.0,1.6687143894290153
2022-08-19,0.0,1.0,1.0,0.0,0.0,0.0,0.0,0.0,0.0,1.6687143894290153
2022-08-20,0.0,1.0,1.0,0.0,0.0,0.0,0.0,0.0,0.0,1.6687143894290153
2022-08-21,0.0,1.0,1.0,0.0,0.0,0.0,0.0,0.0,0.0,1.6687143894290153
2022-08-22,0.0,1.0,1.0,0.0,0.0,0.0,0.0,0.0,0.0,1.6687143894290153
2022-08-23,0.0,1.0,1.0,0.0,0.0,0.0,0.0,0.0,0.0,1.6687143894290153
2022-08-24,0.0,1.0,1.0,0.0,0.0,0.0,0.0,0.0,0.0,1.6687143894290153
2022-08-25,0.0,1.0,1.0,0.0,0.0,0.0,0.0,0.0,0.0,1.6687143894290153
2022-08-26,0.0,1.0,1.0,0.0,0.0,0.0,0.0,0.0,0.0,1.6687143894290153
2022-08-27,0.0,1.0,1.0,0.0,0.0,0.0,0.0,0.0,0.0,1.6687143894290153
2022-08-28,0.0,1.0,1.0,0.0,0.0,0.0,0.0,0.0,0.0,1.6687143894290153
2022-08-29,0.0,1.0,1.0,0.0,0.0,0.0,0.0,0.0,0.0,1.6687143894290153
2022-08-30,0.0,1.0,1.0,0.0,0.0,0.0,0.0,0.0,0.0,1.6687143894290153
2022-08-31,0.0,1.0,1.0,0.0,0.0,0.0,0.0,0.0,0.0,1.6687143894290153
2022-09-01,0.0,1.0,1.0,0.0,0.0,0.0,0.0,0.0,0.0,1.6687143894290153
2022-09-02,0.0,1.0,1.0,0.0,0.0,0.0,0.0,0.0,0.0,1.6687143894290153
2022-09-03,0.0,1.0,1.0,0.0,0.0,0.0,0.0,0.0,0.0,1.6687143894290153
2022-09-04,0.0,1.0,1.0,0.0,0.0,0.0,0.0,0.0,0.0,1.6687143894290153
2022-09-05,0.0,1.0,1.0,0.0,0.0,0.0,0.0,0.0,0.0,1.6687143894290153
2022-09-06,0.0,1.0,1.0,0.0,0.0,0.0,0.0,0.0,0.0,1.6687143894290153
2022-09-07,0.0,1.0,1.0,0.0,0.0,0.0,0.0,0.0,0.0,1.6687143894290153
2022-09-08,0.0,1.0,1.0,0.0,0.0,0.0,0.0,0.0,0.0,1.6687143894290153
2022-09-09,0.0,1.0,1.0,0.0,0.0,0.0,0.0,0.0,0.0,1.6687143894290153
2022-09-10,0.0,1.0,1.0,0.0,0.0,0.0,0.0,0.0,0.0,1.6687143894290153
2022-09-11,0.0,1.0,1.0,0.0,0.0,0.0,0.0,0.0,0.0,1.6687143894290153
2022-09-12,0.0,1.0,1.0,0.0,0.0,0.0,0.0,0.0,0.0,1.6687143894290153
2022-09-13,0.0,1.0,1.0,0.0,0.0,0.0,0.0,0.0,0.0,1.6687143894290153
2022-09-14,0.0,1.0,1.0,0.0,0.0,0.0,0.0,0.0,0.0,1.6687143894290153
2022-09-15,0.0,1.0,1.0,0.0,0.0,0.0,0.0,0.0,0.0,1.6687143894290153
2022-09-16,0.0,1.0,1.0,0.0,0.0,0.0,0.0,0.0,0.0,1.6687143894290153
2022-09-17,0.0,1.0,1.0,0.0,0.0,0.0,0.0,0.0,0.0,1.6687143894290153
2022-09-18,0.0,1.0,1.0,0.0,0.0,0.0,0.0,0.0,0.0,1.6687143894290153
2022-09-19,0.0,1.0,1.0,0.0,0.0,0.0,0.0,0.0,0.0,1.6687143894290153
2022-09-20,0.0,1.0,1.0,0.0,0.0,0.0,0.0,0.0,0.0,1.6687143894290153
2022-09-21,0.0,1.0,1.0,0.0,0.0,0.0,0.0,0.0,0.0,1.6687143894290153
2022-09-22,0.0,1.0,1.0,0.0,0.0,0.0,0.0,0.0,0.0,1.6687143894290153
2022-09-23,0.0,1.0,1.0,0.0,0.0,0.0,0.0,0.0,0.0,1.6687143894290153
2022-09-24,0.0,1.0,1.0,0.0,0.0,0.0,0.0,0.0,0.0,1.6687143894290153
2022-09-25,0.0,1.0,1.0,0.0,0.0,0.0,0.0,0.0,0.0,1.6687143894290153
2022-09-26,0.0,1.0,1.0,0.0,0.0,0.0,0.0,0.0,0.0,1.6687143894290153
2022-09-27,0.0,1.0,1.0,0.0,0.0,0.0,0.0,0.0,0.0,1.6687143894290153
2022-09-28,0.0,1.0,1.0,0.0,0.0,0.0,0.0,0.0,0.0,1.6687143894290153
2022-09-29,0.0,1.0,1.0,0.0,0.0,0.0,0.0,0.0,0.0,1.6687143894290153
2022-09-30,0.0,1.0,1.0,0.0,0.0,0.0,0.0,0.0,0.0,1.6687143894290153
2022-10-01,0.0,1.0,1.0,0.0,0.0,0.0,0.0,0.0,0.0,1.6687143894290153
2022-10-02,0.0,1.0,1.0,0.0,0.0,0.0,0.0,0.0,0.0,1.6687143894290153
2022-10-03,0.0,1.0,1.0,0.0,0.0,0.0,0.0,0.0,0.0,1.6687143894290153
2022-10-04,0.0,1.0,1.0,0.0,0.0,0.0,0.0,0.0,0.0,1.6687143894290153
2022-10-05,0.0,1.0,1.0,0.0,0.0,0.0,0.0,0.0,0.0,1.6687143894290153
2022-10-06,0.0,1.0,1.0,0.0,0.0,0.0,0.0,0.0,0.0,1.6687143894290153
2022-10-07,0.0,1.0,1.0,0.0,0.0,0.0,0.0,0.0,0.0,1.6687143894290153
2022-10-08,0.0,1.0,1.0,0.0,0.0,0.0,0.0,0.0,0.0,1.6687143894290153
2022-10-09,0.0,1.0,1.0,0.0,0.0,0.0,0.0,0.0,0.0,1.6687143894290153
2022-10-10,0.0,1.0,1.0,0.0,0.0,0.0,0.0,0.0,0.0,1.6687143894290153
2022-10-11,0.0,1.0,1.0,0.0,0.0,0.0,0.0,0.0,0.0,1.6687143894290153
2022-10-12,0.0,1.0,1.0,0.0,0.0,0.0,0.0,0.0,0.0,1.6687143894290153
2022-10-13,0.0,1.0,1.0,0.0,0.0,0.0,0.0,0.0,0.0,1.6687143894290153
2022-10-14,0.0,1.0,1.0,0.0,0.0,0.0,0.0,0.0,0.0,1.6687143894290153
2022-10-15,0.0,1.0,1.0,0.0,0.0,0.0,0.0,0.0,0.0,1.6687143894290153
2022-10-16,0.0,1.0,1.0,0.0,0.0,0.0,0.0,0.0,0.0,1.6687143894290153
2022-10-17,0.0,1.0,1.0,0.0,0.0,0.0,0.0,0.0,0.0,1.6687143894290153
2022-10-18,0.0,1.0,1.0,0.0,0.0,0.0,0.0,0.0,0.0,1.6687143894290153
2022-10-19,0.0,1.0,1.0,0.0,0.0,0.0,0.0,0.0,0.0,1.6687143894290153
2022-10-20,0.0,1.0,1.0,0.0,0.0,0.0,0.0,0.0,0.0,1.6687143894290153
2022-10-21,0.0,1.0,1.0,0.0,0.0,0.0,0.0,0.0,0.0,1.6687143894290153
2022-10-22,0.0,1.0,1.0,0.0,0.0,0.0,0.0,0.0,0.0,1.6687143894290153
2022-10-23,0.0,1.0,1.0,0.0,0.0,0.0,0.0,0.0,0.0,1.6687143894290153
2022-10-24,0.0,1.0,1.0,0.0,0.0,0.0,0.0,0.0,0.0,1.6687143894290153
2022-10-25,0.0,1.0,1.0,0.0,0.0,0.0,0.0,0.0,0.0,1.6687143894290153
2022-10-26,0.0,1.0,1.0,0.0,0.0,0.0,0.0,0.0,0.0,1.6687143894290153
2022-10-27,0.0,1.0,1.0,0.0,0.0,0.0,0.0,0.0,0.0,1.6687143894290153
2022-10-28,0.0,1.0,1.0,0.0,0.0,0.0,0.0,0.0,0.0,1.6687143894290153
2022-10-29,0.0,1.0,1.0,0.0,0.0,0.0,0.0,0.0,0.0,1.6687143894290153
2022-10-30,0.0,1.0,1.0,0.0,0.0,0.0,0.0,0.0,0.0,1.6687143894290153
2022-10-31,0.0,1.0,1.0,0.0,0.0,0.0,0.0,0.0,0.0,1.6687143894290153
2022-11-01,0.0,1.0,1.0,0.0,0.0,0.0,0.0,0.0,0.0,1.6687143894290153
2022-11-02,0.0,1.0,1.0,0.0,0.0,0.0,0.0,0.0,0.0,1.6687143894290153
2022-11-03,0.0,1.0,1.0,0.0,0.0,0.0,0.0,0.0,0.0,1.6687143894290153
2022-11-04,0.0,1.0,1.0,0.0,0.0,0.0,0.0,0.0,0.0,1.6687143894290153
2022-11-05,0.0,1.0,1.0,0.0,0.0,0.0,0.0,0.0,0.0,1.6687143894290153
2022-11-06,0.0,1.0,1.0,0.0,0.0,0.0,0.0,0.0,0.0,1.6687143894290153
2022-11-07,0.0,1.0,1.0,0.0,0.0,0.0,0.0,0.0,0.0,1.6687143894290153
2022-11-08,0.0,1.0,1.0,0.0,0.0,0.0,0.0,0.0,0.0,1.6687143894290153
2022-11-09,0.0,1.0,1.0,0.0,0.0,0.0,0.0,0.0,0.0,1.6687143894290153
2022-11-10,0.0,1.0,1.0,0.0,0.0,0.0,0.0,0.0,0.0,1.6687143894290153
2022-11-11,0.0,1.0,1.0,0.0,0.0,0.0,0.0,0.0,0.0,1.6687143894290153
2022-11-12,0.0,1.0,1.0,0.0,0.0,0.0,0.0,0.0,0.0,1.6687143894290153
2022-11-13,0.0,1.0,1.0,0.0,0.0,0.0,0.0,0.0,0.0,1.6687143894290153
2022-11-14,0.0,1.0,1.0,0.0,0.0,0.0,0.0,0.0,0.0,1.6687143894290153
2022-11-15,0.0,1.0,1.0,0.0,0.0,0.0,0.0,0.0,0.0,1.6687143894290153
2022-11-16,0.0,1.0,1.0,0.0,0.0,0.0,0.0,0.0,0.0,1.6687143894290153
2022-11-17,0.0,1.0,1.0,0.0,0.0,0.0,0.0,0.0,0.0,1.6687143894290153
2022-11-18,0.0,1.0,1.0,0.0,0.0,0.0,0.0,0.0,0.0,1.6687143894290153
2022-11-19,0.0,1.0,1.0,0.0,0.0,0.0,0.0,0.0,0.0,1.6687143894290153
2022-11-20,0.0,1.0,1.0,0.0,0.0,0.0,0.0,0.0,0.0,1.6687143894290153
2022-11-21,0.0,1.0,1.0,0.0,0.0,0.0,0.0,0.0,0.0,1.6687143894290153
2022-11-22,0.0,1.0,1.0,0.0,0.0,0.0,0.0,0.0,0.0,1.6687143894290153
2022-11-23,0.0,1.0,1.0,0.0,0.0,0.0,0.0,0.0,0.0,1.6687143894290153
2022-11-24,0.0,1.0,1.0,0.0,0.0,0.0,0.0,0.0,0.0,1.6687143894290153
2022-11-25,0.0,1.0,1.0,0.0,0.0,0.0,0.0,0.0,0.0,1.6687143894290153
2022-11-26,0.0,1.0,1.0,0.0,0.0,0.0,0.0,0.0,0.0,1.6687143894290153
2022-11-27,0.0,1.0,1.0,0.0,0.0,0.0,0.0,0.0,0.0,1.6687143894290153
2022-11-28,0.0,1.0,1.0,0.0,0.0,0.0,0.0,0.0,0.0,1.6687143894290153
2022-11-29,0.0,1.0,1.0,0.0,0.0,0.0,0.0,0.0,0.0,1.6687143894290153
2022-11-30,0.0,1.0,1.0,0.0,0.0,0.0,0.0,0.0,0.0,1.6687143894290153
2022-12-01,0.0,1.0,1.0,0.0,0.0,0.0,0.0,0.0,0.0,1.6687143894290153
2022-12-02,0.0,1.0,1.0,0.0,0.0,0.0,0.0,0.0,0.0,1.6687143894290153
2022-12-03,0.0,1.0,1.0,0.0,0.0,0.0,0.0,0.0,0.0,1.6687143894290153
2022-12-04,0.0,1.0,1.0,0.0,0.0,0.0,0.0,0.0,0.0,1.6687143894290153
2022-12-05,0.0,1.0,1.0,0.0,0.0,0.0,0.0,0.0,0.0,1.6687143894290153
2022-12-06,0.0,1.0,1.0,0.0,0.0,0.0,0.0,0.0,0.0,1.6687143894290153
2022-12-07,0.0,1.0,1.0,0.0,0.0,0.0,0.0,0.0,0.0,1.6687143894290153
2022-12-08,0.0,1.0,1.0,0.0,0.0,0.0,0.0,0.0,0.0,1.6687143894290153
2022-12-09,0.0,1.0,1.0,0.0,0.0,0.0,0.0,0.0,0.0,1.6687143894290153
2022-12-10,0.0,1.0,1.0,0.0,0.0,0.0,0.0,0.0,0.0,1.6687143894290153
2022-12-11,0.0,1.0,1.0,0.0,0.0,0.0,0.0,0.0,0.0,1.6687143894290153
2022-12-12,0.0,1.0,1.0,0.0,0.0,0.0,0.0,0.0,0.0,1.6687143894290153
2022-12-13,0.0,1.0,1.0,0.0,0.0,0.0,0.0,0.0,0.0,1.6687143894290153
2022-12-14,0.0,1.0,1.0,0.0,0.0,0.0,0.0,0.0,0.0,1.6687143894290153
2022-12-15,0.0,1.0,1.0,0.0,0.0,0.0,0.0,0.0,0.0,1.6687143894290153
2022-12-16,0.0,1.0,1.0,0.0,0.0,0.0,0.0,0.0,0.0,1.6687143894290153
2022-12-17,0.0,1.0,1.0,0.0,0.0,0.0,0.0,0.0,0.0,1.6687143894290153
2022-12-18,0.0,1.0,1.0,0.0,0.0,0.0,0.0,0.0,0.0,1.6687143894290153
2022-12-19,0.0,1.0,1.0,0.0,0.0,0.0,0.0,0.0,0.0,1.6687143894290153
2022-12-20,0.0,1.0,1.0,0.0,0.0,0.0,0.0,0.0,0.0,1.6687143894290153
2022-12-21,0.0,1.0,1.0,0.0,0.0,0.0,0.0,0.0,0.0,1.6687143894290153
2022-12-22,0.0,1.0,1.0,0.0,0.0,0.0,0.0,0.0,0.0,1.6687143894290153
2022-12-23,0.0,1.0,1.0,0.0,0.0,0.0,0.0,0.0,0.0,1.6687143894290153
2022-12-24,0.0,1.0,1.0,0.0,0.0,0.0,0.0,0.0,0.0,1.6687143894290153
2022-12-25,0.0,1.0,1.0,0.0,0.0,0.0,0.0,0.0,0.0,1.6687143894290153
2022-12-26,0.0,1.0,1.0,0.0,0.0,0.0,0.0,0.0,0.0,1.6687143894290153
2022-12-27,0.0,1.0,1.0,0.0,0.0,0.0,0.0,0.0,0.0,1.6687143894290153
2022-12-28,0.0,1.0,1.0,0.0,0.0,0.0,0.0,0.0,0.0,1.6687143894290153
2022-12-29,0.0,1.0,1.0,0.0,0.0,0.0,0.0,0.0,0.0,1.6687143894290153
2022-12-30,0.0,1.0,1.0,0.0,0.0,0.0,0.0,0.0,0.0,1.6687143894290153
2022-12-31,0.0,1.0,1.0,0.0,0.0,0.0,0.0,0.0,0.0,1.6687143894290153
2023-01-01,0.0,1.0,1.0,0.0,0.0,0.0,0.0,0.0,0.0,1.6687143894290153
2023-01-02,0.0,1.0,1.0,0.0,0.0,0.0,0.0,0.0,0.0,1.6687143894290153
2023-01-03,0.0,1.0,1.0,0.0,0.0,0.0,0.0,0.0,0.0,1.6687143894290153
2023-01-04,0.0,1.0,1.0,0.0,0.0,0.0,0.0,0.0,0.0,1.6687143894290153
2023-01-05,0.0,1.0,1.0,0.0,0.0,0.0,0.0,0.0,0.0,1.6687143894290153
2023-01-06,0.0,1.0,1.0,0.0,0.0,0.0,0.0,0.0,0.0,1.6687143894290153
2023-01-07,0.0,1.0,1.0,0.0,0.0,0.0,0.0,0.0,0.0,1.6687143894290153
2023-01-08,0.0,1.0,1.0,0.0,0.0,0.0,0.0,0.0,0.0,1.6687143894290153
2023-01-09,0.0,1.0,1.0,0.0,0.0,0.0,0.0,0.0,0.0,1.6687143894290153
2023-01-10,0.0,1.0,1.0,0.0,0.0,0.0,0.0,0.0,0.0,1.6687143894290153
2023-01-11,0.0,1.0,1.0,0.0,0.0,0.0,0.0,0.0,0.0,1.6687143894290153
2023-01-12,0.0,1.0,1.0,0.0,0.0,0.0,0.0,0.0,0.0,1.6687143894290153
2023-01-13,0.0,1.0,1.0,0.0,0.0,0.0,0.0,0.0,0.0,1.6687143894290153
2023-01-14,0.0,1.0,1.0,0.0,0.0,0.0,0.0,0.0,0.0,1.6687143894290153
2023-01-15,0.0,1.0,1.0,0.0,0.0,0.0,0.0,0.0,0.0,1.6687143894290153
2023-01-16,0.0,1.0,1.0,0.0,0.0,0.0,0.0,0.0,0.0,1.6687143894290153
2023-01-17,0.0,1.0,1.0,0.0,0.0,0.0,0.0,0.0,0.0,1.6687143894290153
2023-01-18,-0.059421252127974444,0.9300965285949083,1.0434903369303368,0.09862246483378945,1.6345162561238686,0.002908331722802712,1.6853302775491583,0.0,1.0,1.569557290965175
2023-01-19,0.0434715442982776,0.9969179956101344,1.0582789915920268,0.057981871008876085,0.0,0.0005511901884455313,1.6803406676410724,0.0,1.0,1.637788370268052
2023-01-20,-0.002392482422940212,0.9976075175770598,1.0,0.002392482422940212,1.64998787788977,0.002392482422940167,1.64998787788977,0.0,1.0,1.6338699903796898
2023-01-21,-0.030756283368776005,0.9600132362610184,1.0157052733271863,0.05483090275167646,1.4649788142006563,0.0026065510670222657,1.4870603060748495,0.0,1.0,1.5836182219678328
2023-01-22,-9.446599705831282e-05,0.9813976863251594,1.0286858688090492,0.045969507230265716,0.19803781048480906,0.0007092516971181314,1.4824262401031867,0.0,1.0,1.583468623893535
2023-01-23,-0.0013549473751737207,0.9677428151102613,1.0150759984252533,0.04663018669382679,0.058499134826345604,0.0004878558830561476,1.2851241477640274,0.0,1.0,1.5813231072379204
2023-01-24,-0.05302134603658293,0.9312911411797731,1.0109331350255877,0.07878067409848899,0.010802832784634692,0.0004153806162585699,1.2330439887310989,0.0,1.0,1.4974792275734141
2023-01-25,0.01533921249727399,0.9818253395039179,1.0486262654444825,0.0317434857814658,2.227735514839148,0.0035587585909726167,1.2291834153833585,0.0,1.0,1.5204493796554164
2023-01-26,-0.002553465083829476,0.9905217742876334,1.00928074435414,0.01858647375514033,0.0,0.00032864806292697864,1.0006574059505238,0.0,1.0,1.516566965252736
2023-01-27,0.0024766800442179715,0.9790242561877355,1.0209957799089349,0.041108420374610044,0.0,0.0003287565805068031,1.001002629395426,0.0,1.0,1.5203230163912977
2023-01-28,-0.0025655860054939472,0.9911814826612002,1.0046530054601792,0.013409130043669504,0.0,0.0003288637941351531,1.0013196747678288,0.0,1.0,1.5164224969366138
2023-01-29,0.007195196554617089,0.9880491683779163,1.0109823230071513,0.02268403127071561,1.4341156223327336,0.002221751327428247,1.0013114701538792,0.0,1.0,1.527333454861916
2023-01-30,-0.025454369981440572,0.9646300150456328,1.0063160698297737,0.0414244152845461,0.013713605327314277,0.00015943660096617152,0.4384661732492152,0.0,1.0,1.488456144016829
2023-01-31,0.001111271487681087,0.9909366684034336,1.0092094249628984,0.018106010613343826,0.0,0.0001346262321956035,0.4154094935038757,0.0,1.0,1.4901102228903385
2023-02-01,0.01774328909327294,0.9862582166568273,1.0203335072014306,0.03339622810003062,1.159865905925373,0.0019282121344336804,0.7556350778944679,0.0,1.0,1.516549679355923
2023-02-02,-0.008001566944090377,0.9880004613529697,1.0163692948586807,0.027911934814653594,0.0,0.0002480504022152795,0.7592028741092296,0.0,1.0,1.5044149055725178
2023-02-03,-0.0020767556601924975,0.9906344057088473,1.0070246716693856,0.01627593287597151,0.0,0.0002474875370418923,0.75525385713915,0.0,1.0,1.501290603402092
2023-02-04,-0.010259369419660658,0.9844715334648055,1.0068651962058244,0.01700780371594479,1.3161126278591881,0.0020935135608669457,0.7530216822238176,0.0,1.0,1.4858883084955248
2023-02-05,-0.02573774649312932,0.9644133806177969,1.0027441291590573,0.03822585186652361,0.0,0.00018396310064561374,0.561442199289567,0.0,1.0,1.4476448918943623
2023-02-06,-0.013841223108595369,0.9817872926788019,1.0093822867708566,0.02733849647821207,0.0,0.00018028568695974305,0.5529955277721522,0.0,1.0,1.427607715963634
2023-02-07,0.044897466711185,0.9972919808418458,1.0517940360926588,0.051818182439296034,1.4619683708470346,0.0024223517608433624,0.925077499505041,0.0,1.0,1.4917036858677422
2023-02-08,-0.015337604126360871,0.9630282905363494,1.0139051060541284,0.03697170946365058,0.0,0.00030376216156037815,0.9259168615679524,0.0,1.0,1.4688245252600693
2023-02-09,-0.06582407597830342,0.9210056187733173,1.0011726941982344,0.08007317407824133,1.5003534812056523,0.0023651252061944986,0.9237025187370485,0.0,1.0,1.372140508110555
2023-02-10,0.010562571189879355,0.9866512532499772,1.0190078451856746,0.0317530351592159,1.4860671880442107,0.0024632113627225853,0.9403092204224373,0.0,1.0,1.38663383990999
2023-02-11,0.00876834690538697,0.9927555896287518,1.0141059326642654,0.007244410371248233,0.033973119395808916,0.00034687737337021186,0.9397982613864576,0.0,1.0,1.3987923264490696
2023-02-12,-0.01732603526558507,0.9669927993830567,1.0024918792275423,0.035410840307094626,0.0,0.0002979926885111815,0.9075347338325046,0.0,1.0,1.3745568012717833
2023-02-13,-0.014590872075783023,0.957116119897958,1.0240795022161626,0.04288388010204203,0.0,0.0002975476698480698,0.9081784906631357,0.0,1.0,1.3545008188235292
2023-02-14,0.047092412831063024,0.9924503119638896,1.0484833026713185,0.05344194854097184,0.0,0.0002971910119219653,0.9092711670197983,0.0,1.0,1.4182875305635798
2023-02-15,0.08144121338134691,0.9960131432009329,1.0845514586549057,0.08163588250923626,2.2948291419812574,0.0037836725230221825,1.3891829207365283,0.0,1.0,1.533794587976312
2023-02-16,-0.08053247598885593,0.9158859883511166,1.0135823221885347,0.09638717220962523,0.05129008404547441,0.0005375380203816046,1.4479564946881434,0.0,1.0,1.4102743121482724
2023-02-17,0.0630371859490162,0.9934131014500578,1.0881385006236406,0.023068124747206542,0.2217438211930636,0.0007239471390945735,1.446211601999745,0.0,1.0,1.4991740362022838
2023-02-18,-0.0064473869843085785,0.9873316055453734,1.0113383138603194,0.023737564359953334,2.0117656748823354,0.003180175350785102,1.2118379314790142,0.0,1.0,1.4895082810340599
2023-02-19,-0.018565455850845236,0.9757350856062171,1.0141060881910644,0.037837266762979715,0.0,0.000262969262257016,0.8034482377494647,0.0,1.0,1.4618548808030536
2023-02-20,0.006670205245731253,0.9825769485108493,1.008030953964977,0.025251214116002285,1.3931217225516395,0.0022160782411466172,0.7969051120818733,0.0,1.0,1.471605752897484
2023-02-21,-0.02405136015342957,0.9652938080918835,1.0017110688653657,0.03635505477116463,0.0,0.00019725921010056317,0.6012872050034314,0.0,1.0,1.4362116329306878
2023-02-22,-0.005489849007196623,0.9695793483165268,1.0013539007470755,0.030420651683473188,0.0,0.00019409026877178673,0.5915094015692863,0.0,1.0,1.428327047923519
2023-02-23,-0.0078122471026199625,0.9857977623278864,1.0160273330989527,0.023463522510620116,0.0,0.00019341219283896852,0.5953768048742917,0.0,1.0,1.4171686040817848
2023-02-24,-0.03974253737073763,0.9483676709720802,1.0041836373627409,0.05558342549501061,0.0,0.00019243473318188237,0.5875727198037657,0.0,1.0,1.3608467278734284
2023-02-25,-0.012805065741672172,0.9640859494235662,1.0004966913827271,0.036392666035546584,1.4110191253136506,0.0023230512645958422,0.8440169079637142,0.0,1.0,1.3434209960586696
2023-02-26,0.02080949341932392,0.9962278641044021,1.024279841087313,0.027387024383036307,1.824398737370697,0.002968637783268792,0.9846623457302958,0.0,1.0,1.3713769064355341
2023-02-27,-0.001456733649427,0.9840949508871757,1.002367820443825,0.01822970488872888,0.0,0.00032348661468361504,0.9849693261584535,0.0,1.0,1.3693791755498823
2023-02-28,-0.00571409673409895,0.9870512065079918,1.0053507336015268,0.018202132332444387,0.0,0.0003235842680891348,0.9853138765694538,0.0,1.0,1.3615544104751296
2023-03-01,0.010947427850473757,0.9946828151743853,1.0169396535732436,0.021886095522633875,0.0,0.0003236633899733894,0.9857160714232328,0.0,1.0,1.3764599291483004
2023-03-02,-0.0020173925247761737,0.9871158236487203,1.007014739486863,0.013023465450536564,0.0,0.0003238220725360111,0.9860531073612282,0.0,1.0,1.3736830691765827
2023-03-03,-0.03826907959663162,0.928028987889771,1.0,0.07197101211022905,1.7963780157760953,0.002871329364390658,0.9859248921467191,0.0,1.0,1.3211134824617188
2023-03-04,-0.011015379232154898,0.977365198331902,1.0044771840157694,0.026991141377126215,1.9881096977032593,0.0032722217581043172,1.1895721814107911,0.0,1.0,1.3065609164436902
2023-03-05,0.008740223201310071,0.9968638790926121,1.018776570335421,0.021508829198530144,0.07163565992550971,0.00047045628957515423,1.1873115842661466,0.0,1.0,1.3179805504795163
2023-03-06,0.0019552010129584296,0.9893526438059806,1.0069298946472918,0.017456280655435252,0.0,0.0003663834379089407,1.1167701052832029,0.0,1.0,1.3205574673868734
2023-03-07,-0.018571372440877143,0.9724916525998163,1.0050950612476572,0.027508347400183708,0.0,0.0003664234496966623,1.1189396311574413,0.0,1.0,1.2960329028304503
2023-03-08,-0.025129719378306548,0.9684510520031305,1.003057794202179,0.03171223157365077,2.2627738451380015,0.0036578076518119667,1.1515409565560952,0.0,1.0,1.263463959677269
2023-03-09,-0.07175104739144766,0.9062348804906557,1.0101860498195367,0.10290299430233785,0.0,0.00037800184140473515,1.1665364133141238,0.0,1.0,1.1728090972290792
2023-03-10,-0.0016857509846682772,0.9983142490153317,1.0,0.0016857509846682772,1.1625868859781108,0.0016857509846682605,1.1625868859781108,0.0,1.0,1.1708320331385973
2023-03-11,0.0,1.0,1.0,0.0,0.0,0.0,0.0,0.0,0.0,1.1708320331385973
2023-03-12,0.0,1.0,1.0,0.0,0.0,0.0,0.0,0.0,0.0,1.1708320331385973
2023-03-13,0.0,1.0,1.0,0.0,0.0,0.0,0.0,0.0,0.0,1.1708320331385973
2023-03-14,0.0,1.0,1.0,0.0,0.0,0.0,0.0,0.0,0.0,1.1708320331385973
2023-03-15,0.0,1.0,1.0,0.0,0.0,0.0,0.0,0.0,0.0,1.1708320331385973
2023-03-16,0.01219565513496157,0.9878868304363455,1.0225451884422665,0.033894206728134146,0.9653031362570775,0.0017172767852805279,0.9677471158693527,0.0,1.0,1.1851110968357215
2023-03-17,0.06482113779363208,0.9934067084018656,1.0708729212983996,0.07233931436291108,0.023423709602984327,0.0003441165560420854,0.9674173354589417,0.0,1.0,1.2619313465444721
2023-03-18,-0.029545021024481533,0.9606331358806046,1.0205463787595788,0.058707026085179526,2.05912734258397,0.0033514661914560684,1.117861548737346,0.0,1.0,1.2246475583793635
2023-03-19,0.027539579642786416,0.9950884670242631,1.039357829298289,0.04259299446843423,1.8797761134339444,0.002976678954489029,1.1166293416787985,0.0,1.0,1.2583738373476958
2023-03-20,-0.0071856353314816435,0.9767991369941086,1.013220306447812,0.03594595294027447,0.01505618175641539,0.000270232254122982,0.7711095819600639,0.0,1.0,1.249331621841838
2023-03-21,0.010327419662973236,0.9884839273514242,1.0193950946995907,0.011516072648575792,0.0,0.0002479047177292212,0.7594729345188677,0.0,1.0,1.2622339937988216
2023-03-22,-0.023273707325021986,0.9592341225040303,1.0202992220155762,0.05985018727242919,0.0,0.00024881462284090757,0.7623864086882943,0.0,1.0,1.2328571292514543
2023-03-23,0.024802737398581076,0.9864706822094593,1.0389689317076043,0.05052918128346828,1.2538643883006713,0.0019831773646366143,0.7517861818875647,0.0,1.0,1.2634353608782467
2023-03-24,-0.024037983058478596,0.9641451176422676,1.0,0.035854882357732376,1.2518319661456905,0.0020573398856728463,0.7378635135301275,0.0,1.0,1.2330649230779727
2023-03-25,-1.4385188533139193e-05,0.9918102775266876,1.0086277184041041,0.016673585873711483,0.0,0.0002403086709712937,0.7339750854764576,0.0,1.0,1.2330471852065805
2023-03-26,0.013216637144944254,0.9985556481872773,1.0192471208000498,0.02030074178333796,0.0,0.0002403864013215045,0.7369788243409316,0.0,1.0,1.2493439224360507
2023-03-27,-0.022411784437574966,0.9613703918707596,1.0012258967201055,0.039806705939096854,0.0,0.00024161424870272489,0.7359786466487329,0.0,1.0,1.2213438957580196
2023-03-28,0.0034226734204405584,0.9864962887564831,1.0103872665031823,0.023645367017918528,0.0,0.00023970255314449007,0.7326118532943601,0.0,1.0,1.225524157047248
2023-03-29,0.02249643475312335,0.9981442908164905,1.0594595103712265,0.05787405649249566,1.1787012895736209,0.0018563814431663103,0.7307558836153168,0.0,1.0,1.2530940812846378
2023-03-30,-0.00877283300118381,0.9827110920110078,1.0123956962542258,0.029321148196350788,0.021444781467101062,0.0001756570324497203,0.4614419891705344,0.0,1.0,1.242100896174756
2023-03-31,0.0044593281099265525,0.9946238586871722,1.0268203098744795,0.03135548730161275,0.011917448296776609,0.00016418569574948416,0.4617361576529925,0.0,1.0,1.247639831616433
2023-04-01,-0.022718558048411164,0.9772814419515888,1.000083690637209,0.02280034051059443,0.43747035771177933,0.0007821100986786099,0.4498660113248468,0.0,1.0,1.2192952536783452
2023-04-02,0.0,1.0,1.0,0.0,0.0,0.0,0.0,0.0,0.0,1.2192952536783452
2023-04-03,0.0,1.0,1.0,0.0,0.0,0.0,0.0,0.0,0.0,1.2192952536783452
2023-04-04,0.0,1.0,1.0,0.0,0.0,0.0,0.0,0.0,0.0,1.2192952536783452
2023-04-05,0.0,1.0,1.0,0.0,0.0,0.0,0.0,0.0,0.0,1.2192952536783452
2023-04-06,0.0,1.0,1.0,0.0,0.0,0.0,0.0,0.0,0.0,1.2192952536783452
2023-04-07,0.0,1.0,1.0,0.0,0.0,0.0,0.0,0.0,0.0,1.2192952536783452
2023-04-08,0.0,1.0,1.0,0.0,0.0,0.0,0.0,0.0,0.0,1.2192952536783452
2023-04-09,0.0,1.0,1.0,0.0,0.0,0.0,0.0,0.0,0.0,1.2192952536783452
2023-04-10,0.0,1.0,1.0,0.0,0.0,0.0,0.0,0.0,0.0,1.2192952536783452
2023-04-11,0.0,1.0,1.0,0.0,0.0,0.0,0.0,0.0,0.0,1.2192952536783452
2023-04-12,-0.01757542719835148,0.973371388390339,1.000530941624268,0.027145140748808805,0.7195192410588573,0.0012799421444044212,0.7209470971183641,0.0,1.0,1.197865618714026
2023-04-13,0.025311809254782158,0.991154121555525,1.0303470062463063,0.0380385292073262,1.9700534092580289,0.0032694019358596705,1.2585005325796879,0.0,1.0,1.228185764767777
2023-04-14,0.014850422303927857,0.9944268132645506,1.0567540339536843,0.058979874868275495,2.1535336818045803,0.0034199096817707436,1.2498555698198215,0.0,1.0,1.246424842042251
2023-04-15,-0.006370053449791024,0.9880782919205989,1.005600701845306,0.011921708079401072,0.0,0.00029793119865474584,0.9076432795586398,0.0,1.0,1.2384850491772945
2023-04-16,0.0027702064646990543,0.992085291520726,1.0093311191495946,0.01708639246494148,0.06673392103499184,0.00041655349783122417,0.9739243705016619,0.0,1.0,1.2419159084669587
2023-04-17,-0.04696536478198077,0.9451789103088835,1.0,0.05482108969111654,2.1189677026905196,0.0034493815994490517,1.155547548658175,0.0,1.0,1.183588874797263
2023-04-18,0.02461523432761137,0.9826032711639223,1.0365806668742317,0.052072547207614894,0.0,0.0003792247697732422,1.1573825594778433,0.0,1.0,1.2127231922979513
2023-04-19,-0.0709650084709359,0.9051600175137053,1.0,0.09483998248629466,0.0,0.0003781287733527967,1.1671611424922854,0.0,1.0,1.1266622806836268
2023-04-20,-0.027318511692191128,0.964129686107886,1.0322342558014745,0.06597782364886651,1.7083117382832627,0.0026563959713110153,1.162865321592351,0.0,1.0,1.0958835439956205
2023-04-21,-0.03437631370922134,0.9517474399646589,1.0048772119340363,0.05287190448584389,0.010104529644913962,0.00018693785186088237,0.5344932229625876,0.0,1.0,1.0582111074984537
2023-04-22,0.01187315848154502,0.9982149552306666,1.0165985084214224,0.018083395793391244,0.0,0.00016677424197808643,0.5158224976136027,0.0,1.0,1.070775415684714
2023-04-23,-0.009239712752885598,0.9766106905741869,1.0018072411848935,0.025151096513242654,1.5489735689899133,0.0025866893833554777,1.0380879976050672,0.0,1.0,1.0608817584209356
2023-04-24,-0.0014466471982003126,0.9833380506726273,1.0107255945051377,0.027096913327815497,2.476895206847723,0.004065374573578261,1.4487255946559396,0.0,1.0,1.0593470367974942
2023-04-25,0.03087167485155562,0.9882071083142295,1.037837318367854,0.0478207992478773,0.0,0.00047372097178602883,1.447640909606622,0.0,1.0,1.0920508540724654
2023-04-26,-0.03341010548252221,0.9281592164171693,1.027403275247636,0.09659698506075509,0.0,0.0004695242536866439,1.4628343540784587,0.0,1.0,1.0555653198456258
2023-04-27,0.0008361804218368629,0.9890395446908202,1.0257401891873172,0.03577966904618857,0.0,0.00047455688160914745,1.4498374889737424,0.0,1.0,1.0564479629000507
2023-04-28,-0.04368605329568853,0.9563139467043115,1.0,0.04368605329568853,1.462187724923952,0.002577743689703488,1.4445353535200243,0.0,1.0,1.0102959208886775
2023-04-29,-0.006968000150070708,0.9845758209154002,1.0066131357144763,0.02189253648417211,1.036266291249579,0.001843555555992205,1.0387063481146634,0.0,1.0,1.0032561787603094
2023-04-30,-0.017711915402082723,0.9792243671055069,1.031818184058553,0.04800273946114608,0.011010039527067646,0.0003534999019546856,1.038366843217981,0.0,1.0,0.98548659019549
2023-05-01,-0.023210273220089617,0.9593755320365285,1.0056401091159608,0.046005103277058756,0.0,0.0003378102333613154,1.0297642862506642,0.0,1.0,0.9626131771823182
2023-05-02,-0.03013444664936582,0.9694863967940612,1.0,0.030513603205938766,2.276584505840927,0.003711594775413227,1.256963663291348,0.0,1.0,0.9336053617505411
2023-05-03,0.01608679014695169,0.9953792126535475,1.0224873140994588,0.006259758790400527,0.04641488626832942,0.0004650445844675067,1.256963663291348,0.0,1.0,0.948624075285091
2023-05-04,-0.0015050480089273677,0.9814957397072742,1.0082604569200628,0.02654543975129897,3.717381019358741,0.006217785615552519,2.54009990973376,0.0,1.0,0.9471963505093626
2023-05-05,0.05423312701069949,0.9984496235278314,1.0705335014050443,0.06733453720281046,0.0,0.0008259153879753697,2.517057888395093,0.0,1.0,0.9985657704906079
2023-05-06,-0.023821421723656644,0.953844822456093,1.0050406627209738,0.05093907357566696,0.0,0.0008007485508239659,2.5071477012643406,0.0,1.0,0.974778514152943
2023-05-07,-0.03741622280090828,0.9573593103581314,1.0071658942419546,0.04945221454436777,0.02587948551716649,0.0008415981629556439,2.5121145318878573,0.0,1.0,0.9383059840858582
2023-05-08,-0.051103918443892504,0.9488960815561075,1.005994912702733,0.05675856848343519,2.575183709669109,0.004523796182466799,2.5044518274453504,0.0,1.0,0.8903548715997182
2023-05-09,0.0,1.0,1.0,0.0,0.0,0.0,0.0,0.0,0.0,0.8903548715997182
2023-05-10,0.0,1.0,1.0,0.0,0.0,0.0,0.0,0.0,0.0,0.8903548715997182
2023-05-11,0.0,1.0,1.0,0.0,0.0,0.0,0.0,0.0,0.0,0.8903548715997182
2023-05-12,0.0,1.0,1.0,0.0,0.0,0.0,0.0,0.0,0.0,0.8903548715997182
2023-05-13,0.0,1.0,1.0,0.0,0.0,0.0,0.0,0.0,0.0,0.8903548715997182
2023-05-14,0.0,1.0,1.0,0.0,0.0,0.0,0.0,0.0,0.0,0.8903548715997182
2023-05-15,0.0,1.0,1.0,0.0,0.0,0.0,0.0,0.0,0.0,0.8903548715997182
2023-05-16,0.00585237657309734,0.9847907312796329,1.0132072368343068,0.028046094146997325,2.3485406061362784,0.0041796148823298645,2.3736091755322626,0.0,1.0,0.8955655635920114
2023-05-17,0.02103522677240588,0.9876424140796658,1.0273170430215355,0.012357585920334202,0.01231182057125626,0.0007843487289265728,2.3500061965870094,0.0,1.0,0.9144039883117269
2023-05-18,-0.03664064671839107,0.9521500009041015,1.0044603119991367,0.04815821544194565,0.11296722416999126,0.0009584785000746189,2.491169349679445,0.0,1.0,0.8808996348181091
2023-05-19,0.01674021875342735,0.9960149460092447,1.0226123793642792,0.026009301169979238,0.050353915838569616,0.0008694522710961235,2.4743384098193415,0.0,1.0,0.8956460874047785
2023-05-20,0.062173512799843955,0.9944955397485454,1.075775458364076,0.07555472471842062,0.05640033821842988,0.0008522667855458199,2.4013762100562075,0.0,1.0,0.9513315508841697
2023-05-21,0.0826331477241824,0.9992553197207448,1.1183955920810948,0.07414652247290276,1.0796457955776357,0.00231016668284294,2.2683097655331617,0.0,1.0,1.0299430714630569
2023-05-22,0.04277477378953187,0.9879604590291519,1.0629695213328296,0.018998425766691973,0.0,0.0003554883136311818,1.0833648351135157,0.0,1.0,1.0739986533609849
2023-05-23,0.006285402266791973,0.9939739330671552,1.0256517583111644,0.030885556415532034,0.0,0.0003544912341357688,1.0798181747986764,0.0,1.0,1.0807491669313516
2023-05-24,-0.021056800202499115,0.9732175570253921,1.0013368248617491,0.028081727484894237,0.08028953429559445,0.000444524420786671,1.0788416337513835,0.0,1.0,1.0579920476542608
2023-05-25,-0.0014979225940268126,0.9966824508075919,1.0190378633019916,0.02193776433582295,0.0,0.00032820529585929104,0.99931618355333,0.0,1.0,1.0564072574617789
2023-05-26,-0.01733897527290018,0.9826610247270998,1.0085231750689654,0.02564358557263391,0.99962441326882,0.0017777681808168004,0.9996335134533973,0.0,1.0,1.038090238146537
2023-05-27,0.0,1.0,1.0,0.0,0.0,0.0,0.0,0.0,0.0,1.038090238146537
2023-05-28,0.0,1.0,1.0,0.0,0.0,0.0,0.0,0.0,0.0,1.038090238146537
2023-05-29,0.0,1.0,1.0,0.0,0.0,0.0,0.0,0.0,0.0,1.038090238146537
2023-05-30,0.0,1.0,1.0,0.0,0.0,0.0,0.0,0.0,0.0,1.038090238146537
2023-05-31,-0.025643876306261748,0.9368047339580923,1.0039342731430485,0.06686646823480946,1.186340994216897,0.002110629019984885,1.2011635347072451,0.0,1.0,1.0114695804847693
2023-06-01,-0.03424492804991752,0.9508414765121894,1.0,0.04915852348781058,2.706981819687637,0.004423489198845401,1.54201427280089,0.0,1.0,0.9768318774763881
2023-06-02,0.05369599957587656,0.9898067717339828,1.061871398399247,0.06786568201563814,0.0,0.0005038666975784697,1.5396488917895599,0.0,1.0,1.029283841555063
2023-06-03,-0.01658747481917411,0.9707685821821181,1.0270916009945426,0.054837386225226936,0.0,0.0004950414736334826,1.5227026385243507,0.0,1.0,1.0122106217514855
2023-06-04,0.049469735965809614,0.9886901898724849,1.0819049745059972,0.08615801464086492,0.0,0.0004980639474524846,1.5223883166804404,0.0,1.0,1.0622844139513195
2023-06-05,-0.07489435939457234,0.8634342695692627,1.0194102931764246,0.15300612977052586,0.010085665547271977,0.0005015467453493766,1.5588732508458345,0.0,1.0,0.9827253032735966
2023-06-06,-0.01349593819791517,0.9865040618020848,1.066933598090824,0.07538382560326173,1.5273647839899231,0.0026893092170802565,1.5217724266188988,0.0,1.0,0.9694625033150888
2023-06-07,0.0,1.0,1.0,0.0,0.0,0.0,0.0,0.0,0.0,0.9694625033150888
2023-06-08,0.0,1.0,1.0,0.0,0.0,0.0,0.0,0.0,0.0,0.9694625033150888
2023-06-09,0.0,1.0,1.0,0.0,0.0,0.0,0.0,0.0,0.0,0.9694625033150888
2023-06-10,0.0,1.0,1.0,0.0,0.0,0.0,0.0,0.0,0.0,0.9694625033150888
2023-06-11,0.0,1.0,1.0,0.0,0.0,0.0,0.0,0.0,0.0,0.9694625033150888
2023-06-12,0.0,1.0,1.0,0.0,0.0,0.0,0.0,0.0,0.0,0.9694625033150888
2023-06-13,0.0,1.0,1.0,0.0,0.0,0.0,0.0,0.0,0.0,0.9694625033150888
2023-06-14,-0.07976096214949036,0.8822704982780062,1.0005494566321402,0.11772950172199381,1.0323069424084348,0.0018365097769184773,1.038698952108845,0.0,1.0,0.8921372412828238
2023-06-15,-0.00034080271813075047,0.9698487179572534,1.0119722213507323,0.030360741543228875,0.0,0.00034072911452034005,1.038607111984497,0.0,1.0,0.8918331984860489
2023-06-16,-0.0015043109435073365,0.9984956890564927,1.0,0.0015043109435073365,1.037455823108522,0.0015043109435073571,1.037455823108522,0.0,1.0,0.8904916040457832
2023-06-17,0.0,1.0,1.0,0.0,0.0,0.0,0.0,0.0,0.0,0.8904916040457832
2023-06-18,0.0,1.0,1.0,0.0,0.0,0.0,0.0,0.0,0.0,0.8904916040457832
2023-06-19,0.0,1.0,1.0,0.0,0.0,0.0,0.0,0.0,0.0,0.8904916040457832
2023-06-20,0.0,1.0,1.0,0.0,0.0,0.0,0.0,0.0,0.0,0.8904916040457832
2023-06-21,0.0,1.0,1.0,0.0,0.0,0.0,0.0,0.0,0.0,0.8904916040457832
2023-06-22,-0.005403779882881654,0.9826341253419674,1.0150733714747207,0.020173075102790428,0.9985520994557892,0.0017764426386667467,1.0003338642427713,0.0,1.0,0.8856795834299656
2023-06-23,0.01953465389236686,0.9972608414001822,1.0381719562662437,0.01795203796575806,0.2511445878000118,0.0006103882136110901,1.0003298488286432,0.0,1.0,0.9029810275518055
2023-06-24,-0.0042084124771277764,0.988969951284732,1.0024937227981843,0.013490130866559924,0.0,0.000247914456765694,0.7554473285273542,0.0,1.0,0.8991809109288469
2023-06-25,-0.0018469947539726528,0.9935806779684154,1.0125574288426944,0.018741406989595144,0.0,0.00024765550304373546,0.7570992411557822,0.0,1.0,0.897520128503489
2023-06-26,-0.005063389069480118,0.9865753184661431,1.004782695174866,0.018120710872268964,0.0,0.0002475873453414065,0.755013205990492,0.0,1.0,0.8929756348951859
2023-06-27,0.01030634436161737,0.9987129228770485,1.0178285049160742,0.018780749356790638,0.0,0.00024725709059967514,0.7571654043850744,0.0,1.0,0.9021789492949497
2023-06-28,-0.01538438461668823,0.9792355061228655,1.0001775955702108,0.020938370885428714,0.0,0.0002481667014407042,0.7556489598738869,0.0,1.0,0.8882994813459165
2023-06-29,0.008998682701720107,0.9990673916580632,1.0189134769993753,0.01947769441597469,0.0,0.0002469936418187942,0.7566367972448788,0.0,1.0,0.896293006522651
2023-06-30,0.0003638230863123315,0.9762852904139512,1.0204292669799466,0.043260202342729204,0.0,0.00024780137014914736,0.7594083331567084,0.0,1.0,0.8966190986105242
2023-07-01,0.002572610013529264,0.9960022051349328,1.0044471799803996,0.008407584802649026,0.0,0.0002479120984105298,0.7559159082336078,0.0,1.0,0.8989257498819313
2023-07-02,0.02564384232387651,0.9895494546847942,1.0274294304049618,0.03686868859230297,1.2112838076390362,0.001906218031025496,0.7554595296100086,0.0,1.0,0.921977660072776
2023-07-03,-0.02536322963111337,0.9677710836569628,1.0054924437893349,0.03751530940422976,0.01742525448905389,0.00017421615622113603,0.47077895337348763,0.0,1.0,0.8985933289655936
2023-07-04,-0.012431002907302147,0.9844154198826786,1.0093573487255587,0.024710702185279043,0.0,0.0001443384526814142,0.44467091173804957,0.0,1.0,0.88742291268074
2023-07-05,-0.013760379056080962,0.986239620943919,1.0096451059448017,0.023181893185111213,0.42499841252290604,0.0007583155097446963,0.4379816954185484,0.0,1.0,0.8752116370192016
2023-07-06,0.0,1.0,1.0,0.0,0.0,0.0,0.0,0.0,0.0,0.8752116370192016
2023-07-07,0.0,1.0,1.0,0.0,0.0,0.0,0.0,0.0,0.0,0.8752116370192016
2023-07-08,0.0,1.0,1.0,0.0,0.0,0.0,0.0,0.0,0.0,0.8752116370192016
2023-07-09,0.0,1.0,1.0,0.0,0.0,0.0,0.0,0.0,0.0,0.8752116370192016
2023-07-10,0.0,1.0,1.0,0.0,0.0,0.0,0.0,0.0,0.0,0.8752116370192016
2023-07-11,0.0,1.0,1.0,0.0,0.0,0.0,0.0,0.0,0.0,0.8752116370192016
2023-07-12,0.0,1.0,1.0,0.0,0.0,0.0,0.0,0.0,0.0,0.8752116370192016
2023-07-13,0.1328831204246108,0.9987203205290873,1.146170931536326,0.07728812952243891,1.0964478864061653,0.001826485757786735,0.7538750435288125,0.0,1.0,0.9915124903782448
2023-07-14,-0.02949434674979523,0.9572084582259945,1.0061605925895698,0.04279154177400546,0.8041011151036233,0.0013064734772616098,0.43203503916731956,0.0,1.0,0.9622684771802759
2023-07-15,-0.001851591961353427,0.9921622273338259,1.003896201016284,0.011688433197156622,0.601392489537333,0.000934541192628587,0.4111433968383754,0.0,1.0,0.9604867486032651
2023-07-16,-0.002326866138822048,0.97800398867476,1.0238986607764018,0.04482345163616175,0.7525770264602976,0.0012763550670820587,0.5743004740883215,0.0,1.0,0.9582518245111529
2023-07-17,-0.012917554641394435,0.9614118471848033,1.0217890940895862,0.0590897351068117,0.0,0.00018497593473168405,0.5726076711541049,0.0,1.0,0.9458735542078142
2023-07-18,-0.026397779941608523,0.9573741396829645,1.0058503284967402,0.04819423669744605,0.0,0.0001831885659185791,0.5603355674394062,0.0,1.0,0.9209045922712492
2023-07-19,0.016275078021913858,0.9957605171581068,1.030806225300444,0.014096875748198734,0.0,0.00017930933759809572,0.559521583005711,0.0,1.0,0.9358923863612025
2023-07-20,-0.00698749903841811,0.987709105193994,1.0055166280515409,0.017709824343783986,0.7407757689030745,0.0011357604652721554,0.5532234291999362,0.0,1.0,0.9293528392114409
2023-07-21,-0.005331719532761903,0.9920900047423578,1.0009758478656063,0.008877180345755575,0.0,6.006648814021725e-05,0.18368403995219953,0.0,1.0,0.9243977905257895
2023-07-22,-0.008899546260195956,0.9884157828266886,1.0019317122513391,0.013489870875810661,0.0,5.864721872933407e-05,0.18014983383638056,0.0,1.0,0.9161710696261823
2023-07-23,0.0011813957613895365,0.995693785549919,1.0044739618882719,0.008741069128210488,0.0,5.6236791008207606e-05,0.1749376201855964,0.0,1.0,0.9172534302445464
2023-07-24,-0.008523186918575676,0.9865088057746534,1.001016320069543,0.01449278498664408,0.0,5.658291689573409e-05,0.1731212097279194,0.0,1.0,0.9094355078068674
2023-07-25,0.001545408690652561,0.9934059380850054,1.0032862203230741,0.009847919803869232,0.0,5.4257329029287905e-05,0.16795392751217997,0.0,1.0,0.9108409573442202
2023-07-26,0.0016364366385566154,0.9961402018920044,1.005206640405548,0.009019477338396586,0.0,5.471122916148381e-05,0.1708793724758892,0.0,1.0,0.9123314908587162
2023-07-27,-0.0005710659167741383,0.9975998490161938,1.0038609478994958,0.006237018081441392,0.0,5.5170128636934975e-05,0.17117928277453798,0.0,1.0,0.9118104894394871
2023-07-28,-0.0005008252976450578,0.9971763171509603,1.0011181360260544,0.003937416308070429,0.0,5.502564451592417e-05,0.16848860618284567,0.0,1.0,0.9113538316797176
2023-07-29,-3.1430422622991117e-05,0.9980905724217048,1.0008371432618752,0.002744273490109528,0.0,5.49066760009719e-05,0.16789324480515777,0.0,1.0,0.9113251874436289
2023-07-30,-0.001815607923377316,0.9929962618689534,1.0055088111933321,0.012443997690610886,0.0,5.492896159572061e-05,0.17178787055818895,0.0,1.0,0.9096705782125329
2023-07-31,-0.001700738830057058,0.9953359424555652,1.003684975341312,0.008318379861078973,0.0,5.444937484062561e-05,0.16882796309598175,0.0,1.0,0.9081234661376064
2023-08-01,0.0021369437616209908,0.9941977396080015,1.0024432038625024,0.008225368003623834,0.0,5.3993883146398564e-05,0.16643444629046916,0.0,1.0,0.9100640749133508
2023-08-02,-0.0052029001697166954,0.992728375280031,1.0002275017746958,0.00749742081812288,0.0,5.459702761147521e-05,0.16642393985306642,0.0,1.0,0.9053291023835311
2023-08-03,-0.005252035059603921,0.9926920519134325,1.0005376050737995,0.0073079480865675395,0.0,5.3175788256588134e-05,0.16237709674748288,0.0,1.0,0.900574282197333
2023-08-04,-0.004877252104894203,0.9951227478951058,1.001064791493376,0.005935723290603323,0.15361329995736245,0.0002744787321162289,0.15844977090939527,0.0,1.0,0.8961819543838725
2023-08-05,0.005585372654152598,0.9960904606029658,1.006698057660151,0.010537019493054745,0.5298605998564621,0.0009425132303287319,0.5339247779487674,0.0,1.0,0.9011874645650332
2023-08-06,-0.009691188306008236,0.988390870102114,1.0030704999784092,0.01272262346932973,0.0,0.00017524733092235935,0.5350120562969545,0.0,1.0,0.8924538871469193
2023-08-07,-0.011205505042194419,0.9666740760859946,1.015122602201972,0.047726773111823384,1.422608289926278,0.0023567558484676107,0.8968606768631215,0.0,1.0,0.8824534906145685
2023-08-08,0.008028077629366637,0.9947369306485755,1.013702076048067,0.01870879605320286,1.4644300054745885,0.002310951255567182,0.8941144407397557,0.0,1.0,0.8895378957415278
2023-08-09,0.016543283022016908,0.9934111875594343,1.0351260663769586,0.04029932215264409,0.0,0.00018897641012139246,0.5898897081826034,0.0,1.0,0.9042537729095892
2023-08-10,-0.004666616875696805,0.9907822546383984,1.0041322315303856,0.013295038713816099,0.0,0.00019134053122396206,0.5843018434736797,0.0,1.0,0.9000339669930167
2023-08-11,-0.020331924218758957,0.9665616071071726,1.0022654355641176,0.0356231265591328,0.567168198442266,0.001199803315129855,1.1541492231279022,0.0,1.0,0.8817345445818058
2023-08-12,0.008232399975433013,0.9951531826757012,1.0172318614202025,0.008847010977620196,2.062433311441868,0.003290010722281291,1.1520869409999002,0.0,1.0,0.8889933360249594
2023-08-13,-0.023031396857295827,0.9711369633897471,1.001961344941092,0.03076404265192212,0.0,0.0002999031263809678,0.9133000924734721,0.0,1.0,0.8685185776994773
2023-08-14,-0.0015175159476766842,0.985813338080594,1.0279626121788465,0.0410027306430083,0.0,0.0002993288350104609,0.9137920693301625,0.0,1.0,0.8672005869069649
2023-08-15,-0.001199480891199145,0.9988005191088009,1.0001220038540608,0.001321323538695851,0.9112576128936642,0.0013213235386958133,0.9112576128936642,0.0,1.0,0.8661603963741333
2023-08-16,-0.05119708105301091,0.9280080945490017,1.003502348341695,0.07523076943212814,1.0808788072953848,0.0019229458927623008,1.0892246481895236,0.0,1.0,0.8218155123560588
2023-08-17,-0.12900011855538907,0.8709998814446109,1.0287065095152388,0.15330575495720788,1.1004437717064643,0.0019528571428836122,1.1004437717064643,0.0,1.0,0.7158012138314693
2023-08-18,0.0,1.0,1.0,0.0,0.0,0.0,0.0,0.0,0.0,0.7158012138314693
2023-08-19,0.0,1.0,1.0,0.0,0.0,0.0,0.0,0.0,0.0,0.7158012138314693
2023-08-20,0.0,1.0,1.0,0.0,0.0,0.0,0.0,0.0,0.0,0.7158012138314693
2023-08-21,0.0,1.0,1.0,0.0,0.0,0.0,0.0,0.0,0.0,0.7158012138314693
2023-08-22,0.0,1.0,1.0,0.0,0.0,0.0,0.0,0.0,0.0,0.7158012138314693
2023-08-23,0.0,1.0,1.0,0.0,0.0,0.0,0.0,0.0,0.0,0.7158012138314693
2023-08-24,0.0,1.0,1.0,0.0,0.0,0.0,0.0,0.0,0.0,0.7158012138314693
2023-08-25,0.0,1.0,1.0,0.0,0.0,0.0,0.0,0.0,0.0,0.7158012138314693
2023-08-26,0.0,1.0,1.0,0.0,0.0,0.0,0.0,0.0,0.0,0.7158012138314693
2023-08-27,0.0,1.0,1.0,0.0,0.0,0.0,0.0,0.0,0.0,0.7158012138314693
2023-08-28,0.0,1.0,1.0,0.0,0.0,0.0,0.0,0.0,0.0,0.7158012138314693
2023-08-29,0.0,1.0,1.0,0.0,0.0,0.0,0.0,0.0,0.0,0.7158012138314693
2023-08-30,0.0,1.0,1.0,0.0,0.0,0.0,0.0,0.0,0.0,0.7158012138314693
2023-08-31,0.02823153811281598,0.9838299153387511,1.0356795522555624,0.050063397316177816,2.16593980512712,0.0038544570259898053,2.1890185508760576,0.0,1.0,0.7360093830809524
2023-09-01,-0.003377819822942718,0.9966221801770573,1.0,0.003377819822942718,2.137990781338203,0.0031000866329403943,2.137990781338203,0.0,1.0,0.7335232759969097
2023-09-02,0.0,1.0,1.0,0.0,0.0,0.0,0.0,0.0,0.0,0.7335232759969097
2023-09-03,0.0,1.0,1.0,0.0,0.0,0.0,0.0,0.0,0.0,0.7335232759969097
2023-09-04,0.0,1.0,1.0,0.0,0.0,0.0,0.0,0.0,0.0,0.7335232759969097
2023-09-05,0.0,1.0,1.0,0.0,0.0,0.0,0.0,0.0,0.0,0.7335232759969097
2023-09-06,0.0,1.0,1.0,0.0,0.0,0.0,0.0,0.0,0.0,0.7335232759969097
2023-09-07,0.0,1.0,1.0,0.0,0.0,0.0,0.0,0.0,0.0,0.7335232759969097
2023-09-08,0.0,1.0,1.0,0.0,0.0,0.0,0.0,0.0,0.0,0.7335232759969097
2023-09-09,0.0,1.0,1.0,0.0,0.0,0.0,0.0,0.0,0.0,0.7335232759969097
2023-09-10,0.0,1.0,1.0,0.0,0.0,0.0,0.0,0.0,0.0,0.7335232759969097
2023-09-11,0.0,1.0,1.0,0.0,0.0,0.0,0.0,0.0,0.0,0.7335232759969097
2023-09-12,0.0,1.0,1.0,0.0,0.0,0.0,0.0,0.0,0.0,0.7335232759969097
2023-09-13,0.0,1.0,1.0,0.0,0.0,0.0,0.0,0.0,0.0,0.7335232759969097
2023-09-14,0.0,1.0,1.0,0.0,0.0,0.0,0.0,0.0,0.0,0.7335232759969097
2023-09-15,0.0,1.0,1.0,0.0,0.0,0.0,0.0,0.0,0.0,0.7335232759969097
2023-09-16,0.0,1.0,1.0,0.0,0.0,0.0,0.0,0.0,0.0,0.7335232759969097
2023-09-17,0.0,1.0,1.0,0.0,0.0,0.0,0.0,0.0,0.0,0.7335232759969097
2023-09-18,0.0,1.0,1.0,0.0,0.0,0.0,0.0,0.0,0.0,0.7335232759969097
2023-09-19,0.0,1.0,1.0,0.0,0.0,0.0,0.0,0.0,0.0,0.7335232759969097
2023-09-20,0.0,1.0,1.0,0.0,0.0,0.0,0.0,0.0,0.0,0.7335232759969097
2023-09-21,-0.04590949982862824,0.9434801354433343,1.0048044468375854,0.061031090763239204,1.2421320199416213,0.002209920422734309,1.2589786417825797,0.0,1.0,0.6998475892832348
2023-09-22,0.05500336980021747,0.9862044540267154,1.0576422323230366,0.06754437002710567,0.0,0.00041266539561237694,1.2600995189117261,0.0,1.0,0.7383415650403712
2023-09-23,-0.001624145909556951,0.998375854090443,1.0001786631072438,0.0018024869788763054,1.2430944681905625,0.0018024869788763156,1.2430944681905625,0.0,1.0,0.737142390607655
2023-09-24,0.0,1.0,1.0,0.0,0.0,0.0,0.0,0.0,0.0,0.737142390607655
2023-09-25,0.0,1.0,1.0,0.0,0.0,0.0,0.0,0.0,0.0,0.737142390607655
2023-09-26,0.0,1.0,1.0,0.0,0.0,0.0,0.0,0.0,0.0,0.737142390607655
2023-09-27,0.0,1.0,1.0,0.0,0.0,0.0,0.0,0.0,0.0,0.737142390607655
2023-09-28,0.0,1.0,1.0,0.0,0.0,0.0,0.0,0.0,0.0,0.737142390607655
2023-09-29,0.0,1.0,1.0,0.0,0.0,0.0,0.0,0.0,0.0,0.737142390607655
2023-09-30,0.026724283692223905,0.9974266857038979,1.03660640999781,0.03779614318031754,0.9239206794175681,0.0016436390229429968,0.9281925251047725,0.0,1.0,0.7568419929758181
2023-10-01,-0.0014579470247790827,0.9985420529752209,1.0,0.0014579470247790827,0.9274931745449666,0.0013448651030902015,0.9274931745449666,0.0,1.0,0.7557385574439311
2023-10-02,-0.07220375916398714,0.9135325187055048,1.004312648536112,0.09039030820026861,0.9734385959066318,0.0017317535724218857,0.9752765211009017,0.0,1.0,0.7011713926513105
2023-10-03,-0.008267290320687515,0.9861304051874614,1.0353785702553608,0.04215449481949762,0.0,0.0003197517928566858,0.9744609190513137,0.0,1.0,0.6953746051837013
2023-10-04,-0.02202858403625718,0.9563861264495144,1.0066209820462642,0.04990443920077259,1.9013625621285457,0.003062283178412934,0.9733334484760554,0.0,1.0,0.680056487256733
2023-10-05,-0.017560849675062107,0.9756170524087442,1.0249769373317932,0.041501213790808955,0.0,0.0003049549458660457,0.9302536223298304,0.0,1.0,0.6681141175134667
2023-10-06,0.01610690321556829,0.993056055962323,1.0300264969675281,0.03589270869637706,1.7600770484371278,0.0028260666413341302,0.9272337339664114,0.0,1.0,0.678875366941211
2023-10-07,-0.01265017354709641,0.981546453463672,1.0041151261995729,0.022476180417000613,0.016208004451561328,0.0002932343803146712,0.8371878400891909,0.0,1.0,0.6702874757325559
2023-10-08,-0.005772289775022754,0.9881122692586334,1.0102807427616305,0.015889674876680027,1.7104324568618439,0.0027734107569456915,0.8943617002016983,0.0,1.0,0.666418382190059
2023-10-09,-0.04334977084576952,0.9370440887502272,1.005473363101454,0.06805677491062712,0.0,0.0002932615218130641,0.8935319267760418,0.0,1.0,0.6375292980347115
2023-10-10,-0.005340874097738313,0.9842916870636383,1.01088111843799,0.026303222890776135,1.77700750881602,0.0028690967143889345,0.891896438571639,0.0,1.0,0.6341243343202886
2023-10-11,-0.006735999513839186,0.9780212855834414,1.0096792319198584,0.031354459253579936,1.7553948376471882,0.0028299544378893667,0.8901333670621048,0.0,1.0,0.6298528731125935
2023-10-12,-0.02900926582166463,0.9572186055988378,1.00128941705323,0.04401405897616639,0.0,0.00028454049871257564,0.8665267860932755,0.0,1.0,0.6115813036879311
2023-10-13,-0.0008457671101161912,0.9991542328898838,1.00040524525532,0.0012505056039735507,0.8624176579127233,0.001250505603973449,0.8624176579127233,0.0,1.0,0.6110640483361098
2023-10-14,0.0,1.0,1.0,0.0,0.0,0.0,0.0,0.0,0.0,0.6110640483361098
2023-10-15,0.0,1.0,1.0,0.0,0.0,0.0,0.0,0.0,0.0,0.6110640483361098
2023-10-16,0.0,1.0,1.0,0.0,0.0,0.0,0.0,0.0,0.0,0.6110640483361098
2023-10-17,-0.0022764411546545293,0.980630998278658,1.0206348634347353,0.022448091291224936,0.8709932458982327,0.0015494600091954752,0.8751192414483879,0.0,1.0,0.6096729969883478
2023-10-18,-0.016989654547376887,0.9810528735755167,1.0159611220505802,0.034359827081380745,0.09155138388669712,0.00038929171716702417,0.8722980796922248,0.0,1.0,0.5993148633826518
2023-10-19,0.04985921220146494,0.9894563413531902,1.0777374602852843,0.08191338074926469,0.0,0.00025534231226133765,0.7935743691385526,0.0,1.0,0.6291962303315395
2023-10-20,0.06618296454297568,0.9994250598748263,1.0736118385240878,0.04078097555648186,0.4008654534467811,0.0008401545795619885,0.8017309068935622,0.0,1.0,0.6708383021341457
2023-10-21,0.03381754356785338,0.9942349127604407,1.048494249372849,0.01399788869969909,0.0,0.00013162371645539798,0.4285616227150301,0.0,1.0,0.693524405643552
2023-10-22,-0.004009985429691554,0.9822236036278884,1.0097564255127285,0.027266795426292623,0.0,0.00013816253961199823,0.42618569309533305,0.0,1.0,0.6907433828817858
2023-10-23,0.040608160085769285,0.995399237172764,1.0539980640058633,0.05559671201898264,0.0,0.00013744173202632457,0.44818872760265827,0.0,1.0,0.7187932007520352
2023-10-24,-0.01292397577569715,0.9482251104387818,1.0295879945831432,0.05177488956121823,1.0194680770405204,0.0016684102910566974,0.5917564969369049,0.0,1.0,0.7095035348377801
2023-10-25,0.03778702205617601,0.9978738449828006,1.0781984218669443,0.07449888188953047,0.0,0.00018863259189825498,0.6052328185484389,0.0,1.0,0.7363135605576301
2023-10-26,-0.006962538126200957,0.9629096417003733,1.0171397180125394,0.05331625080783409,0.015458693054863165,0.0002111417264906736,0.5898824713736452,0.0,1.0,0.7311869493194089
2023-10-27,0.013255553553532806,0.98291649653893,1.0262804245822157,0.017083503461070015,0.0,0.0001877970504987293,0.5827821310954837,0.0,1.0,0.7408792370837566
2023-10-28,-0.013715284616241608,0.9809157768608424,1.024641651177284,0.042674308882721945,0.0,0.00018969928431636598,0.5877668092394737,0.0,1.0,0.730717867480889
2023-10-29,0.008082244156422558,0.9907569433879632,1.0193881806095562,0.02808668745253906,0.0,0.00018783898985105836,0.5800645487227292,0.0,1.0,0.7366237076953299
2023-10-30,0.007028151394364857,0.9898936779223919,1.039947109519307,0.048130747360845216,0.0,0.00018905725720487718,0.5918484224226762,0.0,1.0,0.7418008106336911
2023-10-31,0.0066674527113397275,0.9843418542958696,1.0413675167612508,0.03332163092414431,0.0,0.00019006366107929574,0.5954322934528365,0.0,1.0,0.7467467324598247
2023-11-01,0.07413730935609508,0.9979253914229358,1.1238108192726806,0.0698759423543156,1.5943162630911092,0.0025301971781009035,0.6972376701688424,0.0,1.0,0.8021085259748519
2023-11-02,-0.007507963070667589,0.9797847075040741,1.0273969797809919,0.04634262433501335,0.0,0.000108749848870415,0.3489004673330312,0.0,1.0,0.7960863247831651
2023-11-03,-0.00039178579368337463,0.9996082142063166,1.0000810345399362,0.0004727820219460055,0.32605656685934453,0.0004727820219460496,0.32605656685934453,0.0,1.0,0.7957744294705694
2023-11-04,0.0,1.0,1.0,0.0,0.0,0.0,0.0,0.0,0.0,0.7957744294705694
2023-11-05,0.0,1.0,1.0,0.0,0.0,0.0,0.0,0.0,0.0,0.7957744294705694
2023-11-06,0.0,1.0,1.0,0.0,0.0,0.0,0.0,0.0,0.0,0.7957744294705694
2023-11-07,0.0,1.0,1.0,0.0,0.0,0.0,0.0,0.0,0.0,0.7957744294705694
2023-11-08,0.0,1.0,1.0,0.0,0.0,0.0,0.0,0.0,0.0,0.7957744294705694
2023-11-09,0.0,1.0,1.0,0.0,0.0,0.0,0.0,0.0,0.0,0.7957744294705694
2023-11-10,0.03138059981888475,0.9815873004679603,1.0368647633506058,0.018412699532039722,0.5303658281703516,0.0009434120556260524,0.5479729754107739,0.0,1.0,0.8207463083878866
2023-11-11,0.032670556064558376,0.9735868255783875,1.036778695606559,0.06095020113352312,0.028118244248043885,0.00021083017950286972,0.5457133855444114,0.0,1.0,0.8475605466708525
2023-11-12,-0.014794052411782666,0.964053723955894,1.0019595436762043,0.03783168687752936,0.0,0.00017508439678229343,0.5340013617875171,0.0,1.0,0.8350216915212447
2023-11-13,-0.0397664790826614,0.9576169657760596,1.0277733505016045,0.06826056026000782,0.9865330844245446,0.001581853257767275,0.5260769750323662,0.0,1.0,0.8018158188917967
2023-11-14,0.04422067043830302,0.9957682678795783,1.0542687961007449,0.05548919633923821,0.0,0.00014435896959788592,0.4683869717194214,0.0,1.0,0.8372726519712288
2023-11-15,0.06859621056006482,0.9945717886107452,1.0820769511952317,0.08086778161925612,0.010111186851226393,0.00016354563172090515,0.4947899272820847,0.0,1.0,0.8947063831020311
2023-11-16,-0.052205510062651506,0.9376403528284322,1.0186690039861612,0.0795436504307635,0.04252041200160284,0.00020815926914159667,0.488416513368316,0.0,1.0,0.8479977800158794
2023-11-17,-0.011852670372082597,0.9881473296279174,1.0197803634800962,0.03101945770384129,0.4090741737309399,0.0007297118393825987,0.4270645314050464,0.0,1.0,0.8379467418530934
2023-11-18,0.00020338887349136137,0.9664867525658565,1.0131713259148893,0.046077669348643435,0.40645219812610506,0.0007229710907493295,0.4148818720320325,0.0,1.0,0.8381171708969646
2023-11-19,0.015794922581750415,0.976899022450867,1.0193140754507348,0.041611367900626806,0.0,0.0001338498232337341,0.41865760542814046,0.0,1.0,0.8513551667257179
2023-11-20,-0.03543334895035988,0.962097380719484,1.0068969995666013,0.044492752353418874,0.013619912151667702,0.00015212677533593506,0.4165371962242765,0.0,1.0,0.8211888020224337
2023-11-21,-0.0335879001586763,0.9642178321631443,1.0262058940717151,0.060405092454320686,0.0,0.00012529515551311274,0.39717684684566607,0.0,1.0,0.7936067945286812
2023-11-22,0.033182871463123265,0.9987464995904478,1.04207578068299,0.008533841189590108,0.0,0.00011823540276070814,0.38583856442295617,0.0,1.0,0.8199409467837877
2023-11-23,-0.002606621630778516,0.9935074246494758,1.0124072904682386,0.018668243499137316,0.013510329301929783,0.000140218340728994,0.3806657172106309,0.0,1.0,0.8178036709759401
2023-11-24,0.004307306403752209,0.9965150875981704,1.021839798716311,0.024783445653569935,0.0,0.00012009064487377707,0.37920404958049564,0.0,1.0,0.8213262019649468
2023-11-25,0.008166784377595881,0.9952942310270875,1.010282820544803,0.004705768972912527,0.0,0.00012102394396427561,0.3749152873111078,0.0,1.0,0.8280337959600642
2023-11-26,-0.005369981772637256,0.9778388586692686,1.002675782182283,0.022161141330731438,0.0,0.0001227444107326808,0.3753973452329622,0.0,1.0,0.823587269568631
2023-11-27,-0.012607240344351123,0.97807259118146,1.004098722015044,0.025919892399976607,0.0,0.00012171023062916594,0.37303628926993315,0.0,1.0,0.8132041069166314
2023-11-28,0.005758087744604623,0.9842082837069194,1.0089638437171529,0.015966970168778793,0.0,0.00011911032514276402,0.36821091263175126,0.0,1.0,0.8178866075185302
2023-11-29,0.007671059292506666,0.9975776176354768,1.0154624879400385,0.017612536668727863,0.0,0.00012034804404337675,0.37596662433442907,0.0,1.0,0.824160664179352
2023-11-30,0.004622771399542147,0.9944304378139686,1.0065558001830128,0.012046388652114048,0.0,0.00012193561443167048,0.37535848698616237,0.0,1.0,0.8279705705263479
2023-12-01,0.008015030016756741,0.9949485617254742,1.0210814983080392,0.02559338958336621,0.011183556208017269,0.00013550597298121191,0.3762560650437737,0.0,1.0,0.8346067795021078
2023-12-02,0.006107864509558691,0.9978589544946629,1.0096431116587996,0.011671606558852132,0.0,0.00012092463426935958,0.37432509606604547,0.0,1.0,0.8397044446300658
2023-12-03,-0.005616590674078603,0.9880378617412798,1.0088875180908168,0.020665987016067144,0.03108761495562485,0.00017755585899581768,0.40864743021336475,0.0,1.0,0.8349881684773742
2023-12-04,0.013360656052004538,0.9747076698230529,1.0228415772025021,0.04705900547286779,0.0,0.00013142404678055078,0.4135488359736861,0.0,1.0,0.8461441582038937
2023-12-05,0.03333139942873986,0.9842128198363247,1.0385491240008278,0.05231943574819253,0.0,0.00013403056239594426,0.43016277802239156,0.0,1.0,0.8743473271152825
2023-12-06,0.038523779653668155,0.9998596187497755,1.0514085073828685,0.026745120932361366,0.2270792392392894,0.00046964614712154487,0.4541584784785788,0.0,1.0,0.9080304908858454
2023-12-07,0.0005984775073184512,0.9958201937044961,1.014178863052182,0.013390523150909717,0.0,7.215881588469135e-05,0.2306145653767802,0.0,1.0,0.9085739267105999
2023-12-08,0.0347798946737472,0.997833179135393,1.0377959530850414,0.0029062152365583183,0.0,7.2335856763689e-05,0.2486428591277603,0.0,1.0,0.9401740321849075
2023-12-09,0.09343896898045467,0.995056094308144,1.1595224209502386,0.056991957012463734,1.8281069270842114,0.0029982179907372944,1.0581157402951982,0.0,1.0,1.028022924414462
2023-12-10,0.013724041504873608,0.9912484470970951,1.033102605187171,0.04051306993122228,0.0,0.0001683534637138134,0.5282116326973529,0.0,1.0,1.0421315536970877
2023-12-11,-0.014966795960115853,0.9850332040398841,1.0,0.014966795960115853,0.5124230286763239,0.0009135763003554809,0.5192394165685715,0.0,1.0,1.026534183369305
2023-12-12,-0.008529662559138007,0.9708938312030675,1.066042910383205,0.08925445519442998,0.5253223471716152,0.0009344394730094424,0.5556057450347025,0.0,1.0,1.0177781931797445
2023-12-13,0.02072125378722367,0.9514964025873668,1.0552640366797075,0.0983333369521775,0.0,0.00017155844613356584,0.5473669105244033,0.0,1.0,1.0388678334197239
2023-12-14,0.004055437263503547,0.9659837006264361,1.0182470523540232,0.05132678911936228,0.0,0.00017477954620963336,0.5406064420561545,0.0,1.0,1.0430808967432295
2023-12-15,0.0053967397018486185,0.9892238452091806,1.0401888488625466,0.048995914260277384,0.0,0.00017545787681626885,0.5522819455418464,0.0,1.0,1.0487101328309234
2023-12-16,0.03805598328420512,0.9811811510549142,1.0856045661425637,0.09618918190321657,0.07034324429975657,0.00030150695906415047,0.6383976011233979,0.0,1.0,1.0886198281159136
2023-12-17,-0.023138276532739033,0.9719914720179939,1.0261372087186702,0.05276656595299556,0.017065146282197702,0.00022345978491274322,0.6218899436309061,0.0,1.0,1.0634310414939447
2023-12-18,-0.0439302511088836,0.9560697488911164,1.012170113418926,0.055425825939784734,0.6156173700098213,0.001094439534597049,0.6190598043318023,0.0,1.0,1.016714248804134
2023-12-19,0.0,1.0,1.0,0.0,0.0,0.0,0.0,0.0,0.0,1.016714248804134
2023-12-20,0.0,1.0,1.0,0.0,0.0,0.0,0.0,0.0,0.0,1.016714248804134
2023-12-21,0.0,1.0,1.0,0.0,0.0,0.0,0.0,0.0,0.0,1.016714248804134
2023-12-22,0.0,1.0,1.0,0.0,0.0,0.0,0.0,0.0,0.0,1.016714248804134
2023-12-23,0.0,1.0,1.0,0.0,0.0,0.0,0.0,0.0,0.0,1.016714248804134
2023-12-24,0.0,1.0,1.0,0.0,0.0,0.0,0.0,0.0,0.0,1.016714248804134
2023-12-25,0.0,1.0,1.0,0.0,0.0,0.0,0.0,0.0,0.0,1.016714248804134
2023-12-26,0.0,1.0,1.0,0.0,0.0,0.0,0.0,0.0,0.0,1.016714248804134
2023-12-27,0.0,1.0,1.0,0.0,0.0,0.0,0.0,0.0,0.0,1.016714248804134
2023-12-28,-0.024120215726742278,0.9547127819863724,1.0115820671004936,0.05621816258282053,0.4856600610544597,0.000863879304487675,0.4924028521431385,0.0,1.0,0.9921908817905256
2023-12-29,0.020184682328830306,0.9868116035074709,1.0380115849628342,0.049325057828903285,0.0,0.00015567394025479874,0.493250578289032,0.0,1.0,1.0122179395490294
2023-12-30,-0.01964081488655911,0.9745192463973481,1.0057720434326878,0.031073439791261426,0.0,0.00015914432584382868,0.487512784579104,0.0,1.0,0.9923371543734926
2023-12-31,-0.0016799143591730292,0.9888610919848458,1.015248465025522,0.025991049432429136,0.47386118338938576,0.0008429026083182267,0.48227836169062976,0.0,1.0,0.9906701129387196
2024-01-01,0.012745583290314721,0.9992665070188747,1.012777411097331,0.013340447694047186,0.16187622648534625,0.0002879161690047282,0.17273444228581913,0.0,1.0,1.0032967813764055
2024-01-02,-0.005053684815244597,0.9938306478664041,1.0110056391193352,0.016988027156695118,0.0,5.675053545324653e-05,0.18177033631980605,0.0,1.0,0.9982264356671798
2024-01-03,-0.013021788613873375,0.9656254814980437,1.004951145271214,0.039131915972449804,0.0,5.5375850788790694e-05,0.17271476166153538,0.0,1.0,0.9852277420331416
2024-01-04,0.010173362920298246,0.9968758575864256,1.015357949837476,0.018202538576675198,0.0,5.179461080237841e-05,0.170441952127049,0.0,1.0,0.9952508214119907
2024-01-05,-0.007927405929899711,0.9846116438210393,1.0008483189915014,0.01622291296529621,0.0,5.459855456329117e-05,0.16694564483701857,0.0,1.0,0.9873610641485917
2024-01-06,-0.009904207897718287,0.9865191309076711,1.000522398174071,0.013480869092328929,0.0,5.2423212116571455e-05,0.16006777277146228,0.0,1.0,0.9775820348991517
2024-01-07,-0.007032657624996275,0.9901289970167242,1.004836786600536,0.014636993569443035,0.0,4.9682965138299104e-05,0.15535756332479098,0.0,1.0,0.9707070351473589
2024-01-08,0.013659832309762532,0.9930010501695465,1.0170542391236816,0.023649858610156338,0.0,4.772439333671496e-05,0.1596405378296644,0.0,1.0,0.9839667304693785
2024-01-09,0.002319779081348061,0.9957346060789483,1.0111801213449176,0.015274741799142677,0.0,5.152409226556324e-05,0.16619996548880536,0.0,1.0,0.9862493159074639
2024-01-10,0.003817026694204806,0.9886363872561895,1.0089949192156984,0.020177041104759708,0.012671525739151332,6.639357921856818e-05,0.1588293100958564,0.0,1.0,0.9900138558734239
2024-01-11,-0.003126439920444035,0.9936057209171296,1.007746818637943,0.014032391330122351,0.0,4.910331215803317e-05,0.1560576411967596,0.0,1.0,0.9869186370326285
2024-01-12,-0.011484800195861844,0.9809888275684919,1.000819054415927,0.019011172431508072,0.0,4.824309383582135e-05,0.14759886356933857,0.0,1.0,0.9755840736767365
2024-01-13,0.005501766985121392,0.996073722154078,1.0072862549657606,0.003955901657949901,0.0,4.501514921523878e-05,0.14327651620650497,0.0,1.0,0.9809515099245014
2024-01-14,-0.003063603403593018,0.9966553986513561,1.0103355617656762,0.01326209397781919,0.0,4.657283567816459e-05,0.15058185513225816,0.0,1.0,0.977946263539937
2024-01-15,0.0007701930560262138,0.9987081539775569,1.00462724456971,0.005891827664586513,0.0,4.5721687253030904e-05,0.14317584219506502,0.0,1.0,0.9786994709612822
2024-01-16,0.004771654421272586,0.9996575825815036,1.006431874844618,0.001649610336120988,0.0,4.595016689367452e-05,0.145416096861809,0.0,1.0,0.9833694866189917
2024-01-17,0.006576790646418695,0.9983151104127064,1.0076095006756327,0.009224198716560439,0.0,4.7307238892346104e-05,0.15051549651784335,0.0,1.0,0.9898369018605611
2024-01-18,-0.015400565161594493,0.9786746815514696,1.0028096297236697,0.02132531844853036,0.052669524522205406,0.00014284438224653086,0.20469084535074683,0.0,1.0,0.9745928541541067
2024-01-19,-0.0016321733862765253,0.985125466507072,1.0020909825707607,0.014874533492928,0.0,6.24115901638574e-05,0.19173405997283408,0.0,1.0,0.9730021496351011
2024-01-20,-0.0015536995026372846,0.9930439380592981,1.0012482720603888,0.00819410552810007,0.0,6.200241152981842e-05,0.1897932010157238,0.0,1.0,0.971490396679148
2024-01-21,-0.0036755172906055567,0.9957187995958797,1.0020582828506668,0.006326461607355172,0.0,6.160804663462696e-05,0.18924985311429088,0.0,1.0,0.9679196669284966
2024-01-22,-0.014751977149263462,0.9816410455363972,1.0015807403527457,0.019908225081610387,0.0,6.063819322112731e-05,0.18593149237804876,0.0,1.0,0.9536409381196448
2024-01-23,-0.004368661257874162,0.9956313387421258,1.0043858898273823,0.008716322256141051,0.16906590574414626,0.0003017982000605189,0.17610662127684473,0.0,1.0,0.9494748038993587
2024-01-24,0.0,1.0,1.0,0.0,0.0,0.0,0.0,0.0,0.0,0.9494748038993587
2024-01-25,0.0,1.0,1.0,0.0,0.0,0.0,0.0,0.0,0.0,0.9494748038993587
2024-01-26,0.0,1.0,1.0,0.0,0.0,0.0,0.0,0.0,0.0,0.9494748038993587
2024-01-27,0.0,1.0,1.0,0.0,0.0,0.0,0.0,0.0,0.0,0.9494748038993587
2024-01-28,0.0,1.0,1.0,0.0,0.0,0.0,0.0,0.0,0.0,0.9494748038993587
2024-01-29,0.012867618452961027,0.9974337812546511,1.0135670370571142,0.01591730513386258,0.223790639375495,0.0003980449387037425,0.2345732337501878,0.0,1.0,0.9616922834066356
2024-01-30,-0.0007213835161246074,0.9982428168521013,1.0109946612077207,0.012613166859245628,0.0,7.688773724941057e-05,0.2424505665778096,0.0,1.0,0.9609985344458019
2024-01-31,-0.010304004624454688,0.9872543504360658,1.0029868362253538,0.01568563536536116,0.0,7.673714210630408e-05,0.23592757263302314,0.0,1.0,0.9510964011027782
2024-02-01,0.0019041663130967557,0.9909652905626706,1.0026023924248262,0.011606896163503855,0.0,7.414100346970671e-05,0.227750516520273,0.0,1.0,0.9529074468302656
2024-02-02,0.00636005287250585,0.9989496924431482,1.0109828169021051,0.01190240255104369,0.0,7.464881693644588e-05,0.2356813570773288,0.0,1.0,0.9589679885747107
2024-02-03,-0.006124058061689586,0.990575050075373,1.0014472183791738,0.010856456640218393,0.0,7.627193354836871e-05,0.23335619326023402,0.0,1.0,0.9530952129333775
2024-02-04,-0.005811413142082222,0.9932363457228097,1.0013884588550763,0.008140809952600359,0.0,7.474267382260668e-05,0.22866166758600123,0.0,1.0,0.9475563828872808
2024-02-05,0.00032385756065744786,0.9967028785571098,1.007425648638583,0.010643733456621729,0.0,7.328378398348876e-05,0.2288750527600358,0.0,1.0,0.9478632561860281
2024-02-06,0.0027757417239719917,0.9934343050742195,1.0051111008864102,0.011617418016668046,0.0,7.339645420249179e-05,0.227422575094293,0.0,1.0,0.9504942797748436
2024-02-07,0.009846972536074361,0.9946625787523563,1.0108716862270002,0.016034782352192578,0.0,7.412083408494295e-05,0.2340248838126041,0.0,1.0,0.9598537708434822
2024-02-08,0.004211561415779164,0.998159945328059,1.0101824892889966,0.011901358505431503,0.03877923496147399,0.00014560719305538588,0.2795088626174947,0.0,1.0,0.9638962539495568
2024-02-09,0.011824628358061862,0.9998747732721394,1.0180854376016435,0.01788716708531235,0.01854843951027703,0.00012342112043878616,0.3064405877582644,0.0,1.0,0.9752939689282383
2024-02-10,0.005749325060415256,0.9996746986962521,1.0109763291412068,0.011178926864247152,0.0,9.926869484874235e-05,0.3098239580426079,0.0,1.0,0.9809012509850693
2024-02-11,-0.004220281940010895,0.9951978427397188,1.0042698079602972,0.009033394361425584,0.017917806290627076,0.00012070828102140391,0.30623702748457937,0.0,1.0,0.9767615711506029
2024-02-12,0.011008712839638113,0.9891224710969332,1.012549249272984,0.023136433307191062,0.0,9.377386964658117e-05,0.29437307774750315,0.0,1.0,0.9875144588001936
2024-02-13,0.002110458073875776,0.9909975058000307,1.0091250166013381,0.017963592719522192,0.0,9.636679629782228e-05,0.299783724877244,0.0,1.0,0.9895985666628375
2024-02-14,0.011674285444549515,0.9950006384345584,1.0161835107365598,0.020845518627484294,0.0,9.688734164647062e-05,0.30620725320496406,0.0,1.0,1.0011514228055765
2024-02-15,-0.010955198935607147,0.9828796946154674,1.0041942334941647,0.02122551411645912,0.059263254797823385,0.00020499842461501266,0.3652454384080809,0.0,1.0,0.9901836098040753
2024-02-16,-0.010046382404722554,0.9824672794459585,1.0022324651037837,0.019721158858866827,0.0,0.00011680418993550514,0.3570748652338403,0.0,1.0,0.9802358466090949
2024-02-17,-0.004576131453098209,0.9830204111623697,1.0022584266975623,0.01919466578952278,0.0,0.00011468740029524116,0.35068149274674276,0.0,1.0,0.9757501585199727
2024-02-18,0.010439513200452888,0.9954042933670393,1.0161611613400185,0.020426748002853268,0.0,0.0001137489236343095,0.356732977372953,0.0,1.0,0.985936515180186
2024-02-19,-0.0023495705072139605,0.9951966647418162,1.0081575759905286,0.012856037148734512,0.0,0.00011601176382366968,0.35844004545513025,0.0,1.0,0.9836199878221333
2024-02-20,-0.010269043330774719,0.9729871404724473,1.0017133486744525,0.02867707437463818,0.0,0.00011554273687175925,0.35290744326461954,0.0,1.0,0.9735191515461717
2024-02-21,-0.010563389404973589,0.9741439161943474,1.0001733564555033,0.026024928671766756,0.0,0.00011337795231272993,0.3453001552043472,0.0,1.0,0.96323548965519
2024-02-22,-0.010640496060862037,0.9886189057722763,1.006554261378449,0.017082792353154685,0.0,0.00011111854529805172,0.3426155544986655,0.0,1.0,0.9529861862218314
2024-02-23,-0.0061623977673402885,0.9897367774652859,1.0042523952926565,0.01445415305496045,0.0,0.00010880284233926138,0.334130757840005,0.0,1.0,0.9471135062755518
2024-02-24,0.013351948026229854,0.9952422848213215,1.0161027829434313,0.020529909446445282,0.0,0.00010749072710909243,0.3379216649073445,0.0,1.0,0.9597593165862833
2024-02-25,0.004982998518392234,0.9960711670176782,1.0052400705809128,0.009121108311904158,0.6512882391939934,0.0010479528221114481,0.33614584724917407,0.0,1.0,0.9645417958388459
2024-02-26,0.015498704661076834,0.9898336964195523,1.016010299509745,0.025764111941408263,0.0,0.00010493822330520564,0.3302338126691912,0.0,1.0,0.9794909442658168
2024-02-27,-0.0003642231249936234,0.9919256582809538,1.0051545986054862,0.013161100136124038,0.011022120079676876,0.00012074737007450166,0.32989639330107395,0.0,1.0,0.9791341910131934
2024-02-28,0.008264124360432668,0.9759029898366581,1.0158646813793337,0.039337612848608816,0.01111829238396189,0.00011717392394757807,0.31869157622605626,0.0,1.0,0.9872258777332781
2024-02-29,0.004870725380811347,0.9941461906754241,1.0334694845951777,0.03804978715472862,0.0,0.00010297187386085104,0.33575553289696347,0.0,1.0,0.9920343838725473
2024-03-01,0.013043221905639335,0.9999732130165435,1.018456835054969,0.018148655301064243,0.0,0.0001041162620873229,0.329333548287511,0.0,1.0,1.004973708479421
2024-03-02,0.013472324378083211,0.9940151738703595,1.0153369679684066,0.006060705036179503,0.020185544369853065,0.0001429435221358393,0.3559572655018439,0.0,1.0,1.018513040271501
2024-03-03,-0.014275452910385678,0.9678859389251662,1.0042031053227425,0.03616516041932005,0.0,0.00011655764084577951,0.35758899806680106,0.0,1.0,1.0039733053264914
2024-03-04,0.00394405902913908,0.9904727865886671,1.0113289131983134,0.020622496140933033,0.0,0.00011354393738075592,0.35298972966523273,0.0,1.0,1.007933035306379
2024-03-05,-0.017919031252910167,0.9386805425084518,1.0192843868078822,0.07907885703209816,0.6331671678534737,0.0010117274791419544,0.3482831046679292,0.0,1.0,0.9898718517458833
2024-03-06,0.011834292296846627,0.9883564478480882,1.020885991361428,0.03186403162409879,0.0,8.958050938103893e-05,0.287628833958002,0.0,1.0,1.001586284575865
2024-03-07,0.011623398450212097,0.9989701279659072,1.0215926418620884,0.022144358689728305,0.60010376083331,0.0009749487086192842,0.33404202091285123,0.0,1.0,1.0132281210437577
2024-03-08,-0.004221286385980738,0.9852634160485159,1.0051179581623282,0.019753444809714416,0.028623380384854943,0.00013969469572427322,0.32747920593074215,0.0,1.0,1.008950994970503
2024-03-09,0.0020563793616013015,0.9979574809720748,1.0063636963133071,0.008353059010403063,0.0,9.727235646319007e-05,0.30057205728342473,0.0,1.0,1.0110257809734273
2024-03-10,-0.0007130740439668104,0.9925950909220046,1.006232239589836,0.007404909077995403,0.5415172527358884,0.0008653767702653422,0.297565581903188,0.0,1.0,1.010304844731234
2024-03-11,0.0074280995600164434,0.9865603798560126,1.009744856123589,0.022960727283703797,0.0,8.022098178071979e-05,0.25154640685720636,0.0,1.0,1.0178094897038645
2024-03-12,0.003644401512489681,0.9876138248146019,1.0102748494660663,0.022430554084802656,0.0,8.20780968621788e-05,0.25753599134403127,0.0,1.0,1.0215187961475676
2024-03-13,-0.003319665293344931,0.9869267013418045,1.0000167249916017,0.013089804722923093,0.4616476801192324,0.0007380766241835714,0.2526434976731034,0.0,1.0,1.018127695653497
2024-03-14,-0.0029734175206447278,0.9850433582465331,1.0153276097461008,0.029827073753210254,0.01889357035961804,8.920478541687331e-05,0.20701989004910898,0.0,1.0,1.0151003769249873
2024-03-15,0.015126242555174807,0.9804813273871579,1.017330292824313,0.036221240728864124,0.0,6.104133060575406e-05,0.19972459841149343,0.0,1.0,1.030455031444204
2024-03-16,-0.016756208955694074,0.9783585729328338,1.010451741915143,0.031761209022691306,0.0,6.504707483128153e-05,0.20634713599731477,0.0,1.0,1.0131885116178787
2024-03-17,0.017225559766101295,0.9882428131575653,1.0173980761149617,0.02865669165478335,0.0,6.0578389704122964e-05,0.19839248068696216,0.0,1.0,1.0306412508790797
2024-03-18,0.006291282018493938,0.9906281543093257,1.020065535328597,0.013503302320341692,0.028399238074016293,9.697752927690238e-05,0.1982293368194643,0.0,1.0,1.0371253056482532
2024-03-19,-0.03190682336951722,0.9635256584405122,1.0026006569871715,0.03897364147364535,0.40944575391222116,0.0006707081186612764,0.23694256695176955,0.0,1.0,1.0040339317088778
2024-03-20,0.0270413882117555,0.9908284528431485,1.02879522068868,0.036904105969812306,0.0,6.89095829554428e-05,0.23192922030930443,0.0,1.0,1.0311844030339927
2024-03-21,-0.008995243255637275,0.9882528840718054,1.0015189872385677,0.013245982688096847,0.3787675548472308,0.0005978999436157614,0.2306083678120055,0.0,1.0,1.0219086484872828
2024-03-22,-0.00457523299896212,0.9880727347359589,1.0019107221668273,0.013811597305737,0.3137397558428355,0.000511684810315476,0.17475800624331406,0.0,1.0,1.017233178316799
2024-03-23,-0.002530479885513026,0.9952750409550357,1.0036082613755073,0.00830326008780602,0.0,5.5648762959769134e-05,0.172422686278106,0.0,1.0,1.0146590902201917
2024-03-24,0.0108289548640923,0.9985881684417345,1.0136395867425436,0.014848885637131382,0.0,5.497478935802181e-05,0.1785882072957744,0.0,1.0,1.0256467877106272
2024-03-25,0.004431450285318883,0.9973152936441152,1.0093783695860812,0.011950995093061745,0.014157537549065976,7.379895010409125e-05,0.17629635627805773,0.0,1.0,1.030191890460664
2024-03-26,0.0012360248659928352,0.997320531247012,1.0066000755413231,0.005328879666977704,0.0,5.450826274467925e-05,0.17143991426150548,0.0,1.0,1.0314652332540175
2024-03-27,-0.0036761730292594885,0.9907734957020263,1.0019443046062,0.011149131596256079,0.0,5.486684603815862e-05,0.16867218397664002,0.0,1.0,1.0276733885829104
2024-03-28,0.0028503359812237505,0.9951849710941824,1.0039944202927225,0.00877440055490708,0.0,5.387756611533465e-05,0.16736226752731215,0.0,1.0,1.0306026030193343
2024-03-29,0.0020339247890583945,0.9944693273831364,1.0029027126581838,0.008408976432713877,0.0,5.4675871044561045e-05,0.1688795475040337,0.0,1.0,1.0326987712012834
2024-03-30,0.00186271291190665,0.9988062329327598,1.0069422498400018,0.008079924055758636,0.0,5.524968569663859e-05,0.17394884942429992,0.0,1.0,1.0346223925365101
2024-03-31,0.007155999270317404,0.9994984108332916,1.0077853901007578,0.0006245286314158216,0.0,5.577114933871653e-05,0.1762298361732673,0.0,1.0,1.0420261496225554
2024-04-01,-0.008919427126981239,0.986419719327223,1.001686835504234,0.013580280672776945,0.0,5.772978944375717e-05,0.17716077083491186,0.0,1.0,1.0327318733165882
2024-04-02,-0.009434638725043798,0.9856523804510022,1.0,0.01434761954899777,0.0,5.53116974951262e-05,0.16836429176556547,0.0,1.0,1.0229884211920086
2024-04-03,0.0030592877152382236,0.99587159311237,1.0092037498911222,0.013210569996584542,0.0,5.272766017346246e-05,0.1681982386833034,0.0,1.0,1.0261180371017922
2024-04-04,-0.0009790549184991448,0.9955129777599531,1.0044239198757443,0.005379177742911523,0.0,5.3586152764021164e-05,0.1668422617063211,0.0,1.0,1.025113411190607
2024-04-05,-0.008549523230113598,0.985689301939285,1.0008906866760787,0.0151878571148234,0.0,5.333431454034862e-05,0.16313503866746265,0.0,1.0,1.016349180268132
2024-04-06,0.003784363384546685,0.9992104286175992,1.0048611067829916,0.005623342497036998,0.0,5.097880330220926e-05,0.1593044223294471,0.0,1.0,1.0201954148918526
2024-04-07,0.0006926283293251512,0.9983256314643956,1.0035206133477241,0.005176756525207993,0.0,5.204438028225362e-05,0.16140702810934132,0.0,1.0,1.0209020311376544
2024-04-08,0.0009753989265868235,0.9961649506383117,1.004519007242075,0.00831647439574068,0.0,5.2247947770237796e-05,0.16287237448625366,0.0,1.0,1.0218978178829765
2024-04-09,-0.0073629573713369645,0.9897075641577525,1.000142171762597,0.010292435842247483,0.0,5.253677625505306e-05,0.16008076230103563,0.0,1.0,1.0143736278120419
2024-04-10,0.0007430233048209001,0.990908635016086,1.0026956353041256,0.011755312253318495,0.0,5.050439633714416e-05,0.15605577159284376,0.0,1.0,1.015127331057302
2024-04-11,-0.0008882121243266594,0.9970626220525391,1.0026310074414906,0.0055537733698868275,0.0,5.072741377994902e-05,0.15667861129255214,0.0,1.0,1.0142256826541214
2024-04-12,-0.01739761382875027,0.9826023861712497,1.0031686591022735,0.020501311264476962,0.13894890210504407,0.00025197550222144866,0.1564316199722379,0.0,1.0,0.9965805758921044
2024-04-13,-0.0275898955173145,0.9438443493576967,1.0022426336708667,0.05826761140591019,0.37724531601869943,0.000671014507996902,0.3793082469178666,0.0,1.0,0.9690850219286561
2024-04-14,0.00854471928350109,0.9888085740409805,1.0147977553999434,0.02561020776866052,0.0,0.00011834887823441772,0.369711270043821,0.0,1.0,0.977365581402882
2024-04-15,-0.008056414366929054,0.9873351747712149,1.010838070166681,0.018691900405467088,0.0395279541161444,0.00016451691030455688,0.3658034431355582,0.0,1.0,0.9694915192911259
2024-04-16,-0.008874474354435113,0.982530722253603,1.000765642963576,0.0182209699525393,0.0,0.00010545197479854084,0.32159431680564493,0.0,1.0,0.9608877916663344
2024-04-17,-0.002154224367506119,0.9852482854118997,1.005931606564782,0.020561359259319012,0.0,0.00010347620852821375,0.31913792459435963,0.0,1.0,0.9588178237710877
2024-04-18,0.010466486773023753,0.9957278991280549,1.0126978267352102,0.004272100871945073,0.0,0.00010302436055375108,0.322328675011725,0.0,1.0,0.9688532778413272
2024-04-19,0.0009987259903698753,0.9835653503788809,1.0069841849503143,0.023256407520033662,0.0,0.00010539392293056723,0.32564741348771775,0.0,1.0,0.9698208967907624
2024-04-20,0.009705319909034671,0.996875546636589,1.0116791311817188,0.014632687468642325,0.0,0.00010567704676064253,0.32955107502907166,0.0,1.0,0.9792333188485837
2024-04-21,0.0048942470575352726,0.9972473771041775,1.0066191049417514,0.009310103286899296,0.0,0.00010784080669119058,0.33276479600904957,0.0,1.0,0.9840259286379989
2024-04-22,0.014137643117649201,0.9992044661822455,1.0165406830842658,0.01705412994334965,0.0,0.00010895097014968507,0.34260227381243913,0.0,1.0,0.9979377360355962
2024-04-23,0.0008470706728425093,0.9966157487939522,1.0076736033041185,0.010973647095555483,0.0,0.00011203527380341136,0.346173775468471,0.0,1.0,0.9987830598251148
2024-04-24,0.0013960398603289903,0.9918096806632826,1.0071360203672026,0.008190319336717433,0.017005007153084645,0.000142514521777109,0.3634044644741362,0.0,1.0,1.000177400788452
2024-04-25,0.0024818778632456073,0.9950953077131197,1.0052592282396928,0.010110745806702237,0.0,0.00011819482959892605,0.36322266476519327,0.0,1.0,1.0026597189387874
2024-04-26,-0.009566503981874419,0.9898142667556928,1.0009603934794828,0.01113543232719183,0.01825479487319996,0.0001512369182966067,0.38046060451238933,0.0,1.0,0.9930677707450943
2024-04-27,-0.0012482125441922731,0.9917494316518797,1.0009400236445352,0.0091819607324638,0.0,0.00012283393284684454,0.37458652049377666,0.0,1.0,0.9918282110964173
2024-04-28,0.0023813495903757254,0.9998773827490084,1.0078900766413839,0.007949968035280586,0.0,0.00012261725099163936,0.37824457292858377,0.0,1.0,0.9941901008006349
2024-04-29,-0.004744480299813336,0.98807371741319,1.0015005651671405,0.013406730081784501,0.0,0.00012314665426745426,0.37588729736277865,0.0,1.0,0.9894731854531168
2024-04-30,-0.009157943506599597,0.9765982236993301,1.0070938304743,0.03028079991375543,0.0,0.00012220816586780344,0.3765162013967585,0.0,1.0,0.980411645919442
2024-05-01,-0.010632809118353292,0.9734718334117277,1.0011462207199133,0.027642702669631314,0.0,0.00012034162828735849,0.36713557504471456,0.0,1.0,0.96998711603097
2024-05-02,-0.0009502572707035251,0.9856079136706064,1.002506213058674,0.01685605452410155,0.0,0.00011814404326073503,0.3613197445147375,0.0,1.0,0.9690653787214728
2024-05-03,0.016860459212787005,0.9988569037485853,1.0187825469847658,0.0018866516487424656,0.0,0.00011798277302605236,0.37104149091934857,0.0,1.0,0.9854042660139302
2024-05-04,-0.0009406065487569393,0.997043161097824,1.0040369670737466,0.006965685731976534,0.0,0.00012151215518039173,0.3725073018469579,0.0,1.0,0.9844773883081445
2024-05-05,0.003851837461141816,0.9958423815618388,1.00574383491767,0.009844905841895346,0.0,0.00012135719756753987,0.3731031194858427,0.0,1.0,0.9882694351920769
2024-05-06,-0.002509526383132621,0.9942864194366882,1.0063487410561867,0.011986224185900785,0.0,0.00012219189594016278,0.37600535558166986,0.0,1.0,0.9857893469708188
2024-05-07,-0.007490682859212394,0.9921944038988574,1.0075621701050477,0.015252424775523243,0.0,0.00012171299804734388,0.37530966537804084,0.0,1.0,0.9784051116066703
2024-05-08,0.00755822473794443,0.9985471898626447,1.0084466366270586,0.0014528101373553204,0.0,0.00012019230368419109,0.37126620256452897,0.0,1.0,0.9858001173249471
2024-05-09,0.005042726304919309,0.9984296204766301,1.0107111027291675,0.005608305290148885,0.0,0.00012179443717316706,0.3775012605302384,0.0,1.0,0.9907712375079741
2024-05-10,-0.0071414583300337675,0.9902892375961582,1.000002460314213,0.009713198820533675,0.0,0.00012287159182640454,0.3741148190876516,0.0,1.0,0.983695686000715
2024-05-11,0.004044248452054644,0.9968489448469399,1.0054959325127355,0.003213968996239158,0.0,0.00012144596984835161,0.37317781127090255,0.0,1.0,0.9876739957561163
2024-05-12,0.001512117270508373,0.9967974322562931,1.0048438280138872,0.008007608280281797,0.0,0.0001223068677527514,0.3754191975778983,0.0,1.0,0.9891674746627311
2024-05-13,-0.002068452574563562,0.9938516563535349,1.0021369736072427,0.00826764950492187,0.0,0.00012265837104114122,0.3748001108897944,0.0,1.0,0.9871214286530905
2024-05-14,-0.015595095329095976,0.9811971242266164,1.0007582951711935,0.019546349042483757,0.0,0.0001222720095911719,0.37276333173945814,0.0,1.0,0.9717271758718521
2024-05-15,0.0087622334827262,0.9953444745411572,1.0127875611651969,0.017222848396727497,0.0,0.00011904505478852084,0.3705120462783195,0.0,1.0,0.9802416762683513
2024-05-16,-0.007594917134781665,0.9898081798377611,1.003426085957354,0.013571409304752424,0.0,0.00012090354356309298,0.37027854410082817,0.0,1.0,0.9727968219650337
2024-05-17,0.007348034188267238,0.999497702487145,1.0096456922471324,0.01005104051640282,0.0,0.00011935450304412572,0.3694863636375742,0.0,1.0,0.9799449662710705
2024-05-18,-0.0005010689922897438,0.9956340761601857,1.0005126634267332,0.0043659238398142675,0.0,0.0001209193351561353,0.3684928963124258,0.0,1.0,0.9794539462343217
2024-05-19,-0.003797477257051818,0.9941740414958481,1.0008933856268671,0.006713346523726571,0.0,0.00012085499668297509,0.36853739076947895,0.0,1.0,0.9757344921491672
2024-05-20,0.015851427318875455,0.9962528702407618,1.0173785876106765,0.020764853543387973,0.0,0.00012011642300101152,0.37651933232287654,0.0,1.0,0.9912012765339896
2024-05-21,0.011715332075551865,0.9959303632969652,1.0197957327598282,0.023402107594897692,0.0,0.00012339450838812923,0.3878239038167549,0.0,1.0,1.0028135286422961
2024-05-22,-0.00544735600871149,0.9893301222120102,1.0041349361545895,0.014743849068010073,0.5788649073506268,0.0009037437766963774,0.382934556003523,0.0,1.0,0.9973508463414293
2024-05-23,-0.007639151484311046,0.9830846293944585,1.003557083066002,0.02039988956980643,0.0,6.318699003940674e-05,0.19525114644185979,0.0,1.0,0.9897319321432213
2024-05-24,0.004752513057070695,0.9944258327883899,1.0157318954646297,0.010809331140021694,0.0,6.116521715636376e-05,0.19883661358205446,0.0,1.0,0.9944356460737318
2024-05-25,0.011723419246364886,0.9985919193494734,1.0121410287837216,0.0014080806505265553,0.0,6.244991904295033e-05,0.19985892680670098,0.0,1.0,1.0060938320661839
2024-05-26,-0.00902037929263566,0.9901770114868863,1.0010580993473681,0.010869586757827121,0.0,6.555356130130855e-05,0.20044021945413648,0.0,1.0,0.9970184840969656
2024-05-27,0.0032574698938370172,0.9975649247420671,1.0083715043594514,0.01071686334913724,0.0,6.318144469545852e-05,0.19907663716009796,0.0,1.0,1.0002662417925106
2024-05-28,-0.004803981433748272,0.991274918764948,1.000789352106347,0.009506929026946498,0.0,6.40637327604237e-05,0.1956929318007328,0.0,1.0,0.9954609813381342
2024-05-29,-0.001349107527486848,0.9965881721298367,1.0067743023613684,0.01011759061354689,0.0,6.280512025245125e-05,0.19667721366743549,0.0,1.0,0.9941179974348915
2024-05-30,-0.005168217349932669,0.9913041753027463,1.0020726608893051,0.008695824697253718,0.0,6.246987354717507e-05,0.19188010598096383,0.0,1.0,0.9889801795526681
2024-05-31,-0.000620988646267695,0.9939318042958158,1.0036131358976803,0.009646477567479161,0.0,6.110512179714368e-05,0.18898960448768498,0.0,1.0,0.9883660340897822
2024-06-01,0.001491347721578995,0.9992620906843465,1.0034521601941189,0.0019540667211882523,0.0,6.096215251478957e-05,0.1884162310507652,0.0,1.0,0.9898400315228081
2024-06-02,-0.0038023539226814673,0.9933890025635539,1.0011739563693414,0.007775825326118868,0.0,6.138061181648726e-05,0.18784205581973126,0.0,1.0,0.9860763093961202
2024-06-03,0.0014019444523472036,0.9984071016493467,1.0073799314536493,0.005934193063262594,0.0,6.0381135055365996e-05,0.18982450061074463,0.0,1.0,0.9874587336076691
2024-06-04,0.0034555777593137105,0.9984322202069013,1.004133146917546,0.0015677797930987447,0.0,6.077323734167518e-05,0.18840328341910864,0.0,1.0,0.9908709740457639
2024-06-05,0.00953521588999795,0.9978953199244731,1.0237342379188652,0.025239868939930687,0.7540716707208692,0.0012795827019916523,0.5773720818207786,0.0,1.0,1.0003191427024227
2024-06-06,0.006473902392965636,0.995838970948663,1.0123452707945075,0.016305010081086202,0.1843606657982158,0.0003945248354610498,0.5714278581564751,0.0,1.0,1.0067951111940934
2024-06-07,-0.015097817308162065,0.971088652882816,1.0003116980166433,0.029213939206918282,0.0,0.00012858092610017213,0.39171986281216264,0.0,1.0,0.9915947025385342
2024-06-08,-0.0008519787059519945,0.9964658958556434,1.00596509011666,0.006776645521388014,0.0,0.00012556973305056826,0.38599106334529776,0.0,1.0,0.9907498849670365
2024-06-09,-0.005394642336358335,0.9931423821198482,1.000999102632813,0.007848878677613524,0.011885677501036026,0.00013876932914582557,0.38180175296318575,0.0,1.0,0.9854051436928513
2024-06-10,-0.02469248132701185,0.9753075186729881,1.0008601331118883,0.025530654677443865,0.3510568802124343,0.0006294998550994252,0.3673027594659313,0.0,1.0,0.9610730455826741
2024-06-11,0.0,1.0,1.0,0.0,0.0,0.0,0.0,0.0,0.0,0.9610730455826741
2024-06-12,0.0,1.0,1.0,0.0,0.0,0.0,0.0,0.0,0.0,0.9610730455826741
2024-06-13,0.0,1.0,1.0,0.0,0.0,0.0,0.0,0.0,0.0,0.9610730455826741
2024-06-14,0.0,1.0,1.0,0.0,0.0,0.0,0.0,0.0,0.0,0.9610730455826741
2024-06-15,0.0,1.0,1.0,0.0,0.0,0.0,0.0,0.0,0.0,0.9610730455826741
2024-06-16,0.0,1.0,1.0,0.0,0.0,0.0,0.0,0.0,0.0,0.9610730455826741
2024-06-17,0.0,1.0,1.0,0.0,0.0,0.0,0.0,0.0,0.0,0.9610730455826741
2024-06-18,0.0,1.0,1.0,0.0,0.0,0.0,0.0,0.0,0.0,0.9610730455826741
2024-06-19,0.0,1.0,1.0,0.0,0.0,0.0,0.0,0.0,0.0,0.9610730455826741
2024-06-20,0.0,1.0,1.0,0.0,0.0,0.0,0.0,0.0,0.0,0.9610730455826741
2024-06-21,0.0,1.0,1.0,0.0,0.0,0.0,0.0,0.0,0.0,0.9610730455826741
2024-06-22,0.0,1.0,1.0,0.0,0.0,0.0,0.0,0.0,0.0,0.9610730455826741
2024-06-23,0.0,1.0,1.0,0.0,0.0,0.0,0.0,0.0,0.0,0.9610730455826741
2024-06-24,0.0,1.0,1.0,0.0,0.0,0.0,0.0,0.0,0.0,0.9610730455826741
2024-06-25,0.0,1.0,1.0,0.0,0.0,0.0,0.0,0.0,0.0,0.9610730455826741
2024-06-26,0.0,1.0,1.0,0.0,0.0,0.0,0.0,0.0,0.0,0.9610730455826741
2024-06-27,0.0,1.0,1.0,0.0,0.0,0.0,0.0,0.0,0.0,0.9610730455826741
2024-06-28,0.0,1.0,1.0,0.0,0.0,0.0,0.0,0.0,0.0,0.9610730455826741
2024-06-29,0.0,1.0,1.0,0.0,0.0,0.0,0.0,0.0,0.0,0.9610730455826741
2024-06-30,0.00825188485362216,0.9950273787478708,1.0116299341325652,0.01641168852810826,0.522607733685532,0.0009296100619209616,0.5290147410774583,0.0,1.0,0.9690037096907423
2024-07-01,-0.0056500141815661875,0.9938186231357437,1.003003606650819,0.009157478053090418,0.96979290068984,0.0015516256004528377,0.5274367510551267,0.0,1.0,0.9635288249889994
2024-07-02,0.0022981966466422143,0.9975650993904793,1.0037486619348213,0.006160469028593685,0.0,0.00014469225976447504,0.4426411079804332,0.0,1.0,0.9657432037035322
2024-07-03,-0.01796782638136374,0.9773099290091993,1.000540325878203,0.023217851662914013,0.0,0.0001451612425215235,0.4422810431525578,0.0,1.0,0.9483908974904051
2024-07-04,-0.033569696789526815,0.9648791272371765,1.0009439686163246,0.03603082940696778,0.0,0.00014185456498304214,0.4324474385382521,0.0,1.0,0.916553702623705
2024-07-05,-0.0006777956171775124,0.9993222043828225,1.0,0.0006777956171775124,0.4121315259329431,0.0005975907126027676,0.4121315259329431,0.0,1.0,0.9159324665411588
2024-07-06,0.0,1.0,1.0,0.0,0.0,0.0,0.0,0.0,0.0,0.9159324665411588
2024-07-07,0.0,1.0,1.0,0.0,0.0,0.0,0.0,0.0,0.0,0.9159324665411588
2024-07-08,0.0,1.0,1.0,0.0,0.0,0.0,0.0,0.0,0.0,0.9159324665411588
2024-07-09,0.0,1.0,1.0,0.0,0.0,0.0,0.0,0.0,0.0,0.9159324665411588
2024-07-10,0.0,1.0,1.0,0.0,0.0,0.0,0.0,0.0,0.0,0.9159324665411588
2024-07-11,0.0,1.0,1.0,0.0,0.0,0.0,0.0,0.0,0.0,0.9159324665411588
2024-07-12,0.0,1.0,1.0,0.0,0.0,0.0,0.0,0.0,0.0,0.9159324665411588
2024-07-13,0.0,1.0,1.0,0.0,0.0,0.0,0.0,0.0,0.0,0.9159324665411588
2024-07-14,-0.007481193900903849,0.9915155893652546,1.0017269025489979,0.010193709640581083,0.49963776262209897,0.0008887458030299695,0.5013874447075988,0.0,1.0,0.9090801981588312
2024-07-15,-0.0012822714925131429,0.9961185836279313,1.0044575067831722,0.008301917302551476,0.0,0.00016320111636205495,0.4991572701953988,0.0,1.0,0.907914510536324
2024-07-16,-0.012018799681342895,0.9837160215377798,1.0002706985008458,0.016550196849590137,0.0,0.00016304849381949867,0.4965781770896736,0.0,1.0,0.8970024679064035
2024-07-17,-0.0048272052908486796,0.9929253413290868,1.0025503047176239,0.00960047924103713,0.7720832601047048,0.0012121309328488837,0.4903161130184795,0.0,1.0,0.8926724528474214
2024-07-18,0.0013810784947105859,0.996324327254311,1.0051613682569511,0.008791663987210652,0.0,9.176167239611076e-05,0.2830915803881836,0.0,1.0,0.8939053035748695
2024-07-19,-0.0006518458296281837,0.996924339217353,1.0041957840764095,0.00724106292254989,0.852517818592911,0.0014242649447323654,0.575050494083188,0.0,1.0,0.8933226151306517
2024-07-20,-0.00010314944442080254,0.9956843207698367,1.0003223586147452,0.004315679230163294,0.0,0.00018825105625390313,0.5733149491310022,0.0,1.0,0.8932304693992125
2024-07-21,-0.0017628266894923472,0.9956838615828261,1.0010032610154962,0.005314068035376485,0.0,0.0001882924702448511,0.5737492976435247,0.0,1.0,0.8916558588878878
2024-07-22,-0.008330508711405726,0.9886853671125568,1.012302578448625,0.02333018984527535,0.0,0.00018811274536044425,0.577948601871046,0.0,1.0,0.8842279119878463
2024-07-23,0.006691158387212459,0.9942245046618818,1.0152888506115785,0.020747145934881583,0.0,0.00018699539228025423,0.5758391524783433,0.0,1.0,0.8901444209973511
2024-07-24,0.001092944379185834,0.9976767259480476,1.0032280808986473,0.0027491274033815127,0.0,0.00018805722692043616,0.5737805954665647,0.0,1.0,0.8911172993389438
2024-07-25,0.005357081832741084,0.9959727377132684,1.0087695706034585,0.012685585750306427,0.0,0.00018821241967447052,0.5767712987805976,0.0,1.0,0.8958910876340738
2024-07-26,0.007872592568839876,0.9993868295688508,1.0087211688688387,0.009253636771056617,0.0,0.0001889624556803948,0.5791935378975056,0.0,1.0,0.9029440731530717
2024-07-27,-0.0015626006600449882,0.9949087322247469,1.00064281628696,0.00509126777525315,0.02765041968239291,0.0002393584810099875,0.6069816495150173,0.0,1.0,0.9015331321483789
2024-07-28,0.005985552926186299,0.9980336262310655,1.0086361951578933,0.010511787082128299,0.0,0.00019919095047225477,0.6096836507634446,0.0,1.0,0.9069293064255636
2024-07-29,-0.0050305658242951745,0.9839908047113086,1.0033131925686458,0.019258580471635978,0.0,0.0001999688599609446,0.6101468449422864,0.0,1.0,0.9023669388516075
2024-07-30,-0.020060832178192434,0.9772909748412482,1.0037729046468404,0.026382391557888796,0.0,0.00019938482399829908,0.6085538319353004,0.0,1.0,0.8842647071281561
2024-07-31,-0.01956404692525393,0.9795351512469328,1.000253593286639,0.020713189313951275,0.0,0.00019680762726763168,0.5993316299319396,0.0,1.0,0.8669649109035549
2024-08-01,-0.003206929582929008,0.996793070417071,1.0048590276235057,0.008026954015142529,0.5904635832578868,0.001050417085772684,0.5934027960216965,0.0,1.0,0.8641846154834169
2024-08-02,0.0,1.0,1.0,0.0,0.0,0.0,0.0,0.0,0.0,0.8641846154834169
2024-08-03,0.0,1.0,1.0,0.0,0.0,0.0,0.0,0.0,0.0,0.8641846154834169
2024-08-04,0.0,1.0,1.0,0.0,0.0,0.0,0.0,0.0,0.0,0.8641846154834169
2024-08-05,0.0,1.0,1.0,0.0,0.0,0.0,0.0,0.0,0.0,0.8641846154834169
2024-08-06,0.0,1.0,1.0,0.0,0.0,0.0,0.0,0.0,0.0,0.8641846154834169
2024-08-07,0.0,1.0,1.0,0.0,0.0,0.0,0.0,0.0,0.0,0.8641846154834169
2024-08-08,0.0,1.0,1.0,0.0,0.0,0.0,0.0,0.0,0.0,0.8641846154834169
2024-08-09,-0.011751530723871362,0.9835411149248079,1.0021493814545255,0.01645888507519211,0.19480232839089823,0.0003464822241211564,0.19687501448157882,0.0,1.0,0.8540291234234665
2024-08-10,0.0022259371999027167,0.9982989143939044,1.0048439524039017,0.006513486989038864,0.7455476874315368,0.0012651672314963258,0.5631995083188922,0.0,1.0,0.8559301386190951
2024-08-11,-0.006279794631549929,0.9919787382954577,1.0011214404286677,0.009132460622654603,0.0,0.00018465987607664818,0.5627335259864342,0.0,1.0,0.8505550731296131
2024-08-12,-0.004564992264132539,0.9928062993777436,1.0020067786311773,0.009182052905871818,0.0,0.0001838116672593659,0.5605424678727372,0.0,1.0,0.8466722958005577
2024-08-13,0.0075961897850826965,0.9953671584964127,1.0087796444259218,0.004632841503587337,0.057808666928697766,0.00024798836484630484,0.5574464295507967,0.0,1.0,0.8531037792452304
2024-08-14,0.006490141129122273,0.9990514342331459,1.0084476955754318,0.009317549520428403,0.0,0.0001655439883302148,0.5081946800933707,0.0,1.0,0.8586405431703196
2024-08-15,-0.0009444939129841234,0.9971105745210558,1.006446246037664,0.009275876931691296,0.0,0.0001665860863076849,0.5105597261151806,0.0,1.0,0.8578295624038538
2024-08-16,0.015018385298141146,0.9963293906232145,1.0154077393538687,0.018788854950814504,0.0,0.00016648769789708885,0.5145845580406732,0.0,1.0,0.8707127772921707
2024-08-17,0.0027951327244737367,0.9964611715279221,1.0076387501100719,0.004806898687718331,0.014760593401175155,0.0001855584108311385,0.514398356023274,0.0,1.0,0.8731465350695974
2024-08-18,0.0005784238157851007,0.9935190226768955,1.0024361609575982,0.008895467490103837,0.0,0.00016467104094001548,0.5025939131908684,0.0,1.0,0.8736515838201518
2024-08-19,0.031002620147503546,0.9955647344466657,1.0325433977866705,0.004435265553334289,0.018727250016366773,0.00019813168842739852,0.5357054954267295,0.0,1.0,0.9007370720145929
2024-08-20,0.0629370942837928,0.9959465562785953,1.0646816395443448,0.06455928299389702,0.03537386978560903,0.0002154525683266537,0.535011632407708,0.0,1.0,0.9574268460408828
2024-08-21,-0.021324560460124875,0.9766821487531313,1.0148394295279426,0.03563518418365885,0.07015602707777967,0.00025264463833643845,0.5294671755089048,0.0,1.0,0.9370101393763374
2024-08-22,0.002580447447389833,0.9880820996689916,1.0198593002791796,0.031158416265350763,0.142080140108375,0.00030642201956008157,0.4476273831310095,0.0,1.0,0.9394280447986695
2024-08-23,0.005226000019527222,0.9963694786681963,1.0068865977729018,0.010445187301100334,0.021111812869770444,0.00012481784740613126,0.3078416916191123,0.0,1.0,0.9443374957791317
2024-08-24,0.0010059081098305889,0.9986197370405664,1.0105505923868876,0.009445033577698214,0.0,9.541912878087236e-05,0.298063463480823,0.0,1.0,0.9452874125245531
2024-08-25,0.013656870555552203,0.995686887877024,1.0202580886823587,0.024083318797372022,0.0,9.568475407017654e-05,0.3055346414591968,0.0,1.0,0.9581970803551938
2024-08-26,-0.008781876711776326,0.9910372266006804,1.004061788103802,0.012971872505694093,0.0,9.885359198248796e-05,0.3039381794042475,0.0,1.0,0.9497823117299304
2024-08-27,-0.007271985784720214,0.9898354607218338,1.0037197174903743,0.013832802650580178,0.01671272788270717,0.00012666234273505083,0.31431201578262924,0.0,1.0,0.9428755082604516
2024-08-28,0.0006761636895751266,0.9985394194204306,1.0035899058747721,0.005032420538286786,0.0,0.00010081464328552008,0.30930030846855056,0.0,1.0,0.943513046442927
2024-08-29,0.0028074281656638167,0.9993191284566176,1.0057449437101238,0.0029207360800879156,0.016651412174785246,0.00011958939551226208,0.3071546536063674,0.0,1.0,0.9461618915441822
2024-08-30,8.690131996247352e-05,0.9984391747003248,1.003199273823722,0.0031024469265181764,0.0,9.617941555283043e-05,0.2950974517752909,0.0,1.0,0.9462441142614556
2024-08-31,-0.004306662077785073,0.993679624825873,1.0004530234226596,0.00632037517412698,0.0,9.618866692259786e-05,0.29332003673812607,0.0,1.0,0.9421689606182385
2024-09-01,-0.003956187061155303,0.9947568164914694,1.0000886589163103,0.005331369751376269,0.0,9.521522497999134e-05,0.29010005060937333,0.0,1.0,0.9384415639668185
2024-09-02,-0.002678579482389254,0.9965830729351008,1.0023052666995529,0.00570903292097269,0.0,9.436294360455445e-05,0.2889507307421286,0.0,1.0,0.9359278736481558
2024-09-03,-0.007311988591779617,0.9926880114082204,1.0008316481942368,0.008136869772962907,0.0,9.376507690152773e-05,0.286084944063035,0.0,1.0,0.9290843797133119
2024-09-04,-0.0006514658677485574,0.9972976287389085,1.0032638989740883,0.005946860283999711,0.0,9.211085950407923e-05,0.28266170287385994,0.0,1.0,0.9284791129516704
2024-09-05,-0.00046507788390148797,0.9982289497057034,1.0023334344240882,0.004094929468997588,0.0,9.194290950273844e-05,0.2816194675724243,0.0,1.0,0.9280472978505722
2024-09-06,-0.0014352862397674082,0.9985647137602326,1.0001866542959843,0.001621637850080404,0.278956507864294,0.000496394147746854,0.2797682872502705,0.0,1.0,0.9267152843341139
2024-09-07,0.0,1.0,1.0,0.0,0.0,0.0,0.0,0.0,0.0,0.9267152843341139
2024-09-08,0.0,1.0,1.0,0.0,0.0,0.0,0.0,0.0,0.0,0.9267152843341139
2024-09-09,0.0,1.0,1.0,0.0,0.0,0.0,0.0,0.0,0.0,0.9267152843341139
2024-09-10,-0.0033818827850837785,0.9947127910011601,1.0,0.005287208998839943,0.2945634326467074,0.0005239348169926062,0.294717833393479,0.0,1.0,0.9235812418673504
2024-09-11,0.00047743758274076953,0.9974185709121958,1.0004774375827408,0.0030574069495614697,0.0,9.611829380165164e-05,0.2931288912892029,0.0,1.0,0.9240221942629322
2024-09-12,-0.0027714734803258034,0.9970374385853267,1.0016235490096688,0.004578676718290486,0.0,9.626079373573433e-05,0.2943707573467654,0.0,1.0,0.9214612912563
2024-09-13,-0.005844198545146395,0.993197706448213,1.0,0.006802293551786964,0.0,9.564683305408123e-05,0.291288737525289,0.0,1.0,0.9160760885185313
2024-09-14,-0.002985535897440217,0.9960507368827031,1.0,0.003949263117296931,0.0,9.43542378701581e-05,0.28721781173502275,0.0,1.0,0.9133411104714726
2024-09-15,0.002806155173582292,0.9989397028619835,1.003772768251482,0.001060297138016475,0.0,9.368406011676716e-05,0.2879310133063894,0.0,1.0,0.9159040873538675
2024-09-16,0.010100598785181214,0.990947159218947,1.0136740016893295,0.009052840781052951,0.6951524532936931,0.001142110461309146,0.4171015838565364,0.0,1.0,0.9251552670659365
2024-09-17,0.0021281087800042453,0.9981041857939956,1.0064873586815135,0.004331152163917773,0.9146358531770091,0.0014904930343345893,0.5040794787698154,0.0,1.0,0.9271240981126467
2024-09-18,-0.0015033618551583139,0.9964889492322397,1.0008389418762105,0.004346346312041005,0.0,0.0001649025800905035,0.5025045005382851,0.0,1.0,0.9257302951085461
2024-09-19,0.006202543383823977,0.9991650522940569,1.0068727806304685,0.007655116400688722,0.0,0.0001647104592985839,0.5049048512976041,0.0,1.0,0.931472177425677
2024-09-20,0.0014994900940370481,0.9991681201539785,1.0041639128826756,0.004975076941727163,0.0,0.000165774148861903,0.5067945044639481,0.0,1.0,0.9328689107285979
2024-09-21,-0.00016607223459341736,0.9978386026441814,1.0014966986997609,0.003652629170249666,0.0,0.00016607223459342004,0.5063872258755332,0.0,1.0,0.9327139871040104
2024-09-22,-0.0011638188151481543,0.9961753057923625,1.0004992283051577,0.004321764965396269,0.0,0.00016604577135311452,0.5059789444102383,0.0,1.0,0.931628477016667
2024-09-23,0.0018319072857657659,0.9981689405915349,1.0038298891189827,0.005639350440557411,0.0,0.00016601926353887502,0.5072098131536544,0.0,1.0,0.9333351340113406
2024-09-24,-0.003490306772209739,0.9948477528873942,1.0008307381128199,0.00597801905715567,0.0,0.00016637079175166582,0.5068031711788504,0.0,1.0,0.9300775080723596
2024-09-25,-0.004501983040148039,0.9951644646920336,1.0,0.004835535307966432,0.0,0.000165803558508191,0.5047482702686678,0.0,1.0,0.9258903149049946
2024-09-26,0.010556820254916444,0.9978245134485112,1.0115620023712115,0.013580471479255118,0.0,0.00016512231889858795,0.5084396029428442,0.0,1.0,0.9356647725352146
2024-09-27,0.006464326447886526,0.9995015563462597,1.0074590078909762,0.0009873170375158669,0.0,0.000166883172710549,0.5117593311123725,0.0,1.0,0.9417132150706697
2024-09-28,-0.000497406884757412,0.9952199909999739,1.0004908859110737,0.005268308772548136,0.0,0.0001679759528136933,0.5116844895337394,0.0,1.0,0.9412448004340266
2024-09-29,0.004446485270641842,0.9981841826512736,1.007742434017678,0.009484815805857583,0.0,0.00016789831363204594,0.5151236170422645,0.0,1.0,0.9454300315752246
2024-09-30,-0.001809396182110845,0.9942529739347228,1.0008156904066667,0.0057470260652772165,0.0,0.00016871706412472043,0.5140976268980585,0.0,1.0,0.9437193740856396
2024-10-01,-0.008057909943360309,0.9906271675464813,1.0031189313929865,0.012452924030811108,0.0,0.00016843025059158563,0.5145023875887752,0.0,1.0,0.9361149683574531
2024-10-02,0.00248396978526344,0.9978443554048596,1.0054665790298087,0.00758078267733564,0.0,0.00016723843211030162,0.5118676303435754,0.0,1.0,0.9384402496543859
2024-10-03,0.010741334401760172,0.9968569795784179,1.0107413344017602,0.013736803226277683,0.0,0.0001677460773882685,0.5157842544723793,0.0,1.0,0.948520350191995
2024-10-04,-0.004094150305852473,0.9952517162071819,1.0001577173594238,0.004905227512711385,0.0,0.00016940479073201012,0.5160299343372347,0.0,1.0,0.9446369653101492
2024-10-05,-0.021454071186018275,0.9785459288139817,1.0,0.021454071186018275,0.5457773308895144,0.0011398224186946026,1.0622153482494812,0.0,1.0,0.9243706566114409
2024-10-06,0.005186993301071974,0.9968830296665486,1.0086469781487903,0.01166309792929987,0.0,0.0003489824552770369,1.0627599516120618,0.0,1.0,0.9291653610149919
2024-10-07,0.009652752886183391,0.9963956951078833,1.01470306061125,0.018042091537930682,0.0881633820691709,0.0004479034802702882,1.0622414845413932,0.0,1.0,0.938134364635271
2024-10-08,0.025315327755439876,0.9978041934486555,1.0278163399651474,0.029199911841749526,0.0,0.0003202476298717278,0.9757637207117988,0.0,1.0,0.9618835435546542
2024-10-09,0.0026766726652320827,0.996052639070358,1.0117094457491513,0.015475596026683136,0.01220880647065619,0.00033425729996606357,0.9757046020887012,0.0,1.0,0.9644581909428236
2024-10-10,-0.009606365944252127,0.9898535919549138,1.0006544339715944,0.01079377820154348,0.09715903214856683,0.0004256903542422659,0.963926603987169,0.0,1.0,0.9551932526226954
2024-10-11,0.005227616959032844,0.995239159002784,1.0146611605843792,0.019141366927269976,0.015300191674605973,0.0003117287292512698,0.8832373596440262,0.0,1.0,0.9601866370692596
2024-10-12,0.01409136038941905,0.9953857151698363,1.022108065483526,0.026144349326749694,0.028093213080577793,0.0003213160479127306,0.8820765052473601,0.0,1.0,0.9737169730133068
2024-10-13,0.00024548120325351697,0.9965563372167788,1.004988666328721,0.00839047184755426,0.0,0.0002813910673620951,0.8574013419219402,0.0,1.0,0.9739560022274705
2024-10-14,-0.01050723241917062,0.9843955397552198,1.0027455599274142,0.018299777037679044,0.02791589163974978,0.00031278779051731705,0.8567251360838556,0.0,1.0,0.9637224201460202
2024-10-15,-0.009544073840032086,0.9847894364271742,1.0,0.015210563572825797,0.0,0.00027177609695705295,0.8275322886276401,0.0,1.0,0.9545245822068521
2024-10-16,0.006319473677154797,0.997661620480659,1.0078473301235953,0.010106401374985086,0.017170453469186386,0.00029058151914691804,0.8258270953866309,0.0,1.0,0.9605566751783055
2024-10-17,-0.003808644496753555,0.9941670063955587,1.001758315549388,0.007577984665559034,0.0,0.0002661682626711012,0.8108443592148158,0.0,1.0,0.9568982562835677
2024-10-18,-0.004838081686971862,0.993637851854934,1.000242139840009,0.006602689210965629,0.0,0.0002660174554496621,0.8100991762684876,0.0,1.0,0.9522687043535469
2024-10-19,-0.00945468836258101,0.9895243277284702,1.0007551507269061,0.011222348433858498,0.0,0.00026583318204249944,0.8095394074787897,0.0,1.0,0.9432653005164453
2024-10-20,-0.00026532280071212,0.996642489804263,1.0012807708968001,0.004632348115886531,0.0,0.0002653228007120535,0.8080873935490963,0.0,1.0,0.9430150307250977
2024-10-21,0.008497960202172194,0.9940639226794619,1.0100444642224624,0.015821621828601917,0.0,0.00026542575214234663,0.8099649626448769,0.0,1.0,0.9510287349262498
2024-10-22,0.009446149422162708,0.9951337382004122,1.0114907795966988,0.016171221454740703,0.0,0.0002659798644963428,0.8120985274302566,0.0,1.0,0.9600122944611336
2024-10-23,-0.00026668350999792256,0.9946695739225896,1.001758813516967,0.007076792835481571,0.0,0.00026668350999793156,0.8123147204727704,0.0,1.0,0.9597562750128055
2024-10-24,0.022493750604899,0.9996636121154766,1.0246174844178686,0.02435432996399567,0.0391518624588275,0.00033640375937664125,0.854992434906229,0.0,1.0,0.9813447933044304
2024-10-25,-0.010666042543398091,0.9872569434780685,1.0111426042312037,0.023622445195350172,0.0,0.00028082683041748795,0.8565704040400894,0.0,1.0,0.970877727989303
2024-10-26,0.012957681433393153,0.9986584402309319,1.0139790558049975,0.01510940042238107,0.02302923393120522,0.00030619080864993696,0.8533316964223548,0.0,1.0,0.983458052299365
2024-10-27,-0.006323319148829887,0.9936766808511701,1.005272234632676,0.01153473992618792,0.0,0.00027360294011401557,0.8340118477065448,0.0,1.0,0.9772393331651895
2024-10-28,0.0007411871451834529,0.9951601971295148,1.002263275331275,0.00708703828284285,0.0,0.00027339959944413345,0.8327269982340237,0.0,1.0,0.9779636503966992
2024-10-29,0.010373223800280718,0.9987125238011895,1.0144291194521387,0.015493044658888677,0.0,0.0002735022858460198,0.8351250846775182,0.0,1.0,0.9881082862108036
2024-10-30,0.014277682524828528,0.9977188811138156,1.0172883736904672,0.01923691755726875,0.0,0.00027412899538271083,0.8375457951856984,0.0,1.0,1.002216182621474
2024-10-31,-0.010567370518921648,0.9820816327881601,1.0064619654492286,0.02422379930689822,1.0761242069415389,0.0016389223255545808,0.8371441484433761,0.0,1.0,0.9916253928796536
2024-11-01,-0.003633151639027443,0.9891811668351556,1.0104800432140744,0.021077978255931273,0.0,7.616757035960531e-05,0.23987732829982367,0.0,1.0,0.9880226674582117
2024-11-02,-0.008322081427277084,0.9906089399231641,1.0002297477691926,0.009618597994596412,1.1236064879183278,0.001923487016149974,0.8961327131632413,0.0,1.0,0.979800262367629
2024-11-03,-0.005684047278665005,0.9840754331124847,1.0007836493163984,0.016695133074292823,0.0,0.0002941415812368387,0.8956131065338423,0.0,1.0,0.974231031352683
2024-11-04,-0.012219250838500728,0.9866966375875471,1.0029583111968308,0.01621370841414005,0.0,0.00029402352502590185,0.895537161407675,0.0,1.0,0.9623266580059333
2024-11-05,-0.015110247741609406,0.9826947073056062,1.0013525894042734,0.01863267973348648,0.0,0.0002936943103150508,0.894368627207349,0.0,1.0,0.9477856637951086
2024-11-06,0.012522073960642643,0.998592564669431,1.0214369599070179,0.02236495851850362,0.0,0.0002932379737151892,0.895143827533283,0.0,1.0,0.9596539059759878
2024-11-07,-0.005057342225283978,0.9866297770701984,1.0066481209720786,0.01988613844781173,1.1014790186684258,0.0016652581594322,0.8942206073464305,0.0,1.0,0.9548006077556367
2024-11-08,0.007871951554282441,0.9974195534232121,1.0124545750143674,0.014850070276922867,0.02822953228203085,9.88935935321282e-05,0.20464040992386304,0.0,1.0,0.9623167518838885
2024-11-09,0.015274131746061403,0.9957734799530438,1.0162704493016732,0.02016881368804324,0.0,6.01011780345391e-05,0.19607331026820612,0.0,1.0,0.977015304733605
2024-11-10,0.04746966559906873,0.9980502996081624,1.0636708828204704,0.06169256324691896,0.01849312716586901,8.490232367591559e-05,0.22614785276876742,0.0,1.0,1.0233938945344814
2024-11-11,0.045776626048910085,0.9965578148947227,1.0458639376753875,0.04714391710479682,0.04094341311456535,0.00011629237724512204,0.21419685522439577,0.0,1.0,1.070241414145324
2024-11-12,0.010254000331707758,0.9909318092707221,1.0317259451001406,0.03953970143249519,0.08107483590963063,0.00015976663199218627,0.20953069807044583,0.0,1.0,1.0812156699609776
2024-11-13,0.005517934711722239,0.9915904297581446,1.0157320208414164,0.0237676774857144,0.02684058902687444,7.527538243552718e-05,0.13749646541419247,0.0,1.0,1.0871817474371133
2024-11-14,-0.010607306939754535,0.9864237778546474,1.0050859443616413,0.01856773205484108,0.0,3.796924773722763e-05,0.12009227536696203,0.0,1.0,1.075649676942749
2024-11-15,0.005515772548809084,0.9970580629007375,1.0065404171929162,0.00295361273629835,0.0,3.487345774873854e-05,0.11197852458434018,0.0,1.0,1.0815827159029652
2024-11-16,-0.005070470619060408,0.9936513822106918,1.0028691816207247,0.007916937109338607,0.0,3.6492356284782177e-05,0.11365319176985272,0.0,1.0,1.0760985825198957
2024-11-17,0.0007931367367770559,0.9928803272593543,1.0033566060793149,0.010441231718100075,0.0,3.501603027559323e-05,0.10960376758832473,0.0,1.0,1.076952075838086
2024-11-18,0.001160662282941427,0.9971459886971531,1.003988185485751,0.0068150172357731575,0.0,3.5260147202119984e-05,0.11090421211035884,0.0,1.0,1.0782020534930468
2024-11-19,0.005671291208188434,0.9984690278341162,1.014237486859508,0.01554710728965214,0.0,3.561172487623184e-05,0.12094434268668147,0.0,1.0,1.0843168513196726
2024-11-20,-0.0037807317870456325,0.9924032078209007,1.0017081222015245,0.009289047552268781,0.0,3.727528372981749e-05,0.1150055987214107,0.0,1.0,1.0802173401326591
2024-11-21,0.0025466646722518416,0.9973547343425443,1.0051703240191,0.007775388399157701,0.0,3.6182195867756035e-05,0.11474280739436024,0.0,1.0,1.0829682914711287
2024-11-22,0.00756107135392714,0.998264924487325,1.009788424653839,0.011411796654793527,0.0,3.693670438729424e-05,0.12106640594435561,0.0,1.0,1.0911566919969824
2024-11-23,0.004976645873394414,0.9974414276813613,1.019363111858567,0.014113190695062783,0.0,3.913705182701892e-05,0.13589431361344273,0.0,1.0,1.096586992445436
2024-11-24,-3.112156633466867e-05,0.991530707761934,1.006108356908085,0.01448914428158632,0.010520952944896205,5.238317970289757e-05,0.1235269639267106,0.0,1.0,1.0965528649406087
2024-11-25,-0.009912626145306969,0.9869899539145554,1.0019253503180185,0.01490669579197934,0.0,3.7136832276434794e-05,0.11476975810289063,0.0,1.0,1.0856831463418872
2024-11-26,-0.0015175133349978331,0.9926316044359774,1.0042537650541763,0.011572932084125132,0.0,3.4228543271011285e-05,0.10801403278516715,0.0,1.0,1.084035607689731
2024-11-27,0.003654808541758481,0.9981591107199888,1.0054725345137556,0.007273618664585202,0.0,3.379328445844885e-05,0.10777483585966144,0.0,1.0,1.087997550288286
2024-11-28,0.00014252605457443224,0.9973649661815722,1.007336644429167,0.009899052419804932,0.0,3.487767420644141e-05,0.11270357689962152,0.0,1.0,1.088152618286515
2024-11-29,0.006520129267251651,0.9993958695233267,1.009453492253602,0.00996343348896811,0.0,3.4930980224265586e-05,0.11472504199563488,0.0,1.0,1.0952475140202416
2024-11-30,-0.0012888613915142955,0.9966542520712337,1.0024172167811043,0.005749067966306809,0.0,3.68435961833381e-05,0.11432274861890311,0.0,1.0,1.0938358917852689
2024-12-01,0.0049280145697203626,0.9985465978902859,1.00738260819136,0.008771255557943558,0.0,3.648004057012948e-05,0.1175871121399789,0.0,1.0,1.0992263309968697
2024-12-02,-0.004199705296839551,0.9894396884474527,1.00602129363075,0.016482360053686307,0.0,3.7924195041599216e-05,0.12076383199126522,0.0,1.0,1.0946099043521567
2024-12-03,-0.009635742437768768,0.9791106023796023,1.00762101550946,0.028294778186461866,0.22958870797501277,0.00037162874860561623,0.12487131174158836,0.0,1.0,1.0840625252439886
2024-12-04,-0.006708918441265754,0.9899109600366967,1.0073792883159607,0.01734036869912814,0.0,3.6016881298129636e-05,0.11618047028415833,0.0,1.0,1.076789638176894
2024-12-05,-0.004993392109977179,0.9919158133061604,1.0059804674651591,0.013981040998180094,0.0,3.4051725059793336e-05,0.10900754128684194,0.0,1.0,1.0714128052935163
2024-12-06,0.007969577699554309,0.9991101997489733,1.009648661799914,0.0016630380090498775,0.0,3.258377534539616e-05,0.10782175639200023,0.0,1.0,1.0799515128936006
2024-12-07,0.008039850898026613,0.9981370588562456,1.0084650703880897,0.010241318053653248,0.0,3.493570709104896e-05,0.11387163316362421,0.0,1.0,1.0886341620343634
2024-12-08,-0.0004112807020218989,0.9945006901762247,1.0015717460326101,0.007059959393218795,0.0,3.728881785882967e-05,0.11492623934754452,0.0,1.0,1.0881864278119568
2024-12-09,-0.01695640068744153,0.9738552754560815,1.0002369022864204,0.026375378442880404,0.0,3.718123770744361e-05,0.11341760690576307,0.0,1.0,1.0697347027193416
2024-12-10,-0.012029259378005364,0.9879707406219946,1.0091553234711188,0.0209923907216355,0.08707565537046508,0.0001584277159631662,0.10612725980794974,0.0,1.0,1.0568665865146771
2024-12-11,0.0,1.0,1.0,0.0,0.0,0.0,0.0,0.0,0.0,1.0568665865146771
2024-12-12,0.0,1.0,1.0,0.0,0.0,0.0,0.0,0.0,0.0,1.0568665865146771
2024-12-13,0.0011042574019439755,0.9960588980497643,1.0027623805257257,0.006685015918174719,0.20592672226268033,0.000366269551489475,0.2084794525525782,0.0,1.0,1.0580336392657033
2024-12-14,-0.005502937020752552,0.9889558220046705,1.0024594311803765,0.013470479458511209,0.0,6.806356031252854e-05,0.20918148896562827,0.0,1.0,1.0522113467829866
2024-12-15,0.0018021490377353455,0.9978424401664461,1.003107053097592,0.005248306165218208,0.3229028971759758,0.0005076598793374442,0.20284579821183488,0.0,1.0,1.0541075884490858
2024-12-16,0.0018163956719439156,0.994290512755428,1.0069617440054506,0.012583627258389463,0.0,4.0121664258290426e-05,0.12822512974755934,0.0,1.0,1.056022264910508
2024-12-17,0.004104024922526817,0.9977674424421611,1.0121144216429896,0.014175254194618403,0.0,4.065775517214317e-05,0.13427607975117553,0.0,1.0,1.0603562066044439
2024-12-18,-0.012792203167309557,0.9841070287121562,1.0011885401345548,0.017061233461684422,0.0,4.184486327490661e-05,0.1284473518908863,0.0,1.0,1.046791914579842
2024-12-19,-0.003621336773836137,0.9923833776723282,1.0060628333673476,0.013597019233116403,0.0,3.8143758125911763e-05,0.12146903625704968,0.0,1.0,1.0430011285250198
2024-12-20,0.0019955400007958257,0.9858957889679498,1.0058136827112798,0.019802766740694144,0.0,3.710381777391867e-05,0.11809449398413382,0.0,1.0,1.0450824789978668
2024-12-21,-0.0021166281630080608,0.9955426843044617,1.0053232345747976,0.007400468309033403,0.0,3.7694935190805616e-05,0.11945898032267944,0.0,1.0,1.0428704279901535
2024-12-22,-0.0017975891757494589,0.996048446141316,1.0027776941203201,0.006710607962722159,0.0,3.7088954541277226e-05,0.11538824996171029,0.0,1.0,1.040995775397089
2024-12-23,0.0029247703254517976,0.9963097415868241,1.003793971962613,0.007455942738085697,0.0,3.657925351162518e-05,0.11472888525201644,0.0,1.0,1.0440404489498911
2024-12-24,0.0030916308340172005,0.9975489940939601,1.0044470574549949,0.006867523091274141,0.0,3.743973242827353e-05,0.1179217423714995,0.0,1.0,1.0472682365938257
2024-12-25,-0.00136950679939718,0.9968321766107663,1.0003986704062522,0.003565072506581224,0.0,3.835066446227126e-05,0.1171201636845162,0.0,1.0,1.0458339956230178
2024-12-26,-0.007150554263104625,0.9914309520433386,1.0009227875034152,0.009483084588124968,0.0,3.796531739796981e-05,0.11641026571241522,0.0,1.0,1.038355702887116
2024-12-27,-0.0005070553711797876,0.9978869127352358,1.0041185191362105,0.006206046678967292,0.0,3.588513110595555e-05,0.11291473059236404,0.0,1.0,1.037829199050772
2024-12-28,0.0018752315435017763,0.9993407730990049,1.0030562891786374,0.0037041949885733283,0.0,3.5749942435311316e-05,0.11156044825067458,0.0,1.0,1.0397753691015992
2024-12-29,-0.004594853998044268,0.9942364178365198,1.0006365958853358,0.006396106313854455,0.0,3.6308209915098506e-05,0.11111528249269931,0.0,1.0,1.0349977530898147
2024-12-30,-0.0018393578513745679,0.994943239916062,1.0029333762661248,0.007966766825339477,0.0,3.496973123495666e-05,0.10909199916174138,0.0,1.0,1.0330940218465139
2024-12-31,0.0010796585882164589,0.9976180769900419,1.0045688620460669,0.006919172312257249,0.10596932851787716,0.0001880972829555987,0.10893767924008983,0.0,1.0,1.0342094106796356
2025-01-01,0.03586178877464796,0.9990934612831878,1.0390317240410947,0.03843796280115053,0.3043722175653805,0.0005413829543774984,0.3310248113215404,0.0,1.0,1.0712980101141818
2025-01-02,0.008929426527026996,0.9994610370267499,1.0154153384543145,0.015712094177984803,0.025156347972527755,0.00013630153157467216,0.32898708204973315,0.0,1.0,1.0808640869840467
2025-01-03,0.004971532413453383,0.9992441659967821,1.0074458335676437,0.0024560140820952814,0.07329432056701331,0.00018409140879165067,0.3101174716756447,0.0,1.0,1.0862376378270255
2025-01-04,-0.003473020377583236,0.9945455600624046,1.0052471874880147,0.010645767089736524,0.0,7.910448141971999e-05,0.2448233696438965,0.0,1.0,1.0824651123759543
2025-01-05,-0.0021158047151803583,0.9907872528911056,1.0007485645449734,0.009953860546776938,0.0,7.826369507113927e-05,0.23886314563090444,0.0,1.0,1.080174827587171
2025-01-06,0.0019542415771456323,0.9967657440359721,1.0057420420634775,0.008925050014901181,0.0,7.775632574469176e-05,0.24111365886409872,0.0,1.0,1.0822857501458278
2025-01-07,-0.014727372437104203,0.9838943521187651,1.004676776851338,0.020685682411914708,0.0,7.827343091338511e-05,0.24186863996839855,0.0,1.0,1.0663465248200594
2025-01-08,0.010107269200952729,0.9928211434290993,1.0126552241557636,0.019586212813151427,0.0,7.455863807533888e-05,0.23667249397292073,0.0,1.0,1.0771243762079161
2025-01-09,-0.010058148140294487,0.9862719201873232,1.0021485787700017,0.013728079812676763,0.0,7.712179419708585e-05,0.2364646678800028,0.0,1.0,1.0662904996664946
2025-01-10,0.006840218223425953,0.9973573307746988,1.0096880822096086,0.012212436347594724,0.0,7.459538512948169e-05,0.23454013695433154,0.0,1.0,1.0735841593737794
2025-01-11,0.023246508868419724,0.9982860929453716,1.0259460051431986,0.026960397583463802,0.0,7.634497617788934e-05,0.25186254448620904,0.0,1.0,1.098541243055657
2025-01-12,-0.007046086792249051,0.989598008227225,1.0006065404610314,0.011001859161078542,0.0,8.209900029034333e-05,0.2504255783493083,0.0,1.0,1.0908008261122215
2025-01-13,0.0015721274007458597,0.9841495745186953,1.0051916965266292,0.020933441930174657,0.01913632087986975,0.00010183759323970291,0.24464128171016566,0.0,1.0,1.0925157039797087
2025-01-14,0.012879735742649334,0.9989725611904875,1.015819390609202,0.016584473159752533,0.0,7.452316469715292e-05,0.23894385022055287,0.0,1.0,1.1065870175416619
2025-01-15,0.039916622594404316,0.9983857623733905,1.044719968996308,0.04435083850022714,0.012357370709952919,9.163702327129185e-05,0.2576664546127939,0.0,1.0,1.1507582338887399
2025-01-16,0.006987430690917673,0.9845659826743945,1.0177633608732308,0.03261797336696537,0.03559631842301341,0.00012345322811580146,0.2542436689188629,0.0,1.0,1.1587990772900403
2025-01-17,0.0024807452453399215,0.996040829123347,1.0059220062658552,0.003959170876652984,0.044646805073676216,0.00012372592142026857,0.2241800712760211,0.0,1.0,1.1616737625913318
2025-01-18,-0.001301444187895462,0.987015080405643,1.0003487018425874,0.013328973599290528,0.0,5.96951732987547e-05,0.1820375881134877,0.0,1.0,1.1601619090247768
2025-01-19,-0.017245455991556802,0.9755153858590728,1.0012226864017224,0.025675906960357264,0.0,5.936298045612494e-05,0.1817459029014625,0.0,1.0,1.1401543878796094
2025-01-20,0.008188729399966288,0.9971506882732738,1.0230448193932022,0.025310847217120847,0.0,5.4657709073537965e-05,0.18520065081018122,0.0,1.0,1.1494908036361398
2025-01-21,0.0037636004934189504,0.9947617167360271,1.0077904654703933,0.012928033337053835,0.0,5.690159692389434e-05,0.17964210707224568,0.0,1.0,1.1538170277918853
2025-01-22,0.00030322953551942256,0.9971582714733012,1.006143072156352,0.008929943396414619,0.0,5.794023802223334e-05,0.18143745228559197,0.0,1.0,1.154166899193297
2025-01-23,-0.003440898158068917,0.992004183361635,1.000303022641589,0.008296325305544472,0.0,5.8038292043943284e-05,0.1769660608012638,0.0,1.0,1.1501955284357586
2025-01-24,-0.0010883071842305858,0.9963532460678282,1.00460827794953,0.008217164901876961,0.0,5.7124943774947316e-05,0.17772046520730572,0.0,1.0,1.148943762378892
2025-01-25,0.00033933599809521375,0.9986876468682201,1.0023816272870627,0.003685203637301626,0.0,5.6846509046298634e-05,0.17505273954469228,0.0,1.0,1.1493336403572543
2025-01-26,-0.0048374212766467695,0.9945601398213888,1.0019679070603609,0.0067919623862739975,0.0,5.6957344513882256e-05,0.17504891255050048,0.0,1.0,1.1437738293514241
2025-01-27,0.001788472547894715,0.9794066975143916,1.0019846564011812,0.022533238151452917,0.0,5.565598496343736e-05,0.17110828086854238,0.0,1.0,1.1458194374462196
2025-01-28,5.57419777165169e-05,0.9972021665140663,1.0088290877169397,0.008696563021470705,0.0,5.616294242650615e-05,0.17825735683039892,0.0,1.0,1.1458833076877688
2025-01-29,0.0005648411135303899,0.9949139576377221,1.0043693963249658,0.009414303862544493,0.0,5.6196575395096473e-05,0.17471053966922226,0.0,1.0,1.146530549691259
2025-01-30,0.0035355582717284673,0.9985910058994945,1.005171533624517,0.006546671393781067,0.01572841186493882,8.434381903750404e-05,0.1915660505059656,0.0,1.0,1.1505841752600092
2025-01-31,-0.005628339052386022,0.9923582279090413,1.0002842195986492,0.0079237396075168,0.0,6.250451977582646e-05,0.1905407007845934,0.0,1.0,1.1441082974133359
2025-02-01,-0.009744720384515126,0.9872149767627132,1.0021779159536177,0.014930421986665499,0.0,6.1019346411446586e-05,0.18755808519389583,0.0,1.0,1.1329592819654393
2025-02-02,-0.018455026807086106,0.9741504965387127,1.004766224440318,0.030470498666154033,0.0,5.8408671653367256e-05,0.18173475990170468,0.0,1.0,1.11205048804543
2025-02-03,0.007505332834306211,0.9490372568787975,1.0126220761875708,0.06279225073599459,0.0,5.334920049906076e-05,0.17286980718310926,0.0,1.0,1.1203967970867637
2025-02-04,-0.01084359008334046,0.9825035965124836,1.0053980201052581,0.02277150256410665,0.0,5.5413200374783775e-05,0.17318768416695995,0.0,1.0,1.1082476734884672
2025-02-05,-0.009297971874964284,0.9880117302762916,1.0025873345835727,0.014537989663848117,0.0,5.244090866544987e-05,0.16183276882304565,0.0,1.0,1.097943217789877
2025-02-06,-0.003619598315349193,0.9933333795451152,1.0056170859528244,0.012215093179398617,0.0,4.986526484743279e-05,0.15656491252618923,0.0,1.0,1.0939691043684157
2025-02-07,0.004544663035701779,0.9961445087526444,1.0138340948856637,0.017448205995690302,0.0,4.887113391742488e-05,0.16040990828587548,0.0,1.0,1.0989408253192385
2025-02-08,0.0013637068308667288,0.9970074910130611,1.0025228168876512,0.0029988586245741633,0.0,5.015236954025038e-05,0.15482824451397184,0.0,1.0,1.1004394584294448
2025-02-09,-0.001716882767003991,0.9930996656321243,1.0056035501073564,0.00727964104102341,0.0,5.0546178748100075e-05,0.15861521952026295,0.0,1.0,1.098550132887136
2025-02-10,0.0019185547806168657,0.9955348112006943,1.0050785715626942,0.009495536599851362,0.0,5.008470660498666e-05,0.15677777484921548,0.0,1.0,1.100657761496334
2025-02-11,-0.0007246694298261858,0.9965855573804127,1.0066451819340825,0.009993217803260346,0.0,5.063610993402676e-05,0.15975251469308022,0.0,1.0,1.0998601484638766
2025-02-12,0.0037866908194690296,0.9948079147405227,1.0052375490377539,0.010375293190365564,0.0,5.044768411929989e-05,0.15801590519701203,0.0,1.0,1.1040249787907646
2025-02-13,0.0054320727557495285,0.9962716283972626,1.008360879187321,0.0037283716027374236,0.0,5.151504362142396e-05,0.16384144968694378,0.0,1.0,1.110022122799721
2025-02-14,0.011201675996269644,0.99806172717291,1.0173302893630187,0.018940320947460787,0.0,5.303031509385153e-05,0.17574337067611284,0.0,1.0,1.1224562309680148
2025-02-15,0.0014092004497157085,0.9983601329591074,1.0058736837283977,0.007469676253424096,0.0,5.6097833092094274e-05,0.17564587273093174,0.0,1.0,1.1240379967934813
2025-02-16,-0.0021486161931763004,0.9953358626962433,1.002652044144095,0.007296829932758042,0.0,5.6499625960618e-05,0.17421724845412367,0.0,1.0,1.1216228705518254
2025-02-17,-0.004324054594583848,0.9924062144095795,1.0022216473417382,0.009793674840483435,0.0,5.5932454980273955e-05,0.17213955625536448,0.0,1.0,1.1167729120250254
2025-02-18,-0.006140066433401148,0.9880002477186973,1.0005719373560134,0.012564503528388338,0.0,5.476701274623215e-05,0.16722815538606117,0.0,1.0,1.1099158521541688
2025-02-19,0.010981986787017783,0.996749883122126,1.0115621168433624,0.0032564021052611247,0.0,5.309547168867893e-05,0.17123937821168841,0.0,1.0,1.1221049333772275
2025-02-20,-0.0031809723303203308,0.9955341512997041,1.000642470459947,0.005105039323280769,0.0,5.610310042812865e-05,0.1713522966996181,0.0,1.0,1.1185355486324386
2025-02-21,-0.0072885402487096185,0.9886755865141056,1.0017155242292888,0.013017605697202339,0.0,5.5253915091992905e-05,0.16965363279079423,0.0,1.0,1.1103830572666187
2025-02-22,6.649300341710074e-05,0.9985852625604626,1.00232930887159,0.0037353455376282207,0.0,5.3265717933251266e-05,0.1641225306171026,0.0,1.0,1.1104568899710399
2025-02-23,9.166206654742659e-05,0.9965495507456127,1.0016862424298865,0.003450449254387311,0.0,5.329978466512897e-05,0.16369473278506683,0.0,1.0,1.1105586767443865
2025-02-24,-0.018833634846655234,0.9783493213045339,1.0020074479453303,0.02361072933071373,0.0,5.334252124960998e-05,0.16409268200275,0.0,1.0,1.0896428201507982
2025-02-25,0.002771652777817879,0.9861679871262587,1.0056042317148925,0.013838347070400325,0.0,4.807968745700011e-05,0.15114234059839435,0.0,1.0,1.0926629317000984
2025-02-26,-0.007991475738562515,0.9889659933928379,1.0005404213498057,0.011568176267534702,0.0,4.886883948081619e-05,0.14925316076441789,0.0,1.0,1.0839309423909904
2025-02-27,-2.7263353186923744e-05,0.9965376506677196,1.0037952383378346,0.007230147536994358,0.0,4.663383767199559e-05,0.14522690475331035,0.0,1.0,1.0839013907988777
2025-02-28,-0.0034818192866914455,0.9839720265251457,1.0001599876933003,0.016185371707869822,0.0,4.663965308233452e-05,0.14214333023221634,0.0,1.0,1.0801274420315226
2025-03-01,0.002954412976653442,0.99840568772608,1.004788158341201,0.006352055965366699,0.0,4.567189979466932e-05,0.14315663997479552,0.0,1.0,1.0833185845627
2025-03-02,0.0482786058915845,0.99878411490327,1.052116189450788,0.05069028980093704,0.0,4.6520108951079124e-05,0.18415527451606323,0.0,1.0,1.1356196955618318
2025-03-03,-0.034097965186170254,0.9603737918672216,1.0016661304873717,0.04122365463236621,0.0,5.951985163656377e-05,0.18259002610001504,0.0,1.0,1.0968973747178352
2025-03-04,0.0032559702862060558,0.99118036089098,1.0074724537320598,0.01617125389456331,0.03319970107254941,8.727882719752738e-05,0.1523240907800826,0.0,1.0,1.100468839976934
2025-03-05,0.0019076809959377439,0.9979403438761183,1.003683907092066,0.0057224821234689305,0.01600168287452487,5.8049780318205965e-05,0.12206581345278342,0.0,1.0,1.1025681834695797
2025-03-06,0.004291003466351695,0.9987093483975453,1.0062752085139957,0.007518678838985826,0.0,3.542623535827013e-05,0.11342745767297822,0.0,1.0,1.1072993073667368
2025-03-07,-0.009253885673151996,0.9889421894962658,1.0008910439693135,0.011938216996788542,0.0,3.6688958281462596e-05,0.1125033195560037,0.0,1.0,1.0970524861704045
2025-03-08,-0.002609071138206742,0.9963158051278069,1.0010541528747714,0.0036841948721930695,0.0,3.397638825494765e-05,0.10439371408021782,0.0,1.0,1.0941901981916393
2025-03-09,-0.00817859078443961,0.9894003994036119,1.0010490642079601,0.011636457413368384,0.0,3.3218310448109534e-05,0.10207952007025854,0.0,1.0,1.0852412643202851
2025-03-10,-0.005162535700879545,0.9935621980534058,1.005341976982894,0.01171718599161653,0.0,3.079407544141595e-05,0.09857169896890822,0.0,1.0,1.079638667549164
2025-03-11,0.006556366255236368,0.9946141409217644,1.0084373438345033,0.013707547620338434,0.0,2.925782205633861e-05,0.0967041711979129,0.0,1.0,1.0867171740769317
2025-03-12,0.002966623009801106,0.9983145030129243,1.0045990225947823,0.001685496987075652,0.0,3.1215506735721586e-05,0.09919021912721214,0.0,1.0,1.0899410542506944
2025-03-13,0.0005395084332644462,0.9988377583904183,1.0046542527676332,0.005789548355756735,0.0,3.210518275558961e-05,0.10193600893444191,0.0,1.0,1.0905290866412238
2025-03-14,0.004490194389816349,0.9992873915993489,1.005924999182829,0.0014263536488089423,0.0,3.227556964565538e-05,0.10358622410634934,0.0,1.0,1.0954257742279918
2025-03-15,0.001472928333350998,0.9997970652899533,1.0051198841790874,0.005295705490376945,0.0,3.361176006607202e-05,0.10691191402309744,0.0,1.0,1.097039257887935
2025-03-16,-0.004252234007265598,0.9946162713226534,1.0008243187079249,0.00620293419057405,0.0,3.405655903300888e-05,0.104431941620496,0.0,1.0,1.0923743902482386
2025-03-17,0.0019002511099364128,0.9998670537128141,1.0036678702603257,0.003786926592086237,0.0,3.281022694216971e-05,0.1031883273454137,0.0,1.0,1.0944501758957739
2025-03-18,-0.0023408325879566982,0.9949388942787554,1.00004049277473,0.00510139192646053,0.0,3.3380602378867675e-05,0.10167586855813454,0.0,1.0,1.091888251258142
2025-03-19,0.011370470313947223,0.9991048749931523,1.0132477684614127,0.0018527533007214325,0.0,3.2700335854429874e-05,0.11133714730553021,0.0,1.0,1.1043035342052205
2025-03-20,-0.004807872598209695,0.9931636666013776,1.0006917971302978,0.007522926190170254,0.0,3.603699978687286e-05,0.11033911994484125,0.0,1.0,1.098994183503009
2025-03-21,-0.002423423726069407,0.9965163346140256,1.0012982408760462,0.004775706244961486,0.0,3.4634503429956516e-05,0.10661710168050073,0.0,1.0,1.0963308549238955
2025-03-22,-0.00045906011860163964,0.9990333903873454,1.0015320955888367,0.002494882802554943,0.0,3.393319195887958e-05,0.10468978704470805,0.0,1.0,1.0958275731516074
2025-03-23,0.0029260846707261923,0.9997014481799871,1.002995525025843,0.0032842388262611655,0.0,3.381031939246309e-05,0.10561921674599216,0.0,1.0,1.0990340574151654
2025-03-24,0.000432676285075706,0.9988445351749402,1.0027824327504808,0.002343236567238338,0.0,3.467874208855333e-05,0.10807369537737595,0.0,1.0,1.0995095833882995
2025-03-25,-7.374789028602446e-05,0.9981052214777985,1.0011849692448382,0.0030761026799700497,0.0,3.4818494354448366e-05,0.10707170325519509,0.0,1.0,1.0994284968761754
2025-03-26,-0.004351962691351519,0.9947223145130587,1.001271587001484,0.0056164079415020884,0.0,3.480700080429849e-05,0.10711786038584879,0.0,1.0,1.0946438250759616
2025-03-27,-0.00039849195243990554,0.9979114137197058,1.0017304186404872,0.0021252330500418637,0.0,3.3535850795107403e-05,0.10365932631836892,0.0,1.0,1.0942076183208809
2025-03-28,-0.005844631031049596,0.9918169802031216,1.0000665375963245,0.00818733065859556,0.0,3.3430551334455415e-05,0.101843528315583,0.0,1.0,1.0878123785204317
2025-03-29,-0.0031882880937889047,0.9935589437213659,1.0008164641337893,0.007251599741322057,0.0,3.170405301956983e-05,0.09727191050603355,0.0,1.0,1.0843441192657188
2025-03-30,4.8179899468037135e-05,0.9987674725629686,1.0034385455539678,0.004655066333355329,0.0,3.0767678109553724e-05,0.09678167019075469,0.0,1.0,1.0843963628563738
2025-03-31,-0.002092106887864209,0.9950088973422205,1.0001709518372133,0.0051611721831258395,0.0,3.079343793950461e-05,0.09390526958508062,0.0,1.0,1.0821276897564671
2025-04-01,0.002114567391763744,0.9988754763702627,1.0048042874801746,0.002676859684940136,0.0,3.017673102102771e-05,0.09622260818463758,0.0,1.0,1.0844159216829508
2025-04-02,-0.005074363869806309,0.9931889014566722,1.0041048928768626,0.01087136562885882,0.0,3.081620680115979e-05,0.09753217938626652,0.0,1.0,1.07891320071012
2025-04-03,0.0017824054626141006,0.9971627567704349,1.0025405920800328,0.005364207047656944,0.0,2.930790807832049e-05,0.09154327109198256,0.0,1.0,1.0808362614927522
2025-04-04,0.002847893138412383,0.9978228433199368,1.0042735640151077,0.006423270437768913,0.0,2.9849927509829298e-05,0.0947541926924892,0.0,1.0,1.0839143676656047
2025-04-05,0.0005835718425852843,0.9992540917769064,1.0019964186450558,0.0027368629439391556,0.0,3.070924113660148e-05,0.09530413617902328,0.0,1.0,1.084546909570348
2025-04-06,-0.009783497746933767,0.987616100042076,1.0006268814248893,0.013002630275418925,0.0,3.089302926627764e-05,0.09462514085164997,0.0,1.0,1.0739362473241225
2025-04-07,-0.0035711461210815587,0.9817555261985994,1.0032891109762103,0.02146299061958179,0.5236456057594887,0.0009034562868926741,0.4412259045069762,0.0,1.0,1.070101064060202
2025-04-08,0.0034899702461943516,0.9994738113157212,1.0153472013742582,0.015633460196721294,0.0,0.0001436973575671015,0.44602450296188106,0.0,1.0,1.073835684934193
2025-04-09,0.014911475628510917,0.9918512299337956,1.0160549588861,0.02382127929264677,0.0,0.00014438726308011861,0.44847778573793945,0.0,1.0,1.0898481595791145
2025-04-10,-0.0006493917729967214,0.9993506082270033,1.0,0.0006493917729967214,0.4478563951700511,0.0006493917729965742,0.4478563951700511,0.0,1.0,1.0891404211504683
2025-04-11,0.0,1.0,1.0,0.0,0.0,0.0,0.0,0.0,0.0,1.0891404211504683
2025-04-12,0.0,1.0,1.0,0.0,0.0,0.0,0.0,0.0,0.0,1.0891404211504683
2025-04-13,0.0,1.0,1.0,0.0,0.0,0.0,0.0,0.0,0.0,1.0891404211504683
2025-04-14,0.0,1.0,1.0,0.0,0.0,0.0,0.0,0.0,0.0,1.0891404211504683
2025-04-15,0.0,1.0,1.0,0.0,0.0,0.0,0.0,0.0,0.0,1.0891404211504683
2025-04-16,0.0,1.0,1.0,0.0,0.0,0.0,0.0,0.0,0.0,1.0891404211504683
2025-04-17,0.0,1.0,1.0,0.0,0.0,0.0,0.0,0.0,0.0,1.0891404211504683
2025-04-18,0.0,1.0,1.0,0.0,0.0,0.0,0.0,0.0,0.0,1.0891404211504683
2025-04-19,0.0,1.0,1.0,0.0,0.0,0.0,0.0,0.0,0.0,1.0891404211504683
2025-04-20,0.0,1.0,1.0,0.0,0.0,0.0,0.0,0.0,0.0,1.0891404211504683
2025-04-21,0.0,1.0,1.0,0.0,0.0,0.0,0.0,0.0,0.0,1.0891404211504683
2025-04-22,0.0,1.0,1.0,0.0,0.0,0.0,0.0,0.0,0.0,1.0891404211504683
2025-04-23,0.0,1.0,1.0,0.0,0.0,0.0,0.0,0.0,0.0,1.0891404211504683
2025-04-24,0.0,1.0,1.0,0.0,0.0,0.0,0.0,0.0,0.0,1.0891404211504683
2025-04-25,0.0,1.0,1.0,0.0,0.0,0.0,0.0,0.0,0.0,1.0891404211504683
2025-04-26,0.0,1.0,1.0,0.0,0.0,0.0,0.0,0.0,0.0,1.0891404211504683
2025-04-27,0.0,1.0,1.0,0.0,0.0,0.0,0.0,0.0,0.0,1.0891404211504683
2025-04-28,0.005499272496292562,0.9945612028408585,1.005722498407628,0.011097788489808469,0.5477963864170496,0.0009744220004147591,0.5513381321736829,0.0,1.0,1.0951299011131015
2025-04-29,-0.00732269595661339,0.990936499067127,1.0008686992384237,0.009923579565285778,0.7965356607032364,0.0012355958167712619,0.5512385269754828,0.0,1.0,1.0871105978142541
2025-04-30,-0.00515714530574285,0.9876023392080052,1.0021586801484197,0.014524986141175256,0.0,7.910260623719986e-05,0.24249104727041312,0.0,1.0,1.0815042104979131
2025-05-01,-0.00035433340529811286,0.9996456665947019,1.0,0.00035433340529811286,0.23691226366417192,0.0003435227823130493,0.23691226366417192,0.0,1.0,1.0811209974281633
2025-05-02,0.0,1.0,1.0,0.0,0.0,0.0,0.0,0.0,0.0,1.0811209974281633
2025-05-03,-0.00502224502872195,0.992816764360601,1.0013063703311182,0.007183235639399044,0.4262746925150892,0.0007582341021383999,0.42778037074606945,0.0,1.0,1.0756913428733827
2025-05-04,-0.006189636531511833,0.9928407659610313,1.005988508162146,0.013069475540167463,0.0,0.00013934808498132853,0.4277072614826479,0.0,1.0,1.0690332044409026
2025-05-05,0.0012136753955895863,0.9935839434562375,1.0041247323709577,0.010497489579637254,1.0108579708535321,0.0016597999804483935,0.5931215564673847,0.0,1.0,1.0703306637382008
2025-05-06,0.004328176536982253,0.98487630541708,1.0054605623072224,0.020472465715520194,1.1285460379983017,0.0018128271854753668,0.5919385459269977,0.0,1.0,1.0749632438038053
2025-05-07,-0.007318265892845011,0.9870191497922971,1.0039818470540616,0.016895422274354255,0.0,0.0001773962922500935,0.54195124093039,0.0,1.0,1.0670963769606139
2025-05-08,0.05048114787646196,0.997577272078727,1.0511121578454234,0.050931658783618716,0.0,0.0001763368825832268,0.5594318032446809,0.0,1.0,1.1209646269643994
2025-05-09,-0.00341716567286221,0.9929654958627505,1.004233903067273,0.011220899005804252,1.1283005944866171,0.001823174587667706,0.5723050042100516,0.0,1.0,1.1171341051206438
2025-05-10,0.008135449339398582,0.9990017146037643,1.00893854006717,0.009848791644676558,0.09658172969737375,0.00029528158663844295,0.5690214599828323,0.0,1.0,1.1262224930381672
2025-05-11,-0.0033038757830101684,0.9931784614363255,1.0005826924042844,0.006821538563674512,0.0,0.00015671126479022924,0.47745110873985497,0.0,1.0,1.122501593817137
2025-05-12,-0.0062139501279248055,0.9843207478023734,1.007612801678113,0.01567925219762656,0.0,0.00015619333213532567,0.4795318686825308,0.0,1.0,1.1155264248946413
2025-05-13,0.005874855809812063,0.9935886607382192,1.0098838287366476,0.016135685644965148,0.0,0.0001551673059304692,0.477608879104275,0.0,1.0,1.1220799817929323
2025-05-14,-0.005166939133263604,0.9911032430753461,1.0070605865064721,0.015845465153673244,0.7875016264514282,0.0012444205887377614,0.47552685881239276,0.0,1.0,1.1162822628243547
2025-05-15,-0.020085211293458527,0.9758986664858242,1.0025191261603066,0.02655356788696872,0.0,0.00010166535441980623,0.3112722025911347,0.0,1.0,1.0938614977123875
2025-05-16,-0.004809463852785356,0.9927637891020729,1.0095304050503253,0.016608331818809052,0.898358845822611,0.0015008960153652475,0.6079523568411399,0.0,1.0,1.088600610379186
2025-05-17,-0.004853079224430901,0.9893832530628008,1.0011322680157517,0.01173572696466707,0.0,0.00019785300869472873,0.6029506514111014,0.0,1.0,1.083317545373252
2025-05-18,-0.003984167141373618,0.9866598875634947,1.010940793210384,0.014763436644357086,0.0,0.00019728084926873447,0.6050805526179791,0.0,1.0,1.0790014272053023
2025-05-19,-0.0028807437009220616,0.9832528528898135,1.0002503796495572,0.01699327199025802,0.0,0.00019687965376255989,0.5994600290247594,0.0,1.0,1.0758931006405947
2025-05-20,0.005186612872364549,0.9984576785003173,1.0195416728660651,0.020679875013326243,0.0,0.0001965346252730978,0.6060963368267414,0.0,1.0,1.0814733416456654
2025-05-21,-0.0019824037542095496,0.992439084516495,1.0114060243960996,0.018753042222513616,0.0,0.00019728000083494592,0.6051717037218209,0.0,1.0,1.0793294248331096
2025-05-22,0.016795277165025047,0.9975670787635509,1.0306574667102741,0.032106096366180226,0.0,0.00019708421302193946,0.6119682287094198,0.0,1.0,1.0974570616755488
2025-05-23,-0.01581147817043338,0.9736337740317866,1.0004604246844777,0.026814304684916968,0.0,0.00019929087506941973,0.6070582749159085,0.0,1.0,1.080104643301878
2025-05-24,0.003154112083386673,0.9993559171622571,1.0111973483869554,0.01171030683930041,0.0,0.00019728045346964983,0.6051798194876186,0.0,1.0,1.0835114144086384
2025-05-25,0.004256627892212483,0.9962386810915318,1.0075974390591629,0.01127311119233998,0.0,0.00019778699705443457,0.6052113420515021,0.0,1.0,1.088123519316741
2025-05-26,0.0033500216559414486,0.9953660596107927,1.005567788890705,0.010145242710256741,0.0,0.00019840591968003956,0.6062885263151264,0.0,1.0,1.0917687566707912
2025-05-27,0.009850819501894703,0.9947803293459936,1.0126605719038426,0.01765669865494357,0.09421006683631772,0.0003664933635954935,0.7037455606756062,0.0,1.0,1.1025235736305632
2025-05-28,-0.010855847037828381,0.9873348161533042,1.0043942774940555,0.015183404439472303,0.015385434216344704,0.0002583081364829925,0.7197963087661658,0.0,1.0,1.09055474635963
2025-05-29,0.00211684297419934,0.9963679467222681,1.0112628142840896,0.01472897782003979,0.0,0.0002350396387954487,0.7188774788658037,0.0,1.0,1.092863279512441
2025-05-30,-0.020313886465948228,0.9789038291093494,1.0039369306998243,0.024934934481417037,0.0,0.00023531425948147288,0.7176585830432833,0.0,1.0,1.0706629789296216
2025-05-31,-0.0036936739401559615,0.9896521163262763,1.006420724854867,0.016661628794467753,0.0,0.00023348487870063081,0.7127474539855646,0.0,1.0,1.0667082989856596
2025-06-01,0.013391792156760784,0.997629636923515,1.01499472319743,0.017108548327435136,0.0,0.00023318398523434661,0.7143476947793694,0.0,1.0,1.0809934348175674
2025-06-02,-0.005507040150184994,0.9868478416538095,1.0024017028112002,0.015516594907780568,0.0,0.00023454484259472885,0.7148153382940313,0.0,1.0,1.0750403605699406
2025-06-03,0.00347708254253698,0.9984404752014784,1.0085136898835956,0.004994089214237718,0.0,0.00023410181403247252,0.7152061448389655,0.0,1.0,1.078778364640201
2025-06-04,0.010860382437765992,0.9936895879093045,1.0119170467164407,0.006572841838569099,0.0,0.0002345305333076266,0.7173793166198661,0.0,1.0,1.0904943102457814
2025-06-05,0.019625331820831482,0.9780741880555349,1.027987826163533,0.048554697670181945,0.0,0.00023559224308390274,0.7250156950542349,0.0,1.0,1.1118956229330836
2025-06-06,-0.011061815138156406,0.9831484823653792,1.0013070947406546,0.016851517634620783,0.01937419147956892,0.00027192188090221803,0.7427427673355625,0.0,1.0,1.0995960390992725
2025-06-07,0.021895173665477996,0.9982366370006557,1.0221416167557367,0.023387150433180737,0.05466495754944571,0.0003043102065677323,0.7395944805189435,0.0,1.0,1.1236718853372227
2025-06-08,-0.012424466629295194,0.9868731580121528,1.0016230405417434,0.01402474444222146,0.02019107405959939,0.00024996687554357044,0.691896041954771,0.0,1.0,1.1097108614955733
2025-06-09,0.011399008318126125,0.9979841253495557,1.0184363239737697,0.020081961083647237,0.04832986980361474,0.00027364961254924293,0.6679065963053846,0.0,1.0,1.1223604648364762
2025-06-10,0.011636614633905973,0.9968391893838938,1.0155964889965852,0.018469244248002115,0.025892909008839417,0.00023404361814369334,0.6239639808771553,0.0,1.0,1.1354209410461098
2025-06-11,-0.02671783422929863,0.9680630247520301,1.0,0.0319369752479699,0.015455113602233173,0.00021542455005073234,0.6029302443176733,0.0,1.0,1.1050849525627655
2025-06-12,-0.016070451531860264,0.981248341926901,1.0002062466570185,0.018953995531901913,0.0,0.00018941987422922322,0.5766559722869423,0.0,1.0,1.0873257383940176
2025-06-13,-0.004203391401154222,0.990497375998619,1.004123974113488,0.013570633174951996,0.05533897948074325,0.0002492852260505762,0.5698244726091437,0.0,1.0,1.0827552827349984
2025-06-14,0.002492332743089687,0.9977409029451598,1.0043929046622615,0.006622907914048404,0.0,0.00016843593129103787,0.5148837838321604,0.0,1.0,1.0854538691789122
2025-06-15,0.005139512311869154,0.9981248790111891,1.0057082663632757,0.007540345054046993,0.0,0.00016885883459143015,0.5168906534549244,0.0,1.0,1.0910325727035233
2025-06-16,0.000207500060522392,0.9909653506946704,1.0401939422148212,0.04732635859744716,0.0,0.00016973052583878884,0.5354587622155617,0.0,1.0,1.0912589620283912
2025-06-17,-0.005072737523256099,0.994361533985898,1.0103905078931978,0.01586413746178439,0.0,0.0001697892874710658,0.5220234409483623,0.0,1.0,1.0857232917441204
2025-06-18,0.0026740608290796164,0.9924390283605992,1.0062752759568783,0.013749962785403747,0.0,0.00016903578414156252,0.5177896944804792,0.0,1.0,1.0886265818697927
2025-06-19,0.003233094187082619,0.9983182581616447,1.0060685765094508,0.007703568652045356,0.0,0.0001695166438553714,0.5191453703805196,0.0,1.0,1.0921462141435394
2025-06-20,-0.005069111704991136,0.9911624289824158,1.0015256920920466,0.010347476047252724,0.0,0.00017011459862021345,0.5186907538595604,0.0,1.0,1.0866100029858627
2025-06-21,-0.0024420214437660404,0.9935809362060829,1.0051332973184264,0.011493362266640439,0.0,0.00016939373481997906,0.5181433808731324,0.0,1.0,1.0839564780575606
2025-06-22,-0.01440746073841026,0.9768595966519485,1.0051467368440472,0.02814229918401212,0.0,0.00016899943709063758,0.5171383568176189,0.0,1.0,1.0683394176578007
2025-06-23,0.01755451174940692,0.9994480654591444,1.019288107670815,0.01946460678032158,0.0,0.00016672311726661444,0.5170404286500964,0.0,1.0,1.0870935945174292
2025-06-24,0.0019127489222363625,0.9954765923606756,1.0036164374238261,0.008110513897166216,0.0,0.00016956912336929699,0.5181298064073405,0.0,1.0,1.0891729316187124
2025-06-25,-0.0014655356300617983,0.993681193676853,1.001949728931739,0.00825244522367563,0.02514838345555677,0.00019813702863711945,0.5172192016691667,0.0,1.0,1.0875767098801263
2025-06-26,-0.003941824076591827,0.9947980738340246,1.002538700954523,0.006464114577267255,0.0,0.00016151780844147483,0.493068295254895,0.0,1.0,1.0832896738199804
2025-06-27,0.0038150834213297458,0.9991161819893933,1.004357264355784,0.005218344659210894,0.0,0.0001609100980009189,0.4921438842393687,0.0,1.0,1.0874225142950686
2025-06-28,0.002539001789398476,0.9992982798073798,1.005959763881529,0.006622018408018238,0.0,0.00016159986228381456,0.4950406193669803,0.0,1.0,1.090183482004696
2025-06-29,0.003788775590855442,0.9992991719497305,1.0037887755908554,0.0044726577446357885,0.0,0.00016207561333447503,0.4953915717958627,0.0,1.0,1.0943139425708692
2025-06-30,0.005025525999203806,0.9980481799175719,1.0066356827872727,0.00853089455951217,0.0,0.0001627569845735894,0.4988796047614721,0.0,1.0,1.0998134457405504
2025-07-01,-0.0019436977698553681,0.9962761851569236,1.0007264778399767,0.0037238148430763784,0.0,0.00016360982109766685,0.4986045904380457,0.0,1.0,1.0976757407988076
2025-07-02,0.00982469751510684,0.998944836206295,1.0112515645720002,0.012169799085466781,0.0,0.0001633718831465562,0.5030183621992901,0.0,1.0,1.1084600729218268
2025-07-03,0.0044271109265612285,0.9948894628003766,1.0053102264938008,0.01036571937576758,0.0,0.0001650608695184153,0.5051092068700318,0.0,1.0,1.113367348622316
2025-07-04,-0.011967218159313897,0.98340676913254,1.0,0.016593230867460007,1.190935352980611,0.0019525465549842798,0.6874581642538098,0.0,1.0,1.1000434386698958
2025-07-05,0.001129929265827334,0.9983316854642125,1.0025387732286875,0.0041964339702552644,0.0,0.00022469914457941555,0.6849525345248151,0.0,1.0,1.1012864099449302
2025-07-06,0.005981949569426215,0.9972947470425731,1.009052294558295,0.0030428006610031533,0.014955902474583805,0.0002416672661686531,0.6845091827611987,0.0,1.0,1.1078742497107152
2025-07-07,-0.006008570150442538,0.9893794657180063,1.0028313866010803,0.013413940830738214,0.0,0.00022070094037627652,0.672905299584777,0.0,1.0,1.1012175095634595
2025-07-08,-0.00018121659035719162,0.9957349381054582,1.0022690905921539,0.004265061894541788,1.451041808735262,0.002360907884386543,0.7831380562684663,0.0,1.0,1.1010179506811348
2025-07-09,0.012533875717296583,0.9937510585312479,1.0174777077002335,0.02331908501721791,1.4865876878707396,0.0023870759076429523,0.7826065815780965,0.0,1.0,1.1148179728374847
2025-07-10,0.030218165429955812,0.9950871763156789,1.0356886533900376,0.03920239633934486,0.0,0.00023300611955767023,0.7194575463860786,0.0,1.0,1.1485057267649759
2025-07-11,0.008575231906881697,0.9951207505243066,1.016408972732693,0.020944543760914813,0.040936843063996364,0.0002818048198781465,0.7179678753782175,0.0,1.0,1.1583544297183672
2025-07-12,-0.0029647600882041214,0.993171235013496,1.000612114849355,0.007436327949096655,0.9702369804426187,0.0015022202899571608,0.6800563945730843,0.0,1.0,1.1549201867371437
2025-07-13,0.00273073530343515,0.9992375807112458,1.0074760786830326,0.008177363359888612,0.0,9.504385259800324e-05,0.2946572695001805,0.0,1.0,1.1580739680637167
2025-07-14,0.002475686469818994,0.9974775765880538,1.0205074358404842,0.017669395378598463,0.9274941758473494,0.001554069764277784,0.644744925628292,0.0,1.0,1.1609409961175017
2025-07-15,-0.01130566737804961,0.9779282193163616,1.0003210766151032,0.022385669783660633,0.0,0.00020972644128557563,0.6386806125626316,0.0,1.0,1.1478157833698557
2025-07-16,0.026097919681590476,0.9940431625025004,1.0324590727152807,0.03720816759520529,1.0068275313908277,0.0015823137643603226,0.6344315870028379,0.0,1.0,1.177771387493504
2025-07-17,0.011408125307417638,0.9932132523840009,1.0165094813100877,0.022917866831957623,0.020262754560431896,0.00015071625198774579,0.38956609489975086,0.0,1.0,1.1912075510655211
2025-07-18,0.006592051079855166,0.9980746709424366,1.0188430244144107,0.02038425250436482,0.04096090286420702,0.0001696605681281503,0.3765669384325492,0.0,1.0,1.1990600520888541
2025-07-19,0.004212071306671561,0.9960400674201486,1.005774168740507,0.009678217658490973,0.0,0.00011174534720450039,0.3440243599362926,0.0,1.0,1.2041105785292336
2025-07-20,0.015612736382168757,0.9986573873853943,1.0220936979524045,0.02292970851298759,0.0,0.00011269103332988045,0.3573159189603214,0.0,1.0,1.2229100395667913
2025-07-21,0.00037414256300416504,0.9948582261534227,1.0091598496035101,0.014171811785522737,0.015289298188773146,0.00013319467576470727,0.35321473877439946,0.0,1.0,1.2233675822633183
2025-07-22,-0.0015606471652076515,0.9867795130457193,1.0031547226083637,0.013220486954280686,0.0,0.00011114763223749208,0.3404978943493004,0.0,1.0,1.2214583371140522
2025-07-23,-0.011628829502496552,0.978518800330097,1.0015909911061738,0.023035541434528573,0.02700661024290584,0.00015888167678836983,0.36555811580038955,0.0,1.0,1.20725420636735
2025-07-24,0.007622897875097845,0.9875377142767,1.0139272580167675,0.026027058185303265,0.0,0.00011731325731417688,0.3660191550131602,0.0,1.0,1.2164569818917705
2025-07-25,0.001641042764386924,0.9868735133924066,1.0037936641093503,0.01312745047461461,0.0,0.0001189497072871477,0.364582060534807,0.0,1.0,1.218453239820092
2025-07-26,0.001454460272530378,0.9972186767453464,1.0065151684921634,0.009236315594472133,0.0,0.00011933210946989469,0.36745694409306245,0.0,1.0,1.2202254316513463
2025-07-27,0.012635429571948853,0.9988969159371978,1.013387104449768,0.014298769393200406,0.0,0.00011967510353539203,0.37277685436854247,0.0,1.0,1.235643504154878
2025-07-28,-0.007411998628531258,0.9881143601796987,1.006704824687721,0.018466648864813973,0.012630663535607612,0.00014478660555843938,0.3891821560226295,0.0,1.0,1.2264849161967284
2025-07-29,-0.0006468245454936961,0.9915659990769845,1.0086326853114504,0.00920008838904407,0.0,0.0001250086107426641,0.38592111730940154,0.0,1.0,1.2256915956482546
2025-07-30,0.0014996714897672625,0.9882353645620428,1.0039079925738112,0.015611617924853105,0.0,0.00012491797225316719,0.38275618028152164,0.0,1.0,1.2275297303894956
2025-07-31,-0.011294228450837607,0.9872987682152666,1.0067466364876207,0.019317539853129784,0.0,0.00012526386363266232,0.3855426690446578,0.0,1.0,1.2136657291842816
2025-08-01,-0.021397259265192314,0.9728891821778315,1.002471144258389,0.02711081782216851,0.0,0.00012298339112935233,0.3759956848217582,0.0,1.0,1.1876966089156469
2025-08-02,-0.00986761292396443,0.9874794699816279,1.005000099837092,0.017433460810903578,0.0,0.00011853033279971691,0.3640742619605979,0.0,1.0,1.1759768785077622
2025-08-03,0.010621838954767204,0.9957407065002526,1.0132385199037044,0.017269194824052647,0.0,0.0001164764764002792,0.363073712849386,0.0,1.0,1.1884679155258016
2025-08-04,0.02164133351139652,0.9992731070458345,1.02317036975116,0.001494410202804608,0.021739618461251425,0.00014312699584393822,0.361425256648667,0.0,1.0,1.2141879460532896
2025-08-05,-0.00995759446777933,0.984095460000338,1.0,0.015904539999662015,0.0185317601939032,0.0001370278290214105,0.35381243981027394,0.0,1.0,1.202097554878825
2025-08-06,0.006164878083377623,0.9956668733234106,1.0075123805412343,0.01175718278663751,0.010409202658943762,0.00011967805609460204,0.32873411587691526,0.0,1.0,1.2095083397489794
2025-08-07,0.01977686255637967,0.996768806078767,1.0213061783249922,0.0032311939212330554,0.0,0.00010599422913154072,0.33685501446538363,0.0,1.0,1.23342861994499
2025-08-08,0.008409186486050935,0.997286299069456,1.0136914843711522,0.016183607689940538,0.0,0.00011034413267883518,0.34493961730757844,0.0,1.0,1.24380075122734
2025-08-09,0.020211377136277076,0.9996366098230198,1.0255237643972064,0.02524286171896062,0.01671387615218653,0.00013094651413138742,0.3417269091859925,0.0,1.0,1.2689396772927803
2025-08-10,-0.0008889829386387049,0.9917412789268734,1.0053114234118439,0.008259508528946635,0.01625148167797668,0.00012937354188737412,0.3382997119973652,0.0,1.0,1.2678116115695053
2025-08-11,-0.0021126694146114122,0.9937718713821128,1.0083301716177575,0.014438028976448747,0.011688278654039012,0.0001187603870078499,0.3215744672456064,0.0,1.0,1.265133144754253
2025-08-12,0.026733146909483585,0.9995932444344312,1.030326181268596,0.02982835668246797,0.0,0.00010136956269992197,0.32899402486484713,0.0,1.0,1.2989541349730256
2025-08-13,0.010565234983611171,0.9981094060711168,1.0128918224784844,0.0022969752971054858,0.017521497515133353,0.00012696911439743775,0.32664585140703356,0.0,1.0,1.312677890641949
2025-08-14,-0.01217935521232183,0.9821421232662322,1.0021587481288143,0.017858531190640292,0.03410463139482045,0.0001422263299864544,0.3164733998589435,0.0,1.0,1.2966903203324593
2025-08-15,-0.006552272267298154,0.9891461070190227,1.007483518280204,0.018201202231559632,0.0,8.991021290148243e-05,0.27914862517261946,0.0,1.0,1.288194052307271
2025-08-16,-0.001147387463244165,0.9958566967062132,1.0029984269004368,0.007120380254527103,0.0,8.836605337791765e-05,0.2712376815620439,0.0,1.0,1.286715994601428
2025-08-17,0.0029652201941818834,0.9982129524294716,1.009253255920634,0.010939081371693415,0.0,8.811937298918529e-05,0.275009539374071,0.0,1.0,1.290531390852797
2025-08-18,-0.009724948956623791,0.9850058624525889,1.0004886773614992,0.014994733229554247,0.0,8.885903652505088e-05,0.2709094003972628,0.0,1.0,1.2779810389498327
2025-08-19,-0.014584294566181488,0.9849118868999969,1.0024789704683816,0.01752364297495146,0.0,8.65345747520588e-05,0.26529745239488894,0.0,1.0,1.2593425870277937
2025-08-20,0.016065255884471386,0.9989508634775944,1.0186581954061389,0.0025454460911040755,0.0,8.298152739750368e-05,0.2663471077163816,0.0,1.0,1.2795742479346073
2025-08-21,-0.006364874191399528,0.9924444598122676,1.0001222804502325,0.007676881905389066,0.01978679863468431,0.0001090834953991812,0.26447486814459154,0.0,1.0,1.2714299188279488
2025-08-22,0.0343803210752367,0.9989040339190861,1.0375333649743683,0.037231892832898406,0.0,7.883682598867642e-05,0.2675304720540222,0.0,1.0,1.3151420876619158
2025-08-23,-0.0028704566723039004,0.9910144107241651,1.0,0.008985589275834927,0.0163613418458063,0.00010551196704850312,0.26529772600372115,0.0,1.0,1.3113670292813588
2025-08-24,-4.967339943984239e-05,0.9969513378719121,1.0076106502323912,0.010578800807653832,0.03964412012325337,0.0001255736298470859,0.24688009613152476,0.0,1.0,1.3113018892231012
2025-08-25,-0.01758889004137032,0.9805873393073229,1.00070476567836,0.020103258284575043,0.0,6.811406019601269e-05,0.2079484954976764,0.0,1.0,1.288237544482515
2025-08-26,0.00984554280921257,0.9970607257439446,1.0112949213935998,0.014075217178031507,0.0,6.34740712545203e-05,0.20227329503666688,0.0,1.0,1.3009209423751524
2025-08-27,-0.00417203321455617,0.9947271583976013,1.0027012429862627,0.0068547598289085965,0.0,6.607913249961043e-05,0.20334639364483678,0.0,1.0,1.2954934569940515
2025-08-28,0.00013255191783345666,0.9965673740976991,1.0055218048324956,0.00890525764012473,0.0,6.500134150148698e-05,0.20231748172088346,0.0,1.0,1.2956651771363168
2025-08-29,-0.006694505122867067,0.9891275777295041,1.0001781203005857,0.01104857459565356,0.0,6.505750689412487e-05,0.19822700816253652,0.0,1.0,1.2869913399704573
2025-08-30,0.0005341554649056501,0.9953859341284674,1.0023861894237909,0.00698359112404312,0.0,6.330335456766534e-05,0.19466457170150897,0.0,1.0,1.2876787934279887
2025-08-31,0.0007372846663034061,0.9998892754062461,1.0054472694315386,0.005527882161771469,0.0,6.346574436537915e-05,0.1976081696460912,0.0,1.0,1.2886281792575072
2025-09-01,-0.003476611201631563,0.9919382442495456,1.004350220392249,0.012358215183002397,0.0,6.368187291401565e-05,0.19738692631517843,0.0,1.0,1.2841481200947624
2025-09-02,0.00046868416092804566,0.997428272912181,1.0044670574680934,0.0070074817323076966,0.0,6.277883958104184e-05,0.19474300110502563,0.0,1.0,1.2847499799789364
2025-09-03,0.005424517107970761,0.9980216069367811,1.0072031987480974,0.009115927970372306,0.0,6.292383850334093e-05,0.19736922414961794,0.0,1.0,1.2917191282247973
2025-09-04,-0.006796851935176096,0.9917845336951242,1.0013264985058419,0.008215466304875796,0.0,6.437759405905664e-05,0.19707875334530905,0.0,1.0,1.2829395045684187
2025-09-05,0.0003916919214903558,0.9977594539714232,1.0097365973626569,0.011861651268773366,0.02948395684994317,0.00011503278178766848,0.22763095352734367,0.0,1.0,1.283442021608119
2025-09-06,-0.0018280894684534754,0.9962714235587707,1.001045667892642,0.003729086241954338,0.0,7.241608632648485e-05,0.22130273868400815,0.0,1.0,1.2810957747650467
2025-09-07,0.0016223244631428102,0.999808582579932,1.0031515477637698,0.0033324627682527197,0.0,7.197084309665056e-05,0.22158603300718718,0.0,1.0,1.2831741277800768
2025-09-08,-6.319720283343155e-05,0.998535963052434,1.003913099463892,0.0053561771574945904,0.0,7.240988657669414e-05,0.22350849066329168,0.0,1.0,1.283093034764453
2025-09-09,0.00011799017549751767,0.9984120004219312,1.0037920359154011,0.005359711275815915,0.0,7.24173588169434e-05,0.2234379036072605,0.0,1.0,1.2832444271368044
2025-09-10,0.0019352719172847088,0.9986485711476077,1.0072706589499665,0.008559852037531734,0.0,7.247136481347923e-05,0.226283019165372,0.0,1.0,1.2857278540396544
2025-09-11,0.0055202610898392734,0.9993906708142742,1.0066578108851463,0.007219076822621684,0.0,7.29899993306581e-05,0.2273798619461718,0.0,1.0,1.292825407484432
2025-09-12,0.01383818917475943,0.9994453784148797,1.0158331995474428,0.001963915309690756,0.01895208050451609,0.00010812610592088407,0.2573249298160953,0.0,1.0,1.310715770043137
2025-09-13,-0.0039895495823243365,0.9910428352580026,1.004312414774399,0.01321260129934465,0.12457200969090033,0.0003056410768752492,0.3834001711672087,0.0,1.0,1.3054866044902156
2025-09-14,-0.004716558349917022,0.993258307933231,1.0017308510594953,0.008457903754589546,0.03585683923143094,0.00016449250565550035,0.3782611810699679,0.0,1.0,1.2993292007451025
2025-09-15,-0.006064585859369975,0.9896786986584972,1.0047386542991292,0.014988928291145731,0.0,0.00011152436932927755,0.34267912678466894,0.0,1.0,1.2914493072475972
2025-09-16,-0.001775397448538274,0.9924918527775679,1.000965997707926,0.008465966825808802,0.0,0.00011023724121623699,0.3362859864089849,0.0,1.0,1.2891564714425934
2025-09-17,0.006520991480995164,0.9932555223254825,1.0084707249187406,0.015087401366543518,0.0,0.00010988541846761143,0.3401624359379631,0.0,1.0,1.2975630498105404
2025-09-18,-0.00032320847735423097,0.9971697804390923,1.0038706460472828,0.004177684187848585,0.0,0.0001113379060628629,0.3415442506589854,0.0,1.0,1.29714366643294
2025-09-19,-0.008904187557397414,0.9886670063913177,1.0023300558169408,0.01363128776427569,0.0,0.00011130411177561425,0.3404300291759994,0.0,1.0,1.2855936559381311
2025-09-20,0.0007720614773170098,0.9988370423102365,1.0028799433501203,0.0040312911497446535,0.0,0.00010938930229650442,0.33497830298129655,0.0,1.0,1.286586213275364
2025-09-21,-0.0027489282569369555,0.9971044007018331,1.00121118985627,0.0041018210703641644,0.0,0.0001095941194463636,0.3344932462992922,0.0,1.0,1.2830494800787058
2025-09-22,-0.018466567989093186,0.9724192403339257,1.0006965276829871,0.02758148564975127,0.0,0.00010902702095858587,0.33242450813205454,0.0,1.0,1.2593559596214616
2025-09-23,-0.0027534173591364786,0.9934533637152181,1.002173127453658,0.008700855670112806,0.0,0.00010493356183666835,0.3209715601411139,0.0,1.0,1.2558884270609079
2025-09-24,-0.0009776664310769956,0.9929914947366951,1.0031478941157195,0.007008505263304876,0.0,0.00010435040305376105,0.319862411200541,0.0,1.0,1.2546605871045924
2025-09-25,-0.02136292939896478,0.9741051250973024,1.0005241685964883,0.026405202721135557,0.0,0.00010416549205132006,0.3175156188034739,0.0,1.0,1.2278573615626134
2025-09-26,0.012217451037969562,0.9993772279559137,1.015030613710908,0.0027715052481556146,0.0,9.930230637481834e-05,0.3126820521650477,0.0,1.0,1.2428586487591151
2025-09-27,-0.0011703162949766588,0.9953306255848984,1.000419674212032,0.005086913780600999,0.0,0.00010210163539638067,0.3111630414809151,0.0,1.0,1.2414041110301197
2025-09-28,0.009449250719014035,0.9958563806815104,1.0096591315461145,0.013670703738862477,0.0,0.00010187007682579776,0.31676781369150564,0.0,1.0,1.2531344497188581
2025-09-29,0.005469198757782401,0.9953164684754242,1.0070583815809282,0.011659615093090103,0.0,0.00010402488991167744,0.32151876302465215,0.0,1.0,1.2599880910945949
2025-09-30,-0.005420876810461106,0.9905460510517997,1.002170117590166,0.011598895571061085,0.0,0.00010528013052268788,0.3220229672933592,0.0,1.0,1.253157850870123
2025-10-01,0.015403712954673576,0.9982089077381607,1.015971649841798,0.017483501735903073,0.0,0.00010409803588492146,0.3276903884613848,0.0,1.0,1.2724611346918222
2025-10-02,0.010154465417620218,0.9987406982726548,1.0125927447859453,0.013679780528369045,0.0,0.00010753654255453688,0.3357861632721337,0.0,1.0,1.285382297279316
2025-10-03,0.002015575394652691,0.9956908899632161,1.0078819502875795,0.012095722441388013,0.0,0.00010979315141273067,0.33949873589249036,0.0,1.0,1.2879730822104345
2025-10-04,-0.002023120754345409,0.994470233026915,1.0002660535958732,0.005530506581290506,0.0,0.00011026933095739648,0.3359187326192134,0.0,1.0,1.2853673571367763
2025-10-05,0.0019149241006832796,0.9983922263827432,1.009654127781836,0.011154217161311375,0.0,0.00010986314548317087,0.3408686544987659,0.0,1.0,1.2878287380671891
2025-10-06,0.012511305333887668,0.997950584132877,1.0163731394407352,0.018125779394362218,0.0,0.00011031696177802447,0.3465860077807728,0.0,1.0,1.303941156626903
2025-10-07,-0.017472706910294566,0.9812586151550738,1.005101973420468,0.023722327580606217,0.0,0.00011304945997532937,0.3475357169355852,0.0,1.0,1.2811577749688907
2025-10-08,-0.00034823982278209265,0.9907741986938718,1.0051724164478502,0.01432412740180422,0.6014801720364839,0.000960537371277192,0.3325446090844218,0.0,1.0,1.2807116248123795
2025-10-09,-0.010407636310955981,0.983459537966989,1.0023946621369244,0.018889889267336146,0.010614247179641474,0.00010045070265100577,0.2695117721720443,0.0,1.0,1.2673824440021189
2025-10-10,-0.02972012398637036,0.9702798760136296,1.004553956401545,0.03411870529154071,0.22860968807336524,0.0004140153942783929,0.2546814655861217,0.0,1.0,1.2297156806282268
2025-10-11,0.0,1.0,1.0,0.0,0.0,0.0,0.0,0.0,0.0,1.2297156806282268
2025-10-12,0.0,1.0,1.0,0.0,0.0,0.0,0.0,0.0,0.0,1.2297156806282268
2025-10-13,0.0,1.0,1.0,0.0,0.0,0.0,0.0,0.0,0.0,1.2297156806282268
2025-10-14,-0.012372990631107195,0.9784497828399338,1.0030003697610155,0.024477146431093888,0.18135073776215138,0.00032255559251847827,0.18412121571614132,0.0,1.0,1.2145004200328882
2025-10-15,-0.006574051166940653,0.9914897785710538,1.0019635377026654,0.010453233812905305,0.0,5.6320265070134546e-05,0.17310124833515828,0.0,1.0,1.206516232129321
2025-10-16,-0.002587500237483331,0.9941970348090156,1.0045759045900988,0.010331593395442096,0.0,5.45362821054965e-05,0.16984804109992088,0.0,1.0,1.2033943710921589
2025-10-17,-0.010601359707902436,0.9822195151291633,1.0015881219994527,0.019337895932336258,0.0,5.384341667585116e-05,0.16526540330052075,0.0,1.0,1.190636754493746
2025-10-18,0.0030280197924479335,0.9996973268426226,1.0086158287291227,0.00884231798913726,0.0,5.091791269022909e-05,0.16225022325784627,0.0,1.0,1.194242026151969
2025-10-19,0.002465392537607025,0.9964299670990229,1.0059100856416554,0.003570032900977127,0.0,5.177230531768213e-05,0.16258414117380043,0.0,1.0,1.1971863015313409
2025-10-20,-0.0014468164881277223,0.9968264390549474,1.004742123436234,0.007878324394537062,0.0,5.247033916089883e-05,0.16372478545418603,0.0,1.0,1.1954541926509248
2025-10-21,-0.0062528773082913824,0.9930698345344064,1.002014361326692,0.00892654550424099,0.0,5.2087997334748104e-05,0.16028520639345498,0.0,1.0,1.187979164256596
2025-10-22,0.0020754900412414123,0.9993826432600488,1.0038127169900126,0.00441324726712744,0.0,5.036530675460451e-05,0.15656554461907496,0.0,1.0,1.190444803181213
2025-10-23,0.007893634384531278,0.9999504886501367,1.0129845410512468,0.005025650896342659,0.0,5.095837864155956e-05,0.16598362070666373,0.0,1.0,1.1998417392124907
2025-10-24,-0.002595895151064731,0.9957357411731248,1.0024522689488917,0.00670009733511745,0.0,5.314817930087054e-05,0.1638745268901502,0.0,1.0,1.196727075859624
2025-10-25,0.0010300595744019425,0.9987887489028384,1.0016576841426754,0.0028641873219317215,0.0,5.2448930781159304e-05,0.16108574647667154,0.0,1.0,1.1979597760420593
2025-10-26,0.003062010727626907,0.9996524543074028,1.0038040314416024,0.004135844252624921,0.0,5.275064150231348e-05,0.16379347163972469,0.0,1.0,1.2016279417275655
2025-10-27,4.531098567417402e-05,0.9989786866689956,1.0063131624809944,0.007288462563598164,0.0,5.3609817888775845e-05,0.16847802634306366,0.0,1.0,1.2016823886740189
2025-10-28,-0.005132777964039104,0.9906453587458958,1.001388531409987,0.009354641254104235,0.0,5.363988706060951e-05,0.1644801916253854,0.0,1.0,1.195514419789659
2025-10-29,0.0005601712563387817,0.9969419055386869,1.0025270898961616,0.00557110567261887,0.0,5.223930917375224e-05,0.16117542172319738,0.0,1.0,1.1961841126041637
2025-10-30,-0.004178467548980103,0.9906988858185888,1.0030943369193295,0.012357213718112714,0.0,5.241115260241317e-05,0.1621713809143053,0.0,1.0,1.1911858961070416
2025-10-31,0.0013732389027927283,0.9988467236425208,1.0036915010448741,0.004826958679344906,0.0,5.1270199572947824e-05,0.15920750607667286,0.0,1.0,1.1928216789200339
2025-11-01,0.0007614284111112646,0.9989229376852043,1.0011080409595934,0.0021826847702617336,0.0,5.166685886955909e-05,0.15824536715421067,0.0,1.0,1.193729927235753
2025-11-02,-0.0016797344497119227,0.9966592342929174,1.0000043867295685,0.003345137762436501,0.0,5.189488019552852e-05,0.15800941496320095,0.0,1.0,1.191724777953323
2025-11-03,-0.01301945949247052,0.9821581915236642,1.000525327671444,0.017841808476335763,0.0,5.1446082921150715e-05,0.15708326845797588,0.0,1.0,1.1762091654805864
2025-11-04,-0.012345295529863298,0.9876547044701367,1.001208833214559,0.013537763845834605,0.1350526334015166,0.00024363429710863973,0.14659496742394248,0.0,1.0,1.1616885157277947
2025-11-05,0.0,1.0,1.0,0.0,0.0,0.0,0.0,0.0,0.0,1.1616885157277947
2025-11-06,0.0,1.0,1.0,0.0,0.0,0.0,0.0,0.0,0.0,1.1616885157277947
2025-11-07,0.0,1.0,1.0,0.0,0.0,0.0,0.0,0.0,0.0,1.1616885157277947
2025-11-08,0.0,1.0,1.0,0.0,0.0,0.0,0.0,0.0,0.0,1.1616885157277947
2025-11-09,0.0,1.0,1.0,0.0,0.0,0.0,0.0,0.0,0.0,1.1616885157277947
2025-11-10,0.0,1.0,1.0,0.0,0.0,0.0,0.0,0.0,0.0,1.1616885157277947
2025-11-11,0.0,1.0,1.0,0.0,0.0,0.0,0.0,0.0,0.0,1.1616885157277947
2025-11-12,0.0,1.0,1.0,0.0,0.0,0.0,0.0,0.0,0.0,1.1616885157277947
2025-11-13,0.0,1.0,1.0,0.0,0.0,0.0,0.0,0.0,0.0,1.1616885157277947
2025-11-14,0.0,1.0,1.0,0.0,0.0,0.0,0.0,0.0,0.0,1.1616885157277947
2025-11-15,0.0,1.0,1.0,0.0,0.0,0.0,0.0,0.0,0.0,1.1616885157277947
2025-11-16,0.0,1.0,1.0,0.0,0.0,0.0,0.0,0.0,0.0,1.1616885157277947
2025-11-17,0.0,1.0,1.0,0.0,0.0,0.0,0.0,0.0,0.0,1.1616885157277947
2025-11-18,0.0,1.0,1.0,0.0,0.0,0.0,0.0,0.0,0.0,1.1616885157277947
2025-11-19,0.0,1.0,1.0,0.0,0.0,0.0,0.0,0.0,0.0,1.1616885157277947
2025-11-20,0.0,1.0,1.0,0.0,0.0,0.0,0.0,0.0,0.0,1.1616885157277947
2025-11-21,0.0,1.0,1.0,0.0,0.0,0.0,0.0,0.0,0.0,1.1616885157277947
2025-11-22,0.0,1.0,1.0,0.0,0.0,0.0,0.0,0.0,0.0,1.1616885157277947
2025-11-23,0.0,1.0,1.0,0.0,0.0,0.0,0.0,0.0,0.0,1.1616885157277947
2025-11-24,0.0,1.0,1.0,0.0,0.0,0.0,0.0,0.0,0.0,1.1616885157277947
2025-11-25,0.0,1.0,1.0,0.0,0.0,0.0,0.0,0.0,0.0,1.1616885157277947
2025-11-26,0.0,1.0,1.0,0.0,0.0,0.0,0.0,0.0,0.0,1.1616885157277947
2025-11-27,0.0,1.0,1.0,0.0,0.0,0.0,0.0,0.0,0.0,1.1616885157277947
2025-11-28,0.0,1.0,1.0,0.0,0.0,0.0,0.0,0.0,0.0,1.1616885157277947
2025-11-29,0.0,1.0,1.0,0.0,0.0,0.0,0.0,0.0,0.0,1.1616885157277947
2025-11-30,0.0,1.0,1.0,0.0,0.0,0.0,0.0,0.0,0.0,1.1616885157277947
2025-12-01,0.0,1.0,1.0,0.0,0.0,0.0,0.0,0.0,0.0,1.1616885157277947
2025-12-02,0.0,1.0,1.0,0.0,0.0,0.0,0.0,0.0,0.0,1.1616885157277947
2025-12-03,0.0,1.0,1.0,0.0,0.0,0.0,0.0,0.0,0.0,1.1616885157277947
2025-12-04,0.0,1.0,1.0,0.0,0.0,0.0,0.0,0.0,0.0,1.1616885157277947
2025-12-05,-0.006829455413838392,0.9880761920232554,1.0024347331527612,0.011923807976744638,0.3423831036901182,0.0006089986350015422,0.3445878002638833,0.0,1.0,1.1537548158048636
2025-12-06,0.002497542415566656,0.9977588961585014,1.005378271587202,0.007578615575878467,0.0,0.00011120301778941243,0.3421236262232882,0.0,1.0,1.1566363673945006
2025-12-07,0.0014128831578996692,0.9921884744085101,1.0058569541502527,0.013588890234685236,0.0,0.00011178092288184074,0.34418603725537533,0.0,1.0,1.1582705594378064
2025-12-08,0.0009372263536644443,0.9978120681974905,1.0071074104055981,0.009229742639232597,0.0,0.00011212424772981289,0.3460357822243348,0.0,1.0,1.1593561211307852
2025-12-09,-4.374363922832192e-05,0.9940396459371447,1.0116598607425598,0.017417133454797562,0.0,0.00011236369258721219,0.3496992610569457,0.0,1.0,1.1593054066748854
2025-12-10,-0.0015877952260421324,0.9949200319439946,1.006635585553686,0.011638326498508822,0.0,0.00011239032954013337,0.34653656837408,0.0,1.0,1.1574646670846422
2025-12-11,-0.0029835795567348944,0.9869470920704646,1.0003728632341986,0.013052907929535396,0.0,0.00011208356267099297,0.3415119534252331,0.0,1.0,1.1540112791662855
2025-12-12,-0.001769823101735124,0.9940172808005316,1.0037797100306425,0.009725669021356076,0.0,0.00011147357451243637,0.3418940855224196,0.0,1.0,1.1519688833447541
2025-12-13,0.005735998586983815,0.9994054504901156,1.0085751534910337,0.002815015712237856,0.0,0.00011112541067813084,0.34397209558374736,0.0,1.0,1.1585765752318689
2025-12-14,-0.0004960742225444958,0.9995039257774555,1.0,0.0004960742225444958,0.34212015347902625,0.000496074222544588,0.34212015347902625,0.0,1.0,1.1580018352580523
2025-12-15,0.0,1.0,1.0,0.0,0.0,0.0,0.0,0.0,0.0,1.1580018352580523
2025-12-16,0.0,1.0,1.0,0.0,0.0,0.0,0.0,0.0,0.0,1.1580018352580523
2025-12-17,0.0,1.0,1.0,0.0,0.0,0.0,0.0,0.0,0.0,1.1580018352580523
2025-12-18,0.0,1.0,1.0,0.0,0.0,0.0,0.0,0.0,0.0,1.1580018352580523
2025-12-19,0.0,1.0,1.0,0.0,0.0,0.0,0.0,0.0,0.0,1.1580018352580523
2025-12-20,0.0,1.0,1.0,0.0,0.0,0.0,0.0,0.0,0.0,1.1580018352580523
2025-12-21,0.0,1.0,1.0,0.0,0.0,0.0,0.0,0.0,0.0,1.1580018352580523
2025-12-22,0.0,1.0,1.0,0.0,0.0,0.0,0.0,0.0,0.0,1.1580018352580523
2025-12-23,0.0,1.0,1.0,0.0,0.0,0.0,0.0,0.0,0.0,1.1580018352580523
2025-12-24,0.0,1.0,1.0,0.0,0.0,0.0,0.0,0.0,0.0,1.1580018352580523
2025-12-25,0.0,1.0,1.0,0.0,0.0,0.0,0.0,0.0,0.0,1.1580018352580523
2025-12-26,0.0,1.0,1.0,0.0,0.0,0.0,0.0,0.0,0.0,1.1580018352580523
2025-12-27,0.0,1.0,1.0,0.0,0.0,0.0,0.0,0.0,0.0,1.1580018352580523
2025-12-28,0.0,1.0,1.0,0.0,0.0,0.0,0.0,0.0,0.0,1.1580018352580523
2025-12-29,0.0,1.0,1.0,0.0,0.0,0.0,0.0,0.0,0.0,1.1580018352580523
2025-12-30,0.0,1.0,1.0,0.0,0.0,0.0,0.0,0.0,0.0,1.1580018352580523
2025-12-31,0.0,1.0,1.0,0.0,0.0,0.0,0.0,0.0,0.0,1.1580018352580523
2026-01-01,0.0,1.0,1.0,0.0,0.0,0.0,0.0,0.0,0.0,1.1580018352580523
2026-01-02,0.0,1.0,1.0,0.0,0.0,0.0,0.0,0.0,0.0,1.1580018352580523
2026-01-03,0.0,1.0,1.0,0.0,0.0,0.0,0.0,0.0,0.0,1.1580018352580523
2026-01-04,0.008658990017750723,0.9990147028761788,1.0128783656421885,0.0136873915331579,0.49963776262209897,0.0008887458030299696,0.5068770076173756,0.0,1.0,1.1680289615900887
2026-01-05,0.008223005455931132,0.9971055133113322,1.0117409137207534,0.014465561499928281,0.0,0.00016585271402989977,0.5107245914005895,0.0,1.0,1.1776336701139296
2026-01-06,0.003931477310032516,0.9894042589494474,1.0074486521941004,0.01059574105055261,0.0,0.00016723364389697182,0.5128135198992435,0.0,1.0,1.1822635101675127
2026-01-07,-0.009622086666165375,0.9862071870558985,1.0012512036432841,0.015025216981157774,0.011468947509351365,0.00018078474077914684,0.5111067101314504,0.0,1.0,1.170887668210436
2026-01-08,-0.0045827769852907485,0.9859831495092685,1.002421307889961,0.016398452677840458,0.0,0.00016261577753767703,0.49634112620219517,0.0,1.0,1.1655217511522005
2026-01-09,0.0023786839584583053,0.9959830237715253,1.0046983534563096,0.004022477034856919,0.0,0.00016190554974214783,0.4953302391100095,0.0,1.0,1.1682941590449005
2026-01-10,0.005937122361060698,0.9998100954749354,1.0103340355401325,0.010416297674828767,0.0,0.00016235404918465076,0.4994969216414878,0.0,1.0,1.1752304644208627
2026-01-11,-0.002140727081412108,0.9948083631836694,1.0049853654951206,0.010126517918434885,0.0,0.0001633870198223486,0.4999654834293766,0.0,1.0,1.1727146167387763
2026-01-12,0.0006383289664322334,0.9941721137318089,1.0033993699367338,0.009195995613896724,0.0,0.00016308650407294425,0.49826322219472197,0.0,1.0,1.1734631944479992
2026-01-13,0.020654776937453434,0.9979003197689419,1.025718027652626,0.027120229082202574,0.0,0.00016324650514904564,0.5096528003584224,0.0,1.0,1.1977008149736341
2026-01-14,0.0023809330876911616,0.9916477898789647,1.0057185805251567,0.008352210121035264,0.0,0.0001666432172344153,0.5101879652374666,0.0,1.0,1.2005524604731594
2026-01-15,-0.009427028992794129,0.9867392358824069,1.0000366668047866,0.013296943365953218,0.0,0.00016708325701647733,0.5087421255155078,0.0,1.0,1.1892348176209087
2026-01-16,0.003601771781747365,0.9957693129716358,1.0042892094243765,0.0042360769937487275,0.0,0.00016560211926547913,0.5063318152431918,0.0,1.0,1.193518170028887
2026-01-17,0.004666306035906009,0.9983990953133225,1.0113542073233446,0.01280966837949793,0.0,0.00016624109453006598,0.5117041217109002,0.0,1.0,1.1990874910696563
2026-01-18,-0.00801030549362014,0.9915548526404082,1.0031667409872829,0.011575232583415418,0.0,0.00016704754861488003,0.5101718205616048,0.0,1.0,1.1894824339526098
2026-01-19,-0.00498768498099067,0.9827817193085786,1.0,0.017218280691421395,0.0,0.00016579968099338465,0.5047364641683594,0.0,1.0,1.1835496702816322
2026-01-20,-0.021594286962507425,0.9782969351272742,1.0050182287724139,0.026587869632751282,0.0,0.00016503864949104715,0.5049855239244693,0.0,1.0,1.1579917590671895
2026-01-21,-0.000628434265239286,0.9889096467014289,1.0051139474358404,0.01612185441834768,0.0,0.00016148447280445435,0.4942689562652838,0.0,1.0,1.157264037366927
2026-01-22,-0.0007180307594988333,0.9992819692405012,1.0,0.0007180307594988333,0.491360200115545,0.0007124722901675403,0.491360200115545,0.0,1.0,1.1564330861912357
2026-01-23,0.0,1.0,1.0,0.0,0.0,0.0,0.0,0.0,0.0,1.1564330861912357
2026-01-24,0.0,1.0,1.0,0.0,0.0,0.0,0.0,0.0,0.0,1.1564330861912357
2026-01-25,0.0,1.0,1.0,0.0,0.0,0.0,0.0,0.0,0.0,1.1564330861912357
2026-01-26,0.0,1.0,1.0,0.0,0.0,0.0,0.0,0.0,0.0,1.1564330861912357
2026-01-27,0.0,1.0,1.0,0.0,0.0,0.0,0.0,0.0,0.0,1.1564330861912357
2026-01-28,0.0,1.0,1.0,0.0,0.0,0.0,0.0,0.0,0.0,1.1564330861912357
2026-01-29,0.0,1.0,1.0,0.0,0.0,0.0,0.0,0.0,0.0,1.1564330861912357
2026-01-30,0.0,1.0,1.0,0.0,0.0,0.0,0.0,0.0,0.0,1.1564330861912357
2026-01-31,0.0,1.0,1.0,0.0,0.0,0.0,0.0,0.0,0.0,1.1564330861912357
2026-02-01,0.0,1.0,1.0,0.0,0.0,0.0,0.0,0.0,0.0,1.1564330861912357
2026-02-02,0.0,1.0,1.0,0.0,0.0,0.0,0.0,0.0,0.0,1.1564330861912357
2026-02-03,0.0,1.0,1.0,0.0,0.0,0.0,0.0,0.0,0.0,1.1564330861912357
2026-02-04,0.0,1.0,1.0,0.0,0.0,0.0,0.0,0.0,0.0,1.1564330861912357
2026-02-05,0.0,1.0,1.0,0.0,0.0,0.0,0.0,0.0,0.0,1.1564330861912357
2026-02-06,0.0,1.0,1.0,0.0,0.0,0.0,0.0,0.0,0.0,1.1564330861912357
2026-02-07,0.0,1.0,1.0,0.0,0.0,0.0,0.0,0.0,0.0,1.1564330861912357
2026-02-08,0.0,1.0,1.0,0.0,0.0,0.0,0.0,0.0,0.0,1.1564330861912357
2026-02-09,0.0,1.0,1.0,0.0,0.0,0.0,0.0,0.0,0.0,1.1564330861912357
2026-02-10,0.0,1.0,1.0,0.0,0.0,0.0,0.0,0.0,0.0,1.1564330861912357
2026-02-11,0.0,1.0,1.0,0.0,0.0,0.0,0.0,0.0,0.0,1.1564330861912357
2026-02-12,0.0,1.0,1.0,0.0,0.0,0.0,0.0,0.0,0.0,1.1564330861912357
2026-02-13,0.0,1.0,1.0,0.0,0.0,0.0,0.0,0.0,0.0,1.1564330861912357
2026-02-14,0.0,1.0,1.0,0.0,0.0,0.0,0.0,0.0,0.0,1.1564330861912357
2026-02-15,0.0,1.0,1.0,0.0,0.0,0.0,0.0,0.0,0.0,1.1564330861912357
2026-02-16,0.0,1.0,1.0,0.0,0.0,0.0,0.0,0.0,0.0,1.1564330861912357
2026-02-17,0.0,1.0,1.0,0.0,0.0,0.0,0.0,0.0,0.0,1.1564330861912357
2026-02-18,0.0,1.0,1.0,0.0,0.0,0.0,0.0,0.0,0.0,1.1564330861912357
2026-02-19,0.0,1.0,1.0,0.0,0.0,0.0,0.0,0.0,0.0,1.1564330861912357
2026-02-20,0.0,1.0,1.0,0.0,0.0,0.0,0.0,0.0,0.0,1.1564330861912357
2026-02-21,0.0,1.0,1.0,0.0,0.0,0.0,0.0,0.0,0.0,1.1564330861912357
2026-02-22,0.0,1.0,1.0,0.0,0.0,0.0,0.0,0.0,0.0,1.1564330861912357
2026-02-23,0.0,1.0,1.0,0.0,0.0,0.0,0.0,0.0,0.0,1.1564330861912357
2026-02-24,0.0,1.0,1.0,0.0,0.0,0.0,0.0,0.0,0.0,1.1564330861912357
2026-02-25,0.0,1.0,1.0,0.0,0.0,0.0,0.0,0.0,0.0,1.1564330861912357
2026-02-26,0.0,1.0,1.0,0.0,0.0,0.0,0.0,0.0,0.0,1.1564330861912357
2026-02-27,0.0,1.0,1.0,0.0,0.0,0.0,0.0,0.0,0.0,1.1564330861912357
2026-02-28,0.0,1.0,1.0,0.0,0.0,0.0,0.0,0.0,0.0,1.1564330861912357
2026-03-01,0.0,1.0,1.0,0.0,0.0,0.0,0.0,0.0,0.0,1.1564330861912357
2026-03-02,0.0,1.0,1.0,0.0,0.0,0.0,0.0,0.0,0.0,1.1564330861912357
2026-03-03,0.0,1.0,1.0,0.0,0.0,0.0,0.0,0.0,0.0,1.1564330861912357
2026-03-04,0.0,1.0,1.0,0.0,0.0,0.0,0.0,0.0,0.0,1.1564330861912357
2026-03-05,0.0,1.0,1.0,0.0,0.0,0.0,0.0,0.0,0.0,1.1564330861912357
2026-03-06,0.0,1.0,1.0,0.0,0.0,0.0,0.0,0.0,0.0,1.1564330861912357
2026-03-07,0.0,1.0,1.0,0.0,0.0,0.0,0.0,0.0,0.0,1.1564330861912357
2026-03-08,0.0,1.0,1.0,0.0,0.0,0.0,0.0,0.0,0.0,1.1564330861912357
2026-03-09,0.0,1.0,1.0,0.0,0.0,0.0,0.0,0.0,0.0,1.1564330861912357
2026-03-10,0.0,1.0,1.0,0.0,0.0,0.0,0.0,0.0,0.0,1.1564330861912357
2026-03-11,0.0,1.0,1.0,0.0,0.0,0.0,0.0,0.0,0.0,1.1564330861912357
2026-03-12,0.0,1.0,1.0,0.0,0.0,0.0,0.0,0.0,0.0,1.1564330861912357
2026-03-13,0.0,1.0,1.0,0.0,0.0,0.0,0.0,0.0,0.0,1.1564330861912357
2026-03-14,0.0,1.0,1.0,0.0,0.0,0.0,0.0,0.0,0.0,1.1564330861912357
2026-03-15,0.00045313289198278817,0.9957569739952326,1.0011240127343755,0.004243026004767447,0.4996377626220989,0.0008887458030299696,0.5010871737849111,0.0,1.0,1.1569571040599662
2026-03-16,-0.005361427098049876,0.9939679969195916,1.0,0.00603200308040841,0.0,0.00016449081066660103,0.5008349837678769,0.0,1.0,1.1507541628909779
2026-03-17,0.018713703851601204,0.999162176273433,1.0198935374123526,0.020326985492543415,0.0,0.00016366070505087114,0.5081746373135869,0.0,1.0,1.172289035501317
2026-03-18,-0.0007360272859664452,0.9992639727140336,1.0,0.0007360272859664452,0.5076050248044666,0.0007360272859664766,0.5076050248044666,0.0,1.0,1.1714261987841486
2026-03-19,-0.0023653886527701395,0.9902508020473959,1.0004240504160562,0.010168936227022307,0.4996377626220989,0.0008887458030299696,0.5007381016306267,0.0,1.0,1.1686553205459869
2026-03-20,0.009868840502326393,0.9985201555252456,1.0118425248461664,0.013166445364555357,0.0,0.00016405491219434996,0.5053639338074425,0.0,1.0,1.1801885935066503
2026-03-21,0.0037431312185698395,0.9965770099324821,1.005860394325823,0.003422990067517895,0.0,0.00016568919540676478,0.507449421530308,0.0,1.0,1.184606194274805
2026-03-22,-0.00292472745346406,0.9931810556824766,1.0110295496427488,0.017653780709554034,0.0,0.00016635083334769576,0.5119596405770659,0.0,1.0,1.1811415440168658
2026-03-23,-0.003908807614720011,0.9884426477847916,1.0024378570537704,0.013961173922652614,0.0,0.00016592981281213448,0.506498402775301,0.0,1.0,1.1765246889555505
2026-03-24,-0.0034327910582649945,0.9964038353543127,1.0063696241870737,0.009740372731596447,0.0,0.00016534632304068136,0.5066617215885464,0.0,1.0,1.1724859255234759
2026-03-25,0.013769777893516855,0.9988515703486209,1.0170485048264613,0.017891904261680303,0.0,0.00016483859453281298,0.5103222422745947,0.0,1.0,1.1886307963012086
2026-03-26,-0.005180087758859142,0.9907771712208905,1.0024202653592116,0.011614982797807594,0.0,0.00016711591800373798,0.5100913278703874,0.0,1.0,1.1824735844634857
2026-03-27,-0.0004914601292458354,0.9938192313248486,1.0092616402351637,0.015300699337702839,0.0,0.00016635678376528696,0.5110433578792735,0.0,1.0,1.1818924458428355
2026-03-28,0.008615774664067155,0.9973941942856531,1.011543143458436,0.01398748957400675,0.0,0.00016633171903938506,0.5120707390024313,0.0,1.0,1.1920753648333806
2026-03-29,0.008179333326699512,0.9969763765392893,1.0122818245446243,0.015119749890027179,0.010937912758266095,0.00018001461398883407,0.5105756753803651,0.0,1.0,1.2018257465928999
2026-03-30,-0.003295679108255123,0.9913830491390764,1.003590672571669,0.008616950860923622,0.0,0.0001655451628852265,0.5058954235800941,0.0,1.0,1.1978649145880906
2026-03-31,-0.010685794747047672,0.9857026187902117,1.002504347116874,0.016759756079844257,0.0,0.00016508635558638848,0.5038891150360655,0.0,1.0,1.1850647759761126
2026-04-01,0.003487220323336926,0.9995191812123483,1.005233157532172,0.0017368480095915073,0.0,0.0001633756587726062,0.5000543314887396,0.0,1.0,1.1891973579473671
2026-04-02,-0.0007966830815476778,0.995723577120127,1.001417696790114,0.004276422879872954,0.0,0.00016400311821564845,0.5000572614028457,0.0,1.0,1.1882499445316692
2026-04-03,-0.00032227396276229836,0.9960369156760615,1.0003109104478771,0.0041207281313951905,0.0,0.00016395190715440917,0.499268975950879,0.0,1.0,1.187867002513293
2026-04-04,0.0037947516699183836,0.9996777261906465,1.004428140205191,0.004729471252740924,0.0,0.00016392667553543846,0.5013239527905402,0.0,1.0,1.1923746628047212
2026-04-05,0.0018861280839292949,0.9990466547712974,1.0031481162228768,0.004088590094773359,0.0,0.0001646026418602587,0.5027393281919403,0.0,1.0,1.194623634142803
2026-04-06,-0.003943802293807086,0.9944816822702909,1.0007797440138995,0.0062931546939075655,0.0,0.0001649652476416254,0.5026657311758618,0.0,1.0,1.1899122747142343
2026-04-07,-0.0015870466310597964,0.9947772292894008,1.0004679278486799,0.005688036968377275,0.0,0.00016437199123996073,0.5007052542441092,0.0,1.0,1.1880238284473925
2026-04-08,0.003635664425764018,0.9984108987997399,1.004110643119039,0.005676410621038963,0.0,0.0001641651204353896,0.5018893057435176,0.0,1.0,1.1923430844174387
2026-04-09,0.0034634976754273072,0.9973111425614758,1.0039367557611159,0.006599632060106275,0.0,0.00016481431485171013,0.5037719139214418,0.0,1.0,1.1964727619186304
2026-04-10,-0.0018946719951452584,0.9946467474953603,1.0006206592844873,0.005353252504639694,0.0,0.00016540774385251266,0.5040111023961253,0.0,1.0,1.1942058384836691
2026-04-11,-0.000637646341352549,0.9969997542330246,1.001094926570771,0.0040906933289276415,0.0,0.00016515246883660266,0.5034699481757149,0.0,1.0,1.1934443574999383
2026-04-12,0.003617442769030088,0.999046836115549,1.0062967639107263,0.007204562366873057,0.0,0.00016512825454027607,0.5058855748912995,0.0,1.0,1.1977615741612162
2026-04-13,-0.0015791227360628657,0.9965364087092982,1.0014046191421155,0.004861382042543161,0.0,0.00016577132008363884,0.5054269136489233,0.0,1.0,1.1958701616270757
2026-04-14,0.005024864834977105,0.9992052302074844,1.005024864834977,0.005790537956937181,0.0,0.00016559405719425825,0.5065938207190704,0.0,1.0,1.201879247549434
2026-04-15,0.005311098510313306,0.9965470410619761,1.0073456118465345,0.01071982709565178,0.0,0.00016643739489743587,0.5103569856408177,0.0,1.0,1.2082625466306702
2026-04-16,-0.0004786966427163808,0.9964078188628803,1.0007666971550448,0.004355538912871326,0.0,0.0001673481932761782,0.5099091627282935,0.0,1.0,1.2076841554060782
2026-04-17,0.0010786642485112186,0.994225717878404,1.0013901618107888,0.0071544980224586,0.0,0.00016732600059921954,0.5101468155144389,0.0,1.0,1.2089868411280082
2026-04-18,0.002411996794654314,0.9978393510110475,1.0033265259513757,0.005468982229015706,0.010356629233450135,0.0001791716145162105,0.5099943918555491,0.0,1.0,1.2119029135135881
2026-04-19,-0.0007728253961899467,0.9967942982757914,1.0106312823913974,0.013691426692101216,0.0,0.00016460631418524445,0.5064323323693677,0.0,1.0,1.2109663241643083
2026-04-20,-0.0007731731420657084,0.995574689901716,1.0057702389044918,0.01013705576919921,0.0,0.00016450868303957393,0.5038268016631766,0.0,1.0,1.2100300375265185
2026-04-21,0.006536254416795506,0.998921748426486,1.0104957975317563,0.011453832003597841,0.0,0.00016448580511391208,0.5059278162641859,0.0,1.0,1.2179391017037564
2026-04-22,-0.005612422396761851,0.9913615540668195,1.0031630458588519,0.008747798567580456,0.0,0.0001655800312083809,0.5057132516740955,0.0,1.0,1.2111035130114622
2026-04-23,-0.0012298509035172378,0.9951184258393857,1.0010524761321686,0.005927811412755002,0.0,0.00016473988751041128,0.5020400281110176,0.0,1.0,1.2096140362617323
2026-04-24,-0.008391062122395931,0.9861246080840064,1.0,0.013875391915993629,0.0,0.00016456743199953354,0.5010605890773487,0.0,1.0,1.199464089739338
2026-04-25,0.000604923741825969,0.9975322912060066,1.0016803451293628,0.004141095453780164,0.0,0.00016323439212878496,0.49785169788779005,0.0,1.0,1.2001896740446891
2026-04-26,-0.000931081664961142,0.9983012245972525,1.0009113833057262,0.0026077820194760903,0.0,0.00016338792717471203,0.4979329667776389,0.0,1.0,1.1990721994447104
2026-04-27,0.0027566671783882946,0.9993756667446149,1.004293485557376,0.00489679449631375,0.0,0.00016328774168859823,0.4993200137959937,0.0,1.0,1.2023776424214376
2026-04-28,-0.003688811008185078,0.9953916328745891,1.0006024508722013,0.005207680625876954,0.0,0.0001638207850859378,0.4990183376207937,0.0,1.0,1.1979422985380779
2026-04-29,0.00014441398104225733,0.9975293585369269,1.0016826818893454,0.004146346370473952,0.0,0.0001632396006182873,0.49786870122505245,0.0,1.0,1.1981152981544687
2026-04-30,0.005066089134936114,0.9996829288594812,1.005681307452131,0.005964492477091521,0.0,0.00016329167622781843,0.5000997538484477,0.0,1.0,1.2041850570488497
2026-05-01,0.00044791398902965796,0.9978464155638578,1.0012130605846685,0.003362566024503022,0.0,0.00016420328748131292,0.5005638059203226,0.0,1.0,1.2047244283812824
2026-05-02,0.004424543641639911,0.9986120330196044,1.011001858292891,0.006505739427973833,0.0,0.00016430566597829606,0.5057834164585256,0.0,1.0,1.210054784190805
2026-05-03,0.012779337604161167,0.9987689331127104,1.0208505488872794,0.02163060577146947,0.0,0.00016508298989076386,0.512869121671116,0.0,1.0,1.2255184827975096
2026-05-04,0.0031407665079064007,0.9963743219469472,1.004644420854786,0.0037754757866829136,0.0,0.00016724790692485103,0.5114234247094819,0.0,1.0,1.2293675502031003
2026-05-05,0.005830259169186558,0.9949765738051307,1.0077369876790883,0.005023426194869285,0.010979956150938736,0.0001800755869157149,0.5106177187730377,0.0,1.0,1.2365350816349723
2026-05-06,0.0020221784046960956,0.9956060434852428,1.0037720333827287,0.008135303262003069,0.0,0.00016516440232402875,0.5048246220617953,0.0,1.0,1.2390355761737037
2026-05-07,0.0037636560640208483,0.9963417807633372,1.0049278717974615,0.008543987359776128,0.0,0.00016557203634105406,0.5065570810931624,0.0,1.0,1.2436988799335074
2026-05-08,0.0015735383896879895,0.9966441739549122,1.0041832019139807,0.007507622060097363,0.0,0.00016623729317422019,0.5082082625296727,0.0,1.0,1.2456558878662947
2026-05-09,-0.00016649925728551285,0.9991097330843843,1.004610367287694,0.005475390641409228,0.0,0.0001665233621303034,0.509355418878471,0.0,1.0,1.2454484870861315
2026-05-10,0.0004125359986872912,0.9973722056209506,1.003018533465319,0.005629335506753708,0.0,0.00016657454945277018,0.5086609827128203,0.0,1.0,1.2459622794215652
2026-05-11,0.0005568460889247007,0.9976624873753854,1.002872333059756,0.005194924132043255,0.0,0.00016671946216367543,0.5089582614921285,0.0,1.0,1.246656088643809
2026-05-12,-0.0030596362861683435,0.9937583410258269,1.0002670237967453,0.006506945261689379,0.0,0.00016686425317152296,0.5081201255461383,0.0,1.0,1.2428417744386218
2026-05-13,0.0007040881440334434,0.998963112653337,1.0036057139618604,0.0046259215585731095,0.0,0.0001663996013147287,0.5084176912969147,0.0,1.0,1.2437168445969136
2026-05-14,0.005777627039975419,0.9992535624663818,1.0083872528694129,0.009057721006528796,0.0,0.00016654482817030517,0.5112580301462869,0.0,1.0,1.2509025766683295
2026-05-15,-0.0025799094092969765,0.9944544622653597,1.000385718916046,0.005928969734906864,0.010352160505130525,0.00017916513379646635,0.5099899231272295,0.0,1.0,1.247675361340669
2026-05-16,0.004225323554303495,0.9953054260507745,1.004650080578281,0.009301402257517855,0.0,0.00016380916709986476,0.5010073488708493,0.0,1.0,1.2529471934330658
2026-05-17,-2.3496394372379825e-05,0.9972976946217998,1.003078282429007,0.005762848133058163,0.0,0.00016450953508016122,0.5024922457483609,0.0,1.0,1.2529177536916811
2026-05-18,0.0003993901871441885,0.997720518259485,1.0042062081896068,0.0064585240334394944,0.0,0.00016458285025781728,0.5032032638227677,0.0,1.0,1.2534181567478042
2026-05-19,0.0008219027386444644,0.9975803524169733,1.002795020325749,0.005200133430141696,0.0,0.0001646792643040433,0.5028669571093761,0.0,1.0,1.254448344563502
2026-05-20,0.003778103455903903,0.9980044330606085,1.0047638520599786,0.006727370800125865,0.0,0.00016489096039531447,0.5044126564510986,0.0,1.0,1.2591877801893503
2026-05-21,0.008532493165564148,0.9992732743281189,1.0085324931655641,0.009180883015858732,0.0,0.00016556089385404068,0.5082870687870842,0.0,1.0,1.2699317913179777
2026-05-22,-0.004479226629855337,0.9916258533028107,1.0013631534711456,0.009724044802908227,0.0,0.00016699369816413443,0.5091232028951267,0.0,1.0,1.2642434790202064
2026-05-23,0.0006720590855422426,0.9945239315517299,1.0013707099416573,0.006837406289151748,0.0,0.00016632194179579606,0.5070843766281041,0.0,1.0,1.2650931253366196
2026-05-24,0.0037432857925199237,0.9987163780075408,1.0069549213218123,0.003189453133687792,0.0,0.00016650812299217284,0.5103125013900549,0.0,1.0,1.2698287304589067
2026-05-25,0.008318905890080774,0.9974678908065558,1.0113794486059466,0.013755033107075931,0.0,0.00016714436754783674,0.5144382382046392,0.0,1.0,1.280392316164115
2026-05-26,0.004920321495762492,0.9991410748900912,1.007473942088966,0.008271049851271473,0.013259449137416855,0.000183381394331133,0.5128972117595157,0.0,1.0,1.2866922580003466
2026-05-27,-0.010195766330150957,0.9894030045943355,1.0002361896331997,0.010830626957055944,0.0,0.0001650394423138845,0.5026213176737399,0.0,1.0,1.2735734443989608
2026-05-28,-0.020566633314612393,0.9726773324807605,1.000512193403824,0.02782061138941927,0.0,0.00016341001663889613,0.49779987175436585,0.0,1.0,1.2473803263687795
2026-05-29,-0.012024341357600554,0.9817675479214611,1.0,0.018232452078538852,0.0,0.00015997404950949563,0.4871404687194577,0.0,1.0,1.232381399521766
2026-05-30,0.005008617895606804,0.9964907572543478,1.007242810850691,0.01067473848461864,0.0,0.00015797537224226016,0.48479948676248363,0.0,1.0,1.2385539270536237
2026-05-31,0.004426157412830811,0.9959507468645168,1.0044261574128308,0.008438062356066811,0.0,0.00015890075265052013,0.48608772326588273,0.0,1.0,1.2440359616990428
2026-06-01,-0.010949308336306474,0.9884973760993613,1.001500291861169,0.012983436817221028,0.0,0.00015967691975869136,0.48701700231405665,0.0,1.0,1.2304146283729465
2026-06-02,-0.01540269889768986,0.9840378600453492,1.0001398602642402,0.016099748503811018,0.0,0.00015790801044903617,0.4807084145135958,0.0,1.0,1.211462922332805
2026-06-03,0.0008390235292370374,0.9951570959398096,1.0042481800828935,0.009052626953562015,0.0,0.00015529174000209785,0.4749800204697052,0.0,1.0,1.2124793682294406
2026-06-04,-0.0014327787155280491,0.9899095457041155,1.0002703705789684,0.010358024369806929,0.0,0.00015543880594694662,0.47348941537049327,0.0,1.0,1.2107421535976246
2026-06-05,-0.01749546199344043,0.9800882812113824,1.0,0.01991171878861764,0.0,0.00015526616922747696,0.47273974402677793,0.0,1.0,1.1895596602655012
2026-06-06,0.005489652169558212,0.9969544932136457,1.0056343158806755,0.008631191805968275,0.0,0.00015223256401093263,0.46651591711258744,0.0,1.0,1.1960899290352967
2026-06-07,0.003587429062553049,0.997976347216613,1.0076158980801515,0.009566691912965108,0.0,0.00015327011650516218,0.47062412753929533,0.0,1.0,1.200380816808145
2026-06-08,-0.00015392170064887356,0.997982403485229,1.001709753113473,0.003720987658010655,0.0,0.00015392170064889565,0.46956001945896586,0.0,1.0,1.2001960521513955
2026-06-09,-0.005745783444110586,0.9910998198018774,1.0,0.008900180198122554,0.0,0.00015392035862987145,0.4686434230624799,0.0,1.0,1.193299985545257
2026-06-10,-0.0027487247683417593,0.996674434145146,1.0005681114791045,0.0033255658548539957,0.0,0.00015296193771847444,0.4661112153132918,0.0,1.0,1.1900199323189269
2026-06-11,-0.00608142435292891,0.9849528946166158,1.0025950411604148,0.017596482946274805,0.0,0.00015252830892106307,0.465874097675964,0.0,1.0,1.1827829161220518
2026-06-12,-0.0024794083338230966,0.9925738446072501,1.0,0.0074261553927499335,0.0,0.00015152736491651353,0.4612813137065892,0.0,1.0,1.1798503143027153
2026-06-13,0.0024742860979947157,0.9989737854742156,1.0043703906025416,0.001887853845840226,0.0,0.00015111141007222154,0.46252419223085567,0.0,1.0,1.182769601533109
2026-06-14,-0.0006691860160522589,0.9993308139839477,1.0,0.0006691860160522589,0.4615075972774201,0.0006691860160522591,0.4615075972774201,0.0,1.0,1.1819781086555514
2026-06-15,-0.006013913136144522,0.9936754634491075,1.0000432434514408,0.00632453655089249,0.4996377626220989,0.0008887458030299696,0.5005479874437541,0.0,1.0,1.1748697949812725
2026-06-16,-0.002194667876089129,0.9965553210066406,1.000930359917087,0.004370972332988887,0.0,0.0001634253459619076,0.4981347398059798,0.0,1.0,1.1722913459836397
2026-06-17,0.007196826168546444,0.9992104779139864,1.007979801487621,0.0007895220860135721,0.0,0.00016314183075385576,0.5007103217054113,0.0,1.0,1.1807281230195752
2026-06-18,-0.0017191381894950952,0.994393958582002,1.0010794321350271,0.006678264819372948,0.0,0.00016437689809376818,0.5010251699371403,0.0,1.0,1.1786982882118813
2026-06-19,0.004663911818701072,0.9978111813458775,1.004663911818701,0.006820918311297164,0.0,0.00016414828715189542,0.502112600233885,0.0,1.0,1.1841956330889554
2026-06-20,0.00433064012529405,0.9967346174604407,1.0044856609960053,0.007716430245384598,0.0,0.0001649651253335146,0.5045002094432478,0.0,1.0,1.1893239582138084
2026-06-21,0.0013777998309818518,0.9985994561647414,1.002149561960493,0.0035424909918700953,0.0,0.00016572442804058848,0.5056520837525963,0.0,1.0,1.190962608562418
2026-06-22,0.009544871080615636,0.9993716276641271,1.0095448710806156,0.010077059185689352,0.0,0.000165977764399046,0.5101129505967896,0.0,1.0,1.2023301931229802
2026-06-23,-0.007361645241211967,0.9917409389326108,1.0,0.008259061067389162,0.010400379267980233,0.0001792350624799956,0.5100381418900791,0.0,1.0,1.1934790647784108
2026-06-24,-0.003025860356207888,0.9935085330773581,1.0036039956839264,0.010059209259812296,0.0,0.00016299253471898932,0.49815606453816885,0.0,1.0,1.1898677637903337
2026-06-25,-0.005603509509553906,0.9924317242794922,1.004522593269978,0.010080512720544,0.0,0.00016259389006728314,0.49725514240892527,0.0,1.0,1.1832003284608228
2026-06-26,-0.005025338027716542,0.9919349114537246,1.0004462129056895,0.008507505293307682,0.0,0.00016171261972139402,0.4925237885875665,0.0,1.0,1.1772543468558019
2026-06-27,0.0009083882735112514,0.9987698158612518,1.0012138986181198,0.0024411194852982376,0.0,0.00016089793261846088,0.4905124465771081,0.0,1.0,1.1783237508994258
2026-06-28,0.0012124459409150745,0.9996862805686002,1.0047226262972395,0.005012672748497815,0.0,0.00016110289416830428,0.49291282026893546,0.0,1.0,1.1797524047482877
2026-06-29,-0.0013808123003627992,0.9977045973675841,1.0034970028039212,0.004860816814255209,0.0,0.00016135852429161057,0.49306910559600653,0.0,1.0,1.1781233881164286
2026-06-30,-0.009472322343903383,0.9900697501781757,1.0,0.009930249821824333,0.0,0.00016115489193144764,0.49067203347427013,0.0,1.0,1.1669638236232982
2026-07-01,0.0010731335346023663,0.9984533961628765,1.0055420972863702,0.00444433282686818,0.0,0.00015965944821981533,0.48887661095550783,0.0,1.0,1.1682161316360962
2026-07-02,-0.0007055625581250391,0.999294437441875,1.0,0.0007055625581250391,0.4865948676724217,0.0007055625581250116,0.4865948676724217,0.0,1.0,1.167391882073816
2026-07-03,0.0,1.0,1.0,0.0,0.0,0.0,0.0,0.0,0.0,1.167391882073816
2026-07-04,0.0,1.0,1.0,0.0,0.0,0.0,0.0,0.0,0.0,1.167391882073816
2026-07-05,0.005256979143507978,0.997574971723119,1.0071006609244013,0.009458527405332928,0.49963776262209897,0.0008887458030299696,0.5040479765680631,0.0,1.0,1.1735288368501786
2026-07-06,0.0005988813082447031,0.9955552705672615,1.0012102280647275,0.004444729432738548,0.0,0.00016530213735864457,0.5039040719376713,0.0,1.0,1.1742316413352543
2026-07-07,0.0028894501409451046,0.9987653293935146,1.0048751379082266,0.006080166862751035,0.0,0.00016545411641072112,0.5061738913240216,0.0,1.0,1.1776245251168127
2026-07-08,-0.005039742508122891,0.9928279856050319,1.0004432423437648,0.007172014394968063,0.0,0.00016597819533389362,0.5055812575650707,0.0,1.0,1.1716896007389734
2026-07-09,0.005498624680602582,0.9990694074205475,1.006110931086322,0.006998754757759906,0.0,0.0001652095723029698,0.50604039835455,0.0,1.0,1.1781322820956022
2026-07-10,-0.002906467631357823,0.9955711374327118,1.0019651961636198,0.00638151779661611,0.0,0.0001661567466829109,0.5068748421312212,0.0,1.0,1.1747080787522335
2026-07-11,-0.0009291544645463334,0.9975440129099186,1.0018191442614168,0.004267368392775195,0.0,0.00016573815177882594,0.5055307485298391,0.0,1.0,1.1736165934963223
2026-07-12,0.0024324383999032584,0.9992231079225382,1.0033493899648647,0.004112507650471553,0.0,0.00016561634451534084,0.5059907561061591,0.0,1.0,1.1764713435651064
2026-07-13,-0.011142759300120653,0.9883998774253901,1.0009011402614267,0.012490007587333984,0.0,0.00016606602988234227,0.5061499416184256,0.0,1.0,1.163362206560271
2026-07-14,0.002148269536844216,0.9992189952669663,1.0030733035168056,0.0038424990838914486,0.0,0.00016431541305926634,0.5018303803562182,0.0,1.0,1.1658614221489403
2026-07-15,-0.002318557579954028,0.9970660750749929,1.0041427995431018,0.007047527972444567,0.0,0.000164746527360507,0.5035918357701112,0.0,1.0,1.163158305311441
2026-07-16,-0.0020147871546705165,0.9975226147762803,1.0004524025469252,0.0029284629265582396,0.0,0.00016439487847387247,0.5007671604414482,0.0,1.0,1.1608147888990512
2026-07-17,-0.0010911815834558913,0.9973637117920673,1.0007629463659162,0.003396643117326348,0.0,0.0001641176087698907,0.5000785025918157,0.0,1.0,1.1595481291796013
2026-07-18,0.00463107084586678,0.9985985724592656,1.0054044680749183,0.006769311089977692,0.0,0.00016399197425209122,0.5020059565135767,0.0,1.0,1.1649180787150242
2026-07-19,0.0016827928625242627,0.9992193301996775,1.0026065913610918,0.0033784549100320804,0.0,0.00016480413461098528,0.5030826493302297,0.0,1.0,1.1668783945433112
2026-07-20,-0.00031879052156313925,0.9972218853486824,1.0006034560270949,0.002778114651317609,0.0,0.0001651081418554708,0.5030893155295313,0.0,1.0,1.166506404771314
2026-07-21,0.004140054273678695,0.9982972968498249,1.0050625949195502,0.006731220626379875,0.0,0.0001651354070556844,0.5053004938393879,0.0,1.0,1.1713358045976612
2026-07-22,-0.001390845860238521,0.9972310486026724,1.001059119539031,0.003824020841168063,0.0,0.00016586316060352013,0.5055355552024094,0.0,1.0,1.1697066570428873
2026-07-23,-0.00016574153044091045,0.995540847548031,1.0006009389912605,0.005057052463223521,0.0,0.0001657161201766253,0.5047857822381294,0.0,1.0,1.169512788071382
2026-07-24,0.0029015118347419655,0.99876075072147,1.0052019346754486,0.006407850733055054,0.0,0.000165718619533668,0.5071356151589339,0.0,1.0,1.1729061432668533
2026-07-25,0.0009041808337553192,0.9975399885776977,1.0038096196003508,0.006245836760509604,0.0,0.00016624397499040525,0.508045502348769,0.0,1.0,1.173966662521389
2026-07-26,0.0010558425513127467,0.9981530284535888,1.0019725206874366,0.0038119730381699357,0.0,0.00016642038917345268,0.507754808684228,0.0,1.0,1.1752061864775016
2026-07-27,-0.01130777461322885,0.9886922253867712,1.0,0.01130777461322885,0.0,0.0001666460281520207,0.5074637782852047,0.0,1.0,1.1619172197967418
2026-07-28,-0.0006279669517637032,0.9973653002393689,1.0015331299193244,0.004161449637009151,0.0,0.0001648747651019562,0.5027647672564425,0.0,1.0,1.1611875741820243
2026-07-29,0.0013797844614229504,0.9993717906988335,1.0040056224586558,0.002615361845088593,0.0,0.0001648261251844273,0.5038417672155733,0.0,1.0,1.162789762753678
2026-07-30,0.004308143543820364,0.9995264484339491,1.0058506258373272,0.006287392223983113,0.0,0.0001650805707352824,0.5055983454261489,0.0,1.0,1.1677992279629057
2026-07-31,-0.004159060873271558,0.99553376601389,1.0006021223757247,0.005065306427494698,0.0,0.00016583587653281812,0.5053026896761377,0.0,1.0,1.1629422798860485
2026-08-01,0.0026108678587541956,0.9995263078575575,1.0047700598595921,0.005218857738224614,0.0,0.00016523614232284007,0.5054617215286353,0.0,1.0,1.1659785685061892
2026-08-02,-0.0018578057247496949,0.9975268887564135,1.0010648954897257,0.003534243133739512,0.0,0.00016571554794794806,0.5050894426348708,0.0,1.0,1.1638124068466829
2026-08-03,0.0029167361597814967,0.997676904660712,1.0041496376889743,0.006445984527922777,0.0,0.0001654921587585164,0.5058563096198426,0.0,1.0,1.167206940576935
2026-08-04,-0.002471013386468157,0.9973753221211642,1.0035219018158739,0.0061250080178493205,0.0,0.00016602048949770887,0.5071506638779231,0.0,1.0,1.164322756601991
2026-08-05,-1.165302455174988e-05,0.9984478955757411,1.0026071143549509,0.004148403417110869,0.0,0.00016567264345655703,0.5056442831745044,0.0,1.0,1.164309188720322
2026-08-06,-0.00047384457649912726,0.9972154513972492,1.0021449533199196,0.004918951002387262,0.0,0.0001657251768765207,0.5055759327141045,0.0,1.0,1.163757487125879
2026-08-07,0.0002967331479217794,0.9987555335079968,1.001837932787847,0.0030767444303818614,0.0,0.00016565227437825386,0.5053552726902173,0.0,1.0,1.1641028125484514
2026-08-08,0.002299357209842645,0.999371946553764,1.0030697284351264,0.0036864654335958535,0.0,0.0001658051647600257,0.5062745862138113,0.0,1.0,1.1667795007434827
2026-08-09,0.0010635584504696816,0.9996800713759385,1.001678441594706,0.001995021691378329,0.0,0.00016620783800255887,0.506888972817123,0.0,1.0,1.1680204389413331
2026-08-10,0.0013691902824495283,0.999526500657863,1.002904764969605,0.003368479669995872,0.0,0.00016640995819794998,0.5081810920325625,0.0,1.0,1.169619681176034
2026-08-11,0.006427231695865121,0.9995265938898921,1.0101075718590509,0.0036435130927811032,0.0,0.00016671109650898608,0.5125208417178618,0.0,1.0,1.1771370978629963
2026-08-12,0.0014593750436981967,0.9972857899143966,1.0032480543848274,0.00594296140856887,0.011100447358028039,0.00018025032784628434,0.510738209980127,0.0,1.0,1.1788549823666288
2026-08-13,-0.0028435110133995245,0.9953704161955287,1.0031100649568394,0.007715652580600696,0.0,0.00016442629990384472,0.5022593074102563,0.0,1.0,1.1755028952410684
2026-08-14,-0.0028508349939752042,0.995656526679946,1.0001492638326077,0.004492066649577353,0.0,0.00016406151858173494,0.4995188915905588,0.0,1.0,1.172151730451796
2026-08-15,-0.002408979349188045,0.9971419489235936,1.0008842133170808,0.0037389583567160045,0.0,0.0001636207130957759,0.49862748645166116,0.0,1.0,1.1693280411390228
2026-08-16,-0.0001632763476162591,0.9993865675083106,1.0017874002767022,0.0023965491757318436,0.0,0.00016327634761628806,0.49803287558177356,0.0,1.0,1.1691371175273004
2026-08-17,-1.3275765624709557e-05,0.9959346573310301,1.0034384849298177,0.007478114215753173,0.0,0.00016332780592626065,0.4989397804750492,0.0,1.0,1.169121596336945
2026-08-18,0.0022379022238772084,0.9992363313362107,1.0056897087446939,0.0064168673024788125,0.0,0.0001633544862560891,0.500217190649039,0.0,1.0,1.1717379761573703
2026-08-19,0.002082423811824885,0.9978896076816338,1.002232167245046,0.004332887833114807,0.0,0.00016375220730966737,0.4997762000609938,0.0,1.0,1.17417803122014
2026-08-20,0.004468226849036805,0.996697749748083,1.008951194407279,0.012144734777180699,0.0,0.00016417296114729993,0.5043027062963451,0.0,1.0,1.179424525024787
2026-08-21,0.03751266399128528,0.9985233638713717,1.0497809779200378,0.048826960220049176,0.8222871214830587,0.0012975632934249912,0.50209039651194,0.0,1.0,1.2236678809351231
2026-08-22,-0.00997717106992635,0.9694881644659211,1.0180561068221472,0.04770654783244754,0.0,0.00011361033012259894,0.3575158157039724,0.0,1.0,1.2114591371542591
2026-08-23,-0.002638962247136889,0.9846807570150415,1.002078195596399,0.017361358283026318,0.06731616807056147,0.000186982982869742,0.3393233688700975,0.0,1.0,1.20826214222736
2026-08-24,0.001924814201306857,0.9940108634895235,1.0061159301108018,0.0059891365104765,0.0,8.879455967934762e-05,0.27479255364145566,0.0,1.0,1.2105878223576207
2026-08-25,-0.00798803135051851,0.9885066075143292,1.007739355609198,0.01908504216672413,0.0,8.928425930882594e-05,0.2774403942681484,0.0,1.0,1.2009176088800722
2026-08-26,0.007757169366004346,0.9946122237051986,1.0079456273683098,0.013228296548023155,0.0,8.739292122337939e-05,0.27185785414594726,0.0,1.0,1.2102333301667718
2026-08-27,0.006524525786822055,0.9959893519667585,1.0079172353323314,0.011834189303886578,0.010610444650416667,0.00010116690540679977,0.2717046616364177,0.0,1.0,1.2181295287375165
2026-08-28,-0.010933671702670122,0.9849822356004748,1.0030370497630743,0.018000146820961627,0.0,8.73927372517183e-05,0.2683112120073866,0.0,1.0,1.2048109003789722
2026-08-29,0.0004793405021932262,0.9964629208233037,1.0018783181431548,0.003559563013662337,0.0,8.47614727200901e-05,0.2594517384452621,0.0,1.0,1.2053884150410077
2026-08-30,-0.007166650864669832,0.9894052407306287,1.0076283433029893,0.018085142893683903,0.0,8.490060758904013e-05,0.26411471057607533,0.0,1.0,1.1967498171140911
2026-08-31,0.004028451957141632,0.9969637313483043,1.008049209345451,0.003988651894206718,0.0,8.317000491480285e-05,0.259194768854045,0.0,1.0,1.2015708662570532
2026-09-01,-0.0020630484671059213,0.994221205163679,1.0042018727368034,0.009938905556831523,0.01157214714203534,9.716074843685028e-05,0.2562281217429774,0.0,1.0,1.1990919673233025
2026-09-02,-0.002569407122982703,0.9928628992484205,1.0016302732748743,0.008753104074808338,0.0,7.990412646038172e-05,0.24450337382297935,0.0,1.0,1.1960110118813507
2026-09-03,0.015417087627821902,0.9973596903534836,1.0181734451444577,0.0027071591090697122,0.0,7.928455231928939e-05,0.25494191294861945,0.0,1.0,1.2144500184553655
2026-09-04,-0.004379277035671869,0.9920298781151689,1.006991731653333,0.014857970594851833,0.0,8.308943853017904e-05,0.25818907759396736,0.0,1.0,1.2091316053785726
2026-09-05,0.008870144485414233,0.9990592268061498,1.01290614563137,0.013670485547887523,0.0,8.204778436533743e-05,0.25935772348759767,0.0,1.0,1.2198567774201614
2026-09-06,0.023946241082080322,0.9997392105040539,1.0264441142038063,0.02601690957180547,0.011704023470462835,9.735821058701584e-05,0.26424474847226886,0.0,1.0,1.2490677618978743
2026-09-07,-0.009056031653273844,0.9883233429534806,1.008236404920466,0.019750389759588316,0.018234471695687947,0.00010668196125824693,0.26246453249141044,0.0,1.0,1.2377561647090431
2026-09-08,-0.004120482497574907,0.9919043651143861,1.0009403943312503,0.008114107536191129,0.014177660287332809,9.390689625004897e-05,0.23742996854638415,0.0,1.0,1.232656012096094
2026-09-09,-0.012627388060501898,0.9835041012124179,1.0029697438254983,0.019408005807667883,0.0,7.231360873274045e-05,0.22249954986911707,0.0,1.0,1.217090786286246
2026-09-10,-0.0063022285905967035,0.9933237819665383,1.0015515497095693,0.00821502172845423,0.0,6.906997944369887e-05,0.21151013735922888,0.0,1.0,1.209420401935561
2026-09-11,0.001670994381273827,0.9963302474890486,1.0136070260263144,0.011775798054433295,0.0,6.743786273411888e-05,0.21601340064716254,0.0,1.0,1.2114413366317933
2026-09-12,-0.0008372651984799306,0.9981786708478229,1.0012739992839983,0.002108578155417984,0.0,6.790489244784054e-05,0.20774855622786575,0.0,1.0,1.2104270389606315
2026-09-13,-0.005529358927110151,0.993682730219595,1.0010425338719635,0.007352138798639496,0.0,6.770414858852245e-05,0.2069689681271493,0.0,1.0,1.203734153407139
2026-09-14,0.0013002287006609325,0.9975044473238978,1.0090606222209455,0.011452408946067805,0.6189263416145707,0.0010345932889688778,0.42333526771673496,0.0,1.0,1.205299283101365
2026-09-15,-0.004998280510225328,0.9920829957081204,1.0027113364907185,0.010599601695733485,0.0,0.00013761620120775629,0.42057456794033926,0.0,1.0,1.1992748591856508
2026-09-16,0.0032108090963651748,0.992012571814414,1.00379617149974,0.011739036290326244,0.6933595294935393,0.0010965031970943488,0.4160883915842084,0.0,1.0,1.2031255018125662
2026-09-17,0.006045765553846172,0.9959746018487872,1.0066971917122158,0.01065125635762565,0.6991646601685145,0.001151413308252815,0.4234676109623977,0.0,1.0,1.2103993165283784
2026-09-18,0.013011781476556461,0.9980617160917878,1.017372455971692,0.018980993407631153,0.0,0.00013900428735467453,0.43308206086041023,0.0,1.0,1.226148767934419
2026-09-19,-0.006832096649202923,0.9898950612495977,1.0032869967861375,0.013348060504560277,0.8073216058193804,0.0012944381144921785,0.4306448907007902,0.0,1.0,1.21777160104559
2026-09-20,5.516364287316833e-05,0.9904646842975682,1.0007928928232812,0.010320025851279557,0.09092645875904926,0.00022467690642312828,0.37345129591808635,0.0,1.0,1.217838777763291
2026-09-21,0.01957030569199425,0.9986860902546711,1.0223429969010909,0.023139892108742455,0.0,9.290811196511312e-05,0.2985543714116123,0.0,1.0,1.2416722549276833
2026-09-22,-0.0009207950451372016,0.9915195763862608,1.0013495884523638,0.009816763475477108,0.0,9.746672970434028e-05,0.29769210661167544,0.0,1.0,1.2405289292676616
2026-09-23,-0.008456660664818538,0.9869090961750131,1.0026748379812145,0.015723683500370123,0.019974414469692243,0.00011968313485036068,0.29609612879189334,0.0,1.0,1.2300381970679544
2026-09-24,0.004725956336222081,0.9941101625301345,1.006487426547409,0.012297484986705576,0.0,8.87289076892662e-05,0.27486162364023486,0.0,1.0,1.2358513038791827
2026-09-25,0.011441119804948885,0.9971517700768543,1.0137018339910404,0.01632636280140365,0.2821899510242552,0.0004990613664329977,0.28349760491589876,0.0,1.0,1.2499908267079667
