asset,train_total_delta_pct,recent_total_delta_pct,train_dd_worsen_pct,train_triggers,score,passed_filters,profile,decision_date,next_date_exclusive,probation_delta_pct,suspended,suspended_until_rebalance_idx,incumbent_asset_before,selected_asset,keep_reason
ADA,0.0,0.0,0.0,0,0.0,False,phase66g_production_soft_filters,2019-05-04,2019-05-11,0.0,False,-1,,,best_passed
AVAX,0.0,0.0,0.0,0,0.0,False,phase66g_production_soft_filters,2019-05-04,2019-05-11,0.0,False,-1,,,best_passed
DOGE,0.0,0.0,0.0,0,0.0,False,phase66g_production_soft_filters,2019-05-04,2019-05-11,0.0,False,-1,,,best_passed
DOT,0.0,0.0,0.0,0,0.0,False,phase66g_production_soft_filters,2019-05-04,2019-05-11,0.0,False,-1,,,best_passed
ETH,0.0,0.0,0.0,0,0.0,False,phase66g_production_soft_filters,2019-05-04,2019-05-11,0.0,False,-1,,,best_passed
LINK,0.0,0.0,0.0,0,0.0,False,phase66g_production_soft_filters,2019-05-04,2019-05-11,0.0,False,-1,,,best_passed
TRX,0.0,0.0,0.0,0,0.0,False,phase66g_production_soft_filters,2019-05-04,2019-05-11,0.0,False,-1,,,best_passed
XRP,0.0,0.0,0.0,0,0.0,False,phase66g_production_soft_filters,2019-05-04,2019-05-11,0.0,False,-1,,,best_passed
BNB,-11.625683667725873,-11.625683667725873,0.0,2,-1e+18,False,phase66g_production_soft_filters,2019-05-04,2019-05-11,-11.625683667725873,True,5,,,best_passed
ADA,0.0,0.0,0.0,0,0.0,False,phase66g_production_soft_filters,2019-05-11,2019-05-18,0.0,False,-1,,,best_passed
AVAX,0.0,0.0,0.0,0,0.0,False,phase66g_production_soft_filters,2019-05-11,2019-05-18,0.0,False,-1,,,best_passed
DOGE,0.0,0.0,0.0,0,0.0,False,phase66g_production_soft_filters,2019-05-11,2019-05-18,0.0,False,-1,,,best_passed
DOT,0.0,0.0,0.0,0,0.0,False,phase66g_production_soft_filters,2019-05-11,2019-05-18,0.0,False,-1,,,best_passed
ETH,0.0,0.0,0.0,0,0.0,False,phase66g_production_soft_filters,2019-05-11,2019-05-18,0.0,False,-1,,,best_passed
LINK,0.0,0.0,0.0,0,0.0,False,phase66g_production_soft_filters,2019-05-11,2019-05-18,0.0,False,-1,,,best_passed
TRX,0.0,0.0,0.0,0,0.0,False,phase66g_production_soft_filters,2019-05-11,2019-05-18,0.0,False,-1,,,best_passed
XRP,0.0,0.0,0.0,0,0.0,False,phase66g_production_soft_filters,2019-05-11,2019-05-18,0.0,False,-1,,,best_passed
BNB,-11.531427192525072,-11.531427192525072,0.0,3,-1e+18,False,phase66g_production_soft_filters,2019-05-11,2019-05-18,-11.353154518271218,True,5,,,best_passed
ADA,0.0,0.0,0.0,0,0.0,False,phase66g_production_soft_filters,2019-05-18,2019-05-25,0.0,False,-1,,,best_passed
AVAX,0.0,0.0,0.0,0,0.0,False,phase66g_production_soft_filters,2019-05-18,2019-05-25,0.0,False,-1,,,best_passed
DOGE,0.0,0.0,0.0,0,0.0,False,phase66g_production_soft_filters,2019-05-18,2019-05-25,0.0,False,-1,,,best_passed
DOT,0.0,0.0,0.0,0,0.0,False,phase66g_production_soft_filters,2019-05-18,2019-05-25,0.0,False,-1,,,best_passed
ETH,0.0,0.0,0.0,0,0.0,False,phase66g_production_soft_filters,2019-05-18,2019-05-25,0.0,False,-1,,,best_passed
LINK,0.0,0.0,0.0,0,0.0,False,phase66g_production_soft_filters,2019-05-18,2019-05-25,0.0,False,-1,,,best_passed
TRX,0.0,0.0,0.0,0,0.0,False,phase66g_production_soft_filters,2019-05-18,2019-05-25,0.0,False,-1,,,best_passed
XRP,0.0,0.0,0.0,0,0.0,False,phase66g_production_soft_filters,2019-05-18,2019-05-25,0.0,False,-1,,,best_passed
BNB,-12.155253635094994,-12.155253635094994,0.0,3,-1e+18,False,phase66g_production_soft_filters,2019-05-18,2019-05-25,-9.818303256510077,True,5,,,best_passed
ADA,0.0,0.0,0.0,0,0.0,False,phase66g_production_soft_filters,2019-05-25,2019-06-01,0.0,False,-1,,,best_passed
AVAX,0.0,0.0,0.0,0,0.0,False,phase66g_production_soft_filters,2019-05-25,2019-06-01,0.0,False,-1,,,best_passed
DOGE,0.0,0.0,0.0,0,0.0,False,phase66g_production_soft_filters,2019-05-25,2019-06-01,0.0,False,-1,,,best_passed
DOT,0.0,0.0,0.0,0,0.0,False,phase66g_production_soft_filters,2019-05-25,2019-06-01,0.0,False,-1,,,best_passed
ETH,0.0,0.0,0.0,0,0.0,False,phase66g_production_soft_filters,2019-05-25,2019-06-01,0.0,False,-1,,,best_passed
LINK,0.0,0.0,0.0,0,0.0,False,phase66g_production_soft_filters,2019-05-25,2019-06-01,0.0,False,-1,,,best_passed
TRX,0.0,0.0,0.0,0,0.0,False,phase66g_production_soft_filters,2019-05-25,2019-06-01,0.0,False,-1,,,best_passed
XRP,0.0,0.0,0.0,0,0.0,False,phase66g_production_soft_filters,2019-05-25,2019-06-01,0.0,False,-1,,,best_passed
BNB,-12.155253635094994,-12.155253635094994,0.0,3,-1e+18,False,phase66g_production_soft_filters,2019-05-25,2019-06-01,-10.727528488211192,True,5,,,best_passed
ADA,0.0,0.0,0.0,0,0.0,False,phase66g_production_soft_filters,2019-06-01,2019-06-08,0.0,False,-1,,,best_passed
AVAX,0.0,0.0,0.0,0,0.0,False,phase66g_production_soft_filters,2019-06-01,2019-06-08,0.0,False,-1,,,best_passed
DOGE,0.0,0.0,0.0,0,0.0,False,phase66g_production_soft_filters,2019-06-01,2019-06-08,0.0,False,-1,,,best_passed
DOT,0.0,0.0,0.0,0,0.0,False,phase66g_production_soft_filters,2019-06-01,2019-06-08,0.0,False,-1,,,best_passed
ETH,0.0,0.0,0.0,0,0.0,False,phase66g_production_soft_filters,2019-06-01,2019-06-08,0.0,False,-1,,,best_passed
LINK,0.0,0.0,0.0,0,0.0,False,phase66g_production_soft_filters,2019-06-01,2019-06-08,0.0,False,-1,,,best_passed
TRX,0.0,0.0,0.0,0,0.0,False,phase66g_production_soft_filters,2019-06-01,2019-06-08,0.0,False,-1,,,best_passed
XRP,0.0,0.0,0.0,0,0.0,False,phase66g_production_soft_filters,2019-06-01,2019-06-08,0.0,False,-1,,,best_passed
BNB,-12.155253635094994,-9.818303256510031,0.0,3,-1e+18,False,phase66g_production_soft_filters,2019-06-01,2019-06-08,-10.569979265649401,True,5,,,best_passed
ADA,0.0,0.0,0.0,0,0.0,False,phase66g_production_soft_filters,2019-06-08,2019-06-15,0.0,False,-1,,,best_passed
AVAX,0.0,0.0,0.0,0,0.0,False,phase66g_production_soft_filters,2019-06-08,2019-06-15,0.0,False,-1,,,best_passed
DOGE,0.0,0.0,0.0,0,0.0,False,phase66g_production_soft_filters,2019-06-08,2019-06-15,0.0,False,-1,,,best_passed
DOT,0.0,0.0,0.0,0,0.0,False,phase66g_production_soft_filters,2019-06-08,2019-06-15,0.0,False,-1,,,best_passed
ETH,0.0,0.0,0.0,0,0.0,False,phase66g_production_soft_filters,2019-06-08,2019-06-15,0.0,False,-1,,,best_passed
LINK,0.0,0.0,0.0,0,0.0,False,phase66g_production_soft_filters,2019-06-08,2019-06-15,0.0,False,-1,,,best_passed
TRX,0.0,0.0,0.0,0,0.0,False,phase66g_production_soft_filters,2019-06-08,2019-06-15,0.0,False,-1,,,best_passed
XRP,0.0,0.0,0.0,0,0.0,False,phase66g_production_soft_filters,2019-06-08,2019-06-15,0.0,False,-1,,,best_passed
BNB,-12.155253635094994,-10.711437195478887,0.0,3,-1e+18,False,phase66g_production_soft_filters,2019-06-08,2019-06-15,-10.459746441482949,True,5,,,best_passed
ADA,0.0,0.0,0.0,0,0.0,False,phase66g_production_soft_filters,2019-06-15,2019-06-22,0.0,False,-1,,,best_passed
AVAX,0.0,0.0,0.0,0,0.0,False,phase66g_production_soft_filters,2019-06-15,2019-06-22,0.0,False,-1,,,best_passed
DOGE,0.0,0.0,0.0,0,0.0,False,phase66g_production_soft_filters,2019-06-15,2019-06-22,0.0,False,-1,,,best_passed
DOT,0.0,0.0,0.0,0,0.0,False,phase66g_production_soft_filters,2019-06-15,2019-06-22,0.0,False,-1,,,best_passed
ETH,0.0,0.0,0.0,0,0.0,False,phase66g_production_soft_filters,2019-06-15,2019-06-22,0.0,False,-1,,,best_passed
LINK,0.0,0.0,0.0,0,0.0,False,phase66g_production_soft_filters,2019-06-15,2019-06-22,0.0,False,-1,,,best_passed
TRX,0.0,0.0,0.0,0,0.0,False,phase66g_production_soft_filters,2019-06-15,2019-06-22,0.0,False,-1,,,best_passed
XRP,0.0,0.0,0.0,0,0.0,False,phase66g_production_soft_filters,2019-06-15,2019-06-22,0.0,False,-1,,,best_passed
BNB,-13.559001981181524,-11.791190483376951,0.0,3,-1e+18,False,phase66g_production_soft_filters,2019-06-15,2019-06-22,-10.740792886056362,True,11,,,best_passed
ADA,0.0,0.0,0.0,0,0.0,False,phase66g_production_soft_filters,2019-06-22,2019-06-29,0.0,False,-1,,,best_passed
AVAX,0.0,0.0,0.0,0,0.0,False,phase66g_production_soft_filters,2019-06-22,2019-06-29,0.0,False,-1,,,best_passed
DOGE,0.0,0.0,0.0,0,0.0,False,phase66g_production_soft_filters,2019-06-22,2019-06-29,0.0,False,-1,,,best_passed
DOT,0.0,0.0,0.0,0,0.0,False,phase66g_production_soft_filters,2019-06-22,2019-06-29,0.0,False,-1,,,best_passed
ETH,0.0,0.0,0.0,0,0.0,False,phase66g_production_soft_filters,2019-06-22,2019-06-29,0.0,False,-1,,,best_passed
LINK,0.0,0.0,0.0,0,0.0,False,phase66g_production_soft_filters,2019-06-22,2019-06-29,0.0,False,-1,,,best_passed
TRX,0.0,0.0,0.0,0,0.0,False,phase66g_production_soft_filters,2019-06-22,2019-06-29,0.0,False,-1,,,best_passed
XRP,0.0,0.0,0.0,0,0.0,False,phase66g_production_soft_filters,2019-06-22,2019-06-29,0.0,False,-1,,,best_passed
BNB,-15.516001069012702,-13.592660562057475,0.0,3,-1e+18,False,phase66g_production_soft_filters,2019-06-22,2019-06-29,0.0,True,11,,,best_passed
ADA,0.0,0.0,0.0,0,0.0,False,phase66g_production_soft_filters,2019-06-29,2019-07-06,0.0,False,-1,,,best_passed
AVAX,0.0,0.0,0.0,0,0.0,False,phase66g_production_soft_filters,2019-06-29,2019-07-06,0.0,False,-1,,,best_passed
DOGE,0.0,0.0,0.0,0,0.0,False,phase66g_production_soft_filters,2019-06-29,2019-07-06,0.0,False,-1,,,best_passed
DOT,0.0,0.0,0.0,0,0.0,False,phase66g_production_soft_filters,2019-06-29,2019-07-06,0.0,False,-1,,,best_passed
ETH,0.0,0.0,0.0,0,0.0,False,phase66g_production_soft_filters,2019-06-29,2019-07-06,0.0,False,-1,,,best_passed
LINK,0.0,0.0,0.0,0,0.0,False,phase66g_production_soft_filters,2019-06-29,2019-07-06,0.0,False,-1,,,best_passed
TRX,0.0,0.0,0.0,0,0.0,False,phase66g_production_soft_filters,2019-06-29,2019-07-06,0.0,False,-1,,,best_passed
XRP,0.0,0.0,0.0,0,0.0,False,phase66g_production_soft_filters,2019-06-29,2019-07-06,0.0,False,-1,,,best_passed
BNB,-16.094930873034514,-13.399131492655414,0.0,3,-1e+18,False,phase66g_production_soft_filters,2019-06-29,2019-07-06,0.0,True,11,,,best_passed
ADA,0.0,0.0,0.0,0,0.0,False,phase66g_production_soft_filters,2019-07-06,2019-07-13,0.0,False,-1,,,best_passed
AVAX,0.0,0.0,0.0,0,0.0,False,phase66g_production_soft_filters,2019-07-06,2019-07-13,0.0,False,-1,,,best_passed
DOGE,0.0,0.0,0.0,0,0.0,False,phase66g_production_soft_filters,2019-07-06,2019-07-13,0.0,False,-1,,,best_passed
DOT,0.0,0.0,0.0,0,0.0,False,phase66g_production_soft_filters,2019-07-06,2019-07-13,0.0,False,-1,,,best_passed
ETH,0.0,0.0,0.0,0,0.0,False,phase66g_production_soft_filters,2019-07-06,2019-07-13,0.0,False,-1,,,best_passed
LINK,0.0,0.0,0.0,0,0.0,False,phase66g_production_soft_filters,2019-07-06,2019-07-13,0.0,False,-1,,,best_passed
TRX,0.0,0.0,0.0,0,0.0,False,phase66g_production_soft_filters,2019-07-06,2019-07-13,0.0,False,-1,,,best_passed
XRP,0.0,0.0,0.0,0,0.0,False,phase66g_production_soft_filters,2019-07-06,2019-07-13,0.0,False,-1,,,best_passed
BNB,-16.094930873034514,0.0,0.0,3,-1e+18,False,phase66g_production_soft_filters,2019-07-06,2019-07-13,0.0,True,11,,,best_passed
ADA,0.0,0.0,0.0,0,0.0,False,phase66g_production_soft_filters,2019-07-13,2019-07-20,0.0,False,-1,,,best_passed
AVAX,0.0,0.0,0.0,0,0.0,False,phase66g_production_soft_filters,2019-07-13,2019-07-20,0.0,False,-1,,,best_passed
DOGE,0.0,0.0,0.0,0,0.0,False,phase66g_production_soft_filters,2019-07-13,2019-07-20,0.0,False,-1,,,best_passed
DOT,0.0,0.0,0.0,0,0.0,False,phase66g_production_soft_filters,2019-07-13,2019-07-20,0.0,False,-1,,,best_passed
ETH,0.0,0.0,0.0,0,0.0,False,phase66g_production_soft_filters,2019-07-13,2019-07-20,0.0,False,-1,,,best_passed
LINK,0.0,0.0,0.0,0,0.0,False,phase66g_production_soft_filters,2019-07-13,2019-07-20,0.0,False,-1,,,best_passed
TRX,0.0,0.0,0.0,0,0.0,False,phase66g_production_soft_filters,2019-07-13,2019-07-20,0.0,False,-1,,,best_passed
XRP,0.0,0.0,0.0,0,0.0,False,phase66g_production_soft_filters,2019-07-13,2019-07-20,0.0,False,-1,,,best_passed
BNB,-16.094930873034514,0.0,0.0,3,-1e+18,False,phase66g_production_soft_filters,2019-07-13,2019-07-20,0.0,True,11,,,best_passed
ADA,0.0,0.0,0.0,0,0.0,False,phase66g_production_soft_filters,2019-07-20,2019-07-27,0.0,False,-1,,,best_passed
AVAX,0.0,0.0,0.0,0,0.0,False,phase66g_production_soft_filters,2019-07-20,2019-07-27,0.0,False,-1,,,best_passed
DOGE,0.0,0.0,0.0,0,0.0,False,phase66g_production_soft_filters,2019-07-20,2019-07-27,0.0,False,-1,,,best_passed
DOT,0.0,0.0,0.0,0,0.0,False,phase66g_production_soft_filters,2019-07-20,2019-07-27,0.0,False,-1,,,best_passed
ETH,0.0,0.0,0.0,0,0.0,False,phase66g_production_soft_filters,2019-07-20,2019-07-27,0.0,False,-1,,,best_passed
LINK,0.0,0.0,0.0,0,0.0,False,phase66g_production_soft_filters,2019-07-20,2019-07-27,0.0,False,-1,,,best_passed
TRX,0.0,0.0,0.0,0,0.0,False,phase66g_production_soft_filters,2019-07-20,2019-07-27,0.0,False,-1,,,best_passed
XRP,0.0,0.0,0.0,0,0.0,False,phase66g_production_soft_filters,2019-07-20,2019-07-27,0.0,False,-1,,,best_passed
BNB,-16.094930873034514,0.0,0.0,3,-1e+18,False,phase66g_production_soft_filters,2019-07-20,2019-07-27,0.0,True,11,,,best_passed
ADA,0.0,0.0,0.0,0,0.0,False,phase66g_production_soft_filters,2019-07-27,2019-08-03,0.0,False,-1,,,best_passed
AVAX,0.0,0.0,0.0,0,0.0,False,phase66g_production_soft_filters,2019-07-27,2019-08-03,0.0,False,-1,,,best_passed
DOGE,0.0,0.0,0.0,0,0.0,False,phase66g_production_soft_filters,2019-07-27,2019-08-03,0.0,False,-1,,,best_passed
DOT,0.0,0.0,0.0,0,0.0,False,phase66g_production_soft_filters,2019-07-27,2019-08-03,0.0,False,-1,,,best_passed
ETH,0.0,0.0,0.0,0,0.0,False,phase66g_production_soft_filters,2019-07-27,2019-08-03,0.0,False,-1,,,best_passed
LINK,0.0,0.0,0.0,0,0.0,False,phase66g_production_soft_filters,2019-07-27,2019-08-03,0.0,False,-1,,,best_passed
TRX,0.0,0.0,0.0,0,0.0,False,phase66g_production_soft_filters,2019-07-27,2019-08-03,0.0,False,-1,,,best_passed
XRP,0.0,0.0,0.0,0,0.0,False,phase66g_production_soft_filters,2019-07-27,2019-08-03,0.0,False,-1,,,best_passed
BNB,-16.094930873034514,0.0,0.0,3,-23.69239630955177,False,phase66g_production_soft_filters,2019-07-27,2019-08-03,0.0,False,11,,,best_passed
ADA,0.0,0.0,0.0,0,0.0,False,phase66g_production_soft_filters,2019-08-03,2019-08-10,0.0,False,-1,,,best_passed
AVAX,0.0,0.0,0.0,0,0.0,False,phase66g_production_soft_filters,2019-08-03,2019-08-10,0.0,False,-1,,,best_passed
DOGE,0.0,0.0,0.0,0,0.0,False,phase66g_production_soft_filters,2019-08-03,2019-08-10,0.0,False,-1,,,best_passed
DOT,0.0,0.0,0.0,0,0.0,False,phase66g_production_soft_filters,2019-08-03,2019-08-10,0.0,False,-1,,,best_passed
ETH,0.0,0.0,0.0,0,0.0,False,phase66g_production_soft_filters,2019-08-03,2019-08-10,0.0,False,-1,,,best_passed
LINK,0.0,0.0,0.0,0,0.0,False,phase66g_production_soft_filters,2019-08-03,2019-08-10,0.0,False,-1,,,best_passed
TRX,0.0,0.0,0.0,0,0.0,False,phase66g_production_soft_filters,2019-08-03,2019-08-10,0.0,False,-1,,,best_passed
XRP,0.0,0.0,0.0,0,0.0,False,phase66g_production_soft_filters,2019-08-03,2019-08-10,0.0,False,-1,,,best_passed
BNB,-16.094930873034514,0.0,0.0,3,-23.69239630955177,False,phase66g_production_soft_filters,2019-08-03,2019-08-10,0.0,False,11,,,best_passed
ADA,0.0,0.0,0.0,0,0.0,False,phase66g_production_soft_filters,2019-08-10,2019-08-17,0.0,False,-1,,,best_passed
AVAX,0.0,0.0,0.0,0,0.0,False,phase66g_production_soft_filters,2019-08-10,2019-08-17,0.0,False,-1,,,best_passed
DOGE,0.0,0.0,0.0,0,0.0,False,phase66g_production_soft_filters,2019-08-10,2019-08-17,0.0,False,-1,,,best_passed
DOT,0.0,0.0,0.0,0,0.0,False,phase66g_production_soft_filters,2019-08-10,2019-08-17,0.0,False,-1,,,best_passed
ETH,0.0,0.0,0.0,0,0.0,False,phase66g_production_soft_filters,2019-08-10,2019-08-17,0.0,False,-1,,,best_passed
LINK,0.0,0.0,0.0,0,0.0,False,phase66g_production_soft_filters,2019-08-10,2019-08-17,0.0,False,-1,,,best_passed
TRX,0.0,0.0,0.0,0,0.0,False,phase66g_production_soft_filters,2019-08-10,2019-08-17,0.0,False,-1,,,best_passed
XRP,0.0,0.0,0.0,0,0.0,False,phase66g_production_soft_filters,2019-08-10,2019-08-17,0.0,False,-1,,,best_passed
BNB,-16.094930873034514,0.0,0.0,3,-23.69239630955177,False,phase66g_production_soft_filters,2019-08-10,2019-08-17,0.0,False,11,,,best_passed
ADA,0.0,0.0,0.0,0,0.0,False,phase66g_production_soft_filters,2019-08-17,2019-08-24,0.0,False,-1,,,best_passed
AVAX,0.0,0.0,0.0,0,0.0,False,phase66g_production_soft_filters,2019-08-17,2019-08-24,0.0,False,-1,,,best_passed
DOGE,0.0,0.0,0.0,0,0.0,False,phase66g_production_soft_filters,2019-08-17,2019-08-24,0.0,False,-1,,,best_passed
DOT,0.0,0.0,0.0,0,0.0,False,phase66g_production_soft_filters,2019-08-17,2019-08-24,0.0,False,-1,,,best_passed
ETH,0.0,0.0,0.0,0,0.0,False,phase66g_production_soft_filters,2019-08-17,2019-08-24,0.0,False,-1,,,best_passed
LINK,0.0,0.0,0.0,0,0.0,False,phase66g_production_soft_filters,2019-08-17,2019-08-24,0.0,False,-1,,,best_passed
TRX,0.0,0.0,0.0,0,0.0,False,phase66g_production_soft_filters,2019-08-17,2019-08-24,0.0,False,-1,,,best_passed
XRP,0.0,0.0,0.0,0,0.0,False,phase66g_production_soft_filters,2019-08-17,2019-08-24,0.0,False,-1,,,best_passed
BNB,-16.094930873034514,0.0,0.0,3,-23.69239630955177,False,phase66g_production_soft_filters,2019-08-17,2019-08-24,0.0,False,11,,,best_passed
ADA,0.0,0.0,0.0,0,0.0,False,phase66g_production_soft_filters,2019-08-24,2019-08-31,0.0,False,-1,,,best_passed
AVAX,0.0,0.0,0.0,0,0.0,False,phase66g_production_soft_filters,2019-08-24,2019-08-31,0.0,False,-1,,,best_passed
DOGE,0.0,0.0,0.0,0,0.0,False,phase66g_production_soft_filters,2019-08-24,2019-08-31,0.0,False,-1,,,best_passed
DOT,0.0,0.0,0.0,0,0.0,False,phase66g_production_soft_filters,2019-08-24,2019-08-31,0.0,False,-1,,,best_passed
ETH,0.0,0.0,0.0,0,0.0,False,phase66g_production_soft_filters,2019-08-24,2019-08-31,0.0,False,-1,,,best_passed
LINK,0.0,0.0,0.0,0,0.0,False,phase66g_production_soft_filters,2019-08-24,2019-08-31,0.0,False,-1,,,best_passed
TRX,0.0,0.0,0.0,0,0.0,False,phase66g_production_soft_filters,2019-08-24,2019-08-31,0.0,False,-1,,,best_passed
XRP,0.0,0.0,0.0,0,0.0,False,phase66g_production_soft_filters,2019-08-24,2019-08-31,0.0,False,-1,,,best_passed
BNB,-16.094930873034514,0.0,0.0,3,-23.69239630955177,False,phase66g_production_soft_filters,2019-08-24,2019-08-31,0.0,False,11,,,best_passed
ADA,0.0,0.0,0.0,0,0.0,False,phase66g_production_soft_filters,2019-08-31,2019-09-07,0.0,False,-1,,,best_passed
AVAX,0.0,0.0,0.0,0,0.0,False,phase66g_production_soft_filters,2019-08-31,2019-09-07,0.0,False,-1,,,best_passed
DOGE,0.0,0.0,0.0,0,0.0,False,phase66g_production_soft_filters,2019-08-31,2019-09-07,0.0,False,-1,,,best_passed
DOT,0.0,0.0,0.0,0,0.0,False,phase66g_production_soft_filters,2019-08-31,2019-09-07,0.0,False,-1,,,best_passed
ETH,0.0,0.0,0.0,0,0.0,False,phase66g_production_soft_filters,2019-08-31,2019-09-07,0.0,False,-1,,,best_passed
LINK,0.0,0.0,0.0,0,0.0,False,phase66g_production_soft_filters,2019-08-31,2019-09-07,0.0,False,-1,,,best_passed
TRX,0.0,0.0,0.0,0,0.0,False,phase66g_production_soft_filters,2019-08-31,2019-09-07,0.0,False,-1,,,best_passed
XRP,0.0,0.0,0.0,0,0.0,False,phase66g_production_soft_filters,2019-08-31,2019-09-07,0.0,False,-1,,,best_passed
BNB,-16.094930873034514,0.0,0.0,3,-23.69239630955177,False,phase66g_production_soft_filters,2019-08-31,2019-09-07,0.0,False,11,,,best_passed
ADA,0.0,0.0,0.0,0,0.0,False,phase66g_production_soft_filters,2019-09-07,2019-09-14,0.0,False,-1,,,best_passed
AVAX,0.0,0.0,0.0,0,0.0,False,phase66g_production_soft_filters,2019-09-07,2019-09-14,0.0,False,-1,,,best_passed
DOGE,0.0,0.0,0.0,0,0.0,False,phase66g_production_soft_filters,2019-09-07,2019-09-14,0.0,False,-1,,,best_passed
DOT,0.0,0.0,0.0,0,0.0,False,phase66g_production_soft_filters,2019-09-07,2019-09-14,0.0,False,-1,,,best_passed
ETH,0.0,0.0,0.0,0,0.0,False,phase66g_production_soft_filters,2019-09-07,2019-09-14,0.0,False,-1,,,best_passed
LINK,0.0,0.0,0.0,0,0.0,False,phase66g_production_soft_filters,2019-09-07,2019-09-14,0.0,False,-1,,,best_passed
TRX,0.0,0.0,0.0,0,0.0,False,phase66g_production_soft_filters,2019-09-07,2019-09-14,0.0,False,-1,,,best_passed
XRP,0.0,0.0,0.0,0,0.0,False,phase66g_production_soft_filters,2019-09-07,2019-09-14,0.0,False,-1,,,best_passed
BNB,-16.094930873034514,0.0,0.0,3,-23.69239630955177,False,phase66g_production_soft_filters,2019-09-07,2019-09-14,0.0,False,11,,,best_passed
ADA,0.0,0.0,0.0,0,0.0,False,phase66g_production_soft_filters,2019-09-14,2019-09-21,0.0,False,-1,,,best_passed
AVAX,0.0,0.0,0.0,0,0.0,False,phase66g_production_soft_filters,2019-09-14,2019-09-21,0.0,False,-1,,,best_passed
DOGE,0.0,0.0,0.0,0,0.0,False,phase66g_production_soft_filters,2019-09-14,2019-09-21,0.0,False,-1,,,best_passed
DOT,0.0,0.0,0.0,0,0.0,False,phase66g_production_soft_filters,2019-09-14,2019-09-21,0.0,False,-1,,,best_passed
ETH,0.0,0.0,0.0,0,0.0,False,phase66g_production_soft_filters,2019-09-14,2019-09-21,0.0,False,-1,,,best_passed
LINK,0.0,0.0,0.0,0,0.0,False,phase66g_production_soft_filters,2019-09-14,2019-09-21,0.0,False,-1,,,best_passed
TRX,0.0,0.0,0.0,0,0.0,False,phase66g_production_soft_filters,2019-09-14,2019-09-21,0.0,False,-1,,,best_passed
XRP,0.0,0.0,0.0,0,0.0,False,phase66g_production_soft_filters,2019-09-14,2019-09-21,0.0,False,-1,,,best_passed
BNB,-16.094930873034514,0.0,0.0,3,-23.69239630955177,False,phase66g_production_soft_filters,2019-09-14,2019-09-21,0.0,False,11,,,best_passed
ADA,0.0,0.0,0.0,0,0.0,False,phase66g_production_soft_filters,2019-09-21,2019-09-28,0.0,False,-1,,,best_passed
AVAX,0.0,0.0,0.0,0,0.0,False,phase66g_production_soft_filters,2019-09-21,2019-09-28,0.0,False,-1,,,best_passed
DOGE,0.0,0.0,0.0,0,0.0,False,phase66g_production_soft_filters,2019-09-21,2019-09-28,0.0,False,-1,,,best_passed
DOT,0.0,0.0,0.0,0,0.0,False,phase66g_production_soft_filters,2019-09-21,2019-09-28,0.0,False,-1,,,best_passed
ETH,0.0,0.0,0.0,0,0.0,False,phase66g_production_soft_filters,2019-09-21,2019-09-28,0.0,False,-1,,,best_passed
LINK,0.0,0.0,0.0,0,0.0,False,phase66g_production_soft_filters,2019-09-21,2019-09-28,0.0,False,-1,,,best_passed
TRX,0.0,0.0,0.0,0,0.0,False,phase66g_production_soft_filters,2019-09-21,2019-09-28,0.0,False,-1,,,best_passed
XRP,0.0,0.0,0.0,0,0.0,False,phase66g_production_soft_filters,2019-09-21,2019-09-28,0.0,False,-1,,,best_passed
BNB,-16.094930873034514,0.0,0.0,3,-23.69239630955177,False,phase66g_production_soft_filters,2019-09-21,2019-09-28,0.0,False,11,,,best_passed
ADA,0.0,0.0,0.0,0,0.0,False,phase66g_production_soft_filters,2019-09-28,2019-10-05,0.0,False,-1,,,best_passed
AVAX,0.0,0.0,0.0,0,0.0,False,phase66g_production_soft_filters,2019-09-28,2019-10-05,0.0,False,-1,,,best_passed
DOGE,0.0,0.0,0.0,0,0.0,False,phase66g_production_soft_filters,2019-09-28,2019-10-05,0.0,False,-1,,,best_passed
DOT,0.0,0.0,0.0,0,0.0,False,phase66g_production_soft_filters,2019-09-28,2019-10-05,0.0,False,-1,,,best_passed
ETH,0.0,0.0,0.0,0,0.0,False,phase66g_production_soft_filters,2019-09-28,2019-10-05,0.0,False,-1,,,best_passed
LINK,0.0,0.0,0.0,0,0.0,False,phase66g_production_soft_filters,2019-09-28,2019-10-05,0.0,False,-1,,,best_passed
TRX,0.0,0.0,0.0,0,0.0,False,phase66g_production_soft_filters,2019-09-28,2019-10-05,0.0,False,-1,,,best_passed
XRP,0.0,0.0,0.0,0,0.0,False,phase66g_production_soft_filters,2019-09-28,2019-10-05,0.0,False,-1,,,best_passed
BNB,-16.094930873034514,0.0,0.0,3,-23.69239630955177,False,phase66g_production_soft_filters,2019-09-28,2019-10-05,0.0,False,11,,,best_passed
ADA,0.0,0.0,0.0,0,0.0,False,phase66g_production_soft_filters,2019-10-05,2019-10-12,0.0,False,-1,,,best_passed
AVAX,0.0,0.0,0.0,0,0.0,False,phase66g_production_soft_filters,2019-10-05,2019-10-12,0.0,False,-1,,,best_passed
DOGE,0.0,0.0,0.0,0,0.0,False,phase66g_production_soft_filters,2019-10-05,2019-10-12,0.0,False,-1,,,best_passed
DOT,0.0,0.0,0.0,0,0.0,False,phase66g_production_soft_filters,2019-10-05,2019-10-12,0.0,False,-1,,,best_passed
ETH,0.0,0.0,0.0,0,0.0,False,phase66g_production_soft_filters,2019-10-05,2019-10-12,0.0,False,-1,,,best_passed
LINK,0.0,0.0,0.0,0,0.0,False,phase66g_production_soft_filters,2019-10-05,2019-10-12,0.0,False,-1,,,best_passed
TRX,0.0,0.0,0.0,0,0.0,False,phase66g_production_soft_filters,2019-10-05,2019-10-12,0.0,False,-1,,,best_passed
XRP,0.0,0.0,0.0,0,0.0,False,phase66g_production_soft_filters,2019-10-05,2019-10-12,0.0,False,-1,,,best_passed
BNB,-16.094930873034514,0.0,0.0,3,-23.69239630955177,False,phase66g_production_soft_filters,2019-10-05,2019-10-12,0.0,False,11,,,best_passed
ADA,0.0,0.0,0.0,0,0.0,False,phase66g_production_soft_filters,2019-10-12,2019-10-19,0.0,False,-1,,,best_passed
AVAX,0.0,0.0,0.0,0,0.0,False,phase66g_production_soft_filters,2019-10-12,2019-10-19,0.0,False,-1,,,best_passed
DOGE,0.0,0.0,0.0,0,0.0,False,phase66g_production_soft_filters,2019-10-12,2019-10-19,0.0,False,-1,,,best_passed
DOT,0.0,0.0,0.0,0,0.0,False,phase66g_production_soft_filters,2019-10-12,2019-10-19,0.0,False,-1,,,best_passed
ETH,0.0,0.0,0.0,0,0.0,False,phase66g_production_soft_filters,2019-10-12,2019-10-19,0.0,False,-1,,,best_passed
LINK,0.0,0.0,0.0,0,0.0,False,phase66g_production_soft_filters,2019-10-12,2019-10-19,0.0,False,-1,,,best_passed
TRX,0.0,0.0,0.0,0,0.0,False,phase66g_production_soft_filters,2019-10-12,2019-10-19,0.0,False,-1,,,best_passed
XRP,0.0,0.0,0.0,0,0.0,False,phase66g_production_soft_filters,2019-10-12,2019-10-19,0.0,False,-1,,,best_passed
BNB,-16.094930873034514,0.0,0.0,3,-23.69239630955177,False,phase66g_production_soft_filters,2019-10-12,2019-10-19,0.0,False,11,,,best_passed
ADA,0.0,0.0,0.0,0,0.0,False,phase66g_production_soft_filters,2019-10-19,2019-10-26,0.0,False,-1,,,best_passed
AVAX,0.0,0.0,0.0,0,0.0,False,phase66g_production_soft_filters,2019-10-19,2019-10-26,0.0,False,-1,,,best_passed
DOGE,0.0,0.0,0.0,0,0.0,False,phase66g_production_soft_filters,2019-10-19,2019-10-26,0.0,False,-1,,,best_passed
DOT,0.0,0.0,0.0,0,0.0,False,phase66g_production_soft_filters,2019-10-19,2019-10-26,0.0,False,-1,,,best_passed
ETH,0.0,0.0,0.0,0,0.0,False,phase66g_production_soft_filters,2019-10-19,2019-10-26,0.0,False,-1,,,best_passed
LINK,0.0,0.0,0.0,0,0.0,False,phase66g_production_soft_filters,2019-10-19,2019-10-26,0.0,False,-1,,,best_passed
TRX,0.0,0.0,0.0,0,0.0,False,phase66g_production_soft_filters,2019-10-19,2019-10-26,0.0,False,-1,,,best_passed
XRP,0.0,0.0,0.0,0,0.0,False,phase66g_production_soft_filters,2019-10-19,2019-10-26,0.0,False,-1,,,best_passed
BNB,-16.094930873034514,0.0,0.0,3,-23.69239630955177,False,phase66g_production_soft_filters,2019-10-19,2019-10-26,0.0,False,11,,,best_passed
ADA,0.0,0.0,0.0,0,0.0,False,phase66g_production_soft_filters,2019-10-26,2019-11-02,0.0,False,-1,,,best_passed
AVAX,0.0,0.0,0.0,0,0.0,False,phase66g_production_soft_filters,2019-10-26,2019-11-02,0.0,False,-1,,,best_passed
DOGE,0.0,0.0,0.0,0,0.0,False,phase66g_production_soft_filters,2019-10-26,2019-11-02,0.0,False,-1,,,best_passed
DOT,0.0,0.0,0.0,0,0.0,False,phase66g_production_soft_filters,2019-10-26,2019-11-02,0.0,False,-1,,,best_passed
ETH,0.0,0.0,0.0,0,0.0,False,phase66g_production_soft_filters,2019-10-26,2019-11-02,0.0,False,-1,,,best_passed
LINK,0.0,0.0,0.0,0,0.0,False,phase66g_production_soft_filters,2019-10-26,2019-11-02,0.0,False,-1,,,best_passed
TRX,0.0,0.0,0.0,0,0.0,False,phase66g_production_soft_filters,2019-10-26,2019-11-02,0.0,False,-1,,,best_passed
XRP,0.0,0.0,0.0,0,0.0,False,phase66g_production_soft_filters,2019-10-26,2019-11-02,0.0,False,-1,,,best_passed
BNB,-16.094930873034514,0.0,0.0,3,-23.69239630955177,False,phase66g_production_soft_filters,2019-10-26,2019-11-02,0.0,False,11,,,best_passed
ADA,0.0,0.0,0.0,0,0.0,False,phase66g_production_soft_filters,2019-11-02,2019-11-09,0.0,False,-1,,,best_passed
AVAX,0.0,0.0,0.0,0,0.0,False,phase66g_production_soft_filters,2019-11-02,2019-11-09,0.0,False,-1,,,best_passed
DOGE,0.0,0.0,0.0,0,0.0,False,phase66g_production_soft_filters,2019-11-02,2019-11-09,0.0,False,-1,,,best_passed
DOT,0.0,0.0,0.0,0,0.0,False,phase66g_production_soft_filters,2019-11-02,2019-11-09,0.0,False,-1,,,best_passed
ETH,0.0,0.0,0.0,0,0.0,False,phase66g_production_soft_filters,2019-11-02,2019-11-09,0.0,False,-1,,,best_passed
LINK,0.0,0.0,0.0,0,0.0,False,phase66g_production_soft_filters,2019-11-02,2019-11-09,0.0,False,-1,,,best_passed
TRX,0.0,0.0,0.0,0,0.0,False,phase66g_production_soft_filters,2019-11-02,2019-11-09,0.0,False,-1,,,best_passed
XRP,0.0,0.0,0.0,0,0.0,False,phase66g_production_soft_filters,2019-11-02,2019-11-09,0.0,False,-1,,,best_passed
BNB,-16.094930873034514,0.0,0.0,3,-23.69239630955177,False,phase66g_production_soft_filters,2019-11-02,2019-11-09,0.0,False,11,,,best_passed
ADA,0.0,0.0,0.0,0,0.0,False,phase66g_production_soft_filters,2019-11-09,2019-11-16,0.0,False,-1,,,best_passed
AVAX,0.0,0.0,0.0,0,0.0,False,phase66g_production_soft_filters,2019-11-09,2019-11-16,0.0,False,-1,,,best_passed
DOGE,0.0,0.0,0.0,0,0.0,False,phase66g_production_soft_filters,2019-11-09,2019-11-16,0.0,False,-1,,,best_passed
DOT,0.0,0.0,0.0,0,0.0,False,phase66g_production_soft_filters,2019-11-09,2019-11-16,0.0,False,-1,,,best_passed
ETH,0.0,0.0,0.0,0,0.0,False,phase66g_production_soft_filters,2019-11-09,2019-11-16,0.0,False,-1,,,best_passed
LINK,0.0,0.0,0.0,0,0.0,False,phase66g_production_soft_filters,2019-11-09,2019-11-16,0.0,False,-1,,,best_passed
TRX,0.0,0.0,0.0,0,0.0,False,phase66g_production_soft_filters,2019-11-09,2019-11-16,0.0,False,-1,,,best_passed
XRP,0.0,0.0,0.0,0,0.0,False,phase66g_production_soft_filters,2019-11-09,2019-11-16,0.0,False,-1,,,best_passed
BNB,-16.094930873034514,0.0,0.0,3,-23.69239630955177,False,phase66g_production_soft_filters,2019-11-09,2019-11-16,0.0,False,11,,,best_passed
ADA,0.0,0.0,0.0,0,0.0,False,phase66g_production_soft_filters,2019-11-16,2019-11-23,0.0,False,-1,,,best_passed
AVAX,0.0,0.0,0.0,0,0.0,False,phase66g_production_soft_filters,2019-11-16,2019-11-23,0.0,False,-1,,,best_passed
DOGE,0.0,0.0,0.0,0,0.0,False,phase66g_production_soft_filters,2019-11-16,2019-11-23,0.0,False,-1,,,best_passed
DOT,0.0,0.0,0.0,0,0.0,False,phase66g_production_soft_filters,2019-11-16,2019-11-23,0.0,False,-1,,,best_passed
ETH,0.0,0.0,0.0,0,0.0,False,phase66g_production_soft_filters,2019-11-16,2019-11-23,0.0,False,-1,,,best_passed
LINK,0.0,0.0,0.0,0,0.0,False,phase66g_production_soft_filters,2019-11-16,2019-11-23,0.0,False,-1,,,best_passed
TRX,0.0,0.0,0.0,0,0.0,False,phase66g_production_soft_filters,2019-11-16,2019-11-23,0.0,False,-1,,,best_passed
XRP,0.0,0.0,0.0,0,0.0,False,phase66g_production_soft_filters,2019-11-16,2019-11-23,0.0,False,-1,,,best_passed
BNB,-16.094930873034514,0.0,0.0,3,-23.69239630955177,False,phase66g_production_soft_filters,2019-11-16,2019-11-23,0.0,False,11,,,best_passed
ADA,0.0,0.0,0.0,0,0.0,False,phase66g_production_soft_filters,2019-11-23,2019-11-30,0.0,False,-1,,,best_passed
AVAX,0.0,0.0,0.0,0,0.0,False,phase66g_production_soft_filters,2019-11-23,2019-11-30,0.0,False,-1,,,best_passed
DOGE,0.0,0.0,0.0,0,0.0,False,phase66g_production_soft_filters,2019-11-23,2019-11-30,0.0,False,-1,,,best_passed
DOT,0.0,0.0,0.0,0,0.0,False,phase66g_production_soft_filters,2019-11-23,2019-11-30,0.0,False,-1,,,best_passed
ETH,0.0,0.0,0.0,0,0.0,False,phase66g_production_soft_filters,2019-11-23,2019-11-30,0.0,False,-1,,,best_passed
LINK,0.0,0.0,0.0,0,0.0,False,phase66g_production_soft_filters,2019-11-23,2019-11-30,0.0,False,-1,,,best_passed
TRX,0.0,0.0,0.0,0,0.0,False,phase66g_production_soft_filters,2019-11-23,2019-11-30,0.0,False,-1,,,best_passed
XRP,0.0,0.0,0.0,0,0.0,False,phase66g_production_soft_filters,2019-11-23,2019-11-30,0.0,False,-1,,,best_passed
BNB,-16.094930873034514,0.0,0.0,3,-23.69239630955177,False,phase66g_production_soft_filters,2019-11-23,2019-11-30,0.0,False,11,,,best_passed
ADA,0.0,0.0,0.0,0,0.0,False,phase66g_production_soft_filters,2019-11-30,2019-12-07,0.0,False,-1,,,best_passed
AVAX,0.0,0.0,0.0,0,0.0,False,phase66g_production_soft_filters,2019-11-30,2019-12-07,0.0,False,-1,,,best_passed
DOGE,0.0,0.0,0.0,0,0.0,False,phase66g_production_soft_filters,2019-11-30,2019-12-07,0.0,False,-1,,,best_passed
DOT,0.0,0.0,0.0,0,0.0,False,phase66g_production_soft_filters,2019-11-30,2019-12-07,0.0,False,-1,,,best_passed
ETH,0.0,0.0,0.0,0,0.0,False,phase66g_production_soft_filters,2019-11-30,2019-12-07,0.0,False,-1,,,best_passed
LINK,0.0,0.0,0.0,0,0.0,False,phase66g_production_soft_filters,2019-11-30,2019-12-07,0.0,False,-1,,,best_passed
TRX,0.0,0.0,0.0,0,0.0,False,phase66g_production_soft_filters,2019-11-30,2019-12-07,0.0,False,-1,,,best_passed
XRP,0.0,0.0,0.0,0,0.0,False,phase66g_production_soft_filters,2019-11-30,2019-12-07,0.0,False,-1,,,best_passed
BNB,-16.094930873034514,0.0,0.0,3,-23.69239630955177,False,phase66g_production_soft_filters,2019-11-30,2019-12-07,0.0,False,11,,,best_passed
ADA,0.0,0.0,0.0,0,0.0,False,phase66g_production_soft_filters,2019-12-07,2019-12-14,0.0,False,-1,,,best_passed
AVAX,0.0,0.0,0.0,0,0.0,False,phase66g_production_soft_filters,2019-12-07,2019-12-14,0.0,False,-1,,,best_passed
DOGE,0.0,0.0,0.0,0,0.0,False,phase66g_production_soft_filters,2019-12-07,2019-12-14,0.0,False,-1,,,best_passed
DOT,0.0,0.0,0.0,0,0.0,False,phase66g_production_soft_filters,2019-12-07,2019-12-14,0.0,False,-1,,,best_passed
ETH,0.0,0.0,0.0,0,0.0,False,phase66g_production_soft_filters,2019-12-07,2019-12-14,0.0,False,-1,,,best_passed
LINK,0.0,0.0,0.0,0,0.0,False,phase66g_production_soft_filters,2019-12-07,2019-12-14,0.0,False,-1,,,best_passed
TRX,0.0,0.0,0.0,0,0.0,False,phase66g_production_soft_filters,2019-12-07,2019-12-14,0.0,False,-1,,,best_passed
XRP,0.0,0.0,0.0,0,0.0,False,phase66g_production_soft_filters,2019-12-07,2019-12-14,0.0,False,-1,,,best_passed
BNB,-16.094930873034514,0.0,0.0,3,-23.69239630955177,False,phase66g_production_soft_filters,2019-12-07,2019-12-14,0.0,False,11,,,best_passed
ADA,0.0,0.0,0.0,0,0.0,False,phase66g_production_soft_filters,2019-12-14,2019-12-21,0.0,False,-1,,,best_passed
AVAX,0.0,0.0,0.0,0,0.0,False,phase66g_production_soft_filters,2019-12-14,2019-12-21,0.0,False,-1,,,best_passed
DOGE,0.0,0.0,0.0,0,0.0,False,phase66g_production_soft_filters,2019-12-14,2019-12-21,0.0,False,-1,,,best_passed
DOT,0.0,0.0,0.0,0,0.0,False,phase66g_production_soft_filters,2019-12-14,2019-12-21,0.0,False,-1,,,best_passed
ETH,0.0,0.0,0.0,0,0.0,False,phase66g_production_soft_filters,2019-12-14,2019-12-21,0.0,False,-1,,,best_passed
LINK,0.0,0.0,0.0,0,0.0,False,phase66g_production_soft_filters,2019-12-14,2019-12-21,0.0,False,-1,,,best_passed
TRX,0.0,0.0,0.0,0,0.0,False,phase66g_production_soft_filters,2019-12-14,2019-12-21,0.0,False,-1,,,best_passed
XRP,0.0,0.0,0.0,0,0.0,False,phase66g_production_soft_filters,2019-12-14,2019-12-21,0.0,False,-1,,,best_passed
BNB,-16.094930873034514,0.0,0.0,3,-23.69239630955177,False,phase66g_production_soft_filters,2019-12-14,2019-12-21,0.0,False,11,,,best_passed
ADA,0.0,0.0,0.0,0,0.0,False,phase66g_production_soft_filters,2019-12-21,2019-12-28,0.0,False,-1,,,best_passed
AVAX,0.0,0.0,0.0,0,0.0,False,phase66g_production_soft_filters,2019-12-21,2019-12-28,0.0,False,-1,,,best_passed
DOGE,0.0,0.0,0.0,0,0.0,False,phase66g_production_soft_filters,2019-12-21,2019-12-28,0.0,False,-1,,,best_passed
DOT,0.0,0.0,0.0,0,0.0,False,phase66g_production_soft_filters,2019-12-21,2019-12-28,0.0,False,-1,,,best_passed
ETH,0.0,0.0,0.0,0,0.0,False,phase66g_production_soft_filters,2019-12-21,2019-12-28,0.0,False,-1,,,best_passed
LINK,0.0,0.0,0.0,0,0.0,False,phase66g_production_soft_filters,2019-12-21,2019-12-28,0.0,False,-1,,,best_passed
TRX,0.0,0.0,0.0,0,0.0,False,phase66g_production_soft_filters,2019-12-21,2019-12-28,0.0,False,-1,,,best_passed
XRP,0.0,0.0,0.0,0,0.0,False,phase66g_production_soft_filters,2019-12-21,2019-12-28,0.0,False,-1,,,best_passed
BNB,-16.094930873034514,0.0,0.0,3,-23.69239630955177,False,phase66g_production_soft_filters,2019-12-21,2019-12-28,0.0,False,11,,,best_passed
ADA,0.0,0.0,0.0,0,0.0,False,phase66g_production_soft_filters,2019-12-28,2020-01-04,0.0,False,-1,,,best_passed
AVAX,0.0,0.0,0.0,0,0.0,False,phase66g_production_soft_filters,2019-12-28,2020-01-04,0.0,False,-1,,,best_passed
DOGE,0.0,0.0,0.0,0,0.0,False,phase66g_production_soft_filters,2019-12-28,2020-01-04,0.0,False,-1,,,best_passed
DOT,0.0,0.0,0.0,0,0.0,False,phase66g_production_soft_filters,2019-12-28,2020-01-04,0.0,False,-1,,,best_passed
ETH,0.0,0.0,0.0,0,0.0,False,phase66g_production_soft_filters,2019-12-28,2020-01-04,0.0,False,-1,,,best_passed
LINK,0.0,0.0,0.0,0,0.0,False,phase66g_production_soft_filters,2019-12-28,2020-01-04,0.0,False,-1,,,best_passed
TRX,0.0,0.0,0.0,0,0.0,False,phase66g_production_soft_filters,2019-12-28,2020-01-04,0.0,False,-1,,,best_passed
XRP,0.0,0.0,0.0,0,0.0,False,phase66g_production_soft_filters,2019-12-28,2020-01-04,0.0,False,-1,,,best_passed
BNB,-16.094930873034514,0.0,0.0,3,-23.69239630955177,False,phase66g_production_soft_filters,2019-12-28,2020-01-04,0.0,False,11,,,best_passed
ADA,0.0,0.0,0.0,0,0.0,False,phase66g_production_soft_filters,2020-01-04,2020-01-11,0.0,False,-1,,,best_passed
AVAX,0.0,0.0,0.0,0,0.0,False,phase66g_production_soft_filters,2020-01-04,2020-01-11,0.0,False,-1,,,best_passed
DOGE,0.0,0.0,0.0,0,0.0,False,phase66g_production_soft_filters,2020-01-04,2020-01-11,0.0,False,-1,,,best_passed
DOT,0.0,0.0,0.0,0,0.0,False,phase66g_production_soft_filters,2020-01-04,2020-01-11,0.0,False,-1,,,best_passed
ETH,0.0,0.0,0.0,0,0.0,False,phase66g_production_soft_filters,2020-01-04,2020-01-11,0.0,False,-1,,,best_passed
LINK,0.0,0.0,0.0,0,0.0,False,phase66g_production_soft_filters,2020-01-04,2020-01-11,0.0,False,-1,,,best_passed
TRX,0.0,0.0,0.0,0,0.0,False,phase66g_production_soft_filters,2020-01-04,2020-01-11,0.0,False,-1,,,best_passed
XRP,0.0,0.0,0.0,0,0.0,False,phase66g_production_soft_filters,2020-01-04,2020-01-11,0.0,False,-1,,,best_passed
BNB,-16.094930873034514,0.0,0.0,3,-23.69239630955177,False,phase66g_production_soft_filters,2020-01-04,2020-01-11,0.0,False,11,,,best_passed
ADA,0.0,0.0,0.0,0,0.0,False,phase66g_production_soft_filters,2020-01-11,2020-01-18,0.0,False,-1,,,best_passed
AVAX,0.0,0.0,0.0,0,0.0,False,phase66g_production_soft_filters,2020-01-11,2020-01-18,0.0,False,-1,,,best_passed
DOGE,0.0,0.0,0.0,0,0.0,False,phase66g_production_soft_filters,2020-01-11,2020-01-18,0.0,False,-1,,,best_passed
DOT,0.0,0.0,0.0,0,0.0,False,phase66g_production_soft_filters,2020-01-11,2020-01-18,0.0,False,-1,,,best_passed
ETH,0.0,0.0,0.0,0,0.0,False,phase66g_production_soft_filters,2020-01-11,2020-01-18,0.0,False,-1,,,best_passed
LINK,0.0,0.0,0.0,0,0.0,False,phase66g_production_soft_filters,2020-01-11,2020-01-18,0.0,False,-1,,,best_passed
TRX,0.0,0.0,0.0,0,0.0,False,phase66g_production_soft_filters,2020-01-11,2020-01-18,0.0,False,-1,,,best_passed
XRP,0.0,0.0,0.0,0,0.0,False,phase66g_production_soft_filters,2020-01-11,2020-01-18,0.0,False,-1,,,best_passed
BNB,-16.094930873034514,0.0,0.0,3,-23.69239630955177,False,phase66g_production_soft_filters,2020-01-11,2020-01-18,0.0,False,11,,,best_passed
ADA,0.0,0.0,0.0,0,0.0,False,phase66g_production_soft_filters,2020-01-18,2020-01-25,0.0,False,-1,,,best_passed
AVAX,0.0,0.0,0.0,0,0.0,False,phase66g_production_soft_filters,2020-01-18,2020-01-25,0.0,False,-1,,,best_passed
DOGE,0.0,0.0,0.0,0,0.0,False,phase66g_production_soft_filters,2020-01-18,2020-01-25,0.0,False,-1,,,best_passed
DOT,0.0,0.0,0.0,0,0.0,False,phase66g_production_soft_filters,2020-01-18,2020-01-25,0.0,False,-1,,,best_passed
ETH,0.0,0.0,0.0,0,0.0,False,phase66g_production_soft_filters,2020-01-18,2020-01-25,0.0,False,-1,,,best_passed
LINK,0.0,0.0,0.0,0,0.0,False,phase66g_production_soft_filters,2020-01-18,2020-01-25,0.0,False,-1,,,best_passed
TRX,0.0,0.0,0.0,0,0.0,False,phase66g_production_soft_filters,2020-01-18,2020-01-25,0.0,False,-1,,,best_passed
XRP,0.0,0.0,0.0,0,0.0,False,phase66g_production_soft_filters,2020-01-18,2020-01-25,0.0,False,-1,,,best_passed
BNB,-16.094930873034514,0.0,0.0,3,-23.69239630955177,False,phase66g_production_soft_filters,2020-01-18,2020-01-25,0.0,False,11,,,best_passed
ADA,0.0,0.0,0.0,0,0.0,False,phase66g_production_soft_filters,2020-01-25,2020-02-01,0.0,False,-1,,,best_passed
AVAX,0.0,0.0,0.0,0,0.0,False,phase66g_production_soft_filters,2020-01-25,2020-02-01,0.0,False,-1,,,best_passed
DOGE,0.0,0.0,0.0,0,0.0,False,phase66g_production_soft_filters,2020-01-25,2020-02-01,0.0,False,-1,,,best_passed
DOT,0.0,0.0,0.0,0,0.0,False,phase66g_production_soft_filters,2020-01-25,2020-02-01,0.0,False,-1,,,best_passed
ETH,0.0,0.0,0.0,0,0.0,False,phase66g_production_soft_filters,2020-01-25,2020-02-01,0.0,False,-1,,,best_passed
LINK,0.0,0.0,0.0,0,0.0,False,phase66g_production_soft_filters,2020-01-25,2020-02-01,0.0,False,-1,,,best_passed
TRX,0.0,0.0,0.0,0,0.0,False,phase66g_production_soft_filters,2020-01-25,2020-02-01,0.0,False,-1,,,best_passed
XRP,0.0,0.0,0.0,0,0.0,False,phase66g_production_soft_filters,2020-01-25,2020-02-01,0.0,False,-1,,,best_passed
BNB,-15.426992259100402,0.0,1.0658141036401503e-14,3,-22.690488388650618,False,phase66g_production_soft_filters,2020-01-25,2020-02-01,0.0,False,11,,,best_passed
ADA,0.0,0.0,0.0,0,0.0,False,phase66g_production_soft_filters,2020-02-01,2020-02-08,0.0,False,-1,,,best_passed
AVAX,0.0,0.0,0.0,0,0.0,False,phase66g_production_soft_filters,2020-02-01,2020-02-08,0.0,False,-1,,,best_passed
DOGE,0.0,0.0,0.0,0,0.0,False,phase66g_production_soft_filters,2020-02-01,2020-02-08,0.0,False,-1,,,best_passed
DOT,0.0,0.0,0.0,0,0.0,False,phase66g_production_soft_filters,2020-02-01,2020-02-08,0.0,False,-1,,,best_passed
ETH,0.0,0.0,0.0,0,0.0,False,phase66g_production_soft_filters,2020-02-01,2020-02-08,0.0,False,-1,,,best_passed
LINK,0.0,0.0,0.0,0,0.0,False,phase66g_production_soft_filters,2020-02-01,2020-02-08,0.0,False,-1,,,best_passed
TRX,0.0,0.0,0.0,0,0.0,False,phase66g_production_soft_filters,2020-02-01,2020-02-08,0.0,False,-1,,,best_passed
XRP,0.0,0.0,0.0,0,0.0,False,phase66g_production_soft_filters,2020-02-01,2020-02-08,0.0,False,-1,,,best_passed
BNB,-17.35806212813452,0.0,1.0658141036401503e-14,3,-25.587093192201795,False,phase66g_production_soft_filters,2020-02-01,2020-02-08,0.0,False,11,,,best_passed
ADA,0.0,0.0,0.0,0,0.0,False,phase66g_production_soft_filters,2020-02-08,2020-02-15,0.0,False,-1,,,best_passed
AVAX,0.0,0.0,0.0,0,0.0,False,phase66g_production_soft_filters,2020-02-08,2020-02-15,0.0,False,-1,,,best_passed
DOGE,0.0,0.0,0.0,0,0.0,False,phase66g_production_soft_filters,2020-02-08,2020-02-15,0.0,False,-1,,,best_passed
DOT,0.0,0.0,0.0,0,0.0,False,phase66g_production_soft_filters,2020-02-08,2020-02-15,0.0,False,-1,,,best_passed
ETH,0.0,0.0,0.0,0,0.0,False,phase66g_production_soft_filters,2020-02-08,2020-02-15,0.0,False,-1,,,best_passed
LINK,0.0,0.0,0.0,0,0.0,False,phase66g_production_soft_filters,2020-02-08,2020-02-15,0.0,False,-1,,,best_passed
TRX,0.0,0.0,0.0,0,0.0,False,phase66g_production_soft_filters,2020-02-08,2020-02-15,0.0,False,-1,,,best_passed
XRP,0.0,0.0,0.0,0,0.0,False,phase66g_production_soft_filters,2020-02-08,2020-02-15,0.0,False,-1,,,best_passed
BNB,-18.302187588082788,0.0,1.0658141036401503e-14,3,-27.003281382124197,False,phase66g_production_soft_filters,2020-02-08,2020-02-15,0.0,False,11,,,best_passed
ADA,0.0,0.0,0.0,0,0.0,False,phase66g_production_soft_filters,2020-02-15,2020-02-22,0.0,False,-1,,,best_passed
AVAX,0.0,0.0,0.0,0,0.0,False,phase66g_production_soft_filters,2020-02-15,2020-02-22,0.0,False,-1,,,best_passed
DOGE,0.0,0.0,0.0,0,0.0,False,phase66g_production_soft_filters,2020-02-15,2020-02-22,0.0,False,-1,,,best_passed
DOT,0.0,0.0,0.0,0,0.0,False,phase66g_production_soft_filters,2020-02-15,2020-02-22,0.0,False,-1,,,best_passed
ETH,0.0,0.0,0.0,0,0.0,False,phase66g_production_soft_filters,2020-02-15,2020-02-22,0.0,False,-1,,,best_passed
LINK,0.0,0.0,0.0,0,0.0,False,phase66g_production_soft_filters,2020-02-15,2020-02-22,0.0,False,-1,,,best_passed
TRX,0.0,0.0,0.0,0,0.0,False,phase66g_production_soft_filters,2020-02-15,2020-02-22,0.0,False,-1,,,best_passed
XRP,0.0,0.0,0.0,0,0.0,False,phase66g_production_soft_filters,2020-02-15,2020-02-22,0.0,False,-1,,,best_passed
BNB,-18.426022640622335,0.0,1.0658141036401503e-14,3,-27.189033960933518,False,phase66g_production_soft_filters,2020-02-15,2020-02-22,0.0,False,11,,,best_passed
ADA,0.0,0.0,0.0,0,0.0,False,phase66g_production_soft_filters,2020-02-22,2020-02-29,0.0,False,-1,,,best_passed
AVAX,0.0,0.0,0.0,0,0.0,False,phase66g_production_soft_filters,2020-02-22,2020-02-29,0.0,False,-1,,,best_passed
DOGE,0.0,0.0,0.0,0,0.0,False,phase66g_production_soft_filters,2020-02-22,2020-02-29,0.0,False,-1,,,best_passed
DOT,0.0,0.0,0.0,0,0.0,False,phase66g_production_soft_filters,2020-02-22,2020-02-29,0.0,False,-1,,,best_passed
ETH,0.0,0.0,0.0,0,0.0,False,phase66g_production_soft_filters,2020-02-22,2020-02-29,0.0,False,-1,,,best_passed
LINK,0.0,0.0,0.0,0,0.0,False,phase66g_production_soft_filters,2020-02-22,2020-02-29,0.0,False,-1,,,best_passed
TRX,0.0,0.0,0.0,0,0.0,False,phase66g_production_soft_filters,2020-02-22,2020-02-29,0.0,False,-1,,,best_passed
XRP,0.0,0.0,0.0,0,0.0,False,phase66g_production_soft_filters,2020-02-22,2020-02-29,0.0,False,-1,,,best_passed
BNB,-18.39838360666141,0.0,1.0658141036401503e-14,3,-27.147575409992132,False,phase66g_production_soft_filters,2020-02-22,2020-02-29,0.0,False,11,,,best_passed
ADA,0.0,0.0,0.0,0,0.0,False,phase66g_production_soft_filters,2020-02-29,2020-03-07,0.0,False,-1,,,best_passed
AVAX,0.0,0.0,0.0,0,0.0,False,phase66g_production_soft_filters,2020-02-29,2020-03-07,0.0,False,-1,,,best_passed
DOGE,0.0,0.0,0.0,0,0.0,False,phase66g_production_soft_filters,2020-02-29,2020-03-07,0.0,False,-1,,,best_passed
DOT,0.0,0.0,0.0,0,0.0,False,phase66g_production_soft_filters,2020-02-29,2020-03-07,0.0,False,-1,,,best_passed
ETH,0.0,0.0,0.0,0,0.0,False,phase66g_production_soft_filters,2020-02-29,2020-03-07,0.0,False,-1,,,best_passed
LINK,0.0,0.0,0.0,0,0.0,False,phase66g_production_soft_filters,2020-02-29,2020-03-07,0.0,False,-1,,,best_passed
TRX,0.0,0.0,0.0,0,0.0,False,phase66g_production_soft_filters,2020-02-29,2020-03-07,0.0,False,-1,,,best_passed
XRP,0.0,0.0,0.0,0,0.0,False,phase66g_production_soft_filters,2020-02-29,2020-03-07,0.0,False,-1,,,best_passed
BNB,-18.39838360666141,0.0,1.0658141036401503e-14,3,-27.147575409992132,False,phase66g_production_soft_filters,2020-02-29,2020-03-07,0.0,False,11,,,best_passed
ADA,0.0,0.0,0.0,0,0.0,False,phase66g_production_soft_filters,2020-03-07,2020-03-14,0.0,False,-1,,,best_passed
AVAX,0.0,0.0,0.0,0,0.0,False,phase66g_production_soft_filters,2020-03-07,2020-03-14,0.0,False,-1,,,best_passed
DOGE,0.0,0.0,0.0,0,0.0,False,phase66g_production_soft_filters,2020-03-07,2020-03-14,0.0,False,-1,,,best_passed
DOT,0.0,0.0,0.0,0,0.0,False,phase66g_production_soft_filters,2020-03-07,2020-03-14,0.0,False,-1,,,best_passed
ETH,0.0,0.0,0.0,0,0.0,False,phase66g_production_soft_filters,2020-03-07,2020-03-14,0.0,False,-1,,,best_passed
LINK,0.0,0.0,0.0,0,0.0,False,phase66g_production_soft_filters,2020-03-07,2020-03-14,0.0,False,-1,,,best_passed
TRX,0.0,0.0,0.0,0,0.0,False,phase66g_production_soft_filters,2020-03-07,2020-03-14,0.0,False,-1,,,best_passed
XRP,0.0,0.0,0.0,0,0.0,False,phase66g_production_soft_filters,2020-03-07,2020-03-14,0.0,False,-1,,,best_passed
BNB,-18.39838360666141,0.0,1.0658141036401503e-14,3,-27.147575409992132,False,phase66g_production_soft_filters,2020-03-07,2020-03-14,0.0,False,11,,,best_passed
ADA,0.0,0.0,0.0,0,0.0,False,phase66g_production_soft_filters,2020-03-14,2020-03-21,0.0,False,-1,,,best_passed
AVAX,0.0,0.0,0.0,0,0.0,False,phase66g_production_soft_filters,2020-03-14,2020-03-21,0.0,False,-1,,,best_passed
DOGE,0.0,0.0,0.0,0,0.0,False,phase66g_production_soft_filters,2020-03-14,2020-03-21,0.0,False,-1,,,best_passed
DOT,0.0,0.0,0.0,0,0.0,False,phase66g_production_soft_filters,2020-03-14,2020-03-21,0.0,False,-1,,,best_passed
ETH,0.0,0.0,0.0,0,0.0,False,phase66g_production_soft_filters,2020-03-14,2020-03-21,0.0,False,-1,,,best_passed
LINK,0.0,0.0,0.0,0,0.0,False,phase66g_production_soft_filters,2020-03-14,2020-03-21,0.0,False,-1,,,best_passed
TRX,0.0,0.0,0.0,0,0.0,False,phase66g_production_soft_filters,2020-03-14,2020-03-21,0.0,False,-1,,,best_passed
XRP,0.0,0.0,0.0,0,0.0,False,phase66g_production_soft_filters,2020-03-14,2020-03-21,0.0,False,-1,,,best_passed
BNB,-18.39838360666141,0.0,1.0658141036401503e-14,3,-27.147575409992132,False,phase66g_production_soft_filters,2020-03-14,2020-03-21,0.0,False,11,,,best_passed
ADA,0.0,0.0,0.0,0,0.0,False,phase66g_production_soft_filters,2020-03-21,2020-03-28,0.0,False,-1,,,best_passed
AVAX,0.0,0.0,0.0,0,0.0,False,phase66g_production_soft_filters,2020-03-21,2020-03-28,0.0,False,-1,,,best_passed
DOGE,0.0,0.0,0.0,0,0.0,False,phase66g_production_soft_filters,2020-03-21,2020-03-28,0.0,False,-1,,,best_passed
DOT,0.0,0.0,0.0,0,0.0,False,phase66g_production_soft_filters,2020-03-21,2020-03-28,0.0,False,-1,,,best_passed
ETH,0.0,0.0,0.0,0,0.0,False,phase66g_production_soft_filters,2020-03-21,2020-03-28,0.0,False,-1,,,best_passed
LINK,0.0,0.0,0.0,0,0.0,False,phase66g_production_soft_filters,2020-03-21,2020-03-28,0.0,False,-1,,,best_passed
TRX,0.0,0.0,0.0,0,0.0,False,phase66g_production_soft_filters,2020-03-21,2020-03-28,0.0,False,-1,,,best_passed
XRP,0.0,0.0,0.0,0,0.0,False,phase66g_production_soft_filters,2020-03-21,2020-03-28,0.0,False,-1,,,best_passed
BNB,-18.39838360666141,0.0,1.0658141036401503e-14,3,-27.147575409992132,False,phase66g_production_soft_filters,2020-03-21,2020-03-28,0.0,False,11,,,best_passed
ADA,0.0,0.0,0.0,0,0.0,False,phase66g_production_soft_filters,2020-03-28,2020-04-04,0.0,False,-1,,,best_passed
AVAX,0.0,0.0,0.0,0,0.0,False,phase66g_production_soft_filters,2020-03-28,2020-04-04,0.0,False,-1,,,best_passed
DOGE,0.0,0.0,0.0,0,0.0,False,phase66g_production_soft_filters,2020-03-28,2020-04-04,0.0,False,-1,,,best_passed
DOT,0.0,0.0,0.0,0,0.0,False,phase66g_production_soft_filters,2020-03-28,2020-04-04,0.0,False,-1,,,best_passed
ETH,0.0,0.0,0.0,0,0.0,False,phase66g_production_soft_filters,2020-03-28,2020-04-04,0.0,False,-1,,,best_passed
LINK,0.0,0.0,0.0,0,0.0,False,phase66g_production_soft_filters,2020-03-28,2020-04-04,0.0,False,-1,,,best_passed
TRX,0.0,0.0,0.0,0,0.0,False,phase66g_production_soft_filters,2020-03-28,2020-04-04,0.0,False,-1,,,best_passed
XRP,0.0,0.0,0.0,0,0.0,False,phase66g_production_soft_filters,2020-03-28,2020-04-04,0.0,False,-1,,,best_passed
BNB,-18.404467728224688,0.0,-3.197442310920451e-14,3,-27.156701592337033,False,phase66g_production_soft_filters,2020-03-28,2020-04-04,0.0,False,11,,,best_passed
ADA,0.0,0.0,0.0,0,0.0,False,phase66g_production_soft_filters,2020-04-04,2020-04-11,0.0,False,-1,,,best_passed
AVAX,0.0,0.0,0.0,0,0.0,False,phase66g_production_soft_filters,2020-04-04,2020-04-11,0.0,False,-1,,,best_passed
DOGE,0.0,0.0,0.0,0,0.0,False,phase66g_production_soft_filters,2020-04-04,2020-04-11,0.0,False,-1,,,best_passed
DOT,0.0,0.0,0.0,0,0.0,False,phase66g_production_soft_filters,2020-04-04,2020-04-11,0.0,False,-1,,,best_passed
ETH,0.0,0.0,0.0,0,0.0,False,phase66g_production_soft_filters,2020-04-04,2020-04-11,0.0,False,-1,,,best_passed
LINK,0.0,0.0,0.0,0,0.0,False,phase66g_production_soft_filters,2020-04-04,2020-04-11,0.0,False,-1,,,best_passed
TRX,0.0,0.0,0.0,0,0.0,False,phase66g_production_soft_filters,2020-04-04,2020-04-11,0.0,False,-1,,,best_passed
XRP,0.0,0.0,0.0,0,0.0,False,phase66g_production_soft_filters,2020-04-04,2020-04-11,0.0,False,-1,,,best_passed
BNB,-14.861138656807114,0.0,-1.0658141036401503e-14,3,-21.84170798521067,False,phase66g_production_soft_filters,2020-04-04,2020-04-11,0.0,False,11,,,best_passed
ADA,0.0,0.0,0.0,0,0.0,False,phase66g_production_soft_filters,2020-04-11,2020-04-18,0.0,False,-1,,,best_passed
AVAX,0.0,0.0,0.0,0,0.0,False,phase66g_production_soft_filters,2020-04-11,2020-04-18,0.0,False,-1,,,best_passed
DOGE,0.0,0.0,0.0,0,0.0,False,phase66g_production_soft_filters,2020-04-11,2020-04-18,0.0,False,-1,,,best_passed
DOT,0.0,0.0,0.0,0,0.0,False,phase66g_production_soft_filters,2020-04-11,2020-04-18,0.0,False,-1,,,best_passed
ETH,0.0,0.0,0.0,0,0.0,False,phase66g_production_soft_filters,2020-04-11,2020-04-18,0.0,False,-1,,,best_passed
LINK,0.0,0.0,0.0,0,0.0,False,phase66g_production_soft_filters,2020-04-11,2020-04-18,0.0,False,-1,,,best_passed
TRX,0.0,0.0,0.0,0,0.0,False,phase66g_production_soft_filters,2020-04-11,2020-04-18,0.0,False,-1,,,best_passed
XRP,0.0,0.0,0.0,0,0.0,False,phase66g_production_soft_filters,2020-04-11,2020-04-18,0.0,False,-1,,,best_passed
BNB,-16.2373563072061,0.0,-1.4210854715202004e-14,3,-23.90603446080915,False,phase66g_production_soft_filters,2020-04-11,2020-04-18,0.0,False,11,,,best_passed
ADA,0.0,0.0,0.0,0,0.0,False,phase66g_production_soft_filters,2020-04-18,2020-04-25,0.0,False,-1,,,best_passed
AVAX,0.0,0.0,0.0,0,0.0,False,phase66g_production_soft_filters,2020-04-18,2020-04-25,0.0,False,-1,,,best_passed
DOGE,0.0,0.0,0.0,0,0.0,False,phase66g_production_soft_filters,2020-04-18,2020-04-25,0.0,False,-1,,,best_passed
DOT,0.0,0.0,0.0,0,0.0,False,phase66g_production_soft_filters,2020-04-18,2020-04-25,0.0,False,-1,,,best_passed
ETH,0.0,0.0,0.0,0,0.0,False,phase66g_production_soft_filters,2020-04-18,2020-04-25,0.0,False,-1,,,best_passed
LINK,0.0,0.0,0.0,0,0.0,False,phase66g_production_soft_filters,2020-04-18,2020-04-25,0.0,False,-1,,,best_passed
TRX,0.0,0.0,0.0,0,0.0,False,phase66g_production_soft_filters,2020-04-18,2020-04-25,0.0,False,-1,,,best_passed
XRP,0.0,0.0,0.0,0,0.0,False,phase66g_production_soft_filters,2020-04-18,2020-04-25,0.0,False,-1,,,best_passed
BNB,-16.00661869120647,0.0,-1.0658141036401503e-14,3,-23.559928036809705,False,phase66g_production_soft_filters,2020-04-18,2020-04-25,0.0,False,11,,,best_passed
ADA,0.0,0.0,0.0,0,0.0,False,phase66g_production_soft_filters,2020-04-25,2020-05-02,0.0,False,-1,,,best_passed
AVAX,0.0,0.0,0.0,0,0.0,False,phase66g_production_soft_filters,2020-04-25,2020-05-02,0.0,False,-1,,,best_passed
DOGE,0.0,0.0,0.0,0,0.0,False,phase66g_production_soft_filters,2020-04-25,2020-05-02,0.0,False,-1,,,best_passed
DOT,0.0,0.0,0.0,0,0.0,False,phase66g_production_soft_filters,2020-04-25,2020-05-02,0.0,False,-1,,,best_passed
ETH,0.0,0.0,0.0,0,0.0,False,phase66g_production_soft_filters,2020-04-25,2020-05-02,0.0,False,-1,,,best_passed
LINK,0.0,0.0,0.0,0,0.0,False,phase66g_production_soft_filters,2020-04-25,2020-05-02,0.0,False,-1,,,best_passed
TRX,0.0,0.0,0.0,0,0.0,False,phase66g_production_soft_filters,2020-04-25,2020-05-02,0.0,False,-1,,,best_passed
XRP,0.0,0.0,0.0,0,0.0,False,phase66g_production_soft_filters,2020-04-25,2020-05-02,0.0,False,-1,,,best_passed
BNB,-15.851664952293888,0.0,-1.0658141036401503e-14,3,-23.327497428440832,False,phase66g_production_soft_filters,2020-04-25,2020-05-02,0.0,False,11,,,best_passed
BNB,2.4346219600742387,0.0,1.0658141036401503e-14,2,3.9519329401113445,False,phase66g_production_soft_filters,2020-05-02,2020-05-09,0.0,False,11,,,best_passed
ADA,0.0,0.0,0.0,0,0.0,False,phase66g_production_soft_filters,2020-05-02,2020-05-09,0.0,False,-1,,,best_passed
AVAX,0.0,0.0,0.0,0,0.0,False,phase66g_production_soft_filters,2020-05-02,2020-05-09,0.0,False,-1,,,best_passed
DOGE,0.0,0.0,0.0,0,0.0,False,phase66g_production_soft_filters,2020-05-02,2020-05-09,0.0,False,-1,,,best_passed
DOT,0.0,0.0,0.0,0,0.0,False,phase66g_production_soft_filters,2020-05-02,2020-05-09,0.0,False,-1,,,best_passed
ETH,0.0,0.0,0.0,0,0.0,False,phase66g_production_soft_filters,2020-05-02,2020-05-09,0.0,False,-1,,,best_passed
LINK,0.0,0.0,0.0,0,0.0,False,phase66g_production_soft_filters,2020-05-02,2020-05-09,0.0,False,-1,,,best_passed
TRX,0.0,0.0,0.0,0,0.0,False,phase66g_production_soft_filters,2020-05-02,2020-05-09,0.0,False,-1,,,best_passed
XRP,0.0,0.0,0.0,0,0.0,False,phase66g_production_soft_filters,2020-05-02,2020-05-09,0.0,False,-1,,,best_passed
DOGE,15.337497927402978,9.612977120518085,0.0,3,61.90815537317681,False,phase66g_production_soft_filters,2020-05-09,2020-05-16,9.612977120518085,False,-1,,,best_passed
ADA,0.0,0.0,0.0,0,0.0,False,phase66g_production_soft_filters,2020-05-09,2020-05-16,0.0,False,-1,,,best_passed
AVAX,0.0,0.0,0.0,0,0.0,False,phase66g_production_soft_filters,2020-05-09,2020-05-16,0.0,False,-1,,,best_passed
BNB,0.0,0.0,0.0,0,0.0,False,phase66g_production_soft_filters,2020-05-09,2020-05-16,0.0,False,11,,,best_passed
DOT,0.0,0.0,0.0,0,0.0,False,phase66g_production_soft_filters,2020-05-09,2020-05-16,0.0,False,-1,,,best_passed
ETH,0.0,0.0,0.0,0,0.0,False,phase66g_production_soft_filters,2020-05-09,2020-05-16,0.0,False,-1,,,best_passed
LINK,0.0,0.0,0.0,0,0.0,False,phase66g_production_soft_filters,2020-05-09,2020-05-16,0.0,False,-1,,,best_passed
TRX,0.0,0.0,0.0,0,0.0,False,phase66g_production_soft_filters,2020-05-09,2020-05-16,0.0,False,-1,,,best_passed
XRP,0.0,0.0,0.0,0,0.0,False,phase66g_production_soft_filters,2020-05-09,2020-05-16,0.0,False,-1,,,best_passed
DOGE,19.292225031718722,12.74578753543133,5.106222871192948,4,74.13870910031221,False,phase66g_production_soft_filters,2020-05-16,2020-05-23,12.74578753543133,False,-1,,,best_passed
ADA,0.0,0.0,0.0,0,0.0,False,phase66g_production_soft_filters,2020-05-16,2020-05-23,0.0,False,-1,,,best_passed
AVAX,0.0,0.0,0.0,0,0.0,False,phase66g_production_soft_filters,2020-05-16,2020-05-23,0.0,False,-1,,,best_passed
BNB,0.0,0.0,0.0,0,0.0,False,phase66g_production_soft_filters,2020-05-16,2020-05-23,0.0,False,11,,,best_passed
DOT,0.0,0.0,0.0,0,0.0,False,phase66g_production_soft_filters,2020-05-16,2020-05-23,0.0,False,-1,,,best_passed
ETH,0.0,0.0,0.0,0,0.0,False,phase66g_production_soft_filters,2020-05-16,2020-05-23,0.0,False,-1,,,best_passed
LINK,0.0,0.0,0.0,0,0.0,False,phase66g_production_soft_filters,2020-05-16,2020-05-23,0.0,False,-1,,,best_passed
TRX,0.0,0.0,0.0,0,0.0,False,phase66g_production_soft_filters,2020-05-16,2020-05-23,0.0,False,-1,,,best_passed
XRP,0.0,0.0,0.0,0,0.0,False,phase66g_production_soft_filters,2020-05-16,2020-05-23,0.0,False,-1,,,best_passed
DOGE,18.87657293734228,12.471178812234863,5.106222871192948,4,72.41679606596168,False,phase66g_production_soft_filters,2020-05-23,2020-05-30,12.471178812234863,False,-1,,,best_passed
ADA,0.0,0.0,0.0,0,0.0,False,phase66g_production_soft_filters,2020-05-23,2020-05-30,0.0,False,-1,,,best_passed
AVAX,0.0,0.0,0.0,0,0.0,False,phase66g_production_soft_filters,2020-05-23,2020-05-30,0.0,False,-1,,,best_passed
BNB,0.0,0.0,0.0,0,0.0,False,phase66g_production_soft_filters,2020-05-23,2020-05-30,0.0,False,11,,,best_passed
DOT,0.0,0.0,0.0,0,0.0,False,phase66g_production_soft_filters,2020-05-23,2020-05-30,0.0,False,-1,,,best_passed
ETH,0.0,0.0,0.0,0,0.0,False,phase66g_production_soft_filters,2020-05-23,2020-05-30,0.0,False,-1,,,best_passed
LINK,0.0,0.0,0.0,0,0.0,False,phase66g_production_soft_filters,2020-05-23,2020-05-30,0.0,False,-1,,,best_passed
TRX,0.0,0.0,0.0,0,0.0,False,phase66g_production_soft_filters,2020-05-23,2020-05-30,0.0,False,-1,,,best_passed
XRP,0.0,0.0,0.0,0,0.0,False,phase66g_production_soft_filters,2020-05-23,2020-05-30,0.0,False,-1,,,best_passed
ADA,58.92070698624858,38.92712278907243,0.0,4,244.68955163566258,True,phase66g_production_soft_filters,2020-05-30,2020-06-06,38.92712278907243,False,-1,,ADA,best_passed
DOGE,18.52278013651334,12.237438646778731,5.106222871192948,7,71.40114620289374,False,phase66g_production_soft_filters,2020-05-30,2020-06-06,12.237438646778731,False,-1,,ADA,best_passed
ETH,13.045409217056942,8.61870592531404,0.0,2,54.342937526841574,False,phase66g_production_soft_filters,2020-05-30,2020-06-06,8.61870592531404,False,-1,,ADA,best_passed
AVAX,0.0,0.0,0.0,0,0.0,False,phase66g_production_soft_filters,2020-05-30,2020-06-06,0.0,False,-1,,ADA,best_passed
BNB,0.0,0.0,0.0,0,0.0,False,phase66g_production_soft_filters,2020-05-30,2020-06-06,0.0,False,11,,ADA,best_passed
DOT,0.0,0.0,0.0,0,0.0,False,phase66g_production_soft_filters,2020-05-30,2020-06-06,0.0,False,-1,,ADA,best_passed
LINK,0.0,0.0,0.0,0,0.0,False,phase66g_production_soft_filters,2020-05-30,2020-06-06,0.0,False,-1,,ADA,best_passed
TRX,0.0,0.0,0.0,0,0.0,False,phase66g_production_soft_filters,2020-05-30,2020-06-06,0.0,False,-1,,ADA,best_passed
XRP,0.0,0.0,0.0,0,0.0,False,phase66g_production_soft_filters,2020-05-30,2020-06-06,0.0,False,-1,,ADA,best_passed
ADA,60.41776761162459,39.91618530660635,0.0,4,250.8913926438623,True,phase66g_production_soft_filters,2020-06-06,2020-06-13,39.91618530660635,False,-1,ADA,ADA,min_hold
DOGE,18.99340797234943,12.548368173775447,5.106222871192948,7,73.35080606463474,False,phase66g_production_soft_filters,2020-06-06,2020-06-13,12.548368173775447,False,-1,ADA,ADA,min_hold
ETH,9.505257449432428,6.27983510045389,0.0,3,39.827226575964204,False,phase66g_production_soft_filters,2020-06-06,2020-06-13,6.27983510045389,False,-1,ADA,ADA,min_hold
AVAX,0.0,0.0,0.0,0,0.0,False,phase66g_production_soft_filters,2020-06-06,2020-06-13,0.0,False,-1,ADA,ADA,min_hold
BNB,0.0,0.0,0.0,0,0.0,False,phase66g_production_soft_filters,2020-06-06,2020-06-13,0.0,False,11,ADA,ADA,min_hold
DOT,0.0,0.0,0.0,0,0.0,False,phase66g_production_soft_filters,2020-06-06,2020-06-13,0.0,False,-1,ADA,ADA,min_hold
LINK,0.0,0.0,0.0,0,0.0,False,phase66g_production_soft_filters,2020-06-06,2020-06-13,0.0,False,-1,ADA,ADA,min_hold
TRX,0.0,0.0,0.0,0,0.0,False,phase66g_production_soft_filters,2020-06-06,2020-06-13,0.0,False,-1,ADA,ADA,min_hold
XRP,0.0,0.0,0.0,0,0.0,False,phase66g_production_soft_filters,2020-06-06,2020-06-13,0.0,False,-1,ADA,ADA,min_hold
ADA,48.92510557089347,36.05618936682428,1.1485295081274813,4,216.77675393847795,True,phase66g_production_soft_filters,2020-06-13,2020-06-20,36.05618936682428,False,-1,ADA,ADA,min_hold
ETH,8.037841976036187,5.923624466555843,1.1485295081274813,6,35.215598945118295,True,phase66g_production_soft_filters,2020-06-13,2020-06-20,5.923624466555843,False,-1,ADA,ADA,min_hold
DOGE,15.380483704258019,11.33490927659857,6.2547523793204505,7,61.641922188630744,False,phase66g_production_soft_filters,2020-06-13,2020-06-20,11.33490927659857,False,-1,ADA,ADA,min_hold
BNB,0.9045477762723593,0.666621881180328,-0.5227994456934901,3,4.473309189129851,False,phase66g_production_soft_filters,2020-06-13,2020-06-20,0.666621881180328,False,11,ADA,ADA,min_hold
AVAX,0.0,0.0,0.0,0,0.0,False,phase66g_production_soft_filters,2020-06-13,2020-06-20,0.0,False,-1,ADA,ADA,min_hold
DOT,0.0,0.0,0.0,0,0.0,False,phase66g_production_soft_filters,2020-06-13,2020-06-20,0.0,False,-1,ADA,ADA,min_hold
XRP,0.0,0.0,0.0,0,0.0,False,phase66g_production_soft_filters,2020-06-13,2020-06-20,0.0,False,-1,ADA,ADA,min_hold
TRX,-1.2974207177550259,-0.9561562829952468,-3.676678233841681,3,-1e+18,False,phase66g_production_soft_filters,2020-06-13,2020-06-20,-0.9561562829952468,True,63,ADA,ADA,min_hold
LINK,-3.542269952848164,-2.610536139226829,-3.604938548791182,3,-1e+18,False,phase66g_production_soft_filters,2020-06-13,2020-06-20,-2.610536139226829,True,63,ADA,ADA,min_hold
ADA,43.16022402839044,36.3985280707414,1.1485295081275062,4,209.49878644039185,True,phase66g_production_soft_filters,2020-06-20,2020-06-27,36.3985280707414,False,-1,ADA,ADA,incumbent_best
ETH,7.090737083598841,5.979866847073124,1.1485295081275062,6,34.019911128531376,True,phase66g_production_soft_filters,2020-06-20,2020-06-27,5.979866847073124,False,-1,ADA,ADA,incumbent_best
DOGE,13.5681898811417,11.442529583095496,6.254752379320415,7,59.35396267994402,False,phase66g_production_soft_filters,2020-06-20,2020-06-27,4.688938575204228,False,-1,ADA,ADA,incumbent_best
BNB,0.7979642396831688,0.6729511820524845,-0.5227994456934901,3,4.338751087734691,False,phase66g_production_soft_filters,2020-06-20,2020-06-27,0.6729511820524845,False,11,ADA,ADA,incumbent_best
AVAX,0.0,0.0,0.0,0,0.0,False,phase66g_production_soft_filters,2020-06-20,2020-06-27,0.0,False,-1,ADA,ADA,incumbent_best
DOT,0.0,0.0,0.0,0,0.0,False,phase66g_production_soft_filters,2020-06-20,2020-06-27,0.0,False,-1,ADA,ADA,incumbent_best
XRP,0.0,0.0,0.0,0,0.0,False,phase66g_production_soft_filters,2020-06-20,2020-06-27,0.0,False,-1,ADA,ADA,incumbent_best
TRX,-1.1445446705524276,-0.9652345940539426,-3.676678233841667,3,-1e+18,False,phase66g_production_soft_filters,2020-06-20,2020-06-27,-0.9652345940539426,True,63,ADA,ADA,incumbent_best
LINK,-3.124881652272138,-2.6353221072984976,-3.604938548791168,3,-1e+18,False,phase66g_production_soft_filters,2020-06-20,2020-06-27,-2.6353221072984976,True,63,ADA,ADA,incumbent_best
ADA,42.65750259411823,37.316840987054974,1.1485295081274813,4,212.41795595423787,True,phase66g_production_soft_filters,2020-06-27,2020-07-04,38.05776776843164,False,-1,ADA,ADA,incumbent_best
ETH,7.008145632860074,6.130735281995269,1.1485295081274813,6,34.49949769211184,True,phase66g_production_soft_filters,2020-06-27,2020-07-04,6.25246117946706,False,-1,ADA,ADA,incumbent_best
BNB,0.7886697159381395,0.6899293346119819,-0.5227994456934901,3,4.392721912355137,False,phase66g_production_soft_filters,2020-06-27,2020-07-04,0.7036278982564745,False,11,ADA,ADA,incumbent_best
AVAX,0.0,0.0,0.0,0,0.0,False,phase66g_production_soft_filters,2020-06-27,2020-07-04,0.0,False,-1,ADA,ADA,incumbent_best
DOT,0.0,0.0,0.0,0,0.0,False,phase66g_production_soft_filters,2020-06-27,2020-07-04,0.0,False,-1,ADA,ADA,incumbent_best
XRP,0.0,0.0,0.0,0,0.0,False,phase66g_production_soft_filters,2020-06-27,2020-07-04,0.0,False,-1,ADA,ADA,incumbent_best
DOGE,13.41015038920026,11.731217705072138,9.26266953210595,7,-1e+18,False,phase66g_production_soft_filters,2020-06-27,2020-07-04,-0.33780848733695557,True,65,ADA,ADA,incumbent_best
TRX,-1.1312132490568283,-0.9895868808626265,-3.676678233841656,3,-1e+18,False,phase66g_production_soft_filters,2020-06-27,2020-07-04,-1.009235152343681,True,63,ADA,ADA,incumbent_best
LINK,-10.561338567385514,-9.239073268764665,-4.050247573028219,4,-1e+18,False,phase66g_production_soft_filters,2020-06-27,2020-07-04,-9.42251529222803,True,63,ADA,ADA,incumbent_best
ADA,64.83456313891958,56.717363558312016,1.1485295081274813,7,323.7356370564681,True,phase66g_production_soft_filters,2020-07-04,2020-07-11,62.45717713647874,False,-1,ADA,ADA,incumbent_best
ETH,7.23249885283237,6.32699978238812,1.1485295081274813,6,35.62108552364169,True,phase66g_production_soft_filters,2020-07-04,2020-07-11,6.967293988282774,False,-1,ADA,ADA,incumbent_best
BNB,0.8139175631626028,0.712016185525532,-0.5227994456934901,3,4.5189410868460325,False,phase66g_production_soft_filters,2020-07-04,2020-07-11,0.7840724292075052,False,11,ADA,ADA,incumbent_best
AVAX,0.0,0.0,0.0,0,0.0,False,phase66g_production_soft_filters,2020-07-04,2020-07-11,0.0,False,-1,ADA,ADA,incumbent_best
DOT,0.0,0.0,0.0,0,0.0,False,phase66g_production_soft_filters,2020-07-04,2020-07-11,0.0,False,-1,ADA,ADA,incumbent_best
XRP,0.0,0.0,0.0,0,0.0,False,phase66g_production_soft_filters,2020-07-04,2020-07-11,0.0,False,-1,ADA,ADA,incumbent_best
DOGE,13.839452315522038,12.106771611085275,9.26266953210595,7,-1e+18,False,phase66g_production_soft_filters,2020-07-04,2020-07-11,-0.37642953318017813,True,65,ADA,ADA,incumbent_best
TRX,-1.167427013467126,-1.0212667309677634,-3.676678233841656,3,-1e+18,False,phase66g_production_soft_filters,2020-07-04,2020-07-11,-1.1246192191931792,True,63,ADA,ADA,incumbent_best
LINK,-6.632929373293884,-5.802495590440449,-4.050247573028219,6,-1e+18,False,phase66g_production_soft_filters,2020-07-04,2020-07-11,-6.389709820576872,True,63,ADA,ADA,incumbent_best
ADA,78.36762949754333,73.54189597409109,1.1485295081274813,7,411.33336625752,True,phase66g_production_soft_filters,2020-07-11,2020-07-18,40.06420546535832,False,-1,ADA,ADA,incumbent_best
ETH,8.742154847649978,8.203829138604,1.1485295081274813,6,45.39288694073162,True,phase66g_production_soft_filters,2020-07-11,2020-07-18,8.320212750423185,False,-1,ADA,ADA,incumbent_best
BNB,0.9838084340106903,0.9232273322076452,-0.5227994456934901,3,5.618621979846616,False,phase66g_production_soft_filters,2020-07-11,2020-07-18,0.936324695601833,False,11,ADA,ADA,incumbent_best
AVAX,0.0,0.0,0.0,0,0.0,False,phase66g_production_soft_filters,2020-07-11,2020-07-18,0.0,False,-1,ADA,ADA,incumbent_best
DOT,0.0,0.0,0.0,0,0.0,False,phase66g_production_soft_filters,2020-07-11,2020-07-18,0.0,False,-1,ADA,ADA,incumbent_best
XRP,0.0,0.0,0.0,0,0.0,False,phase66g_production_soft_filters,2020-07-11,2020-07-18,0.0,False,-1,ADA,ADA,incumbent_best
DOGE,16.728192787971373,-0.44323715607939107,9.26266953210595,7,-1e+18,False,phase66g_production_soft_filters,2020-07-11,2020-07-18,-1.1013412404281553e-13,True,65,ADA,ADA,incumbent_best
TRX,-1.4111067188157698,-1.3242133797953812,-3.676678233841656,3,-1e+18,False,phase66g_production_soft_filters,2020-07-11,2020-07-18,-1.3429993312523472,True,63,ADA,ADA,incumbent_best
LINK,-8.017435862039935,-7.523737006279752,-4.050247573028219,6,-1e+18,False,phase66g_production_soft_filters,2020-07-11,2020-07-18,-7.630472491913729,True,63,ADA,ADA,incumbent_best
ADA,77.17980101798918,70.8885743219627,1.1485295081274813,7,398.93833692967524,True,phase66g_production_soft_filters,2020-07-18,2020-07-25,16.263754267015052,False,-1,ADA,ADA,incumbent_best
ETH,8.609648855478365,7.907842786940101,1.1485295081274813,6,44.0101825458186,True,phase66g_production_soft_filters,2020-07-18,2020-07-25,0.3187620163112257,False,-1,ADA,ADA,incumbent_best
BNB,0.9688967200309087,0.8899181682550772,-0.5227994456934901,3,5.463017753066672,False,phase66g_production_soft_filters,2020-07-18,2020-07-25,0.9020520141921331,False,11,ADA,ADA,incumbent_best
AVAX,0.0,0.0,0.0,0,0.0,False,phase66g_production_soft_filters,2020-07-18,2020-07-25,0.0,False,-1,ADA,ADA,incumbent_best
DOT,0.0,0.0,0.0,0,0.0,False,phase66g_production_soft_filters,2020-07-18,2020-07-25,0.0,False,-1,ADA,ADA,incumbent_best
XRP,0.0,0.0,0.0,0,0.0,False,phase66g_production_soft_filters,2020-07-18,2020-07-25,0.0,False,-1,ADA,ADA,incumbent_best
DOGE,16.474641367156128,-0.4272455811046285,9.26266953210595,7,-1e+18,False,phase66g_production_soft_filters,2020-07-18,2020-07-25,0.0,True,65,ADA,ADA,incumbent_best
TRX,-1.3897183884675535,-1.2764370206722155,-3.676678233841656,3,-1e+18,False,phase66g_production_soft_filters,2020-07-18,2020-07-25,-1.293840969383032,True,63,ADA,ADA,incumbent_best
LINK,-7.895914530962457,-7.252287731831908,-4.050247573028219,6,-1e+18,False,phase66g_production_soft_filters,2020-07-18,2020-07-25,-7.351171140630488,True,63,ADA,ADA,incumbent_best
ADA,100.38441770145386,88.35535435918447,1.1485295081274813,7,503.61238210375933,True,phase66g_production_soft_filters,2020-07-25,2020-08-01,23.532263963532273,False,-1,ADA,ADA,incumbent_best
ETH,11.19819662102703,10.657713107548112,1.1485295081274813,6,58.89248547657365,True,phase66g_production_soft_filters,2020-07-25,2020-08-01,2.0143208111213937,False,-1,ADA,ADA,incumbent_best
BNB,1.2602019151420407,1.1993779823393353,-0.5227994456934901,3,7.137814802070403,False,phase66g_production_soft_filters,2020-07-25,2020-08-01,2.4748648319907716,False,11,ADA,ADA,incumbent_best
AVAX,0.0,0.0,0.0,0,0.0,False,phase66g_production_soft_filters,2020-07-25,2020-08-01,0.0,False,-1,ADA,ADA,incumbent_best
DOT,0.0,0.0,0.0,0,0.0,False,phase66g_production_soft_filters,2020-07-25,2020-08-01,0.0,False,-1,ADA,ADA,incumbent_best
XRP,0.0,0.0,0.0,0,0.0,False,phase66g_production_soft_filters,2020-07-25,2020-08-01,0.0,False,-1,ADA,ADA,incumbent_best
TRX,-1.8075463962753844,-1.7203047572778019,-3.676678233841656,3,-9.142538623524285,False,phase66g_production_soft_filters,2020-07-25,2020-08-01,6.549530300006069,False,63,ADA,ADA,incumbent_best
DOGE,21.42785105259319,1.4396958432939329,9.26266953210595,7,-1e+18,False,phase66g_production_soft_filters,2020-07-25,2020-08-01,0.0,True,65,ADA,ADA,incumbent_best
LINK,-10.269873360082471,-9.77419558048176,-4.050247573028219,6,-1e+18,False,phase66g_production_soft_filters,2020-07-25,2020-08-01,-2.820434946025429,True,69,ADA,ADA,incumbent_best
ADA,120.20953324879578,25.65307770542411,1.1485295081274813,7,282.54094880973076,True,phase66g_production_soft_filters,2020-08-01,2020-08-08,27.901328418578032,False,-1,ADA,ADA,incumbent_best
ETH,13.409750436022193,0.502788386968902,1.1485295081274813,6,21.590117316749545,True,phase66g_production_soft_filters,2020-08-01,2020-08-08,0.0,False,-1,ADA,ADA,incumbent_best
BNB,1.5090816631422115,1.4228209572334407,-0.5227994456934901,3,8.40490632364708,False,phase66g_production_soft_filters,2020-08-01,2020-08-08,0.0,False,11,ADA,ADA,incumbent_best
AVAX,0.0,0.0,0.0,0,0.0,False,phase66g_production_soft_filters,2020-08-01,2020-08-08,0.0,False,-1,ADA,ADA,incumbent_best
DOT,0.0,0.0,0.0,0,0.0,False,phase66g_production_soft_filters,2020-08-01,2020-08-08,0.0,False,-1,ADA,ADA,incumbent_best
XRP,0.0,0.0,0.0,0,0.0,False,phase66g_production_soft_filters,2020-08-01,2020-08-08,0.0,False,-1,ADA,ADA,incumbent_best
TRX,-2.1645222794240055,-2.0407958938091895,-3.676678233841656,3,-10.959966994372767,False,phase66g_production_soft_filters,2020-08-01,2020-08-08,0.0,False,63,ADA,ADA,incumbent_best
DOGE,25.6596793858739,0.0,9.26266953210595,7,-1e+18,False,phase66g_production_soft_filters,2020-08-01,2020-08-08,0.0,True,65,ADA,ADA,incumbent_best
LINK,-12.298090793446633,-11.59511890061745,-4.050247573028219,6,-1e+18,False,phase66g_production_soft_filters,2020-08-01,2020-08-08,-6.7556823115297675,True,69,ADA,ADA,incumbent_best
ADA,126.46084672090265,27.831942224615617,1.1485295081274813,7,300.63337709465713,True,phase66g_production_soft_filters,2020-08-08,2020-08-15,27.484754521597566,False,-1,ADA,ADA,incumbent_best
ETH,14.107104059256102,0.5454931177465454,1.1485295081274813,6,22.80696667471098,True,phase66g_production_soft_filters,2020-08-08,2020-08-15,0.0,False,-1,ADA,ADA,incumbent_best
DOGE,26.994071884536027,0.0,9.26266953210595,7,29.962770911671605,False,phase66g_production_soft_filters,2020-08-08,2020-08-15,0.0,False,65,ADA,ADA,incumbent_best
BNB,1.5875591538733005,1.5436693847194363,-0.5227994456934901,3,9.006016269687695,False,phase66g_production_soft_filters,2020-08-08,2020-08-15,0.0,False,11,ADA,ADA,incumbent_best
AVAX,0.0,0.0,0.0,0,0.0,False,phase66g_production_soft_filters,2020-08-08,2020-08-15,0.0,False,-1,ADA,ADA,incumbent_best
DOT,0.0,0.0,0.0,0,0.0,False,phase66g_production_soft_filters,2020-08-08,2020-08-15,0.0,False,-1,ADA,ADA,incumbent_best
XRP,0.0,0.0,0.0,0,0.0,False,phase66g_production_soft_filters,2020-08-08,2020-08-15,0.0,False,-1,ADA,ADA,incumbent_best
TRX,-2.2770849599397422,-2.2141325131024985,-3.676678233841656,3,-11.822157492319608,False,phase66g_production_soft_filters,2020-08-08,2020-08-15,0.0,False,63,ADA,ADA,incumbent_best
LINK,-12.937634252110115,-12.579959529039144,-4.050247573028219,6,-1e+18,False,phase66g_production_soft_filters,2020-08-08,2020-08-15,-6.654818264303628,True,69,ADA,ADA,incumbent_best
ADA,128.94336647576984,29.614149415547814,1.1485295081274813,7,311.4859854906867,True,phase66g_production_soft_filters,2020-08-15,2020-08-22,3.9821609669974407,False,-1,ADA,ADA,incumbent_best
DOGE,27.523985438456492,0.0,9.26266953210595,7,30.757641242552303,False,phase66g_production_soft_filters,2020-08-15,2020-08-22,0.0,False,65,ADA,ADA,incumbent_best
ETH,14.384036923610253,0.0,1.1485295081274813,6,21.040393500256027,False,phase66g_production_soft_filters,2020-08-15,2020-08-22,0.0,False,-1,ADA,ADA,incumbent_best
BNB,1.6187241117531244,0.0,-0.5227994456934901,3,2.8780861676296867,False,phase66g_production_soft_filters,2020-08-15,2020-08-22,0.0,False,11,ADA,ADA,incumbent_best
AVAX,0.0,0.0,0.0,0,0.0,False,phase66g_production_soft_filters,2020-08-15,2020-08-22,0.0,False,-1,ADA,ADA,incumbent_best
DOT,0.0,0.0,0.0,0,0.0,False,phase66g_production_soft_filters,2020-08-15,2020-08-22,0.0,False,-1,ADA,ADA,incumbent_best
XRP,0.0,0.0,0.0,0,0.0,False,phase66g_production_soft_filters,2020-08-15,2020-08-22,0.0,False,-1,ADA,ADA,incumbent_best
TRX,-2.3217858182935203,0.0,-3.676678233841656,3,-3.03267872744028,False,phase66g_production_soft_filters,2020-08-15,2020-08-22,0.0,False,63,ADA,ADA,incumbent_best
LINK,-13.191609561029225,-7.170403587106577,-4.050247573028219,6,-1e+18,False,phase66g_production_soft_filters,2020-08-15,2020-08-22,0.0,True,69,ADA,ADA,incumbent_best
ADA,124.43232302202048,26.71121033269044,1.1485295081274813,7,293.1076639786332,True,phase66g_production_soft_filters,2020-08-22,2020-08-29,0.0,False,-1,ADA,ADA,incumbent_best
DOGE,26.561067393683857,0.0,9.26266953210595,7,29.31326417539335,False,phase66g_production_soft_filters,2020-08-22,2020-08-29,0.0,False,65,ADA,ADA,incumbent_best
ETH,13.880815878773149,0.0,1.1485295081274813,6,20.28556193300037,False,phase66g_production_soft_filters,2020-08-22,2020-08-29,0.0,False,-1,ADA,ADA,incumbent_best
BNB,1.5620935536458376,0.0,-0.5227994456934901,3,2.7931403304687565,False,phase66g_production_soft_filters,2020-08-22,2020-08-29,0.0,False,11,ADA,ADA,incumbent_best
AVAX,0.0,0.0,0.0,0,0.0,False,phase66g_production_soft_filters,2020-08-22,2020-08-29,0.0,False,-1,ADA,ADA,incumbent_best
DOT,0.0,0.0,0.0,0,0.0,False,phase66g_production_soft_filters,2020-08-22,2020-08-29,0.0,False,-1,ADA,ADA,incumbent_best
XRP,0.0,0.0,0.0,0,0.0,False,phase66g_production_soft_filters,2020-08-22,2020-08-29,0.0,False,-1,ADA,ADA,incumbent_best
TRX,-2.24055886569505,0.0,-3.676678233841656,3,-2.9108382985425747,False,phase66g_production_soft_filters,2020-08-22,2020-08-29,0.0,False,63,ADA,ADA,incumbent_best
LINK,-12.730105215508118,-6.46752184902968,-4.050247573028219,6,-1e+18,False,phase66g_production_soft_filters,2020-08-22,2020-08-29,0.0,True,69,ADA,ADA,incumbent_best
ADA,131.11105827040882,-1.3804860000960133,1.1485295081274813,7,190.75898152006982,False,phase66g_production_soft_filters,2020-08-29,2020-09-05,0.0,False,-1,ADA,,best_passed
DOGE,27.986696464400524,0.0,9.26266953210595,7,31.45170778146835,False,phase66g_production_soft_filters,2020-08-29,2020-09-05,0.0,False,65,ADA,,best_passed
ETH,14.62584974163481,0.0,1.1485295081274813,6,21.40311272729286,False,phase66g_production_soft_filters,2020-08-29,2020-09-05,0.0,False,-1,ADA,,best_passed
BNB,1.6459367948923926,0.0,-0.5227994456934901,3,2.918905192338589,False,phase66g_production_soft_filters,2020-08-29,2020-09-05,0.0,False,11,ADA,,best_passed
AVAX,0.0,0.0,0.0,0,0.0,False,phase66g_production_soft_filters,2020-08-29,2020-09-05,0.0,False,-1,ADA,,best_passed
DOT,0.0,0.0,0.0,0,0.0,False,phase66g_production_soft_filters,2020-08-29,2020-09-05,0.0,False,-1,ADA,,best_passed
XRP,0.0,0.0,0.0,0,0.0,False,phase66g_production_soft_filters,2020-08-29,2020-09-05,0.0,False,-1,ADA,,best_passed
TRX,-2.3608178073348824,0.0,-3.676678233841656,3,-3.0912267110023235,False,phase66g_production_soft_filters,2020-08-29,2020-09-05,0.0,False,63,ADA,,best_passed
LINK,-13.413376252756734,0.0,-4.050247573028219,6,-1e+18,False,phase66g_production_soft_filters,2020-08-29,2020-09-05,0.0,True,69,ADA,,best_passed
ADA,117.5625365646544,0.0,1.1485295081274813,7,175.95814296182223,False,phase66g_production_soft_filters,2020-09-05,2020-09-12,0.0,False,-1,,,best_passed
DOGE,25.094656925384314,0.0,3.638063950267469,7,34.14440545024213,False,phase66g_production_soft_filters,2020-09-05,2020-09-12,0.0,False,65,,,best_passed
AVAX,0.0,0.0,0.0,0,0.0,False,phase66g_production_soft_filters,2020-09-05,2020-09-12,0.0,False,-1,,,best_passed
DOT,0.0,0.0,0.0,0,0.0,False,phase66g_production_soft_filters,2020-09-05,2020-09-12,0.0,False,-1,,,best_passed
XRP,0.0,0.0,0.0,0,0.0,False,phase66g_production_soft_filters,2020-09-05,2020-09-12,0.0,False,-1,,,best_passed
TRX,-2.116859809222774,0.0,-3.676678233841656,3,-2.7252897138341607,False,phase66g_production_soft_filters,2020-09-05,2020-09-12,0.0,False,63,,,best_passed
LINK,-12.027288597716094,0.0,-4.050247573028219,6,-17.140932896574142,False,phase66g_production_soft_filters,2020-09-05,2020-09-12,0.0,False,69,,,best_passed
BNB,-40.91995734877711,-33.07334678712386,-13.486638193006108,6,-1e+18,False,phase66g_production_soft_filters,2020-09-05,2020-09-12,-28.756016656167137,True,75,,,best_passed
ETH,-36.68599932653764,-36.63333582867372,-15.405929240183156,9,-1e+18,False,phase66g_production_soft_filters,2020-09-05,2020-09-12,-31.851291677273707,True,75,,,best_passed
ADA,118.44091424614943,0.0,1.1485295081274813,7,177.2757094840648,False,phase66g_production_soft_filters,2020-09-12,2020-09-19,0.0,False,-1,,,best_passed
DOGE,25.282153616185198,0.0,3.3222185308848466,7,34.82045726067174,False,phase66g_production_soft_filters,2020-09-12,2020-09-19,0.0,False,65,,,best_passed
AVAX,0.0,0.0,0.0,0,0.0,False,phase66g_production_soft_filters,2020-09-12,2020-09-19,0.0,False,-1,,,best_passed
DOT,0.0,0.0,0.0,0,0.0,False,phase66g_production_soft_filters,2020-09-12,2020-09-19,0.0,False,-1,,,best_passed
XRP,0.0,0.0,0.0,0,0.0,False,phase66g_production_soft_filters,2020-09-12,2020-09-19,0.0,False,-1,,,best_passed
TRX,-2.1326760927566966,0.0,-3.676678233841656,3,-2.7490141391350447,False,phase66g_production_soft_filters,2020-09-12,2020-09-19,0.0,False,63,,,best_passed
LINK,-12.117151424615201,0.0,-4.050247573028219,6,-17.275727136922804,False,phase66g_production_soft_filters,2020-09-12,2020-09-19,0.0,False,69,,,best_passed
BNB,-41.22569400871319,-34.62438761831865,-14.283333205104839,6,-1e+18,False,phase66g_production_soft_filters,2020-09-12,2020-09-19,-23.351191684262595,True,75,,,best_passed
ETH,-36.96010163815327,-38.351329475305945,-16.178380950165916,9,-1e+18,False,phase66g_production_soft_filters,2020-09-12,2020-09-19,-25.864695595377796,True,75,,,best_passed
ADA,125.17460821710432,0.0,1.1485295081274813,7,187.37625044049713,False,phase66g_production_soft_filters,2020-09-19,2020-09-26,0.0,False,-1,,,best_passed
DOGE,26.719514062629145,0.0,3.3222185308848466,7,36.97649793033766,False,phase66g_production_soft_filters,2020-09-19,2020-09-26,0.0,False,65,,,best_passed
AVAX,0.0,0.0,0.0,0,0.0,False,phase66g_production_soft_filters,2020-09-19,2020-09-26,0.0,False,-1,,,best_passed
DOT,0.0,0.0,0.0,0,0.0,False,phase66g_production_soft_filters,2020-09-19,2020-09-26,0.0,False,-1,,,best_passed
XRP,0.0,0.0,0.0,0,0.0,False,phase66g_production_soft_filters,2020-09-19,2020-09-26,0.0,False,-1,,,best_passed
TRX,-2.253924634607216,0.0,-3.676678233841656,3,-2.930886951910824,False,phase66g_production_soft_filters,2020-09-19,2020-09-26,0.0,False,63,,,best_passed
LINK,-12.806045038890275,0.0,-4.050247573028219,6,-18.309067558335414,False,phase66g_production_soft_filters,2020-09-19,2020-09-26,0.0,False,69,,,best_passed
BNB,-43.56948887860055,-31.046127741964956,-14.283333205104839,6,-1e+18,False,phase66g_production_soft_filters,2020-09-19,2020-09-26,-21.979958857051475,True,75,,,best_passed
ETH,-39.06138576915444,-34.38790851956021,-16.178380950165916,9,-1e+18,False,phase66g_production_soft_filters,2020-09-19,2020-09-26,-24.34586434488929,True,75,,,best_passed
ADA,123.50072732412868,0.0,1.1485295081274813,7,184.86542910103367,False,phase66g_production_soft_filters,2020-09-26,2020-10-03,0.0,False,-1,,,best_passed
DOGE,26.36221089470982,0.0,3.3222185308848466,7,36.44054317845867,False,phase66g_production_soft_filters,2020-09-26,2020-10-03,0.0,False,65,,,best_passed
AVAX,0.0,0.0,0.0,0,0.0,False,phase66g_production_soft_filters,2020-09-26,2020-10-03,0.0,False,-1,,,best_passed
DOT,0.0,0.0,0.0,0,0.0,False,phase66g_production_soft_filters,2020-09-26,2020-10-03,0.0,False,-1,,,best_passed
XRP,0.0,0.0,0.0,0,0.0,False,phase66g_production_soft_filters,2020-09-26,2020-10-03,0.0,False,-1,,,best_passed
TRX,-2.2237843255316534,0.0,-3.676678233841656,3,-2.88567648829748,False,phase66g_production_soft_filters,2020-09-26,2020-10-03,0.0,False,63,,,best_passed
LINK,-12.634797895316183,0.0,-4.050247573028219,6,-18.052196842974276,False,phase66g_production_soft_filters,2020-09-26,2020-10-03,0.0,False,69,,,best_passed
BNB,-42.98686165100732,-25.18202691816316,-14.283333205104839,6,-1e+18,False,phase66g_production_soft_filters,2020-09-26,2020-10-03,-21.379364794896137,True,75,,,best_passed
ETH,-38.539042554157255,-27.892600494211884,-16.178380950165916,9,-1e+18,False,phase66g_production_soft_filters,2020-09-26,2020-10-03,-23.680622810149643,True,75,,,best_passed
ADA,122.26712421721892,0.0,1.1485295081274813,7,183.01502444066904,False,phase66g_production_soft_filters,2020-10-03,2020-10-10,0.0,False,-1,,,best_passed
DOGE,26.098888516215823,0.0,3.3222185308848466,7,36.045559610717675,False,phase66g_production_soft_filters,2020-10-03,2020-10-10,0.0,False,65,,,best_passed
AVAX,0.0,0.0,0.0,0,0.0,False,phase66g_production_soft_filters,2020-10-03,2020-10-10,0.0,False,-1,,,best_passed
DOT,0.0,0.0,0.0,0,0.0,False,phase66g_production_soft_filters,2020-10-03,2020-10-10,0.0,False,-1,,,best_passed
XRP,0.0,0.0,0.0,0,0.0,False,phase66g_production_soft_filters,2020-10-03,2020-10-10,0.0,False,-1,,,best_passed
TRX,-2.201571766039052,0.0,-3.676678233841656,3,-2.852357649058578,False,phase66g_production_soft_filters,2020-10-03,2020-10-10,0.0,False,63,,,best_passed
LINK,-12.508593570236144,0.0,-4.050247573028219,6,-17.862890355354217,False,phase66g_production_soft_filters,2020-10-03,2020-10-10,0.0,False,69,,,best_passed
BNB,-42.55748178225717,-21.162359303504864,-14.283333205104839,6,-1e+18,False,phase66g_production_soft_filters,2020-10-03,2020-10-10,-21.586511612102655,True,75,,,best_passed
ETH,-38.15409030600283,-23.440259018303234,-16.178380950165916,9,-1e+18,False,phase66g_production_soft_filters,2020-10-03,2020-10-10,-23.910066747874136,True,75,,,best_passed
ADA,123.52103540924736,0.0,1.1485295081274813,7,184.8958912287117,False,phase66g_production_soft_filters,2020-10-10,2020-10-17,0.0,False,-1,,,best_passed
DOGE,26.366545816733037,0.0,3.3222185308848466,7,36.447045561493496,False,phase66g_production_soft_filters,2020-10-10,2020-10-17,0.0,False,65,,,best_passed
AVAX,0.0,0.0,0.0,0,0.0,False,phase66g_production_soft_filters,2020-10-10,2020-10-17,0.0,False,-1,,,best_passed
DOT,0.0,0.0,0.0,0,0.0,False,phase66g_production_soft_filters,2020-10-10,2020-10-17,0.0,False,-1,,,best_passed
XRP,0.0,0.0,0.0,0,0.0,False,phase66g_production_soft_filters,2020-10-10,2020-10-17,0.0,False,-1,,,best_passed
TRX,-2.2241499978831882,0.0,-3.676678233841656,3,-2.886224996824782,False,phase66g_production_soft_filters,2020-10-10,2020-10-17,0.0,False,63,,,best_passed
LINK,-12.636875523170488,0.0,-4.050247573028219,6,-18.055313284755734,False,phase66g_production_soft_filters,2020-10-10,2020-10-17,0.0,False,69,,,best_passed
BNB,-42.99393028019118,-21.34755685097668,-14.283333205104839,6,-1e+18,False,phase66g_production_soft_filters,2020-10-10,2020-10-17,-22.541533218152978,True,75,,,best_passed
ETH,-38.54537979745569,-23.645391084158263,-16.178380950165916,9,-1e+18,False,phase66g_production_soft_filters,2020-10-10,2020-10-17,-24.967886128636106,True,75,,,best_passed
ADA,134.02323772946073,0.0,1.1485295081274813,7,200.64919470903175,False,phase66g_production_soft_filters,2020-10-17,2020-10-24,0.0,False,-1,,,best_passed
DOGE,28.60832429385694,0.0,3.3222185308848466,7,39.80971327717935,False,phase66g_production_soft_filters,2020-10-17,2020-10-24,0.0,False,65,,,best_passed
AVAX,0.0,0.0,0.0,0,0.0,False,phase66g_production_soft_filters,2020-10-17,2020-10-24,0.0,False,-1,,,best_passed
DOT,0.0,0.0,0.0,0,0.0,False,phase66g_production_soft_filters,2020-10-17,2020-10-24,0.0,False,-1,,,best_passed
XRP,0.0,0.0,0.0,0,0.0,False,phase66g_production_soft_filters,2020-10-17,2020-10-24,0.0,False,-1,,,best_passed
TRX,-2.4132552234901254,0.0,-3.676678233841656,3,-3.169882835235188,False,phase66g_production_soft_filters,2020-10-17,2020-10-24,0.0,False,63,,,best_passed
LINK,-13.711308092489418,0.0,-4.050247573028219,6,-19.666962138734128,False,phase66g_production_soft_filters,2020-10-17,2020-10-24,0.0,False,69,,,best_passed
BNB,-46.64942873717639,-23.018881395932375,-14.283333205104839,6,-1e+18,False,phase66g_production_soft_filters,2020-10-17,2020-10-24,-2.9061619504190386,True,81,,,best_passed
ETH,-41.82264650592475,-25.496615688917736,-16.178380950165916,9,-1e+18,False,phase66g_production_soft_filters,2020-10-17,2020-10-24,-11.792069281412765,True,81,,,best_passed
ADA,143.85938289090203,0.0,1.1485295081274813,7,215.4034124511937,False,phase66g_production_soft_filters,2020-10-24,2020-10-31,0.0,False,-1,,,best_passed
DOGE,30.707927581668798,0.0,3.3222185308848466,7,42.95911820889714,False,phase66g_production_soft_filters,2020-10-24,2020-10-31,0.0,False,65,,,best_passed
AVAX,0.0,0.0,0.0,0,0.0,False,phase66g_production_soft_filters,2020-10-24,2020-10-31,0.0,False,-1,,,best_passed
DOT,0.0,0.0,0.0,0,0.0,False,phase66g_production_soft_filters,2020-10-24,2020-10-31,0.0,False,-1,,,best_passed
XRP,0.0,0.0,0.0,0,0.0,False,phase66g_production_soft_filters,2020-10-24,2020-10-31,0.0,False,-1,,,best_passed
TRX,-2.590367260865065,0.0,-3.676678233841656,3,-3.4355508912975976,False,phase66g_production_soft_filters,2020-10-24,2020-10-31,0.0,False,63,,,best_passed
LINK,-14.71759938223731,0.0,-4.050247573028219,6,-21.176399073355967,False,phase66g_production_soft_filters,2020-10-24,2020-10-31,0.0,False,69,,,best_passed
BNB,-50.07309287580436,-27.064120392661394,-14.283333205104839,6,-1e+18,False,phase66g_production_soft_filters,2020-10-24,2020-10-31,0.0,True,81,,,best_passed
ETH,-44.892066623190644,-29.97728103035564,-16.178380950165916,9,-1e+18,False,phase66g_production_soft_filters,2020-10-24,2020-10-31,0.0,True,81,,,best_passed
ADA,143.87447835611783,0.0,1.1485295081274813,7,215.4260556490174,False,phase66g_production_soft_filters,2020-10-31,2020-11-07,0.0,False,-1,,,best_passed
DOGE,30.711149828583473,0.0,3.3222185308848466,7,42.96395157926915,False,phase66g_production_soft_filters,2020-10-31,2020-11-07,0.0,False,65,,,best_passed
AVAX,0.0,0.0,0.0,0,0.0,False,phase66g_production_soft_filters,2020-10-31,2020-11-07,0.0,False,-1,,,best_passed
DOT,0.0,0.0,0.0,0,0.0,False,phase66g_production_soft_filters,2020-10-31,2020-11-07,0.0,False,-1,,,best_passed
XRP,0.0,0.0,0.0,0,0.0,False,phase66g_production_soft_filters,2020-10-31,2020-11-07,0.0,False,-1,,,best_passed
TRX,-2.590639073506651,0.0,-3.676678233841656,3,-3.435958610259976,False,phase66g_production_soft_filters,2020-10-31,2020-11-07,0.0,False,63,,,best_passed
LINK,-14.719143730649478,0.0,-4.050247573028219,6,-21.178715595974218,False,phase66g_production_soft_filters,2020-10-31,2020-11-07,0.0,False,69,,,best_passed
BNB,-50.078347149919594,-27.199669295510176,-14.283333205104839,6,-1e+18,False,phase66g_production_soft_filters,2020-10-31,2020-11-07,0.0,True,81,,,best_passed
ETH,-44.896777241410774,-30.127420310520638,-16.178380950165916,9,-1e+18,False,phase66g_production_soft_filters,2020-10-31,2020-11-07,0.0,True,81,,,best_passed
ADA,161.7899167974973,0.0,1.1485295081274813,7,242.29921331108662,False,phase66g_production_soft_filters,2020-11-07,2020-11-14,0.0,False,-1,,,best_passed
DOGE,34.535342419962376,0.0,3.3222185308848466,7,48.700240466337505,False,phase66g_production_soft_filters,2020-11-07,2020-11-14,0.0,False,65,,,best_passed
AVAX,0.0,0.0,0.0,0,0.0,False,phase66g_production_soft_filters,2020-11-07,2020-11-14,0.0,False,-1,,,best_passed
DOT,0.0,0.0,0.0,0,0.0,False,phase66g_production_soft_filters,2020-11-07,2020-11-14,0.0,False,-1,,,best_passed
XRP,0.0,0.0,0.0,0,0.0,False,phase66g_production_soft_filters,2020-11-07,2020-11-14,0.0,False,-1,,,best_passed
TRX,-2.913228843252739,0.0,-3.676678233841656,3,-3.919843264879108,False,phase66g_production_soft_filters,2020-11-07,2020-11-14,0.0,False,63,,,best_passed
LINK,-16.551990781976826,0.0,-4.050247573028219,6,-23.92798617296524,False,phase66g_production_soft_filters,2020-11-07,2020-11-14,0.0,False,69,,,best_passed
ETH,-50.48738273360871,0.0,-16.178380950165916,9,-1e+18,False,phase66g_production_soft_filters,2020-11-07,2020-11-14,0.0,True,81,,,best_passed
BNB,-56.31416851213319,0.0,-14.283333205104839,6,-1e+18,False,phase66g_production_soft_filters,2020-11-07,2020-11-14,0.0,True,81,,,best_passed
ADA,166.82811111641698,0.0,1.1485295081274813,7,249.85650478946613,False,phase66g_production_soft_filters,2020-11-14,2020-11-21,0.0,False,-1,,,best_passed
DOGE,35.610785002703636,0.0,3.3222185308848466,7,50.313404340449395,False,phase66g_production_soft_filters,2020-11-14,2020-11-21,0.0,False,65,,,best_passed
AVAX,0.0,0.0,0.0,0,0.0,False,phase66g_production_soft_filters,2020-11-14,2020-11-21,0.0,False,-1,,,best_passed
DOT,0.0,0.0,0.0,0,0.0,False,phase66g_production_soft_filters,2020-11-14,2020-11-21,0.0,False,-1,,,best_passed
XRP,0.0,0.0,0.0,0,0.0,False,phase66g_production_soft_filters,2020-11-14,2020-11-21,0.0,False,-1,,,best_passed
TRX,-3.0039478033605462,0.0,-3.676678233841656,3,-4.055921705040819,False,phase66g_production_soft_filters,2020-11-14,2020-11-21,0.0,False,63,,,best_passed
LINK,-17.067425535731985,0.0,-4.050247573028219,6,-24.70113830359798,False,phase66g_production_soft_filters,2020-11-14,2020-11-21,0.0,False,69,,,best_passed
ETH,-52.05957740371275,0.0,-16.178380950165916,9,-1e+18,False,phase66g_production_soft_filters,2020-11-14,2020-11-21,0.0,True,81,,,best_passed
BNB,-58.06781131935247,0.0,-14.283333205104839,6,-1e+18,False,phase66g_production_soft_filters,2020-11-14,2020-11-21,0.0,True,81,,,best_passed
ADA,276.01657958163156,0.0,1.1485295081274813,7,413.63920748728805,False,phase66g_production_soft_filters,2020-11-21,2020-11-28,0.0,False,-1,,,best_passed
DOGE,58.91793059866313,0.0,3.3222185308848466,7,85.27412273438864,False,phase66g_production_soft_filters,2020-11-21,2020-11-28,0.0,False,65,,,best_passed
AVAX,0.0,0.0,0.0,0,0.0,False,phase66g_production_soft_filters,2020-11-21,2020-11-28,0.0,False,-1,,,best_passed
DOT,0.0,0.0,0.0,0,0.0,False,phase66g_production_soft_filters,2020-11-21,2020-11-28,0.0,False,-1,,,best_passed
XRP,0.0,0.0,0.0,0,0.0,False,phase66g_production_soft_filters,2020-11-21,2020-11-28,0.0,False,-1,,,best_passed
TRX,-4.970022092660088,0.0,-3.676678233841656,3,-7.0050331389901315,False,phase66g_production_soft_filters,2020-11-21,2020-11-28,0.0,False,63,,,best_passed
LINK,-28.238001300329756,0.0,-4.050247573028219,6,-41.457001950494636,False,phase66g_production_soft_filters,2020-11-21,2020-11-28,0.0,False,69,,,best_passed
ETH,-86.13240534390951,0.0,-16.178380950165916,9,-1e+18,False,phase66g_production_soft_filters,2020-11-21,2020-11-28,0.0,True,81,,,best_passed
BNB,-96.07300926026014,0.0,-14.283333205104839,6,-1e+18,False,phase66g_production_soft_filters,2020-11-21,2020-11-28,0.0,True,81,,,best_passed
ADA,271.02985540625605,0.0,1.1485295081274813,7,406.15912122422475,False,phase66g_production_soft_filters,2020-11-28,2020-12-05,0.0,False,-1,,,best_passed
DOGE,57.853474726755735,0.0,3.3222185308848466,7,83.67743892652754,False,phase66g_production_soft_filters,2020-11-28,2020-12-05,0.0,False,65,,,best_passed
AVAX,0.0,0.0,0.0,0,0.0,False,phase66g_production_soft_filters,2020-11-28,2020-12-05,0.0,False,-1,,,best_passed
DOT,0.0,0.0,0.0,0,0.0,False,phase66g_production_soft_filters,2020-11-28,2020-12-05,0.0,False,-1,,,best_passed
XRP,0.0,0.0,0.0,0,0.0,False,phase66g_production_soft_filters,2020-11-28,2020-12-05,0.0,False,-1,,,best_passed
TRX,-4.88022991655555,0.0,-3.676678233841656,3,-6.870344874833324,False,phase66g_production_soft_filters,2020-11-28,2020-12-05,0.0,False,63,,,best_passed
LINK,-27.72783222294305,0.0,-4.050247573028219,6,-40.69174833441458,False,phase66g_production_soft_filters,2020-11-28,2020-12-05,0.0,False,69,,,best_passed
ETH,-84.57627219907181,0.0,-16.178380950165916,9,-125.51440829860772,False,phase66g_production_soft_filters,2020-11-28,2020-12-05,0.0,False,81,,,best_passed
BNB,-94.33728165068908,0.0,-14.283333205104839,6,-140.6059224760336,False,phase66g_production_soft_filters,2020-11-28,2020-12-05,0.0,False,81,,,best_passed
ADA,288.5333114151765,0.0,1.1485295081274813,7,432.41430523760545,False,phase66g_production_soft_filters,2020-12-05,2020-12-12,0.0,False,-1,,,best_passed
DOGE,61.58972639661363,0.0,3.3222185308848466,7,89.28181643131438,False,phase66g_production_soft_filters,2020-12-05,2020-12-12,0.0,False,65,,,best_passed
AVAX,0.0,0.0,0.0,0,0.0,False,phase66g_production_soft_filters,2020-12-05,2020-12-12,0.0,False,-1,,,best_passed
DOT,0.0,0.0,0.0,0,0.0,False,phase66g_production_soft_filters,2020-12-05,2020-12-12,0.0,False,-1,,,best_passed
XRP,0.0,0.0,0.0,0,0.0,False,phase66g_production_soft_filters,2020-12-05,2020-12-12,0.0,False,-1,,,best_passed
TRX,-5.195401429781555,0.0,-3.676678233841656,3,-7.343102144672332,False,phase66g_production_soft_filters,2020-12-05,2020-12-12,0.0,False,63,,,best_passed
LINK,-29.518531224754156,0.0,-4.050247573028219,6,-43.377796837131235,False,phase66g_production_soft_filters,2020-12-05,2020-12-12,0.0,False,69,,,best_passed
ETH,-90.03831643628666,0.0,-16.178380950165916,9,-133.70747465443,False,phase66g_production_soft_filters,2020-12-05,2020-12-12,0.0,False,81,,,best_passed
BNB,-100.42970440942497,0.0,-14.283333205104839,6,-149.74455661413745,False,phase66g_production_soft_filters,2020-12-05,2020-12-12,0.0,False,81,,,best_passed
ADA,285.7848570230947,0.0,1.1485295081274813,7,428.2916236494827,False,phase66g_production_soft_filters,2020-12-12,2020-12-19,0.0,False,-1,,,best_passed
DOGE,61.00304698274755,0.0,3.3222185308848466,7,88.40179731051526,False,phase66g_production_soft_filters,2020-12-12,2020-12-19,0.0,False,65,,,best_passed
AVAX,0.0,0.0,0.0,0,0.0,False,phase66g_production_soft_filters,2020-12-12,2020-12-19,0.0,False,-1,,,best_passed
DOT,0.0,0.0,0.0,0,0.0,False,phase66g_production_soft_filters,2020-12-12,2020-12-19,0.0,False,-1,,,best_passed
XRP,0.0,0.0,0.0,0,0.0,False,phase66g_production_soft_filters,2020-12-12,2020-12-19,0.0,False,-1,,,best_passed
TRX,-5.145912087257329,0.0,-3.676678233841656,3,-7.268868130885994,False,phase66g_production_soft_filters,2020-12-12,2020-12-19,0.0,False,63,,,best_passed
LINK,-29.237349352218985,0.0,-4.050247573028219,6,-42.95602402832848,False,phase66g_production_soft_filters,2020-12-12,2020-12-19,0.0,False,69,,,best_passed
ETH,-89.18064698712942,0.0,-16.178380950165916,9,-132.42097048069414,False,phase66g_production_soft_filters,2020-12-12,2020-12-19,0.0,False,81,,,best_passed
BNB,-99.47305070165817,0.0,-14.283333205104839,6,-148.30957605248724,False,phase66g_production_soft_filters,2020-12-12,2020-12-19,0.0,False,81,,,best_passed
ADA,345.83036548648965,0.0,1.1485295081274813,7,518.3598863445751,False,phase66g_production_soft_filters,2020-12-19,2020-12-26,0.0,False,-1,,,best_passed
DOGE,73.82023755068383,0.0,3.3222185308848466,7,107.62758316241968,False,phase66g_production_soft_filters,2020-12-19,2020-12-26,0.0,False,65,,,best_passed
AVAX,0.0,0.0,0.0,0,0.0,False,phase66g_production_soft_filters,2020-12-19,2020-12-26,0.0,False,-1,,,best_passed
DOT,0.0,0.0,0.0,0,0.0,False,phase66g_production_soft_filters,2020-12-19,2020-12-26,0.0,False,-1,,,best_passed
XRP,0.0,0.0,0.0,0,0.0,False,phase66g_production_soft_filters,2020-12-19,2020-12-26,0.0,False,-1,,,best_passed
TRX,-6.227106210017666,0.0,-3.676678233841656,3,-8.8906593150265,False,phase66g_production_soft_filters,2020-12-19,2020-12-26,0.0,False,63,,,best_passed
LINK,-35.38033231591743,0.0,-4.050247573028219,6,-52.170498473876144,False,phase66g_production_soft_filters,2020-12-19,2020-12-26,0.0,False,69,,,best_passed
ETH,-107.91815935645678,0.0,-16.178380950165916,9,-160.52723903468518,False,phase66g_production_soft_filters,2020-12-19,2020-12-26,0.0,False,81,,,best_passed
BNB,-120.37307308214218,0.0,-14.283333205104839,6,-179.65960962321327,False,phase66g_production_soft_filters,2020-12-19,2020-12-26,0.0,False,81,,,best_passed
ADA,387.4992361453362,0.0,1.1485295081274813,7,580.863192332845,False,phase66g_production_soft_filters,2020-12-26,2021-01-02,0.0,False,-1,,,best_passed
DOGE,82.71478886105729,0.0,3.3222185308848466,7,120.96941012797987,False,phase66g_production_soft_filters,2020-12-26,2021-01-02,0.0,False,65,,,best_passed
AVAX,0.0,0.0,0.0,0,0.0,False,phase66g_production_soft_filters,2020-12-26,2021-01-02,0.0,False,-1,,,best_passed
DOT,0.0,0.0,0.0,0,0.0,False,phase66g_production_soft_filters,2020-12-26,2021-01-02,0.0,False,-1,,,best_passed
XRP,0.0,0.0,0.0,0,0.0,False,phase66g_production_soft_filters,2020-12-26,2021-01-02,0.0,False,-1,,,best_passed
TRX,-6.9774060944106395,0.0,-3.676678233841656,3,-10.01610914161596,False,phase66g_production_soft_filters,2020-12-26,2021-01-02,0.0,False,63,,,best_passed
LINK,-39.64328501836462,0.0,-4.050247573028219,6,-58.564927527546935,False,phase66g_production_soft_filters,2020-12-26,2021-01-02,0.0,False,69,,,best_passed
ETH,-120.9211465800895,0.0,-16.178380950165916,9,-180.03171987013425,False,phase66g_production_soft_filters,2020-12-26,2021-01-02,0.0,False,81,,,best_passed
BNB,-134.876744574412,0.0,-14.283333205104839,6,-201.41511686161797,False,phase66g_production_soft_filters,2020-12-26,2021-01-02,0.0,False,81,,,best_passed
ADA,486.555802325953,0.0,1.1485295081274813,7,729.4480416037701,False,phase66g_production_soft_filters,2021-01-02,2021-01-09,0.0,False,-1,,,best_passed
DOGE,103.85919946283207,0.0,3.3222185308848466,7,152.68602603064204,False,phase66g_production_soft_filters,2021-01-02,2021-01-09,0.0,False,65,,,best_passed
AVAX,0.0,0.0,0.0,0,0.0,False,phase66g_production_soft_filters,2021-01-02,2021-01-09,0.0,False,-1,,,best_passed
DOT,0.0,0.0,0.0,0,0.0,False,phase66g_production_soft_filters,2021-01-02,2021-01-09,0.0,False,-1,,,best_passed
XRP,0.0,0.0,0.0,0,0.0,False,phase66g_production_soft_filters,2021-01-02,2021-01-09,0.0,False,-1,,,best_passed
TRX,-8.761042871183122,0.0,-3.676678233841656,3,-12.691564306774684,False,phase66g_production_soft_filters,2021-01-02,2021-01-09,0.0,False,63,,,best_passed
LINK,-49.77731192665465,0.0,-4.050247573028219,6,-73.76596788998197,False,phase66g_production_soft_filters,2021-01-02,2021-01-09,0.0,False,69,,,best_passed
ETH,-151.83226185866056,0.0,-16.178380950165916,9,-226.39839278799084,False,phase66g_production_soft_filters,2021-01-02,2021-01-09,0.0,False,81,,,best_passed
BNB,-169.35533428226472,0.0,-14.283333205104839,6,-253.13300142339708,False,phase66g_production_soft_filters,2021-01-02,2021-01-09,0.0,False,81,,,best_passed
ADA,485.8259686224643,0.0,1.1485295081274813,7,728.3532910485371,False,phase66g_production_soft_filters,2021-01-09,2021-01-16,0.0,False,-1,,,best_passed
DOGE,103.70341066363778,0.0,3.3222185308848466,7,152.45234283185061,False,phase66g_production_soft_filters,2021-01-09,2021-01-16,0.0,False,65,,,best_passed
AVAX,0.0,0.0,0.0,0,0.0,False,phase66g_production_soft_filters,2021-01-09,2021-01-16,0.0,False,-1,,,best_passed
DOT,0.0,0.0,0.0,0,0.0,False,phase66g_production_soft_filters,2021-01-09,2021-01-16,0.0,False,-1,,,best_passed
XRP,0.0,0.0,0.0,0,0.0,False,phase66g_production_soft_filters,2021-01-09,2021-01-16,0.0,False,-1,,,best_passed
TRX,-8.747901306876315,0.0,-3.676678233841656,3,-12.671851960314473,False,phase66g_production_soft_filters,2021-01-09,2021-01-16,0.0,False,63,,,best_passed
LINK,-49.702645958764606,0.0,-4.050247573028219,6,-73.6539689381469,False,phase66g_production_soft_filters,2021-01-09,2021-01-16,0.0,False,69,,,best_passed
ETH,-151.60451346587251,0.0,-16.178380950165916,9,-226.05677019880878,False,phase66g_production_soft_filters,2021-01-09,2021-01-16,0.0,False,81,,,best_passed
BNB,-169.1013012808413,0.0,-14.283333205104839,6,-252.75195192126196,False,phase66g_production_soft_filters,2021-01-09,2021-01-16,0.0,False,81,,,best_passed
ADA,485.8259686224643,0.0,1.1485295081274813,7,728.3532910485371,False,phase66g_production_soft_filters,2021-01-16,2021-01-23,0.0,False,-1,,,best_passed
DOGE,103.70341066363778,0.0,3.3222185308848466,7,152.45234283185061,False,phase66g_production_soft_filters,2021-01-16,2021-01-23,0.0,False,65,,,best_passed
AVAX,0.0,0.0,0.0,0,0.0,False,phase66g_production_soft_filters,2021-01-16,2021-01-23,0.0,False,-1,,,best_passed
DOT,0.0,0.0,0.0,0,0.0,False,phase66g_production_soft_filters,2021-01-16,2021-01-23,0.0,False,-1,,,best_passed
XRP,0.0,0.0,0.0,0,0.0,False,phase66g_production_soft_filters,2021-01-16,2021-01-23,0.0,False,-1,,,best_passed
TRX,-8.747901306876315,0.0,-3.676678233841656,3,-12.671851960314473,False,phase66g_production_soft_filters,2021-01-16,2021-01-23,0.0,False,63,,,best_passed
LINK,-49.702645958764606,0.0,-4.050247573028219,6,-73.6539689381469,False,phase66g_production_soft_filters,2021-01-16,2021-01-23,0.0,False,69,,,best_passed
ETH,-151.60451346587251,0.0,-16.178380950165916,9,-226.05677019880878,False,phase66g_production_soft_filters,2021-01-16,2021-01-23,0.0,False,81,,,best_passed
BNB,-169.1013012808413,0.0,-14.283333205104839,6,-252.75195192126196,False,phase66g_production_soft_filters,2021-01-16,2021-01-23,0.0,False,81,,,best_passed
ADA,506.8606537149823,0.0,1.1485295081275062,7,759.9053186873141,False,phase66g_production_soft_filters,2021-01-23,2021-01-30,0.0,False,-1,,,best_passed
DOGE,108.19343122082296,0.0,3.3222185308848466,7,159.18737366762838,False,phase66g_production_soft_filters,2021-01-23,2021-01-30,0.0,False,65,,,best_passed
AVAX,0.0,0.0,0.0,0,0.0,False,phase66g_production_soft_filters,2021-01-23,2021-01-30,0.0,False,-1,,,best_passed
DOT,0.0,0.0,0.0,0,0.0,False,phase66g_production_soft_filters,2021-01-23,2021-01-30,0.0,False,-1,,,best_passed
XRP,0.0,0.0,0.0,0,0.0,False,phase66g_production_soft_filters,2021-01-23,2021-01-30,0.0,False,-1,,,best_passed
TRX,-9.12665699532306,0.0,-3.676678233841656,3,-13.23998549298459,False,phase66g_production_soft_filters,2021-01-23,2021-01-30,0.0,False,63,,,best_passed
LINK,-51.854608952781746,0.0,-4.050247573028219,6,-76.88191342917261,False,phase66g_production_soft_filters,2021-01-23,2021-01-30,0.0,False,69,,,best_passed
ETH,-158.1684960549477,0.0,-16.17838095016589,9,-235.90274408242155,False,phase66g_production_soft_filters,2021-01-23,2021-01-30,0.0,False,81,,,best_passed
BNB,-176.42283790282067,0.0,-14.283333205104807,6,-263.73425685423103,False,phase66g_production_soft_filters,2021-01-23,2021-01-30,0.0,False,81,,,best_passed
ADA,450.4728306410274,0.0,1.148529508127492,7,675.3235840763816,False,phase66g_production_soft_filters,2021-01-30,2021-02-06,0.0,False,-1,,,best_passed
DOGE,96.15700264281236,0.0,3.3222185308848573,7,141.13273080061248,False,phase66g_production_soft_filters,2021-01-30,2021-02-06,0.0,False,65,,,best_passed
AVAX,0.0,0.0,0.0,0,0.0,False,phase66g_production_soft_filters,2021-01-30,2021-02-06,0.0,False,-1,,,best_passed
DOT,0.0,0.0,0.0,0,0.0,False,phase66g_production_soft_filters,2021-01-30,2021-02-06,0.0,False,-1,,,best_passed
XRP,0.0,0.0,0.0,0,0.0,False,phase66g_production_soft_filters,2021-01-30,2021-02-06,0.0,False,-1,,,best_passed
TRX,-8.111324050977828,0.0,-3.676678233841656,3,-11.716986076466743,False,phase66g_production_soft_filters,2021-01-30,2021-02-06,0.0,False,63,,,best_passed
LINK,-46.08582715098248,0.0,-4.050247573028223,6,-68.22874072647372,False,phase66g_production_soft_filters,2021-01-30,2021-02-06,0.0,False,69,,,best_passed
ETH,-140.5723833836435,0.0,-16.178380950165902,9,-209.50857507546527,False,phase66g_production_soft_filters,2021-01-30,2021-02-06,0.0,False,81,,,best_passed
BNB,-156.79594499457113,0.0,-14.28333320510481,6,-234.2939174918567,False,phase66g_production_soft_filters,2021-01-30,2021-02-06,0.0,False,81,,,best_passed
ADA,427.2350145943773,0.0,1.1485295081275133,7,640.4668600064064,False,phase66g_production_soft_filters,2021-02-06,2021-02-13,0.0,False,-1,,,best_passed
DOGE,91.19670628968777,0.0,3.3222185308848786,7,133.69228627092556,False,phase66g_production_soft_filters,2021-02-06,2021-02-13,0.0,False,65,,,best_passed
AVAX,0.0,0.0,0.0,0,0.0,False,phase66g_production_soft_filters,2021-02-06,2021-02-13,0.0,False,-1,,,best_passed
DOT,0.0,0.0,0.0,0,0.0,False,phase66g_production_soft_filters,2021-02-06,2021-02-13,0.0,False,-1,,,best_passed
XRP,0.0,0.0,0.0,0,0.0,False,phase66g_production_soft_filters,2021-02-06,2021-02-13,0.0,False,-1,,,best_passed
TRX,-7.692898247310495,0.0,-3.6766782338416455,3,-11.089347370965744,False,phase66g_production_soft_filters,2021-02-06,2021-02-13,0.0,False,63,,,best_passed
LINK,-43.70847184596187,0.0,-4.050247573028223,6,-64.6627077689428,False,phase66g_production_soft_filters,2021-02-06,2021-02-13,0.0,False,69,,,best_passed
ETH,-133.32090235279048,0.0,-16.17838095016589,9,-198.63135352918573,False,phase66g_production_soft_filters,2021-02-06,2021-02-13,0.0,False,81,,,best_passed
BNB,-148.7075652326667,0.0,-14.283333205104807,6,-222.16134784900004,False,phase66g_production_soft_filters,2021-02-06,2021-02-13,0.0,False,81,,,best_passed
ADA,424.36371287555846,0.0,0.0,7,637.5955693133376,False,phase66g_production_soft_filters,2021-02-13,2021-02-20,0.0,False,-1,,,best_passed
DOGE,90.58380413847203,0.0,1.0658141036401503e-14,7,136.92570620770806,False,phase66g_production_soft_filters,2021-02-13,2021-02-20,0.0,False,65,,,best_passed
AVAX,0.0,0.0,0.0,0,0.0,False,phase66g_production_soft_filters,2021-02-13,2021-02-20,0.0,False,-1,,,best_passed
DOT,0.0,0.0,0.0,0,0.0,False,phase66g_production_soft_filters,2021-02-13,2021-02-20,0.0,False,-1,,,best_passed
XRP,0.0,0.0,0.0,0,0.0,False,phase66g_production_soft_filters,2021-02-13,2021-02-20,0.0,False,-1,,,best_passed
TRX,-7.64119688575056,0.0,1.0658141036401503e-14,3,-11.011795328625855,False,phase66g_production_soft_filters,2021-02-13,2021-02-20,0.0,False,63,,,best_passed
LINK,-43.41472202197406,0.0,-0.0053110404941385525,6,-64.22208303296108,False,phase66g_production_soft_filters,2021-02-13,2021-02-20,0.0,False,69,,,best_passed
ETH,-132.4248977581205,0.0,-19.500599481050738,9,-197.28734663718075,False,phase66g_production_soft_filters,2021-02-13,2021-02-20,0.0,False,81,,,best_passed
BNB,-147.7081520921967,0.0,-17.605551735989653,6,-220.66222813829506,False,phase66g_production_soft_filters,2021-02-13,2021-02-20,0.0,False,81,,,best_passed
ADA,425.00121469760484,0.0,1.0658141036401503e-14,7,638.5518220464072,False,phase66g_production_soft_filters,2021-02-20,2021-02-27,0.0,False,-1,,,best_passed
DOGE,90.71988396441827,0.0,2.1316282072803006e-14,7,137.1298259466274,False,phase66g_production_soft_filters,2021-02-20,2021-02-27,0.0,False,65,,,best_passed
AVAX,0.0,0.0,0.0,0,0.0,False,phase66g_production_soft_filters,2021-02-20,2021-02-27,0.0,False,-1,,,best_passed
DOT,0.0,0.0,0.0,0,0.0,False,phase66g_production_soft_filters,2021-02-20,2021-02-27,0.0,False,-1,,,best_passed
XRP,0.0,0.0,0.0,0,0.0,False,phase66g_production_soft_filters,2021-02-20,2021-02-27,0.0,False,-1,,,best_passed
TRX,-7.6526758995996715,0.0,1.0658141036401503e-14,3,-11.029013849399522,False,phase66g_production_soft_filters,2021-02-20,2021-02-27,0.0,False,63,,,best_passed
LINK,-43.479941934876706,0.0,1.0658141036401503e-14,6,-64.31991290231507,False,phase66g_production_soft_filters,2021-02-20,2021-02-27,0.0,False,69,,,best_passed
ETH,-132.62383350838275,0.0,-19.50059948105074,9,-197.58575026257412,False,phase66g_production_soft_filters,2021-02-20,2021-02-27,0.0,False,81,,,best_passed
BNB,-147.93004716294223,0.0,-17.605551735989657,6,-220.99507074441334,False,phase66g_production_soft_filters,2021-02-20,2021-02-27,0.0,False,81,,,best_passed
ADA,425.00121469760484,0.0,1.0658141036401503e-14,7,638.5518220464072,False,phase66g_production_soft_filters,2021-02-27,2021-03-06,0.0,False,-1,,,best_passed
DOGE,90.71988396441827,0.0,2.1316282072803006e-14,7,137.1298259466274,False,phase66g_production_soft_filters,2021-02-27,2021-03-06,0.0,False,65,,,best_passed
AVAX,0.0,0.0,0.0,0,0.0,False,phase66g_production_soft_filters,2021-02-27,2021-03-06,0.0,False,-1,,,best_passed
DOT,0.0,0.0,0.0,0,0.0,False,phase66g_production_soft_filters,2021-02-27,2021-03-06,0.0,False,-1,,,best_passed
XRP,0.0,0.0,0.0,0,0.0,False,phase66g_production_soft_filters,2021-02-27,2021-03-06,0.0,False,-1,,,best_passed
TRX,-7.6526758995996715,0.0,1.0658141036401503e-14,3,-11.029013849399522,False,phase66g_production_soft_filters,2021-02-27,2021-03-06,0.0,False,63,,,best_passed
LINK,-43.479941934876706,0.0,1.0658141036401503e-14,6,-64.31991290231507,False,phase66g_production_soft_filters,2021-02-27,2021-03-06,0.0,False,69,,,best_passed
ETH,-132.62383350838275,0.0,-19.50059948105074,9,-197.58575026257412,False,phase66g_production_soft_filters,2021-02-27,2021-03-06,0.0,False,81,,,best_passed
BNB,-147.93004716294223,0.0,-17.605551735989657,6,-220.99507074441334,False,phase66g_production_soft_filters,2021-02-27,2021-03-06,0.0,False,81,,,best_passed
ADA,425.00121469760484,0.0,1.0658141036401503e-14,7,638.5518220464072,False,phase66g_production_soft_filters,2021-03-06,2021-03-13,0.0,False,-1,,,best_passed
DOGE,90.71988396441827,0.0,2.1316282072803006e-14,7,137.1298259466274,False,phase66g_production_soft_filters,2021-03-06,2021-03-13,0.0,False,65,,,best_passed
AVAX,0.0,0.0,0.0,0,0.0,False,phase66g_production_soft_filters,2021-03-06,2021-03-13,0.0,False,-1,,,best_passed
DOT,0.0,0.0,0.0,0,0.0,False,phase66g_production_soft_filters,2021-03-06,2021-03-13,0.0,False,-1,,,best_passed
XRP,0.0,0.0,0.0,0,0.0,False,phase66g_production_soft_filters,2021-03-06,2021-03-13,0.0,False,-1,,,best_passed
TRX,-7.6526758995996715,0.0,1.0658141036401503e-14,3,-11.029013849399522,False,phase66g_production_soft_filters,2021-03-06,2021-03-13,0.0,False,63,,,best_passed
LINK,-43.479941934876706,0.0,1.0658141036401503e-14,6,-64.31991290231507,False,phase66g_production_soft_filters,2021-03-06,2021-03-13,0.0,False,69,,,best_passed
ETH,-132.62383350838275,0.0,-19.50059948105074,9,-197.58575026257412,False,phase66g_production_soft_filters,2021-03-06,2021-03-13,0.0,False,81,,,best_passed
BNB,-147.93004716294223,0.0,-17.605551735989657,6,-220.99507074441334,False,phase66g_production_soft_filters,2021-03-06,2021-03-13,0.0,False,81,,,best_passed
ADA,465.6114548465098,0.0,1.0658141036401503e-14,7,699.4671822697646,False,phase66g_production_soft_filters,2021-03-13,2021-03-20,0.0,False,-1,,,best_passed
DOGE,99.3884621864762,0.0,2.1316282072803006e-14,7,150.1326932797143,False,phase66g_production_soft_filters,2021-03-13,2021-03-20,0.0,False,65,,,best_passed
AVAX,0.0,0.0,0.0,0,0.0,False,phase66g_production_soft_filters,2021-03-13,2021-03-20,0.0,False,-1,,,best_passed
DOT,0.0,0.0,0.0,0,0.0,False,phase66g_production_soft_filters,2021-03-13,2021-03-20,0.0,False,-1,,,best_passed
XRP,0.0,0.0,0.0,0,0.0,False,phase66g_production_soft_filters,2021-03-13,2021-03-20,0.0,False,-1,,,best_passed
TRX,-8.383913823909097,0.0,1.0658141036401503e-14,3,-12.12587073586366,False,phase66g_production_soft_filters,2021-03-13,2021-03-20,0.0,False,63,,,best_passed
LINK,-47.6345909630968,0.0,1.0658141036401503e-14,6,-70.5518864446452,False,phase66g_production_soft_filters,2021-03-13,2021-03-20,0.0,False,69,,,best_passed
ETH,-145.2964695903193,0.0,-19.50059948105074,9,-216.59470438547896,False,phase66g_production_soft_filters,2021-03-13,2021-03-20,0.0,False,81,,,best_passed
BNB,-162.0652414465639,0.0,-17.605551735989657,6,-242.19786216984585,False,phase66g_production_soft_filters,2021-03-13,2021-03-20,0.0,False,81,,,best_passed
ADA,442.1277814418597,0.0,1.0658141036401503e-14,7,664.2416721627895,False,phase66g_production_soft_filters,2021-03-20,2021-03-27,0.0,False,-1,,,best_passed
DOGE,94.37568562807519,0.0,2.1316282072803006e-14,7,142.61352844211277,False,phase66g_production_soft_filters,2021-03-20,2021-03-27,0.0,False,65,,,best_passed
AVAX,0.0,0.0,0.0,0,0.0,False,phase66g_production_soft_filters,2021-03-20,2021-03-27,0.0,False,-1,,,best_passed
DOT,0.0,0.0,0.0,0,0.0,False,phase66g_production_soft_filters,2021-03-20,2021-03-27,0.0,False,-1,,,best_passed
XRP,0.0,0.0,0.0,0,0.0,False,phase66g_production_soft_filters,2021-03-20,2021-03-27,0.0,False,-1,,,best_passed
TRX,-7.9610610524746335,0.0,1.0658141036401503e-14,3,-11.491591578711965,False,phase66g_production_soft_filters,2021-03-20,2021-03-27,0.0,False,63,,,best_passed
LINK,-45.232083109611494,0.0,1.0658141036401503e-14,6,-66.94812466441725,False,phase66g_production_soft_filters,2021-03-20,2021-03-27,0.0,False,69,,,best_passed
ETH,-137.9682674956511,0.0,-19.50059948105074,9,-205.60240124347666,False,phase66g_production_soft_filters,2021-03-20,2021-03-27,0.0,False,81,,,best_passed
BNB,-153.89128618674016,0.0,-17.605551735989657,6,-229.93692928011023,False,phase66g_production_soft_filters,2021-03-20,2021-03-27,0.0,False,81,,,best_passed
ADA,460.6928233287417,0.0,1.0658141036401503e-14,7,692.0892349931125,False,phase66g_production_soft_filters,2021-03-27,2021-04-03,0.0,False,-1,,,best_passed
DOGE,98.33854123301955,0.0,2.1316282072803006e-14,7,148.55781184952932,False,phase66g_production_soft_filters,2021-03-27,2021-04-03,0.0,False,65,,,best_passed
AVAX,0.0,0.0,0.0,0,0.0,False,phase66g_production_soft_filters,2021-03-27,2021-04-03,0.0,False,-1,,,best_passed
DOT,0.0,0.0,0.0,0,0.0,False,phase66g_production_soft_filters,2021-03-27,2021-04-03,0.0,False,-1,,,best_passed
XRP,0.0,0.0,0.0,0,0.0,False,phase66g_production_soft_filters,2021-03-27,2021-04-03,0.0,False,-1,,,best_passed
TRX,-8.295347740864145,0.0,1.0658141036401503e-14,3,-11.993021611296232,False,phase66g_production_soft_filters,2021-03-27,2021-04-03,0.0,False,63,,,best_passed
LINK,-47.13138813591479,0.0,1.0658141036401503e-14,6,-69.7970822038722,False,phase66g_production_soft_filters,2021-03-27,2021-04-03,0.0,False,69,,,best_passed
ETH,-143.7615851124816,0.0,-19.50059948105074,9,-214.29237766872242,False,phase66g_production_soft_filters,2021-03-27,2021-04-03,0.0,False,81,,,best_passed
BNB,-160.353214828197,0.0,-17.605551735989657,6,-239.6298222422955,False,phase66g_production_soft_filters,2021-03-27,2021-04-03,0.0,False,81,,,best_passed
ADA,480.71688076936334,0.0,1.0658141036401503e-14,7,722.125321154045,False,phase66g_production_soft_filters,2021-04-03,2021-04-10,0.0,False,-1,,,best_passed
DOGE,102.61283529310276,0.0,2.1316282072803006e-14,7,154.96925293965413,False,phase66g_production_soft_filters,2021-04-03,2021-04-10,0.0,False,65,,,best_passed
AVAX,0.0,0.0,0.0,0,0.0,False,phase66g_production_soft_filters,2021-04-03,2021-04-10,0.0,False,-1,,,best_passed
DOT,0.0,0.0,0.0,0,0.0,False,phase66g_production_soft_filters,2021-04-03,2021-04-10,0.0,False,-1,,,best_passed
XRP,0.0,0.0,0.0,0,0.0,False,phase66g_production_soft_filters,2021-04-03,2021-04-10,0.0,False,-1,,,best_passed
TRX,-8.655905820438193,0.0,1.0658141036401503e-14,3,-12.533858730657304,False,phase66g_production_soft_filters,2021-04-03,2021-04-10,0.0,False,63,,,best_passed
LINK,-49.179958409857136,0.0,1.0658141036401503e-14,6,-72.86993761478571,False,phase66g_production_soft_filters,2021-04-03,2021-04-10,0.0,False,69,,,best_passed
ETH,-150.01019610070398,0.0,-19.50059948105074,9,-223.66529415105597,False,phase66g_production_soft_filters,2021-04-03,2021-04-10,0.0,False,81,,,best_passed
BNB,-167.32298258213677,0.0,-17.605551735989657,6,-250.08447387320516,False,phase66g_production_soft_filters,2021-04-03,2021-04-10,0.0,False,81,,,best_passed
ADA,497.0814739100896,0.0,1.0658141036401503e-14,7,746.6722108651343,False,phase66g_production_soft_filters,2021-04-10,2021-04-17,0.0,False,-1,,,best_passed
DOGE,106.10598764069755,0.0,2.1316282072803006e-14,7,160.2089814610463,False,phase66g_production_soft_filters,2021-04-10,2021-04-17,0.0,False,65,,,best_passed
AVAX,0.0,0.0,0.0,0,0.0,False,phase66g_production_soft_filters,2021-04-10,2021-04-17,0.0,False,-1,,,best_passed
DOT,0.0,0.0,0.0,0,0.0,False,phase66g_production_soft_filters,2021-04-10,2021-04-17,0.0,False,-1,,,best_passed
XRP,0.0,0.0,0.0,0,0.0,False,phase66g_production_soft_filters,2021-04-10,2021-04-17,0.0,False,-1,,,best_passed
TRX,-8.950570690099653,0.0,1.0658141036401503e-14,3,-12.975856035149494,False,phase66g_production_soft_filters,2021-04-10,2021-04-17,0.0,False,63,,,best_passed
LINK,-50.85414552965847,0.0,1.0658141036401503e-14,6,-75.38121829448771,False,phase66g_production_soft_filters,2021-04-10,2021-04-17,0.0,False,69,,,best_passed
ETH,-155.116852272669,0.0,-19.50059948105074,9,-231.32527840900352,False,phase66g_production_soft_filters,2021-04-10,2021-04-17,0.0,False,81,,,best_passed
BNB,-173.01900167900567,0.0,-17.605551735989657,6,-258.6285025185085,False,phase66g_production_soft_filters,2021-04-10,2021-04-17,0.0,False,81,,,best_passed
ADA,516.5547497082558,0.0,1.0658141036401503e-14,7,775.8821245623838,False,phase66g_production_soft_filters,2021-04-17,2021-04-24,0.0,False,-1,,,best_passed
DOGE,110.26271298576239,0.0,2.1316282072803006e-14,7,166.44406947864357,False,phase66g_production_soft_filters,2021-04-17,2021-04-24,0.0,False,65,,,best_passed
AVAX,0.0,0.0,0.0,0,0.0,False,phase66g_production_soft_filters,2021-04-17,2021-04-24,0.0,False,-1,,,best_passed
DOT,0.0,0.0,0.0,0,0.0,False,phase66g_production_soft_filters,2021-04-17,2021-04-24,0.0,False,-1,,,best_passed
XRP,0.0,0.0,0.0,0,0.0,False,phase66g_production_soft_filters,2021-04-17,2021-04-24,0.0,False,-1,,,best_passed
TRX,-9.301211260604532,0.0,1.0658141036401503e-14,3,-13.501816890906813,False,phase66g_production_soft_filters,2021-04-17,2021-04-24,0.0,False,63,,,best_passed
LINK,-52.84636783798419,0.0,1.0658141036401503e-14,6,-78.36955175697629,False,phase66g_production_soft_filters,2021-04-17,2021-04-24,0.0,False,69,,,best_passed
ETH,-161.19358899248357,0.0,-19.50059948105074,9,-240.44038348872536,False,phase66g_production_soft_filters,2021-04-17,2021-04-24,0.0,False,81,,,best_passed
BNB,-179.79705902947524,0.0,-17.605551735989657,6,-268.7955885442129,False,phase66g_production_soft_filters,2021-04-17,2021-04-24,0.0,False,81,,,best_passed
ADA,468.20076375742815,0.0,1.0658141036401503e-14,7,703.3511456361422,False,phase66g_production_soft_filters,2021-04-24,2021-05-01,0.0,False,-1,,,best_passed
DOGE,99.94117073370671,0.0,2.1316282072803006e-14,7,150.96175610056005,False,phase66g_production_soft_filters,2021-04-24,2021-05-01,0.0,False,65,,,best_passed
AVAX,0.0,0.0,0.0,0,0.0,False,phase66g_production_soft_filters,2021-04-24,2021-05-01,0.0,False,-1,,,best_passed
DOT,0.0,0.0,0.0,0,0.0,False,phase66g_production_soft_filters,2021-04-24,2021-05-01,0.0,False,-1,,,best_passed
XRP,0.0,0.0,0.0,0,0.0,False,phase66g_production_soft_filters,2021-04-24,2021-05-01,0.0,False,-1,,,best_passed
TRX,-8.4305375539451,0.0,1.0658141036401503e-14,3,-12.195806330917666,False,phase66g_production_soft_filters,2021-04-24,2021-05-01,0.0,False,63,,,best_passed
LINK,-47.8994913850363,0.0,1.0658141036401503e-14,6,-70.94923707755446,False,phase66g_production_soft_filters,2021-04-24,2021-05-01,0.0,False,69,,,best_passed
ETH,-146.10447686659904,0.0,-19.50059948105074,9,-217.80671529989857,False,phase66g_production_soft_filters,2021-04-24,2021-05-01,0.0,False,81,,,best_passed
BNB,-162.96650143374768,0.0,-17.605551735989657,6,-243.54975215062152,False,phase66g_production_soft_filters,2021-04-24,2021-05-01,0.0,False,81,,,best_passed
ETH,19.10999334826454,29.637506825557924,-19.50059948105074,15,149.4650173246285,True,phase66g_production_soft_filters,2021-05-01,2021-05-08,28.713871871075543,False,81,,ETH,best_passed
ADA,468.20076375742815,0.0,1.0658141036401503e-14,7,703.3511456361422,False,phase66g_production_soft_filters,2021-05-01,2021-05-08,0.0,False,-1,,ETH,best_passed
DOGE,99.94117073370671,0.0,2.1316282072803006e-14,7,150.96175610056005,False,phase66g_production_soft_filters,2021-05-01,2021-05-08,0.0,False,65,,ETH,best_passed
AVAX,0.0,0.0,0.0,0,0.0,False,phase66g_production_soft_filters,2021-05-01,2021-05-08,0.0,False,-1,,ETH,best_passed
DOT,0.0,0.0,0.0,0,0.0,False,phase66g_production_soft_filters,2021-05-01,2021-05-08,0.0,False,-1,,ETH,best_passed
XRP,0.0,0.0,0.0,0,0.0,False,phase66g_production_soft_filters,2021-05-01,2021-05-08,0.0,False,-1,,ETH,best_passed
TRX,-8.4305375539451,0.0,1.0658141036401503e-14,3,-12.195806330917666,False,phase66g_production_soft_filters,2021-05-01,2021-05-08,0.0,False,63,,ETH,best_passed
LINK,-47.8994913850363,0.0,1.0658141036401503e-14,6,-70.94923707755446,False,phase66g_production_soft_filters,2021-05-01,2021-05-08,0.0,False,69,,ETH,best_passed
BNB,-162.96650143374768,0.0,-17.605551735989657,6,-243.54975215062152,False,phase66g_production_soft_filters,2021-05-01,2021-05-08,0.0,False,81,,ETH,best_passed
ETH,180.55256939106027,57.14862175850877,-19.500599481050763,19,502.2733411206255,True,phase66g_production_soft_filters,2021-05-08,2021-05-15,53.44164708206718,False,81,ETH,ETH,min_hold
ADA,490.1398523164123,0.0,0.0,7,736.2597784746184,False,phase66g_production_soft_filters,2021-05-08,2021-05-15,0.0,False,-1,ETH,ETH,min_hold
DOGE,22.292124599829435,0.0,0.0,5,34.18818689974415,False,phase66g_production_soft_filters,2021-05-08,2021-05-15,0.0,False,65,ETH,ETH,min_hold
AVAX,0.0,0.0,0.0,0,0.0,False,phase66g_production_soft_filters,2021-05-08,2021-05-15,0.0,False,-1,ETH,ETH,min_hold
DOT,0.0,0.0,0.0,0,0.0,False,phase66g_production_soft_filters,2021-05-08,2021-05-15,0.0,False,-1,ETH,ETH,min_hold
XRP,0.0,0.0,0.0,0,0.0,False,phase66g_production_soft_filters,2021-05-08,2021-05-15,0.0,False,-1,ETH,ETH,min_hold
TRX,-8.825578152579851,0.0,-1.0658141036401503e-14,3,-12.788367228869777,False,phase66g_production_soft_filters,2021-05-08,2021-05-15,0.0,False,63,ETH,ETH,min_hold
LINK,-50.143979785680926,0.0,-1.0658141036401503e-14,6,-74.31596967852138,False,phase66g_production_soft_filters,2021-05-08,2021-05-15,0.0,False,69,ETH,ETH,min_hold
BNB,-170.60283350294435,0.0,-17.605551735989685,6,-255.00425025441652,False,phase66g_production_soft_filters,2021-05-08,2021-05-15,0.0,False,81,ETH,ETH,min_hold
ETH,160.2762452781809,47.297310653596526,-9.983240864209066,19,432.4536105316575,True,phase66g_production_soft_filters,2021-05-15,2021-05-22,43.547850363631525,False,81,ETH,ETH,min_hold
ADA,435.09641239348946,0.0,-2.1316282072803006e-14,7,653.6946185902341,False,phase66g_production_soft_filters,2021-05-15,2021-05-22,0.0,False,-1,ETH,ETH,min_hold
AVAX,0.0,0.0,0.0,0,0.0,False,phase66g_production_soft_filters,2021-05-15,2021-05-22,0.0,False,-1,ETH,ETH,min_hold
DOT,0.0,0.0,0.0,0,0.0,False,phase66g_production_soft_filters,2021-05-15,2021-05-22,0.0,False,-1,ETH,ETH,min_hold
XRP,0.0,0.0,0.0,0,0.0,False,phase66g_production_soft_filters,2021-05-15,2021-05-22,0.0,False,-1,ETH,ETH,min_hold
DOGE,-2.6223269592819634,0.0,-1.0658141036401503e-14,3,-3.483490438922945,False,phase66g_production_soft_filters,2021-05-15,2021-05-22,0.0,False,65,ETH,ETH,min_hold
TRX,-7.8344525003187755,0.0,-2.1316282072803006e-14,3,-11.301678750478164,False,phase66g_production_soft_filters,2021-05-15,2021-05-22,0.0,False,63,ETH,ETH,min_hold
LINK,-44.512735711596406,0.0,-3.552713678800501e-14,6,-65.8691035673946,False,phase66g_production_soft_filters,2021-05-15,2021-05-22,0.0,False,69,ETH,ETH,min_hold
BNB,-151.44387964065402,0.0,-8.08819311914798,6,-226.26581946098102,False,phase66g_production_soft_filters,2021-05-15,2021-05-22,0.0,False,81,ETH,ETH,min_hold
ETH,163.80544293761886,49.97792420624653,-9.983240864209066,19,448.4698612314144,True,phase66g_production_soft_filters,2021-05-22,2021-05-29,44.39911825912371,False,81,ETH,ETH,incumbent_best
ADA,444.6770039376911,0.0,-2.1316282072803006e-14,7,668.0655059065366,False,phase66g_production_soft_filters,2021-05-22,2021-05-29,0.0,False,-1,ETH,ETH,incumbent_best
AVAX,0.0,0.0,0.0,0,0.0,False,phase66g_production_soft_filters,2021-05-22,2021-05-29,0.0,False,-1,ETH,ETH,incumbent_best
DOT,0.0,0.0,0.0,0,0.0,False,phase66g_production_soft_filters,2021-05-22,2021-05-29,0.0,False,-1,ETH,ETH,incumbent_best
XRP,0.0,0.0,0.0,0,0.0,False,phase66g_production_soft_filters,2021-05-22,2021-05-29,0.0,False,-1,ETH,ETH,incumbent_best
DOGE,-2.680069203936341,0.0,-2.1316282072803006e-14,3,-3.5701038059045116,False,phase66g_production_soft_filters,2021-05-22,2021-05-29,0.0,False,65,ETH,ETH,incumbent_best
TRX,-8.006962976709588,0.0,0.0,3,-11.560444465064382,False,phase66g_production_soft_filters,2021-05-22,2021-05-29,0.0,False,63,ETH,ETH,incumbent_best
LINK,-45.49288247268316,0.0,-1.0658141036401503e-14,6,-67.33932370902474,False,phase66g_production_soft_filters,2021-05-22,2021-05-29,0.0,False,69,ETH,ETH,incumbent_best
BNB,-154.778593307275,0.0,-8.08819311914798,6,-231.2678899609125,False,phase66g_production_soft_filters,2021-05-22,2021-05-29,0.0,False,81,ETH,ETH,incumbent_best
ETH,87.6233978106485,43.718102494030795,-9.983240864209062,18,309.0075066920959,True,phase66g_production_soft_filters,2021-05-29,2021-06-05,37.87854126077215,False,81,ETH,ETH,incumbent_best
ADA,99.38417414559342,0.0,-1.0658141036401503e-14,4,149.67626121839012,False,phase66g_production_soft_filters,2021-05-29,2021-06-05,0.0,False,-1,ETH,ETH,incumbent_best
AVAX,0.0,0.0,0.0,0,0.0,False,phase66g_production_soft_filters,2021-05-29,2021-06-05,0.0,False,-1,ETH,ETH,incumbent_best
DOGE,0.0,0.0,0.0,0,0.0,False,phase66g_production_soft_filters,2021-05-29,2021-06-05,0.0,False,65,ETH,ETH,incumbent_best
DOT,0.0,0.0,0.0,0,0.0,False,phase66g_production_soft_filters,2021-05-29,2021-06-05,0.0,False,-1,ETH,ETH,incumbent_best
XRP,0.0,0.0,0.0,0,0.0,False,phase66g_production_soft_filters,2021-05-29,2021-06-05,0.0,False,-1,ETH,ETH,incumbent_best
TRX,-7.906373528936683,0.0,-1.0658141036401503e-14,3,-11.409560293405026,False,phase66g_production_soft_filters,2021-05-29,2021-06-05,0.0,False,63,ETH,ETH,incumbent_best
LINK,-44.921366913185466,0.0,1.0658141036401503e-14,6,-66.48205036977821,False,phase66g_production_soft_filters,2021-05-29,2021-06-05,0.0,False,69,ETH,ETH,incumbent_best
BNB,-152.83414904381613,0.0,-8.08819311914797,6,-228.35122356572418,False,phase66g_production_soft_filters,2021-05-29,2021-06-05,0.0,False,81,ETH,ETH,incumbent_best
ETH,105.08258795220945,44.10909392934017,-9.98324086420903,16,336.4602576456748,True,phase66g_production_soft_filters,2021-06-05,2021-06-12,45.21868684514124,False,81,ETH,ETH,incumbent_best
ADA,96.92158507982026,0.0,3.552713678800501e-14,3,145.83237761973032,False,phase66g_production_soft_filters,2021-06-05,2021-06-12,0.0,False,-1,ETH,ETH,incumbent_best
AVAX,0.0,0.0,0.0,0,0.0,False,phase66g_production_soft_filters,2021-06-05,2021-06-12,0.0,False,-1,ETH,ETH,incumbent_best
DOGE,0.0,0.0,0.0,0,0.0,False,phase66g_production_soft_filters,2021-06-05,2021-06-12,0.0,False,65,ETH,ETH,incumbent_best
DOT,0.0,0.0,0.0,0,0.0,False,phase66g_production_soft_filters,2021-06-05,2021-06-12,0.0,False,-1,ETH,ETH,incumbent_best
XRP,0.0,0.0,0.0,0,0.0,False,phase66g_production_soft_filters,2021-06-05,2021-06-12,0.0,False,-1,ETH,ETH,incumbent_best
TRX,-7.710465587156818,0.0,1.4210854715202004e-14,3,-11.115698380735246,False,phase66g_production_soft_filters,2021-06-05,2021-06-12,0.0,False,63,ETH,ETH,incumbent_best
LINK,-43.80828358848987,0.0,2.4868995751603507e-14,6,-64.81242538273483,False,phase66g_production_soft_filters,2021-06-05,2021-06-12,0.0,False,69,ETH,ETH,incumbent_best
BNB,-149.04715068569828,0.0,-8.088193119147945,6,-222.67072602854742,False,phase66g_production_soft_filters,2021-06-05,2021-06-12,0.0,False,81,ETH,ETH,incumbent_best
ETH,113.91798457466973,36.50188762161102,-9.98324086420903,14,318.9845273484487,True,phase66g_production_soft_filters,2021-06-12,2021-06-19,24.293098494853297,False,81,ETH,ETH,incumbent_best
ADA,107.29752694874992,0.0,0.0,3,161.39629042312487,False,phase66g_production_soft_filters,2021-06-12,2021-06-19,0.0,False,-1,ETH,ETH,incumbent_best
TRX,2.2737367544323206e-13,0.0,0.0,1,0.15000000000034105,False,phase66g_production_soft_filters,2021-06-12,2021-06-19,0.0,False,63,ETH,ETH,incumbent_best
AVAX,0.0,0.0,0.0,0,0.0,False,phase66g_production_soft_filters,2021-06-12,2021-06-19,0.0,False,-1,ETH,ETH,incumbent_best
DOGE,0.0,0.0,0.0,0,0.0,False,phase66g_production_soft_filters,2021-06-12,2021-06-19,0.0,False,65,ETH,ETH,incumbent_best
DOT,0.0,0.0,0.0,0,0.0,False,phase66g_production_soft_filters,2021-06-12,2021-06-19,0.0,False,-1,ETH,ETH,incumbent_best
XRP,0.0,0.0,0.0,0,0.0,False,phase66g_production_soft_filters,2021-06-12,2021-06-19,0.0,False,-1,ETH,ETH,incumbent_best
LINK,-25.9796950884936,0.0,2.1316282072803006e-14,4,-38.369542632740426,False,phase66g_production_soft_filters,2021-06-12,2021-06-19,0.0,False,69,ETH,ETH,incumbent_best
BNB,-169.64293297122362,0.0,-8.088193119147967,4,-253.86439945683543,False,phase66g_production_soft_filters,2021-06-12,2021-06-19,0.0,False,81,ETH,ETH,incumbent_best
ETH,112.84655291907222,44.72371369334212,-9.983240864209051,13,350.1146841519768,True,phase66g_production_soft_filters,2021-06-19,2021-06-26,0.0,False,81,ETH,ETH,incumbent_best
ADA,106.28836261557353,0.0,1.0658141036401503e-14,3,159.8825439233603,False,phase66g_production_soft_filters,2021-06-19,2021-06-26,0.0,False,-1,ETH,ETH,incumbent_best
AVAX,0.0,0.0,0.0,0,0.0,False,phase66g_production_soft_filters,2021-06-19,2021-06-26,0.0,False,-1,ETH,ETH,incumbent_best
DOGE,0.0,0.0,0.0,0,0.0,False,phase66g_production_soft_filters,2021-06-19,2021-06-26,0.0,False,65,ETH,ETH,incumbent_best
DOT,0.0,0.0,0.0,0,0.0,False,phase66g_production_soft_filters,2021-06-19,2021-06-26,0.0,False,-1,ETH,ETH,incumbent_best
TRX,0.0,0.0,0.0,0,0.0,False,phase66g_production_soft_filters,2021-06-19,2021-06-26,0.0,False,63,ETH,ETH,incumbent_best
XRP,0.0,0.0,0.0,0,0.0,False,phase66g_production_soft_filters,2021-06-19,2021-06-26,0.0,False,-1,ETH,ETH,incumbent_best
LINK,-25.735348527898168,0.0,2.1316282072803006e-14,3,-38.15302279184728,False,phase66g_production_soft_filters,2021-06-19,2021-06-26,0.0,False,69,ETH,ETH,incumbent_best
BNB,-168.04739202821497,0.0,-8.08819311914796,3,-251.62108804232247,False,phase66g_production_soft_filters,2021-06-19,2021-06-26,0.0,False,81,ETH,ETH,incumbent_best
ETH,110.06956418245852,24.650419833157954,-9.983240864209044,13,265.6560256063196,True,phase66g_production_soft_filters,2021-06-26,2021-07-03,0.0,False,81,ETH,ETH,incumbent_best
ADA,103.67276135721386,0.0,2.1316282072803006e-14,3,155.95914203582075,False,phase66g_production_soft_filters,2021-06-26,2021-07-03,0.0,False,-1,ETH,ETH,incumbent_best
LINK,33.6228981062078,0.0,0.0,3,50.8843471593117,False,phase66g_production_soft_filters,2021-06-26,2021-07-03,0.0,False,69,ETH,ETH,incumbent_best
AVAX,0.0,0.0,0.0,0,0.0,False,phase66g_production_soft_filters,2021-06-26,2021-07-03,0.0,False,-1,ETH,ETH,incumbent_best
DOGE,0.0,0.0,0.0,0,0.0,False,phase66g_production_soft_filters,2021-06-26,2021-07-03,0.0,False,65,ETH,ETH,incumbent_best
DOT,0.0,0.0,0.0,0,0.0,False,phase66g_production_soft_filters,2021-06-26,2021-07-03,0.0,False,-1,ETH,ETH,incumbent_best
TRX,0.0,0.0,0.0,0,0.0,False,phase66g_production_soft_filters,2021-06-26,2021-07-03,0.0,False,63,ETH,ETH,incumbent_best
XRP,0.0,0.0,0.0,0,0.0,False,phase66g_production_soft_filters,2021-06-26,2021-07-03,0.0,False,-1,ETH,ETH,incumbent_best
BNB,-163.91199131983717,0.0,-8.088193119147967,3,-245.41798697975577,False,phase66g_production_soft_filters,2021-06-26,2021-07-03,0.0,False,81,ETH,ETH,incumbent_best
ETH,106.65518947632017,0.0,-9.983240864209083,13,161.93278421448025,False,phase66g_production_soft_filters,2021-07-03,2021-07-10,0.0,False,81,ETH,,best_passed
ADA,0.0,0.0,0.0,0,0.0,False,phase66g_production_soft_filters,2021-07-03,2021-07-10,0.0,False,-1,ETH,,best_passed
AVAX,0.0,0.0,0.0,0,0.0,False,phase66g_production_soft_filters,2021-07-03,2021-07-10,0.0,False,-1,ETH,,best_passed
DOGE,0.0,0.0,0.0,0,0.0,False,phase66g_production_soft_filters,2021-07-03,2021-07-10,0.0,False,65,ETH,,best_passed
DOT,0.0,0.0,0.0,0,0.0,False,phase66g_production_soft_filters,2021-07-03,2021-07-10,0.0,False,-1,ETH,,best_passed
LINK,0.0,0.0,0.0,0,0.0,False,phase66g_production_soft_filters,2021-07-03,2021-07-10,0.0,False,69,ETH,,best_passed
TRX,0.0,0.0,0.0,0,0.0,False,phase66g_production_soft_filters,2021-07-03,2021-07-10,0.0,False,63,ETH,,best_passed
XRP,0.0,0.0,0.0,0,0.0,False,phase66g_production_soft_filters,2021-07-03,2021-07-10,0.0,False,-1,ETH,,best_passed
BNB,-158.8274162935615,0.0,-8.088193119147999,3,-237.79112444034226,False,phase66g_production_soft_filters,2021-07-03,2021-07-10,0.0,False,81,ETH,,best_passed
ETH,88.23723086344825,0.0,-9.983240864209066,13,134.30584629517236,False,phase66g_production_soft_filters,2021-07-10,2021-07-17,0.0,False,81,,,best_passed
ADA,0.0,0.0,0.0,0,0.0,False,phase66g_production_soft_filters,2021-07-10,2021-07-17,0.0,False,-1,,,best_passed
AVAX,0.0,0.0,0.0,0,0.0,False,phase66g_production_soft_filters,2021-07-10,2021-07-17,0.0,False,-1,,,best_passed
DOGE,0.0,0.0,0.0,0,0.0,False,phase66g_production_soft_filters,2021-07-10,2021-07-17,0.0,False,65,,,best_passed
DOT,0.0,0.0,0.0,0,0.0,False,phase66g_production_soft_filters,2021-07-10,2021-07-17,0.0,False,-1,,,best_passed
LINK,0.0,0.0,0.0,0,0.0,False,phase66g_production_soft_filters,2021-07-10,2021-07-17,0.0,False,69,,,best_passed
TRX,0.0,0.0,0.0,0,0.0,False,phase66g_production_soft_filters,2021-07-10,2021-07-17,0.0,False,63,,,best_passed
XRP,0.0,0.0,0.0,0,0.0,False,phase66g_production_soft_filters,2021-07-10,2021-07-17,0.0,False,-1,,,best_passed
BNB,-131.3999953284178,0.0,-8.08819311914798,3,-196.6499929926267,False,phase66g_production_soft_filters,2021-07-10,2021-07-17,0.0,False,81,,,best_passed
ETH,89.59523767862748,0.0,-9.983240864209051,13,136.34285651794121,False,phase66g_production_soft_filters,2021-07-17,2021-07-24,0.0,False,81,,,best_passed
ADA,0.0,0.0,0.0,0,0.0,False,phase66g_production_soft_filters,2021-07-17,2021-07-24,0.0,False,-1,,,best_passed
AVAX,0.0,0.0,0.0,0,0.0,False,phase66g_production_soft_filters,2021-07-17,2021-07-24,0.0,False,-1,,,best_passed
DOGE,0.0,0.0,0.0,0,0.0,False,phase66g_production_soft_filters,2021-07-17,2021-07-24,0.0,False,65,,,best_passed
DOT,0.0,0.0,0.0,0,0.0,False,phase66g_production_soft_filters,2021-07-17,2021-07-24,0.0,False,-1,,,best_passed
LINK,0.0,0.0,0.0,0,0.0,False,phase66g_production_soft_filters,2021-07-17,2021-07-24,0.0,False,69,,,best_passed
TRX,0.0,0.0,0.0,0,0.0,False,phase66g_production_soft_filters,2021-07-17,2021-07-24,0.0,False,63,,,best_passed
XRP,0.0,0.0,0.0,0,0.0,False,phase66g_production_soft_filters,2021-07-17,2021-07-24,0.0,False,-1,,,best_passed
BNB,-133.4222946166472,0.0,-8.088193119147967,3,-199.68344192497082,False,phase66g_production_soft_filters,2021-07-17,2021-07-24,0.0,False,81,,,best_passed
ETH,68.88462148339767,0.0,-9.983240864209055,13,105.2769322250965,False,phase66g_production_soft_filters,2021-07-24,2021-07-31,0.0,False,81,,,best_passed
ADA,0.0,0.0,0.0,0,0.0,False,phase66g_production_soft_filters,2021-07-24,2021-07-31,0.0,False,-1,,,best_passed
AVAX,0.0,0.0,0.0,0,0.0,False,phase66g_production_soft_filters,2021-07-24,2021-07-31,0.0,False,-1,,,best_passed
DOGE,0.0,0.0,0.0,0,0.0,False,phase66g_production_soft_filters,2021-07-24,2021-07-31,0.0,False,65,,,best_passed
DOT,0.0,0.0,0.0,0,0.0,False,phase66g_production_soft_filters,2021-07-24,2021-07-31,0.0,False,-1,,,best_passed
LINK,0.0,0.0,0.0,0,0.0,False,phase66g_production_soft_filters,2021-07-24,2021-07-31,0.0,False,69,,,best_passed
TRX,0.0,0.0,0.0,0,0.0,False,phase66g_production_soft_filters,2021-07-24,2021-07-31,0.0,False,63,,,best_passed
XRP,0.0,0.0,0.0,0,0.0,False,phase66g_production_soft_filters,2021-07-24,2021-07-31,0.0,False,-1,,,best_passed
BNB,-102.5807230411138,0.0,-8.088193119147977,3,-153.4210845616707,False,phase66g_production_soft_filters,2021-07-24,2021-07-31,0.0,False,81,,,best_passed
ETH,57.52407840968897,0.0,-9.983240864209066,13,88.23611761453346,False,phase66g_production_soft_filters,2021-07-31,2021-08-07,0.0,False,81,,,best_passed
ADA,0.0,0.0,0.0,0,0.0,False,phase66g_production_soft_filters,2021-07-31,2021-08-07,0.0,False,-1,,,best_passed
AVAX,0.0,0.0,0.0,0,0.0,False,phase66g_production_soft_filters,2021-07-31,2021-08-07,0.0,False,-1,,,best_passed
DOGE,0.0,0.0,0.0,0,0.0,False,phase66g_production_soft_filters,2021-07-31,2021-08-07,0.0,False,65,,,best_passed
DOT,0.0,0.0,0.0,0,0.0,False,phase66g_production_soft_filters,2021-07-31,2021-08-07,0.0,False,-1,,,best_passed
LINK,0.0,0.0,0.0,0,0.0,False,phase66g_production_soft_filters,2021-07-31,2021-08-07,0.0,False,69,,,best_passed
TRX,0.0,0.0,0.0,0,0.0,False,phase66g_production_soft_filters,2021-07-31,2021-08-07,0.0,False,63,,,best_passed
XRP,0.0,0.0,0.0,0,0.0,False,phase66g_production_soft_filters,2021-07-31,2021-08-07,0.0,False,-1,,,best_passed
BNB,-85.66297423818926,0.0,-8.08819311914798,3,-128.04446135728392,False,phase66g_production_soft_filters,2021-07-31,2021-08-07,0.0,False,81,,,best_passed
ETH,54.68050227005915,0.0,-9.983240864209044,13,83.97075340508873,False,phase66g_production_soft_filters,2021-08-07,2021-08-14,0.0,False,81,,,best_passed
ADA,0.0,0.0,0.0,0,0.0,False,phase66g_production_soft_filters,2021-08-07,2021-08-14,0.0,False,-1,,,best_passed
AVAX,0.0,0.0,0.0,0,0.0,False,phase66g_production_soft_filters,2021-08-07,2021-08-14,0.0,False,-1,,,best_passed
DOGE,0.0,0.0,0.0,0,0.0,False,phase66g_production_soft_filters,2021-08-07,2021-08-14,0.0,False,65,,,best_passed
DOT,0.0,0.0,0.0,0,0.0,False,phase66g_production_soft_filters,2021-08-07,2021-08-14,0.0,False,-1,,,best_passed
LINK,0.0,0.0,0.0,0,0.0,False,phase66g_production_soft_filters,2021-08-07,2021-08-14,0.0,False,69,,,best_passed
TRX,0.0,0.0,0.0,0,0.0,False,phase66g_production_soft_filters,2021-08-07,2021-08-14,0.0,False,63,,,best_passed
XRP,0.0,0.0,0.0,0,0.0,False,phase66g_production_soft_filters,2021-08-07,2021-08-14,0.0,False,-1,,,best_passed
BNB,-81.4284137492991,0.0,-8.088193119147967,3,-121.69262062394864,False,phase66g_production_soft_filters,2021-08-07,2021-08-14,0.0,False,81,,,best_passed
ETH,54.57281594885342,0.0,-7.162187735078561,13,83.80922392328013,False,phase66g_production_soft_filters,2021-08-14,2021-08-21,0.0,False,81,,,best_passed
ADA,0.0,0.0,0.0,0,0.0,False,phase66g_production_soft_filters,2021-08-14,2021-08-21,0.0,False,-1,,,best_passed
AVAX,0.0,0.0,0.0,0,0.0,False,phase66g_production_soft_filters,2021-08-14,2021-08-21,0.0,False,-1,,,best_passed
DOGE,0.0,0.0,0.0,0,0.0,False,phase66g_production_soft_filters,2021-08-14,2021-08-21,0.0,False,65,,,best_passed
DOT,0.0,0.0,0.0,0,0.0,False,phase66g_production_soft_filters,2021-08-14,2021-08-21,0.0,False,-1,,,best_passed
LINK,0.0,0.0,0.0,0,0.0,False,phase66g_production_soft_filters,2021-08-14,2021-08-21,0.0,False,69,,,best_passed
TRX,0.0,0.0,0.0,0,0.0,False,phase66g_production_soft_filters,2021-08-14,2021-08-21,0.0,False,63,,,best_passed
XRP,0.0,0.0,0.0,0,0.0,False,phase66g_production_soft_filters,2021-08-14,2021-08-21,0.0,False,-1,,,best_passed
BNB,-81.26805080539305,0.0,-5.2671399900174904,3,-121.45207620808957,False,phase66g_production_soft_filters,2021-08-14,2021-08-21,0.0,False,81,,,best_passed
ETH,58.65784707528536,0.0,-7.162187735078589,13,89.93677061292804,False,phase66g_production_soft_filters,2021-08-21,2021-08-28,0.0,False,81,,,best_passed
ADA,0.0,0.0,0.0,0,0.0,False,phase66g_production_soft_filters,2021-08-21,2021-08-28,0.0,False,-1,,,best_passed
AVAX,0.0,0.0,0.0,0,0.0,False,phase66g_production_soft_filters,2021-08-21,2021-08-28,0.0,False,-1,,,best_passed
DOGE,0.0,0.0,0.0,0,0.0,False,phase66g_production_soft_filters,2021-08-21,2021-08-28,0.0,False,65,,,best_passed
DOT,0.0,0.0,0.0,0,0.0,False,phase66g_production_soft_filters,2021-08-21,2021-08-28,0.0,False,-1,,,best_passed
LINK,0.0,0.0,0.0,0,0.0,False,phase66g_production_soft_filters,2021-08-21,2021-08-28,0.0,False,69,,,best_passed
TRX,0.0,0.0,0.0,0,0.0,False,phase66g_production_soft_filters,2021-08-21,2021-08-28,0.0,False,63,,,best_passed
XRP,0.0,0.0,0.0,0,0.0,False,phase66g_production_soft_filters,2021-08-21,2021-08-28,0.0,False,-1,,,best_passed
BNB,-87.3513454155827,0.0,-5.267139990017505,3,-130.57701812337405,False,phase66g_production_soft_filters,2021-08-21,2021-08-28,0.0,False,81,,,best_passed
ETH,55.753630744128714,0.0,-7.1621877350785965,13,85.58044611619307,False,phase66g_production_soft_filters,2021-08-28,2021-09-04,0.0,False,81,,,best_passed
ADA,0.0,0.0,0.0,0,0.0,False,phase66g_production_soft_filters,2021-08-28,2021-09-04,0.0,False,-1,,,best_passed
AVAX,0.0,0.0,0.0,0,0.0,False,phase66g_production_soft_filters,2021-08-28,2021-09-04,0.0,False,-1,,,best_passed
DOGE,0.0,0.0,0.0,0,0.0,False,phase66g_production_soft_filters,2021-08-28,2021-09-04,0.0,False,65,,,best_passed
DOT,0.0,0.0,0.0,0,0.0,False,phase66g_production_soft_filters,2021-08-28,2021-09-04,0.0,False,-1,,,best_passed
LINK,0.0,0.0,0.0,0,0.0,False,phase66g_production_soft_filters,2021-08-28,2021-09-04,0.0,False,69,,,best_passed
TRX,0.0,0.0,0.0,0,0.0,False,phase66g_production_soft_filters,2021-08-28,2021-09-04,0.0,False,63,,,best_passed
XRP,0.0,0.0,0.0,0,0.0,False,phase66g_production_soft_filters,2021-08-28,2021-09-04,0.0,False,-1,,,best_passed
BNB,-83.02648153882217,0.0,-5.267139990017519,3,-124.08972230823325,False,phase66g_production_soft_filters,2021-08-28,2021-09-04,0.0,False,81,,,best_passed
ETH,227.0190965049124,0.0,13.058823904647461,11,325.8551148765593,False,phase66g_production_soft_filters,2021-09-04,2021-09-11,0.0,False,81,,,best_passed
BNB,0.0,0.0,-2.1316282072803006e-14,1,0.15,False,phase66g_production_soft_filters,2021-09-04,2021-09-11,0.0,False,81,,,best_passed
ADA,0.0,0.0,0.0,0,0.0,False,phase66g_production_soft_filters,2021-09-04,2021-09-11,0.0,False,-1,,,best_passed
AVAX,0.0,0.0,0.0,0,0.0,False,phase66g_production_soft_filters,2021-09-04,2021-09-11,0.0,False,-1,,,best_passed
DOGE,0.0,0.0,0.0,0,0.0,False,phase66g_production_soft_filters,2021-09-04,2021-09-11,0.0,False,65,,,best_passed
DOT,0.0,0.0,0.0,0,0.0,False,phase66g_production_soft_filters,2021-09-04,2021-09-11,0.0,False,-1,,,best_passed
LINK,0.0,0.0,0.0,0,0.0,False,phase66g_production_soft_filters,2021-09-04,2021-09-11,0.0,False,69,,,best_passed
TRX,0.0,0.0,0.0,0,0.0,False,phase66g_production_soft_filters,2021-09-04,2021-09-11,0.0,False,63,,,best_passed
XRP,0.0,0.0,0.0,0,0.0,False,phase66g_production_soft_filters,2021-09-04,2021-09-11,0.0,False,-1,,,best_passed
ETH,195.62351127161526,0.0,13.338074888032569,10,278.26267329738215,False,phase66g_production_soft_filters,2021-09-11,2021-09-18,0.0,False,81,,,best_passed
ADA,0.0,0.0,0.0,0,0.0,False,phase66g_production_soft_filters,2021-09-11,2021-09-18,0.0,False,-1,,,best_passed
AVAX,0.0,0.0,0.0,0,0.0,False,phase66g_production_soft_filters,2021-09-11,2021-09-18,0.0,False,-1,,,best_passed
BNB,0.0,0.0,0.0,0,0.0,False,phase66g_production_soft_filters,2021-09-11,2021-09-18,0.0,False,81,,,best_passed
DOGE,0.0,0.0,0.0,0,0.0,False,phase66g_production_soft_filters,2021-09-11,2021-09-18,0.0,False,65,,,best_passed
DOT,0.0,0.0,0.0,0,0.0,False,phase66g_production_soft_filters,2021-09-11,2021-09-18,0.0,False,-1,,,best_passed
LINK,0.0,0.0,0.0,0,0.0,False,phase66g_production_soft_filters,2021-09-11,2021-09-18,0.0,False,69,,,best_passed
TRX,0.0,0.0,0.0,0,0.0,False,phase66g_production_soft_filters,2021-09-11,2021-09-18,0.0,False,63,,,best_passed
XRP,0.0,0.0,0.0,0,0.0,False,phase66g_production_soft_filters,2021-09-11,2021-09-18,0.0,False,-1,,,best_passed
ETH,185.10006025236368,0.0,13.338074888032558,10,262.47749676850486,False,phase66g_production_soft_filters,2021-09-18,2021-09-25,0.0,False,81,,,best_passed
ADA,0.0,0.0,0.0,0,0.0,False,phase66g_production_soft_filters,2021-09-18,2021-09-25,0.0,False,-1,,,best_passed
AVAX,0.0,0.0,0.0,0,0.0,False,phase66g_production_soft_filters,2021-09-18,2021-09-25,0.0,False,-1,,,best_passed
BNB,0.0,0.0,0.0,0,0.0,False,phase66g_production_soft_filters,2021-09-18,2021-09-25,0.0,False,81,,,best_passed
DOGE,0.0,0.0,0.0,0,0.0,False,phase66g_production_soft_filters,2021-09-18,2021-09-25,0.0,False,65,,,best_passed
DOT,0.0,0.0,0.0,0,0.0,False,phase66g_production_soft_filters,2021-09-18,2021-09-25,0.0,False,-1,,,best_passed
LINK,0.0,0.0,0.0,0,0.0,False,phase66g_production_soft_filters,2021-09-18,2021-09-25,0.0,False,69,,,best_passed
TRX,0.0,0.0,0.0,0,0.0,False,phase66g_production_soft_filters,2021-09-18,2021-09-25,0.0,False,63,,,best_passed
XRP,0.0,0.0,0.0,0,0.0,False,phase66g_production_soft_filters,2021-09-18,2021-09-25,0.0,False,-1,,,best_passed
ETH,187.60883457991804,0.0,13.338074888032573,10,266.2406582598363,False,phase66g_production_soft_filters,2021-09-25,2021-10-02,0.0,False,81,,,best_passed
ADA,0.0,0.0,0.0,0,0.0,False,phase66g_production_soft_filters,2021-09-25,2021-10-02,0.0,False,-1,,,best_passed
AVAX,0.0,0.0,0.0,0,0.0,False,phase66g_production_soft_filters,2021-09-25,2021-10-02,0.0,False,-1,,,best_passed
BNB,0.0,0.0,0.0,0,0.0,False,phase66g_production_soft_filters,2021-09-25,2021-10-02,0.0,False,81,,,best_passed
DOGE,0.0,0.0,0.0,0,0.0,False,phase66g_production_soft_filters,2021-09-25,2021-10-02,0.0,False,65,,,best_passed
DOT,0.0,0.0,0.0,0,0.0,False,phase66g_production_soft_filters,2021-09-25,2021-10-02,0.0,False,-1,,,best_passed
LINK,0.0,0.0,0.0,0,0.0,False,phase66g_production_soft_filters,2021-09-25,2021-10-02,0.0,False,69,,,best_passed
TRX,0.0,0.0,0.0,0,0.0,False,phase66g_production_soft_filters,2021-09-25,2021-10-02,0.0,False,63,,,best_passed
XRP,0.0,0.0,0.0,0,0.0,False,phase66g_production_soft_filters,2021-09-25,2021-10-02,0.0,False,-1,,,best_passed
ETH,189.50169697202222,0.0,13.338074888032612,10,269.07995184799256,False,phase66g_production_soft_filters,2021-10-02,2021-10-09,0.0,False,81,,,best_passed
ADA,0.0,0.0,0.0,0,0.0,False,phase66g_production_soft_filters,2021-10-02,2021-10-09,0.0,False,-1,,,best_passed
AVAX,0.0,0.0,0.0,0,0.0,False,phase66g_production_soft_filters,2021-10-02,2021-10-09,0.0,False,-1,,,best_passed
BNB,0.0,0.0,0.0,0,0.0,False,phase66g_production_soft_filters,2021-10-02,2021-10-09,0.0,False,81,,,best_passed
DOGE,0.0,0.0,0.0,0,0.0,False,phase66g_production_soft_filters,2021-10-02,2021-10-09,0.0,False,65,,,best_passed
DOT,0.0,0.0,0.0,0,0.0,False,phase66g_production_soft_filters,2021-10-02,2021-10-09,0.0,False,-1,,,best_passed
LINK,0.0,0.0,0.0,0,0.0,False,phase66g_production_soft_filters,2021-10-02,2021-10-09,0.0,False,69,,,best_passed
TRX,0.0,0.0,0.0,0,0.0,False,phase66g_production_soft_filters,2021-10-02,2021-10-09,0.0,False,63,,,best_passed
XRP,0.0,0.0,0.0,0,0.0,False,phase66g_production_soft_filters,2021-10-02,2021-10-09,0.0,False,-1,,,best_passed
ETH,191.63922763529547,0.0,13.338074888032587,10,272.28624784290247,False,phase66g_production_soft_filters,2021-10-09,2021-10-16,0.0,False,81,,,best_passed
ADA,0.0,0.0,0.0,0,0.0,False,phase66g_production_soft_filters,2021-10-09,2021-10-16,0.0,False,-1,,,best_passed
AVAX,0.0,0.0,0.0,0,0.0,False,phase66g_production_soft_filters,2021-10-09,2021-10-16,0.0,False,-1,,,best_passed
BNB,0.0,0.0,0.0,0,0.0,False,phase66g_production_soft_filters,2021-10-09,2021-10-16,0.0,False,81,,,best_passed
DOGE,0.0,0.0,0.0,0,0.0,False,phase66g_production_soft_filters,2021-10-09,2021-10-16,0.0,False,65,,,best_passed
DOT,0.0,0.0,0.0,0,0.0,False,phase66g_production_soft_filters,2021-10-09,2021-10-16,0.0,False,-1,,,best_passed
LINK,0.0,0.0,0.0,0,0.0,False,phase66g_production_soft_filters,2021-10-09,2021-10-16,0.0,False,69,,,best_passed
TRX,0.0,0.0,0.0,0,0.0,False,phase66g_production_soft_filters,2021-10-09,2021-10-16,0.0,False,63,,,best_passed
XRP,0.0,0.0,0.0,0,0.0,False,phase66g_production_soft_filters,2021-10-09,2021-10-16,0.0,False,-1,,,best_passed
ETH,183.89999001505237,0.0,13.338074888032601,10,260.6773914125378,False,phase66g_production_soft_filters,2021-10-16,2021-10-23,0.0,False,81,,,best_passed
ADA,0.0,0.0,0.0,0,0.0,False,phase66g_production_soft_filters,2021-10-16,2021-10-23,0.0,False,-1,,,best_passed
AVAX,0.0,0.0,0.0,0,0.0,False,phase66g_production_soft_filters,2021-10-16,2021-10-23,0.0,False,-1,,,best_passed
BNB,0.0,0.0,0.0,0,0.0,False,phase66g_production_soft_filters,2021-10-16,2021-10-23,0.0,False,81,,,best_passed
DOGE,0.0,0.0,0.0,0,0.0,False,phase66g_production_soft_filters,2021-10-16,2021-10-23,0.0,False,65,,,best_passed
DOT,0.0,0.0,0.0,0,0.0,False,phase66g_production_soft_filters,2021-10-16,2021-10-23,0.0,False,-1,,,best_passed
LINK,0.0,0.0,0.0,0,0.0,False,phase66g_production_soft_filters,2021-10-16,2021-10-23,0.0,False,69,,,best_passed
TRX,0.0,0.0,0.0,0,0.0,False,phase66g_production_soft_filters,2021-10-16,2021-10-23,0.0,False,63,,,best_passed
XRP,0.0,0.0,0.0,0,0.0,False,phase66g_production_soft_filters,2021-10-16,2021-10-23,0.0,False,-1,,,best_passed
ETH,166.38931227967663,0.0,13.33807488803258,10,234.4113748094742,False,phase66g_production_soft_filters,2021-10-23,2021-10-30,0.0,False,81,,,best_passed
ADA,0.0,0.0,0.0,0,0.0,False,phase66g_production_soft_filters,2021-10-23,2021-10-30,0.0,False,-1,,,best_passed
AVAX,0.0,0.0,0.0,0,0.0,False,phase66g_production_soft_filters,2021-10-23,2021-10-30,0.0,False,-1,,,best_passed
BNB,0.0,0.0,0.0,0,0.0,False,phase66g_production_soft_filters,2021-10-23,2021-10-30,0.0,False,81,,,best_passed
DOGE,0.0,0.0,0.0,0,0.0,False,phase66g_production_soft_filters,2021-10-23,2021-10-30,0.0,False,65,,,best_passed
DOT,0.0,0.0,0.0,0,0.0,False,phase66g_production_soft_filters,2021-10-23,2021-10-30,0.0,False,-1,,,best_passed
LINK,0.0,0.0,0.0,0,0.0,False,phase66g_production_soft_filters,2021-10-23,2021-10-30,0.0,False,69,,,best_passed
TRX,0.0,0.0,0.0,0,0.0,False,phase66g_production_soft_filters,2021-10-23,2021-10-30,0.0,False,63,,,best_passed
XRP,0.0,0.0,0.0,0,0.0,False,phase66g_production_soft_filters,2021-10-23,2021-10-30,0.0,False,-1,,,best_passed
ETH,174.1483176968491,0.0,14.06008607451971,10,245.147368952124,False,phase66g_production_soft_filters,2021-10-30,2021-11-06,0.0,False,81,,,best_passed
ADA,0.0,0.0,0.0,0,0.0,False,phase66g_production_soft_filters,2021-10-30,2021-11-06,0.0,False,-1,,,best_passed
AVAX,0.0,0.0,0.0,0,0.0,False,phase66g_production_soft_filters,2021-10-30,2021-11-06,0.0,False,-1,,,best_passed
BNB,0.0,0.0,0.0,0,0.0,False,phase66g_production_soft_filters,2021-10-30,2021-11-06,0.0,False,81,,,best_passed
DOGE,0.0,0.0,0.0,0,0.0,False,phase66g_production_soft_filters,2021-10-30,2021-11-06,0.0,False,65,,,best_passed
DOT,0.0,0.0,0.0,0,0.0,False,phase66g_production_soft_filters,2021-10-30,2021-11-06,0.0,False,-1,,,best_passed
LINK,0.0,0.0,0.0,0,0.0,False,phase66g_production_soft_filters,2021-10-30,2021-11-06,0.0,False,69,,,best_passed
TRX,0.0,0.0,0.0,0,0.0,False,phase66g_production_soft_filters,2021-10-30,2021-11-06,0.0,False,63,,,best_passed
XRP,0.0,0.0,0.0,0,0.0,False,phase66g_production_soft_filters,2021-10-30,2021-11-06,0.0,False,-1,,,best_passed
ETH,166.61791283009387,0.0,14.060086074519731,10,233.85176165199115,False,phase66g_production_soft_filters,2021-11-06,2021-11-13,0.0,False,81,,,best_passed
ADA,0.0,0.0,0.0,0,0.0,False,phase66g_production_soft_filters,2021-11-06,2021-11-13,0.0,False,-1,,,best_passed
AVAX,0.0,0.0,0.0,0,0.0,False,phase66g_production_soft_filters,2021-11-06,2021-11-13,0.0,False,-1,,,best_passed
BNB,0.0,0.0,0.0,0,0.0,False,phase66g_production_soft_filters,2021-11-06,2021-11-13,0.0,False,81,,,best_passed
DOGE,0.0,0.0,0.0,0,0.0,False,phase66g_production_soft_filters,2021-11-06,2021-11-13,0.0,False,65,,,best_passed
DOT,0.0,0.0,0.0,0,0.0,False,phase66g_production_soft_filters,2021-11-06,2021-11-13,0.0,False,-1,,,best_passed
LINK,0.0,0.0,0.0,0,0.0,False,phase66g_production_soft_filters,2021-11-06,2021-11-13,0.0,False,69,,,best_passed
TRX,0.0,0.0,0.0,0,0.0,False,phase66g_production_soft_filters,2021-11-06,2021-11-13,0.0,False,63,,,best_passed
XRP,0.0,0.0,0.0,0,0.0,False,phase66g_production_soft_filters,2021-11-06,2021-11-13,0.0,False,-1,,,best_passed
ETH,165.20710303111656,0.0,14.060086074519674,10,231.73554695352524,False,phase66g_production_soft_filters,2021-11-13,2021-11-20,0.0,False,81,,,best_passed
ADA,0.0,0.0,0.0,0,0.0,False,phase66g_production_soft_filters,2021-11-13,2021-11-20,0.0,False,-1,,,best_passed
AVAX,0.0,0.0,0.0,0,0.0,False,phase66g_production_soft_filters,2021-11-13,2021-11-20,0.0,False,-1,,,best_passed
BNB,0.0,0.0,0.0,0,0.0,False,phase66g_production_soft_filters,2021-11-13,2021-11-20,0.0,False,81,,,best_passed
DOGE,0.0,0.0,0.0,0,0.0,False,phase66g_production_soft_filters,2021-11-13,2021-11-20,0.0,False,65,,,best_passed
DOT,0.0,0.0,0.0,0,0.0,False,phase66g_production_soft_filters,2021-11-13,2021-11-20,0.0,False,-1,,,best_passed
LINK,0.0,0.0,0.0,0,0.0,False,phase66g_production_soft_filters,2021-11-13,2021-11-20,0.0,False,69,,,best_passed
TRX,0.0,0.0,0.0,0,0.0,False,phase66g_production_soft_filters,2021-11-13,2021-11-20,0.0,False,63,,,best_passed
XRP,0.0,0.0,0.0,0,0.0,False,phase66g_production_soft_filters,2021-11-13,2021-11-20,0.0,False,-1,,,best_passed
ADA,0.0,0.0,0.0,0,0.0,False,phase66g_production_soft_filters,2021-11-20,2021-11-27,0.0,False,-1,,,best_passed
AVAX,0.0,0.0,0.0,0,0.0,False,phase66g_production_soft_filters,2021-11-20,2021-11-27,0.0,False,-1,,,best_passed
DOGE,0.0,0.0,0.0,0,0.0,False,phase66g_production_soft_filters,2021-11-20,2021-11-27,0.0,False,65,,,best_passed
DOT,0.0,0.0,0.0,0,0.0,False,phase66g_production_soft_filters,2021-11-20,2021-11-27,0.0,False,-1,,,best_passed
LINK,0.0,0.0,0.0,0,0.0,False,phase66g_production_soft_filters,2021-11-20,2021-11-27,0.0,False,69,,,best_passed
XRP,0.0,0.0,0.0,0,0.0,False,phase66g_production_soft_filters,2021-11-20,2021-11-27,0.0,False,-1,,,best_passed
ETH,53.856639542011976,-15.039273336671332,10.230736274537836,13,-1e+18,False,phase66g_production_soft_filters,2021-11-20,2021-11-27,-15.039273336671332,True,138,,,best_passed
TRX,-27.578148885634036,-17.042813648827384,-8.03723986449912,5,-1e+18,False,phase66g_production_soft_filters,2021-11-20,2021-11-27,-17.042813648827384,True,138,,,best_passed
BNB,-30.656140987737416,-18.94495893153839,-6.5132776161311625,3,-1e+18,False,phase66g_production_soft_filters,2021-11-20,2021-11-27,-18.94495893153839,True,138,,,best_passed
ADA,0.0,0.0,0.0,0,0.0,False,phase66g_production_soft_filters,2021-11-27,2021-12-04,0.0,False,-1,,,best_passed
AVAX,0.0,0.0,0.0,0,0.0,False,phase66g_production_soft_filters,2021-11-27,2021-12-04,0.0,False,-1,,,best_passed
DOGE,0.0,0.0,0.0,0,0.0,False,phase66g_production_soft_filters,2021-11-27,2021-12-04,0.0,False,65,,,best_passed
DOT,0.0,0.0,0.0,0,0.0,False,phase66g_production_soft_filters,2021-11-27,2021-12-04,0.0,False,-1,,,best_passed
LINK,0.0,0.0,0.0,0,0.0,False,phase66g_production_soft_filters,2021-11-27,2021-12-04,0.0,False,69,,,best_passed
XRP,0.0,0.0,0.0,0,0.0,False,phase66g_production_soft_filters,2021-11-27,2021-12-04,0.0,False,-1,,,best_passed
ETH,61.75320940010761,-16.932812452230817,7.123638235247263,13,-1e+18,False,phase66g_production_soft_filters,2021-11-27,2021-12-04,-15.880867612018346,True,138,,,best_passed
TRX,-31.62171307909786,-19.18861109268104,-8.037239864499128,5,-1e+18,False,phase66g_production_soft_filters,2021-11-27,2021-12-04,-17.996525579023203,True,138,,,best_passed
BNB,-35.151006633791226,-21.33024843166764,-8.9427210567857,3,-1e+18,False,phase66g_production_soft_filters,2021-11-27,2021-12-04,-20.0051144740665,True,138,,,best_passed
ADA,0.0,0.0,0.0,0,0.0,False,phase66g_production_soft_filters,2021-12-04,2021-12-11,0.0,False,-1,,,best_passed
AVAX,0.0,0.0,0.0,0,0.0,False,phase66g_production_soft_filters,2021-12-04,2021-12-11,0.0,False,-1,,,best_passed
DOGE,0.0,0.0,0.0,0,0.0,False,phase66g_production_soft_filters,2021-12-04,2021-12-11,0.0,False,65,,,best_passed
DOT,0.0,0.0,0.0,0,0.0,False,phase66g_production_soft_filters,2021-12-04,2021-12-11,0.0,False,-1,,,best_passed
LINK,0.0,0.0,0.0,0,0.0,False,phase66g_production_soft_filters,2021-12-04,2021-12-11,0.0,False,69,,,best_passed
XRP,0.0,0.0,0.0,0,0.0,False,phase66g_production_soft_filters,2021-12-04,2021-12-11,0.0,False,-1,,,best_passed
ETH,59.94219994358758,-17.497704156068618,7.123638235247306,13,-1e+18,False,phase66g_production_soft_filters,2021-12-04,2021-12-11,-16.655224061141617,True,138,,,best_passed
TRX,-30.69435688216602,-19.82875798174657,-8.037239864499114,5,-1e+18,False,phase66g_production_soft_filters,2021-12-04,2021-12-11,-18.874042222596387,True,138,,,best_passed
BNB,-34.12014838304753,-22.041841996755586,-8.9427210567857,3,-1e+18,False,phase66g_production_soft_filters,2021-12-04,2021-12-11,-20.980570588109014,True,138,,,best_passed
ADA,0.0,0.0,0.0,0,0.0,False,phase66g_production_soft_filters,2021-12-11,2021-12-18,0.0,False,-1,,,best_passed
AVAX,0.0,0.0,0.0,0,0.0,False,phase66g_production_soft_filters,2021-12-11,2021-12-18,0.0,False,-1,,,best_passed
DOGE,0.0,0.0,0.0,0,0.0,False,phase66g_production_soft_filters,2021-12-11,2021-12-18,0.0,False,65,,,best_passed
DOT,0.0,0.0,0.0,0,0.0,False,phase66g_production_soft_filters,2021-12-11,2021-12-18,0.0,False,-1,,,best_passed
LINK,0.0,0.0,0.0,0,0.0,False,phase66g_production_soft_filters,2021-12-11,2021-12-18,0.0,False,69,,,best_passed
XRP,0.0,0.0,0.0,0,0.0,False,phase66g_production_soft_filters,2021-12-11,2021-12-18,0.0,False,-1,,,best_passed
ETH,60.51867696347628,-16.405213232852777,7.1236382352473235,13,-1e+18,False,phase66g_production_soft_filters,2021-12-11,2021-12-18,-15.698653039464173,True,138,,,best_passed
TRX,-30.989551109262962,-18.590724813481508,-8.0372398644991,5,-1e+18,False,phase66g_production_soft_filters,2021-12-11,2021-12-18,-17.79003628033019,True,138,,,best_passed
BNB,-34.44828918329405,-20.665632175305316,-8.942721056785679,3,-1e+18,False,phase66g_production_soft_filters,2021-12-11,2021-12-18,-19.775578942894924,True,138,,,best_passed
ADA,0.0,0.0,0.0,0,0.0,False,phase66g_production_soft_filters,2021-12-18,2021-12-25,0.0,False,-1,,,best_passed
AVAX,0.0,0.0,0.0,0,0.0,False,phase66g_production_soft_filters,2021-12-18,2021-12-25,0.0,False,-1,,,best_passed
DOGE,0.0,0.0,0.0,0,0.0,False,phase66g_production_soft_filters,2021-12-18,2021-12-25,0.0,False,65,,,best_passed
DOT,0.0,0.0,0.0,0,0.0,False,phase66g_production_soft_filters,2021-12-18,2021-12-25,0.0,False,-1,,,best_passed
LINK,0.0,0.0,0.0,0,0.0,False,phase66g_production_soft_filters,2021-12-18,2021-12-25,0.0,False,69,,,best_passed
XRP,0.0,0.0,0.0,0,0.0,False,phase66g_production_soft_filters,2021-12-18,2021-12-25,0.0,False,-1,,,best_passed
ETH,50.010997209293826,-16.273262614998774,7.123638235247288,13,-1e+18,False,phase66g_production_soft_filters,2021-12-18,2021-12-25,-15.504447890492678,True,138,,,best_passed
TRX,-25.608926562917908,-18.441195661334945,-8.037239864499092,5,-1e+18,False,phase66g_production_soft_filters,2021-12-18,2021-12-25,-17.56995901399757,True,138,,,best_passed
BNB,-28.46713412539392,-20.49941410211299,-8.942721056785693,3,-1e+18,False,phase66g_production_soft_filters,2021-12-18,2021-12-25,-19.530938893525892,True,138,,,best_passed
ADA,0.0,0.0,0.0,0,0.0,False,phase66g_production_soft_filters,2021-12-25,2022-01-01,0.0,False,-1,,,best_passed
AVAX,0.0,0.0,0.0,0,0.0,False,phase66g_production_soft_filters,2021-12-25,2022-01-01,0.0,False,-1,,,best_passed
DOGE,0.0,0.0,0.0,0,0.0,False,phase66g_production_soft_filters,2021-12-25,2022-01-01,0.0,False,65,,,best_passed
DOT,0.0,0.0,0.0,0,0.0,False,phase66g_production_soft_filters,2021-12-25,2022-01-01,0.0,False,-1,,,best_passed
LINK,0.0,0.0,0.0,0,0.0,False,phase66g_production_soft_filters,2021-12-25,2022-01-01,0.0,False,69,,,best_passed
XRP,0.0,0.0,0.0,0,0.0,False,phase66g_production_soft_filters,2021-12-25,2022-01-01,0.0,False,-1,,,best_passed
ETH,44.63317557804698,-16.185323663808823,7.123638235247274,13,-1e+18,False,phase66g_production_soft_filters,2021-12-25,2022-01-01,-14.586934006606656,True,138,,,best_passed
TRX,-22.8551274605582,-18.341541434428322,-8.037239864499114,5,-1e+18,False,phase66g_production_soft_filters,2021-12-25,2022-01-01,-16.530213423021944,True,138,,,best_passed
BNB,-25.405984013980063,-20.388637485352177,-8.9427210567857,3,-1e+18,False,phase66g_production_soft_filters,2021-12-25,2022-01-01,-18.375147489232944,True,138,,,best_passed
ADA,0.0,0.0,0.0,0,0.0,False,phase66g_production_soft_filters,2022-01-01,2022-01-08,0.0,False,-1,,,best_passed
AVAX,0.0,0.0,0.0,0,0.0,False,phase66g_production_soft_filters,2022-01-01,2022-01-08,0.0,False,-1,,,best_passed
DOGE,0.0,0.0,0.0,0,0.0,False,phase66g_production_soft_filters,2022-01-01,2022-01-08,0.0,False,65,,,best_passed
DOT,0.0,0.0,0.0,0,0.0,False,phase66g_production_soft_filters,2022-01-01,2022-01-08,0.0,False,-1,,,best_passed
LINK,0.0,0.0,0.0,0,0.0,False,phase66g_production_soft_filters,2022-01-01,2022-01-08,0.0,False,69,,,best_passed
XRP,0.0,0.0,0.0,0,0.0,False,phase66g_production_soft_filters,2022-01-01,2022-01-08,0.0,False,-1,,,best_passed
TRX,-18.202114517252376,-17.34480650501027,-8.037239864499142,5,-95.93239779591964,False,phase66g_production_soft_filters,2022-01-01,2022-01-08,6.562537663890257,False,138,,,best_passed
ETH,35.54642933154737,-15.305764140563259,7.123638235247245,13,-1e+18,False,phase66g_production_soft_filters,2022-01-01,2022-01-08,-2.1316282072803006e-14,True,144,,,best_passed
BNB,-20.233649155709156,-19.280657154607105,-8.942721056785729,3,-1e+18,False,phase66g_production_soft_filters,2022-01-01,2022-01-08,-2.1316282072803006e-14,True,144,,,best_passed
ADA,0.0,0.0,0.0,0,0.0,False,phase66g_production_soft_filters,2022-01-08,2022-01-15,0.0,False,-1,,,best_passed
AVAX,0.0,0.0,0.0,0,0.0,False,phase66g_production_soft_filters,2022-01-08,2022-01-15,0.0,False,-1,,,best_passed
DOGE,0.0,0.0,0.0,0,0.0,False,phase66g_production_soft_filters,2022-01-08,2022-01-15,0.0,False,65,,,best_passed
DOT,0.0,0.0,0.0,0,0.0,False,phase66g_production_soft_filters,2022-01-08,2022-01-15,0.0,False,-1,,,best_passed
LINK,0.0,0.0,0.0,0,0.0,False,phase66g_production_soft_filters,2022-01-08,2022-01-15,0.0,False,69,,,best_passed
XRP,0.0,0.0,0.0,0,0.0,False,phase66g_production_soft_filters,2022-01-08,2022-01-15,0.0,False,-1,,,best_passed
TRX,-18.229458705310286,-16.342667835679592,-8.0372398644991,5,-91.96485940068379,False,phase66g_production_soft_filters,2022-01-08,2022-01-15,0.0,False,138,,,best_passed
ETH,35.59982907515995,-14.421436136991517,7.123638235247235,13,-1e+18,False,phase66g_production_soft_filters,2022-01-08,2022-01-15,0.0,True,144,,,best_passed
BNB,-20.264045223544457,-18.166669973536067,-8.942721056785693,3,-1e+18,False,phase66g_production_soft_filters,2022-01-08,2022-01-15,0.0,True,144,,,best_passed
ADA,0.0,0.0,0.0,0,0.0,False,phase66g_production_soft_filters,2022-01-15,2022-01-22,0.0,False,-1,,,best_passed
AVAX,0.0,0.0,0.0,0,0.0,False,phase66g_production_soft_filters,2022-01-15,2022-01-22,0.0,False,-1,,,best_passed
DOGE,0.0,0.0,0.0,0,0.0,False,phase66g_production_soft_filters,2022-01-15,2022-01-22,0.0,False,65,,,best_passed
DOT,0.0,0.0,0.0,0,0.0,False,phase66g_production_soft_filters,2022-01-15,2022-01-22,0.0,False,-1,,,best_passed
LINK,0.0,0.0,0.0,0,0.0,False,phase66g_production_soft_filters,2022-01-15,2022-01-22,0.0,False,69,,,best_passed
XRP,0.0,0.0,0.0,0,0.0,False,phase66g_production_soft_filters,2022-01-15,2022-01-22,0.0,False,-1,,,best_passed
TRX,-18.229458705310286,-13.887713966542803,-8.0372398644991,5,-82.14504392413664,False,phase66g_production_soft_filters,2022-01-15,2022-01-22,0.0,False,138,,,best_passed
ETH,35.59982907515995,-16.423287996764667,7.123638235247235,13,-1e+18,False,phase66g_production_soft_filters,2022-01-15,2022-01-22,0.0,True,144,,,best_passed
BNB,-20.264045223544457,-17.81765268126916,-8.942721056785693,3,-1e+18,False,phase66g_production_soft_filters,2022-01-15,2022-01-22,0.0,True,144,,,best_passed
ADA,0.0,0.0,0.0,0,0.0,False,phase66g_production_soft_filters,2022-01-22,2022-01-29,0.0,False,-1,,,best_passed
AVAX,0.0,0.0,0.0,0,0.0,False,phase66g_production_soft_filters,2022-01-22,2022-01-29,0.0,False,-1,,,best_passed
DOGE,0.0,0.0,0.0,0,0.0,False,phase66g_production_soft_filters,2022-01-22,2022-01-29,0.0,False,65,,,best_passed
DOT,0.0,0.0,0.0,0,0.0,False,phase66g_production_soft_filters,2022-01-22,2022-01-29,0.0,False,-1,,,best_passed
LINK,0.0,0.0,0.0,0,0.0,False,phase66g_production_soft_filters,2022-01-22,2022-01-29,0.0,False,69,,,best_passed
XRP,0.0,0.0,0.0,0,0.0,False,phase66g_production_soft_filters,2022-01-22,2022-01-29,0.0,False,-1,,,best_passed
TRX,-18.229458705310286,0.0,-8.0372398644991,5,-26.59418805796543,False,phase66g_production_soft_filters,2022-01-22,2022-01-29,0.0,False,138,,,best_passed
ETH,35.59982907515995,0.0,7.123638235247235,13,-1e+18,False,phase66g_production_soft_filters,2022-01-22,2022-01-29,0.0,True,144,,,best_passed
BNB,-20.264045223544457,0.0,-8.942721056785693,3,-1e+18,False,phase66g_production_soft_filters,2022-01-22,2022-01-29,0.0,True,144,,,best_passed
ADA,0.0,0.0,0.0,0,0.0,False,phase66g_production_soft_filters,2022-01-29,2022-02-05,0.0,False,-1,,,best_passed
AVAX,0.0,0.0,0.0,0,0.0,False,phase66g_production_soft_filters,2022-01-29,2022-02-05,0.0,False,-1,,,best_passed
DOGE,0.0,0.0,0.0,0,0.0,False,phase66g_production_soft_filters,2022-01-29,2022-02-05,0.0,False,65,,,best_passed
DOT,0.0,0.0,0.0,0,0.0,False,phase66g_production_soft_filters,2022-01-29,2022-02-05,0.0,False,-1,,,best_passed
LINK,0.0,0.0,0.0,0,0.0,False,phase66g_production_soft_filters,2022-01-29,2022-02-05,0.0,False,69,,,best_passed
XRP,0.0,0.0,0.0,0,0.0,False,phase66g_production_soft_filters,2022-01-29,2022-02-05,0.0,False,-1,,,best_passed
TRX,-18.229458705310286,0.0,-8.0372398644991,5,-26.59418805796543,False,phase66g_production_soft_filters,2022-01-29,2022-02-05,0.0,False,138,,,best_passed
ETH,35.59982907515995,0.0,7.123638235247235,13,-1e+18,False,phase66g_production_soft_filters,2022-01-29,2022-02-05,0.0,True,144,,,best_passed
BNB,-20.264045223544457,0.0,-8.942721056785693,3,-1e+18,False,phase66g_production_soft_filters,2022-01-29,2022-02-05,0.0,True,144,,,best_passed
ADA,0.0,0.0,0.0,0,0.0,False,phase66g_production_soft_filters,2022-02-05,2022-02-12,0.0,False,-1,,,best_passed
AVAX,0.0,0.0,0.0,0,0.0,False,phase66g_production_soft_filters,2022-02-05,2022-02-12,0.0,False,-1,,,best_passed
DOGE,0.0,0.0,0.0,0,0.0,False,phase66g_production_soft_filters,2022-02-05,2022-02-12,0.0,False,65,,,best_passed
DOT,0.0,0.0,0.0,0,0.0,False,phase66g_production_soft_filters,2022-02-05,2022-02-12,0.0,False,-1,,,best_passed
LINK,0.0,0.0,0.0,0,0.0,False,phase66g_production_soft_filters,2022-02-05,2022-02-12,0.0,False,69,,,best_passed
XRP,0.0,0.0,0.0,0,0.0,False,phase66g_production_soft_filters,2022-02-05,2022-02-12,0.0,False,-1,,,best_passed
TRX,-18.229458705310286,0.0,-8.0372398644991,5,-26.59418805796543,False,phase66g_production_soft_filters,2022-02-05,2022-02-12,0.0,False,138,,,best_passed
ETH,35.59982907515995,0.0,7.123638235247235,13,-1e+18,False,phase66g_production_soft_filters,2022-02-05,2022-02-12,0.0,True,144,,,best_passed
BNB,-20.264045223544457,0.0,-8.942721056785693,3,-1e+18,False,phase66g_production_soft_filters,2022-02-05,2022-02-12,0.0,True,144,,,best_passed
ETH,35.59982907515995,0.0,7.123638235247235,13,46.44519581868089,False,phase66g_production_soft_filters,2022-02-12,2022-02-19,0.0,False,144,,,best_passed
ADA,0.0,0.0,0.0,0,0.0,False,phase66g_production_soft_filters,2022-02-12,2022-02-19,0.0,False,-1,,,best_passed
AVAX,0.0,0.0,0.0,0,0.0,False,phase66g_production_soft_filters,2022-02-12,2022-02-19,0.0,False,-1,,,best_passed
DOGE,0.0,0.0,0.0,0,0.0,False,phase66g_production_soft_filters,2022-02-12,2022-02-19,0.0,False,65,,,best_passed
DOT,0.0,0.0,0.0,0,0.0,False,phase66g_production_soft_filters,2022-02-12,2022-02-19,0.0,False,-1,,,best_passed
LINK,0.0,0.0,0.0,0,0.0,False,phase66g_production_soft_filters,2022-02-12,2022-02-19,0.0,False,69,,,best_passed
XRP,0.0,0.0,0.0,0,0.0,False,phase66g_production_soft_filters,2022-02-12,2022-02-19,0.0,False,-1,,,best_passed
TRX,-18.229458705310286,0.0,-8.0372398644991,5,-26.59418805796543,False,phase66g_production_soft_filters,2022-02-12,2022-02-19,0.0,False,138,,,best_passed
BNB,-20.264045223544457,0.0,-8.942721056785693,3,-29.946067835316686,False,phase66g_production_soft_filters,2022-02-12,2022-02-19,0.0,False,144,,,best_passed
ETH,35.59982907515995,0.0,7.123638235247235,13,46.44519581868089,False,phase66g_production_soft_filters,2022-02-19,2022-02-26,0.0,False,144,,,best_passed
ADA,0.0,0.0,0.0,0,0.0,False,phase66g_production_soft_filters,2022-02-19,2022-02-26,0.0,False,-1,,,best_passed
AVAX,0.0,0.0,0.0,0,0.0,False,phase66g_production_soft_filters,2022-02-19,2022-02-26,0.0,False,-1,,,best_passed
DOGE,0.0,0.0,0.0,0,0.0,False,phase66g_production_soft_filters,2022-02-19,2022-02-26,0.0,False,65,,,best_passed
DOT,0.0,0.0,0.0,0,0.0,False,phase66g_production_soft_filters,2022-02-19,2022-02-26,0.0,False,-1,,,best_passed
LINK,0.0,0.0,0.0,0,0.0,False,phase66g_production_soft_filters,2022-02-19,2022-02-26,0.0,False,69,,,best_passed
XRP,0.0,0.0,0.0,0,0.0,False,phase66g_production_soft_filters,2022-02-19,2022-02-26,0.0,False,-1,,,best_passed
TRX,-18.229458705310286,0.0,-8.0372398644991,5,-26.59418805796543,False,phase66g_production_soft_filters,2022-02-19,2022-02-26,0.0,False,138,,,best_passed
BNB,-20.264045223544457,0.0,-8.942721056785693,3,-29.946067835316686,False,phase66g_production_soft_filters,2022-02-19,2022-02-26,0.0,False,144,,,best_passed
ETH,35.59982907515995,0.0,7.123638235247235,13,46.44519581868089,False,phase66g_production_soft_filters,2022-02-26,2022-03-05,0.0,False,144,,,best_passed
ADA,0.0,0.0,0.0,0,0.0,False,phase66g_production_soft_filters,2022-02-26,2022-03-05,0.0,False,-1,,,best_passed
AVAX,0.0,0.0,0.0,0,0.0,False,phase66g_production_soft_filters,2022-02-26,2022-03-05,0.0,False,-1,,,best_passed
DOGE,0.0,0.0,0.0,0,0.0,False,phase66g_production_soft_filters,2022-02-26,2022-03-05,0.0,False,65,,,best_passed
DOT,0.0,0.0,0.0,0,0.0,False,phase66g_production_soft_filters,2022-02-26,2022-03-05,0.0,False,-1,,,best_passed
LINK,0.0,0.0,0.0,0,0.0,False,phase66g_production_soft_filters,2022-02-26,2022-03-05,0.0,False,69,,,best_passed
XRP,0.0,0.0,0.0,0,0.0,False,phase66g_production_soft_filters,2022-02-26,2022-03-05,0.0,False,-1,,,best_passed
TRX,-18.229458705310286,0.0,-8.0372398644991,5,-26.59418805796543,False,phase66g_production_soft_filters,2022-02-26,2022-03-05,0.0,False,138,,,best_passed
BNB,-20.264045223544457,0.0,-8.942721056785693,3,-29.946067835316686,False,phase66g_production_soft_filters,2022-02-26,2022-03-05,0.0,False,144,,,best_passed
ETH,35.59982907515995,0.0,7.123638235247235,13,46.44519581868089,False,phase66g_production_soft_filters,2022-03-05,2022-03-12,0.0,False,144,,,best_passed
ADA,0.0,0.0,0.0,0,0.0,False,phase66g_production_soft_filters,2022-03-05,2022-03-12,0.0,False,-1,,,best_passed
AVAX,0.0,0.0,0.0,0,0.0,False,phase66g_production_soft_filters,2022-03-05,2022-03-12,0.0,False,-1,,,best_passed
DOGE,0.0,0.0,0.0,0,0.0,False,phase66g_production_soft_filters,2022-03-05,2022-03-12,0.0,False,65,,,best_passed
DOT,0.0,0.0,0.0,0,0.0,False,phase66g_production_soft_filters,2022-03-05,2022-03-12,0.0,False,-1,,,best_passed
LINK,0.0,0.0,0.0,0,0.0,False,phase66g_production_soft_filters,2022-03-05,2022-03-12,0.0,False,69,,,best_passed
XRP,0.0,0.0,0.0,0,0.0,False,phase66g_production_soft_filters,2022-03-05,2022-03-12,0.0,False,-1,,,best_passed
TRX,-18.229458705310286,0.0,-8.0372398644991,5,-26.59418805796543,False,phase66g_production_soft_filters,2022-03-05,2022-03-12,0.0,False,138,,,best_passed
BNB,-20.264045223544457,0.0,-8.942721056785693,3,-29.946067835316686,False,phase66g_production_soft_filters,2022-03-05,2022-03-12,0.0,False,144,,,best_passed
ETH,32.494841874020985,0.0,7.123638235247231,13,41.78771501697244,False,phase66g_production_soft_filters,2022-03-12,2022-03-19,0.0,False,144,,,best_passed
ADA,0.0,0.0,0.0,0,0.0,False,phase66g_production_soft_filters,2022-03-12,2022-03-19,0.0,False,-1,,,best_passed
AVAX,0.0,0.0,0.0,0,0.0,False,phase66g_production_soft_filters,2022-03-12,2022-03-19,0.0,False,-1,,,best_passed
DOGE,0.0,0.0,0.0,0,0.0,False,phase66g_production_soft_filters,2022-03-12,2022-03-19,0.0,False,65,,,best_passed
DOT,0.0,0.0,0.0,0,0.0,False,phase66g_production_soft_filters,2022-03-12,2022-03-19,0.0,False,-1,,,best_passed
LINK,0.0,0.0,0.0,0,0.0,False,phase66g_production_soft_filters,2022-03-12,2022-03-19,0.0,False,69,,,best_passed
XRP,0.0,0.0,0.0,0,0.0,False,phase66g_production_soft_filters,2022-03-12,2022-03-19,0.0,False,-1,,,best_passed
TRX,-16.639500623090797,0.0,-8.037239864499128,5,-24.209250934636195,False,phase66g_production_soft_filters,2022-03-12,2022-03-19,0.0,False,138,,,best_passed
BNB,-18.496632213510832,0.0,-8.942721056785707,3,-27.294948320266247,False,phase66g_production_soft_filters,2022-03-12,2022-03-19,0.0,False,144,,,best_passed
ETH,34.22080953752453,0.0,7.123638235247256,13,44.37666651222773,False,phase66g_production_soft_filters,2022-03-19,2022-03-26,0.0,False,144,,,best_passed
ADA,0.0,0.0,0.0,0,0.0,False,phase66g_production_soft_filters,2022-03-19,2022-03-26,0.0,False,-1,,,best_passed
AVAX,0.0,0.0,0.0,0,0.0,False,phase66g_production_soft_filters,2022-03-19,2022-03-26,0.0,False,-1,,,best_passed
DOGE,0.0,0.0,0.0,0,0.0,False,phase66g_production_soft_filters,2022-03-19,2022-03-26,0.0,False,65,,,best_passed
DOT,0.0,0.0,0.0,0,0.0,False,phase66g_production_soft_filters,2022-03-19,2022-03-26,0.0,False,-1,,,best_passed
LINK,0.0,0.0,0.0,0,0.0,False,phase66g_production_soft_filters,2022-03-19,2022-03-26,0.0,False,69,,,best_passed
XRP,0.0,0.0,0.0,0,0.0,False,phase66g_production_soft_filters,2022-03-19,2022-03-26,0.0,False,-1,,,best_passed
TRX,-17.523309817289856,0.0,-8.03723986449912,5,-25.534964725934785,False,phase66g_production_soft_filters,2022-03-19,2022-03-26,0.0,False,138,,,best_passed
BNB,-19.47908318859197,0.0,-8.942721056785714,3,-28.768624782887958,False,phase66g_production_soft_filters,2022-03-19,2022-03-26,0.0,False,144,,,best_passed
ETH,32.84177619839717,0.0,7.123638235247306,13,42.308116503536624,False,phase66g_production_soft_filters,2022-03-26,2022-04-02,0.0,False,144,,,best_passed
ADA,0.0,0.0,0.0,0,0.0,False,phase66g_production_soft_filters,2022-03-26,2022-04-02,0.0,False,-1,,,best_passed
AVAX,0.0,0.0,0.0,0,0.0,False,phase66g_production_soft_filters,2022-03-26,2022-04-02,0.0,False,-1,,,best_passed
DOGE,0.0,0.0,0.0,0,0.0,False,phase66g_production_soft_filters,2022-03-26,2022-04-02,0.0,False,65,,,best_passed
DOT,0.0,0.0,0.0,0,0.0,False,phase66g_production_soft_filters,2022-03-26,2022-04-02,0.0,False,-1,,,best_passed
LINK,0.0,0.0,0.0,0,0.0,False,phase66g_production_soft_filters,2022-03-26,2022-04-02,0.0,False,69,,,best_passed
XRP,0.0,0.0,0.0,0,0.0,False,phase66g_production_soft_filters,2022-03-26,2022-04-02,0.0,False,-1,,,best_passed
TRX,-16.817153861995806,0.0,-8.037239864499128,5,-24.47573079299371,False,phase66g_production_soft_filters,2022-03-26,2022-04-02,0.0,False,138,,,best_passed
BNB,-18.694113297588856,0.0,-8.942721056785722,3,-27.591169946383285,False,phase66g_production_soft_filters,2022-03-26,2022-04-02,0.0,False,144,,,best_passed
ETH,31.473765963357494,0.0,7.1236382352472525,13,40.25610115097717,False,phase66g_production_soft_filters,2022-04-02,2022-04-09,0.0,False,144,,,best_passed
ADA,0.0,0.0,0.0,0,0.0,False,phase66g_production_soft_filters,2022-04-02,2022-04-09,0.0,False,-1,,,best_passed
DOGE,0.0,0.0,0.0,0,0.0,False,phase66g_production_soft_filters,2022-04-02,2022-04-09,0.0,False,65,,,best_passed
DOT,0.0,0.0,0.0,0,0.0,False,phase66g_production_soft_filters,2022-04-02,2022-04-09,0.0,False,-1,,,best_passed
LINK,0.0,0.0,0.0,0,0.0,False,phase66g_production_soft_filters,2022-04-02,2022-04-09,0.0,False,69,,,best_passed
TRX,-16.11664246247636,0.0,-8.037239864499114,5,-23.42496369371454,False,phase66g_production_soft_filters,2022-04-02,2022-04-09,0.0,False,138,,,best_passed
BNB,-17.915417950187475,0.0,-8.9427210567857,3,-26.423126925281213,False,phase66g_production_soft_filters,2022-04-02,2022-04-09,0.0,False,144,,,best_passed
AVAX,-0.6128186326276985,-0.5989879169678747,0.0,1,-1e+18,False,phase66g_production_soft_filters,2022-04-02,2022-04-09,-0.5989879169678747,True,157,,,best_passed
XRP,-4.309742060472022,-4.212475407938898,0.0,4,-1e+18,False,phase66g_production_soft_filters,2022-04-02,2022-04-09,-4.212475407938898,True,157,,,best_passed
ADA,0.0,0.0,0.0,0,0.0,False,phase66g_production_soft_filters,2022-04-09,2022-04-16,0.0,False,-1,,,best_passed
DOGE,0.0,0.0,0.0,0,0.0,False,phase66g_production_soft_filters,2022-04-09,2022-04-16,0.0,False,65,,,best_passed
DOT,0.0,0.0,0.0,0,0.0,False,phase66g_production_soft_filters,2022-04-09,2022-04-16,0.0,False,-1,,,best_passed
LINK,0.0,0.0,0.0,0,0.0,False,phase66g_production_soft_filters,2022-04-09,2022-04-16,0.0,False,69,,,best_passed
TRX,-14.498944062918863,0.0,-8.037239864499114,5,-20.998416094378292,False,phase66g_production_soft_filters,2022-04-09,2022-04-16,0.0,False,138,,,best_passed
BNB,-16.117168531122783,0.0,-8.942721056785714,3,-23.725752796684173,False,phase66g_production_soft_filters,2022-04-09,2022-04-16,0.0,False,144,,,best_passed
ETH,26.99746168099856,-1.0180548149283597,7.123638235247256,17,-1e+18,False,phase66g_production_soft_filters,2022-04-09,2022-04-16,-1.0180548149283597,True,158,,,best_passed
XRP,-6.674418299393192,-6.745866245938592,0.0,7,-1e+18,False,phase66g_production_soft_filters,2022-04-09,2022-04-16,-6.745866245938592,True,157,,,best_passed
AVAX,-7.291742016188852,-7.369798255762994,0.0,5,-1e+18,False,phase66g_production_soft_filters,2022-04-09,2022-04-16,-7.369798255762994,True,157,,,best_passed
ADA,0.0,0.0,0.0,0,0.0,False,phase66g_production_soft_filters,2022-04-16,2022-04-23,0.0,False,-1,,,best_passed
DOGE,0.0,0.0,0.0,0,0.0,False,phase66g_production_soft_filters,2022-04-16,2022-04-23,0.0,False,65,,,best_passed
DOT,0.0,0.0,0.0,0,0.0,False,phase66g_production_soft_filters,2022-04-16,2022-04-23,0.0,False,-1,,,best_passed
LINK,0.0,0.0,0.0,0,0.0,False,phase66g_production_soft_filters,2022-04-16,2022-04-23,0.0,False,69,,,best_passed
TRX,-13.952357400655336,0.0,-9.021369989908159,5,-20.178536100983003,False,phase66g_production_soft_filters,2022-04-16,2022-04-23,0.0,False,138,,,best_passed
BNB,-15.509577432465106,0.0,-10.03772398608563,3,-22.81436614869766,False,phase66g_production_soft_filters,2022-04-16,2022-04-23,0.0,False,144,,,best_passed
ETH,25.97970118714693,-1.0180548149283597,-1.0241631666462077,17,-1e+18,False,phase66g_production_soft_filters,2022-04-16,2022-04-23,-1.0180548149283597,True,158,,,best_passed
XRP,-6.42280356076226,-6.745866245938592,0.0,7,-1e+18,False,phase66g_production_soft_filters,2022-04-16,2022-04-23,-6.745866245938592,True,157,,,best_passed
AVAX,-7.016855175228587,-7.369798255762994,0.0,5,-1e+18,False,phase66g_production_soft_filters,2022-04-16,2022-04-23,-7.369798255762994,True,157,,,best_passed
ADA,0.0,0.0,0.0,0,0.0,False,phase66g_production_soft_filters,2022-04-23,2022-04-30,0.0,False,-1,,,best_passed
DOGE,0.0,0.0,0.0,0,0.0,False,phase66g_production_soft_filters,2022-04-23,2022-04-30,0.0,False,65,,,best_passed
DOT,0.0,0.0,0.0,0,0.0,False,phase66g_production_soft_filters,2022-04-23,2022-04-30,0.0,False,-1,,,best_passed
LINK,0.0,0.0,0.0,0,0.0,False,phase66g_production_soft_filters,2022-04-23,2022-04-30,0.0,False,69,,,best_passed
TRX,-15.393303562976744,0.0,-10.869913816572971,5,-22.339955344465118,False,phase66g_production_soft_filters,2022-04-23,2022-04-30,0.0,False,138,,,best_passed
BNB,-17.111347329750515,0.0,-11.979408216387498,3,-25.217020994625774,False,phase66g_production_soft_filters,2022-04-23,2022-04-30,0.0,False,144,,,best_passed
ETH,28.662785460928376,-1.0180548149283597,-8.890659194390114,17,-1e+18,False,phase66g_production_soft_filters,2022-04-23,2022-04-30,-1.0180548149283597,True,158,,,best_passed
XRP,-7.0861261718781705,-6.745866245938592,0.0,7,-1e+18,False,phase66g_production_soft_filters,2022-04-23,2022-04-30,-6.745866245938592,True,157,,,best_passed
AVAX,-7.741529167297923,-7.369798255762994,-0.45643410363402737,5,-1e+18,False,phase66g_production_soft_filters,2022-04-23,2022-04-30,-7.369798255762994,True,157,,,best_passed
ADA,0.0,0.0,0.0,0,0.0,False,phase66g_production_soft_filters,2022-04-30,2022-05-07,0.0,False,-1,,,best_passed
DOGE,0.0,0.0,0.0,0,0.0,False,phase66g_production_soft_filters,2022-04-30,2022-05-07,0.0,False,65,,,best_passed
DOT,0.0,0.0,0.0,0,0.0,False,phase66g_production_soft_filters,2022-04-30,2022-05-07,0.0,False,-1,,,best_passed
LINK,0.0,0.0,0.0,0,0.0,False,phase66g_production_soft_filters,2022-04-30,2022-05-07,0.0,False,69,,,best_passed
TRX,-15.393303562976744,0.0,-10.869913816572971,5,-22.339955344465118,False,phase66g_production_soft_filters,2022-04-30,2022-05-07,0.0,False,138,,,best_passed
BNB,-17.111347329750515,0.0,-11.979408216387498,3,-25.217020994625774,False,phase66g_production_soft_filters,2022-04-30,2022-05-07,0.0,False,144,,,best_passed
ETH,1.8707038646278984,-1.0180548149283597,-8.890659194390103,12,-1e+18,False,phase66g_production_soft_filters,2022-04-30,2022-05-07,-1.0180548149283597,True,158,,,best_passed
XRP,-7.0861261718781705,-6.745866245938592,0.0,7,-1e+18,False,phase66g_production_soft_filters,2022-04-30,2022-05-07,-6.745866245938592,True,157,,,best_passed
AVAX,-7.741529167297923,-7.369798255762994,-0.45643410363402737,5,-1e+18,False,phase66g_production_soft_filters,2022-04-30,2022-05-07,-7.369798255762994,True,157,,,best_passed
ADA,0.0,0.0,0.0,0,0.0,False,phase66g_production_soft_filters,2022-05-07,2022-05-14,0.0,False,-1,,,best_passed
DOGE,0.0,0.0,0.0,0,0.0,False,phase66g_production_soft_filters,2022-05-07,2022-05-14,0.0,False,65,,,best_passed
DOT,0.0,0.0,0.0,0,0.0,False,phase66g_production_soft_filters,2022-05-07,2022-05-14,0.0,False,-1,,,best_passed
LINK,0.0,0.0,0.0,0,0.0,False,phase66g_production_soft_filters,2022-05-07,2022-05-14,0.0,False,69,,,best_passed
TRX,-15.393303562976744,0.0,-10.869913816572971,5,-22.339955344465118,False,phase66g_production_soft_filters,2022-05-07,2022-05-14,0.0,False,138,,,best_passed
BNB,-17.111347329750515,0.0,-11.979408216387498,3,-25.217020994625774,False,phase66g_production_soft_filters,2022-05-07,2022-05-14,0.0,False,144,,,best_passed
ETH,-14.504425585826674,-1.0180548149283597,-8.890659194390103,7,-1e+18,False,phase66g_production_soft_filters,2022-05-07,2022-05-14,-1.0180548149283597,True,158,,,best_passed
XRP,-7.0861261718781705,-6.745866245938592,0.0,7,-1e+18,False,phase66g_production_soft_filters,2022-05-07,2022-05-14,-6.745866245938592,True,157,,,best_passed
AVAX,-7.741529167297923,-7.369798255762994,-0.45643410363402737,5,-1e+18,False,phase66g_production_soft_filters,2022-05-07,2022-05-14,-7.369798255762994,True,157,,,best_passed
ADA,0.0,0.0,0.0,0,0.0,False,phase66g_production_soft_filters,2022-05-14,2022-05-21,0.0,False,-1,,,best_passed
DOGE,0.0,0.0,0.0,0,0.0,False,phase66g_production_soft_filters,2022-05-14,2022-05-21,0.0,False,65,,,best_passed
DOT,0.0,0.0,0.0,0,0.0,False,phase66g_production_soft_filters,2022-05-14,2022-05-21,0.0,False,-1,,,best_passed
LINK,0.0,0.0,0.0,0,0.0,False,phase66g_production_soft_filters,2022-05-14,2022-05-21,0.0,False,69,,,best_passed
TRX,-17.63298229648432,0.0,-12.0077230238664,5,-25.699473444726483,False,phase66g_production_soft_filters,2022-05-14,2022-05-21,0.0,False,138,,,best_passed
BNB,-19.600996192927546,0.0,-13.117217423680916,3,-28.95149428939132,False,phase66g_production_soft_filters,2022-05-14,2022-05-21,0.0,False,144,,,best_passed
ETH,-16.614775283889628,-1.0180548149283597,-10.028468401683522,7,-1e+18,False,phase66g_production_soft_filters,2022-05-14,2022-05-21,-1.0180548149283597,True,158,,,best_passed
XRP,-8.117135923954866,-6.745866245938592,-0.9962108170541235,7,-1e+18,False,phase66g_production_soft_filters,2022-05-14,2022-05-21,-1.5254873015151613,True,163,,,best_passed
AVAX,-8.867898056853686,-7.369798255762994,-1.5942433109274141,5,-1e+18,False,phase66g_production_soft_filters,2022-05-14,2022-05-21,-7.369798255762994,True,163,,,best_passed
ADA,0.0,0.0,0.0,0,0.0,False,phase66g_production_soft_filters,2022-05-21,2022-05-28,0.0,False,-1,,,best_passed
DOGE,0.0,0.0,0.0,0,0.0,False,phase66g_production_soft_filters,2022-05-21,2022-05-28,0.0,False,65,,,best_passed
DOT,0.0,0.0,0.0,0,0.0,False,phase66g_production_soft_filters,2022-05-21,2022-05-28,0.0,False,-1,,,best_passed
LINK,0.0,0.0,0.0,0,0.0,False,phase66g_production_soft_filters,2022-05-21,2022-05-28,0.0,False,69,,,best_passed
TRX,-17.63298229648432,0.0,-12.0077230238664,5,-25.699473444726483,False,phase66g_production_soft_filters,2022-05-21,2022-05-28,0.0,False,138,,,best_passed
ETH,-16.614775283889628,-1.0180548149283597,-10.028468401683522,7,-27.94438218554788,False,phase66g_production_soft_filters,2022-05-21,2022-05-28,0.0,False,158,,,best_passed
BNB,-19.600996192927546,0.0,-13.117217423680916,3,-28.95149428939132,False,phase66g_production_soft_filters,2022-05-21,2022-05-28,0.0,False,144,,,best_passed
XRP,-8.117135923954866,-6.745866245938592,-0.9962108170541235,7,-1e+18,False,phase66g_production_soft_filters,2022-05-21,2022-05-28,0.0,True,163,,,best_passed
AVAX,-8.867898056853686,-7.369798255762994,-1.5942433109274141,5,-1e+18,False,phase66g_production_soft_filters,2022-05-21,2022-05-28,0.0,True,163,,,best_passed
ADA,0.0,0.0,0.0,0,0.0,False,phase66g_production_soft_filters,2022-05-28,2022-06-04,0.0,False,-1,,,best_passed
DOGE,0.0,0.0,0.0,0,0.0,False,phase66g_production_soft_filters,2022-05-28,2022-06-04,0.0,False,65,,,best_passed
DOT,0.0,0.0,0.0,0,0.0,False,phase66g_production_soft_filters,2022-05-28,2022-06-04,0.0,False,-1,,,best_passed
LINK,0.0,0.0,0.0,0,0.0,False,phase66g_production_soft_filters,2022-05-28,2022-06-04,0.0,False,69,,,best_passed
TRX,-17.63298229648432,0.0,-12.0077230238664,5,-25.699473444726483,False,phase66g_production_soft_filters,2022-05-28,2022-06-04,0.0,False,138,,,best_passed
ETH,-16.614775283889628,-1.0180548149283597,-10.028468401683522,7,-27.94438218554788,False,phase66g_production_soft_filters,2022-05-28,2022-06-04,0.0,False,158,,,best_passed
BNB,-19.600996192927546,0.0,-13.117217423680916,3,-28.95149428939132,False,phase66g_production_soft_filters,2022-05-28,2022-06-04,0.0,False,144,,,best_passed
XRP,-8.117135923954866,-6.465381198241561,-0.9962108170541235,7,-1e+18,False,phase66g_production_soft_filters,2022-05-28,2022-06-04,0.0,True,163,,,best_passed
AVAX,-8.867898056853686,-7.369798255762994,-1.5942433109274141,5,-1e+18,False,phase66g_production_soft_filters,2022-05-28,2022-06-04,0.0,True,163,,,best_passed
ADA,0.0,0.0,0.0,0,0.0,False,phase66g_production_soft_filters,2022-06-04,2022-06-11,0.0,False,-1,,,best_passed
DOGE,0.0,0.0,0.0,0,0.0,False,phase66g_production_soft_filters,2022-06-04,2022-06-11,0.0,False,65,,,best_passed
DOT,0.0,0.0,0.0,0,0.0,False,phase66g_production_soft_filters,2022-06-04,2022-06-11,0.0,False,-1,,,best_passed
LINK,0.0,0.0,0.0,0,0.0,False,phase66g_production_soft_filters,2022-06-04,2022-06-11,0.0,False,69,,,best_passed
ETH,-16.614775283889628,0.0,-10.028468401683522,7,-23.87216292583444,False,phase66g_production_soft_filters,2022-06-04,2022-06-11,0.0,False,158,,,best_passed
TRX,-17.63298229648432,0.0,-12.0077230238664,5,-25.699473444726483,False,phase66g_production_soft_filters,2022-06-04,2022-06-11,0.0,False,138,,,best_passed
BNB,-19.600996192927546,0.0,-13.117217423680916,3,-28.95149428939132,False,phase66g_production_soft_filters,2022-06-04,2022-06-11,0.0,False,144,,,best_passed
XRP,-8.117135923954866,0.0,-0.9962108170541235,7,-1e+18,False,phase66g_production_soft_filters,2022-06-04,2022-06-11,0.0,True,163,,,best_passed
AVAX,-8.867898056853686,0.0,-1.5942433109274141,5,-1e+18,False,phase66g_production_soft_filters,2022-06-04,2022-06-11,0.0,True,163,,,best_passed
ADA,0.0,0.0,0.0,0,0.0,False,phase66g_production_soft_filters,2022-06-11,2022-06-18,0.0,False,-1,,,best_passed
DOGE,0.0,0.0,0.0,0,0.0,False,phase66g_production_soft_filters,2022-06-11,2022-06-18,0.0,False,65,,,best_passed
DOT,0.0,0.0,0.0,0,0.0,False,phase66g_production_soft_filters,2022-06-11,2022-06-18,0.0,False,-1,,,best_passed
LINK,0.0,0.0,0.0,0,0.0,False,phase66g_production_soft_filters,2022-06-11,2022-06-18,0.0,False,69,,,best_passed
ETH,-16.614775283889628,0.0,-10.028468401683522,7,-23.87216292583444,False,phase66g_production_soft_filters,2022-06-11,2022-06-18,0.0,False,158,,,best_passed
TRX,-17.63298229648432,0.0,-12.0077230238664,5,-25.699473444726483,False,phase66g_production_soft_filters,2022-06-11,2022-06-18,0.0,False,138,,,best_passed
BNB,-19.600996192927546,0.0,-13.117217423680916,3,-28.95149428939132,False,phase66g_production_soft_filters,2022-06-11,2022-06-18,0.0,False,144,,,best_passed
XRP,-8.117135923954866,0.0,-0.9962108170541235,7,-1e+18,False,phase66g_production_soft_filters,2022-06-11,2022-06-18,0.0,True,163,,,best_passed
AVAX,-8.867898056853686,0.0,-1.5942433109274141,5,-1e+18,False,phase66g_production_soft_filters,2022-06-11,2022-06-18,0.0,True,163,,,best_passed
ADA,0.0,0.0,0.0,0,0.0,False,phase66g_production_soft_filters,2022-06-18,2022-06-25,0.0,False,-1,,,best_passed
DOGE,0.0,0.0,0.0,0,0.0,False,phase66g_production_soft_filters,2022-06-18,2022-06-25,0.0,False,65,,,best_passed
DOT,0.0,0.0,0.0,0,0.0,False,phase66g_production_soft_filters,2022-06-18,2022-06-25,0.0,False,-1,,,best_passed
LINK,0.0,0.0,0.0,0,0.0,False,phase66g_production_soft_filters,2022-06-18,2022-06-25,0.0,False,69,,,best_passed
ETH,-16.614775283889628,0.0,-10.028468401683522,7,-23.87216292583444,False,phase66g_production_soft_filters,2022-06-18,2022-06-25,0.0,False,158,,,best_passed
TRX,-17.63298229648432,0.0,-12.0077230238664,5,-25.699473444726483,False,phase66g_production_soft_filters,2022-06-18,2022-06-25,0.0,False,138,,,best_passed
BNB,-19.600996192927546,0.0,-13.117217423680916,3,-28.95149428939132,False,phase66g_production_soft_filters,2022-06-18,2022-06-25,0.0,False,144,,,best_passed
XRP,-8.117135923954866,0.0,-0.9962108170541235,7,-1e+18,False,phase66g_production_soft_filters,2022-06-18,2022-06-25,0.0,True,163,,,best_passed
AVAX,-8.867898056853686,0.0,-1.5942433109274141,5,-1e+18,False,phase66g_production_soft_filters,2022-06-18,2022-06-25,0.0,True,163,,,best_passed
ADA,0.0,0.0,0.0,0,0.0,False,phase66g_production_soft_filters,2022-06-25,2022-07-02,0.0,False,-1,,,best_passed
DOGE,0.0,0.0,0.0,0,0.0,False,phase66g_production_soft_filters,2022-06-25,2022-07-02,0.0,False,65,,,best_passed
DOT,0.0,0.0,0.0,0,0.0,False,phase66g_production_soft_filters,2022-06-25,2022-07-02,0.0,False,-1,,,best_passed
LINK,0.0,0.0,0.0,0,0.0,False,phase66g_production_soft_filters,2022-06-25,2022-07-02,0.0,False,69,,,best_passed
XRP,-8.117135923954866,0.0,-0.9962108170541235,7,-11.125703885932298,False,phase66g_production_soft_filters,2022-06-25,2022-07-02,0.0,False,163,,,best_passed
AVAX,-8.867898056853686,0.0,-1.5942433109274141,5,-12.55184708528053,False,phase66g_production_soft_filters,2022-06-25,2022-07-02,0.0,False,163,,,best_passed
ETH,-16.614775283889628,0.0,-10.028468401683522,7,-23.87216292583444,False,phase66g_production_soft_filters,2022-06-25,2022-07-02,0.0,False,158,,,best_passed
TRX,-17.63298229648432,0.0,-12.0077230238664,5,-25.699473444726483,False,phase66g_production_soft_filters,2022-06-25,2022-07-02,0.0,False,138,,,best_passed
BNB,-19.600996192927546,0.0,-13.117217423680916,3,-28.95149428939132,False,phase66g_production_soft_filters,2022-06-25,2022-07-02,0.0,False,144,,,best_passed
ADA,0.0,0.0,0.0,0,0.0,False,phase66g_production_soft_filters,2022-07-02,2022-07-09,0.0,False,-1,,,best_passed
DOGE,0.0,0.0,0.0,0,0.0,False,phase66g_production_soft_filters,2022-07-02,2022-07-09,0.0,False,65,,,best_passed
DOT,0.0,0.0,0.0,0,0.0,False,phase66g_production_soft_filters,2022-07-02,2022-07-09,0.0,False,-1,,,best_passed
LINK,0.0,0.0,0.0,0,0.0,False,phase66g_production_soft_filters,2022-07-02,2022-07-09,0.0,False,69,,,best_passed
XRP,-8.117135923954866,0.0,-0.9962108170541235,7,-11.125703885932298,False,phase66g_production_soft_filters,2022-07-02,2022-07-09,0.0,False,163,,,best_passed
AVAX,-8.867898056853686,0.0,-1.5942433109274141,5,-12.55184708528053,False,phase66g_production_soft_filters,2022-07-02,2022-07-09,0.0,False,163,,,best_passed
ETH,-16.614775283889628,0.0,-10.028468401683522,7,-23.87216292583444,False,phase66g_production_soft_filters,2022-07-02,2022-07-09,0.0,False,158,,,best_passed
TRX,-17.63298229648432,0.0,-12.0077230238664,5,-25.699473444726483,False,phase66g_production_soft_filters,2022-07-02,2022-07-09,0.0,False,138,,,best_passed
BNB,-19.600996192927546,0.0,-13.117217423680916,3,-28.95149428939132,False,phase66g_production_soft_filters,2022-07-02,2022-07-09,0.0,False,144,,,best_passed
ADA,0.0,0.0,0.0,0,0.0,False,phase66g_production_soft_filters,2022-07-09,2022-07-16,0.0,False,-1,,,best_passed
DOGE,0.0,0.0,0.0,0,0.0,False,phase66g_production_soft_filters,2022-07-09,2022-07-16,0.0,False,65,,,best_passed
DOT,0.0,0.0,0.0,0,0.0,False,phase66g_production_soft_filters,2022-07-09,2022-07-16,0.0,False,-1,,,best_passed
LINK,0.0,0.0,0.0,0,0.0,False,phase66g_production_soft_filters,2022-07-09,2022-07-16,0.0,False,69,,,best_passed
XRP,-8.117135923954866,0.0,-0.9962108170541235,7,-11.125703885932298,False,phase66g_production_soft_filters,2022-07-09,2022-07-16,0.0,False,163,,,best_passed
AVAX,-8.867898056853686,0.0,-1.5942433109274141,5,-12.55184708528053,False,phase66g_production_soft_filters,2022-07-09,2022-07-16,0.0,False,163,,,best_passed
ETH,-16.614775283889628,0.0,-10.028468401683522,7,-23.87216292583444,False,phase66g_production_soft_filters,2022-07-09,2022-07-16,0.0,False,158,,,best_passed
TRX,-17.63298229648432,0.0,-12.0077230238664,5,-25.699473444726483,False,phase66g_production_soft_filters,2022-07-09,2022-07-16,0.0,False,138,,,best_passed
BNB,-19.600996192927546,0.0,-13.117217423680916,3,-28.95149428939132,False,phase66g_production_soft_filters,2022-07-09,2022-07-16,0.0,False,144,,,best_passed
ADA,0.0,0.0,0.0,0,0.0,False,phase66g_production_soft_filters,2022-07-16,2022-07-23,0.0,False,-1,,,best_passed
DOGE,0.0,0.0,0.0,0,0.0,False,phase66g_production_soft_filters,2022-07-16,2022-07-23,0.0,False,65,,,best_passed
DOT,0.0,0.0,0.0,0,0.0,False,phase66g_production_soft_filters,2022-07-16,2022-07-23,0.0,False,-1,,,best_passed
LINK,0.0,0.0,0.0,0,0.0,False,phase66g_production_soft_filters,2022-07-16,2022-07-23,0.0,False,69,,,best_passed
XRP,-8.117135923954866,0.0,-0.9962108170541235,7,-11.125703885932298,False,phase66g_production_soft_filters,2022-07-16,2022-07-23,0.0,False,163,,,best_passed
AVAX,-8.867898056853686,0.0,-1.5942433109274141,5,-12.55184708528053,False,phase66g_production_soft_filters,2022-07-16,2022-07-23,0.0,False,163,,,best_passed
ETH,-16.614775283889628,0.0,-10.028468401683522,7,-23.87216292583444,False,phase66g_production_soft_filters,2022-07-16,2022-07-23,0.0,False,158,,,best_passed
TRX,-17.63298229648432,0.0,-12.0077230238664,5,-25.699473444726483,False,phase66g_production_soft_filters,2022-07-16,2022-07-23,0.0,False,138,,,best_passed
BNB,-19.600996192927546,0.0,-13.117217423680916,3,-28.95149428939132,False,phase66g_production_soft_filters,2022-07-16,2022-07-23,0.0,False,144,,,best_passed
ADA,0.0,0.0,0.0,0,0.0,False,phase66g_production_soft_filters,2022-07-23,2022-07-30,0.0,False,-1,,,best_passed
DOGE,0.0,0.0,0.0,0,0.0,False,phase66g_production_soft_filters,2022-07-23,2022-07-30,0.0,False,65,,,best_passed
DOT,0.0,0.0,0.0,0,0.0,False,phase66g_production_soft_filters,2022-07-23,2022-07-30,0.0,False,-1,,,best_passed
LINK,0.0,0.0,0.0,0,0.0,False,phase66g_production_soft_filters,2022-07-23,2022-07-30,0.0,False,69,,,best_passed
XRP,-8.117135923954866,0.0,-0.9962108170541235,7,-11.125703885932298,False,phase66g_production_soft_filters,2022-07-23,2022-07-30,0.0,False,163,,,best_passed
AVAX,-8.867898056853686,0.0,-1.5942433109274141,5,-12.55184708528053,False,phase66g_production_soft_filters,2022-07-23,2022-07-30,0.0,False,163,,,best_passed
ETH,-16.614775283889628,0.0,-10.028468401683522,7,-23.87216292583444,False,phase66g_production_soft_filters,2022-07-23,2022-07-30,0.0,False,158,,,best_passed
TRX,-17.63298229648432,0.0,-12.0077230238664,5,-25.699473444726483,False,phase66g_production_soft_filters,2022-07-23,2022-07-30,0.0,False,138,,,best_passed
BNB,-19.600996192927546,0.0,-13.117217423680916,3,-28.95149428939132,False,phase66g_production_soft_filters,2022-07-23,2022-07-30,0.0,False,144,,,best_passed
ADA,0.0,0.0,0.0,0,0.0,False,phase66g_production_soft_filters,2022-07-30,2022-08-06,0.0,False,-1,,,best_passed
DOGE,0.0,0.0,0.0,0,0.0,False,phase66g_production_soft_filters,2022-07-30,2022-08-06,0.0,False,65,,,best_passed
DOT,0.0,0.0,0.0,0,0.0,False,phase66g_production_soft_filters,2022-07-30,2022-08-06,0.0,False,-1,,,best_passed
LINK,0.0,0.0,0.0,0,0.0,False,phase66g_production_soft_filters,2022-07-30,2022-08-06,0.0,False,69,,,best_passed
XRP,-8.117135923954866,0.0,-0.9962108170541235,7,-11.125703885932298,False,phase66g_production_soft_filters,2022-07-30,2022-08-06,0.0,False,163,,,best_passed
AVAX,-8.867898056853686,0.0,-1.5942433109274141,5,-12.55184708528053,False,phase66g_production_soft_filters,2022-07-30,2022-08-06,0.0,False,163,,,best_passed
ETH,-16.614775283889628,0.0,-10.028468401683522,7,-23.87216292583444,False,phase66g_production_soft_filters,2022-07-30,2022-08-06,0.0,False,158,,,best_passed
TRX,-17.63298229648432,0.0,-12.0077230238664,5,-25.699473444726483,False,phase66g_production_soft_filters,2022-07-30,2022-08-06,0.0,False,138,,,best_passed
BNB,-19.600996192927546,0.0,-13.117217423680916,3,-28.95149428939132,False,phase66g_production_soft_filters,2022-07-30,2022-08-06,0.0,False,144,,,best_passed
ADA,0.0,0.0,0.0,0,0.0,False,phase66g_production_soft_filters,2022-08-06,2022-08-13,0.0,False,-1,,,best_passed
DOGE,0.0,0.0,0.0,0,0.0,False,phase66g_production_soft_filters,2022-08-06,2022-08-13,0.0,False,65,,,best_passed
DOT,0.0,0.0,0.0,0,0.0,False,phase66g_production_soft_filters,2022-08-06,2022-08-13,0.0,False,-1,,,best_passed
LINK,0.0,0.0,0.0,0,0.0,False,phase66g_production_soft_filters,2022-08-06,2022-08-13,0.0,False,69,,,best_passed
XRP,-8.117135923954866,0.0,-0.9962108170541235,7,-11.125703885932298,False,phase66g_production_soft_filters,2022-08-06,2022-08-13,0.0,False,163,,,best_passed
AVAX,-8.867898056853686,0.0,-1.5942433109274141,5,-12.55184708528053,False,phase66g_production_soft_filters,2022-08-06,2022-08-13,0.0,False,163,,,best_passed
ETH,-16.614775283889628,0.0,-10.028468401683522,7,-23.87216292583444,False,phase66g_production_soft_filters,2022-08-06,2022-08-13,0.0,False,158,,,best_passed
TRX,-17.63298229648432,0.0,-12.0077230238664,5,-25.699473444726483,False,phase66g_production_soft_filters,2022-08-06,2022-08-13,0.0,False,138,,,best_passed
BNB,-19.600996192927546,0.0,-13.117217423680916,3,-28.95149428939132,False,phase66g_production_soft_filters,2022-08-06,2022-08-13,0.0,False,144,,,best_passed
ADA,0.0,0.0,0.0,0,0.0,False,phase66g_production_soft_filters,2022-08-13,2022-08-20,0.0,False,-1,,,best_passed
DOGE,0.0,0.0,0.0,0,0.0,False,phase66g_production_soft_filters,2022-08-13,2022-08-20,0.0,False,65,,,best_passed
DOT,0.0,0.0,0.0,0,0.0,False,phase66g_production_soft_filters,2022-08-13,2022-08-20,0.0,False,-1,,,best_passed
LINK,0.0,0.0,0.0,0,0.0,False,phase66g_production_soft_filters,2022-08-13,2022-08-20,0.0,False,69,,,best_passed
XRP,-7.976567236673838,0.0,-0.9962108170541342,7,-10.914850855010757,False,phase66g_production_soft_filters,2022-08-13,2022-08-20,0.0,False,163,,,best_passed
AVAX,-8.71432802914045,0.0,-1.5942433109274248,5,-12.321492043710675,False,phase66g_production_soft_filters,2022-08-13,2022-08-20,0.0,False,163,,,best_passed
ETH,-16.32704853235981,0.0,-10.028468401683522,7,-23.440572798539716,False,phase66g_production_soft_filters,2022-08-13,2022-08-20,0.0,False,158,,,best_passed
TRX,-17.32762272169246,0.0,-12.0077230238664,5,-25.24143408253869,False,phase66g_production_soft_filters,2022-08-13,2022-08-20,0.0,False,138,,,best_passed
BNB,-19.26155549240789,0.0,-13.117217423680927,3,-28.442333238611834,False,phase66g_production_soft_filters,2022-08-13,2022-08-20,0.0,False,144,,,best_passed
ADA,0.0,0.0,0.0,0,0.0,False,phase66g_production_soft_filters,2022-08-20,2022-08-27,0.0,False,-1,,,best_passed
DOGE,0.0,0.0,0.0,0,0.0,False,phase66g_production_soft_filters,2022-08-20,2022-08-27,0.0,False,65,,,best_passed
DOT,0.0,0.0,0.0,0,0.0,False,phase66g_production_soft_filters,2022-08-20,2022-08-27,0.0,False,-1,,,best_passed
LINK,0.0,0.0,0.0,0,0.0,False,phase66g_production_soft_filters,2022-08-20,2022-08-27,0.0,False,69,,,best_passed
XRP,-7.690101480034595,0.0,-0.9962108170541235,7,-10.48515222005189,False,phase66g_production_soft_filters,2022-08-20,2022-08-27,0.0,False,163,,,best_passed
AVAX,-8.401366764175144,0.0,-1.5942433109274248,5,-11.852050146262716,False,phase66g_production_soft_filters,2022-08-20,2022-08-27,0.0,False,163,,,best_passed
ETH,-15.740688488905963,0.0,-10.028468401683512,7,-22.561032733358946,False,phase66g_production_soft_filters,2022-08-20,2022-08-27,0.0,False,158,,,best_passed
TRX,-16.705328643745332,0.0,-12.00772302386639,5,-24.307992965618,False,phase66g_production_soft_filters,2022-08-20,2022-08-27,0.0,False,138,,,best_passed
BNB,-18.56980728738896,0.0,-13.117217423680916,3,-27.404710931083443,False,phase66g_production_soft_filters,2022-08-20,2022-08-27,0.0,False,144,,,best_passed
ADA,0.0,0.0,0.0,0,0.0,False,phase66g_production_soft_filters,2022-08-27,2022-09-03,0.0,False,-1,,,best_passed
DOGE,0.0,0.0,0.0,0,0.0,False,phase66g_production_soft_filters,2022-08-27,2022-09-03,0.0,False,65,,,best_passed
DOT,0.0,0.0,0.0,0,0.0,False,phase66g_production_soft_filters,2022-08-27,2022-09-03,0.0,False,-1,,,best_passed
LINK,0.0,0.0,0.0,0,0.0,False,phase66g_production_soft_filters,2022-08-27,2022-09-03,0.0,False,69,,,best_passed
XRP,-7.678544784832386,0.0,-0.9962108170541342,7,-10.467817177248579,False,phase66g_production_soft_filters,2022-08-27,2022-09-03,0.0,False,163,,,best_passed
AVAX,-8.388741178514447,0.0,-1.5942433109274141,5,-11.83311176777167,False,phase66g_production_soft_filters,2022-08-27,2022-09-03,0.0,False,163,,,best_passed
ETH,-15.717033360347411,0.0,-10.028468401683522,7,-22.525550040521114,False,phase66g_production_soft_filters,2022-08-27,2022-09-03,0.0,False,158,,,best_passed
TRX,-16.68022385262008,0.0,-12.0077230238664,5,-24.27033577893012,False,phase66g_production_soft_filters,2022-08-27,2022-09-03,0.0,False,138,,,best_passed
BNB,-18.54190055516437,0.0,-13.117217423680927,3,-27.362850832746556,False,phase66g_production_soft_filters,2022-08-27,2022-09-03,0.0,False,144,,,best_passed
ADA,0.0,0.0,0.0,0,0.0,False,phase66g_production_soft_filters,2022-09-03,2022-09-10,0.0,False,-1,,,best_passed
DOGE,0.0,0.0,0.0,0,0.0,False,phase66g_production_soft_filters,2022-09-03,2022-09-10,0.0,False,65,,,best_passed
DOT,0.0,0.0,0.0,0,0.0,False,phase66g_production_soft_filters,2022-09-03,2022-09-10,0.0,False,-1,,,best_passed
LINK,0.0,0.0,0.0,0,0.0,False,phase66g_production_soft_filters,2022-09-03,2022-09-10,0.0,False,69,,,best_passed
XRP,-7.3716384780974975,0.0,-0.9962108170541342,7,-10.007457717146245,False,phase66g_production_soft_filters,2022-09-03,2022-09-10,0.0,False,163,,,best_passed
AVAX,-8.05344879624711,0.0,-1.5942433109274141,5,-11.330173194370666,False,phase66g_production_soft_filters,2022-09-03,2022-09-10,0.0,False,163,,,best_passed
ETH,-15.088834033961739,0.0,-10.028468401683512,7,-21.583251050942607,False,phase66g_production_soft_filters,2022-09-03,2022-09-10,0.0,False,158,,,best_passed
TRX,-16.013526445549974,0.0,-12.00772302386639,5,-23.270289668324963,False,phase66g_production_soft_filters,2022-09-03,2022-09-10,0.0,False,138,,,best_passed
BNB,-17.800793173662488,0.0,-13.117217423680906,3,-26.251189760493734,False,phase66g_production_soft_filters,2022-09-03,2022-09-10,0.0,False,144,,,best_passed
ADA,0.0,0.0,0.0,0,0.0,False,phase66g_production_soft_filters,2022-09-10,2022-09-17,0.0,False,-1,,,best_passed
DOGE,0.0,0.0,0.0,0,0.0,False,phase66g_production_soft_filters,2022-09-10,2022-09-17,0.0,False,65,,,best_passed
DOT,0.0,0.0,0.0,0,0.0,False,phase66g_production_soft_filters,2022-09-10,2022-09-17,0.0,False,-1,,,best_passed
LINK,0.0,0.0,0.0,0,0.0,False,phase66g_production_soft_filters,2022-09-10,2022-09-17,0.0,False,69,,,best_passed
XRP,-8.491268352942026,0.0,-0.9962108170540986,7,-11.686902529413038,False,phase66g_production_soft_filters,2022-09-10,2022-09-17,0.0,False,163,,,best_passed
AVAX,-9.276634373591985,0.0,-1.5942433109274106,5,-13.164951560387978,False,phase66g_production_soft_filters,2022-09-10,2022-09-17,0.0,False,163,,,best_passed
ETH,-17.380578184355134,0.0,-10.028468401683508,7,-25.0208672765327,False,phase66g_production_soft_filters,2022-09-10,2022-09-17,0.0,False,158,,,best_passed
TRX,-18.445716068429917,0.0,-12.007723023866365,5,-26.918574102644875,False,phase66g_production_soft_filters,2022-09-10,2022-09-17,0.0,False,138,,,best_passed
BNB,-20.5044390310086,0.0,-13.117217423680891,3,-30.306658546512903,False,phase66g_production_soft_filters,2022-09-10,2022-09-17,0.0,False,144,,,best_passed
ADA,0.0,0.0,0.0,0,0.0,False,phase66g_production_soft_filters,2022-09-17,2022-09-24,0.0,False,-1,,,best_passed
DOGE,0.0,0.0,0.0,0,0.0,False,phase66g_production_soft_filters,2022-09-17,2022-09-24,0.0,False,65,,,best_passed
DOT,0.0,0.0,0.0,0,0.0,False,phase66g_production_soft_filters,2022-09-17,2022-09-24,0.0,False,-1,,,best_passed
LINK,0.0,0.0,0.0,0,0.0,False,phase66g_production_soft_filters,2022-09-17,2022-09-24,0.0,False,69,,,best_passed
XRP,-8.491268352942026,0.0,-0.9962108170540986,7,-11.686902529413038,False,phase66g_production_soft_filters,2022-09-17,2022-09-24,0.0,False,163,,,best_passed
AVAX,-9.276634373591985,0.0,-1.5942433109274106,5,-13.164951560387978,False,phase66g_production_soft_filters,2022-09-17,2022-09-24,0.0,False,163,,,best_passed
ETH,-17.380578184355134,0.0,-10.028468401683508,7,-25.0208672765327,False,phase66g_production_soft_filters,2022-09-17,2022-09-24,0.0,False,158,,,best_passed
TRX,-18.445716068429917,0.0,-12.007723023866365,5,-26.918574102644875,False,phase66g_production_soft_filters,2022-09-17,2022-09-24,0.0,False,138,,,best_passed
BNB,-20.5044390310086,0.0,-13.117217423680891,3,-30.306658546512903,False,phase66g_production_soft_filters,2022-09-17,2022-09-24,0.0,False,144,,,best_passed
ADA,0.0,0.0,0.0,0,0.0,False,phase66g_production_soft_filters,2022-09-24,2022-10-01,0.0,False,-1,,,best_passed
DOGE,0.0,0.0,0.0,0,0.0,False,phase66g_production_soft_filters,2022-09-24,2022-10-01,0.0,False,65,,,best_passed
DOT,0.0,0.0,0.0,0,0.0,False,phase66g_production_soft_filters,2022-09-24,2022-10-01,0.0,False,-1,,,best_passed
LINK,0.0,0.0,0.0,0,0.0,False,phase66g_production_soft_filters,2022-09-24,2022-10-01,0.0,False,69,,,best_passed
XRP,-8.491268352942026,0.0,-0.9962108170540986,7,-11.686902529413038,False,phase66g_production_soft_filters,2022-09-24,2022-10-01,0.0,False,163,,,best_passed
AVAX,-9.276634373591985,0.0,-1.5942433109274106,5,-13.164951560387978,False,phase66g_production_soft_filters,2022-09-24,2022-10-01,0.0,False,163,,,best_passed
ETH,-17.380578184355134,0.0,-10.028468401683508,7,-25.0208672765327,False,phase66g_production_soft_filters,2022-09-24,2022-10-01,0.0,False,158,,,best_passed
TRX,-18.445716068429917,0.0,-12.007723023866365,5,-26.918574102644875,False,phase66g_production_soft_filters,2022-09-24,2022-10-01,0.0,False,138,,,best_passed
BNB,-20.5044390310086,0.0,-13.117217423680891,3,-30.306658546512903,False,phase66g_production_soft_filters,2022-09-24,2022-10-01,0.0,False,144,,,best_passed
ADA,0.0,0.0,0.0,0,0.0,False,phase66g_production_soft_filters,2022-10-01,2022-10-08,0.0,False,-1,,,best_passed
DOGE,0.0,0.0,0.0,0,0.0,False,phase66g_production_soft_filters,2022-10-01,2022-10-08,0.0,False,65,,,best_passed
DOT,0.0,0.0,0.0,0,0.0,False,phase66g_production_soft_filters,2022-10-01,2022-10-08,0.0,False,-1,,,best_passed
LINK,0.0,0.0,0.0,0,0.0,False,phase66g_production_soft_filters,2022-10-01,2022-10-08,0.0,False,69,,,best_passed
XRP,-8.491268352942026,0.0,-0.9962108170540986,7,-11.686902529413038,False,phase66g_production_soft_filters,2022-10-01,2022-10-08,0.0,False,163,,,best_passed
AVAX,-9.276634373591985,0.0,-1.5942433109274106,5,-13.164951560387978,False,phase66g_production_soft_filters,2022-10-01,2022-10-08,0.0,False,163,,,best_passed
ETH,-17.380578184355134,0.0,-10.028468401683508,7,-25.0208672765327,False,phase66g_production_soft_filters,2022-10-01,2022-10-08,0.0,False,158,,,best_passed
TRX,-18.445716068429917,0.0,-12.007723023866365,5,-26.918574102644875,False,phase66g_production_soft_filters,2022-10-01,2022-10-08,0.0,False,138,,,best_passed
BNB,-20.5044390310086,0.0,-13.117217423680891,3,-30.306658546512903,False,phase66g_production_soft_filters,2022-10-01,2022-10-08,0.0,False,144,,,best_passed
ADA,0.0,0.0,0.0,0,0.0,False,phase66g_production_soft_filters,2022-10-08,2022-10-15,0.0,False,-1,,,best_passed
DOGE,0.0,0.0,0.0,0,0.0,False,phase66g_production_soft_filters,2022-10-08,2022-10-15,0.0,False,65,,,best_passed
DOT,0.0,0.0,0.0,0,0.0,False,phase66g_production_soft_filters,2022-10-08,2022-10-15,0.0,False,-1,,,best_passed
LINK,0.0,0.0,0.0,0,0.0,False,phase66g_production_soft_filters,2022-10-08,2022-10-15,0.0,False,69,,,best_passed
XRP,-8.311320538885834,0.0,-0.9962108170541235,7,-11.41698080832875,False,phase66g_production_soft_filters,2022-10-08,2022-10-15,0.0,False,163,,,best_passed
AVAX,-9.080043003735193,0.0,-1.594243310927446,5,-12.870064505602791,False,phase66g_production_soft_filters,2022-10-08,2022-10-15,0.0,False,163,,,best_passed
ETH,-17.012247221145838,0.0,-10.028468401683512,7,-24.468370831718754,False,phase66g_production_soft_filters,2022-10-08,2022-10-15,0.0,False,158,,,best_passed
TRX,-18.05481259591567,0.0,-12.0077230238664,5,-26.332218893873506,False,phase66g_production_soft_filters,2022-10-08,2022-10-15,0.0,False,138,,,best_passed
BNB,-20.06990689414588,0.0,-13.117217423680906,3,-29.65486034121882,False,phase66g_production_soft_filters,2022-10-08,2022-10-15,0.0,False,144,,,best_passed
ADA,0.0,0.0,0.0,0,0.0,False,phase66g_production_soft_filters,2022-10-15,2022-10-22,0.0,False,-1,,,best_passed
DOGE,0.0,0.0,0.0,0,0.0,False,phase66g_production_soft_filters,2022-10-15,2022-10-22,0.0,False,65,,,best_passed
DOT,0.0,0.0,0.0,0,0.0,False,phase66g_production_soft_filters,2022-10-15,2022-10-22,0.0,False,-1,,,best_passed
LINK,0.0,0.0,0.0,0,0.0,False,phase66g_production_soft_filters,2022-10-15,2022-10-22,0.0,False,69,,,best_passed
XRP,-7.982401277905216,0.0,-0.9962108170540986,7,-10.923601916857823,False,phase66g_production_soft_filters,2022-10-15,2022-10-22,0.0,False,163,,,best_passed
AVAX,-8.720701666761421,0.0,-1.5942433109274106,5,-12.331052500142132,False,phase66g_production_soft_filters,2022-10-15,2022-10-22,0.0,False,163,,,best_passed
ETH,-16.338990094625615,0.0,-10.028468401683497,7,-23.45848514193842,False,phase66g_production_soft_filters,2022-10-15,2022-10-22,0.0,False,158,,,best_passed
TRX,-17.34029610140584,0.0,-12.00772302386639,5,-25.26044415210876,False,phase66g_production_soft_filters,2022-10-15,2022-10-22,0.0,False,138,,,best_passed
BNB,-19.27564334568974,0.0,-13.117217423680902,3,-28.46346501853461,False,phase66g_production_soft_filters,2022-10-15,2022-10-22,0.0,False,144,,,best_passed
ADA,0.0,0.0,0.0,0,0.0,False,phase66g_production_soft_filters,2022-10-22,2022-10-29,0.0,False,-1,,,best_passed
DOGE,0.0,0.0,0.0,0,0.0,False,phase66g_production_soft_filters,2022-10-22,2022-10-29,0.0,False,65,,,best_passed
DOT,0.0,0.0,0.0,0,0.0,False,phase66g_production_soft_filters,2022-10-22,2022-10-29,0.0,False,-1,,,best_passed
LINK,0.0,0.0,0.0,0,0.0,False,phase66g_production_soft_filters,2022-10-22,2022-10-29,0.0,False,69,,,best_passed
XRP,-8.219241618772077,0.0,-0.9962108170541448,7,-11.278862428158115,False,phase66g_production_soft_filters,2022-10-22,2022-10-29,0.0,False,163,,,best_passed
AVAX,-8.979447610926217,0.0,-1.5942433109274354,5,-12.719171416389326,False,phase66g_production_soft_filters,2022-10-22,2022-10-29,0.0,False,163,,,best_passed
ETH,-16.823773037590673,0.0,-10.028468401683512,7,-24.18565955638601,False,phase66g_production_soft_filters,2022-10-22,2022-10-29,0.0,False,158,,,best_passed
TRX,-17.854788106556807,0.0,-12.0077230238664,5,-26.03218215983521,False,phase66g_production_soft_filters,2022-10-22,2022-10-29,0.0,False,138,,,best_passed
BNB,-19.847557708483897,0.0,-13.117217423680906,3,-29.321336562725847,False,phase66g_production_soft_filters,2022-10-22,2022-10-29,0.0,False,144,,,best_passed
ADA,0.0,0.0,0.0,0,0.0,False,phase66g_production_soft_filters,2022-10-29,2022-11-05,0.0,False,-1,,,best_passed
DOGE,0.0,0.0,0.0,0,0.0,False,phase66g_production_soft_filters,2022-10-29,2022-11-05,0.0,False,65,,,best_passed
DOT,0.0,0.0,0.0,0,0.0,False,phase66g_production_soft_filters,2022-10-29,2022-11-05,0.0,False,-1,,,best_passed
LINK,0.0,0.0,0.0,0,0.0,False,phase66g_production_soft_filters,2022-10-29,2022-11-05,0.0,False,69,,,best_passed
XRP,-7.852217518157257,0.0,-0.9962108170541448,7,-10.728326277235885,False,phase66g_production_soft_filters,2022-10-29,2022-11-05,0.0,False,163,,,best_passed
AVAX,-8.578477079059745,0.0,-1.5942433109274567,5,-12.117715618589617,False,phase66g_production_soft_filters,2022-10-29,2022-11-05,0.0,False,163,,,best_passed
ETH,-16.072520007874825,0.0,-10.028468401683533,7,-23.058780011812235,False,phase66g_production_soft_filters,2022-10-29,2022-11-05,0.0,False,158,,,best_passed
TRX,-17.05749586836418,0.0,-12.007723023866411,5,-24.83624380254627,False,phase66g_production_soft_filters,2022-10-29,2022-11-05,0.0,False,138,,,best_passed
BNB,-18.961279830885168,0.0,-13.117217423680927,3,-27.991919746327753,False,phase66g_production_soft_filters,2022-10-29,2022-11-05,0.0,False,144,,,best_passed
ADA,0.0,0.0,0.0,0,0.0,False,phase66g_production_soft_filters,2022-11-05,2022-11-12,0.0,False,-1,,,best_passed
DOGE,0.0,0.0,0.0,0,0.0,False,phase66g_production_soft_filters,2022-11-05,2022-11-12,0.0,False,65,,,best_passed
DOT,0.0,0.0,0.0,0,0.0,False,phase66g_production_soft_filters,2022-11-05,2022-11-12,0.0,False,-1,,,best_passed
LINK,0.0,0.0,0.0,0,0.0,False,phase66g_production_soft_filters,2022-11-05,2022-11-12,0.0,False,69,,,best_passed
XRP,-7.298308643521123,0.0,-0.9962108170541129,7,-9.897462965281683,False,phase66g_production_soft_filters,2022-11-05,2022-11-12,0.0,False,163,,,best_passed
AVAX,-7.973336610909698,0.0,-1.5942433109274354,5,-11.210004916364547,False,phase66g_production_soft_filters,2022-11-05,2022-11-12,0.0,False,163,,,best_passed
ETH,-14.938736914176475,0.0,-10.028468401683522,7,-21.358105371264713,False,phase66g_production_soft_filters,2022-11-05,2022-11-12,0.0,False,158,,,best_passed
TRX,-15.854230890196153,0.0,-12.00772302386639,5,-23.03134633529423,False,phase66g_production_soft_filters,2022-11-05,2022-11-12,0.0,False,138,,,best_passed
BNB,-17.623718670805225,0.0,-13.117217423680916,3,-25.985578006207838,False,phase66g_production_soft_filters,2022-11-05,2022-11-12,0.0,False,144,,,best_passed
ADA,0.0,0.0,0.0,0,0.0,False,phase66g_production_soft_filters,2022-11-12,2022-11-19,0.0,False,-1,,,best_passed
DOGE,0.0,0.0,0.0,0,0.0,False,phase66g_production_soft_filters,2022-11-12,2022-11-19,0.0,False,65,,,best_passed
DOT,0.0,0.0,0.0,0,0.0,False,phase66g_production_soft_filters,2022-11-12,2022-11-19,0.0,False,-1,,,best_passed
LINK,0.0,0.0,0.0,0,0.0,False,phase66g_production_soft_filters,2022-11-12,2022-11-19,0.0,False,69,,,best_passed
XRP,-7.138343110154189,0.0,-2.6695471455195356,7,-9.657514665231282,False,phase66g_production_soft_filters,2022-11-12,2022-11-19,0.0,False,163,,,best_passed
AVAX,-7.798575703146415,0.0,-3.267579639392837,5,-10.947863554719623,False,phase66g_production_soft_filters,2022-11-12,2022-11-19,0.0,False,163,,,best_passed
ETH,-14.61130721299142,0.0,-10.228972741282726,7,-20.86696081948713,False,phase66g_production_soft_filters,2022-11-12,2022-11-19,0.0,False,158,,,best_passed
TRX,-15.506735240950896,0.0,-12.24779962166337,5,-22.510102861426343,False,phase66g_production_soft_filters,2022-11-12,2022-11-19,0.0,False,138,,,best_passed
BNB,-30.910268178453414,-16.838487972508588,-23.211723077498903,9,-1e+18,False,phase66g_production_soft_filters,2022-11-12,2022-11-19,-16.838487972508588,True,189,,,best_passed
TRX,2.1316282072803006e-14,0.0,-2.1316282072803006e-14,1,0.15000000000003197,False,phase66g_production_soft_filters,2022-11-19,2022-11-26,0.0,False,138,,,best_passed
ADA,0.0,0.0,0.0,0,0.0,False,phase66g_production_soft_filters,2022-11-19,2022-11-26,0.0,False,-1,,,best_passed
DOGE,0.0,0.0,0.0,0,0.0,False,phase66g_production_soft_filters,2022-11-19,2022-11-26,0.0,False,65,,,best_passed
DOT,0.0,0.0,0.0,0,0.0,False,phase66g_production_soft_filters,2022-11-19,2022-11-26,0.0,False,-1,,,best_passed
LINK,0.0,0.0,0.0,0,0.0,False,phase66g_production_soft_filters,2022-11-19,2022-11-26,0.0,False,69,,,best_passed
ETH,-1.1844735824330987,0.0,-0.9757951992921061,4,-1.176710373649648,False,phase66g_production_soft_filters,2022-11-19,2022-11-26,0.0,False,158,,,best_passed
XRP,-7.84859542116465,0.0,-6.465844276093025,7,-10.722893131746975,False,phase66g_production_soft_filters,2022-11-19,2022-11-26,0.0,False,163,,,best_passed
AVAX,-8.57451997064328,0.0,-7.0638767699663365,5,-12.11177995596492,False,phase66g_production_soft_filters,2022-11-19,2022-11-26,0.0,False,163,,,best_passed
BNB,-18.224571045751915,-16.838487972508588,-20.91207794074068,6,-1e+18,False,phase66g_production_soft_filters,2022-11-19,2022-11-26,-16.838487972508588,True,189,,,best_passed
ADA,0.0,0.0,0.0,0,0.0,False,phase66g_production_soft_filters,2022-11-26,2022-12-03,0.0,False,-1,,,best_passed
DOGE,0.0,0.0,0.0,0,0.0,False,phase66g_production_soft_filters,2022-11-26,2022-12-03,0.0,False,65,,,best_passed
DOT,0.0,0.0,0.0,0,0.0,False,phase66g_production_soft_filters,2022-11-26,2022-12-03,0.0,False,-1,,,best_passed
LINK,0.0,0.0,0.0,0,0.0,False,phase66g_production_soft_filters,2022-11-26,2022-12-03,0.0,False,69,,,best_passed
TRX,0.0,0.0,0.0,0,0.0,False,phase66g_production_soft_filters,2022-11-26,2022-12-03,0.0,False,138,,,best_passed
ETH,-1.0520179099917093,0.0,-0.9757951992920848,4,-0.978026864987564,False,phase66g_production_soft_filters,2022-11-26,2022-12-03,0.0,False,158,,,best_passed
XRP,-6.970913555018544,0.0,-6.465844276093035,7,-9.406370332527816,False,phase66g_production_soft_filters,2022-11-26,2022-12-03,0.0,False,163,,,best_passed
AVAX,-7.615660418672022,0.0,-7.063876769966315,5,-10.673490628008032,False,phase66g_production_soft_filters,2022-11-26,2022-12-03,0.0,False,163,,,best_passed
BNB,-16.186578938015707,-16.838487972508588,-20.91207794074068,6,-1e+18,False,phase66g_production_soft_filters,2022-11-26,2022-12-03,-16.838487972508588,True,189,,,best_passed
ADA,0.0,0.0,0.0,0,0.0,False,phase66g_production_soft_filters,2022-12-03,2022-12-10,0.0,False,-1,,,best_passed
DOGE,0.0,0.0,0.0,0,0.0,False,phase66g_production_soft_filters,2022-12-03,2022-12-10,0.0,False,65,,,best_passed
DOT,0.0,0.0,0.0,0,0.0,False,phase66g_production_soft_filters,2022-12-03,2022-12-10,0.0,False,-1,,,best_passed
LINK,0.0,0.0,0.0,0,0.0,False,phase66g_production_soft_filters,2022-12-03,2022-12-10,0.0,False,69,,,best_passed
TRX,0.0,0.0,0.0,0,0.0,False,phase66g_production_soft_filters,2022-12-03,2022-12-10,0.0,False,138,,,best_passed
ETH,-1.0180548149283597,0.0,-2.7135837300722105,4,-0.9270822223925396,False,phase66g_production_soft_filters,2022-12-03,2022-12-10,0.0,False,158,,,best_passed
XRP,-6.745866245938592,0.0,-6.400051629753056,7,-9.068799368907886,False,phase66g_production_soft_filters,2022-12-03,2022-12-10,0.0,False,163,,,best_passed
AVAX,-7.369798255762994,0.0,-8.08976061045168,5,-10.304697383644491,False,phase66g_production_soft_filters,2022-12-03,2022-12-10,0.0,False,163,,,best_passed
BNB,-15.664015287719367,-16.838487972508588,-21.736629573980913,6,-1e+18,False,phase66g_production_soft_filters,2022-12-03,2022-12-10,-16.838487972508588,True,189,,,best_passed
ADA,0.0,0.0,0.0,0,0.0,False,phase66g_production_soft_filters,2022-12-10,2022-12-17,0.0,False,-1,,,best_passed
DOGE,0.0,0.0,0.0,0,0.0,False,phase66g_production_soft_filters,2022-12-10,2022-12-17,0.0,False,65,,,best_passed
DOT,0.0,0.0,0.0,0,0.0,False,phase66g_production_soft_filters,2022-12-10,2022-12-17,0.0,False,-1,,,best_passed
LINK,0.0,0.0,0.0,0,0.0,False,phase66g_production_soft_filters,2022-12-10,2022-12-17,0.0,False,69,,,best_passed
TRX,0.0,0.0,0.0,0,0.0,False,phase66g_production_soft_filters,2022-12-10,2022-12-17,0.0,False,138,,,best_passed
ETH,-1.0180548149283597,0.0,-2.7135837300722105,4,-0.9270822223925396,False,phase66g_production_soft_filters,2022-12-10,2022-12-17,0.0,False,158,,,best_passed
XRP,-6.745866245938592,0.0,-6.400051629753056,7,-9.068799368907886,False,phase66g_production_soft_filters,2022-12-10,2022-12-17,0.0,False,163,,,best_passed
AVAX,-7.369798255762994,0.0,-8.08976061045168,5,-10.304697383644491,False,phase66g_production_soft_filters,2022-12-10,2022-12-17,0.0,False,163,,,best_passed
BNB,-15.664015287719367,-16.838487972508588,-21.736629573980913,6,-1e+18,False,phase66g_production_soft_filters,2022-12-10,2022-12-17,-16.838487972508588,True,189,,,best_passed
ADA,0.0,0.0,0.0,0,0.0,False,phase66g_production_soft_filters,2022-12-17,2022-12-24,0.0,False,-1,,,best_passed
DOGE,0.0,0.0,0.0,0,0.0,False,phase66g_production_soft_filters,2022-12-17,2022-12-24,0.0,False,65,,,best_passed
DOT,0.0,0.0,0.0,0,0.0,False,phase66g_production_soft_filters,2022-12-17,2022-12-24,0.0,False,-1,,,best_passed
LINK,0.0,0.0,0.0,0,0.0,False,phase66g_production_soft_filters,2022-12-17,2022-12-24,0.0,False,69,,,best_passed
TRX,0.0,0.0,0.0,0,0.0,False,phase66g_production_soft_filters,2022-12-17,2022-12-24,0.0,False,138,,,best_passed
ETH,-1.0180548149283597,0.0,-2.7135837300722105,4,-0.9270822223925396,False,phase66g_production_soft_filters,2022-12-17,2022-12-24,0.0,False,158,,,best_passed
XRP,-6.745866245938592,0.0,-6.400051629753056,7,-9.068799368907886,False,phase66g_production_soft_filters,2022-12-17,2022-12-24,0.0,False,163,,,best_passed
AVAX,-7.369798255762994,0.0,-8.08976061045168,5,-10.304697383644491,False,phase66g_production_soft_filters,2022-12-17,2022-12-24,0.0,False,163,,,best_passed
BNB,-15.664015287719367,-16.838487972508588,-21.736629573980913,6,-1e+18,False,phase66g_production_soft_filters,2022-12-17,2022-12-24,-16.838487972508588,True,189,,,best_passed
ADA,0.0,0.0,0.0,0,0.0,False,phase66g_production_soft_filters,2022-12-24,2022-12-31,0.0,False,-1,,,best_passed
DOGE,0.0,0.0,0.0,0,0.0,False,phase66g_production_soft_filters,2022-12-24,2022-12-31,0.0,False,65,,,best_passed
DOT,0.0,0.0,0.0,0,0.0,False,phase66g_production_soft_filters,2022-12-24,2022-12-31,0.0,False,-1,,,best_passed
LINK,0.0,0.0,0.0,0,0.0,False,phase66g_production_soft_filters,2022-12-24,2022-12-31,0.0,False,69,,,best_passed
TRX,0.0,0.0,0.0,0,0.0,False,phase66g_production_soft_filters,2022-12-24,2022-12-31,0.0,False,138,,,best_passed
ETH,-1.0180548149283597,0.0,-2.7135837300722105,4,-0.9270822223925396,False,phase66g_production_soft_filters,2022-12-24,2022-12-31,0.0,False,158,,,best_passed
XRP,-6.745866245938592,0.0,-6.400051629753056,7,-9.068799368907886,False,phase66g_production_soft_filters,2022-12-24,2022-12-31,0.0,False,163,,,best_passed
AVAX,-7.369798255762994,0.0,-8.08976061045168,5,-10.304697383644491,False,phase66g_production_soft_filters,2022-12-24,2022-12-31,0.0,False,163,,,best_passed
BNB,-15.664015287719367,-16.838487972508588,-21.736629573980913,6,-1e+18,False,phase66g_production_soft_filters,2022-12-24,2022-12-31,-4.473684210526319,True,195,,,best_passed
ADA,0.0,0.0,0.0,0,0.0,False,phase66g_production_soft_filters,2022-12-31,2023-01-07,0.0,False,-1,,,best_passed
DOGE,0.0,0.0,0.0,0,0.0,False,phase66g_production_soft_filters,2022-12-31,2023-01-07,0.0,False,65,,,best_passed
DOT,0.0,0.0,0.0,0,0.0,False,phase66g_production_soft_filters,2022-12-31,2023-01-07,0.0,False,-1,,,best_passed
LINK,0.0,0.0,0.0,0,0.0,False,phase66g_production_soft_filters,2022-12-31,2023-01-07,0.0,False,69,,,best_passed
TRX,0.0,0.0,0.0,0,0.0,False,phase66g_production_soft_filters,2022-12-31,2023-01-07,0.0,False,138,,,best_passed
ETH,-1.0180548149283597,0.0,-2.7135837300722105,4,-0.9270822223925396,False,phase66g_production_soft_filters,2022-12-31,2023-01-07,0.0,False,158,,,best_passed
XRP,-6.745866245938592,0.0,-6.400051629753056,7,-9.068799368907886,False,phase66g_production_soft_filters,2022-12-31,2023-01-07,0.0,False,163,,,best_passed
AVAX,-7.369798255762994,0.0,-8.08976061045168,5,-10.304697383644491,False,phase66g_production_soft_filters,2022-12-31,2023-01-07,0.0,False,163,,,best_passed
BNB,-15.664015287719367,-16.838487972508588,-21.736629573980913,6,-1e+18,False,phase66g_production_soft_filters,2022-12-31,2023-01-07,0.0,True,195,,,best_passed
ADA,0.0,0.0,0.0,0,0.0,False,phase66g_production_soft_filters,2023-01-07,2023-01-14,0.0,False,-1,,,best_passed
DOGE,0.0,0.0,0.0,0,0.0,False,phase66g_production_soft_filters,2023-01-07,2023-01-14,0.0,False,65,,,best_passed
DOT,0.0,0.0,0.0,0,0.0,False,phase66g_production_soft_filters,2023-01-07,2023-01-14,0.0,False,-1,,,best_passed
LINK,0.0,0.0,0.0,0,0.0,False,phase66g_production_soft_filters,2023-01-07,2023-01-14,0.0,False,69,,,best_passed
TRX,0.0,0.0,0.0,0,0.0,False,phase66g_production_soft_filters,2023-01-07,2023-01-14,0.0,False,138,,,best_passed
ETH,-1.0180548149283597,0.0,-2.7135837300722105,4,-0.9270822223925396,False,phase66g_production_soft_filters,2023-01-07,2023-01-14,0.0,False,158,,,best_passed
XRP,-6.745866245938592,0.0,-6.400051629753056,7,-9.068799368907886,False,phase66g_production_soft_filters,2023-01-07,2023-01-14,0.0,False,163,,,best_passed
AVAX,-7.369798255762994,0.0,-8.08976061045168,5,-10.304697383644491,False,phase66g_production_soft_filters,2023-01-07,2023-01-14,0.0,False,163,,,best_passed
BNB,-15.664015287719367,8.64197530864197,-21.736629573980913,6,-1e+18,False,phase66g_production_soft_filters,2023-01-07,2023-01-14,0.0,True,195,,,best_passed
ADA,0.0,0.0,0.0,0,0.0,False,phase66g_production_soft_filters,2023-01-14,2023-01-21,0.0,False,-1,,,best_passed
DOGE,0.0,0.0,0.0,0,0.0,False,phase66g_production_soft_filters,2023-01-14,2023-01-21,0.0,False,65,,,best_passed
DOT,0.0,0.0,0.0,0,0.0,False,phase66g_production_soft_filters,2023-01-14,2023-01-21,0.0,False,-1,,,best_passed
LINK,0.0,0.0,0.0,0,0.0,False,phase66g_production_soft_filters,2023-01-14,2023-01-21,0.0,False,69,,,best_passed
TRX,0.0,0.0,0.0,0,0.0,False,phase66g_production_soft_filters,2023-01-14,2023-01-21,0.0,False,138,,,best_passed
ETH,-1.029995053389876,0.0,-2.7135837300722105,4,-0.9449925800848141,False,phase66g_production_soft_filters,2023-01-14,2023-01-21,0.0,False,158,,,best_passed
XRP,-6.824985022673235,0.0,-6.400051629753056,7,-9.187477534009851,False,phase66g_production_soft_filters,2023-01-14,2023-01-21,0.0,False,163,,,best_passed
AVAX,-7.456234808389294,0.0,-8.08976061045168,5,-10.434352212583942,False,phase66g_production_soft_filters,2023-01-14,2023-01-21,0.0,False,163,,,best_passed
BNB,-15.8477304227568,0.0,-21.736629573980913,6,-1e+18,False,phase66g_production_soft_filters,2023-01-14,2023-01-21,0.0,True,195,,,best_passed
ETH,2.0677856008479605,3.388617285704587,0.14033629553615867,8,17.68072717467009,True,phase66g_production_soft_filters,2023-01-21,2023-01-28,3.388617285704587,False,158,,ETH,best_passed
ADA,0.0,0.0,0.0,0,0.0,False,phase66g_production_soft_filters,2023-01-21,2023-01-28,0.0,False,-1,,ETH,best_passed
DOGE,0.0,0.0,0.0,0,0.0,False,phase66g_production_soft_filters,2023-01-21,2023-01-28,0.0,False,65,,ETH,best_passed
DOT,0.0,0.0,0.0,0,0.0,False,phase66g_production_soft_filters,2023-01-21,2023-01-28,0.0,False,-1,,ETH,best_passed
LINK,0.0,0.0,0.0,0,0.0,False,phase66g_production_soft_filters,2023-01-21,2023-01-28,0.0,False,69,,ETH,best_passed
TRX,0.0,0.0,0.0,0,0.0,False,phase66g_production_soft_filters,2023-01-21,2023-01-28,0.0,False,138,,ETH,best_passed
XRP,-6.9574101097533365,0.0,-5.990586736680836,7,-9.386115164630004,False,phase66g_production_soft_filters,2023-01-21,2023-01-28,0.0,False,163,,ETH,best_passed
AVAX,-7.600908026060871,0.0,-7.572190885242069,5,-10.651362039091307,False,phase66g_production_soft_filters,2023-01-21,2023-01-28,0.0,False,163,,ETH,best_passed
BNB,-16.15522371018282,0.0,-15.807161540346126,6,-1e+18,False,phase66g_production_soft_filters,2023-01-21,2023-01-28,0.0,True,195,,ETH,best_passed
ETH,2.0894812605622093,3.4241714009389357,0.14033629553615867,8,17.855487125178858,True,phase66g_production_soft_filters,2023-01-28,2023-02-04,3.4241714009389357,False,158,ETH,ETH,min_hold
ADA,0.0,0.0,0.0,0,0.0,False,phase66g_production_soft_filters,2023-01-28,2023-02-04,0.0,False,-1,ETH,ETH,min_hold
DOGE,0.0,0.0,0.0,0,0.0,False,phase66g_production_soft_filters,2023-01-28,2023-02-04,0.0,False,65,ETH,ETH,min_hold
DOT,0.0,0.0,0.0,0,0.0,False,phase66g_production_soft_filters,2023-01-28,2023-02-04,0.0,False,-1,ETH,ETH,min_hold
LINK,0.0,0.0,0.0,0,0.0,False,phase66g_production_soft_filters,2023-01-28,2023-02-04,0.0,False,69,ETH,ETH,min_hold
TRX,0.0,0.0,0.0,0,0.0,False,phase66g_production_soft_filters,2023-01-28,2023-02-04,0.0,False,138,ETH,ETH,min_hold
XRP,-7.0304087814588865,0.0,-5.990586736680836,7,-9.495613172188328,False,phase66g_production_soft_filters,2023-01-28,2023-02-04,0.0,False,163,ETH,ETH,min_hold
AVAX,-7.680658418937748,0.0,-7.572190885242069,5,-10.770987628406623,False,phase66g_production_soft_filters,2023-01-28,2023-02-04,0.0,False,163,ETH,ETH,min_hold
BNB,-16.324727858040355,0.0,-15.807161540346126,6,-1e+18,False,phase66g_production_soft_filters,2023-01-28,2023-02-04,0.0,True,195,ETH,ETH,min_hold
ETH,2.1289179060325236,3.4887988451363086,0.14033629553615867,8,18.17315187017382,True,phase66g_production_soft_filters,2023-02-04,2023-02-11,3.4887988451363086,False,158,ETH,ETH,min_hold
ADA,0.0,0.0,0.0,0,0.0,False,phase66g_production_soft_filters,2023-02-04,2023-02-11,0.0,False,-1,ETH,ETH,min_hold
DOGE,0.0,0.0,0.0,0,0.0,False,phase66g_production_soft_filters,2023-02-04,2023-02-11,0.0,False,65,ETH,ETH,min_hold
DOT,0.0,0.0,0.0,0,0.0,False,phase66g_production_soft_filters,2023-02-04,2023-02-11,0.0,False,-1,ETH,ETH,min_hold
LINK,0.0,0.0,0.0,0,0.0,False,phase66g_production_soft_filters,2023-02-04,2023-02-11,0.0,False,69,ETH,ETH,min_hold
TRX,0.0,0.0,0.0,0,0.0,False,phase66g_production_soft_filters,2023-02-04,2023-02-11,0.0,False,138,ETH,ETH,min_hold
XRP,-7.163099963647944,0.0,-5.990586736680836,7,-9.694649945471916,False,phase66g_production_soft_filters,2023-02-04,2023-02-11,0.0,False,163,ETH,ETH,min_hold
AVAX,-7.8256223431247935,0.0,-7.572190885242069,5,-10.988433514687191,False,phase66g_production_soft_filters,2023-02-04,2023-02-11,0.0,False,163,ETH,ETH,min_hold
BNB,-16.63283902280092,0.0,-15.807161540346126,6,-24.04925853420138,False,phase66g_production_soft_filters,2023-02-04,2023-02-11,0.0,False,195,ETH,ETH,min_hold
ETH,1.9839169622841037,3.25117619014349,0.14033629553615867,8,17.005159834579917,True,phase66g_production_soft_filters,2023-02-11,2023-02-18,3.25117619014349,False,158,ETH,ETH,incumbent_best
ADA,0.0,0.0,0.0,0,0.0,False,phase66g_production_soft_filters,2023-02-11,2023-02-18,0.0,False,-1,ETH,ETH,incumbent_best
DOGE,0.0,0.0,0.0,0,0.0,False,phase66g_production_soft_filters,2023-02-11,2023-02-18,0.0,False,65,ETH,ETH,incumbent_best
DOT,0.0,0.0,0.0,0,0.0,False,phase66g_production_soft_filters,2023-02-11,2023-02-18,0.0,False,-1,ETH,ETH,incumbent_best
LINK,0.0,0.0,0.0,0,0.0,False,phase66g_production_soft_filters,2023-02-11,2023-02-18,0.0,False,69,ETH,ETH,incumbent_best
TRX,0.0,0.0,0.0,0,0.0,False,phase66g_production_soft_filters,2023-02-11,2023-02-18,0.0,False,138,ETH,ETH,incumbent_best
XRP,-6.67522006374659,0.0,-5.990586736680836,7,-8.962830095619884,False,phase66g_production_soft_filters,2023-02-11,2023-02-18,0.0,False,163,ETH,ETH,incumbent_best
AVAX,-7.292617936540303,0.0,-7.572190885242069,5,-10.188926904810454,False,phase66g_production_soft_filters,2023-02-11,2023-02-18,0.0,False,163,ETH,ETH,incumbent_best
BNB,-15.499973660220277,0.0,-15.807161540346126,6,-22.349960490330417,False,phase66g_production_soft_filters,2023-02-11,2023-02-18,0.0,False,195,ETH,ETH,incumbent_best
ETH,2.011409882820436,3.296230660841881,0.14033629553615867,8,17.22661709817798,True,phase66g_production_soft_filters,2023-02-18,2023-02-25,3.296230660841881,False,158,ETH,ETH,incumbent_best
ADA,0.0,0.0,0.0,0,0.0,False,phase66g_production_soft_filters,2023-02-18,2023-02-25,0.0,False,-1,ETH,ETH,incumbent_best
DOGE,0.0,0.0,0.0,0,0.0,False,phase66g_production_soft_filters,2023-02-18,2023-02-25,0.0,False,65,ETH,ETH,incumbent_best
DOT,0.0,0.0,0.0,0,0.0,False,phase66g_production_soft_filters,2023-02-18,2023-02-25,0.0,False,-1,ETH,ETH,incumbent_best
LINK,0.0,0.0,0.0,0,0.0,False,phase66g_production_soft_filters,2023-02-18,2023-02-25,0.0,False,69,ETH,ETH,incumbent_best
TRX,0.0,0.0,0.0,0,0.0,False,phase66g_production_soft_filters,2023-02-18,2023-02-25,0.0,False,138,ETH,ETH,incumbent_best
XRP,-6.767724588010548,0.0,-5.990586736680836,7,-9.101586882015821,False,phase66g_production_soft_filters,2023-02-18,2023-02-25,0.0,False,163,ETH,ETH,incumbent_best
AVAX,-7.393678298058916,0.0,-7.572190885242069,5,-10.340517447088374,False,phase66g_production_soft_filters,2023-02-18,2023-02-25,0.0,False,163,ETH,ETH,incumbent_best
BNB,-15.714770726961135,0.0,-15.807161540346126,6,-22.672156090441703,False,phase66g_production_soft_filters,2023-02-18,2023-02-25,0.0,False,195,ETH,ETH,incumbent_best
ETH,1.9965189237298286,3.2718278594322525,-2.1316282072803006e-14,8,17.28208982332375,True,phase66g_production_soft_filters,2023-02-25,2023-03-04,3.2718278594322525,False,158,ETH,ETH,incumbent_best
DOGE,0.0,0.0,0.0,0,0.0,False,phase66g_production_soft_filters,2023-02-25,2023-03-04,0.0,False,65,ETH,ETH,incumbent_best
XRP,-6.717621468384216,0.0,-5.580335986407691,7,-9.026432202576324,False,phase66g_production_soft_filters,2023-02-25,2023-03-04,0.0,False,163,ETH,ETH,incumbent_best
AVAX,-7.338941090090579,0.0,-7.1619401349689245,5,-10.258411635135868,False,phase66g_production_soft_filters,2023-02-25,2023-03-04,0.0,False,163,ETH,ETH,incumbent_best
BNB,-15.598430437489498,0.0,-15.396910790072981,6,-22.497645656234248,False,phase66g_production_soft_filters,2023-02-25,2023-03-04,0.0,False,195,ETH,ETH,incumbent_best
ADA,-2.421771326260968,-2.6033533931355546,-2.2571739981564907,3,-1e+18,False,phase66g_production_soft_filters,2023-02-25,2023-03-04,-2.6033533931355546,True,204,ETH,ETH,incumbent_best
TRX,-5.977644007535353,-6.425841961718182,-2.2894733338474698,5,-1e+18,False,phase66g_production_soft_filters,2023-02-25,2023-03-04,-6.425841961718182,True,204,ETH,ETH,incumbent_best
DOT,-10.507183947885022,-11.29500241678819,-6.682702072911338,2,-1e+18,False,phase66g_production_soft_filters,2023-02-25,2023-03-04,-11.29500241678819,True,204,ETH,ETH,incumbent_best
LINK,-12.953655151945743,-13.924907660621944,-9.055549590432511,5,-1e+18,False,phase66g_production_soft_filters,2023-02-25,2023-03-04,-13.924907660621944,True,204,ETH,ETH,incumbent_best
DOGE,0.0,0.0,0.0,0,0.0,False,phase66g_production_soft_filters,2023-03-04,2023-03-11,0.0,False,65,ETH,,best_passed
XRP,-6.375934485951607,0.0,-4.518571875911803,7,-8.51390172892741,False,phase66g_production_soft_filters,2023-03-04,2023-03-11,0.0,False,163,ETH,,best_passed
AVAX,-6.965651132160456,0.0,-6.100176024473036,5,-9.698476698240684,False,phase66g_production_soft_filters,2023-03-04,2023-03-11,0.0,False,163,ETH,,best_passed
BNB,-14.805027496886968,0.0,-14.335146679577093,6,-21.307541245330455,False,phase66g_production_soft_filters,2023-03-04,2023-03-11,0.0,False,195,ETH,,best_passed
ETH,1.8949674252374589,3.1054086895534465,-3.375077994860476e-14,8,-1e+18,False,phase66g_production_soft_filters,2023-03-04,2023-03-11,-0.5953048865454336,True,205,ETH,,best_passed
TRX,-1.9473718840052996,-2.0933839404851042,-1.8887680071536295,9,-1e+18,False,phase66g_production_soft_filters,2023-03-04,2023-03-11,-2.1946390221013634,True,204,ETH,,best_passed
ADA,-2.298589670297414,-2.470935695994891,-2.2294163053756755,3,-1e+18,False,phase66g_production_soft_filters,2023-03-04,2023-03-11,-2.590452613425953,True,204,ETH,,best_passed
DOT,-7.204989544973827,-7.745212678016744,-6.9881638202731295,3,-1e+18,False,phase66g_production_soft_filters,2023-03-04,2023-03-11,-8.119841587067322,True,204,ETH,,best_passed
LINK,-10.041856869002807,-10.794785564524032,-9.739658943610795,6,-1e+18,False,phase66g_production_soft_filters,2023-03-04,2023-03-11,-11.31691954684203,True,204,ETH,,best_passed
DOGE,0.0,0.0,0.0,0,0.0,False,phase66g_production_soft_filters,2023-03-11,2023-03-18,0.0,False,65,,,best_passed
XRP,-6.375934485951607,0.0,-4.518571875911803,7,-8.51390172892741,False,phase66g_production_soft_filters,2023-03-11,2023-03-18,0.0,False,163,,,best_passed
AVAX,-6.965651132160456,0.0,-6.100176024473036,5,-9.698476698240684,False,phase66g_production_soft_filters,2023-03-11,2023-03-18,0.0,False,163,,,best_passed
BNB,-14.805027496886968,0.0,-14.335146679577093,6,-21.307541245330455,False,phase66g_production_soft_filters,2023-03-11,2023-03-18,0.0,False,195,,,best_passed
ETH,1.8949674252374589,3.1054086895534465,-3.375077994860476e-14,8,-1e+18,False,phase66g_production_soft_filters,2023-03-11,2023-03-18,0.0,True,205,,,best_passed
TRX,-1.2384213658145349,-1.3312769995516334,-1.8887680071536295,10,-1e+18,False,phase66g_production_soft_filters,2023-03-11,2023-03-18,-1.2781150017803444,True,204,,,best_passed
ADA,-2.298589670297414,-2.470935695994891,-2.2294163053756755,3,-1e+18,False,phase66g_production_soft_filters,2023-03-11,2023-03-18,-2.372263610465186,True,204,,,best_passed
DOT,-7.204989544973827,-7.745212678016744,-6.9881638202731295,3,-1e+18,False,phase66g_production_soft_filters,2023-03-11,2023-03-18,-7.435922440699118,True,204,,,best_passed
LINK,-10.041856869002807,-10.794785564524032,-9.739658943610795,6,-1e+18,False,phase66g_production_soft_filters,2023-03-11,2023-03-18,-10.363716473481409,True,204,,,best_passed
DOGE,0.0,0.0,0.0,0,0.0,False,phase66g_production_soft_filters,2023-03-18,2023-03-25,0.0,False,65,,,best_passed
XRP,-6.954095753633528,0.0,-3.6718014467022932,7,-9.38114363045029,False,phase66g_production_soft_filters,2023-03-18,2023-03-25,0.0,False,163,,,best_passed
AVAX,-7.597287121782582,0.0,-5.243942743320307,5,-10.645930682673873,False,phase66g_production_soft_filters,2023-03-18,2023-03-25,0.0,False,163,,,best_passed
BNB,-16.14752771932899,0.0,-13.005188113329492,6,-23.32129157899349,False,phase66g_production_soft_filters,2023-03-18,2023-03-25,0.0,False,195,,,best_passed
TRX,-1.3507197698149795,-1.5512413258541589,-1.1824198229596696,10,-1e+18,False,phase66g_production_soft_filters,2023-03-18,2023-03-25,-1.3231905208864418,True,204,,,best_passed
ADA,-2.507022727535979,-2.879203626628014,-2.1946472065445874,3,-1e+18,False,phase66g_production_soft_filters,2023-03-18,2023-03-25,-2.4559266717306354,True,204,,,best_passed
ETH,-3.011268783636523,-5.604969980952058,-1.1509953532363397,11,-1e+18,False,phase66g_production_soft_filters,2023-03-18,2023-03-25,-4.869620342674253,True,205,,,best_passed
DOT,-7.8583284238684215,-9.024939203273163,-6.879179169031001,3,-1e+18,False,phase66g_production_soft_filters,2023-03-18,2023-03-25,-7.698166498221582,True,204,,,best_passed
LINK,-10.95243910758371,-12.578387125341806,-9.58776305786937,6,-1e+18,False,phase66g_production_soft_filters,2023-03-18,2023-03-25,-10.72921558683183,True,204,,,best_passed
DOGE,0.0,0.0,0.0,0,0.0,False,phase66g_production_soft_filters,2023-03-25,2023-04-01,0.0,False,65,,,best_passed
XRP,-7.0976513965906864,0.0,-3.6718014467022932,7,-9.59647709488603,False,phase66g_production_soft_filters,2023-03-25,2023-04-01,0.0,False,163,,,best_passed
AVAX,-7.754120371731398,0.0,-5.243942743320307,5,-10.881180557597098,False,phase66g_production_soft_filters,2023-03-25,2023-04-01,0.0,False,163,,,best_passed
BNB,-16.480866345376178,0.0,-13.005188113329492,6,-23.82129951806427,False,phase66g_production_soft_filters,2023-03-25,2023-04-01,0.0,False,195,,,best_passed
TRX,-1.3786031139448651,-1.4196253905622402,-1.1824198229596696,10,-1e+18,False,phase66g_production_soft_filters,2023-03-25,2023-04-01,-1.4672904109540807,True,204,,,best_passed
ADA,-2.558776006799013,-2.634915989431419,-2.1946472065445874,3,-1e+18,False,phase66g_production_soft_filters,2023-03-25,2023-04-01,-2.7233853315564938,True,204,,,best_passed
ETH,-3.073431376972402,-5.224521013215444,-1.1509953532363397,11,-1e+18,False,phase66g_production_soft_filters,2023-03-25,2023-04-01,-5.399938346751609,True,205,,,best_passed
DOT,-8.020550433662798,-8.25921320410422,-6.879179169031001,3,-1e+18,False,phase66g_production_soft_filters,2023-03-25,2023-04-01,-8.536522674906621,True,204,,,best_passed
LINK,-11.178533842793081,-11.511166855759004,-9.58776305786937,6,-1e+18,False,phase66g_production_soft_filters,2023-03-25,2023-04-01,-11.897663185397533,True,204,,,best_passed
DOGE,0.0,0.0,0.0,0,0.0,False,phase66g_production_soft_filters,2023-04-01,2023-04-08,0.0,False,65,,,best_passed
XRP,-3.217381139366704,0.0,-0.14148023363693696,3,-4.376071709050056,False,phase66g_production_soft_filters,2023-04-01,2023-04-08,0.0,False,163,,,best_passed
AVAX,-7.47093742521423,0.0,-5.243942743320307,5,-10.456406137821345,False,phase66g_production_soft_filters,2023-04-01,2023-04-08,0.0,False,163,,,best_passed
BNB,-17.074845939386506,0.0,-13.005188113329492,6,-24.71226890907976,False,phase66g_production_soft_filters,2023-04-01,2023-04-08,0.0,False,195,,,best_passed
TRX,-1.4282887373072817,-1.4164838727952267,-1.1824198229596696,10,-1e+18,False,phase66g_production_soft_filters,2023-04-01,2023-04-08,-1.4893024881154515,True,204,,,best_passed
ADA,-2.6509957179374766,-2.629085130494635,-2.1946472065445874,3,-1e+18,False,phase66g_production_soft_filters,2023-04-01,2023-04-08,-2.7642411618753693,True,204,,,best_passed
ETH,-3.184199554036393,-5.212959564894892,-1.1509953532363397,11,-1e+18,False,phase66g_production_soft_filters,2023-04-01,2023-04-08,-5.4809474357962795,True,205,,,best_passed
DOT,-8.309615534397818,-8.24093622399722,-6.879179169031001,3,-1e+18,False,phase66g_production_soft_filters,2023-04-01,2023-04-08,-8.664586345470482,True,204,,,best_passed
LINK,-11.581414422880798,-11.485693561580524,-9.58776305786937,6,-1e+18,False,phase66g_production_soft_filters,2023-04-01,2023-04-08,-12.076150196640844,True,204,,,best_passed
AVAX,0.0,0.0,0.0,0,0.0,False,phase66g_production_soft_filters,2023-04-08,2023-04-15,0.0,False,163,,,best_passed
DOGE,0.0,0.0,0.0,0,0.0,False,phase66g_production_soft_filters,2023-04-08,2023-04-15,0.0,False,65,,,best_passed
XRP,0.0,0.0,0.0,0,0.0,False,phase66g_production_soft_filters,2023-04-08,2023-04-15,0.0,False,163,,,best_passed
ADA,-2.7982486075533997,-2.7663759289527245,-2.194647206544598,3,-14.812876627140998,False,phase66g_production_soft_filters,2023-04-08,2023-04-15,0.0,False,204,,,best_passed
BNB,-18.023289721210755,0.0,-7.401422552755832,6,-26.134934581816132,False,phase66g_production_soft_filters,2023-04-08,2023-04-15,0.0,False,195,,,best_passed
TRX,-1.5076248306669093,-1.4904526460552514,-1.182419822959691,10,-1e+18,False,phase66g_production_soft_filters,2023-04-08,2023-04-15,-1.3405063480673505,True,210,,,best_passed
ETH,-2.2139069832908698,-5.485180259726508,-1.1509953532363717,7,-1e+18,False,phase66g_production_soft_filters,2023-04-08,2023-04-15,-5.79810422837297,True,205,,,best_passed
DOT,-8.771183574948704,-8.67127782880578,-6.879179169031023,3,-1e+18,False,phase66g_production_soft_filters,2023-04-08,2023-04-15,-9.165965431207669,True,210,,,best_passed
LINK,-12.224718645542943,-12.085476361165416,-9.587763057869381,6,-1e+18,False,phase66g_production_soft_filters,2023-04-08,2023-04-15,-9.005171213886843,True,210,,,best_passed
AVAX,0.0,0.0,0.0,0,0.0,False,phase66g_production_soft_filters,2023-04-15,2023-04-22,0.0,False,163,,,best_passed
DOGE,0.0,0.0,0.0,0,0.0,False,phase66g_production_soft_filters,2023-04-15,2023-04-22,0.0,False,65,,,best_passed
XRP,0.0,0.0,0.0,0,0.0,False,phase66g_production_soft_filters,2023-04-15,2023-04-22,0.0,False,163,,,best_passed
ADA,-3.2276242844238254,-3.1806369321095467,-2.194647206544598,3,-17.113984155073926,False,phase66g_production_soft_filters,2023-04-15,2023-04-22,0.0,False,204,,,best_passed
BNB,-20.788863231222198,0.0,-7.401422552755832,6,-30.2832948468333,False,phase66g_production_soft_filters,2023-04-15,2023-04-22,0.0,False,195,,,best_passed
TRX,-1.7389614711594383,-1.7136458866595206,-1.182419822959691,10,-1e+18,False,phase66g_production_soft_filters,2023-04-15,2023-04-22,-4.4317210572731405,True,210,,,best_passed
ETH,-2.553618689717773,-6.306578484424973,-1.1509953532363717,7,-1e+18,False,phase66g_production_soft_filters,2023-04-15,2023-04-22,-6.76090184641529,True,211,,,best_passed
DOT,-10.117072883812117,-9.969789796907213,-6.879179169031023,3,-1e+18,False,phase66g_production_soft_filters,2023-04-15,2023-04-22,0.0,True,210,,,best_passed
LINK,-14.10053369243025,-13.89525987923561,-9.587763057869381,6,-1e+18,False,phase66g_production_soft_filters,2023-04-15,2023-04-22,0.0,True,210,,,best_passed
DOGE,0.0,0.0,0.0,0,0.0,False,phase66g_production_soft_filters,2023-04-22,2023-04-29,0.0,False,65,,,best_passed
XRP,0.0,0.0,0.0,0,0.0,False,phase66g_production_soft_filters,2023-04-22,2023-04-29,0.0,False,163,,,best_passed
BNB,-17.968736871929103,0.0,-7.401422552755832,6,-26.053105307893656,False,phase66g_production_soft_filters,2023-04-22,2023-04-29,0.0,False,195,,,best_passed
TRX,-1.5030615555139404,-1.2934971710649723,-1.182419822959691,10,-1e+18,False,phase66g_production_soft_filters,2023-04-22,2023-04-29,0.0,True,210,,,best_passed
ADA,-8.826871787709534,-6.269974931169764,-5.251067938176114,7,-1e+18,False,phase66g_production_soft_filters,2023-04-22,2023-04-29,-6.558832603358966,True,212,,,best_passed
DOT,-8.744634977939658,-8.8445313015044,-6.879179169031023,3,-1e+18,False,phase66g_production_soft_filters,2023-04-22,2023-04-29,0.0,True,210,,,best_passed
ETH,-10.497316024049718,-13.712862430549112,-4.3699908705518204,10,-1e+18,False,phase66g_production_soft_filters,2023-04-22,2023-04-29,-14.344613843309606,True,211,,,best_passed
AVAX,-15.236713124576696,-15.410773177191462,-11.017167889652814,4,-1e+18,False,phase66g_production_soft_filters,2023-04-22,2023-04-29,-16.120747318311203,True,212,,,best_passed
LINK,-24.606455451168717,-21.727890489596057,-9.86733677459667,9,-1e+18,False,phase66g_production_soft_filters,2023-04-22,2023-04-29,-14.833412596604145,True,210,,,best_passed
DOGE,0.0,0.0,0.0,0,0.0,False,phase66g_production_soft_filters,2023-04-29,2023-05-06,0.0,False,65,,,best_passed
XRP,0.0,0.0,0.0,0,0.0,False,phase66g_production_soft_filters,2023-04-29,2023-05-06,0.0,False,163,,,best_passed
BNB,-18.831834830738373,0.0,-7.401422552755832,6,-27.34775224610756,False,phase66g_production_soft_filters,2023-04-29,2023-05-06,0.0,False,195,,,best_passed
TRX,-1.5752585813692228,1.7717701727570265,-1.182419822959691,10,-1e+18,False,phase66g_production_soft_filters,2023-04-29,2023-05-06,0.0,True,210,,,best_passed
DOT,-9.164668765166107,0.0,-6.879179169031023,3,-1e+18,False,phase66g_production_soft_filters,2023-04-29,2023-05-06,0.0,True,210,,,best_passed
ADA,-9.25085568134343,-6.516032900435808,-5.251067938176114,7,-1e+18,False,phase66g_production_soft_filters,2023-04-29,2023-05-06,-6.783583681029981,True,212,,,best_passed
ETH,-11.00153688820449,-14.25100797650849,-5.231585349845702,10,-1e+18,False,phase66g_production_soft_filters,2023-04-29,2023-05-06,-11.895148610433324,True,211,,,best_passed
LINK,-25.78838502277999,-14.736617070500024,-10.669411117786609,9,-1e+18,False,phase66g_production_soft_filters,2023-04-29,2023-05-06,-15.341708152877054,True,210,,,best_passed
AVAX,-15.968582932149467,-16.01555128147848,-11.017167889652814,4,-1e+18,False,phase66g_production_soft_filters,2023-04-29,2023-05-06,-16.67315588729903,True,212,,,best_passed
DOGE,0.0,0.0,0.0,0,0.0,False,phase66g_production_soft_filters,2023-05-06,2023-05-13,0.0,False,65,,,best_passed
XRP,0.0,0.0,0.0,0,0.0,False,phase66g_production_soft_filters,2023-05-06,2023-05-13,0.0,False,163,,,best_passed
BNB,-18.32009642719532,0.0,-7.401422552755832,6,-26.58014464079298,False,phase66g_production_soft_filters,2023-05-06,2023-05-13,0.0,False,195,,,best_passed
TRX,-1.5324523270215709,0.0,-1.182419822959691,10,-1e+18,False,phase66g_production_soft_filters,2023-05-06,2023-05-13,0.0,True,210,,,best_passed
DOT,-8.915627022550996,0.0,-6.879179169031023,3,-1e+18,False,phase66g_production_soft_filters,2023-05-06,2023-05-13,0.0,True,210,,,best_passed
ADA,-8.999471885747944,-6.687083605252232,-5.251067938176114,7,-1e+18,False,phase66g_production_soft_filters,2023-05-06,2023-05-13,-5.830383593870936,True,212,,,best_passed
ETH,-10.70257988405211,-14.625107523882352,-5.231585349845702,10,-1e+18,False,phase66g_production_soft_filters,2023-05-06,2023-05-13,-7.96162614169772,True,211,,,best_passed
LINK,-25.08760853975932,-15.123464217381377,-10.669411117786609,9,-1e+18,False,phase66g_production_soft_filters,2023-05-06,2023-05-13,-13.185957116830195,True,210,,,best_passed
AVAX,-15.534650858615949,-16.435971401600547,-11.017167889652814,4,-1e+18,False,phase66g_production_soft_filters,2023-05-06,2023-05-13,-14.330315525583803,True,212,,,best_passed
DOGE,0.0,0.0,0.0,0,0.0,False,phase66g_production_soft_filters,2023-05-13,2023-05-20,0.0,False,65,,,best_passed
XRP,0.0,0.0,0.0,0,0.0,False,phase66g_production_soft_filters,2023-05-13,2023-05-20,0.0,False,163,,,best_passed
BNB,-17.776699401719053,0.0,-7.401422552755832,6,-25.76504910257858,False,phase66g_production_soft_filters,2023-05-13,2023-05-20,0.0,False,195,,,best_passed
TRX,-1.4869978699723507,0.0,-1.182419822959691,10,-1e+18,False,phase66g_production_soft_filters,2023-05-13,2023-05-20,0.0,True,210,,,best_passed
DOT,-8.651178348737364,0.0,-6.879179169031023,3,-1e+18,False,phase66g_production_soft_filters,2023-05-13,2023-05-20,0.0,True,210,,,best_passed
ADA,-8.73253626818683,-6.591535312027586,-5.251067938176114,7,-1e+18,False,phase66g_production_soft_filters,2023-05-13,2023-05-20,-5.711315772389614,True,212,,,best_passed
ETH,-10.385127948303419,-13.039191207967594,-5.231585349845702,10,-1e+18,False,phase66g_production_soft_filters,2023-05-13,2023-05-20,-7.799034184431486,True,211,,,best_passed
LINK,-24.343478621502936,-14.907372827036015,-10.669411117786609,9,-1e+18,False,phase66g_production_soft_filters,2023-05-13,2023-05-20,-12.91667411636055,True,210,,,best_passed
AVAX,-15.073873640442958,-16.201126272151534,-11.017167889652814,4,-1e+18,False,phase66g_production_soft_filters,2023-05-13,2023-05-20,-14.037662491130899,True,212,,,best_passed
DOGE,0.0,0.0,0.0,0,0.0,False,phase66g_production_soft_filters,2023-05-20,2023-05-27,0.0,False,65,,,best_passed
XRP,0.0,0.0,0.0,0,0.0,False,phase66g_production_soft_filters,2023-05-20,2023-05-27,0.0,False,163,,,best_passed
TRX,-1.4869978699723507,0.0,-1.182419822959691,10,-0.7304968049585261,False,phase66g_production_soft_filters,2023-05-20,2023-05-27,0.0,False,210,,,best_passed
DOT,-8.651178348737364,0.0,-6.879179169031023,3,-12.526767523106047,False,phase66g_production_soft_filters,2023-05-20,2023-05-27,0.0,False,210,,,best_passed
BNB,-17.776699401719053,0.0,-7.401422552755832,6,-25.76504910257858,False,phase66g_production_soft_filters,2023-05-20,2023-05-27,0.0,False,195,,,best_passed
ADA,-8.73253626818683,-5.8742784372775025,-5.251067938176114,7,-1e+18,False,phase66g_production_soft_filters,2023-05-20,2023-05-27,-5.710238043402493,True,212,,,best_passed
ETH,-10.385127948303419,-8.02156633724833,-5.231585349845702,10,-1e+18,False,phase66g_production_soft_filters,2023-05-20,2023-05-27,-7.797562501627109,True,211,,,best_passed
LINK,-24.343478621502936,-13.285229405435317,-10.669411117786609,9,-1e+18,False,phase66g_production_soft_filters,2023-05-20,2023-05-27,-12.91423673158477,True,216,,,best_passed
AVAX,-15.073873640442958,-14.438203273591267,-11.017167889652814,4,-1e+18,False,phase66g_production_soft_filters,2023-05-20,2023-05-27,-14.035013575122411,True,212,,,best_passed
TRX,1.298990086555074,2.604423670167555,-1.182419822959691,16,14.766179810502832,True,phase66g_production_soft_filters,2023-05-27,2023-06-03,2.311486929966577,False,210,,TRX,best_passed
DOGE,0.0,0.0,0.0,0,0.0,False,phase66g_production_soft_filters,2023-05-27,2023-06-03,0.0,False,65,,TRX,best_passed
XRP,0.0,0.0,0.0,0,0.0,False,phase66g_production_soft_filters,2023-05-27,2023-06-03,0.0,False,163,,TRX,best_passed
DOT,-8.667352778345816,0.0,-6.879179169031023,3,-12.551029167518724,False,phase66g_production_soft_filters,2023-05-27,2023-06-03,0.0,False,210,,TRX,best_passed
BNB,-17.8099351022853,0.0,-7.401422552755832,6,-25.814902653427954,False,phase66g_production_soft_filters,2023-05-27,2023-06-03,0.0,False,195,,TRX,best_passed
ADA,-8.748862806316016,-5.657389574265338,-5.251067938176114,7,-1e+18,False,phase66g_production_soft_filters,2023-05-27,2023-06-03,-5.021065584848596,True,212,,TRX,best_passed
ETH,-10.404544207476851,-7.725395765655652,-5.231585349845702,10,-1e+18,False,phase66g_production_soft_filters,2023-05-27,2023-06-03,-6.856469454519754,True,217,,TRX,best_passed
LINK,-24.38899171411487,-12.794714982026933,-10.669411117786609,9,-1e+18,False,phase66g_production_soft_filters,2023-05-27,2023-06-03,-11.355608840592314,True,216,,TRX,best_passed
AVAX,-15.102056079677915,-13.905118993473343,-11.017167889652814,4,-1e+18,False,phase66g_production_soft_filters,2023-05-27,2023-06-03,-12.341118375327788,True,212,,TRX,best_passed
TRX,13.201147709594707,13.73392335892284,1.5539695987193411,23,76.24495300168424,True,phase66g_production_soft_filters,2023-06-03,2023-06-10,13.758205921068601,False,210,TRX,TRX,min_hold
DOGE,0.0,0.0,0.0,0,0.0,False,phase66g_production_soft_filters,2023-06-03,2023-06-10,0.0,False,65,TRX,TRX,min_hold
DOT,-8.216219045461681,0.0,-4.142789747351991,3,-11.874328568192523,False,phase66g_production_soft_filters,2023-06-03,2023-06-10,0.0,False,210,TRX,TRX,min_hold
BNB,-16.882932047189644,0.0,-4.6650331310768,6,-24.42439807078447,False,phase66g_production_soft_filters,2023-06-03,2023-06-10,0.0,False,195,TRX,TRX,min_hold
XRP,-0.5953387728094506,-0.55162941182697,-0.4822103380075262,1,-1e+18,False,phase66g_production_soft_filters,2023-06-03,2023-06-10,-0.5526047322160554,True,218,TRX,TRX,min_hold
ADA,-8.293486495089198,-5.396923178308066,-4.717754518188919,7,-1e+18,False,phase66g_production_soft_filters,2023-06-03,2023-06-10,-0.30549908295829376,True,218,TRX,TRX,min_hold
ETH,-9.862990057401866,-7.369718298864802,-6.442285845756501,10,-1e+18,False,phase66g_production_soft_filters,2023-06-03,2023-06-10,-4.379058582312101,True,217,TRX,TRX,min_hold
LINK,-23.119550264730446,-12.205645897262407,-11.607441193034994,9,-1e+18,False,phase66g_production_soft_filters,2023-06-03,2023-06-10,-4.810865442418155,True,216,TRX,TRX,min_hold
AVAX,-14.315997509352695,-13.264926872700556,-11.595619692839065,4,-1e+18,False,phase66g_production_soft_filters,2023-06-03,2023-06-10,-4.705997963156294,True,218,TRX,TRX,min_hold
TRX,0.24258026851669,1.3799005463502851,1.3142097970954545,30,8.740710341806857,False,phase66g_production_soft_filters,2023-06-10,2023-06-17,1.4468992960451121,False,210,TRX,,best_passed
DOGE,0.0,0.0,0.0,0,0.0,False,phase66g_production_soft_filters,2023-06-10,2023-06-17,0.0,False,65,TRX,,best_passed
DOT,-7.895416984850067,0.0,-0.9718917584196731,3,-11.393125477275102,False,phase66g_production_soft_filters,2023-06-10,2023-06-17,0.0,False,210,TRX,,best_passed
BNB,-16.223738401068932,0.0,-1.4941351421444828,6,-23.4356076016034,False,phase66g_production_soft_filters,2023-06-10,2023-06-17,0.0,False,195,TRX,,best_passed
XRP,0.9948881416084632,0.8461155752010328,0.80583588530736,8,-1e+18,False,phase66g_production_soft_filters,2023-06-10,2023-06-17,0.887197293579721,True,218,TRX,,best_passed
ADA,-7.969667528900759,-4.7601593125537605,-4.533549914767256,7,-1e+18,False,phase66g_production_soft_filters,2023-06-10,2023-06-17,0.0,True,218,TRX,,best_passed
ETH,-9.477889865123757,-6.50019131868336,-6.190746961151262,10,-1e+18,False,phase66g_production_soft_filters,2023-06-10,2023-06-17,0.0,True,217,TRX,,best_passed
LINK,-22.216848021240963,-10.765544934401284,-11.154228951181423,9,-1e+18,False,phase66g_production_soft_filters,2023-06-10,2023-06-17,0.0,True,216,TRX,,best_passed
AVAX,-13.757029756022431,-11.69984509641019,-11.14286902115559,4,-1e+18,False,phase66g_production_soft_filters,2023-06-10,2023-06-17,0.0,True,218,TRX,,best_passed
TRX,1.1306524013136254,2.2286104757040857,1.3142097970954545,31,13.61765825841746,True,phase66g_production_soft_filters,2023-06-17,2023-06-24,2.234683164537433,False,210,,TRX,best_passed
DOGE,0.0,0.0,0.0,0,0.0,False,phase66g_production_soft_filters,2023-06-17,2023-06-24,0.0,False,65,,TRX,best_passed
DOT,-7.895416984850067,0.0,-0.9718917584196731,3,-11.393125477275102,False,phase66g_production_soft_filters,2023-06-17,2023-06-24,0.0,False,210,,TRX,best_passed
BNB,-16.223738401068932,0.0,-1.4941351421444828,6,-23.4356076016034,False,phase66g_production_soft_filters,2023-06-17,2023-06-24,0.0,False,195,,TRX,best_passed
ADA,-7.969667528900759,0.7020216195046682,-4.533549914767256,7,-1e+18,False,phase66g_production_soft_filters,2023-06-17,2023-06-24,0.0,True,218,,TRX,best_passed
ETH,-9.477889865123757,0.5355115237823398,-6.190746961151262,10,-1e+18,False,phase66g_production_soft_filters,2023-06-17,2023-06-24,0.0,True,217,,TRX,best_passed
LINK,-22.216848021240963,-2.9128082904582033,-11.154228951181423,9,-1e+18,False,phase66g_production_soft_filters,2023-06-17,2023-06-24,0.0,True,216,,TRX,best_passed
AVAX,-13.757029756022431,-3.228453217740425,-11.14286902115559,4,-1e+18,False,phase66g_production_soft_filters,2023-06-17,2023-06-24,0.0,True,218,,TRX,best_passed
XRP,-4.922214830581174,-4.347382976895554,-3.986877699900649,14,-1e+18,False,phase66g_production_soft_filters,2023-06-17,2023-06-24,-4.35922905962094,True,218,,TRX,best_passed
TRX,1.1306524013136254,2.237859608950787,1.3142097970954545,31,13.654654791404266,True,phase66g_production_soft_filters,2023-06-24,2023-07-01,2.390114981483304,False,210,TRX,TRX,min_hold
DOGE,0.0,0.0,0.0,0,0.0,False,phase66g_production_soft_filters,2023-06-24,2023-07-01,0.0,False,65,TRX,TRX,min_hold
DOT,-7.895416984850067,0.0,-0.9718917584196731,3,-11.393125477275102,False,phase66g_production_soft_filters,2023-06-24,2023-07-01,0.0,False,210,TRX,TRX,min_hold
BNB,-16.223738401068932,0.0,-1.4941351421444828,6,-23.4356076016034,False,phase66g_production_soft_filters,2023-06-24,2023-07-01,0.0,False,195,TRX,TRX,min_hold
ADA,-7.969667528900759,0.0,-4.533549914767256,7,-1e+18,False,phase66g_production_soft_filters,2023-06-24,2023-07-01,0.0,True,218,TRX,TRX,min_hold
ETH,-9.477889865123757,0.0,-6.190746961151262,10,-1e+18,False,phase66g_production_soft_filters,2023-06-24,2023-07-01,0.0,True,217,TRX,TRX,min_hold
AVAX,-13.757029756022431,0.0,-11.14286902115559,4,-1e+18,False,phase66g_production_soft_filters,2023-06-24,2023-07-01,0.0,True,218,TRX,TRX,min_hold
LINK,-22.216848021240963,0.0,-11.154228951181423,9,-1e+18,False,phase66g_production_soft_filters,2023-06-24,2023-07-01,0.0,True,216,TRX,TRX,min_hold
XRP,-4.922214830581174,-4.365425396091792,-3.986877699900649,14,-1e+18,False,phase66g_production_soft_filters,2023-06-24,2023-07-01,-4.662432173141729,True,218,TRX,TRX,min_hold
TRX,1.1109561320875816,2.246574415865254,2.0082000879222193,31,12.792481751689614,True,phase66g_production_soft_filters,2023-07-01,2023-07-08,2.3484785350371693,False,210,TRX,TRX,min_hold
DOGE,0.0,0.0,0.0,0,0.0,False,phase66g_production_soft_filters,2023-07-01,2023-07-08,0.0,False,65,TRX,TRX,min_hold
DOT,-7.757876695363408,0.0,-5.684341886080802e-14,3,-11.186815043045113,False,phase66g_production_soft_filters,2023-07-01,2023-07-08,0.0,False,210,TRX,TRX,min_hold
BNB,-15.94111651035428,0.0,-0.134648153504358,6,-23.011674765531424,False,phase66g_production_soft_filters,2023-07-01,2023-07-08,0.0,False,195,TRX,TRX,min_hold
LINK,-21.829824547473073,0.0,-10.959919279901268,9,-31.394736821209612,False,phase66g_production_soft_filters,2023-07-01,2023-07-08,0.0,False,216,TRX,TRX,min_hold
ADA,-7.830833774946943,0.0,-4.45457425472603,7,-1e+18,False,phase66g_production_soft_filters,2023-07-01,2023-07-08,0.0,True,218,TRX,TRX,min_hold
ETH,-9.31278247202809,0.0,-6.082902482410081,10,-1e+18,False,phase66g_production_soft_filters,2023-07-01,2023-07-08,0.0,True,217,TRX,TRX,min_hold
AVAX,-13.51737859399379,0.0,-10.948757242914805,4,-1e+18,False,phase66g_production_soft_filters,2023-07-01,2023-07-08,0.0,True,218,TRX,TRX,min_hold
XRP,-4.83646852306978,-4.382425497114273,-3.9174252170179322,14,-1e+18,False,phase66g_production_soft_filters,2023-07-01,2023-07-08,-4.581211349461821,True,218,TRX,TRX,min_hold
TRX,1.1000132546860826,2.32534610708014,1.9628654103515686,31,13.147822547410222,True,phase66g_production_soft_filters,2023-07-08,2023-07-15,0.2364487561727575,False,210,TRX,TRX,incumbent_best
DOGE,0.0,0.0,0.0,0,0.0,False,phase66g_production_soft_filters,2023-07-08,2023-07-15,0.0,False,65,TRX,TRX,incumbent_best
DOT,-7.6814618927252045,0.0,-6.394884621840902e-14,3,-11.072192839087808,False,phase66g_production_soft_filters,2023-07-08,2023-07-15,0.0,False,210,TRX,TRX,incumbent_best
ETH,-9.221051904173382,0.0,-5.945582289869421,10,-12.331577856260074,False,phase66g_production_soft_filters,2023-07-08,2023-07-15,0.0,False,217,TRX,TRX,incumbent_best
BNB,-15.78409709385602,0.0,-4.263256414560601e-14,6,-22.776145640784033,False,phase66g_production_soft_filters,2023-07-08,2023-07-15,0.0,False,195,TRX,TRX,incumbent_best
LINK,-21.614801571480335,0.0,-10.71250150029718,9,-31.072202357220498,False,phase66g_production_soft_filters,2023-07-08,2023-07-15,0.0,False,216,TRX,TRX,incumbent_best
ADA,-7.7537003477344815,0.0,-4.354013215630879,7,-1e+18,False,phase66g_production_soft_filters,2023-07-08,2023-07-15,0.0,True,218,TRX,TRX,incumbent_best
AVAX,-13.384232907615035,0.0,-10.70159144385331,4,-1e+18,False,phase66g_production_soft_filters,2023-07-08,2023-07-15,0.0,True,218,TRX,TRX,incumbent_best
XRP,-4.788829484429602,-4.536086584676337,-3.8289901999154807,14,-1e+18,False,phase66g_production_soft_filters,2023-07-08,2023-07-15,-4.536086584676337,True,218,TRX,TRX,incumbent_best
DOGE,0.0,0.0,0.0,0,0.0,False,phase66g_production_soft_filters,2023-07-15,2023-07-22,0.0,False,65,TRX,,best_passed
ADA,-7.754952322571253,0.0,-4.354013215630879,7,-10.582428483856878,False,phase66g_production_soft_filters,2023-07-15,2023-07-22,0.0,False,218,TRX,,best_passed
DOT,-7.68270220335987,0.0,-6.394884621840902e-14,3,-11.074053305039806,False,phase66g_production_soft_filters,2023-07-15,2023-07-22,0.0,False,210,TRX,,best_passed
ETH,-9.222540809397318,0.0,-5.945582289869421,10,-12.333811214095977,False,phase66g_production_soft_filters,2023-07-15,2023-07-22,0.0,False,217,TRX,,best_passed
AVAX,-13.386394033536632,0.0,-10.70159144385331,4,-19.479591050304947,False,phase66g_production_soft_filters,2023-07-15,2023-07-22,0.0,False,218,TRX,,best_passed
BNB,-15.786645721156056,0.0,-4.263256414560601e-14,6,-22.779968581734085,False,phase66g_production_soft_filters,2023-07-15,2023-07-22,0.0,False,195,TRX,,best_passed
LINK,-21.618291671233415,0.0,-10.71250150029718,9,-31.077437506850124,False,phase66g_production_soft_filters,2023-07-15,2023-07-22,0.0,False,216,TRX,,best_passed
TRX,1.1001908716758102,2.325721576170025,1.9628654103515686,31,-1e+18,False,phase66g_production_soft_filters,2023-07-15,2023-07-22,-0.4954830590653714,True,224,TRX,,best_passed
XRP,-4.78960272736434,-4.536819017709183,-3.8289901999154807,14,-1e+18,False,phase66g_production_soft_filters,2023-07-15,2023-07-22,-4.6958905249583225,True,224,TRX,,best_passed
LINK,-15.190895466165589,9.12582693441195,-10.71250150029718,12,15.516964538399417,False,phase66g_production_soft_filters,2023-07-22,2023-07-29,9.999365016540484,False,216,,,best_passed
DOGE,0.0,0.0,0.0,0,0.0,False,phase66g_production_soft_filters,2023-07-22,2023-07-29,0.0,False,65,,,best_passed
ADA,-8.108423250555607,0.0,-4.354013215630879,7,-11.11263487583341,False,phase66g_production_soft_filters,2023-07-22,2023-07-29,0.0,False,218,,,best_passed
DOT,-8.032879969036799,0.0,-6.394884621840902e-14,3,-11.599319953555199,False,phase66g_production_soft_filters,2023-07-22,2023-07-29,0.0,False,210,,,best_passed
ETH,-9.642904458672518,0.0,-5.945582289869421,10,-12.964356688008777,False,phase66g_production_soft_filters,2023-07-22,2023-07-29,0.0,False,217,,,best_passed
AVAX,-13.996546220755956,0.0,-10.70159144385331,4,-20.39481933113393,False,phase66g_production_soft_filters,2023-07-22,2023-07-29,0.0,False,218,,,best_passed
BNB,-16.50620144254663,0.0,-4.263256414560601e-14,6,-23.859302163819947,False,phase66g_production_soft_filters,2023-07-22,2023-07-29,0.0,False,195,,,best_passed
TRX,1.9591755402190603,0.8966397609168286,1.9628654103515686,35,-1e+18,False,phase66g_production_soft_filters,2023-07-22,2023-07-29,-8.657486253754577,True,224,,,best_passed
XRP,-5.007912943894022,-4.743607346196921,-3.8289901999154807,14,-1e+18,False,phase66g_production_soft_filters,2023-07-22,2023-07-29,-9.268617227548914,True,224,,,best_passed
DOGE,7.637811423134067,7.477139304115321,0.7047907703981124,1,40.63428588816474,False,phase66g_production_soft_filters,2023-07-29,2023-08-05,7.927223221021495,False,65,,,best_passed
LINK,-14.204806030131733,8.819393881338645,-10.007710729899067,12,15.77036648015698,False,phase66g_production_soft_filters,2023-07-29,2023-08-05,9.350274366695764,False,216,,,best_passed
ADA,-7.582079656916074,0.0,-4.31307033294922,7,-10.32311948537411,False,phase66g_production_soft_filters,2023-07-29,2023-08-05,0.0,False,218,,,best_passed
DOT,-7.511440130546854,0.0,-8.526512829121202e-14,3,-10.817160195820282,False,phase66g_production_soft_filters,2023-07-29,2023-08-05,0.0,False,210,,,best_passed
ETH,-9.016952799630472,0.0,-5.8896731168576295,10,-12.025429199445707,False,phase66g_production_soft_filters,2023-07-29,2023-08-05,0.0,False,217,,,best_passed
AVAX,-13.087985800470824,0.0,-10.600959226794359,4,-19.031978700706233,False,phase66g_production_soft_filters,2023-07-29,2023-08-05,0.0,False,218,,,best_passed
BNB,-15.434731303884009,0.0,-5.3290705182007514e-14,6,-22.252096955826016,False,phase66g_production_soft_filters,2023-07-29,2023-08-05,0.0,False,195,,,best_passed
TRX,4.70209100618757,2.590001435924938,2.667656180749681,41,-1e+18,False,phase66g_production_soft_filters,2023-07-29,2023-08-05,3.720181778336517,True,224,,,best_passed
XRP,-4.682833355166027,-4.584323361071718,-3.7929843614440486,14,-1e+18,False,phase66g_production_soft_filters,2023-07-29,2023-08-05,-0.832272841206839,True,224,,,best_passed
LINK,-14.183498821086548,9.33624895514572,-9.896342942741523,12,17.869747588953057,False,phase66g_production_soft_filters,2023-08-05,2023-08-12,9.33624895514572,False,216,,,best_passed
ADA,-7.570706537430706,0.0,-4.306600727449794,7,-10.306059806146058,False,phase66g_production_soft_filters,2023-08-05,2023-08-12,0.0,False,218,,,best_passed
DOT,-7.500172970351038,0.0,-8.881784197001252e-14,3,-10.800259455526557,False,phase66g_production_soft_filters,2023-08-05,2023-08-12,0.0,False,210,,,best_passed
ETH,-9.00342737043104,0.0,-5.880838607182358,10,-12.005141055646561,False,phase66g_production_soft_filters,2023-08-05,2023-08-12,0.0,False,217,,,best_passed
AVAX,-13.068353821770131,0.0,-10.585057787954181,4,-19.002530732655195,False,phase66g_production_soft_filters,2023-08-05,2023-08-12,0.0,False,218,,,best_passed
BNB,-15.411579206928195,0.0,-6.750155989720952e-14,6,-22.217368810392294,False,phase66g_production_soft_filters,2023-08-05,2023-08-12,0.0,False,195,,,best_passed
DOGE,-0.5915913654219409,-0.61400793362405,-0.4791750265755965,7,-1e+18,False,phase66g_production_soft_filters,2023-08-05,2023-08-12,-0.61400793362405,True,227,,,best_passed
XRP,-4.67580910513329,-7.771070616638788,-3.787294884901904,14,-1e+18,False,phase66g_production_soft_filters,2023-08-05,2023-08-12,0.0,True,224,,,best_passed
TRX,-1.2976059684569954,-10.272019127980869,-0.006939893853672885,43,-1e+18,False,phase66g_production_soft_filters,2023-08-05,2023-08-12,-2.4329739784966,True,224,,,best_passed
LINK,-14.183498821086548,9.33624895514572,-9.896342942741523,12,17.869747588953057,False,phase66g_production_soft_filters,2023-08-12,2023-08-19,9.33624895514572,False,216,,,best_passed
ADA,-7.570706537430706,0.0,-4.306600727449794,7,-10.306059806146058,False,phase66g_production_soft_filters,2023-08-12,2023-08-19,0.0,False,218,,,best_passed
DOT,-7.500172970351038,0.0,-8.881784197001252e-14,3,-10.800259455526557,False,phase66g_production_soft_filters,2023-08-12,2023-08-19,0.0,False,210,,,best_passed
ETH,-9.00342737043104,0.0,-5.880838607182358,10,-12.005141055646561,False,phase66g_production_soft_filters,2023-08-12,2023-08-19,0.0,False,217,,,best_passed
AVAX,-13.068353821770131,0.0,-10.585057787954181,4,-19.002530732655195,False,phase66g_production_soft_filters,2023-08-12,2023-08-19,0.0,False,218,,,best_passed
BNB,-15.411579206928195,0.0,-6.750155989720952e-14,6,-22.217368810392294,False,phase66g_production_soft_filters,2023-08-12,2023-08-19,0.0,False,195,,,best_passed
DOGE,-0.5194564821537355,-0.5391397167998857,-2.5902645459981883,12,-1e+18,False,phase66g_production_soft_filters,2023-08-12,2023-08-19,-0.5391397167998857,True,227,,,best_passed
XRP,-4.67580910513329,-0.8310244319450497,-3.787294884901904,14,-1e+18,False,phase66g_production_soft_filters,2023-08-12,2023-08-19,0.0,True,224,,,best_passed
TRX,-1.2976059684569954,-2.4329739784966,-0.006939893853672885,43,-1e+18,False,phase66g_production_soft_filters,2023-08-12,2023-08-19,-2.4329739784966,True,224,,,best_passed
LINK,-14.183498821086548,9.33624895514572,-9.896342942741523,12,17.869747588953057,False,phase66g_production_soft_filters,2023-08-19,2023-08-26,9.721226959738116,False,216,,,best_passed
ADA,-7.570706537430706,0.0,-4.306600727449794,7,-10.306059806146058,False,phase66g_production_soft_filters,2023-08-19,2023-08-26,0.0,False,218,,,best_passed
DOT,-7.500172970351038,0.0,-8.881784197001252e-14,3,-10.800259455526557,False,phase66g_production_soft_filters,2023-08-19,2023-08-26,0.0,False,210,,,best_passed
ETH,-9.00342737043104,0.0,-5.880838607182358,10,-12.005141055646561,False,phase66g_production_soft_filters,2023-08-19,2023-08-26,0.0,False,217,,,best_passed
AVAX,-13.068353821770131,0.0,-10.585057787954181,4,-19.002530732655195,False,phase66g_production_soft_filters,2023-08-19,2023-08-26,0.0,False,218,,,best_passed
BNB,-15.411579206928195,0.0,-6.750155989720952e-14,6,-22.217368810392294,False,phase66g_production_soft_filters,2023-08-19,2023-08-26,0.0,False,195,,,best_passed
XRP,-4.67580910513329,0.0,-3.787294884901904,14,-1e+18,False,phase66g_production_soft_filters,2023-08-19,2023-08-26,0.0,True,224,,,best_passed
TRX,-1.2976059684569954,-2.4329739784966,-0.006939893853672885,43,-1e+18,False,phase66g_production_soft_filters,2023-08-19,2023-08-26,-2.5332970817007805,True,224,,,best_passed
DOGE,-2.785718863240394,-2.89127526676426,-2.5902645459981883,13,-1e+18,False,phase66g_production_soft_filters,2023-08-19,2023-08-26,-3.0104963145612507,True,227,,,best_passed
LINK,-14.183498821086548,9.33624895514572,-9.896342942741523,12,17.869747588953057,False,phase66g_production_soft_filters,2023-08-26,2023-09-02,9.23946509226148,False,216,,,best_passed
XRP,-4.67580910513329,0.0,-3.787294884901904,14,-4.913713657699935,False,phase66g_production_soft_filters,2023-08-26,2023-09-02,0.0,False,224,,,best_passed
ADA,-7.570706537430706,0.0,-4.306600727449794,7,-10.306059806146058,False,phase66g_production_soft_filters,2023-08-26,2023-09-02,0.0,False,218,,,best_passed
DOT,-7.500172970351038,0.0,-8.881784197001252e-14,3,-10.800259455526557,False,phase66g_production_soft_filters,2023-08-26,2023-09-02,0.0,False,210,,,best_passed
ETH,-9.00342737043104,0.0,-5.880838607182358,10,-12.005141055646561,False,phase66g_production_soft_filters,2023-08-26,2023-09-02,0.0,False,217,,,best_passed
AVAX,-13.068353821770131,0.0,-10.585057787954181,4,-19.002530732655195,False,phase66g_production_soft_filters,2023-08-26,2023-09-02,0.0,False,218,,,best_passed
BNB,-15.411579206928195,0.0,-6.750155989720952e-14,6,-22.217368810392294,False,phase66g_production_soft_filters,2023-08-26,2023-09-02,0.0,False,195,,,best_passed
TRX,-1.2976059684569954,-2.4329739784966,-0.006939893853672885,43,-1e+18,False,phase66g_production_soft_filters,2023-08-26,2023-09-02,-2.407752648060013,True,230,,,best_passed
DOGE,-2.785718863240394,-2.89127526676426,-2.5902645459981883,13,-1e+18,False,phase66g_production_soft_filters,2023-08-26,2023-09-02,-2.861302973788371,True,227,,,best_passed
XRP,-4.67580910513329,0.0,-3.787294884901904,14,-4.913713657699935,False,phase66g_production_soft_filters,2023-09-02,2023-09-09,0.0,False,224,,,best_passed
ADA,-7.570706537430706,0.0,-4.306600727449794,7,-10.306059806146058,False,phase66g_production_soft_filters,2023-09-02,2023-09-09,0.0,False,218,,,best_passed
DOT,-7.500172970351038,0.0,-8.881784197001252e-14,3,-10.800259455526557,False,phase66g_production_soft_filters,2023-09-02,2023-09-09,0.0,False,210,,,best_passed
ETH,-9.00342737043104,0.0,-5.880838607182358,10,-12.005141055646561,False,phase66g_production_soft_filters,2023-09-02,2023-09-09,0.0,False,217,,,best_passed
AVAX,-13.068353821770131,0.0,-10.585057787954181,4,-19.002530732655195,False,phase66g_production_soft_filters,2023-09-02,2023-09-09,0.0,False,218,,,best_passed
BNB,-15.411579206928195,0.0,-6.750155989720952e-14,6,-22.217368810392294,False,phase66g_production_soft_filters,2023-09-02,2023-09-09,0.0,False,195,,,best_passed
LINK,-14.183498821086548,9.52703065808186,-9.896342942741523,12,-1e+18,False,phase66g_production_soft_filters,2023-09-02,2023-09-09,-9.242333563330352,True,231,,,best_passed
TRX,-1.2976059684569954,-2.482690617485861,-0.006939893853672885,43,-1e+18,False,phase66g_production_soft_filters,2023-09-02,2023-09-09,-3.465939763368342,True,230,,,best_passed
DOGE,-2.785718863240394,-2.9503570694989993,-2.5902645459981883,13,-1e+18,False,phase66g_production_soft_filters,2023-09-02,2023-09-09,-2.959955598712105,True,227,,,best_passed
XRP,-4.67580910513329,0.0,-3.787294884901904,14,-4.913713657699935,False,phase66g_production_soft_filters,2023-09-09,2023-09-16,0.0,False,224,,,best_passed
ADA,-7.570706537430706,0.0,-4.306600727449794,7,-10.306059806146058,False,phase66g_production_soft_filters,2023-09-09,2023-09-16,0.0,False,218,,,best_passed
DOT,-7.500172970351038,0.0,-8.881784197001252e-14,3,-10.800259455526557,False,phase66g_production_soft_filters,2023-09-09,2023-09-16,0.0,False,210,,,best_passed
ETH,-9.00342737043104,0.0,-5.880838607182358,10,-12.005141055646561,False,phase66g_production_soft_filters,2023-09-09,2023-09-16,0.0,False,217,,,best_passed
AVAX,-13.068353821770131,0.0,-10.585057787954181,4,-19.002530732655195,False,phase66g_production_soft_filters,2023-09-09,2023-09-16,0.0,False,218,,,best_passed
BNB,-15.411579206928195,0.0,-6.750155989720952e-14,6,-22.217368810392294,False,phase66g_production_soft_filters,2023-09-09,2023-09-16,0.0,False,195,,,best_passed
LINK,-14.183498821086548,9.566170509840777,-9.896342942741523,12,-1e+18,False,phase66g_production_soft_filters,2023-09-09,2023-09-16,0.0,True,231,,,best_passed
TRX,-1.2976059684569954,-2.492890242764601,-0.006939893853672885,43,-1e+18,False,phase66g_production_soft_filters,2023-09-09,2023-09-16,-4.218843149745533,True,230,,,best_passed
DOGE,-2.785718863240394,-2.962478006491898,-2.5902645459981883,13,-1e+18,False,phase66g_production_soft_filters,2023-09-09,2023-09-16,-2.9165606467778886,True,227,,,best_passed
XRP,-4.67580910513329,0.0,-3.787294884901904,14,-4.913713657699935,False,phase66g_production_soft_filters,2023-09-16,2023-09-23,0.0,False,224,,,best_passed
ADA,-7.570706537430706,0.0,-4.306600727449794,7,-10.306059806146058,False,phase66g_production_soft_filters,2023-09-16,2023-09-23,0.0,False,218,,,best_passed
DOT,-7.500172970351038,0.0,-8.881784197001252e-14,3,-10.800259455526557,False,phase66g_production_soft_filters,2023-09-16,2023-09-23,0.0,False,210,,,best_passed
ETH,-9.00342737043104,0.0,-5.880838607182358,10,-12.005141055646561,False,phase66g_production_soft_filters,2023-09-16,2023-09-23,0.0,False,217,,,best_passed
AVAX,-13.068353821770131,0.0,-10.585057787954181,4,-19.002530732655195,False,phase66g_production_soft_filters,2023-09-16,2023-09-23,0.0,False,218,,,best_passed
BNB,-15.411579206928195,0.0,-6.750155989720952e-14,6,-22.217368810392294,False,phase66g_production_soft_filters,2023-09-16,2023-09-23,0.0,False,195,,,best_passed
LINK,-14.183498821086548,9.522506886024761,-9.896342942741523,12,-1e+18,False,phase66g_production_soft_filters,2023-09-16,2023-09-23,0.0,True,231,,,best_passed
TRX,-1.2976059684569954,-2.6140794704117676,-0.006939893853672885,43,-1e+18,False,phase66g_production_soft_filters,2023-09-16,2023-09-23,0.0,True,230,,,best_passed
DOGE,-2.785718863240394,-2.9489561353203904,-2.5902645459981883,13,-1e+18,False,phase66g_production_soft_filters,2023-09-16,2023-09-23,-2.558760659211301,True,233,,,best_passed
XRP,-4.67580910513329,0.0,-3.787294884901904,14,-4.913713657699935,False,phase66g_production_soft_filters,2023-09-23,2023-09-30,0.0,False,224,,,best_passed
ADA,-7.570706537430706,0.0,-4.306600727449794,7,-10.306059806146058,False,phase66g_production_soft_filters,2023-09-23,2023-09-30,0.0,False,218,,,best_passed
DOT,-7.500172970351038,0.0,-8.881784197001252e-14,3,-10.800259455526557,False,phase66g_production_soft_filters,2023-09-23,2023-09-30,0.0,False,210,,,best_passed
ETH,-9.00342737043104,0.0,-5.880838607182358,10,-12.005141055646561,False,phase66g_production_soft_filters,2023-09-23,2023-09-30,0.0,False,217,,,best_passed
AVAX,-13.068353821770131,0.0,-10.585057787954181,4,-19.002530732655195,False,phase66g_production_soft_filters,2023-09-23,2023-09-30,0.0,False,218,,,best_passed
BNB,-15.411579206928195,0.0,-6.750155989720952e-14,6,-22.217368810392294,False,phase66g_production_soft_filters,2023-09-23,2023-09-30,0.0,False,195,,,best_passed
LINK,-14.183498821086548,0.0,-9.896342942741523,12,-1e+18,False,phase66g_production_soft_filters,2023-09-23,2023-09-30,0.0,True,231,,,best_passed
DOGE,-2.785718863240394,-2.9165606467778886,-2.5902645459981883,13,-1e+18,False,phase66g_production_soft_filters,2023-09-23,2023-09-30,-1.4364786505007832,True,233,,,best_passed
TRX,-2.1738163974404205,-4.855280086756064,-1.2622862199199716,46,-1e+18,False,phase66g_production_soft_filters,2023-09-23,2023-09-30,-0.9711037423022484,True,230,,,best_passed
XRP,-4.67580910513329,0.0,-3.787294884901904,14,-4.913713657699935,False,phase66g_production_soft_filters,2023-09-30,2023-10-07,0.0,False,224,,,best_passed
ADA,-7.570706537430706,0.0,-4.306600727449794,7,-10.306059806146058,False,phase66g_production_soft_filters,2023-09-30,2023-10-07,0.0,False,218,,,best_passed
DOT,-7.500172970351038,0.0,-8.881784197001252e-14,3,-10.800259455526557,False,phase66g_production_soft_filters,2023-09-30,2023-10-07,0.0,False,210,,,best_passed
ETH,-9.00342737043104,0.0,-5.880838607182358,10,-12.005141055646561,False,phase66g_production_soft_filters,2023-09-30,2023-10-07,0.0,False,217,,,best_passed
AVAX,-13.068353821770131,0.0,-10.585057787954181,4,-19.002530732655195,False,phase66g_production_soft_filters,2023-09-30,2023-10-07,0.0,False,218,,,best_passed
BNB,-15.411579206928195,0.0,-6.750155989720952e-14,6,-22.217368810392294,False,phase66g_production_soft_filters,2023-09-30,2023-10-07,0.0,False,195,,,best_passed
LINK,-14.183498821086548,0.0,-9.896342942741523,12,-1e+18,False,phase66g_production_soft_filters,2023-09-30,2023-10-07,0.0,True,231,,,best_passed
TRX,-2.1738163974404205,-0.9711037423022484,-1.2622862199199716,46,-1e+18,False,phase66g_production_soft_filters,2023-09-30,2023-10-07,-0.9711037423022484,True,230,,,best_passed
DOGE,-2.785718863240394,-3.398997700145079,-2.5902645459981883,13,-1e+18,False,phase66g_production_soft_filters,2023-09-30,2023-10-07,0.0,True,233,,,best_passed
XRP,-4.67580910513329,0.0,-3.787294884901904,14,-4.913713657699935,False,phase66g_production_soft_filters,2023-10-07,2023-10-14,0.0,False,224,,,best_passed
ADA,-7.570706537430706,0.0,-4.306600727449794,7,-10.306059806146058,False,phase66g_production_soft_filters,2023-10-07,2023-10-14,0.0,False,218,,,best_passed
DOT,-7.500172970351038,0.0,-8.881784197001252e-14,3,-10.800259455526557,False,phase66g_production_soft_filters,2023-10-07,2023-10-14,0.0,False,210,,,best_passed
ETH,-9.00342737043104,0.0,-5.880838607182358,10,-12.005141055646561,False,phase66g_production_soft_filters,2023-10-07,2023-10-14,0.0,False,217,,,best_passed
AVAX,-13.068353821770131,0.0,-10.585057787954181,4,-19.002530732655195,False,phase66g_production_soft_filters,2023-10-07,2023-10-14,0.0,False,218,,,best_passed
BNB,-15.411579206928195,0.0,-6.750155989720952e-14,6,-22.217368810392294,False,phase66g_production_soft_filters,2023-10-07,2023-10-14,0.0,False,195,,,best_passed
LINK,-13.624397059544926,0.7228915662650603,-9.896342942741523,17,-1e+18,False,phase66g_production_soft_filters,2023-10-07,2023-10-14,0.7228915662650603,True,231,,,best_passed
TRX,-1.519821207905304,-0.2462810798488202,-1.2622862199199716,51,-1e+18,False,phase66g_production_soft_filters,2023-10-07,2023-10-14,-0.2462810798488202,True,236,,,best_passed
DOGE,-2.785718863240394,-1.4364786505007832,-2.5902645459981883,13,-1e+18,False,phase66g_production_soft_filters,2023-10-07,2023-10-14,0.0,True,233,,,best_passed
XRP,-4.67580910513329,0.0,-3.787294884901904,14,-4.913713657699935,False,phase66g_production_soft_filters,2023-10-14,2023-10-21,0.0,False,224,,,best_passed
ADA,-7.570706537430706,0.0,-4.306600727449794,7,-10.306059806146058,False,phase66g_production_soft_filters,2023-10-14,2023-10-21,0.0,False,218,,,best_passed
DOT,-7.500172970351038,0.0,-8.881784197001252e-14,3,-10.800259455526557,False,phase66g_production_soft_filters,2023-10-14,2023-10-21,0.0,False,210,,,best_passed
ETH,-9.00342737043104,0.0,-5.880838607182358,10,-12.005141055646561,False,phase66g_production_soft_filters,2023-10-14,2023-10-21,0.0,False,217,,,best_passed
AVAX,-13.068353821770131,0.0,-10.585057787954181,4,-19.002530732655195,False,phase66g_production_soft_filters,2023-10-14,2023-10-21,0.0,False,218,,,best_passed
BNB,-15.411579206928195,0.0,-6.750155989720952e-14,6,-22.217368810392294,False,phase66g_production_soft_filters,2023-10-14,2023-10-21,0.0,False,195,,,best_passed
DOGE,-2.785718863240394,0.0,-2.5902645459981883,13,-1e+18,False,phase66g_production_soft_filters,2023-10-14,2023-10-21,0.0,True,233,,,best_passed
TRX,-1.581133256924229,-0.31423320445382874,-1.2622862199199716,52,-1e+18,False,phase66g_production_soft_filters,2023-10-14,2023-10-21,-0.31423320445382874,True,236,,,best_passed
LINK,-15.001443990749255,-1.0575635876840628,-9.896342942741523,21,-1e+18,False,phase66g_production_soft_filters,2023-10-14,2023-10-21,-1.0575635876840628,True,237,,,best_passed
XRP,-4.67580910513329,0.0,-3.787294884901904,14,-4.913713657699935,False,phase66g_production_soft_filters,2023-10-21,2023-10-28,0.0,False,224,,,best_passed
ADA,-7.570706537430706,0.0,-4.306600727449794,7,-10.306059806146058,False,phase66g_production_soft_filters,2023-10-21,2023-10-28,0.0,False,218,,,best_passed
DOT,-7.500172970351038,0.0,-8.881784197001252e-14,3,-10.800259455526557,False,phase66g_production_soft_filters,2023-10-21,2023-10-28,0.0,False,210,,,best_passed
ETH,-9.00342737043104,0.0,-5.880838607182358,10,-12.005141055646561,False,phase66g_production_soft_filters,2023-10-21,2023-10-28,0.0,False,217,,,best_passed
AVAX,-13.068353821770131,0.0,-10.585057787954181,4,-19.002530732655195,False,phase66g_production_soft_filters,2023-10-21,2023-10-28,0.0,False,218,,,best_passed
BNB,-15.411579206928195,0.0,-6.750155989720952e-14,6,-22.217368810392294,False,phase66g_production_soft_filters,2023-10-21,2023-10-28,0.0,False,195,,,best_passed
DOGE,-2.785718863240394,0.0,-2.5902645459981883,13,-1e+18,False,phase66g_production_soft_filters,2023-10-21,2023-10-28,0.0,True,233,,,best_passed
TRX,-1.581133256924229,-0.31423320445382874,-1.2622862199199716,52,-1e+18,False,phase66g_production_soft_filters,2023-10-21,2023-10-28,-0.31423320445382874,True,236,,,best_passed
LINK,-15.001443990749255,-1.0575635876840628,-9.896342942741523,21,-1e+18,False,phase66g_production_soft_filters,2023-10-21,2023-10-28,-1.0575635876840628,True,237,,,best_passed
DOGE,-3.174213287220118,0.0,-2.5902645459981883,13,-2.8113199308301766,False,phase66g_production_soft_filters,2023-10-28,2023-11-04,0.0,False,233,,,best_passed
XRP,-5.327894205646566,0.0,-3.787294884901904,14,-5.89184130846985,False,phase66g_production_soft_filters,2023-10-28,2023-11-04,0.0,False,224,,,best_passed
ADA,-8.626512029574794,0.0,-4.306600727449794,7,-11.88976804436219,False,phase66g_production_soft_filters,2023-10-28,2023-11-04,0.0,False,218,,,best_passed
DOT,-8.546141900063986,0.0,-8.881784197001252e-14,3,-12.36921285009598,False,phase66g_production_soft_filters,2023-10-28,2023-11-04,0.0,False,210,,,best_passed
ETH,-10.259039118003464,0.0,-5.880838607182358,10,-13.888558677005197,False,phase66g_production_soft_filters,2023-10-28,2023-11-04,0.0,False,217,,,best_passed
AVAX,-14.890857397901303,0.0,-10.585057787954181,4,-21.736286096851956,False,phase66g_production_soft_filters,2023-10-28,2023-11-04,0.0,False,218,,,best_passed
BNB,-17.56086737294532,0.0,-6.750155989720952e-14,6,-25.44130105941798,False,phase66g_production_soft_filters,2023-10-28,2023-11-04,0.0,False,195,,,best_passed
LINK,-14.833587687398175,1.7169519974934868,-9.896342942741523,24,-1e+18,False,phase66g_production_soft_filters,2023-10-28,2023-11-04,1.7169519974934868,True,237,,,best_passed
TRX,-1.8016370062398979,-0.3580559495881541,-1.2622862199199716,52,-1e+18,False,phase66g_production_soft_filters,2023-10-28,2023-11-04,-0.3580559495881541,True,236,,,best_passed
DOGE,-3.2655875259364864,0.0,-2.5902645459981883,13,-2.94838128890473,False,phase66g_production_soft_filters,2023-11-04,2023-11-11,0.0,False,233,,,best_passed
XRP,-5.481265209089359,0.0,-3.787294884901904,14,-6.121897813634039,False,phase66g_production_soft_filters,2023-11-04,2023-11-11,0.0,False,224,,,best_passed
ADA,-8.874838433050492,0.0,-4.306600727449794,7,-12.262257649575737,False,phase66g_production_soft_filters,2023-11-04,2023-11-11,0.0,False,218,,,best_passed
DOT,-8.792154735189017,0.0,-8.881784197001252e-14,3,-12.738232102783527,False,phase66g_production_soft_filters,2023-11-04,2023-11-11,0.0,False,210,,,best_passed
ETH,-10.554360132865115,0.0,-5.880838607182358,10,-14.331540199297674,False,phase66g_production_soft_filters,2023-11-04,2023-11-11,0.0,False,217,,,best_passed
AVAX,-15.31951188184718,0.0,-10.585057787954181,4,-22.37926782277077,False,phase66g_production_soft_filters,2023-11-04,2023-11-11,0.0,False,218,,,best_passed
BNB,-18.066381887002315,0.0,-6.750155989720952e-14,6,-26.199572830503474,False,phase66g_production_soft_filters,2023-11-04,2023-11-11,0.0,False,195,,,best_passed
LINK,-15.260593581370651,1.76637689981969,-9.896342942741523,24,-1e+18,False,phase66g_production_soft_filters,2023-11-04,2023-11-11,1.76637689981969,True,237,,,best_passed
TRX,-1.8534996868452946,-0.3683630987463715,-1.2622862199199716,52,-1e+18,False,phase66g_production_soft_filters,2023-11-04,2023-11-11,1.6447251835031373,True,236,,,best_passed
BNB,0.0,0.0,0.0,0,0.0,False,phase66g_production_soft_filters,2023-11-11,2023-11-18,0.0,False,195,,,best_passed
DOGE,-3.4581890013346115,0.0,-2.5902645459981883,13,-3.237283502001917,False,phase66g_production_soft_filters,2023-11-11,2023-11-18,0.0,False,233,,,best_passed
XRP,-5.804545402296247,0.0,-3.787294884901904,14,-6.60681810344437,False,phase66g_production_soft_filters,2023-11-11,2023-11-18,0.0,False,224,,,best_passed
ADA,-9.398268585373494,0.0,-4.306600727449794,7,-13.04740287806024,False,phase66g_production_soft_filters,2023-11-11,2023-11-18,0.0,False,218,,,best_passed
DOT,-9.31070827585392,0.0,-8.881784197001252e-14,3,-13.51606241378088,False,phase66g_production_soft_filters,2023-11-11,2023-11-18,0.0,False,210,,,best_passed
ETH,-11.176846995436463,0.0,-5.880838607182358,10,-15.265270493154695,False,phase66g_production_soft_filters,2023-11-11,2023-11-18,0.0,False,217,,,best_passed
AVAX,-16.2230431966221,0.0,-10.585057787954181,4,-23.73456479493315,False,phase66g_production_soft_filters,2023-11-11,2023-11-18,0.0,False,218,,,best_passed
LINK,-16.160649946688633,1.8705562532475923,-9.896342942741523,24,-1e+18,False,phase66g_production_soft_filters,2023-11-11,2023-11-18,1.8705562532475923,True,237,,,best_passed
TRX,-1.962817465499512,-0.3900888297939886,-1.2622862199199716,52,-1e+18,False,phase66g_production_soft_filters,2023-11-11,2023-11-18,0.8234349282330911,True,236,,,best_passed
BNB,0.0,0.0,0.0,0,0.0,False,phase66g_production_soft_filters,2023-11-18,2023-11-25,0.0,False,195,,,best_passed
DOGE,-3.405855136539282,0.0,-2.5902645459981883,13,-3.1587827048089228,False,phase66g_production_soft_filters,2023-11-18,2023-11-25,0.0,False,233,,,best_passed
XRP,-5.716703386095046,0.0,-3.787294884901904,14,-6.475055079142569,False,phase66g_production_soft_filters,2023-11-18,2023-11-25,0.0,False,224,,,best_passed
ADA,-9.256041622860112,0.0,-4.306600727449794,7,-12.834062434290168,False,phase66g_production_soft_filters,2023-11-18,2023-11-25,0.0,False,218,,,best_passed
DOT,-9.169806391119106,0.0,-8.881784197001252e-14,3,-13.30470958667866,False,phase66g_production_soft_filters,2023-11-18,2023-11-25,0.0,False,210,,,best_passed
ETH,-11.00770424491837,0.0,-5.880838607182358,10,-15.011556367377555,False,phase66g_production_soft_filters,2023-11-18,2023-11-25,0.0,False,217,,,best_passed
AVAX,-15.9775347675302,0.0,-10.585057787954181,4,-23.366302151295297,False,phase66g_production_soft_filters,2023-11-18,2023-11-25,0.0,False,218,,,best_passed
LINK,-15.916085734325447,1.8422485355341394,-9.896342942741523,24,-1e+18,False,phase66g_production_soft_filters,2023-11-18,2023-11-25,1.9253721216519786,True,237,,,best_passed
TRX,-1.9331135297638191,-0.3841854925071395,-1.2622862199199716,52,-1e+18,False,phase66g_production_soft_filters,2023-11-18,2023-11-25,-0.30482183157811704,True,242,,,best_passed
BNB,0.0,0.0,0.0,0,0.0,False,phase66g_production_soft_filters,2023-11-25,2023-12-02,0.0,False,195,,,best_passed
DOGE,-3.431862903436423,0.0,-2.5902645459981883,13,-3.1977943551546346,False,phase66g_production_soft_filters,2023-11-25,2023-12-02,0.0,False,233,,,best_passed
XRP,-5.760357236046133,0.0,-3.787294884901904,14,-6.5405358540692,False,phase66g_production_soft_filters,2023-11-25,2023-12-02,0.0,False,224,,,best_passed
ADA,-9.32672254241389,0.0,-4.306600727449794,7,-12.940083813620834,False,phase66g_production_soft_filters,2023-11-25,2023-12-02,0.0,False,218,,,best_passed
LINK,-16.037624035603226,1.8563163007671903,-9.896342942741523,24,-13.031170850336077,False,phase66g_production_soft_filters,2023-11-25,2023-12-02,3.1929479072555083,False,237,,,best_passed
DOT,-9.239828801806361,0.0,-8.881784197001252e-14,3,-13.409743202709542,False,phase66g_production_soft_filters,2023-11-25,2023-12-02,0.0,False,210,,,best_passed
ETH,-11.091761198193641,0.0,-5.880838607182358,10,-15.137641797290463,False,phase66g_production_soft_filters,2023-11-25,2023-12-02,0.0,False,217,,,best_passed
AVAX,-16.099542305480586,0.0,-10.585057787954181,4,-23.54931345822088,False,phase66g_production_soft_filters,2023-11-25,2023-12-02,0.0,False,218,,,best_passed
TRX,-1.9478751576229598,0.8171663788492545,-1.2622862199199716,52,-1e+18,False,phase66g_production_soft_filters,2023-11-25,2023-12-02,0.0,True,242,,,best_passed
DOGE,2.5481818532896003,6.667772205171698,-2.5902645459981883,19,33.34336160062119,True,phase66g_production_soft_filters,2023-12-02,2023-12-09,6.667772205171698,False,233,,DOGE,best_passed
BNB,0.0,0.0,0.0,0,0.0,False,phase66g_production_soft_filters,2023-12-02,2023-12-09,0.0,False,195,,DOGE,best_passed
XRP,-5.654526563904726,0.0,-3.787294884901904,14,-6.3817898458570905,False,phase66g_production_soft_filters,2023-12-02,2023-12-09,0.0,False,224,,DOGE,best_passed
ETH,-9.763870584834766,1.3621864946088849,-5.880838607182358,16,-6.7970598988166095,False,phase66g_production_soft_filters,2023-12-02,2023-12-09,1.3621864946088849,False,217,,DOGE,best_passed
AVAX,-15.803757632145409,0.0,-10.585057787954181,4,-23.105636448218114,False,phase66g_production_soft_filters,2023-12-02,2023-12-09,0.0,False,218,,DOGE,best_passed
LINK,-15.742976939652653,-1.4409834961133008,-9.896342942741523,24,-25.778399393932183,False,phase66g_production_soft_filters,2023-12-02,2023-12-09,3.134286298384705,False,237,,DOGE,best_passed
ADA,-10.267649004187284,-1.324848517349551,-4.306600727449794,13,-1e+18,False,phase66g_production_soft_filters,2023-12-02,2023-12-09,-1.324848517349551,True,244,,DOGE,best_passed
DOT,-12.17203197600305,-3.691677904098455,-8.881784197001252e-14,8,-1e+18,False,phase66g_production_soft_filters,2023-12-02,2023-12-09,-3.691677904098455,True,244,,DOGE,best_passed
TRX,-6.852222037563504,-6.647967173687828,-1.2622862199199716,55,-1e+18,False,phase66g_production_soft_filters,2023-12-02,2023-12-09,-5.492407604563219,True,242,,DOGE,best_passed
DOGE,0.42438027442834425,5.987165553890065,-2.5902645459981883,22,27.88523262720278,False,phase66g_production_soft_filters,2023-12-09,2023-12-16,5.2435203525608856,False,233,DOGE,,best_passed
BNB,0.0,0.0,0.0,0,0.0,False,phase66g_production_soft_filters,2023-12-09,2023-12-16,0.0,False,195,DOGE,,best_passed
XRP,-8.205550205058557,0.0,-3.787294884901904,14,-10.208325307587836,False,phase66g_production_soft_filters,2023-12-09,2023-12-16,0.0,False,224,DOGE,,best_passed
LINK,-22.845376389246994,4.54831068308971,-9.896342942741523,24,-12.474821851511651,False,phase66g_production_soft_filters,2023-12-09,2023-12-16,0.0,False,237,DOGE,,best_passed
AVAX,-22.933578118978204,0.0,-10.585057787954181,4,-33.800367178467305,False,phase66g_production_soft_filters,2023-12-09,2023-12-16,0.0,False,218,DOGE,,best_passed
ETH,-21.743399541532014,-7.202082489277174,-5.880838607182358,19,-1e+18,False,phase66g_production_soft_filters,2023-12-09,2023-12-16,-6.307536642077764,True,245,DOGE,,best_passed
TRX,-9.943582598824861,-7.970291736460979,-1.2622862199199716,55,-1e+18,False,phase66g_production_soft_filters,2023-12-09,2023-12-16,-6.980329265962524,True,242,DOGE,,best_passed
ADA,-20.966398225902495,-9.148461456114305,-4.306600727449794,16,-1e+18,False,phase66g_production_soft_filters,2023-12-09,2023-12-16,-8.012162584778814,True,244,DOGE,,best_passed
DOT,-24.72122820829039,-13.756759303997782,-8.881784197001252e-14,11,-1e+18,False,phase66g_production_soft_filters,2023-12-09,2023-12-16,-12.048079637438164,True,244,DOGE,,best_passed
DOGE,0.39215417821409915,5.532519132234199,-2.5902645459981883,22,26.018307796257947,False,phase66g_production_soft_filters,2023-12-16,2023-12-23,4.7358045452796205,False,233,,,best_passed
BNB,0.0,0.0,0.0,0,0.0,False,phase66g_production_soft_filters,2023-12-16,2023-12-23,0.0,False,195,,,best_passed
XRP,-7.582446667187632,0.0,-3.787294884901904,14,-9.273670000781449,False,phase66g_production_soft_filters,2023-12-16,2023-12-23,0.0,False,224,,,best_passed
LINK,-21.110570739851763,4.202926350882336,-9.896342942741523,24,-11.254150706248298,False,phase66g_production_soft_filters,2023-12-16,2023-12-23,0.0,False,237,,,best_passed
AVAX,-21.192074709107597,0.0,-10.585057787954181,4,-31.188112063661393,False,phase66g_production_soft_filters,2023-12-16,2023-12-23,0.0,False,218,,,best_passed
ETH,-20.09227452966915,-6.655179116930455,-5.880838607182358,19,-1e+18,False,phase66g_production_soft_filters,2023-12-16,2023-12-23,-5.6967950328409955,True,245,,,best_passed
TRX,-9.188498376365352,-7.365052982843842,-1.2622862199199716,55,-1e+18,False,phase66g_production_soft_filters,2023-12-16,2023-12-23,-6.304442977731249,True,242,,,best_passed
ADA,-19.374276237188546,-8.453756219180143,-4.306600727449794,16,-1e+18,False,phase66g_production_soft_filters,2023-12-16,2023-12-23,-7.236366684070084,True,244,,,best_passed
DOT,-22.843976302915035,-12.712114499231951,-8.881784197001252e-14,11,-1e+18,False,phase66g_production_soft_filters,2023-12-16,2023-12-23,-10.881496870895926,True,244,,,best_passed
DOGE,0.40747888749972816,4.984428034615384,-2.5902645459981883,22,23.848930469711128,False,phase66g_production_soft_filters,2023-12-23,2023-12-30,4.684958367816705,False,233,,,best_passed
BNB,0.0,0.0,0.0,0,0.0,False,phase66g_production_soft_filters,2023-12-23,2023-12-30,0.0,False,195,,,best_passed
XRP,-7.878755612250465,0.0,-3.787294884901904,14,-9.718133418375698,False,phase66g_production_soft_filters,2023-12-23,2023-12-30,0.0,False,224,,,best_passed
LINK,-21.935535453770335,0.0,-9.896342942741523,24,-29.303303180655497,False,phase66g_production_soft_filters,2023-12-23,2023-12-30,0.0,False,237,,,best_passed
AVAX,-22.020224457647373,0.0,-10.585057787954181,4,-32.43033668647106,False,phase66g_production_soft_filters,2023-12-23,2023-12-30,0.0,False,218,,,best_passed
ETH,-20.877445983042087,-5.995869254666175,-5.880838607182358,19,-1e+18,False,phase66g_production_soft_filters,2023-12-23,2023-12-30,-5.635631137996942,True,245,,,best_passed
TRX,-9.5475690536962,-6.635417914820692,-1.2622862199199716,55,-1e+18,False,phase66g_production_soft_filters,2023-12-23,2023-12-30,-6.236755043530049,True,242,,,best_passed
ADA,-20.13138955498335,-7.616266385990713,-4.306600727449794,16,-1e+18,False,phase66g_production_soft_filters,2023-12-23,2023-12-30,-7.158673109285196,True,244,,,best_passed
DOT,-23.736679518177773,-11.452761097569876,-8.881784197001252e-14,11,-1e+18,False,phase66g_production_soft_filters,2023-12-23,2023-12-30,-10.764667192713492,True,244,,,best_passed
DOGE,0.4077787508325983,4.857782744924968,-2.5902645459981883,22,23.34279910594877,False,phase66g_production_soft_filters,2023-12-30,2024-01-06,4.758100401608289,False,233,,,best_passed
BNB,0.0,0.0,0.0,0,0.0,False,phase66g_production_soft_filters,2023-12-30,2024-01-06,0.0,False,195,,,best_passed
XRP,-7.884553581149099,0.0,-3.787294884901904,14,-9.726830371723649,False,phase66g_production_soft_filters,2023-12-30,2024-01-06,0.0,False,224,,,best_passed
LINK,-21.951677793829475,0.0,-9.896342942741523,24,-29.32751669074421,False,phase66g_production_soft_filters,2023-12-30,2024-01-06,0.0,False,237,,,best_passed
AVAX,-22.036429120265403,0.0,-10.585057787954181,4,-32.4546436803981,False,phase66g_production_soft_filters,2023-12-30,2024-01-06,0.0,False,218,,,best_passed
ETH,-20.892809676047676,-5.843525075267948,-5.880838607182358,19,-1e+18,False,phase66g_production_soft_filters,2023-12-30,2024-01-06,-5.7236151691816275,True,245,,,best_passed
TRX,-9.554595100848196,-6.466823962173791,-1.2622862199199716,55,-1e+18,False,phase66g_production_soft_filters,2023-12-30,2024-01-06,-6.334123880631793,True,248,,,best_passed
ADA,-20.14620422576008,-7.422750849982513,-4.306600727449794,16,-1e+18,False,phase66g_production_soft_filters,2023-12-30,2024-01-06,-7.27043502248803,True,244,,,best_passed
DOT,-23.754147318472164,-11.161767178732294,-8.881784197001252e-14,11,-1e+18,False,phase66g_production_soft_filters,2023-12-30,2024-01-06,-10.932726242495995,True,244,,,best_passed
DOGE,0.3933486461879028,4.659140284720806,-2.5902645459981883,22,22.52658410816508,False,phase66g_production_soft_filters,2024-01-06,2024-01-13,4.450563681183862,False,233,,,best_passed
BNB,0.0,0.0,0.0,0,0.0,False,phase66g_production_soft_filters,2024-01-06,2024-01-13,0.0,False,195,,,best_passed
XRP,-7.605542149042407,0.0,-3.787294884901904,14,-9.30831322356361,False,phase66g_production_soft_filters,2024-01-06,2024-01-13,0.0,False,224,,,best_passed
LINK,-21.17487172670551,0.0,-9.896342942741523,24,-28.16230759005827,False,phase66g_production_soft_filters,2024-01-06,2024-01-13,0.0,False,237,,,best_passed
AVAX,-21.25662395005734,0.0,-10.585057787954181,4,-31.284935925086007,False,phase66g_production_soft_filters,2024-01-06,2024-01-13,0.0,False,218,,,best_passed
ETH,-20.15347387365258,-5.604574043868229,-5.880838607182358,19,-1e+18,False,phase66g_production_soft_filters,2024-01-06,2024-01-13,-5.353673030611361,True,245,,,best_passed
TRX,-9.21648575390168,-6.202385248257428,-1.2622862199199716,55,-1e+18,False,phase66g_production_soft_filters,2024-01-06,2024-01-13,-5.924721909131893,True,248,,,best_passed
ADA,-19.433288619988563,-7.119222765721457,-4.306600727449794,16,-1e+18,False,phase66g_production_soft_filters,2024-01-06,2024-01-13,-6.800515190170042,True,244,,,best_passed
DOT,-22.913557094360314,-10.705344771837758,-8.881784197001252e-14,11,-1e+18,False,phase66g_production_soft_filters,2024-01-06,2024-01-13,-10.226096602486546,True,244,,,best_passed
DOGE,0.3812200340239613,4.298919553685355,-2.5902645459981777,22,21.067508265777363,False,phase66g_production_soft_filters,2024-01-13,2024-01-20,0.3167613108947762,False,233,,,best_passed
BNB,0.3283804058810347,0.28678122017342744,0.0,7,2.6896954895152616,False,phase66g_production_soft_filters,2024-01-13,2024-01-20,0.30312430996620066,False,195,,,best_passed
XRP,-7.371030928736481,0.0,-3.7872948849018613,14,-8.956546393104722,False,phase66g_production_soft_filters,2024-01-13,2024-01-20,0.0,False,224,,,best_passed
LINK,-20.521960348247603,0.0,-9.896342942741452,24,-27.182940522371403,False,phase66g_production_soft_filters,2024-01-13,2024-01-20,0.0,False,237,,,best_passed
AVAX,-20.601191802759324,0.0,-10.585057787954145,4,-30.301787704138984,False,phase66g_production_soft_filters,2024-01-13,2024-01-20,0.0,False,218,,,best_passed
ADA,-18.83407765783436,-6.568801127316991,-4.306600727449762,16,-52.12632099601951,False,phase66g_production_soft_filters,2024-01-13,2024-01-20,0.5049202566161526,False,244,,,best_passed
TRX,-8.932302288906762,-5.722848764752488,-1.2622862199199396,55,-1e+18,False,phase66g_production_soft_filters,2024-01-13,2024-01-20,0.0,True,248,,,best_passed
ETH,-22.259804350286096,-7.813358517127281,-5.880838607182305,21,-1e+18,False,phase66g_production_soft_filters,2024-01-13,2024-01-20,-4.133388322190921,True,245,,,best_passed
DOT,-22.20703464922149,-9.877662649377328,-4.618527782440651e-14,11,-1e+18,False,phase66g_production_soft_filters,2024-01-13,2024-01-20,-5.773485107653009,True,250,,,best_passed
DOGE,0.3914982032523753,4.554605868354237,-2.5902645459981883,22,22.10567077829551,False,phase66g_production_soft_filters,2024-01-20,2024-01-27,0.0,False,233,,,best_passed
XRP,-7.569763147695774,0.0,-3.7872948849018613,14,-9.254644721543661,False,phase66g_production_soft_filters,2024-01-20,2024-01-27,0.0,False,224,,,best_passed
LINK,-21.075258083236378,0.0,-9.896342942741345,24,-28.012887124854565,False,phase66g_production_soft_filters,2024-01-20,2024-01-27,0.0,False,237,,,best_passed
AVAX,-21.156625716923003,0.0,-10.585057787954067,4,-31.134938575384503,False,phase66g_production_soft_filters,2024-01-20,2024-01-27,0.0,False,218,,,best_passed
ADA,-19.341867963041402,-6.959492911859996,-4.306600727449652,16,-54.450773592002086,False,phase66g_production_soft_filters,2024-01-20,2024-01-27,0.0,False,244,,,best_passed
TRX,-9.173128337725522,-6.063225943667678,-1.2622862199198401,55,-1e+18,False,phase66g_production_soft_filters,2024-01-20,2024-01-27,0.0,True,248,,,best_passed
BNB,-7.73290901029624,-6.967128148064436,0.0,12,-1e+18,False,phase66g_production_soft_filters,2024-01-20,2024-01-27,-5.438496327210796,True,251,,,best_passed
DOT,-22.805764096298084,-10.46515518763524,2.1316282072803006e-14,11,-1e+18,False,phase66g_production_soft_filters,2024-01-20,2024-01-27,0.0,True,250,,,best_passed
ETH,-42.754973180962594,-24.697483680761874,-5.880838607182195,22,-1e+18,False,phase66g_production_soft_filters,2024-01-20,2024-01-27,-15.643991020581492,True,251,,,best_passed
DOGE,0.37960231629085683,2.3005398487204545,-2.5902645459981883,22,13.071562869318104,False,phase66g_production_soft_filters,2024-01-27,2024-02-03,0.0,False,233,,,best_passed
XRP,-7.339751755608816,0.0,-3.7872948849018613,14,-8.909627633413225,False,phase66g_production_soft_filters,2024-01-27,2024-02-03,0.0,False,224,,,best_passed
LINK,-20.43487484326714,0.0,-9.896342942741441,24,-27.052312264900706,False,phase66g_production_soft_filters,2024-01-27,2024-02-03,0.0,False,237,,,best_passed
AVAX,-20.51377007691562,0.0,-10.585057787954113,4,-30.170655115373428,False,phase66g_production_soft_filters,2024-01-27,2024-02-03,0.0,False,218,,,best_passed
ADA,-18.754154729623053,-4.5918933019788,-4.306600727449762,16,-44.09880530234978,False,phase66g_production_soft_filters,2024-01-27,2024-02-03,0.0,False,244,,,best_passed
TRX,-8.89439781768322,-2.1316282072803006e-14,-1.2622862199198082,55,-1e+18,False,phase66g_production_soft_filters,2024-01-27,2024-02-03,0.0,True,248,,,best_passed
DOT,-22.11279848495036,-6.054734247405548,1.0658141036401503e-14,11,-1e+18,False,phase66g_production_soft_filters,2024-01-27,2024-02-03,0.0,True,250,,,best_passed
BNB,-15.11084745482665,-14.690488969402217,0.0,16,-1e+18,False,phase66g_production_soft_filters,2024-01-27,2024-02-03,-10.467376122071226,True,251,,,best_passed
ETH,-41.43454557430449,-23.321668392410544,-5.8808386071822945,24,-1e+18,False,phase66g_production_soft_filters,2024-01-27,2024-02-03,-14.922692628425793,True,251,,,best_passed
DOGE,0.39311760275953134,0.0,-2.590264545998199,22,3.889676404139297,False,phase66g_production_soft_filters,2024-02-03,2024-02-10,0.0,False,233,,,best_passed
XRP,-7.601074838552677,0.0,-3.787294884901879,14,-9.301612257829015,False,phase66g_production_soft_filters,2024-02-03,2024-02-10,0.0,False,224,,,best_passed
ADA,-19.421873978875535,0.0,-4.306600727449737,16,-26.732810968313302,False,phase66g_production_soft_filters,2024-02-03,2024-02-10,0.0,False,244,,,best_passed
LINK,-21.16243412203138,0.0,-9.896342942741445,24,-28.14365118304707,False,phase66g_production_soft_filters,2024-02-03,2024-02-10,0.0,False,237,,,best_passed
AVAX,-21.2441383261154,0.0,-10.585057787954046,4,-31.266207489173098,False,phase66g_production_soft_filters,2024-02-03,2024-02-10,0.0,False,218,,,best_passed
TRX,-9.211072214316935,0.0,-1.2622862199198615,55,-1e+18,False,phase66g_production_soft_filters,2024-02-03,2024-02-10,0.0,True,248,,,best_passed
DOT,-22.900098228186504,0.0,1.0658141036401503e-14,11,-1e+18,False,phase66g_production_soft_filters,2024-02-03,2024-02-10,0.0,True,250,,,best_passed
BNB,-15.648851105941297,-13.533466982094634,0.0,16,-1e+18,False,phase66g_production_soft_filters,2024-02-03,2024-02-10,-10.535046339702191,True,251,,,best_passed
ETH,-42.909773013923115,-19.293829285919138,-5.880838607182291,24,-1e+18,False,phase66g_production_soft_filters,2024-02-03,2024-02-10,-15.019165884572205,True,251,,,best_passed
DOGE,0.4398590761864227,0.0,-2.5902645459981777,22,3.959788614279634,False,phase66g_production_soft_filters,2024-02-10,2024-02-17,0.0,False,233,,,best_passed
TRX,-10.306263790872755,0.0,-1.2622862199198615,55,-7.209395686309133,False,phase66g_production_soft_filters,2024-02-10,2024-02-17,0.0,False,248,,,best_passed
XRP,-8.504838585298195,0.0,-3.787294884901847,14,-10.657257877947293,False,phase66g_production_soft_filters,2024-02-10,2024-02-17,0.0,False,224,,,best_passed
ADA,-21.73112444263085,0.0,-4.306600727449695,16,-30.196686663946274,False,phase66g_production_soft_filters,2024-02-10,2024-02-17,0.0,False,244,,,best_passed
LINK,-23.678636259046932,0.0,-9.030849040327457,24,-31.9179543885704,False,phase66g_production_soft_filters,2024-02-10,2024-02-17,0.0,False,237,,,best_passed
AVAX,-23.770055049446135,0.0,-10.585057787954096,4,-35.0550825741692,False,phase66g_production_soft_filters,2024-02-10,2024-02-17,0.0,False,218,,,best_passed
DOT,-25.622907701206607,0.0,-2.1316282072803006e-14,11,-1e+18,False,phase66g_production_soft_filters,2024-02-10,2024-02-17,0.0,True,250,,,best_passed
BNB,-17.509491161218,-11.226538137303766,0.0,16,-1e+18,False,phase66g_production_soft_filters,2024-02-10,2024-02-17,-11.125198307125771,True,251,,,best_passed
ETH,-48.01172215332225,-16.00498309705658,-5.880838607182259,24,-1e+18,False,phase66g_production_soft_filters,2024-02-10,2024-02-17,-15.860509150660972,True,251,,,best_passed
DOGE,0.4556709392152811,0.0,-2.5902645459981883,22,3.9835064088229215,False,phase66g_production_soft_filters,2024-02-17,2024-02-24,0.0,False,233,,,best_passed
TRX,-10.676748885354328,0.0,-1.2622862199198828,55,-7.765123328031493,False,phase66g_production_soft_filters,2024-02-17,2024-02-24,0.0,False,248,,,best_passed
XRP,-8.810566828894522,0.0,-3.7872948849018933,14,-11.115850243341784,False,phase66g_production_soft_filters,2024-02-17,2024-02-24,0.0,False,224,,,best_passed
ADA,-22.512305465713354,0.0,-4.306600727449705,16,-31.368458198570032,False,phase66g_production_soft_filters,2024-02-17,2024-02-24,0.0,False,244,,,best_passed
LINK,-24.529825591051882,0.0,-9.030849040327436,24,-33.19473838657782,False,phase66g_production_soft_filters,2024-02-17,2024-02-24,0.0,False,237,,,best_passed
AVAX,-24.624530664423055,0.0,-10.585057787954124,4,-36.336795996634585,False,phase66g_production_soft_filters,2024-02-17,2024-02-24,0.0,False,218,,,best_passed
DOT,-26.54398885856751,0.0,1.0658141036401503e-14,11,-1e+18,False,phase66g_production_soft_filters,2024-02-17,2024-02-24,0.0,True,250,,,best_passed
BNB,-18.138914744663232,-11.565581932122903,0.0,16,-1e+18,False,phase66g_production_soft_filters,2024-02-17,2024-02-24,-12.163756150205819,True,251,,,best_passed
ETH,-49.737626688575006,-16.488336926961754,-5.880838607182223,24,-1e+18,False,phase66g_production_soft_filters,2024-02-17,2024-02-24,-17.341117021094277,True,251,,,best_passed
TRX,0.5242442638539586,0.0,-1.2622862199199254,51,8.436366395780937,False,phase66g_production_soft_filters,2024-02-24,2024-03-02,0.0,False,248,,,best_passed
DOGE,0.49448187044281156,0.0,-2.5902645459981883,22,4.041722805664217,False,phase66g_production_soft_filters,2024-02-24,2024-03-02,0.0,False,233,,,best_passed
LINK,-0.5220504912730064,0.0,-9.030849040327428,20,2.2169242630904904,False,phase66g_production_soft_filters,2024-02-24,2024-03-02,0.0,False,237,,,best_passed
DOT,-8.54674564456434,0.0,2.4868995751603507e-14,10,-11.32011846684654,False,phase66g_production_soft_filters,2024-02-24,2024-03-02,0.0,False,250,,,best_passed
XRP,-9.560990597106922,0.0,-3.787294884901904,14,-12.241485895660384,False,phase66g_production_soft_filters,2024-02-24,2024-03-02,0.0,False,224,,,best_passed
ADA,-20.06155345798932,0.0,-4.306600727449794,13,-28.14233018698398,False,phase66g_production_soft_filters,2024-02-24,2024-03-02,0.0,False,244,,,best_passed
AVAX,-26.721879614896757,0.0,-10.585057787954096,4,-39.48281942234514,False,phase66g_production_soft_filters,2024-02-24,2024-03-02,0.0,False,218,,,best_passed
BNB,-19.683863329507403,-12.439288963667792,0.0,16,-1e+18,False,phase66g_production_soft_filters,2024-02-24,2024-03-02,-16.775035506465976,True,251,,,best_passed
ETH,-53.97393724230472,-17.733927161514227,-5.880838607182238,24,-1e+18,False,phase66g_production_soft_filters,2024-02-24,2024-03-02,-19.27361019227605,True,251,,,best_passed
DOGE,0.5837850327335303,0.0,-2.5902645459981883,22,4.175677549100295,False,phase66g_production_soft_filters,2024-03-02,2024-03-09,0.0,False,233,,,best_passed
TRX,-8.983867589817024,0.0,-1.262286219919904,47,-6.425801384725536,False,phase66g_production_soft_filters,2024-03-02,2024-03-09,0.0,False,248,,,best_passed
LINK,-6.989993381881291,0.0,-9.030849040327425,18,-7.7849900728219374,False,phase66g_production_soft_filters,2024-03-02,2024-03-09,0.0,False,237,,,best_passed
XRP,-11.287700403858025,0.0,-3.7872948849018933,14,-14.831550605787038,False,phase66g_production_soft_filters,2024-03-02,2024-03-09,0.0,False,224,,,best_passed
DOT,-17.320401585231025,0.0,0.0,8,-24.780602377846538,False,phase66g_production_soft_filters,2024-03-02,2024-03-09,0.0,False,250,,,best_passed
ADA,-23.684659321627734,0.0,-4.306600727449705,13,-33.5769889824416,False,phase66g_production_soft_filters,2024-03-02,2024-03-09,0.0,False,244,,,best_passed
AVAX,-31.547836833160986,0.0,-10.585057787954113,4,-46.72175524974148,False,phase66g_production_soft_filters,2024-03-02,2024-03-09,0.0,False,218,,,best_passed
ETH,-63.72160154535945,-20.864881300728435,-5.880838607182259,24,-175.44192752095293,False,phase66g_production_soft_filters,2024-03-02,2024-03-09,0.8116354929947889,False,251,,,best_passed
BNB,-23.23875855721461,-14.63546598159287,0.0,16,-1e+18,False,phase66g_production_soft_filters,2024-03-02,2024-03-09,-5.191798094946435,True,257,,,best_passed
DOGE,0.7060359811080161,0.0,-2.5902645459981883,22,4.359053971662024,False,phase66g_production_soft_filters,2024-03-09,2024-03-16,0.0,False,233,,,best_passed
LINK,-8.453774178153822,0.0,-9.030849040327425,18,-9.980661267230733,False,phase66g_production_soft_filters,2024-03-09,2024-03-16,0.0,False,237,,,best_passed
TRX,-12.961757769505056,0.0,-1.2622862199199503,45,-12.692636654257583,False,phase66g_production_soft_filters,2024-03-09,2024-03-16,0.0,False,248,,,best_passed
XRP,-13.651467890115327,0.0,-3.7872948849018933,14,-18.37720183517299,False,phase66g_production_soft_filters,2024-03-09,2024-03-16,0.0,False,224,,,best_passed
DOT,-20.947482447697524,0.0,0.0,8,-30.221223671546287,False,phase66g_production_soft_filters,2024-03-09,2024-03-16,0.0,False,250,,,best_passed
ADA,-28.64448511647339,0.0,-4.306600727449705,13,-41.01672767471008,False,phase66g_production_soft_filters,2024-03-09,2024-03-16,0.0,False,244,,,best_passed
AVAX,-38.15429769763341,0.0,-10.585057787954113,4,-56.631446546450114,False,phase66g_production_soft_filters,2024-03-09,2024-03-16,0.0,False,218,,,best_passed
ETH,-77.06559939399858,-24.1150511059369,-5.880838607182259,24,-208.45860351474548,False,phase66g_production_soft_filters,2024-03-09,2024-03-16,0.0,False,251,,,best_passed
BNB,-28.10520787223649,-8.175713578210676,0.0,16,-1e+18,False,phase66g_production_soft_filters,2024-03-09,2024-03-16,0.0,True,257,,,best_passed
DOGE,0.5809128617835597,0.0,-2.590264545998167,22,4.171369292675339,False,phase66g_production_soft_filters,2024-03-16,2024-03-23,0.0,False,233,,,best_passed
LINK,-6.955603230015768,0.0,-9.030849040327414,18,-7.733404845023653,False,phase66g_production_soft_filters,2024-03-16,2024-03-23,0.0,False,237,,,best_passed
TRX,-10.664685654986172,0.0,-1.2622862199198828,45,-9.247028482479259,False,phase66g_production_soft_filters,2024-03-16,2024-03-23,0.0,False,248,,,best_passed
XRP,-11.232165911922024,0.0,-3.7872948849018577,14,-14.748248867883037,False,phase66g_production_soft_filters,2024-03-16,2024-03-23,0.0,False,224,,,best_passed
DOT,-17.23518673475182,0.0,0.0,8,-24.652780102127732,False,phase66g_production_soft_filters,2024-03-16,2024-03-23,0.0,False,250,,,best_passed
ADA,-23.56813288355397,0.0,-4.306600727449727,13,-33.402199325330955,False,phase66g_production_soft_filters,2024-03-16,2024-03-23,0.0,False,244,,,best_passed
AVAX,-31.392624254200953,0.0,-10.58505778795411,4,-46.48893638130143,False,phase66g_production_soft_filters,2024-03-16,2024-03-23,0.0,False,218,,,best_passed
ETH,-54.85469201645488,-2.960894936800649,-5.880838607182248,21,-90.97561777188491,False,phase66g_production_soft_filters,2024-03-16,2024-03-23,0.0,False,251,,,best_passed
BNB,-23.124425911633736,-4.342372477363774,0.0,16,-1e+18,False,phase66g_production_soft_filters,2024-03-16,2024-03-23,0.0,True,257,,,best_passed
DOGE,0.558585762011262,0.0,-2.590264545998199,22,4.137878643016893,False,phase66g_production_soft_filters,2024-03-23,2024-03-30,0.0,False,233,,,best_passed
LINK,-6.688268045158367,0.0,-9.030849040327446,18,-7.332402067737551,False,phase66g_production_soft_filters,2024-03-23,2024-03-30,0.0,False,237,,,best_passed
TRX,-10.254793713663048,0.0,-1.2622862199198934,45,-8.632190570494572,False,phase66g_production_soft_filters,2024-03-23,2024-03-30,0.0,False,248,,,best_passed
XRP,-10.800463146379215,0.0,-3.787294884901904,14,-14.100694719568823,False,phase66g_production_soft_filters,2024-03-23,2024-03-30,0.0,False,224,,,best_passed
DOT,-16.57276082007229,0.0,0.0,8,-23.659141230108435,False,phase66g_production_soft_filters,2024-03-23,2024-03-30,0.0,False,250,,,best_passed
ADA,-22.66230330230529,0.0,-4.306600727449695,13,-32.04345495345793,False,phase66g_production_soft_filters,2024-03-23,2024-03-30,0.0,False,244,,,best_passed
AVAX,-30.186064200293387,0.0,-10.585057787954085,4,-44.67909630044008,False,phase66g_production_soft_filters,2024-03-23,2024-03-30,0.0,False,218,,,best_passed
ETH,-52.74637894200422,0.0,-5.880838607182227,21,-75.96956841300633,False,phase66g_production_soft_filters,2024-03-23,2024-03-30,0.0,False,251,,,best_passed
BNB,-22.235649989347124,0.0,0.0,16,-1e+18,False,phase66g_production_soft_filters,2024-03-23,2024-03-30,0.0,True,257,,,best_passed
DOGE,0.5391543395951715,0.0,-2.5902645459981883,22,4.108731509392757,False,phase66g_production_soft_filters,2024-03-30,2024-04-06,0.0,False,233,,,best_passed
LINK,-6.455604467858677,0.0,-9.030849040327436,18,-6.983406701788017,False,phase66g_production_soft_filters,2024-03-30,2024-04-06,0.0,False,237,,,best_passed
TRX,-9.898062049534005,0.0,-1.262286219919872,45,-8.097093074301007,False,phase66g_production_soft_filters,2024-03-30,2024-04-06,0.0,False,248,,,best_passed
XRP,-10.424749377857623,0.0,-3.7872948849018826,14,-13.537124066786435,False,phase66g_production_soft_filters,2024-03-30,2024-04-06,0.0,False,224,,,best_passed
DOT,-15.99624717078484,0.0,0.0,8,-22.794370756177262,False,phase66g_production_soft_filters,2024-03-30,2024-04-06,0.0,False,250,,,best_passed
ADA,-21.873953834167523,0.0,-4.306600727449684,13,-30.860930751251285,False,phase66g_production_soft_filters,2024-03-30,2024-04-06,0.0,False,244,,,best_passed
AVAX,-29.135987015286148,0.0,-10.585057787954074,4,-43.10398052292922,False,phase66g_production_soft_filters,2024-03-30,2024-04-06,0.0,False,218,,,best_passed
ETH,-50.911500146569885,0.0,-5.880838607182216,21,-73.21725021985482,False,phase66g_production_soft_filters,2024-03-30,2024-04-06,0.0,False,251,,,best_passed
BNB,-21.462142433254854,0.0,0.0,16,-1e+18,False,phase66g_production_soft_filters,2024-03-30,2024-04-06,0.0,True,257,,,best_passed
DOGE,0.5490802563650163,0.0,-2.5902645459981777,22,4.123620384547524,False,phase66g_production_soft_filters,2024-04-06,2024-04-13,0.0,False,233,,,best_passed
LINK,-6.574453168393475,0.0,-9.030849040327425,18,-7.161679752590214,False,phase66g_production_soft_filters,2024-04-06,2024-04-13,0.0,False,237,,,best_passed
TRX,-10.080286939280171,0.0,-1.262286219919872,45,-8.370430408920257,False,phase66g_production_soft_filters,2024-04-06,2024-04-13,0.0,False,248,,,best_passed
XRP,-10.616670664722008,0.0,-3.7872948849018684,14,-13.825005997083013,False,phase66g_production_soft_filters,2024-04-06,2024-04-13,0.0,False,224,,,best_passed
DOT,-16.290740614295146,0.0,0.0,8,-23.23611092144272,False,phase66g_production_soft_filters,2024-04-06,2024-04-13,0.0,False,250,,,best_passed
ADA,-22.27665678811904,0.0,-4.306600727449695,13,-31.464985182178562,False,phase66g_production_soft_filters,2024-04-06,2024-04-13,0.0,False,244,,,best_passed
AVAX,-29.6723851500859,0.0,-10.585057787954085,4,-43.90857772512885,False,phase66g_production_soft_filters,2024-04-06,2024-04-13,0.0,False,218,,,best_passed
ETH,-51.84878892639145,0.0,-5.880838607182238,21,-74.62318338958717,False,phase66g_production_soft_filters,2024-04-06,2024-04-13,0.0,False,251,,,best_passed
BNB,-21.857263874102372,0.0,0.0,16,-1e+18,False,phase66g_production_soft_filters,2024-04-06,2024-04-13,0.0,True,257,,,best_passed
DOGE,0.4760352901744227,0.0,-2.5902645459981883,22,4.014052935261634,False,phase66g_production_soft_filters,2024-04-13,2024-04-20,0.0,False,233,,,best_passed
LINK,-5.699843848822155,0.0,-9.030849040327492,18,-5.8497657732332335,False,phase66g_production_soft_filters,2024-04-13,2024-04-20,0.0,False,237,,,best_passed
TRX,-8.73929131953308,0.0,-1.262286219919897,45,-6.358936979299621,False,phase66g_production_soft_filters,2024-04-13,2024-04-20,0.0,False,248,,,best_passed
XRP,-9.204319117246484,0.0,-3.7872948849018933,14,-11.706478675869727,False,phase66g_production_soft_filters,2024-04-13,2024-04-20,0.0,False,224,,,best_passed
DOT,-14.123559070972263,0.0,0.0,8,-19.985338606458395,False,phase66g_production_soft_filters,2024-04-13,2024-04-20,0.0,False,250,,,best_passed
BNB,-18.949559431621573,0.0,0.0,16,-26.02433914743236,False,phase66g_production_soft_filters,2024-04-13,2024-04-20,0.0,False,257,,,best_passed
ADA,-19.31315988020203,0.0,-4.3066007274497835,13,-27.019739820303045,False,phase66g_production_soft_filters,2024-04-13,2024-04-20,0.0,False,244,,,best_passed
AVAX,-25.72502345756721,0.0,-10.58505778795411,4,-37.98753518635082,False,phase66g_production_soft_filters,2024-04-13,2024-04-20,0.0,False,218,,,best_passed
ETH,-44.95126713377863,0.0,-5.880838607182284,21,-64.27690070066794,False,phase66g_production_soft_filters,2024-04-13,2024-04-20,0.0,False,251,,,best_passed
LINK,23.93610230224509,0.0,0.8923830549012344,15,37.03867463474109,False,phase66g_production_soft_filters,2024-04-20,2024-04-27,0.0,False,237,,,best_passed
DOGE,0.550747256816436,0.0,-2.8321803002140022,22,4.126120885224654,False,phase66g_production_soft_filters,2024-04-20,2024-04-27,0.0,False,233,,,best_passed
AVAX,2.7000623958883807e-13,0.0,2.1316282072803006e-14,1,0.15000000000037836,False,phase66g_production_soft_filters,2024-04-20,2024-04-27,0.0,False,218,,,best_passed
TRX,-10.11089055811189,0.0,-3.7251265660746995,45,-8.416335837167836,False,phase66g_production_soft_filters,2024-04-20,2024-04-27,0.0,False,248,,,best_passed
XRP,-10.648902737503178,0.0,-4.141006361953213,14,-13.873354106254768,False,phase66g_production_soft_filters,2024-04-20,2024-04-27,0.0,False,224,,,best_passed
ADA,-10.866489574123747,0.0,1.0658141036401503e-14,10,-14.799734361185635,False,phase66g_production_soft_filters,2024-04-20,2024-04-27,0.0,False,244,,,best_passed
DOT,-16.340199088964155,0.0,0.0,8,-23.310298633446234,False,phase66g_production_soft_filters,2024-04-20,2024-04-27,0.0,False,250,,,best_passed
BNB,-21.92362224032071,0.0,0.0,16,-30.485433360481068,False,phase66g_production_soft_filters,2024-04-20,2024-04-27,0.0,False,257,,,best_passed
ETH,-38.52703709535825,0.0,-5.665579986732936,18,-55.090555643037376,False,phase66g_production_soft_filters,2024-04-20,2024-04-27,0.0,False,251,,,best_passed
LINK,22.839066287188444,0.0,0.8923830549012344,15,35.393120612156125,False,phase66g_production_soft_filters,2024-04-27,2024-05-04,0.0,False,237,,,best_passed
DOGE,0.5255054873630769,0.0,-2.832180300214006,22,4.088258231044615,False,phase66g_production_soft_filters,2024-04-27,2024-05-04,0.0,False,233,,,best_passed
AVAX,0.0,0.0,0.0,0,0.0,False,phase66g_production_soft_filters,2024-04-27,2024-05-04,0.0,False,218,,,best_passed
TRX,-9.647489669091456,0.0,-3.7251265660746427,45,-7.721234503637184,False,phase66g_production_soft_filters,2024-04-27,2024-05-04,0.0,False,248,,,best_passed
XRP,-10.160843751275465,0.0,-4.141006361953217,14,-13.141265626913198,False,phase66g_production_soft_filters,2024-04-27,2024-05-04,0.0,False,224,,,best_passed
ADA,-10.368458179140447,0.0,0.0,9,-14.20268726871067,False,phase66g_production_soft_filters,2024-04-27,2024-05-04,0.0,False,244,,,best_passed
DOT,-15.591297422876877,0.0,0.0,8,-22.186946134315317,False,phase66g_production_soft_filters,2024-04-27,2024-05-04,0.0,False,250,,,best_passed
BNB,-20.918821923442678,0.0,0.0,16,-28.97823288516402,False,phase66g_production_soft_filters,2024-04-27,2024-05-04,0.0,False,257,,,best_passed
ETH,-36.76127144507248,0.0,-5.665579986732951,18,-52.44190716760872,False,phase66g_production_soft_filters,2024-04-27,2024-05-04,0.0,False,251,,,best_passed
LINK,23.477033852843036,0.0,0.926141884429688,15,36.30787342372744,False,phase66g_production_soft_filters,2024-05-04,2024-05-11,0.0,False,237,,,best_passed
DOGE,0.5401845224993167,0.0,-2.9393216129312787,22,4.110276783748975,False,phase66g_production_soft_filters,2024-05-04,2024-05-11,0.0,False,233,,,best_passed
AVAX,0.0,0.0,0.0,0,0.0,False,phase66g_production_soft_filters,2024-05-04,2024-05-11,0.0,False,218,,,best_passed
TRX,-9.91697465685219,0.0,-6.791529646413872,45,-8.125461985278285,False,phase66g_production_soft_filters,2024-05-04,2024-05-11,0.0,False,248,,,best_passed
XRP,-10.444668346882736,0.0,-4.297660533143054,14,-13.567002520324104,False,phase66g_production_soft_filters,2024-05-04,2024-05-11,0.0,False,224,,,best_passed
ADA,-10.658082104259307,0.0,0.0,9,-14.637123156388961,False,phase66g_production_soft_filters,2024-05-04,2024-05-11,0.0,False,244,,,best_passed
DOT,-16.026811814629994,0.0,0.0,8,-22.840217721944992,False,phase66g_production_soft_filters,2024-05-04,2024-05-11,0.0,False,250,,,best_passed
BNB,-21.50315097310937,0.0,-1.179064364795389,16,-29.854726459664057,False,phase66g_production_soft_filters,2024-05-04,2024-05-11,0.0,False,257,,,best_passed
ETH,-37.78813036125119,0.0,-8.73198306707218,18,-53.982195541876784,False,phase66g_production_soft_filters,2024-05-04,2024-05-11,0.0,False,251,,,best_passed
LINK,24.19467834209027,0.0,-1.0113208918298042,15,38.542017513135406,False,phase66g_production_soft_filters,2024-05-11,2024-05-18,0.0,False,237,,,best_passed
DOGE,0.5566968488940063,0.0,-3.023517776464601,22,4.135045273341009,False,phase66g_production_soft_filters,2024-05-11,2024-05-18,0.0,False,233,,,best_passed
AVAX,0.0,0.0,0.0,0,0.0,False,phase66g_production_soft_filters,2024-05-11,2024-05-18,0.0,False,218,,,best_passed
TRX,-10.220116112331198,0.0,-9.201238550136136,45,-8.580174168496796,False,phase66g_production_soft_filters,2024-05-11,2024-05-18,0.0,False,248,,,best_passed
XRP,-10.76394030977734,0.0,-4.420765989676713,14,-14.04591046466601,False,phase66g_production_soft_filters,2024-05-11,2024-05-18,0.0,False,224,,,best_passed
ADA,-10.983877685421689,0.0,0.0,9,-15.125816528132534,False,phase66g_production_soft_filters,2024-05-11,2024-05-18,0.0,False,244,,,best_passed
DOT,-16.51671838677423,0.0,0.0,8,-23.575077580161345,False,phase66g_production_soft_filters,2024-05-11,2024-05-18,0.0,False,250,,,best_passed
BNB,-22.16045793505397,0.0,-3.5887732685176665,16,-30.840686902580956,False,phase66g_production_soft_filters,2024-05-11,2024-05-18,0.0,False,257,,,best_passed
ETH,-38.9432355454352,0.0,-11.141691970794398,18,-55.7148533181528,False,phase66g_production_soft_filters,2024-05-11,2024-05-18,0.0,False,251,,,best_passed
LINK,24.19467834209027,0.0,-1.0113208918298042,15,38.542017513135406,False,phase66g_production_soft_filters,2024-05-18,2024-05-25,0.0,False,237,,,best_passed
DOGE,0.5566968488940063,0.0,-3.023517776464601,22,4.135045273341009,False,phase66g_production_soft_filters,2024-05-18,2024-05-25,0.0,False,233,,,best_passed
AVAX,0.0,0.0,0.0,0,0.0,False,phase66g_production_soft_filters,2024-05-18,2024-05-25,0.0,False,218,,,best_passed
TRX,-10.220116112331198,0.0,-9.201238550136136,45,-8.580174168496796,False,phase66g_production_soft_filters,2024-05-18,2024-05-25,0.0,False,248,,,best_passed
XRP,-10.76394030977734,0.0,-4.420765989676713,14,-14.04591046466601,False,phase66g_production_soft_filters,2024-05-18,2024-05-25,0.0,False,224,,,best_passed
ADA,-10.983877685421689,0.0,0.0,9,-15.125816528132534,False,phase66g_production_soft_filters,2024-05-18,2024-05-25,0.0,False,244,,,best_passed
DOT,-16.51671838677423,0.0,0.0,8,-23.575077580161345,False,phase66g_production_soft_filters,2024-05-18,2024-05-25,0.0,False,250,,,best_passed
BNB,-22.16045793505397,0.0,-3.5887732685176665,16,-30.840686902580956,False,phase66g_production_soft_filters,2024-05-18,2024-05-25,0.0,False,257,,,best_passed
ETH,-38.9432355454352,0.0,-11.141691970794398,18,-55.7148533181528,False,phase66g_production_soft_filters,2024-05-18,2024-05-25,0.0,False,251,,,best_passed
LINK,22.1388372459907,0.0,-2.1316282072803006e-14,15,35.45825586898605,False,phase66g_production_soft_filters,2024-05-25,2024-06-01,0.0,False,237,,,best_passed
DOGE,0.5093938740892128,0.0,0.0,22,4.064090811133819,False,phase66g_production_soft_filters,2024-05-25,2024-06-01,0.0,False,233,,,best_passed
AVAX,0.0,0.0,0.0,0,0.0,False,phase66g_production_soft_filters,2024-05-25,2024-06-01,0.0,False,218,,,best_passed
XRP,-9.849319725369512,0.0,2.1316282072803006e-14,14,-12.673979588054294,False,phase66g_production_soft_filters,2024-05-25,2024-06-01,0.0,False,224,,,best_passed
ADA,-10.050568846967849,0.0,0.0,9,-13.725853270451774,False,phase66g_production_soft_filters,2024-05-25,2024-06-01,0.0,False,244,,,best_passed
TRX,-14.129762384621316,0.0,-3.4060077770824293,40,-15.194643576931973,False,phase66g_production_soft_filters,2024-05-25,2024-06-01,0.0,False,248,,,best_passed
DOT,-15.113279665575647,0.0,1.0658141036401503e-14,8,-21.469919498363485,False,phase66g_production_soft_filters,2024-05-25,2024-06-01,0.0,False,250,,,best_passed
BNB,-20.27746616772741,0.0,3.552713678800501e-14,16,-28.01619925159116,False,phase66g_production_soft_filters,2024-05-25,2024-06-01,0.0,False,257,,,best_passed
ETH,-35.63419779269466,0.0,-5.346461197740691,18,-50.75129668904198,False,phase66g_production_soft_filters,2024-05-25,2024-06-01,0.0,False,251,,,best_passed
LINK,22.778530721550908,0.0,-1.0658141036401503e-14,15,36.41779608232636,False,phase66g_production_soft_filters,2024-06-01,2024-06-08,0.0,False,237,,,best_passed
DOGE,0.5241126207930336,0.0,-1.0658141036401503e-14,22,4.08616893118955,False,phase66g_production_soft_filters,2024-06-01,2024-06-08,0.0,False,233,,,best_passed
AVAX,0.0,0.0,0.0,0,0.0,False,phase66g_production_soft_filters,2024-06-01,2024-06-08,0.0,False,218,,,best_passed
XRP,-9.009575227785263,0.0,-1.0658141036401503e-14,14,-11.414362841677894,False,phase66g_production_soft_filters,2024-06-01,2024-06-08,0.0,False,224,,,best_passed
ADA,-10.340976299068458,0.0,-3.552713678800501e-14,9,-14.161464448602688,False,phase66g_production_soft_filters,2024-06-01,2024-06-08,0.0,False,244,,,best_passed
DOT,-15.549972265506085,0.0,-2.4868995751603507e-14,8,-22.12495839825913,False,phase66g_production_soft_filters,2024-06-01,2024-06-08,0.0,False,250,,,best_passed
BNB,-20.863376017656094,0.0,-1.0658141036401503e-14,16,-28.895064026484143,False,phase66g_production_soft_filters,2024-06-01,2024-06-08,0.0,False,257,,,best_passed
ETH,-31.945706194511303,2.6089153556321474,-3.091929363501702,21,-34.332897869238366,False,phase66g_production_soft_filters,2024-06-01,2024-06-08,2.6089153556321474,False,251,,,best_passed
TRX,-33.93045900956518,0.0,-0.3097759585790065,33,-45.94568851434777,False,phase66g_production_soft_filters,2024-06-01,2024-06-08,0.0,False,248,,,best_passed
DOGE,0.5631778716118419,0.0,1.0658141036401503e-14,22,4.144766807417749,False,phase66g_production_soft_filters,2024-06-08,2024-06-15,0.0,False,233,,,best_passed
AVAX,0.0,0.0,0.0,0,0.0,False,phase66g_production_soft_filters,2024-06-08,2024-06-15,0.0,False,218,,,best_passed
ADA,-11.111751160819637,0.0,-5.684341886080802e-14,9,-15.317626741229455,False,phase66g_production_soft_filters,2024-06-08,2024-06-15,0.0,False,244,,,best_passed
TRX,-13.697890524262249,0.0,0.0,26,-16.646835786393375,False,phase66g_production_soft_filters,2024-06-08,2024-06-15,0.0,False,248,,,best_passed
XRP,-12.956425178425107,0.0,-1.0658141036401503e-14,7,-18.38463776763766,False,phase66g_production_soft_filters,2024-06-08,2024-06-15,0.0,False,224,,,best_passed
DOT,-16.70900477622368,0.0,-4.618527782440651e-14,8,-23.86350716433552,False,phase66g_production_soft_filters,2024-06-08,2024-06-15,0.0,False,250,,,best_passed
BNB,-21.980224043620964,0.21212920454580697,-1.0658141036401503e-14,19,-29.271819247248217,False,phase66g_production_soft_filters,2024-06-08,2024-06-15,0.21212920454580697,False,257,,,best_passed
ETH,-40.03602404848053,-0.33976264280496515,-3.091929363501688,25,-1e+18,False,phase66g_production_soft_filters,2024-06-08,2024-06-15,-0.33976264280496515,True,271,,,best_passed
LINK,5.7256402050505955,-7.285338296365207,-3.5870367624900723,18,-1e+18,False,phase66g_production_soft_filters,2024-06-08,2024-06-15,-7.285338296365207,True,271,,,best_passed
DOGE,0.5425599780021031,0.0,1.0658141036401503e-14,22,4.113839967003141,False,phase66g_production_soft_filters,2024-06-15,2024-06-22,0.0,False,233,,,best_passed
AVAX,0.0,0.0,0.0,0,0.0,False,phase66g_production_soft_filters,2024-06-15,2024-06-22,0.0,False,218,,,best_passed
XRP,0.0,0.0,0.0,0,0.0,False,phase66g_production_soft_filters,2024-06-15,2024-06-22,0.0,False,224,,,best_passed
ADA,-10.70495090321026,0.0,-3.552713678800501e-14,9,-14.707426354815391,False,phase66g_production_soft_filters,2024-06-15,2024-06-22,0.0,False,244,,,best_passed
TRX,-14.946961834676458,0.0,-3.552713678800501e-14,24,-18.820442752014685,False,phase66g_production_soft_filters,2024-06-15,2024-06-22,0.0,False,248,,,best_passed
DOT,-16.09728954349505,0.0,-2.1316282072803006e-14,8,-22.945934315242578,False,phase66g_production_soft_filters,2024-06-15,2024-06-22,0.0,False,250,,,best_passed
BNB,-21.17552992530915,0.20436317254899272,0.1476181967991046,19,-28.28036494376663,False,phase66g_production_soft_filters,2024-06-15,2024-06-22,0.20436317254899272,False,257,,,best_passed
ETH,-38.57030863955356,-0.32732396157292243,-2.9443111667025725,25,-1e+18,False,phase66g_production_soft_filters,2024-06-15,2024-06-22,-0.32732396157292243,True,271,,,best_passed
LINK,5.516025007888331,-7.018622685761665,-6.181384265109269,18,-1e+18,False,phase66g_production_soft_filters,2024-06-15,2024-06-22,-7.018622685761665,True,271,,,best_passed
DOGE,0.5425599780021031,0.0,1.0658141036401503e-14,22,4.113839967003141,False,phase66g_production_soft_filters,2024-06-22,2024-06-29,0.0,False,233,,,best_passed
AVAX,0.0,0.0,0.0,0,0.0,False,phase66g_production_soft_filters,2024-06-22,2024-06-29,0.0,False,218,,,best_passed
XRP,0.0,0.0,0.0,0,0.0,False,phase66g_production_soft_filters,2024-06-22,2024-06-29,0.0,False,224,,,best_passed
ADA,-10.70495090321026,0.0,-3.552713678800501e-14,9,-14.707426354815391,False,phase66g_production_soft_filters,2024-06-22,2024-06-29,0.0,False,244,,,best_passed
TRX,-14.946961834676458,0.0,-3.552713678800501e-14,24,-18.820442752014685,False,phase66g_production_soft_filters,2024-06-22,2024-06-29,0.0,False,248,,,best_passed
DOT,-16.09728954349505,0.0,-2.1316282072803006e-14,8,-22.945934315242578,False,phase66g_production_soft_filters,2024-06-22,2024-06-29,0.0,False,250,,,best_passed
BNB,-21.17552992530915,0.20436317254899272,0.1476181967991046,19,-28.28036494376663,False,phase66g_production_soft_filters,2024-06-22,2024-06-29,0.20436317254899272,False,257,,,best_passed
ETH,-38.57030863955356,-0.32732396157292243,-2.9443111667025725,25,-1e+18,False,phase66g_production_soft_filters,2024-06-22,2024-06-29,-0.32732396157292243,True,271,,,best_passed
LINK,5.516025007888331,-7.018622685761665,-6.181384265109269,18,-1e+18,False,phase66g_production_soft_filters,2024-06-22,2024-06-29,-7.018622685761665,True,271,,,best_passed
DOGE,0.5521790863443528,0.0,1.0658141036401503e-14,22,4.128268629516516,False,phase66g_production_soft_filters,2024-06-29,2024-07-06,0.0,False,233,,,best_passed
AVAX,0.0,0.0,0.0,0,0.0,False,phase66g_production_soft_filters,2024-06-29,2024-07-06,0.0,False,218,,,best_passed
XRP,0.0,0.0,0.0,0,0.0,False,phase66g_production_soft_filters,2024-06-29,2024-07-06,0.0,False,224,,,best_passed
ADA,-10.894740210772724,0.0,-3.552713678800501e-14,9,-14.992110316159087,False,phase66g_production_soft_filters,2024-06-29,2024-07-06,0.0,False,244,,,best_passed
TRX,-15.211958242638971,0.0,-3.552713678800501e-14,24,-19.217937363958455,False,phase66g_production_soft_filters,2024-06-29,2024-07-06,0.0,False,248,,,best_passed
DOT,-16.382680243902314,0.0,-2.1316282072803006e-14,8,-23.37402036585347,False,phase66g_production_soft_filters,2024-06-29,2024-07-06,0.0,False,250,,,best_passed
BNB,-21.550953334358866,0.20436317254899272,0.1476181967991046,19,-28.843500057341206,False,phase66g_production_soft_filters,2024-06-29,2024-07-06,0.20436317254899272,False,257,,,best_passed
ETH,-39.254126083963925,-0.32732396157292243,-2.9443111667025725,25,-1e+18,False,phase66g_production_soft_filters,2024-06-29,2024-07-06,-0.32732396157292243,True,271,,,best_passed
LINK,5.613819250590609,-7.018622685761665,-6.181384265109269,18,-1e+18,False,phase66g_production_soft_filters,2024-06-29,2024-07-06,-7.018622685761665,True,271,,,best_passed
DOGE,0.5576721365596597,0.0,-4.618527782440651e-14,22,4.1365082048394894,False,phase66g_production_soft_filters,2024-07-06,2024-07-13,0.0,False,233,,,best_passed
AVAX,0.0,0.0,0.0,0,0.0,False,phase66g_production_soft_filters,2024-07-06,2024-07-13,0.0,False,218,,,best_passed
XRP,0.0,0.0,0.0,0,0.0,False,phase66g_production_soft_filters,2024-07-06,2024-07-13,0.0,False,224,,,best_passed
TRX,-13.523343887547483,0.8362490192501237,-1.1321319369979186,27,-12.890019754320729,False,phase66g_production_soft_filters,2024-07-06,2024-07-13,0.9089298890790798,False,248,,,best_passed
ADA,-11.00312054704564,0.0,-4.618527782440651e-14,9,-15.15468082056846,False,phase66g_production_soft_filters,2024-07-06,2024-07-13,0.0,False,244,,,best_passed
DOT,-16.545654335944818,0.0,-1.1368683772161603e-13,8,-23.618481503917227,False,phase66g_production_soft_filters,2024-07-06,2024-07-13,0.0,False,250,,,best_passed
BNB,-21.7653411512498,0.20436317254899272,0.14761819679904775,19,-29.16508178267754,False,phase66g_production_soft_filters,2024-07-06,2024-07-13,0.2221249789008395,False,257,,,best_passed
ETH,-39.64462418697266,-0.32732396157292243,-2.944311166702608,25,-1e+18,False,phase66g_production_soft_filters,2024-07-06,2024-07-13,-0.3557726529260674,True,271,,,best_passed
LINK,5.669665246583563,-7.018622685761665,-6.1813842651092585,18,-1e+18,False,phase66g_production_soft_filters,2024-07-06,2024-07-13,-7.628631893616744,True,271,,,best_passed
DOGE,0.5575821048672935,0.0,6.750155989720952e-14,22,4.136373157300856,False,phase66g_production_soft_filters,2024-07-13,2024-07-20,0.0,False,233,,,best_passed
AVAX,0.0,0.0,0.0,0,0.0,False,phase66g_production_soft_filters,2024-07-13,2024-07-20,0.0,False,218,,,best_passed
XRP,0.0,0.0,0.0,0,0.0,False,phase66g_production_soft_filters,2024-07-13,2024-07-20,0.0,False,224,,,best_passed
TRX,-13.52116065217048,0.8362490192501237,-1.1321319369978475,27,-12.886744901255224,False,phase66g_production_soft_filters,2024-07-13,2024-07-20,0.9272525043764523,False,248,,,best_passed
ADA,-11.00134418150823,0.0,5.684341886080802e-14,9,-15.152016272262417,False,phase66g_production_soft_filters,2024-07-13,2024-07-20,0.0,False,244,,,best_passed
DOT,-16.54298317279293,0.0,4.618527782440651e-14,8,-23.614474759189452,False,phase66g_production_soft_filters,2024-07-13,2024-07-20,0.0,False,250,,,best_passed
BNB,-21.761827311537758,0.20436317254899272,0.1476181967991259,19,-29.15981102310957,False,phase66g_production_soft_filters,2024-07-13,2024-07-20,0.2266026735891602,False,257,,,best_passed
ETH,-39.63822388045479,-0.32732396157292243,-2.944311166702551,25,-1e+18,False,phase66g_production_soft_filters,2024-07-13,2024-07-20,-0.5791935659950176,True,271,,,best_passed
LINK,5.668749924615213,-7.018622685761665,-6.181384265109212,18,-1e+18,False,phase66g_production_soft_filters,2024-07-13,2024-07-20,-7.782413267858367,True,271,,,best_passed
DOGE,0.5332753983788905,0.0,4.263256414560601e-14,22,4.099913097568282,False,phase66g_production_soft_filters,2024-07-20,2024-07-27,0.0,False,233,,,best_passed
AVAX,0.0,0.0,0.0,0,0.0,False,phase66g_production_soft_filters,2024-07-20,2024-07-27,0.0,False,218,,,best_passed
XRP,0.0,0.0,0.0,0,0.0,False,phase66g_production_soft_filters,2024-07-20,2024-07-27,0.0,False,224,,,best_passed
TRX,-13.537107913696843,1.3227753638337614,-1.1321319369978156,28,-10.81456041521022,False,phase66g_production_soft_filters,2024-07-20,2024-07-27,1.3555334454617096,False,248,,,best_passed
ADA,-10.52176199681567,0.0,1.0658141036401503e-14,9,-14.43264299522352,False,phase66g_production_soft_filters,2024-07-20,2024-07-27,0.0,False,244,,,best_passed
DOT,-15.821824023470583,0.0,-3.552713678800501e-14,8,-22.532736035205875,False,phase66g_production_soft_filters,2024-07-20,2024-07-27,0.0,False,250,,,best_passed
BNB,-20.81316281083889,0.21145753270702627,0.1476181967991046,19,-1e+18,False,phase66g_production_soft_filters,2024-07-20,2024-07-27,-1.8350088820361492,True,277,,,best_passed
ETH,-37.91027266901372,-0.3386868409156474,-2.944311166702583,25,-1e+18,False,phase66g_production_soft_filters,2024-07-20,2024-07-27,-1.306326779234734,True,277,,,best_passed
LINK,-13.125022952440219,-7.2622704845568435,-6.181384265109237,16,-1e+18,False,phase66g_production_soft_filters,2024-07-20,2024-07-27,-5.347287938688227,True,277,,,best_passed
AVAX,0.0,0.0,0.0,0,0.0,False,phase66g_production_soft_filters,2024-07-27,2024-08-03,0.0,False,218,,,best_passed
TRX,-16.81867355976665,3.2651861530123116,-1.1321319369978262,29,-7.817265727600731,False,phase66g_production_soft_filters,2024-07-27,2024-08-03,3.335259311979155,False,248,,,best_passed
ADA,-11.252176641796297,0.0,4.618527782440651e-14,9,-15.528264962694502,False,phase66g_production_soft_filters,2024-07-27,2024-08-03,0.0,False,244,,,best_passed
DOGE,-16.075316061767296,0.0,4.618527782440651e-14,22,-20.812974092651,False,phase66g_production_soft_filters,2024-07-27,2024-08-03,0.0,False,233,,,best_passed
DOT,-16.9201659153087,0.0,6.750155989720952e-14,8,-24.180248872963137,False,phase66g_production_soft_filters,2024-07-27,2024-08-03,0.0,False,250,,,best_passed
BNB,-22.258000560448366,0.2249324837010791,0.14761819679914012,19,-1e+18,False,phase66g_production_soft_filters,2024-07-27,2024-08-03,0.0,True,277,,,best_passed
XRP,-0.6863649610625373,-0.31131068855581034,-0.24910264323037978,4,-1e+18,False,phase66g_production_soft_filters,2024-07-27,2024-08-03,-0.3179916317991527,True,278,,,best_passed
ETH,-40.54198191705083,-0.36026937110611446,-2.9443111667025157,25,-1e+18,False,phase66g_production_soft_filters,2024-07-27,2024-08-03,0.0,True,277,,,best_passed
LINK,-14.036154470437893,-7.7250524797503495,-6.181384265109212,15,-1e+18,False,phase66g_production_soft_filters,2024-07-27,2024-08-03,0.0,True,277,,,best_passed
DOGE,1.9811914391944612,0.0,4.263256414560601e-14,15,5.2217871587916385,False,phase66g_production_soft_filters,2024-08-03,2024-08-10,0.0,False,233,,,best_passed
AVAX,0.0,0.0,0.0,0,0.0,False,phase66g_production_soft_filters,2024-08-03,2024-08-10,0.0,False,218,,,best_passed
ADA,-11.26908026218993,0.0,-5.684341886080802e-14,9,-15.553620393284897,False,phase66g_production_soft_filters,2024-08-03,2024-08-10,0.0,False,244,,,best_passed
DOT,-16.945584291746556,0.0,-4.618527782440651e-14,8,-24.218376437619835,False,phase66g_production_soft_filters,2024-08-03,2024-08-10,0.0,False,250,,,best_passed
BNB,-22.291437717024067,0.2157527441293272,0.14761819679911525,19,-1e+18,False,phase66g_production_soft_filters,2024-08-03,2024-08-10,0.0,True,277,,,best_passed
ETH,-40.60288624642081,-2.1603216733774087,-2.944311166702562,25,-1e+18,False,phase66g_production_soft_filters,2024-08-03,2024-08-10,0.0,True,277,,,best_passed
TRX,-16.774499347102264,-2.8797494126629584,-2.402342103483889,30,-1e+18,False,phase66g_production_soft_filters,2024-08-03,2024-08-10,-3.0667064617221795,True,279,,,best_passed
XRP,-15.086534473451877,-6.553610635998808,-5.467147485635149,11,-1e+18,False,phase66g_production_soft_filters,2024-08-03,2024-08-10,-6.979079497907959,True,278,,,best_passed
LINK,-14.057240330934917,-7.409784676827492,-6.181384265109237,15,-1e+18,False,phase66g_production_soft_filters,2024-08-03,2024-08-10,0.0,True,277,,,best_passed
DOGE,1.808278817844979,0.0,-3.552713678800501e-14,11,4.362418226767469,False,phase66g_production_soft_filters,2024-08-10,2024-08-17,0.0,False,233,,,best_passed
AVAX,0.0,0.0,0.0,0,0.0,False,phase66g_production_soft_filters,2024-08-10,2024-08-17,0.0,False,218,,,best_passed
ADA,-11.26908026218993,0.0,-5.684341886080802e-14,9,-15.553620393284897,False,phase66g_production_soft_filters,2024-08-10,2024-08-17,0.0,False,244,,,best_passed
DOT,-16.945584291746556,0.0,-4.618527782440651e-14,8,-24.218376437619835,False,phase66g_production_soft_filters,2024-08-10,2024-08-17,0.0,False,250,,,best_passed
LINK,-14.057240330934917,0.0,-6.181384265109237,15,-1e+18,False,phase66g_production_soft_filters,2024-08-10,2024-08-17,0.0,True,277,,,best_passed
BNB,-22.291437717024067,0.0,0.14761819679911525,19,-1e+18,False,phase66g_production_soft_filters,2024-08-10,2024-08-17,0.0,True,277,,,best_passed
ETH,-40.60288624642081,0.0,-2.944311166702562,25,-1e+18,False,phase66g_production_soft_filters,2024-08-10,2024-08-17,0.0,True,277,,,best_passed
TRX,-16.774499347102264,-2.999725349128257,-2.402342103483889,30,-1e+18,False,phase66g_production_soft_filters,2024-08-10,2024-08-17,-3.0667064617221795,True,279,,,best_passed
XRP,-27.025518589133185,-12.229029060410003,-9.793667078583823,12,-1e+18,False,phase66g_production_soft_filters,2024-08-10,2024-08-17,-12.502092050209201,True,278,,,best_passed
DOGE,7.374994089821826,0.0,4.263256414560601e-14,9,12.412491134732685,False,phase66g_production_soft_filters,2024-08-17,2024-08-24,0.0,False,233,,,best_passed
AVAX,0.0,0.0,0.0,0,0.0,False,phase66g_production_soft_filters,2024-08-17,2024-08-24,0.0,False,218,,,best_passed
ADA,-11.26908026218993,0.0,-5.684341886080802e-14,9,-15.553620393284897,False,phase66g_production_soft_filters,2024-08-17,2024-08-24,0.0,False,244,,,best_passed
DOT,-16.945584291746556,0.0,-4.618527782440651e-14,8,-24.218376437619835,False,phase66g_production_soft_filters,2024-08-17,2024-08-24,0.0,False,250,,,best_passed
LINK,-14.057240330934917,0.0,-6.181384265109237,15,-1e+18,False,phase66g_production_soft_filters,2024-08-17,2024-08-24,0.0,True,277,,,best_passed
BNB,-22.291437717024067,0.0,0.14761819679911525,19,-1e+18,False,phase66g_production_soft_filters,2024-08-17,2024-08-24,0.0,True,277,,,best_passed
ETH,-40.60288624642081,0.0,-2.944311166702562,25,-1e+18,False,phase66g_production_soft_filters,2024-08-17,2024-08-24,0.0,True,277,,,best_passed
TRX,-16.774499347102264,-3.0667064617221795,-2.402342103483889,30,-1e+18,False,phase66g_production_soft_filters,2024-08-17,2024-08-24,-1.9236251699972007,True,279,,,best_passed
XRP,-27.025518589133185,-12.502092050209201,-9.793667078583823,12,-1e+18,False,phase66g_production_soft_filters,2024-08-17,2024-08-24,-12.502092050209201,True,278,,,best_passed
DOGE,7.374994089821826,0.0,4.263256414560601e-14,9,12.412491134732685,False,phase66g_production_soft_filters,2024-08-24,2024-08-31,0.0,False,233,,,best_passed
AVAX,0.0,0.0,0.0,0,0.0,False,phase66g_production_soft_filters,2024-08-24,2024-08-31,0.0,False,218,,,best_passed
ADA,-11.26908026218993,0.0,-5.684341886080802e-14,9,-15.553620393284897,False,phase66g_production_soft_filters,2024-08-24,2024-08-31,0.0,False,244,,,best_passed
DOT,-16.945584291746556,0.0,-4.618527782440651e-14,8,-24.218376437619835,False,phase66g_production_soft_filters,2024-08-24,2024-08-31,0.0,False,250,,,best_passed
LINK,-14.057240330934917,0.0,-6.181384265109237,15,-1e+18,False,phase66g_production_soft_filters,2024-08-24,2024-08-31,0.0,True,277,,,best_passed
BNB,-22.291437717024067,0.0,0.14761819679911525,19,-1e+18,False,phase66g_production_soft_filters,2024-08-24,2024-08-31,0.0,True,277,,,best_passed
ETH,-40.60288624642081,0.0,-2.944311166702562,25,-1e+18,False,phase66g_production_soft_filters,2024-08-24,2024-08-31,0.0,True,277,,,best_passed
TRX,-16.774499347102264,-3.0667064617221795,-2.402342103483889,30,-1e+18,False,phase66g_production_soft_filters,2024-08-24,2024-08-31,-3.969556782569794,True,279,,,best_passed
XRP,-27.025518589133185,-12.502092050209201,-9.793667078583823,12,-1e+18,False,phase66g_production_soft_filters,2024-08-24,2024-08-31,-12.502092050209201,True,278,,,best_passed
DOGE,7.374994089821826,0.0,4.263256414560601e-14,9,12.412491134732685,False,phase66g_production_soft_filters,2024-08-31,2024-09-07,0.0,False,233,,,best_passed
AVAX,0.0,0.0,0.0,0,0.0,False,phase66g_production_soft_filters,2024-08-31,2024-09-07,0.0,False,218,,,best_passed
ADA,-11.26908026218993,0.0,-5.684341886080802e-14,9,-15.553620393284897,False,phase66g_production_soft_filters,2024-08-31,2024-09-07,0.0,False,244,,,best_passed
LINK,-14.057240330934917,0.0,-6.181384265109237,15,-18.835860496402375,False,phase66g_production_soft_filters,2024-08-31,2024-09-07,0.0,False,277,,,best_passed
DOT,-16.945584291746556,0.0,-4.618527782440651e-14,8,-24.218376437619835,False,phase66g_production_soft_filters,2024-08-31,2024-09-07,0.0,False,250,,,best_passed
BNB,-22.291437717024067,0.0,0.14761819679911525,19,-30.771679321534997,False,phase66g_production_soft_filters,2024-08-31,2024-09-07,0.0,False,277,,,best_passed
ETH,-40.60288624642081,0.0,-2.944311166702562,25,-57.15432936963121,False,phase66g_production_soft_filters,2024-08-31,2024-09-07,0.0,False,277,,,best_passed
TRX,-15.394179537858406,-2.395676739304886,-2.88021424860505,36,-1e+18,False,phase66g_production_soft_filters,2024-08-31,2024-09-07,-3.6426963367800047,True,279,,,best_passed
XRP,-27.025518589133185,-12.502092050209201,-9.793667078583823,12,-1e+18,False,phase66g_production_soft_filters,2024-08-31,2024-09-07,-12.502092050209201,True,278,,,best_passed
DOGE,7.374994089821826,0.0,4.263256414560601e-14,9,12.412491134732685,False,phase66g_production_soft_filters,2024-09-07,2024-09-14,0.0,False,233,,,best_passed
AVAX,0.0,0.0,0.0,0,0.0,False,phase66g_production_soft_filters,2024-09-07,2024-09-14,0.0,False,218,,,best_passed
ADA,-11.26908026218993,0.0,-5.684341886080802e-14,9,-15.553620393284897,False,phase66g_production_soft_filters,2024-09-07,2024-09-14,0.0,False,244,,,best_passed
LINK,-14.057240330934917,0.0,-6.181384265109237,15,-18.835860496402375,False,phase66g_production_soft_filters,2024-09-07,2024-09-14,0.0,False,277,,,best_passed
DOT,-16.945584291746556,0.0,-4.618527782440651e-14,8,-24.218376437619835,False,phase66g_production_soft_filters,2024-09-07,2024-09-14,0.0,False,250,,,best_passed
BNB,-22.291437717024067,0.0,0.14761819679911525,19,-30.771679321534997,False,phase66g_production_soft_filters,2024-09-07,2024-09-14,0.0,False,277,,,best_passed
ETH,-40.60288624642081,0.0,-2.944311166702562,25,-57.15432936963121,False,phase66g_production_soft_filters,2024-09-07,2024-09-14,0.0,False,277,,,best_passed
TRX,-15.394179537858406,-3.3047771253062463,-2.88021424860505,36,-1e+18,False,phase66g_production_soft_filters,2024-09-07,2024-09-14,-4.431461875616083,True,279,,,best_passed
XRP,-27.025518589133185,-12.502092050209201,-9.793667078583823,12,-1e+18,False,phase66g_production_soft_filters,2024-09-07,2024-09-14,-12.808539026017328,True,284,,,best_passed
DOGE,7.374994089821826,0.0,4.263256414560601e-14,9,12.412491134732685,False,phase66g_production_soft_filters,2024-09-14,2024-09-21,0.0,False,233,,,best_passed
AVAX,0.0,0.0,0.0,0,0.0,False,phase66g_production_soft_filters,2024-09-14,2024-09-21,0.0,False,218,,,best_passed
ADA,-11.26908026218993,0.0,-5.684341886080802e-14,9,-15.553620393284897,False,phase66g_production_soft_filters,2024-09-14,2024-09-21,0.0,False,244,,,best_passed
LINK,-14.057240330934917,0.0,-6.181384265109237,15,-18.835860496402375,False,phase66g_production_soft_filters,2024-09-14,2024-09-21,0.0,False,277,,,best_passed
DOT,-16.945584291746556,0.0,-4.618527782440651e-14,8,-24.218376437619835,False,phase66g_production_soft_filters,2024-09-14,2024-09-21,0.0,False,250,,,best_passed
TRX,-15.394179537858406,-2.9862721240720425,-2.88021424860505,36,-29.636357803075782,False,phase66g_production_soft_filters,2024-09-14,2024-09-21,0.6922592825676643,False,279,,,best_passed
BNB,-22.291437717024067,0.0,0.14761819679911525,19,-30.771679321534997,False,phase66g_production_soft_filters,2024-09-14,2024-09-21,0.0,False,277,,,best_passed
ETH,-40.60288624642081,0.0,-2.944311166702562,25,-57.15432936963121,False,phase66g_production_soft_filters,2024-09-14,2024-09-21,0.0,False,277,,,best_passed
XRP,-27.025518589133185,-12.502092050209201,-9.793667078583823,12,-1e+18,False,phase66g_production_soft_filters,2024-09-14,2024-09-21,-12.340710932260224,True,284,,,best_passed
DOGE,7.374994089821826,0.0,4.263256414560601e-14,9,12.412491134732685,False,phase66g_production_soft_filters,2024-09-21,2024-09-28,0.0,False,233,,,best_passed
AVAX,0.0,0.0,0.0,0,0.0,False,phase66g_production_soft_filters,2024-09-21,2024-09-28,0.0,False,218,,,best_passed
ADA,-11.26908026218993,0.0,-5.684341886080802e-14,9,-15.553620393284897,False,phase66g_production_soft_filters,2024-09-21,2024-09-28,0.0,False,244,,,best_passed
LINK,-14.057240330934917,0.0,-6.181384265109237,15,-18.835860496402375,False,phase66g_production_soft_filters,2024-09-21,2024-09-28,0.0,False,277,,,best_passed
DOT,-16.945584291746556,0.0,-4.618527782440651e-14,8,-24.218376437619835,False,phase66g_production_soft_filters,2024-09-21,2024-09-28,0.0,False,250,,,best_passed
TRX,-13.425338253989779,-3.506375505089687,-2.8802142486050286,34,-29.063509401343417,False,phase66g_production_soft_filters,2024-09-21,2024-09-28,0.6922592825676643,False,279,,,best_passed
BNB,-22.291437717024067,0.0,0.14761819679911525,19,-30.771679321534997,False,phase66g_production_soft_filters,2024-09-21,2024-09-28,0.0,False,277,,,best_passed
ETH,-40.60288624642081,0.0,-2.944311166702562,25,-57.15432936963121,False,phase66g_production_soft_filters,2024-09-21,2024-09-28,0.0,False,277,,,best_passed
XRP,-27.025518589133185,-15.390839941738143,-9.793667078583823,12,-1e+18,False,phase66g_production_soft_filters,2024-09-21,2024-09-28,0.0,True,284,,,best_passed
DOGE,7.52269977481744,0.0,4.263256414560601e-14,9,12.634049662226106,False,phase66g_production_soft_filters,2024-09-28,2024-10-05,0.0,False,233,,,best_passed
TRX,-13.694219660395575,0.7061237860887637,-2.8802142486051068,33,-12.766834346238308,False,phase66g_production_soft_filters,2024-09-28,2024-10-05,0.7061237860887415,False,279,,,best_passed
ADA,-11.49477633721392,0.0,-5.684341886080802e-14,9,-15.892164505820881,False,phase66g_production_soft_filters,2024-09-28,2024-10-05,0.0,False,244,,,best_passed
LINK,-14.33877741244865,0.0,-6.181384265109237,15,-19.258166118672975,False,phase66g_production_soft_filters,2024-09-28,2024-10-05,0.0,False,277,,,best_passed
DOT,-17.28496885327702,0.0,-4.618527782440651e-14,8,-24.727453279915533,False,phase66g_production_soft_filters,2024-09-28,2024-10-05,0.0,False,250,,,best_passed
ETH,-41.41607701685206,0.0,-2.944311166702562,25,-58.374115525278086,False,phase66g_production_soft_filters,2024-09-28,2024-10-05,0.0,False,277,,,best_passed
AVAX,-0.9317484063231518,-0.4310298174323046,0.0,2,-1e+18,False,phase66g_production_soft_filters,2024-09-28,2024-10-05,-0.4310298174323046,True,287,,,best_passed
BNB,-26.348026293961297,-1.8620808439039571,0.14761819679911525,20,-1e+18,False,phase66g_production_soft_filters,2024-09-28,2024-10-05,-1.8620808439039571,True,287,,,best_passed
XRP,-27.566783122630213,-16.40558525444592,-9.793667078583823,12,-1e+18,False,phase66g_production_soft_filters,2024-09-28,2024-10-05,0.0,True,284,,,best_passed
DOGE,7.487417591848057,0.0,4.263256414560601e-14,9,12.581126387772033,False,phase66g_production_soft_filters,2024-10-05,2024-10-12,0.0,False,233,,,best_passed
TRX,-15.125601652478082,0.7028119978523817,-2.8802142486050393,29,-15.527154487307596,False,phase66g_production_soft_filters,2024-10-05,2024-10-12,0.7028119978523817,False,279,,,best_passed
ADA,-11.440864734456653,0.0,-5.684341886080802e-14,9,-15.81129710168498,False,phase66g_production_soft_filters,2024-10-05,2024-10-12,0.0,False,244,,,best_passed
LINK,-15.744194737070757,0.0,-6.181384265109223,11,-21.966292105606136,False,phase66g_production_soft_filters,2024-10-05,2024-10-12,0.0,False,277,,,best_passed
DOT,-17.20390069264886,0.0,-4.618527782440651e-14,8,-24.605851038973288,False,phase66g_production_soft_filters,2024-10-05,2024-10-12,0.0,False,250,,,best_passed
ETH,-41.22183164605099,0.0,-2.944311166702562,25,-58.08274746907648,False,phase66g_production_soft_filters,2024-10-05,2024-10-12,0.0,False,277,,,best_passed
BNB,-36.198638133145195,-6.997955000430589,-4.117652590180967,22,-1e+18,False,phase66g_production_soft_filters,2024-10-05,2024-10-12,-6.997955000430589,True,287,,,best_passed
AVAX,-34.54216886813701,-15.979318708687561,-11.323447425812418,7,-1e+18,False,phase66g_production_soft_filters,2024-10-05,2024-10-12,-15.979318708687561,True,287,,,best_passed
XRP,-58.01166888648102,-16.164629566303468,-19.828463487665182,15,-1e+18,False,phase66g_production_soft_filters,2024-10-05,2024-10-12,-16.164629566303468,True,284,,,best_passed
DOGE,7.487417591848057,0.0,4.263256414560601e-14,9,12.581126387772033,False,phase66g_production_soft_filters,2024-10-12,2024-10-19,0.0,False,233,,,best_passed
TRX,-14.986312214001757,0.7028119978523817,-2.8802142486050073,27,-15.618220329593107,False,phase66g_production_soft_filters,2024-10-12,2024-10-19,0.0634924250717539,False,279,,,best_passed
ADA,-11.440864734456653,0.0,-5.684341886080802e-14,9,-15.81129710168498,False,phase66g_production_soft_filters,2024-10-12,2024-10-19,0.0,False,244,,,best_passed
LINK,-12.078299898720388,0.0,-6.181384265109212,6,-17.217449848080584,False,phase66g_production_soft_filters,2024-10-12,2024-10-19,0.0,False,277,,,best_passed
DOT,-17.20390069264886,0.0,-4.618527782440651e-14,8,-24.605851038973288,False,phase66g_production_soft_filters,2024-10-12,2024-10-19,0.0,False,250,,,best_passed
ETH,-41.22183164605099,0.0,-2.944311166702562,25,-58.08274746907648,False,phase66g_production_soft_filters,2024-10-12,2024-10-19,0.0,False,277,,,best_passed
BNB,-38.47051296492617,-8.169770281703325,-6.277249508233041,25,-1e+18,False,phase66g_production_soft_filters,2024-10-12,2024-10-19,-8.169770281703325,True,287,,,best_passed
AVAX,-34.54216886813701,-15.979318708687561,-11.323447425812418,7,-1e+18,False,phase66g_production_soft_filters,2024-10-12,2024-10-19,-15.979318708687561,True,287,,,best_passed
XRP,-58.01166888648102,-16.164629566303468,-19.828463487665182,15,-1e+18,False,phase66g_production_soft_filters,2024-10-12,2024-10-19,-16.164629566303468,True,284,,,best_passed
DOGE,41.04592847030281,14.946997979249076,4.263256414560601e-14,12,123.15688462245046,True,phase66g_production_soft_filters,2024-10-19,2024-10-26,14.946997979249076,False,233,,DOGE,best_passed
TRX,-15.277632431351492,0.7164740209736564,-2.8802142486050073,27,-16.00055256313261,False,phase66g_production_soft_filters,2024-10-19,2024-10-26,0.0,False,279,,DOGE,best_passed
ADA,-11.663264692065752,0.0,-5.684341886080802e-14,9,-16.144897038098627,False,phase66g_production_soft_filters,2024-10-19,2024-10-26,0.0,False,244,,DOGE,best_passed
LINK,-12.31309101353672,0.0,-6.181384265109212,6,-17.56963652030508,False,phase66g_production_soft_filters,2024-10-19,2024-10-26,0.0,False,277,,DOGE,best_passed
DOT,-17.538328803946513,0.0,-4.618527782440651e-14,8,-25.10749320591977,False,phase66g_production_soft_filters,2024-10-19,2024-10-26,0.0,False,250,,DOGE,best_passed
ETH,-42.02314639134654,0.0,-2.944311166702562,25,-59.284719587019815,False,phase66g_production_soft_filters,2024-10-19,2024-10-26,0.0,False,277,,DOGE,best_passed
BNB,-39.21834458877477,-8.328583151752822,-6.277249508233041,25,-1e+18,False,phase66g_production_soft_filters,2024-10-19,2024-10-26,-8.328583151752822,True,287,,DOGE,best_passed
XRP,-59.13936272786799,-16.478855196424412,-19.828463487665182,15,-1e+18,False,phase66g_production_soft_filters,2024-10-19,2024-10-26,-16.478855196424412,True,290,,DOGE,best_passed
AVAX,-42.42754603684911,-19.62711961540158,-14.435423524093686,13,-1e+18,False,phase66g_production_soft_filters,2024-10-19,2024-10-26,-19.62711961540158,True,287,,DOGE,best_passed
DOGE,46.57692926706936,20.311648901345002,-1.0658141036401503e-14,13,153.06198950598403,True,phase66g_production_soft_filters,2024-10-26,2024-11-02,20.311648901345002,False,233,DOGE,DOGE,min_hold
TRX,-13.46801919955125,1.11646768236362,-2.8802142486050286,27,-11.686158069872395,False,phase66g_production_soft_filters,2024-10-26,2024-11-02,0.0,False,279,DOGE,DOGE,min_hold
ADA,-10.281768036246419,0.0,-2.1316282072803006e-14,9,-14.072652054369629,False,phase66g_production_soft_filters,2024-10-26,2024-11-02,0.0,False,244,DOGE,DOGE,min_hold
DOT,-15.460939391032426,0.0,0.0,8,-21.99140908654864,False,phase66g_production_soft_filters,2024-10-26,2024-11-02,0.0,False,250,DOGE,DOGE,min_hold
LINK,-15.563016269736721,0.0,-6.181384265109237,3,-22.894524404605082,False,phase66g_production_soft_filters,2024-10-26,2024-11-02,0.0,False,277,DOGE,DOGE,min_hold
ETH,-37.045566122063285,0.0,-2.9443111667025725,25,-51.818349183094924,False,phase66g_production_soft_filters,2024-10-26,2024-11-02,0.0,False,277,DOGE,DOGE,min_hold
BNB,-34.572988993525335,-8.36599529790988,-6.277249508233108,25,-1e+18,False,phase66g_production_soft_filters,2024-10-26,2024-11-02,-8.36599529790988,True,287,DOGE,DOGE,min_hold
XRP,-52.134391650480055,-16.552878512020374,-19.82846348766516,15,-1e+18,False,phase66g_production_soft_filters,2024-10-26,2024-11-02,-16.552878512020374,True,290,DOGE,DOGE,min_hold
AVAX,-37.402065220624095,-19.71528499171037,-14.435423524093686,13,-1e+18,False,phase66g_production_soft_filters,2024-10-26,2024-11-02,-19.71528499171037,True,287,DOGE,DOGE,min_hold
DOGE,82.6222325296534,39.820002015791545,-4.263256414560601e-14,18,285.9133568576463,True,phase66g_production_soft_filters,2024-11-02,2024-11-09,39.820002015791545,False,233,DOGE,DOGE,min_hold
ADA,-10.219176257966225,0.0,-4.263256414560601e-14,9,-13.978764386949338,False,phase66g_production_soft_filters,2024-11-02,2024-11-09,0.0,False,244,DOGE,DOGE,min_hold
TRX,-13.386030647714804,0.0,-2.8802142486050712,27,-16.029045971572206,False,phase66g_production_soft_filters,2024-11-02,2024-11-09,0.0,False,279,DOGE,DOGE,min_hold
DOT,-15.366818643807335,0.0,-5.684341886080802e-14,8,-21.850227965711003,False,phase66g_production_soft_filters,2024-11-02,2024-11-09,0.0,False,250,DOGE,DOGE,min_hold
LINK,-15.468274114467903,0.0,-6.181384265109244,3,-22.752411171701855,False,phase66g_production_soft_filters,2024-11-02,2024-11-09,0.0,False,277,DOGE,DOGE,min_hold
ETH,-36.82004577840203,0.0,-2.9443111667026045,25,-51.48006866760305,False,phase66g_production_soft_filters,2024-11-02,2024-11-09,0.0,False,277,DOGE,DOGE,min_hold
BNB,-34.36252082755027,-8.55442705757794,-6.277249508233119,25,-1e+18,False,phase66g_production_soft_filters,2024-11-02,2024-11-09,-8.55442705757794,True,287,DOGE,DOGE,min_hold
XRP,-51.81701585757541,-16.925707794672594,-19.828463487665168,15,-1e+18,False,phase66g_production_soft_filters,2024-11-02,2024-11-09,-16.925707794672594,True,290,DOGE,DOGE,min_hold
AVAX,-37.17437463615832,-20.15934283671935,-14.435423524093707,13,-1e+18,False,phase66g_production_soft_filters,2024-11-02,2024-11-09,-20.15934283671935,True,287,DOGE,DOGE,min_hold
DOGE,77.87402894813202,39.745173106888494,-1.0658141036401503e-14,18,278.491735849752,True,phase66g_production_soft_filters,2024-11-09,2024-11-16,39.29117030226017,False,233,DOGE,DOGE,incumbent_best
ADA,-9.631892087318207,0.0,-2.1316282072803006e-14,9,-13.09783813097731,False,phase66g_production_soft_filters,2024-11-09,2024-11-16,0.0,False,244,DOGE,DOGE,incumbent_best
TRX,-12.616751039577437,0.0,-2.8802142486050286,27,-14.875126559366155,False,phase66g_production_soft_filters,2024-11-09,2024-11-16,0.0,False,279,DOGE,DOGE,incumbent_best
DOT,-14.483705453965356,0.0,-4.618527782440651e-14,8,-20.525558180948035,False,phase66g_production_soft_filters,2024-11-09,2024-11-16,0.0,False,250,DOGE,DOGE,incumbent_best
LINK,-14.579330396759488,0.0,-6.181384265109234,3,-21.418995595139233,False,phase66g_production_soft_filters,2024-11-09,2024-11-16,0.0,False,277,DOGE,DOGE,incumbent_best
ETH,-34.70404058362532,0.0,-2.9443111667025725,25,-48.30606087543798,False,phase66g_production_soft_filters,2024-11-09,2024-11-16,0.0,False,277,DOGE,DOGE,incumbent_best
BNB,-32.38774673263655,-8.538351758466812,-6.2772495082330835,25,-1e+18,False,phase66g_production_soft_filters,2024-11-09,2024-11-16,-8.440819521411969,True,293,DOGE,DOGE,incumbent_best
XRP,-48.83915223968797,-16.89390136115747,-19.828463487665186,15,-1e+18,False,phase66g_production_soft_filters,2024-11-09,2024-11-16,-16.700925007061517,True,290,DOGE,DOGE,incumbent_best
AVAX,-35.03800657414934,-20.12145982435597,-14.435423524093697,13,-1e+18,False,phase66g_production_soft_filters,2024-11-09,2024-11-16,-19.8916155821657,True,293,DOGE,DOGE,incumbent_best
DOGE,93.12104317075888,46.80767047880274,3.197442310920451e-14,18,329.6122466713492,True,phase66g_production_soft_filters,2024-11-16,2024-11-23,46.104853763645025,False,233,DOGE,DOGE,incumbent_best
ADA,-11.517727424590063,0.0,0.0,9,-15.926591136885095,False,phase66g_production_soft_filters,2024-11-16,2024-11-23,0.0,False,244,DOGE,DOGE,incumbent_best
TRX,-15.086994137849572,0.0,-2.8802142486050073,27,-18.580491206774358,False,phase66g_production_soft_filters,2024-11-16,2024-11-23,0.0,False,279,DOGE,DOGE,incumbent_best
DOT,-17.319480949798603,0.0,-2.4868995751603507e-14,8,-24.779221424697905,False,phase66g_production_soft_filters,2024-11-16,2024-11-23,0.0,False,250,DOGE,DOGE,incumbent_best
LINK,-17.43382837148002,0.0,-6.181384265109202,3,-25.70074255722003,False,phase66g_production_soft_filters,2024-11-16,2024-11-23,0.0,False,277,DOGE,DOGE,incumbent_best
ETH,-41.49877057908478,0.0,-2.9443111667025974,25,-58.498155868627165,False,phase66g_production_soft_filters,2024-11-16,2024-11-23,0.0,False,277,DOGE,DOGE,incumbent_best
BNB,-38.72896782703074,-10.055569627727976,-6.277249508233076,25,-1e+18,False,phase66g_production_soft_filters,2024-11-16,2024-11-23,-1.525817954888133,True,293,DOGE,DOGE,incumbent_best
XRP,-58.40140629123478,-19.89585416794679,-19.82846348766516,15,-1e+18,False,phase66g_production_soft_filters,2024-11-16,2024-11-23,0.0,True,290,DOGE,DOGE,incumbent_best
AVAX,-41.89812402003585,-23.696931913668884,-14.435423524093707,13,-1e+18,False,phase66g_production_soft_filters,2024-11-16,2024-11-23,-4.709988904056427,True,293,DOGE,DOGE,incumbent_best
DOGE,100.39271286087055,50.84814848881808,0.0,18,356.6816632465781,True,phase66g_production_soft_filters,2024-11-23,2024-11-30,50.08466403579564,False,233,DOGE,DOGE,incumbent_best
ADA,-12.417127888336879,0.0,-3.197442310920451e-14,9,-17.275691832505316,False,phase66g_production_soft_filters,2024-11-23,2024-11-30,0.0,False,244,DOGE,DOGE,incumbent_best
TRX,-16.26511279128769,0.0,-2.8802142486050393,27,-20.347669186931537,False,phase66g_production_soft_filters,2024-11-23,2024-11-30,0.0,False,279,DOGE,DOGE,incumbent_best
DOT,-18.671930840637685,0.0,-2.1316282072803006e-14,8,-26.80789626095653,False,phase66g_production_soft_filters,2024-11-23,2024-11-30,0.0,False,250,DOGE,DOGE,incumbent_best
LINK,-18.795207465129536,0.0,-6.181384265109234,3,-27.742811197694305,False,phase66g_production_soft_filters,2024-11-23,2024-11-30,0.0,False,277,DOGE,DOGE,incumbent_best
ETH,-44.739341581317504,0.0,-2.944311166702562,25,-63.35901237197626,False,phase66g_production_soft_filters,2024-11-23,2024-11-30,0.0,False,277,DOGE,DOGE,incumbent_best
BNB,-41.75324947044706,-10.923574968378546,-6.277249508233094,25,-1e+18,False,phase66g_production_soft_filters,2024-11-23,2024-11-30,2.2999827992016506,True,293,DOGE,DOGE,incumbent_best
XRP,-62.961876422664986,-21.613281257006168,-19.82846348766517,15,-1e+18,False,phase66g_production_soft_filters,2024-11-23,2024-11-30,0.0,True,290,DOGE,DOGE,incumbent_best
AVAX,-45.16987987816506,-25.742471273406277,-14.435423524093697,13,-1e+18,False,phase66g_production_soft_filters,2024-11-23,2024-11-30,-5.116559160588881,True,293,DOGE,DOGE,incumbent_best
DOGE,83.64608215717834,49.72701391461621,-3.552713678800501e-14,13,326.3271788942323,True,phase66g_production_soft_filters,2024-11-30,2024-12-07,33.257006197813354,False,233,DOGE,DOGE,incumbent_best
TRX,-5.771557505251167,0.0,-2.8802142486050286,24,-5.0573362578767505,False,phase66g_production_soft_filters,2024-11-30,2024-12-07,0.0,False,279,DOGE,DOGE,incumbent_best
ADA,-10.029761566307457,0.0,1.0658141036401503e-14,4,-14.4446423494612,False,phase66g_production_soft_filters,2024-11-30,2024-12-07,0.0,False,244,DOGE,DOGE,incumbent_best
DOT,-11.894229744142763,0.0,-1.4210854715202004e-14,4,-17.241344616214143,False,phase66g_production_soft_filters,2024-11-30,2024-12-07,0.0,False,250,DOGE,DOGE,incumbent_best
LINK,-19.0102535258211,0.0,-6.181384265109216,3,-28.06538028873165,False,phase66g_production_soft_filters,2024-11-30,2024-12-07,0.0,False,277,DOGE,DOGE,incumbent_best
ETH,-47.43066436940403,0.0,-2.944311166702576,20,-68.14599655410603,False,phase66g_production_soft_filters,2024-11-30,2024-12-07,0.0,False,277,DOGE,DOGE,incumbent_best
XRP,-63.68225705818486,-6.394884621840902e-14,-19.828463487665154,15,-93.27338558727755,False,phase66g_production_soft_filters,2024-11-30,2024-12-07,0.0,False,290,DOGE,DOGE,incumbent_best
BNB,-42.2309708170383,-1.6456916025124215,-6.277249508233098,25,-1e+18,False,phase66g_production_soft_filters,2024-11-30,2024-12-07,0.0,True,293,DOGE,DOGE,incumbent_best
AVAX,-45.68669272780987,-8.4570665060921,-14.435423524093686,13,-1e+18,False,phase66g_production_soft_filters,2024-11-30,2024-12-07,1.8221371315872474,True,293,DOGE,DOGE,incumbent_best
DOGE,143.69260445072229,114.90095231936641,0.0,9,676.4927159535491,True,phase66g_production_soft_filters,2024-12-07,2024-12-14,60.154873832138406,False,233,DOGE,DOGE,incumbent_best
ADA,0.0,0.0,0.0,0,0.0,False,phase66g_production_soft_filters,2024-12-07,2024-12-14,0.0,False,244,DOGE,DOGE,incumbent_best
DOT,0.0,0.0,0.0,0,0.0,False,phase66g_production_soft_filters,2024-12-07,2024-12-14,0.0,False,250,DOGE,DOGE,incumbent_best
TRX,-9.18994296685787,0.0,-2.8802142486049966,24,-10.184914450286806,False,phase66g_production_soft_filters,2024-12-07,2024-12-14,0.0,False,279,DOGE,DOGE,incumbent_best
LINK,-30.269670800100158,0.0,-6.181384265109212,3,-44.954506200150234,False,phase66g_production_soft_filters,2024-12-07,2024-12-14,0.0,False,277,DOGE,DOGE,incumbent_best
ETH,-58.71937130372649,0.0,-2.944311166702608,16,-85.67905695558973,False,phase66g_production_soft_filters,2024-12-07,2024-12-14,0.0,False,277,DOGE,DOGE,incumbent_best
XRP,-101.4000657245497,0.0,-19.828463487665147,15,-149.85009858682457,False,phase66g_production_soft_filters,2024-12-07,2024-12-14,0.0,False,290,DOGE,DOGE,incumbent_best
BNB,-67.24358423016713,1.5587050306261006,-6.2772495082330835,25,-1e+18,False,phase66g_production_soft_filters,2024-12-07,2024-12-14,0.0,True,293,DOGE,DOGE,incumbent_best
AVAX,-72.74606553446282,-11.73807454772728,-14.435423524093686,13,-1e+18,False,phase66g_production_soft_filters,2024-12-07,2024-12-14,0.0,True,293,DOGE,DOGE,incumbent_best
DOGE,153.75094559038672,88.70073869119145,0.0,9,586.7793731503459,True,phase66g_production_soft_filters,2024-12-14,2024-12-21,2.842170943040401e-14,False,233,DOGE,DOGE,incumbent_best
ADA,0.0,0.0,0.0,0,0.0,False,phase66g_production_soft_filters,2024-12-14,2024-12-21,0.0,False,244,DOGE,DOGE,incumbent_best
DOT,0.0,0.0,0.0,0,0.0,False,phase66g_production_soft_filters,2024-12-14,2024-12-21,0.0,False,250,DOGE,DOGE,incumbent_best
TRX,-9.83322994580891,0.0,-2.880214248605018,24,-11.149844918713365,False,phase66g_production_soft_filters,2024-12-14,2024-12-21,0.0,False,279,DOGE,DOGE,incumbent_best
LINK,-32.38851801744033,0.0,-6.181384265109223,3,-48.1327770261605,False,phase66g_production_soft_filters,2024-12-14,2024-12-21,0.0,False,277,DOGE,DOGE,incumbent_best
ETH,-62.82966960569712,0.0,-2.944311166702583,16,-91.84450440854567,False,phase66g_production_soft_filters,2024-12-14,2024-12-21,0.0,False,277,DOGE,DOGE,incumbent_best
XRP,-108.49797070400624,0.0,-19.82846348766516,15,-160.49695605600937,False,phase66g_production_soft_filters,2024-12-14,2024-12-21,0.0,False,290,DOGE,DOGE,incumbent_best
BNB,-71.95056906231085,0.0,-6.277249508233073,25,-1e+18,False,phase66g_production_soft_filters,2024-12-14,2024-12-21,0.0,True,293,DOGE,DOGE,incumbent_best
AVAX,-77.83821865195301,-2.703516735937143,-14.435423524093693,13,-1e+18,False,phase66g_production_soft_filters,2024-12-14,2024-12-21,0.0,True,293,DOGE,DOGE,incumbent_best
DOGE,130.92842609623034,51.90999990539402,0.0,9,405.38263876592157,True,phase66g_production_soft_filters,2024-12-21,2024-12-28,0.0,False,233,DOGE,DOGE,incumbent_best
ADA,0.0,0.0,0.0,0,0.0,False,phase66g_production_soft_filters,2024-12-21,2024-12-28,0.0,False,244,DOGE,DOGE,incumbent_best
DOT,0.0,0.0,0.0,0,0.0,False,phase66g_production_soft_filters,2024-12-21,2024-12-28,0.0,False,250,DOGE,DOGE,incumbent_best
TRX,-8.373602616253123,0.0,-2.8802142486050286,24,-8.960403924379685,False,phase66g_production_soft_filters,2024-12-21,2024-12-28,0.0,False,279,DOGE,DOGE,incumbent_best
LINK,-27.58082346309783,0.0,-6.181384265109202,3,-40.92123519464674,False,phase66g_production_soft_filters,2024-12-21,2024-12-28,0.0,False,277,DOGE,DOGE,incumbent_best
ETH,-53.50334413900623,0.0,-2.9443111667025725,16,-77.85501620850934,False,phase66g_production_soft_filters,2024-12-21,2024-12-28,0.0,False,277,DOGE,DOGE,incumbent_best
BNB,-61.27035334893924,0.0,-6.277249508233108,25,-88.15553002340886,False,phase66g_production_soft_filters,2024-12-21,2024-12-28,0.0,False,293,DOGE,DOGE,incumbent_best
AVAX,-66.28405060600556,0.0,-14.435423524093682,13,-97.47607590900834,False,phase66g_production_soft_filters,2024-12-21,2024-12-28,0.0,False,293,DOGE,DOGE,incumbent_best
XRP,-92.39272307798183,0.0,-19.828463487665193,15,-136.33908461697274,False,phase66g_production_soft_filters,2024-12-21,2024-12-28,0.0,False,290,DOGE,DOGE,incumbent_best
DOGE,128.84179563985955,-9.580503473237968,0.0,9,156.29067956683744,False,phase66g_production_soft_filters,2024-12-28,2025-01-04,0.0,False,233,DOGE,,best_passed
ADA,0.0,0.0,0.0,0,0.0,False,phase66g_production_soft_filters,2024-12-28,2025-01-04,0.0,False,244,DOGE,,best_passed
DOT,0.0,0.0,0.0,0,0.0,False,phase66g_production_soft_filters,2024-12-28,2025-01-04,0.0,False,250,DOGE,,best_passed
TRX,-8.240150968130735,0.0,-2.880214248605043,24,-8.760226452196102,False,phase66g_production_soft_filters,2024-12-28,2025-01-04,0.0,False,279,DOGE,,best_passed
LINK,-27.141262796512137,0.0,-6.181384265109237,3,-40.2618941947682,False,phase66g_production_soft_filters,2024-12-28,2025-01-04,0.0,False,277,DOGE,,best_passed
ETH,-52.65065148297333,0.0,-1.9216956687751363,16,-76.57597722445999,False,phase66g_production_soft_filters,2024-12-28,2025-01-04,0.0,False,277,DOGE,,best_passed
BNB,-60.29387643569382,0.0,-6.277249508233108,25,-86.69081465354073,False,phase66g_production_soft_filters,2024-12-28,2025-01-04,0.0,False,293,DOGE,,best_passed
AVAX,-65.22766947556661,0.0,-14.435423524093686,13,-95.89150421334992,False,phase66g_production_soft_filters,2024-12-28,2025-01-04,0.0,False,293,DOGE,,best_passed
XRP,-90.92024322261534,0.0,-19.828463487665196,15,-134.130364833923,False,phase66g_production_soft_filters,2024-12-28,2025-01-04,0.0,False,290,DOGE,,best_passed
DOGE,138.38519424419013,0.0,0.0,9,208.9277913662852,False,phase66g_production_soft_filters,2025-01-04,2025-01-11,0.0,False,233,,,best_passed
ADA,0.0,0.0,0.0,0,0.0,False,phase66g_production_soft_filters,2025-01-04,2025-01-11,0.0,False,244,,,best_passed
DOT,0.0,0.0,0.0,0,0.0,False,phase66g_production_soft_filters,2025-01-04,2025-01-11,0.0,False,250,,,best_passed
TRX,-8.85050450176658,0.0,-2.8802142486050393,24,-9.67575675264987,False,phase66g_production_soft_filters,2025-01-04,2025-01-11,0.0,False,279,,,best_passed
LINK,-29.151634417038622,0.0,-6.181384265109244,3,-43.27745162555793,False,phase66g_production_soft_filters,2025-01-04,2025-01-11,0.0,False,277,,,best_passed
ETH,-56.55052070929389,0.0,-1.9216956687751683,16,-82.42578106394083,False,phase66g_production_soft_filters,2025-01-04,2025-01-11,0.0,False,277,,,best_passed
BNB,-64.75988448353658,0.0,-6.277249508233105,25,-93.38982672530487,False,phase66g_production_soft_filters,2025-01-04,2025-01-11,0.0,False,293,,,best_passed
AVAX,-70.05912689779069,0.0,-14.435423524093707,13,-103.13869034668603,False,phase66g_production_soft_filters,2025-01-04,2025-01-11,0.0,False,293,,,best_passed
XRP,-97.65476689148358,0.0,-19.828463487665168,15,-144.23215033722536,False,phase66g_production_soft_filters,2025-01-04,2025-01-11,0.0,False,290,,,best_passed
DOGE,131.9861359906061,0.0,0.0,9,199.32920398590915,False,phase66g_production_soft_filters,2025-01-11,2025-01-18,0.0,False,233,,,best_passed
ADA,0.0,0.0,0.0,0,0.0,False,phase66g_production_soft_filters,2025-01-11,2025-01-18,0.0,False,244,,,best_passed
DOT,0.0,0.0,0.0,0,0.0,False,phase66g_production_soft_filters,2025-01-11,2025-01-18,0.0,False,250,,,best_passed
TRX,-8.441249059450683,0.0,-2.8802142486050286,24,-9.061873589176026,False,phase66g_production_soft_filters,2025-01-11,2025-01-18,0.0,False,279,,,best_passed
LINK,-27.803636115337326,0.0,-6.181384265109223,3,-41.25545417300599,False,phase66g_production_soft_filters,2025-01-11,2025-01-18,0.0,False,277,,,best_passed
ETH,-47.26464544212561,0.0,-0.2882780961804592,15,-68.64696816318842,False,phase66g_production_soft_filters,2025-01-11,2025-01-18,0.0,False,277,,,best_passed
BNB,-62.42518871321232,0.0,-6.277249508233094,19,-90.78778306981849,False,phase66g_production_soft_filters,2025-01-11,2025-01-18,0.0,False,293,,,best_passed
AVAX,-66.81952863973515,0.0,-14.435423524093679,13,-98.27929295960273,False,phase66g_production_soft_filters,2025-01-11,2025-01-18,0.0,False,293,,,best_passed
XRP,-93.13912094039989,0.0,-19.82846348766516,15,-137.45868141059984,False,phase66g_production_soft_filters,2025-01-11,2025-01-18,0.0,False,290,,,best_passed
DOGE,193.9440216666937,0.0,0.0,9,292.2660325000405,False,phase66g_production_soft_filters,2025-01-18,2025-01-25,0.0,False,233,,,best_passed
ADA,0.0,0.0,0.0,0,0.0,False,phase66g_production_soft_filters,2025-01-18,2025-01-25,0.0,False,244,,,best_passed
DOT,0.0,0.0,0.0,0,0.0,False,phase66g_production_soft_filters,2025-01-18,2025-01-25,0.0,False,250,,,best_passed
ETH,-1.7978864774652834,0.0,-0.288278096180413,10,-1.196829716197925,False,phase66g_production_soft_filters,2025-01-18,2025-01-25,0.0,False,277,,,best_passed
TRX,-12.403801188607133,0.0,-2.8802142486050286,24,-15.0057017829107,False,phase66g_production_soft_filters,2025-01-18,2025-01-25,0.0,False,279,,,best_passed
LINK,-40.85541988705211,0.0,-6.181384265109223,3,-60.83312983057816,False,phase66g_production_soft_filters,2025-01-18,2025-01-25,0.0,False,277,,,best_passed
BNB,-67.2483256769114,0.0,-6.277249508233037,14,-98.77248851536712,False,phase66g_production_soft_filters,2025-01-18,2025-01-25,0.0,False,293,,,best_passed
AVAX,-98.18643460541443,0.0,-14.435423524093679,13,-145.32965190812166,False,phase66g_production_soft_filters,2025-01-18,2025-01-25,0.0,False,293,,,best_passed
XRP,-136.86116010674954,0.0,-19.828463487665147,15,-203.0417401601243,False,phase66g_production_soft_filters,2025-01-18,2025-01-25,0.0,False,290,,,best_passed
DOGE,200.46177959093683,0.0,0.0,9,302.04266938640524,False,phase66g_production_soft_filters,2025-01-25,2025-02-01,0.0,False,233,,,best_passed
ADA,0.0,0.0,0.0,0,0.0,False,phase66g_production_soft_filters,2025-01-25,2025-02-01,0.0,False,244,,,best_passed
DOT,0.0,0.0,0.0,0,0.0,False,phase66g_production_soft_filters,2025-01-25,2025-02-01,0.0,False,250,,,best_passed
ETH,-1.9693856346740404,0.0,-0.28827809618043787,7,-1.9040784520110605,False,phase66g_production_soft_filters,2025-01-25,2025-02-01,0.0,False,277,,,best_passed
TRX,-12.820648136468492,0.0,-2.880214248605018,24,-15.630972204702738,False,phase66g_production_soft_filters,2025-01-25,2025-02-01,0.0,False,279,,,best_passed
BNB,-41.934049315332004,0.0,-6.277249508233073,9,-61.551073972998005,False,phase66g_production_soft_filters,2025-01-25,2025-02-01,0.0,False,293,,,best_passed
LINK,-42.228422954786026,0.0,-6.181384265109202,3,-62.89263443217904,False,phase66g_production_soft_filters,2025-01-25,2025-02-01,0.0,False,277,,,best_passed
AVAX,-101.48612596327678,0.0,-14.435423524093661,13,-150.27918894491518,False,phase66g_production_soft_filters,2025-01-25,2025-02-01,0.0,False,293,,,best_passed
XRP,-141.46056927203932,0.0,-19.82846348766517,15,-209.94085390805898,False,phase66g_production_soft_filters,2025-01-25,2025-02-01,0.0,False,290,,,best_passed
DOGE,171.32871909258716,0.0,0.0,9,258.3430786388808,False,phase66g_production_soft_filters,2025-02-01,2025-02-08,0.0,False,233,,,best_passed
ADA,0.0,0.0,0.0,0,0.0,False,phase66g_production_soft_filters,2025-02-01,2025-02-08,0.0,False,244,,,best_passed
DOT,0.0,0.0,0.0,0,0.0,False,phase66g_production_soft_filters,2025-02-01,2025-02-08,0.0,False,250,,,best_passed
ETH,-1.6831753109077,0.0,-0.28827809618046274,7,-1.4747629663615498,False,phase66g_production_soft_filters,2025-02-01,2025-02-08,0.0,False,277,,,best_passed
TRX,-10.957426536071864,0.0,-2.8802142486050286,24,-12.836139804107797,False,phase66g_production_soft_filters,2025-02-01,2025-02-08,0.0,False,279,,,best_passed
BNB,-35.83978437297037,0.0,-6.277249508233098,9,-52.409676559455555,False,phase66g_production_soft_filters,2025-02-01,2025-02-08,0.0,False,293,,,best_passed
LINK,-36.091376764723805,0.0,-6.181384265109237,3,-53.687065147085704,False,phase66g_production_soft_filters,2025-02-01,2025-02-08,0.0,False,277,,,best_passed
AVAX,-86.73717255447889,0.0,-14.435423524093707,13,-128.15575883171834,False,phase66g_production_soft_filters,2025-02-01,2025-02-08,0.0,False,293,,,best_passed
XRP,-120.90213997373021,0.0,-19.828463487665182,15,-179.10320996059534,False,phase66g_production_soft_filters,2025-02-01,2025-02-08,0.0,False,290,,,best_passed
DOGE,162.23217011972207,0.0,0.0,9,244.6982551795831,False,phase66g_production_soft_filters,2025-02-08,2025-02-15,0.0,False,233,,,best_passed
ADA,0.0,0.0,0.0,0,0.0,False,phase66g_production_soft_filters,2025-02-08,2025-02-15,0.0,False,244,,,best_passed
DOT,0.0,0.0,0.0,0,0.0,False,phase66g_production_soft_filters,2025-02-08,2025-02-15,0.0,False,250,,,best_passed
ETH,-1.593808585196598,0.0,-0.28827809618044853,7,-1.340712877794897,False,phase66g_production_soft_filters,2025-02-08,2025-02-15,0.0,False,277,,,best_passed
TRX,-10.375651527013758,0.0,-2.880214248605018,24,-11.963477290520638,False,phase66g_production_soft_filters,2025-02-08,2025-02-15,0.0,False,279,,,best_passed
BNB,-33.936902267434846,0.0,-6.277249508233108,9,-49.55535340115227,False,phase66g_production_soft_filters,2025-02-08,2025-02-15,0.0,False,293,,,best_passed
LINK,-34.17513658049069,0.0,-6.181384265109202,3,-50.81270487073603,False,phase66g_production_soft_filters,2025-02-08,2025-02-15,0.0,False,277,,,best_passed
AVAX,-82.13193799667465,0.0,-14.435423524093704,13,-121.24790699501197,False,phase66g_production_soft_filters,2025-02-08,2025-02-15,0.0,False,293,,,best_passed
XRP,-114.48294625641319,0.0,-19.82846348766517,15,-169.47441938461978,False,phase66g_production_soft_filters,2025-02-08,2025-02-15,0.0,False,290,,,best_passed
DOGE,153.91032076221825,0.0,0.0,9,232.21548114332737,False,phase66g_production_soft_filters,2025-02-15,2025-02-22,0.0,False,233,,,best_passed
ADA,0.0,0.0,0.0,0,0.0,False,phase66g_production_soft_filters,2025-02-15,2025-02-22,0.0,False,244,,,best_passed
DOT,0.0,0.0,0.0,0,0.0,False,phase66g_production_soft_filters,2025-02-15,2025-02-22,0.0,False,250,,,best_passed
ETH,-1.5120526983038758,0.0,-0.28827809618043787,7,-1.2180790474558136,False,phase66g_production_soft_filters,2025-02-15,2025-02-22,0.0,False,277,,,best_passed
TRX,-9.843422876370767,0.0,-2.8802142486050286,24,-11.16513431455615,False,phase66g_production_soft_filters,2025-02-15,2025-02-22,0.0,False,279,,,best_passed
BNB,-32.19607744753944,0.0,-6.277249508233094,9,-46.944116171309155,False,phase66g_production_soft_filters,2025-02-15,2025-02-22,0.0,False,293,,,best_passed
LINK,-32.42209131095444,0.0,-6.181384265109212,3,-48.18313696643166,False,phase66g_production_soft_filters,2025-02-15,2025-02-22,0.0,False,277,,,best_passed
AVAX,-77.91890420107285,0.0,-14.435423524093672,13,-114.92835630160927,False,phase66g_production_soft_filters,2025-02-15,2025-02-22,0.0,False,293,,,best_passed
XRP,-108.61043754222922,0.0,-19.82846348766514,15,-160.66565631334385,False,phase66g_production_soft_filters,2025-02-15,2025-02-22,0.0,False,290,,,best_passed
DOGE,141.23479028371787,0.0,0.0,9,213.2021854255768,False,phase66g_production_soft_filters,2025-02-22,2025-03-01,0.0,False,233,,,best_passed
ADA,0.0,0.0,0.0,0,0.0,False,phase66g_production_soft_filters,2025-02-22,2025-03-01,0.0,False,244,,,best_passed
DOT,0.0,0.0,0.0,0,0.0,False,phase66g_production_soft_filters,2025-02-22,2025-03-01,0.0,False,250,,,best_passed
ETH,-1.3875251814515082,0.0,-0.28827809618043787,7,-1.0312877721772622,False,phase66g_production_soft_filters,2025-02-22,2025-03-01,0.0,False,277,,,best_passed
TRX,-9.03275205154074,0.0,-2.88021424860505,24,-9.94912807731111,False,phase66g_production_soft_filters,2025-02-22,2025-03-01,0.0,False,279,,,best_passed
BNB,-29.544518026745834,0.0,-6.277249508233108,9,-42.96677704011875,False,phase66g_production_soft_filters,2025-02-22,2025-03-01,0.0,False,293,,,best_passed
LINK,-29.75191815717602,0.0,-6.181384265109237,3,-44.17787723576403,False,phase66g_production_soft_filters,2025-02-22,2025-03-01,0.0,False,277,,,best_passed
AVAX,-71.50176829906965,0.0,-14.435423524093686,13,-105.30265244860448,False,phase66g_production_soft_filters,2025-02-22,2025-03-01,0.0,False,293,,,best_passed
XRP,-99.665651354195,0.0,-19.828463487665182,15,-147.2484770312925,False,phase66g_production_soft_filters,2025-02-22,2025-03-01,0.0,False,290,,,best_passed
DOGE,119.69996807947564,0.0,0.0,9,180.89995211921345,False,phase66g_production_soft_filters,2025-03-01,2025-03-08,0.0,False,233,,,best_passed
ADA,0.0,0.0,0.0,0,0.0,False,phase66g_production_soft_filters,2025-03-01,2025-03-08,0.0,False,244,,,best_passed
DOT,0.0,0.0,0.0,0,0.0,False,phase66g_production_soft_filters,2025-03-01,2025-03-08,0.0,False,250,,,best_passed
ETH,-1.1759618122108293,0.0,-0.2882780961804272,7,-0.7139427183162439,False,phase66g_production_soft_filters,2025-03-01,2025-03-08,0.0,False,277,,,best_passed
TRX,-7.655480141028079,0.0,-2.880214248605018,24,-7.883220211542119,False,phase66g_production_soft_filters,2025-03-01,2025-03-08,0.0,False,279,,,best_passed
BNB,-25.039707692564633,0.0,-6.277249508233062,9,-36.20956153884695,False,phase66g_production_soft_filters,2025-03-01,2025-03-08,0.0,False,293,,,best_passed
LINK,-25.215484418273462,0.0,-6.181384265109216,3,-37.37322662741019,False,phase66g_production_soft_filters,2025-03-01,2025-03-08,0.0,False,277,,,best_passed
AVAX,-60.5995121020226,0.0,-14.435423524093693,13,-88.9492681530339,False,phase66g_production_soft_filters,2025-03-01,2025-03-08,0.0,False,293,,,best_passed
XRP,-84.46909760514362,0.0,-19.828463487665154,15,-124.45364640771542,False,phase66g_production_soft_filters,2025-03-01,2025-03-08,0.0,False,290,,,best_passed
DOGE,98.97377988273479,0.0,0.0,9,149.81066982410218,False,phase66g_production_soft_filters,2025-03-08,2025-03-15,0.0,False,233,,,best_passed
ADA,0.0,0.0,0.0,0,0.0,False,phase66g_production_soft_filters,2025-03-08,2025-03-15,0.0,False,244,,,best_passed
DOT,0.0,0.0,0.0,0,0.0,False,phase66g_production_soft_filters,2025-03-08,2025-03-15,0.0,False,250,,,best_passed
ETH,-0.972342661569769,0.0,-0.2882780961804272,7,-0.40851399235465347,False,phase66g_production_soft_filters,2025-03-08,2025-03-15,0.0,False,277,,,best_passed
TRX,-6.329924882450086,0.0,-2.88021424860505,24,-5.89488732367513,False,phase66g_production_soft_filters,2025-03-08,2025-03-15,0.0,False,279,,,best_passed
BNB,-20.704053286350103,0.0,-6.277249508233073,9,-29.706079929525153,False,phase66g_production_soft_filters,2025-03-08,2025-03-15,0.0,False,293,,,best_passed
LINK,-20.849394068289513,0.0,-6.181384265109212,3,-30.82409110243427,False,phase66g_production_soft_filters,2025-03-08,2025-03-15,0.0,False,277,,,best_passed
AVAX,-50.106636351017116,0.0,-14.435423524093672,13,-73.20995452652566,False,phase66g_production_soft_filters,2025-03-08,2025-03-15,0.0,False,293,,,best_passed
XRP,-69.84317546111473,0.0,-19.828463487665175,15,-102.51476319167209,False,phase66g_production_soft_filters,2025-03-08,2025-03-15,0.0,False,290,,,best_passed
DOGE,110.29077240617403,0.0,-4.618527782440651e-14,9,166.78615860926104,False,phase66g_production_soft_filters,2025-03-15,2025-03-22,0.0,False,233,,,best_passed
ADA,0.0,0.0,0.0,0,0.0,False,phase66g_production_soft_filters,2025-03-15,2025-03-22,0.0,False,244,,,best_passed
DOT,0.0,0.0,0.0,0,0.0,False,phase66g_production_soft_filters,2025-03-15,2025-03-22,0.0,False,250,,,best_passed
ETH,-1.0835235687174816,0.0,-4.618527782440651e-14,7,-0.5752853530762223,False,phase66g_production_soft_filters,2025-03-15,2025-03-22,0.0,False,277,,,best_passed
TRX,-7.0537096328502,0.0,-3.552713678800501e-14,24,-6.980564449275301,False,phase66g_production_soft_filters,2025-03-15,2025-03-22,0.0,False,279,,,best_passed
BNB,-23.07142388211915,0.0,-0.2184734522056928,9,-33.25713582317872,False,phase66g_production_soft_filters,2025-03-15,2025-03-22,0.0,False,293,,,best_passed
LINK,-23.233383414443637,0.0,-0.1116466570326402,3,-34.40007512166545,False,phase66g_production_soft_filters,2025-03-15,2025-03-22,0.0,False,277,,,best_passed
AVAX,-55.83599648691339,0.0,-9.309480329979817,13,-81.80399473037008,False,phase66g_production_soft_filters,2025-03-15,2025-03-22,0.0,False,293,,,best_passed
XRP,-77.82927739076912,0.0,-15.319178493517608,15,-114.49391608615369,False,phase66g_production_soft_filters,2025-03-15,2025-03-22,0.0,False,290,,,best_passed
DOGE,112.37929677039253,0.0,-4.618527782440651e-14,9,169.91894515558877,False,phase66g_production_soft_filters,2025-03-22,2025-03-29,0.0,False,233,,,best_passed
ADA,0.0,0.0,0.0,0,0.0,False,phase66g_production_soft_filters,2025-03-22,2025-03-29,0.0,False,244,,,best_passed
DOT,0.0,0.0,0.0,0,0.0,False,phase66g_production_soft_filters,2025-03-22,2025-03-29,0.0,False,250,,,best_passed
ETH,-1.1040417437478425,0.0,-1.0658141036401503e-14,7,-0.6060626156217637,False,phase66g_production_soft_filters,2025-03-22,2025-03-29,0.0,False,277,,,best_passed
TRX,-7.187282406936021,0.0,-2.4868995751603507e-14,24,-7.180923610404031,False,phase66g_production_soft_filters,2025-03-22,2025-03-29,0.0,False,279,,,best_passed
BNB,-23.50831655993659,0.0,-4.618527782440651e-14,9,-33.91247483990488,False,phase66g_production_soft_filters,2025-03-22,2025-03-29,0.0,False,293,,,best_passed
LINK,-23.673343043574192,0.0,-1.0658141036401503e-14,3,-35.060014565361286,False,phase66g_production_soft_filters,2025-03-22,2025-03-29,0.0,False,277,,,best_passed
AVAX,-56.89333643040348,0.0,-7.9610587283657885,13,-83.39000464560522,False,phase66g_production_soft_filters,2025-03-22,2025-03-29,0.0,False,293,,,best_passed
XRP,-79.30309372675023,0.0,-14.084559712958477,15,-116.70464059012535,False,phase66g_production_soft_filters,2025-03-22,2025-03-29,0.0,False,290,,,best_passed
DOGE,112.37929677039253,0.0,-4.618527782440651e-14,9,169.91894515558877,False,phase66g_production_soft_filters,2025-03-29,2025-04-05,0.0,False,233,,,best_passed
ADA,0.0,0.0,0.0,0,0.0,False,phase66g_production_soft_filters,2025-03-29,2025-04-05,0.0,False,244,,,best_passed
DOT,0.0,0.0,0.0,0,0.0,False,phase66g_production_soft_filters,2025-03-29,2025-04-05,0.0,False,250,,,best_passed
ETH,-1.1040417437478425,0.0,-1.0658141036401503e-14,7,-0.6060626156217637,False,phase66g_production_soft_filters,2025-03-29,2025-04-05,0.0,False,277,,,best_passed
TRX,-7.187282406936021,0.0,-2.4868995751603507e-14,24,-7.180923610404031,False,phase66g_production_soft_filters,2025-03-29,2025-04-05,0.0,False,279,,,best_passed
BNB,-23.50831655993659,0.0,-4.618527782440651e-14,9,-33.91247483990488,False,phase66g_production_soft_filters,2025-03-29,2025-04-05,0.0,False,293,,,best_passed
LINK,-23.673343043574192,0.0,-1.0658141036401503e-14,3,-35.060014565361286,False,phase66g_production_soft_filters,2025-03-29,2025-04-05,0.0,False,277,,,best_passed
AVAX,-56.89333643040348,0.0,-7.9610587283657885,13,-83.39000464560522,False,phase66g_production_soft_filters,2025-03-29,2025-04-05,0.0,False,293,,,best_passed
XRP,-79.30309372675023,0.0,-14.084559712958477,15,-116.70464059012535,False,phase66g_production_soft_filters,2025-03-29,2025-04-05,0.0,False,290,,,best_passed
DOGE,112.37929677039253,0.0,-4.618527782440651e-14,9,169.91894515558877,False,phase66g_production_soft_filters,2025-04-05,2025-04-12,0.0,False,233,,,best_passed
ADA,0.0,0.0,0.0,0,0.0,False,phase66g_production_soft_filters,2025-04-05,2025-04-12,0.0,False,244,,,best_passed
DOT,0.0,0.0,0.0,0,0.0,False,phase66g_production_soft_filters,2025-04-05,2025-04-12,0.0,False,250,,,best_passed
ETH,-1.1040417437478425,0.0,-1.0658141036401503e-14,7,-0.6060626156217637,False,phase66g_production_soft_filters,2025-04-05,2025-04-12,0.0,False,277,,,best_passed
TRX,-7.187282406936021,0.0,-2.4868995751603507e-14,24,-7.180923610404031,False,phase66g_production_soft_filters,2025-04-05,2025-04-12,0.0,False,279,,,best_passed
BNB,-23.50831655993659,0.0,-4.618527782440651e-14,9,-33.91247483990488,False,phase66g_production_soft_filters,2025-04-05,2025-04-12,0.0,False,293,,,best_passed
LINK,-23.673343043574192,0.0,-1.0658141036401503e-14,3,-35.060014565361286,False,phase66g_production_soft_filters,2025-04-05,2025-04-12,0.0,False,277,,,best_passed
AVAX,-56.89333643040348,0.0,-7.9610587283657885,13,-83.39000464560522,False,phase66g_production_soft_filters,2025-04-05,2025-04-12,0.0,False,293,,,best_passed
XRP,-79.30309372675023,0.0,-14.084559712958477,15,-116.70464059012535,False,phase66g_production_soft_filters,2025-04-05,2025-04-12,0.0,False,290,,,best_passed
DOGE,112.37929677039253,0.0,-4.618527782440651e-14,9,169.91894515558877,False,phase66g_production_soft_filters,2025-04-12,2025-04-19,0.0,False,233,,,best_passed
ADA,0.0,0.0,0.0,0,0.0,False,phase66g_production_soft_filters,2025-04-12,2025-04-19,0.0,False,244,,,best_passed
DOT,0.0,0.0,0.0,0,0.0,False,phase66g_production_soft_filters,2025-04-12,2025-04-19,0.0,False,250,,,best_passed
ETH,-1.1040417437478425,0.0,-1.0658141036401503e-14,7,-0.6060626156217637,False,phase66g_production_soft_filters,2025-04-12,2025-04-19,0.0,False,277,,,best_passed
TRX,-7.187282406936021,0.0,-2.4868995751603507e-14,24,-7.180923610404031,False,phase66g_production_soft_filters,2025-04-12,2025-04-19,0.0,False,279,,,best_passed
BNB,-23.50831655993659,0.0,-4.618527782440651e-14,9,-33.91247483990488,False,phase66g_production_soft_filters,2025-04-12,2025-04-19,0.0,False,293,,,best_passed
LINK,-23.673343043574192,0.0,-1.0658141036401503e-14,3,-35.060014565361286,False,phase66g_production_soft_filters,2025-04-12,2025-04-19,0.0,False,277,,,best_passed
AVAX,-56.89333643040348,0.0,-7.9610587283657885,13,-83.39000464560522,False,phase66g_production_soft_filters,2025-04-12,2025-04-19,0.0,False,293,,,best_passed
XRP,-79.30309372675023,0.0,-14.084559712958477,15,-116.70464059012535,False,phase66g_production_soft_filters,2025-04-12,2025-04-19,0.0,False,290,,,best_passed
DOGE,112.37929677039253,0.0,-4.618527782440651e-14,9,169.91894515558877,False,phase66g_production_soft_filters,2025-04-19,2025-04-26,0.0,False,233,,,best_passed
ADA,0.0,0.0,0.0,0,0.0,False,phase66g_production_soft_filters,2025-04-19,2025-04-26,0.0,False,244,,,best_passed
DOT,0.0,0.0,0.0,0,0.0,False,phase66g_production_soft_filters,2025-04-19,2025-04-26,0.0,False,250,,,best_passed
ETH,-1.1040417437478425,0.0,-1.0658141036401503e-14,7,-0.6060626156217637,False,phase66g_production_soft_filters,2025-04-19,2025-04-26,0.0,False,277,,,best_passed
TRX,-7.187282406936021,0.0,-2.4868995751603507e-14,24,-7.180923610404031,False,phase66g_production_soft_filters,2025-04-19,2025-04-26,0.0,False,279,,,best_passed
BNB,-23.50831655993659,0.0,-4.618527782440651e-14,9,-33.91247483990488,False,phase66g_production_soft_filters,2025-04-19,2025-04-26,0.0,False,293,,,best_passed
LINK,-23.673343043574192,0.0,-1.0658141036401503e-14,3,-35.060014565361286,False,phase66g_production_soft_filters,2025-04-19,2025-04-26,0.0,False,277,,,best_passed
AVAX,-56.89333643040348,0.0,-7.9610587283657885,13,-83.39000464560522,False,phase66g_production_soft_filters,2025-04-19,2025-04-26,0.0,False,293,,,best_passed
XRP,-79.30309372675023,0.0,-14.084559712958477,15,-116.70464059012535,False,phase66g_production_soft_filters,2025-04-19,2025-04-26,0.0,False,290,,,best_passed
DOGE,112.37929677039253,0.0,-4.618527782440651e-14,9,169.91894515558877,False,phase66g_production_soft_filters,2025-04-26,2025-05-03,0.0,False,233,,,best_passed
ADA,0.0,0.0,0.0,0,0.0,False,phase66g_production_soft_filters,2025-04-26,2025-05-03,0.0,False,244,,,best_passed
DOT,0.0,0.0,0.0,0,0.0,False,phase66g_production_soft_filters,2025-04-26,2025-05-03,0.0,False,250,,,best_passed
ETH,-1.1040417437478425,0.0,-1.0658141036401503e-14,7,-0.6060626156217637,False,phase66g_production_soft_filters,2025-04-26,2025-05-03,0.0,False,277,,,best_passed
TRX,-7.187282406936021,0.0,-2.4868995751603507e-14,24,-7.180923610404031,False,phase66g_production_soft_filters,2025-04-26,2025-05-03,0.0,False,279,,,best_passed
BNB,-23.50831655993659,0.0,-4.618527782440651e-14,9,-33.91247483990488,False,phase66g_production_soft_filters,2025-04-26,2025-05-03,0.0,False,293,,,best_passed
LINK,-23.673343043574192,0.0,-1.0658141036401503e-14,3,-35.060014565361286,False,phase66g_production_soft_filters,2025-04-26,2025-05-03,0.0,False,277,,,best_passed
AVAX,-56.89333643040348,0.0,-7.9610587283657885,13,-83.39000464560522,False,phase66g_production_soft_filters,2025-04-26,2025-05-03,0.0,False,293,,,best_passed
XRP,-79.30309372675023,0.0,-14.084559712958477,15,-116.70464059012535,False,phase66g_production_soft_filters,2025-04-26,2025-05-03,0.0,False,290,,,best_passed
DOGE,112.37929677039253,0.0,-4.618527782440651e-14,9,169.91894515558877,False,phase66g_production_soft_filters,2025-05-03,2025-05-10,0.0,False,233,,,best_passed
ADA,0.0,0.0,0.0,0,0.0,False,phase66g_production_soft_filters,2025-05-03,2025-05-10,0.0,False,244,,,best_passed
DOT,0.0,0.0,0.0,0,0.0,False,phase66g_production_soft_filters,2025-05-03,2025-05-10,0.0,False,250,,,best_passed
ETH,-1.1040417437478425,0.0,-1.0658141036401503e-14,7,-0.6060626156217637,False,phase66g_production_soft_filters,2025-05-03,2025-05-10,0.0,False,277,,,best_passed
TRX,-7.187282406936021,0.0,-2.4868995751603507e-14,24,-7.180923610404031,False,phase66g_production_soft_filters,2025-05-03,2025-05-10,0.0,False,279,,,best_passed
BNB,-23.50831655993659,0.0,-4.618527782440651e-14,9,-33.91247483990488,False,phase66g_production_soft_filters,2025-05-03,2025-05-10,0.0,False,293,,,best_passed
LINK,-23.673343043574192,0.0,-1.0658141036401503e-14,3,-35.060014565361286,False,phase66g_production_soft_filters,2025-05-03,2025-05-10,0.0,False,277,,,best_passed
AVAX,-56.89333643040348,0.0,-7.9610587283657885,13,-83.39000464560522,False,phase66g_production_soft_filters,2025-05-03,2025-05-10,0.0,False,293,,,best_passed
XRP,-79.30309372675023,0.0,-14.084559712958477,15,-116.70464059012535,False,phase66g_production_soft_filters,2025-05-03,2025-05-10,0.0,False,290,,,best_passed
DOGE,122.87566420940158,0.0,-5.684341886080802e-14,9,185.66349631410236,False,phase66g_production_soft_filters,2025-05-10,2025-05-17,0.0,False,233,,,best_passed
ADA,0.0,0.0,0.0,0,0.0,False,phase66g_production_soft_filters,2025-05-10,2025-05-17,0.0,False,244,,,best_passed
DOT,0.0,0.0,0.0,0,0.0,False,phase66g_production_soft_filters,2025-05-10,2025-05-17,0.0,False,250,,,best_passed
ETH,-1.20716062901775,0.0,-2.1316282072803006e-14,7,-0.7607409435266248,False,phase66g_production_soft_filters,2025-05-10,2025-05-17,0.0,False,277,,,best_passed
TRX,-7.858583609196359,0.0,-4.618527782440651e-14,24,-8.187875413794538,False,phase66g_production_soft_filters,2025-05-10,2025-05-17,0.0,False,279,,,best_passed
BNB,-25.704022847276974,0.0,-5.684341886080802e-14,9,-37.20603427091546,False,phase66g_production_soft_filters,2025-05-10,2025-05-17,0.0,False,293,,,best_passed
LINK,-25.88446301171882,0.0,-2.1316282072803006e-14,3,-38.37669451757823,False,phase66g_production_soft_filters,2025-05-10,2025-05-17,0.0,False,277,,,best_passed
AVAX,-62.20724549698883,0.0,-6.63490755663798,13,-91.36086824548325,False,phase66g_production_soft_filters,2025-05-10,2025-05-17,0.0,False,293,,,best_passed
XRP,-86.71010226593734,0.0,-12.758408541230668,15,-127.815153398906,False,phase66g_production_soft_filters,2025-05-10,2025-05-17,0.0,False,290,,,best_passed
DOGE,120.9027043288954,0.0,-5.684341886080802e-14,9,182.70405649334307,False,phase66g_production_soft_filters,2025-05-17,2025-05-24,0.0,False,233,,,best_passed
ADA,0.0,0.0,0.0,0,0.0,False,phase66g_production_soft_filters,2025-05-17,2025-05-24,0.0,False,244,,,best_passed
DOT,0.0,0.0,0.0,0,0.0,False,phase66g_production_soft_filters,2025-05-17,2025-05-24,0.0,False,250,,,best_passed
ETH,-1.1877777877880078,0.0,-2.1316282072803006e-14,7,-0.7316666816820117,False,phase66g_production_soft_filters,2025-05-17,2025-05-24,0.0,False,277,,,best_passed
TRX,-7.732401827976275,0.0,-4.618527782440651e-14,24,-7.9986027419644135,False,phase66g_production_soft_filters,2025-05-17,2025-05-24,0.0,False,279,,,best_passed
BNB,-25.291304786531697,0.0,-5.684341886080802e-14,9,-36.586957179797544,False,phase66g_production_soft_filters,2025-05-17,2025-05-24,0.0,False,293,,,best_passed
LINK,-25.468847703519657,0.0,-2.1316282072803006e-14,3,-37.75327155527948,False,phase66g_production_soft_filters,2025-05-17,2025-05-24,0.0,False,277,,,best_passed
AVAX,-61.20841142815971,0.0,-6.63490755663798,13,-89.86261714223956,False,phase66g_production_soft_filters,2025-05-17,2025-05-24,0.0,False,293,,,best_passed
XRP,-85.3178367257589,0.0,-12.758408541230668,15,-125.72675508863834,False,phase66g_production_soft_filters,2025-05-17,2025-05-24,0.0,False,290,,,best_passed
DOGE,137.81110729341583,0.0,0.0,9,208.06666094012374,False,phase66g_production_soft_filters,2025-05-24,2025-05-31,0.0,False,233,,,best_passed
ADA,0.0,0.0,0.0,0,0.0,False,phase66g_production_soft_filters,2025-05-24,2025-05-31,0.0,False,244,,,best_passed
DOT,0.0,0.0,0.0,0,0.0,False,phase66g_production_soft_filters,2025-05-24,2025-05-31,0.0,False,250,,,best_passed
ETH,-1.3538900809724623,0.0,-3.552713678800501e-14,7,-0.9808351214586934,False,phase66g_production_soft_filters,2025-05-24,2025-05-31,0.0,False,277,,,best_passed
TRX,-8.813788441425004,0.0,-1.0658141036401503e-14,24,-9.620682662137506,False,phase66g_production_soft_filters,2025-05-24,2025-05-31,0.0,False,279,,,best_passed
BNB,-28.8283271815464,0.0,0.0,9,-41.8924907723196,False,phase66g_production_soft_filters,2025-05-24,2025-05-31,0.0,False,293,,,best_passed
LINK,-29.03069971008574,0.0,-1.0658141036401503e-14,3,-43.09604956512861,False,phase66g_production_soft_filters,2025-05-24,2025-05-31,0.0,False,277,,,best_passed
AVAX,-69.76848864884863,0.0,-2.5912234818770266,13,-102.70273297327294,False,phase66g_production_soft_filters,2025-05-24,2025-05-31,0.0,False,293,,,best_passed
XRP,-97.24964893316795,0.0,-9.055999520660329,15,-143.62447339975193,False,phase66g_production_soft_filters,2025-05-24,2025-05-31,0.0,False,290,,,best_passed
DOGE,137.13884132732983,0.0,5.684341886080802e-14,9,207.05826199099468,False,phase66g_production_soft_filters,2025-05-31,2025-06-07,0.0,False,233,,,best_passed
ADA,0.0,0.0,0.0,0,0.0,False,phase66g_production_soft_filters,2025-05-31,2025-06-07,0.0,False,244,,,best_passed
DOT,0.0,0.0,0.0,0,0.0,False,phase66g_production_soft_filters,2025-05-31,2025-06-07,0.0,False,250,,,best_passed
TRX,-8.770793285824482,0.0,7.815970093361102e-14,24,-9.55618992873682,False,phase66g_production_soft_filters,2025-05-31,2025-06-07,0.0,False,279,,,best_passed
ETH,-11.688614378286758,0.0,1.0658141036401503e-14,5,-16.78292156743015,False,phase66g_production_soft_filters,2025-05-31,2025-06-07,0.0,False,277,,,best_passed
BNB,-28.68769770977184,0.0,4.618527782440651e-14,9,-41.681546564657815,False,phase66g_production_soft_filters,2025-05-31,2025-06-07,0.0,False,293,,,best_passed
LINK,-28.889083030776618,0.0,0.0,3,-42.883624546164924,False,phase66g_production_soft_filters,2025-05-31,2025-06-07,0.0,False,277,,,best_passed
AVAX,-69.42814612243637,0.0,-2.5912234818769697,13,-102.19221918365456,False,phase66g_production_soft_filters,2025-05-31,2025-06-07,0.0,False,293,,,best_passed
XRP,-96.77524864370173,0.0,-9.055999520660318,15,-142.9128729655526,False,phase66g_production_soft_filters,2025-05-31,2025-06-07,0.0,False,290,,,best_passed
DOGE,132.81173462289357,0.0,-1.0658141036401503e-14,9,200.56760193434033,False,phase66g_production_soft_filters,2025-06-07,2025-06-14,0.0,False,233,,,best_passed
TRX,-2.4808920928384737,1.8959362745842867,-1.0658141036401503e-14,26,7.762406959079437,False,phase66g_production_soft_filters,2025-06-07,2025-06-14,1.8959362745842867,False,279,,,best_passed
LINK,8.526512829121202e-14,0.0,-1.0658141036401503e-14,1,0.1500000000001279,False,phase66g_production_soft_filters,2025-06-07,2025-06-14,0.0,False,277,,,best_passed
ETH,-4.831690603168681e-13,0.0,-1.0658141036401503e-14,1,0.14999999999927524,False,phase66g_production_soft_filters,2025-06-07,2025-06-14,0.0,False,277,,,best_passed
ADA,0.0,0.0,0.0,0,0.0,False,phase66g_production_soft_filters,2025-06-07,2025-06-14,0.0,False,244,,,best_passed
DOT,0.0,0.0,0.0,0,0.0,False,phase66g_production_soft_filters,2025-06-07,2025-06-14,0.0,False,250,,,best_passed
BNB,-28.531598159422202,0.0,-3.552713678800501e-14,7,-41.747397239133306,False,phase66g_production_soft_filters,2025-06-07,2025-06-14,0.0,False,293,,,best_passed
AVAX,-67.23749762595514,0.0,-1.9156217089236343,13,-98.90624643893271,False,phase66g_production_soft_filters,2025-06-07,2025-06-14,0.0,False,293,,,best_passed
XRP,-93.72172403188111,0.0,-8.096160955282308,15,-138.33258604782168,False,phase66g_production_soft_filters,2025-06-07,2025-06-14,0.0,False,290,,,best_passed
DOGE,137.85873094699053,0.0,-4.618527782440651e-14,9,208.1380964204858,False,phase66g_production_soft_filters,2025-06-14,2025-06-21,0.0,False,233,,,best_passed
ADA,0.0,0.0,0.0,0,0.0,False,phase66g_production_soft_filters,2025-06-14,2025-06-21,0.0,False,244,,,best_passed
DOT,0.0,0.0,0.0,0,0.0,False,phase66g_production_soft_filters,2025-06-14,2025-06-21,0.0,False,250,,,best_passed
LINK,0.0,0.0,0.0,0,0.0,False,phase66g_production_soft_filters,2025-06-14,2025-06-21,0.0,False,277,,,best_passed
BNB,-29.61583120132974,0.0,-1.0658141036401503e-14,6,-43.52374680199461,False,phase66g_production_soft_filters,2025-06-14,2025-06-21,0.0,False,293,,,best_passed
AVAX,-69.79259868177053,0.0,-1.915621708923645,13,-102.73889802265579,False,phase66g_production_soft_filters,2025-06-14,2025-06-21,0.0,False,293,,,best_passed
XRP,-97.28325568433672,0.0,-8.096160955282329,15,-143.67488352650508,False,phase66g_production_soft_filters,2025-06-14,2025-06-21,0.0,False,290,,,best_passed
TRX,-9.198977021406506,-0.11607773109698627,-6.750155989720952e-14,27,-1e+18,False,phase66g_production_soft_filters,2025-06-14,2025-06-21,-0.11607773109698627,True,324,,,best_passed
ETH,-30.9972465504911,-9.189998110320865,0.0,3,-1e+18,False,phase66g_production_soft_filters,2025-06-14,2025-06-21,-9.189998110320865,True,324,,,best_passed
DOGE,137.85873094699053,0.0,-4.618527782440651e-14,9,208.1380964204858,False,phase66g_production_soft_filters,2025-06-21,2025-06-28,0.0,False,233,,,best_passed
ADA,0.0,0.0,0.0,0,0.0,False,phase66g_production_soft_filters,2025-06-21,2025-06-28,0.0,False,244,,,best_passed
DOT,0.0,0.0,0.0,0,0.0,False,phase66g_production_soft_filters,2025-06-21,2025-06-28,0.0,False,250,,,best_passed
LINK,0.0,0.0,0.0,0,0.0,False,phase66g_production_soft_filters,2025-06-21,2025-06-28,0.0,False,277,,,best_passed
BNB,-29.61583120132974,0.0,-1.0658141036401503e-14,6,-43.52374680199461,False,phase66g_production_soft_filters,2025-06-21,2025-06-28,0.0,False,293,,,best_passed
AVAX,-69.79259868177053,0.0,-1.915621708923645,13,-102.73889802265579,False,phase66g_production_soft_filters,2025-06-21,2025-06-28,0.0,False,293,,,best_passed
XRP,-97.28325568433672,0.0,-8.096160955282329,15,-143.67488352650508,False,phase66g_production_soft_filters,2025-06-21,2025-06-28,0.0,False,290,,,best_passed
TRX,-9.198977021406506,-0.11607773109698627,-6.750155989720952e-14,27,-1e+18,False,phase66g_production_soft_filters,2025-06-21,2025-06-28,-0.10775347026077409,True,324,,,best_passed
ETH,-30.9972465504911,-9.189998110320865,0.0,3,-1e+18,False,phase66g_production_soft_filters,2025-06-21,2025-06-28,-8.530957477533974,True,324,,,best_passed
DOGE,137.85873094699053,0.0,-4.618527782440651e-14,9,208.1380964204858,False,phase66g_production_soft_filters,2025-06-28,2025-07-05,0.0,False,233,,,best_passed
ADA,0.0,0.0,0.0,0,0.0,False,phase66g_production_soft_filters,2025-06-28,2025-07-05,0.0,False,244,,,best_passed
DOT,0.0,0.0,0.0,0,0.0,False,phase66g_production_soft_filters,2025-06-28,2025-07-05,0.0,False,250,,,best_passed
LINK,0.0,0.0,0.0,0,0.0,False,phase66g_production_soft_filters,2025-06-28,2025-07-05,0.0,False,277,,,best_passed
BNB,-29.61583120132974,0.0,-1.0658141036401503e-14,6,-43.52374680199461,False,phase66g_production_soft_filters,2025-06-28,2025-07-05,0.0,False,293,,,best_passed
AVAX,-69.79259868177053,0.0,-1.915621708923645,13,-102.73889802265579,False,phase66g_production_soft_filters,2025-06-28,2025-07-05,0.0,False,293,,,best_passed
XRP,-97.28325568433672,0.0,-8.096160955282329,15,-143.67488352650508,False,phase66g_production_soft_filters,2025-06-28,2025-07-05,0.0,False,290,,,best_passed
TRX,-9.198977021406506,-0.11607773109698627,-6.750155989720952e-14,27,-1e+18,False,phase66g_production_soft_filters,2025-06-28,2025-07-05,-0.10723205391056645,True,324,,,best_passed
ETH,-30.9972465504911,-9.189998110320865,0.0,3,-1e+18,False,phase66g_production_soft_filters,2025-06-28,2025-07-05,-8.48967638745879,True,324,,,best_passed
DOGE,137.85873094699053,0.0,-4.618527782440651e-14,9,208.1380964204858,False,phase66g_production_soft_filters,2025-07-05,2025-07-12,0.0,False,233,,,best_passed
ADA,0.0,0.0,0.0,0,0.0,False,phase66g_production_soft_filters,2025-07-05,2025-07-12,0.0,False,244,,,best_passed
DOT,0.0,0.0,0.0,0,0.0,False,phase66g_production_soft_filters,2025-07-05,2025-07-12,0.0,False,250,,,best_passed
LINK,0.0,0.0,0.0,0,0.0,False,phase66g_production_soft_filters,2025-07-05,2025-07-12,0.0,False,277,,,best_passed
BNB,-29.61583120132974,0.0,-1.0658141036401503e-14,6,-43.52374680199461,False,phase66g_production_soft_filters,2025-07-05,2025-07-12,0.0,False,293,,,best_passed
AVAX,-69.79259868177053,0.0,-1.915621708923645,13,-102.73889802265579,False,phase66g_production_soft_filters,2025-07-05,2025-07-12,0.0,False,293,,,best_passed
XRP,-97.28325568433672,0.0,-8.096160955282329,15,-143.67488352650508,False,phase66g_production_soft_filters,2025-07-05,2025-07-12,0.0,False,290,,,best_passed
TRX,-12.541189378860139,-0.11467317745119665,-1.0658141036401503e-14,25,-1e+18,False,phase66g_production_soft_filters,2025-07-05,2025-07-12,-0.09961659168812265,True,324,,,best_passed
ETH,-30.9972465504911,-9.078798096084428,0.0,3,-1e+18,False,phase66g_production_soft_filters,2025-07-05,2025-07-12,-7.8867520989487785,True,324,,,best_passed
DOGE,147.37870301843174,0.0,-4.618527782440651e-14,9,222.4180545276476,False,phase66g_production_soft_filters,2025-07-12,2025-07-19,0.0,False,233,,,best_passed
ADA,0.0,0.0,0.0,0,0.0,False,phase66g_production_soft_filters,2025-07-12,2025-07-19,0.0,False,244,,,best_passed
DOT,0.0,0.0,0.0,0,0.0,False,phase66g_production_soft_filters,2025-07-12,2025-07-19,0.0,False,250,,,best_passed
LINK,0.0,0.0,0.0,0,0.0,False,phase66g_production_soft_filters,2025-07-12,2025-07-19,0.0,False,277,,,best_passed
BNB,-31.660981943487627,0.0,-1.0658141036401503e-14,6,-46.59147291523144,False,phase66g_production_soft_filters,2025-07-12,2025-07-19,0.0,False,293,,,best_passed
AVAX,-74.61219614708628,0.0,-1.915621708923645,13,-109.96829422062942,False,phase66g_production_soft_filters,2025-07-12,2025-07-19,0.0,False,293,,,best_passed
XRP,-104.00124786932119,0.0,-8.096160955282329,15,-153.75187180398177,False,phase66g_production_soft_filters,2025-07-12,2025-07-19,0.0,False,290,,,best_passed
TRX,-13.407233711412005,-0.1149204737871603,-3.552713678800501e-14,24,-1e+18,False,phase66g_production_soft_filters,2025-07-12,2025-07-19,-0.11265456841289545,True,324,,,best_passed
ETH,-33.13779230646304,-9.098376811472141,0.0,3,-1e+18,False,phase66g_production_soft_filters,2025-07-12,2025-07-19,-8.918982659718688,True,324,,,best_passed
DOGE,185.73771261793365,0.0,-4.618527782440651e-14,9,279.9565689269005,False,phase66g_production_soft_filters,2025-07-19,2025-07-26,0.0,False,233,,,best_passed
ADA,0.0,0.0,0.0,0,0.0,False,phase66g_production_soft_filters,2025-07-19,2025-07-26,0.0,False,244,,,best_passed
DOT,0.0,0.0,0.0,0,0.0,False,phase66g_production_soft_filters,2025-07-19,2025-07-26,0.0,False,250,,,best_passed
LINK,0.0,0.0,0.0,0,0.0,False,phase66g_production_soft_filters,2025-07-19,2025-07-26,0.0,False,277,,,best_passed
BNB,-39.90154781512513,0.0,-1.0658141036401503e-14,6,-58.95232172268769,False,phase66g_production_soft_filters,2025-07-19,2025-07-26,0.0,False,293,,,best_passed
AVAX,-94.03189444561218,0.0,-1.915621708923645,13,-139.09784166841828,False,phase66g_production_soft_filters,2025-07-19,2025-07-26,0.0,False,293,,,best_passed
XRP,-131.07018512873333,0.0,-8.096160955282329,15,-194.3552776931,False,phase66g_production_soft_filters,2025-07-19,2025-07-26,0.0,False,290,,,best_passed
TRX,-19.243915331327628,-0.13672599764382554,-2.1316282072803006e-14,21,-1e+18,False,phase66g_production_soft_filters,2025-07-19,2025-07-26,-0.1433302845153861,True,324,,,best_passed
ETH,-41.76273517240014,-10.824743455131845,0.0,3,-1e+18,False,phase66g_production_soft_filters,2025-07-19,2025-07-26,-11.347611909710743,True,324,,,best_passed
DOGE,191.4437968072695,0.0,-4.618527782440651e-14,9,288.51569521090425,False,phase66g_production_soft_filters,2025-07-26,2025-08-02,0.0,False,233,,,best_passed
ADA,0.0,0.0,0.0,0,0.0,False,phase66g_production_soft_filters,2025-07-26,2025-08-02,0.0,False,244,,,best_passed
DOT,0.0,0.0,0.0,0,0.0,False,phase66g_production_soft_filters,2025-07-26,2025-08-02,0.0,False,250,,,best_passed
LINK,0.0,0.0,0.0,0,0.0,False,phase66g_production_soft_filters,2025-07-26,2025-08-02,0.0,False,277,,,best_passed
TRX,-28.858032793894324,-0.14336125251155352,-2.1316282072803006e-14,14,-41.7604942008877,False,phase66g_production_soft_filters,2025-07-26,2025-08-02,0.0,False,324,,,best_passed
BNB,-41.12737098215342,0.0,-1.0658141036401503e-14,6,-60.791056473230135,False,phase66g_production_soft_filters,2025-07-26,2025-08-02,0.0,False,293,,,best_passed
AVAX,-96.92066645979702,0.0,-1.915621708923645,13,-143.43099968969554,False,phase66g_production_soft_filters,2025-07-26,2025-08-02,0.0,False,293,,,best_passed
XRP,-133.8973988100438,0.0,-8.096160955282318,12,-199.04609821506568,False,phase66g_production_soft_filters,2025-07-26,2025-08-02,0.0,False,290,,,best_passed
ETH,-43.045736236168125,-11.350063679079867,0.0,3,-1e+18,False,phase66g_production_soft_filters,2025-07-26,2025-08-02,-3.334781953028248,True,330,,,best_passed
DOGE,167.5509766267557,0.0,-4.618527782440651e-14,9,252.67646494013354,False,phase66g_production_soft_filters,2025-08-02,2025-08-09,0.0,False,233,,,best_passed
TRX,2.6173200309768845,-0.129295923871652,-4.618527782440651e-14,9,4.758796350978718,False,phase66g_production_soft_filters,2025-08-02,2025-08-09,0.0,False,324,,,best_passed
ADA,0.0,0.0,0.0,0,0.0,False,phase66g_production_soft_filters,2025-08-02,2025-08-09,0.0,False,244,,,best_passed
DOT,0.0,0.0,0.0,0,0.0,False,phase66g_production_soft_filters,2025-08-02,2025-08-09,0.0,False,250,,,best_passed
LINK,0.0,0.0,0.0,0,0.0,False,phase66g_production_soft_filters,2025-08-02,2025-08-09,0.0,False,277,,,best_passed
BNB,-35.99453881019673,0.0,-1.0658141036401503e-14,6,-53.091808215295096,False,phase66g_production_soft_filters,2025-08-02,2025-08-09,0.0,False,293,,,best_passed
AVAX,-84.82464614407587,0.0,-1.915621708923645,13,-125.2869692161138,False,phase66g_production_soft_filters,2025-08-02,2025-08-09,0.0,False,293,,,best_passed
XRP,-93.54776319169406,0.0,-1.0658141036401503e-14,5,-139.5716447875411,False,phase66g_production_soft_filters,2025-08-02,2025-08-09,0.0,False,290,,,best_passed
ETH,-37.67348572410799,-10.236496568494125,0.0,3,-1e+18,False,phase66g_production_soft_filters,2025-08-02,2025-08-09,0.0,True,330,,,best_passed
DOGE,184.34438345318569,0.0,-4.618527782440651e-14,9,277.8665751797786,False,phase66g_production_soft_filters,2025-08-09,2025-08-16,0.0,False,233,,,best_passed
TRX,2.87965046294471,0.0,-4.618527782440651e-14,9,5.669475694417065,False,phase66g_production_soft_filters,2025-08-09,2025-08-16,0.0,False,324,,,best_passed
ADA,0.0,0.0,0.0,0,0.0,False,phase66g_production_soft_filters,2025-08-09,2025-08-16,0.0,False,244,,,best_passed
DOT,0.0,0.0,0.0,0,0.0,False,phase66g_production_soft_filters,2025-08-09,2025-08-16,0.0,False,250,,,best_passed
LINK,0.0,0.0,0.0,0,0.0,False,phase66g_production_soft_filters,2025-08-09,2025-08-16,0.0,False,277,,,best_passed
BNB,-39.60222254883536,0.0,-1.0658141036401503e-14,6,-58.50333382325304,False,phase66g_production_soft_filters,2025-08-09,2025-08-16,0.0,False,293,,,best_passed
XRP,-78.35657985854215,0.0,-2.1316282072803006e-14,3,-117.08486978781322,False,phase66g_production_soft_filters,2025-08-09,2025-08-16,0.0,False,290,,,best_passed
AVAX,-93.32650522173867,0.0,-1.915621708923645,13,-138.03975783260802,False,phase66g_production_soft_filters,2025-08-09,2025-08-16,0.0,False,293,,,best_passed
ETH,-41.44944803165117,-9.283542385800114,0.0,3,-1e+18,False,phase66g_production_soft_filters,2025-08-09,2025-08-16,0.0,True,330,,,best_passed
DOGE,193.96196661840327,0.0,-4.618527782440651e-14,9,292.2929499276049,False,phase66g_production_soft_filters,2025-08-16,2025-08-23,0.0,False,233,,,best_passed
TRX,3.0298870868945187,0.0,-4.618527782440651e-14,9,5.894830630341778,False,phase66g_production_soft_filters,2025-08-16,2025-08-23,0.0,False,324,,,best_passed
ADA,0.0,0.0,0.0,0,0.0,False,phase66g_production_soft_filters,2025-08-16,2025-08-23,0.0,False,244,,,best_passed
DOT,0.0,0.0,0.0,0,0.0,False,phase66g_production_soft_filters,2025-08-16,2025-08-23,0.0,False,250,,,best_passed
LINK,0.0,0.0,0.0,0,0.0,False,phase66g_production_soft_filters,2025-08-16,2025-08-23,0.0,False,277,,,best_passed
BNB,-41.6683428273933,0.0,-1.0658141036401503e-14,6,-61.602514241089956,False,phase66g_production_soft_filters,2025-08-16,2025-08-23,0.0,False,293,,,best_passed
XRP,-82.4445857376196,0.0,-2.1316282072803006e-14,3,-123.2168786064294,False,phase66g_production_soft_filters,2025-08-16,2025-08-23,0.0,False,290,,,best_passed
AVAX,-98.1955194475891,0.0,-1.915621708923645,13,-145.34327917138367,False,phase66g_production_soft_filters,2025-08-16,2025-08-23,0.0,False,293,,,best_passed
ETH,-43.611941437358894,0.0,0.0,3,-1e+18,False,phase66g_production_soft_filters,2025-08-16,2025-08-23,0.0,True,330,,,best_passed
DOGE,207.31191453469683,0.0,-4.618527782440651e-14,9,312.31787180204526,False,phase66g_production_soft_filters,2025-08-23,2025-08-30,0.0,False,233,,,best_passed
ADA,0.0,0.0,0.0,0,0.0,False,phase66g_production_soft_filters,2025-08-23,2025-08-30,0.0,False,244,,,best_passed
DOT,0.0,0.0,0.0,0,0.0,False,phase66g_production_soft_filters,2025-08-23,2025-08-30,0.0,False,250,,,best_passed
LINK,0.0,0.0,0.0,0,0.0,False,phase66g_production_soft_filters,2025-08-23,2025-08-30,0.0,False,277,,,best_passed
XRP,-88.11905349419271,0.0,-2.1316282072803006e-14,3,-131.72858024128908,False,phase66g_production_soft_filters,2025-08-23,2025-08-30,0.0,False,290,,,best_passed
AVAX,-104.95408708377818,0.0,-1.915621708923645,13,-155.48113062566728,False,phase66g_production_soft_filters,2025-08-23,2025-08-30,0.0,False,293,,,best_passed
ETH,-74.68651281507204,-8.329391106391768,0.0,8,-1e+18,False,phase66g_production_soft_filters,2025-08-23,2025-08-30,-7.894702218946442,True,330,,,best_passed
TRX,-50.41224061386265,-14.492951792406416,-4.618527782440651e-14,12,-1e+18,False,phase66g_production_soft_filters,2025-08-23,2025-08-30,-13.736602977712643,True,334,,,best_passed
BNB,-102.4201427517769,-17.104391998517897,-1.0658141036401503e-14,11,-1e+18,False,phase66g_production_soft_filters,2025-08-23,2025-08-30,-16.211759027716546,True,334,,,best_passed
DOGE,190.47073535577715,0.0,-4.618527782440651e-14,9,287.05610303366575,False,phase66g_production_soft_filters,2025-08-30,2025-09-06,0.0,False,233,,,best_passed
ADA,0.0,0.0,0.0,0,0.0,False,phase66g_production_soft_filters,2025-08-30,2025-09-06,0.0,False,244,,,best_passed
DOT,0.0,0.0,0.0,0,0.0,False,phase66g_production_soft_filters,2025-08-30,2025-09-06,0.0,False,250,,,best_passed
LINK,0.0,0.0,0.0,0,0.0,False,phase66g_production_soft_filters,2025-08-30,2025-09-06,0.0,False,277,,,best_passed
XRP,-80.96061895702024,0.0,-2.1316282072803006e-14,3,-120.99092843553036,False,phase66g_production_soft_filters,2025-08-30,2025-09-06,0.0,False,290,,,best_passed
AVAX,-96.4280426926245,0.0,-1.915621708923645,13,-142.69206403893676,False,phase66g_production_soft_filters,2025-08-30,2025-09-06,0.0,False,293,,,best_passed
ETH,-68.61928340671676,-7.6527451529313275,0.0,8,-1e+18,False,phase66g_production_soft_filters,2025-08-30,2025-09-06,-6.015966372798243,True,330,,,best_passed
TRX,-49.49436232860779,-13.315603165265632,0.0,6,-1e+18,False,phase66g_production_soft_filters,2025-08-30,2025-09-06,-10.467645175023211,True,334,,,best_passed
BNB,-94.09994572169006,-15.714900559783882,-1.0658141036401503e-14,11,-1e+18,False,phase66g_production_soft_filters,2025-08-30,2025-09-06,-12.353777818318601,True,334,,,best_passed
DOGE,188.098501982634,0.0,-4.618527782440651e-14,9,283.49775297395104,False,phase66g_production_soft_filters,2025-09-06,2025-09-13,0.0,False,233,,,best_passed
ADA,0.0,0.0,0.0,0,0.0,False,phase66g_production_soft_filters,2025-09-06,2025-09-13,0.0,False,244,,,best_passed
DOT,0.0,0.0,0.0,0,0.0,False,phase66g_production_soft_filters,2025-09-06,2025-09-13,0.0,False,250,,,best_passed
LINK,0.0,0.0,0.0,0,0.0,False,phase66g_production_soft_filters,2025-09-06,2025-09-13,0.0,False,277,,,best_passed
XRP,-79.95228829750238,0.0,-2.1316282072803006e-14,3,-119.47843244625356,False,phase66g_production_soft_filters,2025-09-06,2025-09-13,0.0,False,290,,,best_passed
AVAX,-95.22707173740116,0.0,-1.915621708923645,13,-140.89060760610175,False,phase66g_production_soft_filters,2025-09-06,2025-09-13,0.0,False,293,,,best_passed
ETH,-67.76465892157194,-7.256738785902872,0.0,8,-1e+18,False,phase66g_production_soft_filters,2025-09-06,2025-09-13,-5.657079188018899,True,336,,,best_passed
TRX,-48.87793073937149,-12.626561059603848,0.0,6,-1e+18,False,phase66g_production_soft_filters,2025-09-06,2025-09-13,-9.843189605404412,True,334,,,best_passed
BNB,-92.92797024086349,-14.90170208596442,-0.6841219758779928,11,-1e+18,False,phase66g_production_soft_filters,2025-09-06,2025-09-13,-11.616803528925455,True,334,,,best_passed
DOGE,218.55341330436806,0.0,-4.618527782440651e-14,9,329.1801199565521,False,phase66g_production_soft_filters,2025-09-13,2025-09-20,0.0,False,233,,,best_passed
ADA,0.0,0.0,0.0,0,0.0,False,phase66g_production_soft_filters,2025-09-13,2025-09-20,0.0,False,244,,,best_passed
DOT,0.0,0.0,0.0,0,0.0,False,phase66g_production_soft_filters,2025-09-13,2025-09-20,0.0,False,250,,,best_passed
LINK,0.0,0.0,0.0,0,0.0,False,phase66g_production_soft_filters,2025-09-13,2025-09-20,0.0,False,277,,,best_passed
XRP,-92.89731350719234,0.0,-2.1316282072803006e-14,3,-138.89597026078852,False,phase66g_production_soft_filters,2025-09-13,2025-09-20,0.0,False,290,,,best_passed
AVAX,-110.64522762180411,0.0,-1.915621708923645,13,-164.01784143270618,False,phase66g_production_soft_filters,2025-09-13,2025-09-20,0.0,False,293,,,best_passed
ETH,-78.73639264858775,-7.042026832331995,0.0,8,-1e+18,False,phase66g_production_soft_filters,2025-09-13,2025-09-20,-7.019153670239618,True,336,,,best_passed
TRX,-56.79172606770874,-12.252967125472328,0.0,6,-1e+18,False,phase66g_production_soft_filters,2025-09-13,2025-09-20,-12.21316834170647,True,334,,,best_passed
BNB,-107.97388003367769,-14.460791415095999,-0.6841219758779928,11,-1e+18,False,phase66g_production_soft_filters,2025-09-13,2025-09-20,-14.413821411445559,True,334,,,best_passed
DOGE,229.34764164535738,0.0,-4.618527782440651e-14,9,345.3714624680361,False,phase66g_production_soft_filters,2025-09-20,2025-09-27,0.0,False,233,,,best_passed
ADA,0.0,0.0,0.0,0,0.0,False,phase66g_production_soft_filters,2025-09-20,2025-09-27,0.0,False,244,,,best_passed
DOT,0.0,0.0,0.0,0,0.0,False,phase66g_production_soft_filters,2025-09-20,2025-09-27,0.0,False,250,,,best_passed
LINK,0.0,0.0,0.0,0,0.0,False,phase66g_production_soft_filters,2025-09-20,2025-09-27,0.0,False,277,,,best_passed
XRP,-97.48545879900098,0.0,-2.1316282072803006e-14,3,-145.77818819850148,False,phase66g_production_soft_filters,2025-09-20,2025-09-27,0.0,False,290,,,best_passed
AVAX,-116.10993226188776,0.0,-1.915621708923645,13,-172.21489839283166,False,phase66g_production_soft_filters,2025-09-20,2025-09-27,0.0,False,293,,,best_passed
ETH,-82.62513814171382,-6.931181265482202,0.0,8,-1e+18,False,phase66g_production_soft_filters,2025-09-20,2025-09-27,-7.284785463722045,True,336,,,best_passed
TRX,-59.59663700359994,-12.060098350763983,0.0,6,-1e+18,False,phase66g_production_soft_filters,2025-09-20,2025-09-27,-12.675361643509355,True,334,,,best_passed
BNB,-113.30664834108916,-14.233170211759472,-0.6841219758779928,11,-1e+18,False,phase66g_production_soft_filters,2025-09-20,2025-09-27,-14.959295896309847,True,334,,,best_passed
DOGE,229.2104602191219,0.0,2.4868995751603507e-14,9,345.16569032868284,False,phase66g_production_soft_filters,2025-09-27,2025-10-04,0.0,False,233,,,best_passed
ADA,0.0,0.0,0.0,0,0.0,False,phase66g_production_soft_filters,2025-09-27,2025-10-04,0.0,False,244,,,best_passed
DOT,0.0,0.0,0.0,0,0.0,False,phase66g_production_soft_filters,2025-09-27,2025-10-04,0.0,False,250,,,best_passed
LINK,0.0,0.0,0.0,0,0.0,False,phase66g_production_soft_filters,2025-09-27,2025-10-04,0.0,False,277,,,best_passed
XRP,-97.42714908986568,0.0,0.0,3,-145.69072363479853,False,phase66g_production_soft_filters,2025-09-27,2025-10-04,0.0,False,290,,,best_passed
AVAX,-113.93622873443547,0.0,1.4210854715202004e-14,12,-169.10434310165323,False,phase66g_production_soft_filters,2025-09-27,2025-10-04,0.0,False,293,,,best_passed
ETH,-82.57571694770485,-7.082104242328867,0.0,8,-1e+18,False,phase66g_production_soft_filters,2025-09-27,2025-10-04,-6.725984963082343,True,336,,,best_passed
TRX,-59.560990019814426,-12.322700910767082,0.0,6,-1e+18,False,phase66g_production_soft_filters,2025-09-27,2025-10-04,-11.703061434058416,True,334,,,best_passed
BNB,-103.96634023260611,-14.543090315713902,-0.6841219758779147,11,-1e+18,False,phase66g_production_soft_filters,2025-09-27,2025-10-04,-13.81179991613255,True,334,,,best_passed
DOGE,270.72897187421484,0.0,-4.618527782440651e-14,9,407.4434578113223,False,phase66g_production_soft_filters,2025-10-04,2025-10-11,0.0,False,233,,,best_passed
ADA,0.0,0.0,0.0,0,0.0,False,phase66g_production_soft_filters,2025-10-04,2025-10-11,0.0,False,244,,,best_passed
DOT,0.0,0.0,0.0,0,0.0,False,phase66g_production_soft_filters,2025-10-04,2025-10-11,0.0,False,250,,,best_passed
LINK,0.0,0.0,0.0,0,0.0,False,phase66g_production_soft_filters,2025-10-04,2025-10-11,0.0,False,277,,,best_passed
XRP,0.0,0.0,0.0,0,0.0,False,phase66g_production_soft_filters,2025-10-04,2025-10-11,0.0,False,290,,,best_passed
AVAX,-27.657184644181825,0.0,-1.0658141036401503e-14,6,-40.58577696627274,False,phase66g_production_soft_filters,2025-10-04,2025-10-11,0.0,False,293,,,best_passed
TRX,-70.34969336242193,-15.163535912443038,0.0,6,-165.27868369340504,False,phase66g_production_soft_filters,2025-10-04,2025-10-11,4.685672114338054,False,334,,,best_passed
BNB,-90.14638593286702,-17.895806599310227,-0.6841219758779715,8,-205.60280529654145,False,phase66g_production_soft_filters,2025-10-04,2025-10-11,7.888650293567778,False,334,,,best_passed
ETH,-97.5332405408409,-8.714789297562682,0.0,8,-1e+18,False,phase66g_production_soft_filters,2025-10-04,2025-10-11,18.779658714945427,True,336,,,best_passed
DOGE,256.64334102101213,0.0,-4.618527782440651e-14,9,386.3150115315182,False,phase66g_production_soft_filters,2025-10-11,2025-10-18,0.0,False,233,,,best_passed
ADA,0.0,0.0,0.0,0,0.0,False,phase66g_production_soft_filters,2025-10-11,2025-10-18,0.0,False,244,,,best_passed
DOT,0.0,0.0,0.0,0,0.0,False,phase66g_production_soft_filters,2025-10-11,2025-10-18,0.0,False,250,,,best_passed
LINK,0.0,0.0,0.0,0,0.0,False,phase66g_production_soft_filters,2025-10-11,2025-10-18,0.0,False,277,,,best_passed
XRP,0.0,0.0,0.0,0,0.0,False,phase66g_production_soft_filters,2025-10-11,2025-10-18,0.0,False,290,,,best_passed
AVAX,-26.218221940486387,0.0,-1.0658141036401503e-14,6,-38.42733291072958,False,phase66g_production_soft_filters,2025-10-11,2025-10-18,0.0,False,293,,,best_passed
TRX,-66.68950212216032,-12.734292797179904,0.0,6,-150.0714243719601,False,phase66g_production_soft_filters,2025-10-11,2025-10-18,0.0,False,334,,,best_passed
BNB,-77.92877311612517,-15.028845672486838,-0.6841219758779609,5,-176.2585423641351,False,phase66g_production_soft_filters,2025-10-11,2025-10-18,0.0,False,334,,,best_passed
ETH,-92.45872925871191,-7.318654383891236,0.0,8,-1e+18,False,phase66g_production_soft_filters,2025-10-11,2025-10-18,0.0,True,336,,,best_passed
DOGE,133.5019470733464,0.0,1.4210854715202004e-14,6,201.15292061001958,False,phase66g_production_soft_filters,2025-10-18,2025-10-25,0.0,False,233,,,best_passed
ADA,0.0,0.0,0.0,0,0.0,False,phase66g_production_soft_filters,2025-10-18,2025-10-25,0.0,False,244,,,best_passed
AVAX,0.0,0.0,0.0,0,0.0,False,phase66g_production_soft_filters,2025-10-18,2025-10-25,0.0,False,293,,,best_passed
DOT,0.0,0.0,0.0,0,0.0,False,phase66g_production_soft_filters,2025-10-18,2025-10-25,0.0,False,250,,,best_passed
LINK,0.0,0.0,0.0,0,0.0,False,phase66g_production_soft_filters,2025-10-18,2025-10-25,0.0,False,277,,,best_passed
XRP,0.0,0.0,0.0,0,0.0,False,phase66g_production_soft_filters,2025-10-18,2025-10-25,0.0,False,290,,,best_passed
ETH,-89.57743569157321,-3.640488287495039,0.0,8,-147.72810668734,False,phase66g_production_soft_filters,2025-10-18,2025-10-25,0.0,False,336,,,best_passed
TRX,-64.61125558988823,-13.53439789507096,0.0,6,-150.15447496511618,False,phase66g_production_soft_filters,2025-10-18,2025-10-25,0.0,False,334,,,best_passed
BNB,-75.50027691598598,-14.67662936140577,-0.6841219758779573,5,-171.20693281960206,False,phase66g_production_soft_filters,2025-10-18,2025-10-25,0.0,False,334,,,best_passed
DOGE,99.07036082378329,0.0,2.4868995751603507e-14,6,149.5055412356749,False,phase66g_production_soft_filters,2025-10-25,2025-11-01,0.0,False,233,,,best_passed
ADA,0.0,0.0,0.0,0,0.0,False,phase66g_production_soft_filters,2025-10-25,2025-11-01,0.0,False,244,,,best_passed
AVAX,0.0,0.0,0.0,0,0.0,False,phase66g_production_soft_filters,2025-10-25,2025-11-01,0.0,False,293,,,best_passed
DOT,0.0,0.0,0.0,0,0.0,False,phase66g_production_soft_filters,2025-10-25,2025-11-01,0.0,False,250,,,best_passed
LINK,0.0,0.0,0.0,0,0.0,False,phase66g_production_soft_filters,2025-10-25,2025-11-01,0.0,False,277,,,best_passed
XRP,0.0,0.0,0.0,0,0.0,False,phase66g_production_soft_filters,2025-10-25,2025-11-01,0.0,False,290,,,best_passed
TRX,-64.32231857146485,0.0,0.0,6,-95.58347785719727,False,phase66g_production_soft_filters,2025-10-25,2025-11-01,0.0,False,334,,,best_passed
BNB,-75.16264495537695,0.0,-0.6841219758778827,5,-111.99396743306542,False,phase66g_production_soft_filters,2025-10-25,2025-11-01,0.0,False,334,,,best_passed
ETH,-89.176851660968,0.0,0.0,8,-132.565277491452,False,phase66g_production_soft_filters,2025-10-25,2025-11-01,0.0,False,336,,,best_passed
ADA,0.0,0.0,0.0,0,0.0,False,phase66g_production_soft_filters,2025-11-01,2025-11-08,0.0,False,244,,,best_passed
AVAX,0.0,0.0,0.0,0,0.0,False,phase66g_production_soft_filters,2025-11-01,2025-11-08,0.0,False,293,,,best_passed
DOGE,0.0,0.0,0.0,0,0.0,False,phase66g_production_soft_filters,2025-11-01,2025-11-08,0.0,False,233,,,best_passed
DOT,0.0,0.0,0.0,0,0.0,False,phase66g_production_soft_filters,2025-11-01,2025-11-08,0.0,False,250,,,best_passed
LINK,0.0,0.0,0.0,0,0.0,False,phase66g_production_soft_filters,2025-11-01,2025-11-08,0.0,False,277,,,best_passed
XRP,0.0,0.0,0.0,0,0.0,False,phase66g_production_soft_filters,2025-11-01,2025-11-08,0.0,False,290,,,best_passed
TRX,-62.90546533363067,0.0,0.0,6,-93.458198000446,False,phase66g_production_soft_filters,2025-11-01,2025-11-08,0.0,False,334,,,best_passed
BNB,-73.5070075462416,0.0,-0.6841219758779253,5,-109.5105113193624,False,phase66g_production_soft_filters,2025-11-01,2025-11-08,0.0,False,334,,,best_passed
ETH,-87.21251775911543,0.0,0.0,8,-129.61877663867315,False,phase66g_production_soft_filters,2025-11-01,2025-11-08,0.0,False,336,,,best_passed
ADA,0.0,0.0,0.0,0,0.0,False,phase66g_production_soft_filters,2025-11-08,2025-11-15,0.0,False,244,,,best_passed
AVAX,0.0,0.0,0.0,0,0.0,False,phase66g_production_soft_filters,2025-11-08,2025-11-15,0.0,False,293,,,best_passed
DOGE,0.0,0.0,0.0,0,0.0,False,phase66g_production_soft_filters,2025-11-08,2025-11-15,0.0,False,233,,,best_passed
DOT,0.0,0.0,0.0,0,0.0,False,phase66g_production_soft_filters,2025-11-08,2025-11-15,0.0,False,250,,,best_passed
LINK,0.0,0.0,0.0,0,0.0,False,phase66g_production_soft_filters,2025-11-08,2025-11-15,0.0,False,277,,,best_passed
XRP,0.0,0.0,0.0,0,0.0,False,phase66g_production_soft_filters,2025-11-08,2025-11-15,0.0,False,290,,,best_passed
TRX,-63.023898516001,0.0,0.0,6,-93.63584777400149,False,phase66g_production_soft_filters,2025-11-08,2025-11-15,0.0,False,334,,,best_passed
BNB,-73.6454004312489,0.0,-0.684121975877904,5,-109.71810064687335,False,phase66g_production_soft_filters,2025-11-08,2025-11-15,0.0,False,334,,,best_passed
ETH,-87.3767142397557,0.0,0.0,8,-129.86507135963356,False,phase66g_production_soft_filters,2025-11-08,2025-11-15,0.0,False,336,,,best_passed
ADA,0.0,0.0,0.0,0,0.0,False,phase66g_production_soft_filters,2025-11-15,2025-11-22,0.0,False,244,,,best_passed
AVAX,0.0,0.0,0.0,0,0.0,False,phase66g_production_soft_filters,2025-11-15,2025-11-22,0.0,False,293,,,best_passed
DOGE,0.0,0.0,0.0,0,0.0,False,phase66g_production_soft_filters,2025-11-15,2025-11-22,0.0,False,233,,,best_passed
DOT,0.0,0.0,0.0,0,0.0,False,phase66g_production_soft_filters,2025-11-15,2025-11-22,0.0,False,250,,,best_passed
LINK,0.0,0.0,0.0,0,0.0,False,phase66g_production_soft_filters,2025-11-15,2025-11-22,0.0,False,277,,,best_passed
XRP,0.0,0.0,0.0,0,0.0,False,phase66g_production_soft_filters,2025-11-15,2025-11-22,0.0,False,290,,,best_passed
TRX,-53.514642595252326,0.0,0.0,6,-79.37196389287848,False,phase66g_production_soft_filters,2025-11-15,2025-11-22,0.0,False,334,,,best_passed
BNB,-62.53353689096059,0.0,-0.6841219758779395,5,-93.05030533644089,False,phase66g_production_soft_filters,2025-11-15,2025-11-22,0.0,False,334,,,best_passed
ETH,-74.19302429380457,0.0,0.0,8,-110.08953644070685,False,phase66g_production_soft_filters,2025-11-15,2025-11-22,0.0,False,336,,,best_passed
ADA,0.0,0.0,0.0,0,0.0,False,phase66g_production_soft_filters,2025-11-22,2025-11-29,0.0,False,244,,,best_passed
AVAX,0.0,0.0,0.0,0,0.0,False,phase66g_production_soft_filters,2025-11-22,2025-11-29,0.0,False,293,,,best_passed
DOGE,0.0,0.0,0.0,0,0.0,False,phase66g_production_soft_filters,2025-11-22,2025-11-29,0.0,False,233,,,best_passed
DOT,0.0,0.0,0.0,0,0.0,False,phase66g_production_soft_filters,2025-11-22,2025-11-29,0.0,False,250,,,best_passed
LINK,0.0,0.0,0.0,0,0.0,False,phase66g_production_soft_filters,2025-11-22,2025-11-29,0.0,False,277,,,best_passed
XRP,0.0,0.0,0.0,0,0.0,False,phase66g_production_soft_filters,2025-11-22,2025-11-29,0.0,False,290,,,best_passed
TRX,-49.26228055167644,0.0,0.0,6,-72.99342082751465,False,phase66g_production_soft_filters,2025-11-22,2025-11-29,0.0,False,334,,,best_passed
BNB,-57.56451858438493,0.0,-0.6841219758779609,5,-85.59677787657739,False,phase66g_production_soft_filters,2025-11-22,2025-11-29,0.0,False,334,,,best_passed
ETH,-68.29752382692743,0.0,0.0,8,-101.24628574039114,False,phase66g_production_soft_filters,2025-11-22,2025-11-29,0.0,False,336,,,best_passed
ADA,0.0,0.0,0.0,0,0.0,False,phase66g_production_soft_filters,2025-11-29,2025-12-06,0.0,False,244,,,best_passed
AVAX,0.0,0.0,0.0,0,0.0,False,phase66g_production_soft_filters,2025-11-29,2025-12-06,0.0,False,293,,,best_passed
DOGE,0.0,0.0,0.0,0,0.0,False,phase66g_production_soft_filters,2025-11-29,2025-12-06,0.0,False,233,,,best_passed
DOT,0.0,0.0,0.0,0,0.0,False,phase66g_production_soft_filters,2025-11-29,2025-12-06,0.0,False,250,,,best_passed
LINK,0.0,0.0,0.0,0,0.0,False,phase66g_production_soft_filters,2025-11-29,2025-12-06,0.0,False,277,,,best_passed
XRP,0.0,0.0,0.0,0,0.0,False,phase66g_production_soft_filters,2025-11-29,2025-12-06,0.0,False,290,,,best_passed
TRX,-49.61658818493015,0.0,0.0,6,-73.52488227739522,False,phase66g_production_soft_filters,2025-11-29,2025-12-06,0.0,False,334,,,best_passed
BNB,-57.97853815697937,0.0,-0.6841219758779147,5,-86.21780723546905,False,phase66g_production_soft_filters,2025-11-29,2025-12-06,0.0,False,334,,,best_passed
ETH,-68.78873807347105,0.0,0.0,8,-101.98310711020657,False,phase66g_production_soft_filters,2025-11-29,2025-12-06,0.0,False,336,,,best_passed
ADA,0.0,0.0,0.0,0,0.0,False,phase66g_production_soft_filters,2025-12-06,2025-12-13,0.0,False,244,,,best_passed
AVAX,0.0,0.0,0.0,0,0.0,False,phase66g_production_soft_filters,2025-12-06,2025-12-13,0.0,False,293,,,best_passed
DOGE,0.0,0.0,0.0,0,0.0,False,phase66g_production_soft_filters,2025-12-06,2025-12-13,0.0,False,233,,,best_passed
DOT,0.0,0.0,0.0,0,0.0,False,phase66g_production_soft_filters,2025-12-06,2025-12-13,0.0,False,250,,,best_passed
LINK,0.0,0.0,0.0,0,0.0,False,phase66g_production_soft_filters,2025-12-06,2025-12-13,0.0,False,277,,,best_passed
XRP,0.0,0.0,0.0,0,0.0,False,phase66g_production_soft_filters,2025-12-06,2025-12-13,0.0,False,290,,,best_passed
TRX,-21.473144662979266,0.0,0.0,6,-31.3097169944689,False,phase66g_production_soft_filters,2025-12-06,2025-12-13,0.0,False,334,,,best_passed
BNB,-25.09204245468473,0.0,-0.6841219758779609,5,-36.888063682027095,False,phase66g_production_soft_filters,2025-12-06,2025-12-13,0.0,False,334,,,best_passed
ETH,-29.77049768778859,0.0,0.0,8,-43.455746531682884,False,phase66g_production_soft_filters,2025-12-06,2025-12-13,0.0,False,336,,,best_passed
ADA,0.0,0.0,0.0,0,0.0,False,phase66g_production_soft_filters,2025-12-13,2025-12-20,0.0,False,244,,,best_passed
AVAX,0.0,0.0,0.0,0,0.0,False,phase66g_production_soft_filters,2025-12-13,2025-12-20,0.0,False,293,,,best_passed
DOGE,0.0,0.0,0.0,0,0.0,False,phase66g_production_soft_filters,2025-12-13,2025-12-20,0.0,False,233,,,best_passed
DOT,0.0,0.0,0.0,0,0.0,False,phase66g_production_soft_filters,2025-12-13,2025-12-20,0.0,False,250,,,best_passed
LINK,0.0,0.0,0.0,0,0.0,False,phase66g_production_soft_filters,2025-12-13,2025-12-20,0.0,False,277,,,best_passed
XRP,0.0,0.0,0.0,0,0.0,False,phase66g_production_soft_filters,2025-12-13,2025-12-20,0.0,False,290,,,best_passed
TRX,-21.717539182556678,0.0,0.0,6,-31.676308773835018,False,phase66g_production_soft_filters,2025-12-13,2025-12-20,0.0,False,334,,,best_passed
BNB,-25.37762510953945,0.0,-0.6841219758779502,5,-37.31643766430918,False,phase66g_production_soft_filters,2025-12-13,2025-12-20,0.0,False,334,,,best_passed
ETH,-30.109327728483123,0.0,0.0,8,-43.96399159272468,False,phase66g_production_soft_filters,2025-12-13,2025-12-20,0.0,False,336,,,best_passed
ADA,0.0,0.0,0.0,0,0.0,False,phase66g_production_soft_filters,2025-12-20,2025-12-27,0.0,False,244,,,best_passed
AVAX,0.0,0.0,0.0,0,0.0,False,phase66g_production_soft_filters,2025-12-20,2025-12-27,0.0,False,293,,,best_passed
DOGE,0.0,0.0,0.0,0,0.0,False,phase66g_production_soft_filters,2025-12-20,2025-12-27,0.0,False,233,,,best_passed
DOT,0.0,0.0,0.0,0,0.0,False,phase66g_production_soft_filters,2025-12-20,2025-12-27,0.0,False,250,,,best_passed
LINK,0.0,0.0,0.0,0,0.0,False,phase66g_production_soft_filters,2025-12-20,2025-12-27,0.0,False,277,,,best_passed
XRP,0.0,0.0,0.0,0,0.0,False,phase66g_production_soft_filters,2025-12-20,2025-12-27,0.0,False,290,,,best_passed
TRX,-24.544048290565755,0.0,0.0,6,-35.91607243584863,False,phase66g_production_soft_filters,2025-12-20,2025-12-27,0.0,False,334,,,best_passed
BNB,-28.680489578151338,0.0,-0.6841219758779715,5,-42.27073436722701,False,phase66g_production_soft_filters,2025-12-20,2025-12-27,0.0,False,334,,,best_passed
ETH,-34.02801705811642,0.0,0.0,8,-49.842025587174625,False,phase66g_production_soft_filters,2025-12-20,2025-12-27,0.0,False,336,,,best_passed
ADA,0.0,0.0,0.0,0,0.0,False,phase66g_production_soft_filters,2025-12-27,2026-01-03,0.0,False,244,,,best_passed
AVAX,0.0,0.0,0.0,0,0.0,False,phase66g_production_soft_filters,2025-12-27,2026-01-03,0.0,False,293,,,best_passed
DOGE,0.0,0.0,0.0,0,0.0,False,phase66g_production_soft_filters,2025-12-27,2026-01-03,0.0,False,233,,,best_passed
DOT,0.0,0.0,0.0,0,0.0,False,phase66g_production_soft_filters,2025-12-27,2026-01-03,0.0,False,250,,,best_passed
LINK,0.0,0.0,0.0,0,0.0,False,phase66g_production_soft_filters,2025-12-27,2026-01-03,0.0,False,277,,,best_passed
XRP,0.0,0.0,0.0,0,0.0,False,phase66g_production_soft_filters,2025-12-27,2026-01-03,0.0,False,290,,,best_passed
TRX,-24.923205347220858,0.0,0.0,6,-36.48480802083129,False,phase66g_production_soft_filters,2025-12-27,2026-01-03,0.0,False,334,,,best_passed
BNB,-29.123546480710147,0.0,-0.6841219758779609,5,-42.93531972106522,False,phase66g_production_soft_filters,2025-12-27,2026-01-03,0.0,False,334,,,best_passed
ETH,-34.55368269561964,0.0,0.0,8,-50.63052404342946,False,phase66g_production_soft_filters,2025-12-27,2026-01-03,0.0,False,336,,,best_passed
ADA,0.0,0.0,0.0,0,0.0,False,phase66g_production_soft_filters,2026-01-03,2026-01-10,0.0,False,244,,,best_passed
AVAX,0.0,0.0,0.0,0,0.0,False,phase66g_production_soft_filters,2026-01-03,2026-01-10,0.0,False,293,,,best_passed
DOGE,0.0,0.0,0.0,0,0.0,False,phase66g_production_soft_filters,2026-01-03,2026-01-10,0.0,False,233,,,best_passed
DOT,0.0,0.0,0.0,0,0.0,False,phase66g_production_soft_filters,2026-01-03,2026-01-10,0.0,False,250,,,best_passed
LINK,0.0,0.0,0.0,0,0.0,False,phase66g_production_soft_filters,2026-01-03,2026-01-10,0.0,False,277,,,best_passed
XRP,0.0,0.0,0.0,0,0.0,False,phase66g_production_soft_filters,2026-01-03,2026-01-10,0.0,False,290,,,best_passed
TRX,-24.055698297881236,0.0,0.0,6,-35.183547446821855,False,phase66g_production_soft_filters,2026-01-03,2026-01-10,0.0,False,334,,,best_passed
BNB,-28.109837308001048,0.0,-0.6841219758779147,5,-41.41475596200157,False,phase66g_production_soft_filters,2026-01-03,2026-01-10,0.0,False,334,,,best_passed
ETH,-33.35096567341118,0.0,0.0,8,-48.82644851011677,False,phase66g_production_soft_filters,2026-01-03,2026-01-10,0.0,False,336,,,best_passed
ADA,0.0,0.0,0.0,0,0.0,False,phase66g_production_soft_filters,2026-01-10,2026-01-17,0.0,False,244,,,best_passed
AVAX,0.0,0.0,0.0,0,0.0,False,phase66g_production_soft_filters,2026-01-10,2026-01-17,0.0,False,293,,,best_passed
DOGE,0.0,0.0,0.0,0,0.0,False,phase66g_production_soft_filters,2026-01-10,2026-01-17,0.0,False,233,,,best_passed
DOT,0.0,0.0,0.0,0,0.0,False,phase66g_production_soft_filters,2026-01-10,2026-01-17,0.0,False,250,,,best_passed
LINK,0.0,0.0,0.0,0,0.0,False,phase66g_production_soft_filters,2026-01-10,2026-01-17,0.0,False,277,,,best_passed
XRP,0.0,0.0,0.0,0,0.0,False,phase66g_production_soft_filters,2026-01-10,2026-01-17,0.0,False,290,,,best_passed
TRX,-25.722741216451368,0.0,0.0,6,-37.68411182467705,False,phase66g_production_soft_filters,2026-01-10,2026-01-17,0.0,False,334,,,best_passed
BNB,-30.057829199410662,0.0,-0.6841219758779822,5,-44.33674379911599,False,phase66g_production_soft_filters,2026-01-10,2026-01-17,0.0,False,334,,,best_passed
ETH,-35.66216406245303,0.0,0.0,8,-52.29324609367954,False,phase66g_production_soft_filters,2026-01-10,2026-01-17,0.0,False,336,,,best_passed
ADA,0.0,0.0,0.0,0,0.0,False,phase66g_production_soft_filters,2026-01-17,2026-01-24,0.0,False,244,,,best_passed
AVAX,0.0,0.0,0.0,0,0.0,False,phase66g_production_soft_filters,2026-01-17,2026-01-24,0.0,False,293,,,best_passed
DOGE,0.0,0.0,0.0,0,0.0,False,phase66g_production_soft_filters,2026-01-17,2026-01-24,0.0,False,233,,,best_passed
DOT,0.0,0.0,0.0,0,0.0,False,phase66g_production_soft_filters,2026-01-17,2026-01-24,0.0,False,250,,,best_passed
LINK,0.0,0.0,0.0,0,0.0,False,phase66g_production_soft_filters,2026-01-17,2026-01-24,0.0,False,277,,,best_passed
XRP,0.0,0.0,0.0,0,0.0,False,phase66g_production_soft_filters,2026-01-17,2026-01-24,0.0,False,290,,,best_passed
TRX,-16.721267997184917,0.0,0.0,6,-24.181901995777377,False,phase66g_production_soft_filters,2026-01-17,2026-01-24,0.0,False,334,,,best_passed
BNB,-19.539325658476272,0.0,-0.6841219758779395,5,-28.55898848771441,False,phase66g_production_soft_filters,2026-01-17,2026-01-24,0.0,False,334,,,best_passed
ETH,-23.1824671262669,0.0,0.0,8,-33.57370068940035,False,phase66g_production_soft_filters,2026-01-17,2026-01-24,0.0,False,336,,,best_passed
ADA,0.0,0.0,0.0,0,0.0,False,phase66g_production_soft_filters,2026-01-24,2026-01-31,0.0,False,244,,,best_passed
AVAX,0.0,0.0,0.0,0,0.0,False,phase66g_production_soft_filters,2026-01-24,2026-01-31,0.0,False,293,,,best_passed
DOGE,0.0,0.0,0.0,0,0.0,False,phase66g_production_soft_filters,2026-01-24,2026-01-31,0.0,False,233,,,best_passed
DOT,0.0,0.0,0.0,0,0.0,False,phase66g_production_soft_filters,2026-01-24,2026-01-31,0.0,False,250,,,best_passed
LINK,0.0,0.0,0.0,0,0.0,False,phase66g_production_soft_filters,2026-01-24,2026-01-31,0.0,False,277,,,best_passed
XRP,0.0,0.0,0.0,0,0.0,False,phase66g_production_soft_filters,2026-01-24,2026-01-31,0.0,False,290,,,best_passed
TRX,-16.511326627806476,0.0,-1.8651345508817307,6,-23.866989941709715,False,phase66g_production_soft_filters,2026-01-24,2026-01-31,0.0,False,334,,,best_passed
BNB,-19.29400258930702,0.0,-3.403416397978475,5,-28.19100388396053,False,phase66g_production_soft_filters,2026-01-24,2026-01-31,0.0,False,334,,,best_passed
ETH,-22.891403141473305,0.0,-0.819007686867522,8,-33.137104712209954,False,phase66g_production_soft_filters,2026-01-24,2026-01-31,0.0,False,336,,,best_passed
ADA,0.0,0.0,0.0,0,0.0,False,phase66g_production_soft_filters,2026-01-31,2026-02-07,0.0,False,244,,,best_passed
AVAX,0.0,0.0,0.0,0,0.0,False,phase66g_production_soft_filters,2026-01-31,2026-02-07,0.0,False,293,,,best_passed
DOGE,0.0,0.0,0.0,0,0.0,False,phase66g_production_soft_filters,2026-01-31,2026-02-07,0.0,False,233,,,best_passed
DOT,0.0,0.0,0.0,0,0.0,False,phase66g_production_soft_filters,2026-01-31,2026-02-07,0.0,False,250,,,best_passed
LINK,0.0,0.0,0.0,0,0.0,False,phase66g_production_soft_filters,2026-01-31,2026-02-07,0.0,False,277,,,best_passed
XRP,0.0,0.0,0.0,0,0.0,False,phase66g_production_soft_filters,2026-01-31,2026-02-07,0.0,False,290,,,best_passed
TRX,-18.309197565359383,0.0,-2.4225350527671843,6,-26.563796348039077,False,phase66g_production_soft_filters,2026-01-31,2026-02-07,0.0,False,334,,,best_passed
BNB,-21.39487112072878,0.0,-3.96081689986395,5,-31.34230668109317,False,phase66g_production_soft_filters,2026-01-31,2026-02-07,0.0,False,334,,,best_passed
ETH,-25.38398228763073,0.0,-1.3764081887529862,8,-36.87597343144609,False,phase66g_production_soft_filters,2026-01-31,2026-02-07,0.0,False,336,,,best_passed
ADA,0.0,0.0,0.0,0,0.0,False,phase66g_production_soft_filters,2026-02-07,2026-02-14,0.0,False,244,,,best_passed
AVAX,0.0,0.0,0.0,0,0.0,False,phase66g_production_soft_filters,2026-02-07,2026-02-14,0.0,False,293,,,best_passed
DOGE,0.0,0.0,0.0,0,0.0,False,phase66g_production_soft_filters,2026-02-07,2026-02-14,0.0,False,233,,,best_passed
DOT,0.0,0.0,0.0,0,0.0,False,phase66g_production_soft_filters,2026-02-07,2026-02-14,0.0,False,250,,,best_passed
LINK,0.0,0.0,0.0,0,0.0,False,phase66g_production_soft_filters,2026-02-07,2026-02-14,0.0,False,277,,,best_passed
XRP,0.0,0.0,0.0,0,0.0,False,phase66g_production_soft_filters,2026-02-07,2026-02-14,0.0,False,290,,,best_passed
TRX,-18.54414688117616,0.0,-2.4225350527672056,6,-26.916220321764243,False,phase66g_production_soft_filters,2026-02-07,2026-02-14,0.0,False,334,,,best_passed
BNB,-21.66941675899929,0.0,-3.9608168998639393,5,-31.754125138498935,False,phase66g_production_soft_filters,2026-02-07,2026-02-14,0.0,False,334,,,best_passed
ETH,-25.70971744068129,0.0,-1.3764081887530182,8,-37.36457616102193,False,phase66g_production_soft_filters,2026-02-07,2026-02-14,0.0,False,336,,,best_passed
ADA,0.0,0.0,0.0,0,0.0,False,phase66g_production_soft_filters,2026-02-14,2026-02-21,0.0,False,244,,,best_passed
AVAX,0.0,0.0,0.0,0,0.0,False,phase66g_production_soft_filters,2026-02-14,2026-02-21,0.0,False,293,,,best_passed
DOGE,0.0,0.0,0.0,0,0.0,False,phase66g_production_soft_filters,2026-02-14,2026-02-21,0.0,False,233,,,best_passed
DOT,0.0,0.0,0.0,0,0.0,False,phase66g_production_soft_filters,2026-02-14,2026-02-21,0.0,False,250,,,best_passed
LINK,0.0,0.0,0.0,0,0.0,False,phase66g_production_soft_filters,2026-02-14,2026-02-21,0.0,False,277,,,best_passed
XRP,0.0,0.0,0.0,0,0.0,False,phase66g_production_soft_filters,2026-02-14,2026-02-21,0.0,False,290,,,best_passed
TRX,-18.610636626706366,0.0,-2.4225350527672056,6,-27.01595494005955,False,phase66g_production_soft_filters,2026-02-14,2026-02-21,0.0,False,334,,,best_passed
BNB,-21.74711211027818,0.0,-3.960816899863982,5,-31.87066816541727,False,phase66g_production_soft_filters,2026-02-14,2026-02-21,0.0,False,334,,,best_passed
ETH,-25.80189922619239,0.0,-1.3764081887529862,8,-37.50284883928858,False,phase66g_production_soft_filters,2026-02-14,2026-02-21,0.0,False,336,,,best_passed
ADA,0.0,0.0,0.0,0,0.0,False,phase66g_production_soft_filters,2026-02-21,2026-02-28,0.0,False,244,,,best_passed
AVAX,0.0,0.0,0.0,0,0.0,False,phase66g_production_soft_filters,2026-02-21,2026-02-28,0.0,False,293,,,best_passed
DOGE,0.0,0.0,0.0,0,0.0,False,phase66g_production_soft_filters,2026-02-21,2026-02-28,0.0,False,233,,,best_passed
DOT,0.0,0.0,0.0,0,0.0,False,phase66g_production_soft_filters,2026-02-21,2026-02-28,0.0,False,250,,,best_passed
LINK,0.0,0.0,0.0,0,0.0,False,phase66g_production_soft_filters,2026-02-21,2026-02-28,0.0,False,277,,,best_passed
XRP,0.0,0.0,0.0,0,0.0,False,phase66g_production_soft_filters,2026-02-21,2026-02-28,0.0,False,290,,,best_passed
TRX,-18.828485611080637,0.0,-2.4225350527672163,6,-27.342728416620957,False,phase66g_production_soft_filters,2026-02-21,2026-02-28,0.0,False,334,,,best_passed
BNB,-22.001675475375066,0.0,-3.960816899863918,5,-32.2525132130626,False,phase66g_production_soft_filters,2026-02-21,2026-02-28,0.0,False,334,,,best_passed
ETH,-26.10392637626215,0.0,-1.3764081887529862,8,-37.955889564393225,False,phase66g_production_soft_filters,2026-02-21,2026-02-28,0.0,False,336,,,best_passed
ADA,0.0,0.0,0.0,0,0.0,False,phase66g_production_soft_filters,2026-02-28,2026-03-07,0.0,False,244,,,best_passed
AVAX,0.0,0.0,0.0,0,0.0,False,phase66g_production_soft_filters,2026-02-28,2026-03-07,0.0,False,293,,,best_passed
DOGE,0.0,0.0,0.0,0,0.0,False,phase66g_production_soft_filters,2026-02-28,2026-03-07,0.0,False,233,,,best_passed
DOT,0.0,0.0,0.0,0,0.0,False,phase66g_production_soft_filters,2026-02-28,2026-03-07,0.0,False,250,,,best_passed
LINK,0.0,0.0,0.0,0,0.0,False,phase66g_production_soft_filters,2026-02-28,2026-03-07,0.0,False,277,,,best_passed
XRP,0.0,0.0,0.0,0,0.0,False,phase66g_production_soft_filters,2026-02-28,2026-03-07,0.0,False,290,,,best_passed
TRX,-19.82586501388228,0.0,-2.4225350527672056,6,-28.83879752082342,False,phase66g_production_soft_filters,2026-02-28,2026-03-07,0.0,False,334,,,best_passed
BNB,-23.167144562987502,0.0,-3.9608168998639606,5,-34.00071684448125,False,phase66g_production_soft_filters,2026-02-28,2026-03-07,0.0,False,334,,,best_passed
ETH,-27.48669921512584,0.0,-1.3764081887529969,8,-40.030048822688755,False,phase66g_production_soft_filters,2026-02-28,2026-03-07,0.0,False,336,,,best_passed
ADA,0.0,0.0,0.0,0,0.0,False,phase66g_production_soft_filters,2026-03-07,2026-03-14,0.0,False,244,,,best_passed
AVAX,0.0,0.0,0.0,0,0.0,False,phase66g_production_soft_filters,2026-03-07,2026-03-14,0.0,False,293,,,best_passed
DOGE,0.0,0.0,0.0,0,0.0,False,phase66g_production_soft_filters,2026-03-07,2026-03-14,0.0,False,233,,,best_passed
DOT,0.0,0.0,0.0,0,0.0,False,phase66g_production_soft_filters,2026-03-07,2026-03-14,0.0,False,250,,,best_passed
LINK,0.0,0.0,0.0,0,0.0,False,phase66g_production_soft_filters,2026-03-07,2026-03-14,0.0,False,277,,,best_passed
XRP,0.0,0.0,0.0,0,0.0,False,phase66g_production_soft_filters,2026-03-07,2026-03-14,0.0,False,290,,,best_passed
TRX,-19.82586501388228,0.0,-2.4225350527672056,6,-28.83879752082342,False,phase66g_production_soft_filters,2026-03-07,2026-03-14,0.0,False,334,,,best_passed
BNB,-23.167144562987502,0.0,-3.9608168998639606,5,-34.00071684448125,False,phase66g_production_soft_filters,2026-03-07,2026-03-14,0.0,False,334,,,best_passed
ETH,-27.48669921512584,0.0,-1.3764081887529969,8,-40.030048822688755,False,phase66g_production_soft_filters,2026-03-07,2026-03-14,0.0,False,336,,,best_passed
ADA,0.0,0.0,0.0,0,0.0,False,phase66g_production_soft_filters,2026-03-14,2026-03-21,0.0,False,244,,,best_passed
AVAX,0.0,0.0,0.0,0,0.0,False,phase66g_production_soft_filters,2026-03-14,2026-03-21,0.0,False,293,,,best_passed
DOGE,0.0,0.0,0.0,0,0.0,False,phase66g_production_soft_filters,2026-03-14,2026-03-21,0.0,False,233,,,best_passed
DOT,0.0,0.0,0.0,0,0.0,False,phase66g_production_soft_filters,2026-03-14,2026-03-21,0.0,False,250,,,best_passed
LINK,0.0,0.0,0.0,0,0.0,False,phase66g_production_soft_filters,2026-03-14,2026-03-21,0.0,False,277,,,best_passed
XRP,0.0,0.0,0.0,0,0.0,False,phase66g_production_soft_filters,2026-03-14,2026-03-21,0.0,False,290,,,best_passed
TRX,-19.82586501388228,0.0,-2.4225350527672056,6,-28.83879752082342,False,phase66g_production_soft_filters,2026-03-14,2026-03-21,0.0,False,334,,,best_passed
BNB,-23.167144562987502,0.0,-3.9608168998639606,5,-34.00071684448125,False,phase66g_production_soft_filters,2026-03-14,2026-03-21,0.0,False,334,,,best_passed
ETH,-27.48669921512584,0.0,-1.3764081887529969,8,-40.030048822688755,False,phase66g_production_soft_filters,2026-03-14,2026-03-21,0.0,False,336,,,best_passed
ADA,0.0,0.0,0.0,0,0.0,False,phase66g_production_soft_filters,2026-03-21,2026-03-28,0.0,False,244,,,best_passed
AVAX,0.0,0.0,0.0,0,0.0,False,phase66g_production_soft_filters,2026-03-21,2026-03-28,0.0,False,293,,,best_passed
DOGE,0.0,0.0,0.0,0,0.0,False,phase66g_production_soft_filters,2026-03-21,2026-03-28,0.0,False,233,,,best_passed
DOT,0.0,0.0,0.0,0,0.0,False,phase66g_production_soft_filters,2026-03-21,2026-03-28,0.0,False,250,,,best_passed
LINK,0.0,0.0,0.0,0,0.0,False,phase66g_production_soft_filters,2026-03-21,2026-03-28,0.0,False,277,,,best_passed
XRP,0.0,0.0,0.0,0,0.0,False,phase66g_production_soft_filters,2026-03-21,2026-03-28,0.0,False,290,,,best_passed
TRX,-19.82586501388228,0.0,-2.4225350527672056,6,-28.83879752082342,False,phase66g_production_soft_filters,2026-03-21,2026-03-28,0.0,False,334,,,best_passed
BNB,-23.167144562987502,0.0,-3.9608168998639606,5,-34.00071684448125,False,phase66g_production_soft_filters,2026-03-21,2026-03-28,0.0,False,334,,,best_passed
ETH,-27.48669921512584,0.0,-1.3764081887529969,8,-40.030048822688755,False,phase66g_production_soft_filters,2026-03-21,2026-03-28,0.0,False,336,,,best_passed
ADA,0.0,0.0,0.0,0,0.0,False,phase66g_production_soft_filters,2026-03-28,2026-03-30,0.0,False,244,,,best_passed
AVAX,0.0,0.0,0.0,0,0.0,False,phase66g_production_soft_filters,2026-03-28,2026-03-30,0.0,False,293,,,best_passed
DOGE,0.0,0.0,0.0,0,0.0,False,phase66g_production_soft_filters,2026-03-28,2026-03-30,0.0,False,233,,,best_passed
DOT,0.0,0.0,0.0,0,0.0,False,phase66g_production_soft_filters,2026-03-28,2026-03-30,0.0,False,250,,,best_passed
LINK,0.0,0.0,0.0,0,0.0,False,phase66g_production_soft_filters,2026-03-28,2026-03-30,0.0,False,277,,,best_passed
XRP,0.0,0.0,0.0,0,0.0,False,phase66g_production_soft_filters,2026-03-28,2026-03-30,0.0,False,290,,,best_passed
TRX,-19.82586501388228,0.0,-2.4225350527672056,6,-28.83879752082342,False,phase66g_production_soft_filters,2026-03-28,2026-03-30,0.0,False,334,,,best_passed
BNB,-23.167144562987502,0.0,-3.9608168998639606,5,-34.00071684448125,False,phase66g_production_soft_filters,2026-03-28,2026-03-30,0.0,False,334,,,best_passed
ETH,-27.48669921512584,0.0,-1.3764081887529969,8,-40.030048822688755,False,phase66g_production_soft_filters,2026-03-28,2026-03-30,0.0,False,336,,,best_passed
