ts,selected,gross_exposure,raw_strategy_ret,turnover,cost,strategy_ret,selected_ret_next,kill_day,equity
2018-05-04,CASH,0.0,0.0,0.0,0.0,0.0,0.0,0,1.0
2018-05-05,CASH,0.0,0.0,0.0,0.0,0.0,0.0,0,1.0
2018-05-06,CASH,0.0,0.0,0.0,0.0,0.0,0.0,1,1.0
2018-05-07,CASH,0.0,0.0,0.0,0.0,0.0,0.0,1,1.0
2018-05-08,CASH,0.0,0.0,0.0,0.0,0.0,0.0,1,1.0
2018-05-09,CASH,0.0,0.0,0.0,0.0,0.0,0.0,1,1.0
2018-05-10,CASH,0.0,0.0,0.0,0.0,0.0,0.0,1,1.0
2018-05-11,CASH,0.0,0.0,0.0,0.0,0.0,0.0,1,1.0
2018-05-12,CASH,0.0,0.0,0.0,0.0,0.0,0.0,1,1.0
2018-05-13,CASH,0.0,0.0,0.0,0.0,0.0,0.0,1,1.0
2018-05-14,CASH,0.0,0.0,0.0,0.0,0.0,0.0,0,1.0
2018-05-15,CASH,0.0,0.0,0.0,0.0,0.0,0.0,1,1.0
2018-05-16,CASH,0.0,0.0,0.0,0.0,0.0,0.0,1,1.0
2018-05-17,CASH,0.0,0.0,0.0,0.0,0.0,0.0,1,1.0
2018-05-18,CASH,0.0,0.0,0.0,0.0,0.0,0.0,1,1.0
2018-05-19,CASH,0.0,0.0,0.0,0.0,0.0,0.0,1,1.0
2018-05-20,CASH,0.0,0.0,0.0,0.0,0.0,0.0,0,1.0
2018-05-21,CASH,0.0,0.0,0.0,0.0,0.0,0.0,0,1.0
2018-05-22,CASH,0.0,0.0,0.0,0.0,0.0,0.0,1,1.0
2018-05-23,CASH,0.0,0.0,0.0,0.0,0.0,0.0,1,1.0
2018-05-24,CASH,0.0,0.0,0.0,0.0,0.0,0.0,1,1.0
2018-05-25,CASH,0.0,0.0,0.0,0.0,0.0,0.0,1,1.0
2018-05-26,CASH,0.0,0.0,0.0,0.0,0.0,0.0,1,1.0
2018-05-27,CASH,0.0,0.0,0.0,0.0,0.0,0.0,1,1.0
2018-05-28,CASH,0.0,0.0,0.0,0.0,0.0,0.0,1,1.0
2018-05-29,CASH,0.0,0.0,0.0,0.0,0.0,0.0,0,1.0
2018-05-30,CASH,0.0,0.0,0.0,0.0,0.0,0.0,0,1.0
2018-05-31,CASH,0.0,0.0,0.0,0.0,0.0,0.0,0,1.0
2018-06-01,CASH,0.0,0.0,0.0,0.0,0.0,0.0,0,1.0
2018-06-02,CASH,0.0,0.0,0.0,0.0,0.0,0.0,0,1.0
2018-06-03,CASH,0.0,0.0,0.0,0.0,0.0,0.0,0,1.0
2018-06-04,CASH,0.0,0.0,0.0,0.0,0.0,0.0,1,1.0
2018-06-05,CASH,0.0,0.0,0.0,0.0,0.0,0.0,1,1.0
2018-06-06,CASH,0.0,0.0,0.0,0.0,0.0,0.0,1,1.0
2018-06-07,CASH,0.0,0.0,0.0,0.0,0.0,0.0,0,1.0
2018-06-08,CASH,0.0,0.0,0.0,0.0,0.0,0.0,1,1.0
2018-06-09,CASH,0.0,0.0,0.0,0.0,0.0,0.0,1,1.0
2018-06-10,CASH,0.0,0.0,0.0,0.0,0.0,0.0,1,1.0
2018-06-11,CASH,0.0,0.0,0.0,0.0,0.0,0.0,1,1.0
2018-06-12,CASH,0.0,0.0,0.0,0.0,0.0,0.0,1,1.0
2018-06-13,CASH,0.0,0.0,0.0,0.0,0.0,0.0,1,1.0
2018-06-14,CASH,0.0,0.0,0.0,0.0,0.0,0.0,1,1.0
2018-06-15,CASH,0.0,0.0,0.0,0.0,0.0,0.0,1,1.0
2018-06-16,CASH,0.0,0.0,0.0,0.0,0.0,0.0,0,1.0
2018-06-17,CASH,0.0,0.0,0.0,0.0,0.0,0.0,1,1.0
2018-06-18,CASH,0.0,0.0,0.0,0.0,0.0,0.0,0,1.0
2018-06-19,CASH,0.0,0.0,0.0,0.0,0.0,0.0,0,1.0
2018-06-20,CASH,0.0,0.0,0.0,0.0,0.0,0.0,0,1.0
2018-06-21,CASH,0.0,0.0,0.0,0.0,0.0,0.0,0,1.0
2018-06-22,CASH,0.0,0.0,0.0,0.0,0.0,0.0,1,1.0
2018-06-23,CASH,0.0,0.0,0.0,0.0,0.0,0.0,1,1.0
2018-06-24,CASH,0.0,0.0,0.0,0.0,0.0,0.0,1,1.0
2018-06-25,CASH,0.0,0.0,0.0,0.0,0.0,0.0,0,1.0
2018-06-26,CASH,0.0,0.0,0.0,0.0,0.0,0.0,1,1.0
2018-06-27,CASH,0.0,0.0,0.0,0.0,0.0,0.0,1,1.0
2018-06-28,CASH,0.0,0.0,0.0,0.0,0.0,0.0,1,1.0
2018-06-29,CASH,0.0,0.0,0.0,0.0,0.0,0.0,0,1.0
2018-06-30,CASH,0.0,0.0,0.0,0.0,0.0,0.0,0,1.0
2018-07-01,CASH,0.0,0.0,0.0,0.0,0.0,0.0,0,1.0
2018-07-02,CASH,0.0,0.0,0.0,0.0,0.0,0.0,0,1.0
2018-07-03,CASH,0.0,0.0,0.0,0.0,0.0,0.0,0,1.0
2018-07-04,CASH,0.0,0.0,0.0,0.0,0.0,0.0,0,1.0
2018-07-05,CASH,0.0,0.0,0.0,0.0,0.0,0.0,1,1.0
2018-07-06,CASH,0.0,0.0,0.0,0.0,0.0,0.0,0,1.0
2018-07-07,CASH,0.0,0.0,0.0,0.0,0.0,0.0,0,1.0
2018-07-08,CASH,0.0,0.0,0.0,0.0,0.0,0.0,0,1.0
2018-07-09,CASH,0.0,0.0,0.0,0.0,0.0,0.0,0,1.0
2018-07-10,CASH,0.0,0.0,0.0,0.0,0.0,0.0,1,1.0
2018-07-11,CASH,0.0,0.0,0.0,0.0,0.0,0.0,1,1.0
2018-07-12,CASH,0.0,0.0,0.0,0.0,0.0,0.0,1,1.0
2018-07-13,CASH,0.0,0.0,0.0,0.0,0.0,0.0,1,1.0
2018-07-14,CASH,0.0,0.0,0.0,0.0,0.0,0.0,1,1.0
2018-07-15,CASH,0.0,0.0,0.0,0.0,0.0,0.0,0,1.0
2018-07-16,CASH,0.0,0.0,0.0,0.0,0.0,0.0,0,1.0
2018-07-17,CASH,0.0,0.0,0.0,0.0,0.0,0.0,0,1.0
2018-07-18,CASH,0.0,0.0,0.0,0.0,0.0,0.0,0,1.0
2018-07-19,CASH,0.0,0.0,0.0,0.0,0.0,0.0,0,1.0
2018-07-20,CASH,0.0,0.0,0.0,0.0,0.0,0.0,0,1.0
2018-07-21,CASH,0.0,0.0,0.0,0.0,0.0,0.0,0,1.0
2018-07-22,CASH,0.0,0.0,0.0,0.0,0.0,0.0,1,1.0
2018-07-23,CASH,0.0,0.0,0.0,0.0,0.0,0.0,0,1.0
2018-07-24,CASH,0.0,0.0,0.0,0.0,0.0,0.0,0,1.0
2018-07-25,CASH,0.0,0.0,0.0,0.0,0.0,0.0,0,1.0
2018-07-26,CASH,0.0,0.0,0.0,0.0,0.0,0.0,0,1.0
2018-07-27,CASH,0.0,0.0,0.0,0.0,0.0,0.0,1,1.0
2018-07-28,CASH,0.0,0.0,0.0,0.0,0.0,0.0,0,1.0
2018-07-29,CASH,0.0,0.0,0.0,0.0,0.0,0.0,0,1.0
2018-07-30,CASH,0.0,0.0,0.0,0.0,0.0,0.0,1,1.0
2018-07-31,CASH,0.0,0.0,0.0,0.0,0.0,0.0,1,1.0
2018-08-01,CASH,0.0,0.0,0.0,0.0,0.0,0.0,1,1.0
2018-08-02,CASH,0.0,0.0,0.0,0.0,0.0,0.0,1,1.0
2018-08-03,CASH,0.0,0.0,0.0,0.0,0.0,0.0,1,1.0
2018-08-04,CASH,0.0,0.0,0.0,0.0,0.0,0.0,1,1.0
2018-08-05,CASH,0.0,0.0,0.0,0.0,0.0,0.0,1,1.0
2018-08-06,CASH,0.0,0.0,0.0,0.0,0.0,0.0,1,1.0
2018-08-07,CASH,0.0,0.0,0.0,0.0,0.0,0.0,1,1.0
2018-08-08,CASH,0.0,0.0,0.0,0.0,0.0,0.0,1,1.0
2018-08-09,CASH,0.0,0.0,0.0,0.0,0.0,0.0,1,1.0
2018-08-10,CASH,0.0,0.0,0.0,0.0,0.0,0.0,1,1.0
2018-08-11,CASH,0.0,0.0,0.0,0.0,0.0,0.0,1,1.0
2018-08-12,CASH,0.0,0.0,0.0,0.0,0.0,0.0,1,1.0
2018-08-13,CASH,0.0,0.0,0.0,0.0,0.0,0.0,0,1.0
2018-08-14,CASH,0.0,0.0,0.0,0.0,0.0,0.0,1,1.0
2018-08-15,CASH,0.0,0.0,0.0,0.0,0.0,0.0,1,1.0
2018-08-16,CASH,0.0,0.0,0.0,0.0,0.0,0.0,0,1.0
2018-08-17,CASH,0.0,0.0,0.0,0.0,0.0,0.0,0,1.0
2018-08-18,CASH,0.0,0.0,0.0,0.0,0.0,0.0,0,1.0
2018-08-19,CASH,0.0,0.0,0.0,0.0,0.0,0.0,0,1.0
2018-08-20,CASH,0.0,0.0,0.0,0.0,0.0,0.0,1,1.0
2018-08-21,CASH,0.0,0.0,0.0,0.0,0.0,0.0,0,1.0
2018-08-22,CASH,0.0,0.0,0.0,0.0,0.0,0.0,1,1.0
2018-08-23,CASH,0.0,0.0,0.0,0.0,0.0,0.0,0,1.0
2018-08-24,CASH,0.0,0.0,0.0,0.0,0.0,0.0,0,1.0
2018-08-25,CASH,0.0,0.0,0.0,0.0,0.0,0.0,0,1.0
2018-08-26,CASH,0.0,0.0,0.0,0.0,0.0,0.0,0,1.0
2018-08-27,CASH,0.0,0.0,0.0,0.0,0.0,0.0,0,1.0
2018-08-28,CASH,0.0,0.0,0.0,0.0,0.0,0.0,0,1.0
2018-08-29,CASH,0.0,0.0,0.0,0.0,0.0,0.0,0,1.0
2018-08-30,CASH,0.0,0.0,0.0,0.0,0.0,0.0,0,1.0
2018-08-31,CASH,0.0,0.0,0.0,0.0,0.0,0.0,1,1.0
2018-09-01,CASH,0.0,0.0,0.0,0.0,0.0,0.0,0,1.0
2018-09-02,CASH,0.0,0.0,0.0,0.0,0.0,0.0,0,1.0
2018-09-03,CASH,0.0,0.0,0.0,0.0,0.0,0.0,0,1.0
2018-09-04,CASH,0.0,0.0,0.0,0.0,0.0,0.0,0,1.0
2018-09-05,CASH,0.0,0.0,0.0,0.0,0.0,0.0,1,1.0
2018-09-06,CASH,0.0,0.0,0.0,0.0,0.0,0.0,1,1.0
2018-09-07,CASH,0.0,0.0,0.0,0.0,0.0,0.0,1,1.0
2018-09-08,CASH,0.0,0.0,0.0,0.0,0.0,0.0,1,1.0
2018-09-09,CASH,0.0,0.0,0.0,0.0,0.0,0.0,1,1.0
2018-09-10,CASH,0.0,0.0,0.0,0.0,0.0,0.0,1,1.0
2018-09-11,CASH,0.0,0.0,0.0,0.0,0.0,0.0,0,1.0
2018-09-12,CASH,0.0,0.0,0.0,0.0,0.0,0.0,0,1.0
2018-09-13,CASH,0.0,0.0,0.0,0.0,0.0,0.0,0,1.0
2018-09-14,CASH,0.0,0.0,0.0,0.0,0.0,0.0,0,1.0
2018-09-15,CASH,0.0,0.0,0.0,0.0,0.0,0.0,0,1.0
2018-09-16,CASH,0.0,0.0,0.0,0.0,0.0,0.0,0,1.0
2018-09-17,CASH,0.0,0.0,0.0,0.0,0.0,0.0,1,1.0
2018-09-18,CASH,0.0,0.0,0.0,0.0,0.0,0.0,1,1.0
2018-09-19,CASH,0.0,0.0,0.0,0.0,0.0,0.0,1,1.0
2018-09-20,CASH,0.0,0.0,0.0,0.0,0.0,0.0,0,1.0
2018-09-21,CASH,0.0,0.0,0.0,0.0,0.0,0.0,0,1.0
2018-09-22,CASH,0.0,0.0,0.0,0.0,0.0,0.0,0,1.0
2018-09-23,CASH,0.0,0.0,0.0,0.0,0.0,0.0,0,1.0
2018-09-24,CASH,0.0,0.0,0.0,0.0,0.0,0.0,1,1.0
2018-09-25,CASH,0.0,0.0,0.0,0.0,0.0,0.0,1,1.0
2018-09-26,CASH,0.0,0.0,0.0,0.0,0.0,0.0,1,1.0
2018-09-27,CASH,0.0,0.0,0.0,0.0,0.0,0.0,0,1.0
2018-09-28,CASH,0.0,0.0,0.0,0.0,0.0,0.0,0,1.0
2018-09-29,CASH,0.0,0.0,0.0,0.0,0.0,0.0,0,1.0
2018-09-30,CASH,0.0,0.0,0.0,0.0,0.0,0.0,1,1.0
2018-10-01,CASH,0.0,0.0,0.0,0.0,0.0,0.0,1,1.0
2018-10-02,CASH,0.0,0.0,0.0,0.0,0.0,0.0,1,1.0
2018-10-03,CASH,0.0,0.0,0.0,0.0,0.0,0.0,1,1.0
2018-10-04,CASH,0.0,0.0,0.0,0.0,0.0,0.0,1,1.0
2018-10-05,CASH,0.0,0.0,0.0,0.0,0.0,0.0,0,1.0
2018-10-06,CASH,0.0,0.0,0.0,0.0,0.0,0.0,0,1.0
2018-10-07,CASH,0.0,0.0,0.0,0.0,0.0,0.0,0,1.0
2018-10-08,CASH,0.0,0.0,0.0,0.0,0.0,0.0,0,1.0
2018-10-09,CASH,0.0,0.0,0.0,0.0,0.0,0.0,0,1.0
2018-10-10,CASH,0.0,0.0,0.0,0.0,0.0,0.0,0,1.0
2018-10-11,CASH,0.0,0.0,0.0,0.0,0.0,0.0,1,1.0
2018-10-12,CASH,0.0,0.0,0.0,0.0,0.0,0.0,1,1.0
2018-10-13,CASH,0.0,0.0,0.0,0.0,0.0,0.0,1,1.0
2018-10-14,CASH,0.0,0.0,0.0,0.0,0.0,0.0,0,1.0
2018-10-15,CASH,0.0,0.0,0.0,0.0,0.0,0.0,0,1.0
2018-10-16,CASH,0.0,0.0,0.0,0.0,0.0,0.0,0,1.0
2018-10-17,CASH,0.0,0.0,0.0,0.0,0.0,0.0,0,1.0
2018-10-18,CASH,0.0,0.0,0.0,0.0,0.0,0.0,1,1.0
2018-10-19,CASH,0.0,0.0,0.0,0.0,0.0,0.0,1,1.0
2018-10-20,CASH,0.0,0.0,0.0,0.0,0.0,0.0,1,1.0
2018-10-21,CASH,0.0,0.0,0.0,0.0,0.0,0.0,1,1.0
2018-10-22,CASH,0.0,0.0,0.0,0.0,0.0,0.0,0,1.0
2018-10-23,CASH,0.0,0.0,0.0,0.0,0.0,0.0,1,1.0
2018-10-24,CASH,0.0,0.0,0.0,0.0,0.0,0.0,1,1.0
2018-10-25,CASH,0.0,0.0,0.0,0.0,0.0,0.0,1,1.0
2018-10-26,CASH,0.0,0.0,0.0,0.0,0.0,0.0,1,1.0
2018-10-27,CASH,0.0,0.0,0.0,0.0,0.0,0.0,1,1.0
2018-10-28,CASH,0.0,0.0,0.0,0.0,0.0,0.0,1,1.0
2018-10-29,CASH,0.0,0.0,0.0,0.0,0.0,0.0,1,1.0
2018-10-30,CASH,0.0,0.0,0.0,0.0,0.0,0.0,1,1.0
2018-10-31,CASH,0.0,0.0,0.0,0.0,0.0,0.0,1,1.0
2018-11-01,CASH,0.0,0.0,0.0,0.0,0.0,0.0,0,1.0
2018-11-02,CASH,0.0,0.0,0.0,0.0,0.0,0.0,0,1.0
2018-11-03,CASH,0.0,0.0,0.0,0.0,0.0,0.0,0,1.0
2018-11-04,CASH,0.0,0.0,0.0,0.0,0.0,0.0,0,1.0
2018-11-05,CASH,0.0,0.0,0.0,0.0,0.0,0.0,0,1.0
2018-11-06,CASH,0.0,0.0,0.0,0.0,0.0,0.0,0,1.0
2018-11-07,CASH,0.0,0.0,0.0,0.0,0.0,0.0,0,1.0
2018-11-08,CASH,0.0,0.0,0.0,0.0,0.0,0.0,0,1.0
2018-11-09,CASH,0.0,0.0,0.0,0.0,0.0,0.0,1,1.0
2018-11-10,CASH,0.0,0.0,0.0,0.0,0.0,0.0,1,1.0
2018-11-11,CASH,0.0,0.0,0.0,0.0,0.0,0.0,1,1.0
2018-11-12,CASH,0.0,0.0,0.0,0.0,0.0,0.0,0,1.0
2018-11-13,CASH,0.0,0.0,0.0,0.0,0.0,0.0,0,1.0
2018-11-14,CASH,0.0,0.0,0.0,0.0,0.0,0.0,1,1.0
2018-11-15,CASH,0.0,0.0,0.0,0.0,0.0,0.0,1,1.0
2018-11-16,CASH,0.0,0.0,0.0,0.0,0.0,0.0,1,1.0
2018-11-17,CASH,0.0,0.0,0.0,0.0,0.0,0.0,1,1.0
2018-11-18,CASH,0.0,0.0,0.0,0.0,0.0,0.0,1,1.0
2018-11-19,CASH,0.0,0.0,0.0,0.0,0.0,0.0,1,1.0
2018-11-20,CASH,0.0,0.0,0.0,0.0,0.0,0.0,1,1.0
2018-11-21,CASH,0.0,0.0,0.0,0.0,0.0,0.0,1,1.0
2018-11-22,CASH,0.0,0.0,0.0,0.0,0.0,0.0,1,1.0
2018-11-23,CASH,0.0,0.0,0.0,0.0,0.0,0.0,1,1.0
2018-11-24,CASH,0.0,0.0,0.0,0.0,0.0,0.0,1,1.0
2018-11-25,CASH,0.0,0.0,0.0,0.0,0.0,0.0,1,1.0
2018-11-26,CASH,0.0,0.0,0.0,0.0,0.0,0.0,1,1.0
2018-11-27,CASH,0.0,0.0,0.0,0.0,0.0,0.0,1,1.0
2018-11-28,CASH,0.0,0.0,0.0,0.0,0.0,0.0,0,1.0
2018-11-29,CASH,0.0,0.0,0.0,0.0,0.0,0.0,0,1.0
2018-11-30,CASH,0.0,0.0,0.0,0.0,0.0,0.0,0,1.0
2018-12-01,CASH,0.0,0.0,0.0,0.0,0.0,0.0,1,1.0
2018-12-02,CASH,0.0,0.0,0.0,0.0,0.0,0.0,1,1.0
2018-12-03,CASH,0.0,0.0,0.0,0.0,0.0,0.0,1,1.0
2018-12-04,CASH,0.0,0.0,0.0,0.0,0.0,0.0,1,1.0
2018-12-05,CASH,0.0,0.0,0.0,0.0,0.0,0.0,1,1.0
2018-12-06,CASH,0.0,0.0,0.0,0.0,0.0,0.0,1,1.0
2018-12-07,CASH,0.0,0.0,0.0,0.0,0.0,0.0,1,1.0
2018-12-08,CASH,0.0,0.0,0.0,0.0,0.0,0.0,1,1.0
2018-12-09,CASH,0.0,0.0,0.0,0.0,0.0,0.0,0,1.0
2018-12-10,CASH,0.0,0.0,0.0,0.0,0.0,0.0,0,1.0
2018-12-11,CASH,0.0,0.0,0.0,0.0,0.0,0.0,1,1.0
2018-12-12,CASH,0.0,0.0,0.0,0.0,0.0,0.0,1,1.0
2018-12-13,CASH,0.0,0.0,0.0,0.0,0.0,0.0,1,1.0
2018-12-14,CASH,0.0,0.0,0.0,0.0,0.0,0.0,1,1.0
2018-12-15,CASH,0.0,0.0,0.0,0.0,0.0,0.0,1,1.0
2018-12-16,CASH,0.0,0.0,0.0,0.0,0.0,0.0,1,1.0
2018-12-17,CASH,0.0,0.0,0.0,0.0,0.0,0.0,0,1.0
2018-12-18,CASH,0.0,0.0,0.0,0.0,0.0,0.0,0,1.0
2018-12-19,CASH,0.0,0.0,0.0,0.0,0.0,0.0,0,1.0
2018-12-20,CASH,0.0,0.0,0.0,0.0,0.0,0.0,0,1.0
2018-12-21,CASH,0.0,0.0,0.0,0.0,0.0,0.0,0,1.0
2018-12-22,CASH,0.0,0.0,0.0,0.0,0.0,0.0,0,1.0
2018-12-23,CASH,0.0,0.0,0.0,0.0,0.0,0.0,1,1.0
2018-12-24,CASH,0.0,0.0,0.0,0.0,0.0,0.0,0,1.0
2018-12-25,CASH,0.0,0.0,0.0,0.0,0.0,0.0,1,1.0
2018-12-26,CASH,0.0,0.0,0.0,0.0,0.0,0.0,1,1.0
2018-12-27,CASH,0.0,0.0,0.0,0.0,0.0,0.0,1,1.0
2018-12-28,CASH,0.0,0.0,0.0,0.0,0.0,0.0,0,1.0
2018-12-29,CASH,0.0,0.0,0.0,0.0,0.0,0.0,1,1.0
2018-12-30,CASH,0.0,0.0,0.0,0.0,0.0,0.0,0,1.0
2018-12-31,CASH,0.0,0.0,0.0,0.0,0.0,0.0,1,1.0
2019-01-01,CASH,0.0,0.0,0.0,0.0,0.0,0.0,0,1.0
2019-01-02,CASH,0.0,0.0,0.0,0.0,0.0,0.0,0,1.0
2019-01-03,CASH,0.0,0.0,0.0,0.0,0.0,0.0,0,1.0
2019-01-04,CASH,0.0,0.0,0.0,0.0,0.0,0.0,1,1.0
2019-01-05,CASH,0.0,0.0,0.0,0.0,0.0,0.0,1,1.0
2019-01-06,CASH,0.0,0.0,0.0,0.0,0.0,0.0,0,1.0
2019-01-07,CASH,0.0,0.0,0.0,0.0,0.0,0.0,0,1.0
2019-01-08,CASH,0.0,0.0,0.0,0.0,0.0,0.0,0,1.0
2019-01-09,CASH,0.0,0.0,0.0,0.0,0.0,0.0,1,1.0
2019-01-10,CASH,0.0,0.0,0.0,0.0,0.0,0.0,1,1.0
2019-01-11,CASH,0.0,0.0,0.0,0.0,0.0,0.0,1,1.0
2019-01-12,CASH,0.0,0.0,0.0,0.0,0.0,0.0,1,1.0
2019-01-13,CASH,0.0,0.0,0.0,0.0,0.0,0.0,1,1.0
2019-01-14,CASH,0.0,0.0,0.0,0.0,0.0,0.0,0,1.0
2019-01-15,CASH,0.0,0.0,0.0,0.0,0.0,0.0,1,1.0
2019-01-16,CASH,0.0,0.0,0.0,0.0,0.0,0.0,0,1.0
2019-01-17,CASH,0.0,0.0,0.0,0.0,0.0,0.0,1,1.0
2019-01-18,CASH,0.0,0.0,0.0,0.0,0.0,0.0,0,1.0
2019-01-19,CASH,0.0,0.0,0.0,0.0,0.0,0.0,0,1.0
2019-01-20,CASH,0.0,0.0,0.0,0.0,0.0,0.0,1,1.0
2019-01-21,CASH,0.0,0.0,0.0,0.0,0.0,0.0,1,1.0
2019-01-22,CASH,0.0,0.0,0.0,0.0,0.0,0.0,1,1.0
2019-01-23,CASH,0.0,0.0,0.0,0.0,0.0,0.0,0,1.0
2019-01-24,CASH,0.0,0.0,0.0,0.0,0.0,0.0,0,1.0
2019-01-25,CASH,0.0,0.0,0.0,0.0,0.0,0.0,1,1.0
2019-01-26,CASH,0.0,0.0,0.0,0.0,0.0,0.0,0,1.0
2019-01-27,CASH,0.0,0.0,0.0,0.0,0.0,0.0,1,1.0
2019-01-28,CASH,0.0,0.0,0.0,0.0,0.0,0.0,1,1.0
2019-01-29,CASH,0.0,0.0,0.0,0.0,0.0,0.0,1,1.0
2019-01-30,CASH,0.0,0.0,0.0,0.0,0.0,0.0,1,1.0
2019-01-31,CASH,0.0,0.0,0.0,0.0,0.0,0.0,1,1.0
2019-02-01,CASH,0.0,0.0,0.0,0.0,0.0,0.0,0,1.0
2019-02-02,CASH,0.0,0.0,0.0,0.0,0.0,0.0,0,1.0
2019-02-03,CASH,0.0,0.0,0.0,0.0,0.0,0.0,0,1.0
2019-02-04,CASH,0.0,0.0,0.0,0.0,0.0,0.0,0,1.0
2019-02-05,CASH,0.0,0.0,0.0,0.0,0.0,0.0,1,1.0
2019-02-06,CASH,0.0,0.0,0.0,0.0,0.0,0.0,1,1.0
2019-02-07,CASH,0.0,0.0,0.0,0.0,0.0,0.0,1,1.0
2019-02-08,CASH,0.0,0.0,0.0,0.0,0.0,0.0,0,1.0
2019-02-09,CASH,0.0,0.0,0.0,0.0,0.0,0.0,0,1.0
2019-02-10,CASH,0.0,0.0,0.0,0.0,0.0,0.0,0,1.0
2019-02-11,CASH,0.0,0.0,0.0,0.0,0.0,0.0,1,1.0
2019-02-12,CASH,0.0,0.0,0.0,0.0,0.0,0.0,1,1.0
2019-02-13,CASH,0.0,0.0,0.0,0.0,0.0,0.0,1,1.0
2019-02-14,CASH,0.0,0.0,0.0,0.0,0.0,0.0,1,1.0
2019-02-15,CASH,0.0,0.0,0.0,0.0,0.0,0.0,1,1.0
2019-02-16,CASH,0.0,0.0,0.0,0.0,0.0,0.0,0,1.0
2019-02-17,CASH,0.0,0.0,0.0,0.0,0.0,0.0,0,1.0
2019-02-18,CASH,0.0,0.0,0.0,0.0,0.0,0.0,0,1.0
2019-02-19,CASH,0.0,0.0,0.0,0.0,0.0,0.0,0,1.0
2019-02-20,CASH,0.0,0.0,0.0,0.0,0.0,0.0,0,1.0
2019-02-21,CASH,0.0,0.0,0.0,0.0,0.0,0.0,0,1.0
2019-02-22,CASH,0.0,0.0,0.0,0.0,0.0,0.0,0,1.0
2019-02-23,CASH,0.0,0.0,0.0,0.0,0.0,0.0,0,1.0
2019-02-24,CASH,0.0,0.0,0.0,0.0,0.0,0.0,1,1.0
2019-02-25,CASH,0.0,0.0,0.0,0.0,0.0,0.0,1,1.0
2019-02-26,CASH,0.0,0.0,0.0,0.0,0.0,0.0,1,1.0
2019-02-27,CASH,0.0,0.0,0.0,0.0,0.0,0.0,0,1.0
2019-02-28,CASH,0.0,0.0,0.0,0.0,0.0,0.0,1,1.0
2019-03-01,CASH,0.0,0.0,0.0,0.0,0.0,0.0,0,1.0
2019-03-02,CASH,0.0,0.0,0.0,0.0,0.0,0.0,0,1.0
2019-03-03,CASH,0.0,0.0,0.0,0.0,0.0,0.0,1,1.0
2019-03-04,CASH,0.0,0.0,0.0,0.0,0.0,0.0,1,1.0
2019-03-05,CASH,0.0,0.0,0.0,0.0,0.0,0.0,0,1.0
2019-03-06,CASH,0.0,0.0,0.0,0.0,0.0,0.0,0,1.0
2019-03-07,CASH,0.0,0.0,0.0,0.0,0.0,0.0,0,1.0
2019-03-08,CASH,0.0,0.0,0.0,0.0,0.0,0.0,0,1.0
2019-03-09,CASH,0.0,0.0,0.0,0.0,0.0,0.0,0,1.0
2019-03-10,CASH,0.0,0.0,0.0,0.0,0.0,0.0,0,1.0
2019-03-11,CASH,0.0,0.0,0.0,0.0,0.0,0.0,0,1.0
2019-03-12,CASH,0.0,0.0,0.0,0.0,0.0,0.0,1,1.0
2019-03-13,CASH,0.0,0.0,0.0,0.0,0.0,0.0,1,1.0
2019-03-14,CASH,0.0,0.0,0.0,0.0,0.0,0.0,0,1.0
2019-03-15,CASH,0.0,0.0,0.0,0.0,0.0,0.0,0,1.0
2019-03-16,CASH,0.0,0.0,0.0,0.0,0.0,0.0,0,1.0
2019-03-17,CASH,0.0,0.0,0.0,0.0,0.0,0.0,0,1.0
2019-03-18,CASH,0.0,0.0,0.0,0.0,0.0,0.0,0,1.0
2019-03-19,CASH,0.0,0.0,0.0,0.0,0.0,0.0,0,1.0
2019-03-20,CASH,0.0,0.0,0.0,0.0,0.0,0.0,0,1.0
2019-03-21,CASH,0.0,0.0,0.0,0.0,0.0,0.0,1,1.0
2019-03-22,CASH,0.0,0.0,0.0,0.0,0.0,0.0,1,1.0
2019-03-23,CASH,0.0,0.0,0.0,0.0,0.0,0.0,1,1.0
2019-03-24,CASH,0.0,0.0,0.0,0.0,0.0,0.0,0,1.0
2019-03-25,CASH,0.0,0.0,0.0,0.0,0.0,0.0,1,1.0
2019-03-26,CASH,0.0,0.0,0.0,0.0,0.0,0.0,1,1.0
2019-03-27,LTCUSDT,1.0,-0.01529947916666663,1.0,0.0015,-0.01679947916666663,-0.01529947916666663,0,0.9832005208333334
2019-03-28,BNBUSDT,1.0,-0.011472114721147175,2.0,0.003,-0.014472114721147174,-0.011472114721147175,0,0.9689715301019418
2019-03-29,BNBUSDT,1.0,0.02982039780762702,0.0,0.0,0.02982039780762702,0.02982039780762702,0,0.9978666465938467
2019-03-30,BNBUSDT,1.0,0.03365435620572188,0.0,0.0,0.03365435620572188,0.03365435620572188,0,1.0314492061641252
2019-03-31,BNBUSDT,1.0,0.020025545114496834,0.0,0.0,0.020025545114496834,0.020025545114496834,0,1.0521045387754768
2019-04-01,BNBUSDT,1.0,0.10211417199588557,0.0,0.0,0.10211417199588557,0.10211417199588557,0,1.1595393226056476
2019-04-02,BNBUSDT,1.0,-0.0591717176840556,0.0,0.0,-0.0591717176840556,-0.0591717176840556,0,1.0909273891648652
2019-04-03,BNBUSDT,1.0,0.023888209004307548,0.0,0.0,0.023888209004307548,0.023888209004307548,0,1.116987690645759
2019-04-04,CASH,0.0,0.0,1.0,0.0015,-0.0015,0.0,0,1.1153122091097905
2019-04-05,BNBUSDT,1.0,-0.015036895129016736,1.0,0.0015,-0.016536895129016738,-0.015036895129016736,0,1.0968684080716298
2019-04-06,BNBUSDT,1.0,-0.006406458884898658,0.0,0.0,-0.006406458884898658,-0.006406458884898658,0,1.0898413657131747
2019-04-07,BNBUSDT,1.0,-0.05142383774001058,0.0,0.0,-0.05142383774001058,-0.05142383774001058,0,1.033797540160389
2019-04-08,BNBUSDT,1.0,0.017838766916791426,0.0,0.0,0.017838766916791426,0.017838766916791426,0,1.0522392135184624
2019-04-09,ETHUSDT,1.0,0.014432989690721598,2.0,0.003,0.011432989690721599,0.014432989690721598,0,1.064269453598792
2019-04-10,BNBUSDT,1.0,-0.03752741228070178,2.0,0.003,-0.04052741228070178,-0.03752741228070178,0,1.0211373666750365
2019-04-11,CASH,0.0,0.0,1.0,0.0015,-0.0015,0.0,1,1.0196056606250241
2019-04-12,CASH,0.0,0.0,0.0,0.0,0.0,0.0,1,1.0196056606250241
2019-04-13,CASH,0.0,0.0,0.0,0.0,0.0,0.0,1,1.0196056606250241
2019-04-14,CASH,0.0,0.0,0.0,0.0,0.0,0.0,0,1.0196056606250241
2019-04-15,CASH,0.0,0.0,0.0,0.0,0.0,0.0,1,1.0196056606250241
2019-04-16,BTCUSDT,1.0,0.00562457960616336,1.0,0.0015,0.004124579606163361,0.00562457960616336,0,1.0238111053391667
2019-04-17,BTCUSDT,1.0,0.010690356383653565,0.0,0.0,0.010690356383653565,0.010690356383653565,0,1.0347560109247846
2019-04-18,BTCUSDT,1.0,4.564091251402225e-05,0.0,0.0,4.564091251402225e-05,4.564091251402225e-05,0,1.0348032381333525
2019-04-19,BTCUSDT,1.0,0.006284847147953299,0.0,0.0,0.006284847147953299,0.006284847147953299,0,1.0413068183132277
2019-04-20,BTCUSDT,1.0,-0.006725588796102411,0.0,0.0,-0.006725588796102411,-0.006725588796102411,0,1.0343034168426752
2019-04-21,BTCUSDT,1.0,0.01921562211052219,0.0,0.0,0.01921562211052219,0.01921562211052219,1,1.054178200448346
2019-04-22,BTCUSDT,1.0,0.025418413556487218,0.0,0.0,0.025418413556487218,0.025418413556487218,0,1.0809737379095756
2019-04-23,BTCUSDT,1.0,-0.014255521716415087,0.0,0.0,-0.014255521716415087,-0.014255521716415087,0,1.0655638933139313
2019-04-24,BTCUSDT,1.0,-0.03602954755309329,0.0,0.0,-0.03602954755309329,-0.03602954755309329,0,1.0271721083489178
2019-04-25,BTCUSDT,1.0,0.018046322726489095,0.0,0.0,0.018046322726489095,0.018046322726489095,1,1.0457087877118305
2019-04-26,BTCUSDT,1.0,-0.003464368378464977,0.0,0.0,-0.003464368378464977,-0.003464368378464977,1,1.0420860672545986
2019-04-27,BTCUSDT,1.0,0.002233892089605005,0.0,0.0,0.002233892089605005,0.002233892089605005,1,1.0444139750769263
2019-04-28,BTCUSDT,1.0,-0.013072018569878274,0.0,0.0,-0.013072018569878274,-0.013072018569878274,0,1.0307613762000805
2019-04-29,BTCUSDT,1.0,0.01578231967835908,0.0,0.0,0.01578231967835908,0.01578231967835908,1,1.0470291817513755
2019-04-30,BTCUSDT,1.0,0.011725658311422471,0.0,0.0,0.011725658311422471,0.011725658311422471,0,1.0593062881786803
2019-05-01,BTCUSDT,1.0,0.020372640808441034,0.0,0.0,0.020372640808441034,0.020372640808441034,0,1.0808871546938674
2019-05-02,BTCUSDT,1.0,0.05094240351583057,0.0,0.0,0.05094240351583057,0.05094240351583057,0,1.1359501442833604
2019-05-03,BTCUSDT,1.0,0.009832504430343558,0.0,0.0,0.009832504430343558,0.009832504430343558,0,1.1471193791096759
2019-05-04,BTCUSDT,1.0,-0.009234147303776474,0.0,0.0,-0.009234147303776474,-0.009234147303776474,0,1.1365267097879606
2019-05-05,BTCUSDT,1.0,-0.004818530304971591,0.0,0.0,-0.004818530304971591,-0.004818530304971591,0,1.1310503213944376
2019-05-06,BTCUSDT,1.0,0.017145720355127736,0.0,0.0,0.017145720355127736,0.017145720355127736,1,1.150442993912644
2019-05-07,BTCUSDT,1.0,0.024109100736529054,0.0,0.0,0.024109100736529054,0.024109100736529054,0,1.1781791399445178
2019-05-08,BTCUSDT,1.0,0.037060172465339214,0.0,0.0,0.037060172465339214,0.037060172465339214,0,1.2218426620659266
2019-05-09,BTCUSDT,1.0,0.026436663134262517,0.0,0.0,0.026436663134262517,0.026436663134262517,0,1.254144104926034
2019-05-10,BTCUSDT,1.0,0.11028614554714733,0.0,0.0,0.11028614554714733,0.11028614554714733,0,1.3924588242190035
2019-05-11,BTCUSDT,1.0,-0.015390985582698136,0.0,0.0,-0.015390985582698136,-0.015390985582698136,0,1.371027510530948
2019-05-12,BTCUSDT,1.0,0.11818047424328748,0.0,0.0,0.11818047424328748,0.11818047424328748,0,1.5330561919260892
2019-05-13,BTCUSDT,1.0,0.020132953222491867,0.0,0.0,0.020132953222491867,0.020132953222491867,0,1.5639211405255886
2019-05-14,BTCUSDT,1.0,0.02797210716244969,0.0,0.0,0.02797210716244969,0.02797210716244969,0,1.607667310261991
2019-05-15,BTCUSDT,1.0,-0.037121765707410215,0.0,0.0,-0.037121765707410215,-0.037121765707410215,0,1.5479878610349829
2019-05-16,BTCUSDT,1.0,-0.06500020974780685,0.0,0.0,-0.06500020974780685,-0.06500020974780685,0,1.4473683253806502
2019-05-17,CASH,0.0,0.0,1.0,0.0015,-0.0015,0.0,1,1.4451972728925793
2019-05-18,CASH,0.0,0.0,0.0,0.0,0.0,0.0,1,1.4451972728925793
2019-05-19,CASH,0.0,0.0,0.0,0.0,0.0,0.0,0,1.4451972728925793
2019-05-20,CASH,0.0,0.0,0.0,0.0,0.0,0.0,0,1.4451972728925793
2019-05-21,CASH,0.0,0.0,0.0,0.0,0.0,0.0,0,1.4451972728925793
2019-05-22,CASH,0.0,0.0,0.0,0.0,0.0,0.0,1,1.4451972728925793
2019-05-23,CASH,0.0,0.0,0.0,0.0,0.0,0.0,1,1.4451972728925793
2019-05-24,CASH,0.0,0.0,0.0,0.0,0.0,0.0,0,1.4451972728925793
2019-05-25,CASH,0.0,0.0,0.0,0.0,0.0,0.0,0,1.4451972728925793
2019-05-26,CASH,0.0,0.0,0.0,0.0,0.0,0.0,0,1.4451972728925793
2019-05-27,CASH,0.0,0.0,0.0,0.0,0.0,0.0,0,1.4451972728925793
2019-05-28,CASH,0.0,0.0,0.0,0.0,0.0,0.0,0,1.4451972728925793
2019-05-29,CASH,0.0,0.0,0.0,0.0,0.0,0.0,0,1.4451972728925793
2019-05-30,CASH,0.0,0.0,0.0,0.0,0.0,0.0,1,1.4451972728925793
2019-05-31,CASH,0.0,0.0,0.0,0.0,0.0,0.0,1,1.4451972728925793
2019-06-01,CASH,0.0,0.0,0.0,0.0,0.0,0.0,1,1.4451972728925793
2019-06-02,CASH,0.0,0.0,0.0,0.0,0.0,0.0,0,1.4451972728925793
2019-06-03,CASH,0.0,0.0,0.0,0.0,0.0,0.0,1,1.4451972728925793
2019-06-04,CASH,0.0,0.0,0.0,0.0,0.0,0.0,1,1.4451972728925793
2019-06-05,CASH,0.0,0.0,0.0,0.0,0.0,0.0,1,1.4451972728925793
2019-06-06,BTCUSDT,1.0,0.024892444809739622,1.0,0.0015,0.02339244480973962,0.024892444809739622,1,1.479003970337905
2019-06-07,BTCUSDT,1.0,-0.01089025415605227,0.0,0.0,-0.01089025415605227,-0.01089025415605227,0,1.4628972412031147
2019-06-08,BTCUSDT,1.0,-0.03363349135124316,0.0,0.0,-0.03363349135124316,-0.03363349135124316,0,1.4136948994933523
2019-06-09,CASH,0.0,0.0,1.0,0.0015,-0.0015,0.0,1,1.4115743571441124
2019-06-10,BTCUSDT,1.0,-0.012257680623845246,1.0,0.0015,-0.013757680623845246,-0.012257680623845246,0,1.392154367961714
2019-06-11,BTCUSDT,1.0,0.03078542530659867,0.0,0.0,0.03078542530659867,0.03078542530659867,1,1.4350124322718545
2019-06-12,BTCUSDT,1.0,0.011184058349041015,0.0,0.0,0.011184058349041015,0.011184058349041015,0,1.4510616950459823
2019-06-13,BTCUSDT,1.0,0.052498375623894145,0.0,0.0,0.052498375623894145,0.052498375623894145,0,1.5272400769659509
2019-06-14,BTCUSDT,1.0,0.018346820809248543,0.0,0.0,0.018346820809248543,0.018346820809248543,0,1.555260076990748
2019-06-15,CASH,0.0,0.0,1.0,0.0015,-0.0015,0.0,0,1.552927186875262
2019-06-16,CASH,0.0,0.0,0.0,0.0,0.0,0.0,0,1.552927186875262
2019-06-17,CASH,0.0,0.0,0.0,0.0,0.0,0.0,0,1.552927186875262
2019-06-18,CASH,0.0,0.0,0.0,0.0,0.0,0.0,0,1.552927186875262
2019-06-19,CASH,0.0,0.0,0.0,0.0,0.0,0.0,0,1.552927186875262
2019-06-20,CASH,0.0,0.0,0.0,0.0,0.0,0.0,0,1.552927186875262
2019-06-21,BTCUSDT,1.0,0.05606770172029929,1.0,0.0015,0.05456770172029929,0.05606770172029929,0,1.6376668544020148
2019-06-22,BTCUSDT,1.0,0.016456498438883527,0.0,0.0,0.016456498438883527,0.016456498438883527,0,1.6646171164348929
2019-06-23,BTCUSDT,1.0,0.013801488528865091,0.0,0.0,0.013801488528865091,0.013801488528865091,0,1.6875913104723215
2019-06-24,BTCUSDT,1.0,0.06912348201389396,0.0,0.0,0.06912348201389396,0.06912348201389396,0,1.8042434980685587
2019-06-25,BTCUSDT,1.0,0.10768590440966208,0.0,0.0,0.10768590440966208,0.10768590440966208,0,1.9985350909333237
2019-06-26,BTCUSDT,1.0,-0.13470573859383828,0.0,0.0,-0.13470573859383828,-0.13470573859383828,0,1.7293209454034466
2019-06-27,CASH,0.0,0.0,1.0,0.0015,-0.0015,0.0,0,1.7267269639853415
2019-06-28,CASH,0.0,0.0,0.0,0.0,0.0,0.0,0,1.7267269639853415
2019-06-29,CASH,0.0,0.0,0.0,0.0,0.0,0.0,1,1.7267269639853415
2019-06-30,CASH,0.0,0.0,0.0,0.0,0.0,0.0,1,1.7267269639853415
2019-07-01,CASH,0.0,0.0,0.0,0.0,0.0,0.0,1,1.7267269639853415
2019-07-02,CASH,0.0,0.0,0.0,0.0,0.0,0.0,1,1.7267269639853415
2019-07-03,CASH,0.0,0.0,0.0,0.0,0.0,0.0,0,1.7267269639853415
2019-07-04,BNBUSDT,1.0,-0.016083992166533556,1.0,0.0015,-0.017583992166533557,-0.016083992166533556,0,1.696364210576881
2019-07-05,CASH,0.0,0.0,1.0,0.0015,-0.0015,0.0,0,1.6938196642610157
2019-07-06,CASH,0.0,0.0,0.0,0.0,0.0,0.0,1,1.6938196642610157
2019-07-07,CASH,0.0,0.0,0.0,0.0,0.0,0.0,0,1.6938196642610157
2019-07-08,CASH,0.0,0.0,0.0,0.0,0.0,0.0,0,1.6938196642610157
2019-07-09,CASH,0.0,0.0,0.0,0.0,0.0,0.0,0,1.6938196642610157
2019-07-10,CASH,0.0,0.0,0.0,0.0,0.0,0.0,0,1.6938196642610157
2019-07-11,CASH,0.0,0.0,0.0,0.0,0.0,0.0,1,1.6938196642610157
2019-07-12,CASH,0.0,0.0,0.0,0.0,0.0,0.0,1,1.6938196642610157
2019-07-13,CASH,0.0,0.0,0.0,0.0,0.0,0.0,1,1.6938196642610157
2019-07-14,CASH,0.0,0.0,0.0,0.0,0.0,0.0,1,1.6938196642610157
2019-07-15,CASH,0.0,0.0,0.0,0.0,0.0,0.0,1,1.6938196642610157
2019-07-16,CASH,0.0,0.0,0.0,0.0,0.0,0.0,1,1.6938196642610157
2019-07-17,CASH,0.0,0.0,0.0,0.0,0.0,0.0,1,1.6938196642610157
2019-07-18,CASH,0.0,0.0,0.0,0.0,0.0,0.0,1,1.6938196642610157
2019-07-19,CASH,0.0,0.0,0.0,0.0,0.0,0.0,0,1.6938196642610157
2019-07-20,CASH,0.0,0.0,0.0,0.0,0.0,0.0,0,1.6938196642610157
2019-07-21,CASH,0.0,0.0,0.0,0.0,0.0,0.0,1,1.6938196642610157
2019-07-22,CASH,0.0,0.0,0.0,0.0,0.0,0.0,1,1.6938196642610157
2019-07-23,CASH,0.0,0.0,0.0,0.0,0.0,0.0,1,1.6938196642610157
2019-07-24,CASH,0.0,0.0,0.0,0.0,0.0,0.0,1,1.6938196642610157
2019-07-25,CASH,0.0,0.0,0.0,0.0,0.0,0.0,1,1.6938196642610157
2019-07-26,CASH,0.0,0.0,0.0,0.0,0.0,0.0,1,1.6938196642610157
2019-07-27,CASH,0.0,0.0,0.0,0.0,0.0,0.0,1,1.6938196642610157
2019-07-28,CASH,0.0,0.0,0.0,0.0,0.0,0.0,1,1.6938196642610157
2019-07-29,CASH,0.0,0.0,0.0,0.0,0.0,0.0,1,1.6938196642610157
2019-07-30,CASH,0.0,0.0,0.0,0.0,0.0,0.0,0,1.6938196642610157
2019-07-31,CASH,0.0,0.0,0.0,0.0,0.0,0.0,0,1.6938196642610157
2019-08-01,CASH,0.0,0.0,0.0,0.0,0.0,0.0,0,1.6938196642610157
2019-08-02,CASH,0.0,0.0,0.0,0.0,0.0,0.0,0,1.6938196642610157
2019-08-03,CASH,0.0,0.0,0.0,0.0,0.0,0.0,0,1.6938196642610157
2019-08-04,CASH,0.0,0.0,0.0,0.0,0.0,0.0,0,1.6938196642610157
2019-08-05,BNBUSDT,1.0,-0.012819780517931867,1.0,0.0015,-0.014319780517931867,-0.012819780517931867,0,1.669564538431841
2019-08-06,CASH,0.0,0.0,1.0,0.0015,-0.0015,0.0,0,1.6670601916241932
2019-08-07,CASH,0.0,0.0,0.0,0.0,0.0,0.0,0,1.6670601916241932
2019-08-08,CASH,0.0,0.0,0.0,0.0,0.0,0.0,0,1.6670601916241932
2019-08-09,CASH,0.0,0.0,0.0,0.0,0.0,0.0,0,1.6670601916241932
2019-08-10,CASH,0.0,0.0,0.0,0.0,0.0,0.0,1,1.6670601916241932
2019-08-11,CASH,0.0,0.0,0.0,0.0,0.0,0.0,1,1.6670601916241932
2019-08-12,CASH,0.0,0.0,0.0,0.0,0.0,0.0,1,1.6670601916241932
2019-08-13,CASH,0.0,0.0,0.0,0.0,0.0,0.0,1,1.6670601916241932
2019-08-14,CASH,0.0,0.0,0.0,0.0,0.0,0.0,1,1.6670601916241932
2019-08-15,CASH,0.0,0.0,0.0,0.0,0.0,0.0,1,1.6670601916241932
2019-08-16,CASH,0.0,0.0,0.0,0.0,0.0,0.0,1,1.6670601916241932
2019-08-17,CASH,0.0,0.0,0.0,0.0,0.0,0.0,0,1.6670601916241932
2019-08-18,CASH,0.0,0.0,0.0,0.0,0.0,0.0,0,1.6670601916241932
2019-08-19,CASH,0.0,0.0,0.0,0.0,0.0,0.0,0,1.6670601916241932
2019-08-20,CASH,0.0,0.0,0.0,0.0,0.0,0.0,0,1.6670601916241932
2019-08-21,CASH,0.0,0.0,0.0,0.0,0.0,0.0,1,1.6670601916241932
2019-08-22,CASH,0.0,0.0,0.0,0.0,0.0,0.0,1,1.6670601916241932
2019-08-23,CASH,0.0,0.0,0.0,0.0,0.0,0.0,1,1.6670601916241932
2019-08-24,CASH,0.0,0.0,0.0,0.0,0.0,0.0,1,1.6670601916241932
2019-08-25,CASH,0.0,0.0,0.0,0.0,0.0,0.0,0,1.6670601916241932
2019-08-26,CASH,0.0,0.0,0.0,0.0,0.0,0.0,1,1.6670601916241932
2019-08-27,CASH,0.0,0.0,0.0,0.0,0.0,0.0,0,1.6670601916241932
2019-08-28,CASH,0.0,0.0,0.0,0.0,0.0,0.0,1,1.6670601916241932
2019-08-29,CASH,0.0,0.0,0.0,0.0,0.0,0.0,1,1.6670601916241932
2019-08-30,CASH,0.0,0.0,0.0,0.0,0.0,0.0,1,1.6670601916241932
2019-08-31,CASH,0.0,0.0,0.0,0.0,0.0,0.0,1,1.6670601916241932
2019-09-01,CASH,0.0,0.0,0.0,0.0,0.0,0.0,0,1.6670601916241932
2019-09-02,CASH,0.0,0.0,0.0,0.0,0.0,0.0,0,1.6670601916241932
2019-09-03,CASH,0.0,0.0,0.0,0.0,0.0,0.0,0,1.6670601916241932
2019-09-04,CASH,0.0,0.0,0.0,0.0,0.0,0.0,0,1.6670601916241932
2019-09-05,CASH,0.0,0.0,0.0,0.0,0.0,0.0,0,1.6670601916241932
2019-09-06,CASH,0.0,0.0,0.0,0.0,0.0,0.0,1,1.6670601916241932
2019-09-07,CASH,0.0,0.0,0.0,0.0,0.0,0.0,1,1.6670601916241932
2019-09-08,CASH,0.0,0.0,0.0,0.0,0.0,0.0,1,1.6670601916241932
2019-09-09,CASH,0.0,0.0,0.0,0.0,0.0,0.0,0,1.6670601916241932
2019-09-10,CASH,0.0,0.0,0.0,0.0,0.0,0.0,1,1.6670601916241932
2019-09-11,CASH,0.0,0.0,0.0,0.0,0.0,0.0,1,1.6670601916241932
2019-09-12,CASH,0.0,0.0,0.0,0.0,0.0,0.0,0,1.6670601916241932
2019-09-13,CASH,0.0,0.0,0.0,0.0,0.0,0.0,0,1.6670601916241932
2019-09-14,CASH,0.0,0.0,0.0,0.0,0.0,0.0,0,1.6670601916241932
2019-09-15,CASH,0.0,0.0,0.0,0.0,0.0,0.0,1,1.6670601916241932
2019-09-16,CASH,0.0,0.0,0.0,0.0,0.0,0.0,1,1.6670601916241932
2019-09-17,CASH,0.0,0.0,0.0,0.0,0.0,0.0,1,1.6670601916241932
2019-09-18,CASH,0.0,0.0,0.0,0.0,0.0,0.0,1,1.6670601916241932
2019-09-19,CASH,0.0,0.0,0.0,0.0,0.0,0.0,1,1.6670601916241932
2019-09-20,CASH,0.0,0.0,0.0,0.0,0.0,0.0,1,1.6670601916241932
2019-09-21,CASH,0.0,0.0,0.0,0.0,0.0,0.0,1,1.6670601916241932
2019-09-22,CASH,0.0,0.0,0.0,0.0,0.0,0.0,1,1.6670601916241932
2019-09-23,CASH,0.0,0.0,0.0,0.0,0.0,0.0,1,1.6670601916241932
2019-09-24,CASH,0.0,0.0,0.0,0.0,0.0,0.0,1,1.6670601916241932
2019-09-25,CASH,0.0,0.0,0.0,0.0,0.0,0.0,1,1.6670601916241932
2019-09-26,CASH,0.0,0.0,0.0,0.0,0.0,0.0,1,1.6670601916241932
2019-09-27,CASH,0.0,0.0,0.0,0.0,0.0,0.0,1,1.6670601916241932
2019-09-28,CASH,0.0,0.0,0.0,0.0,0.0,0.0,1,1.6670601916241932
2019-09-29,CASH,0.0,0.0,0.0,0.0,0.0,0.0,1,1.6670601916241932
2019-09-30,CASH,0.0,0.0,0.0,0.0,0.0,0.0,0,1.6670601916241932
2019-10-01,CASH,0.0,0.0,0.0,0.0,0.0,0.0,0,1.6670601916241932
2019-10-02,CASH,0.0,0.0,0.0,0.0,0.0,0.0,0,1.6670601916241932
2019-10-03,CASH,0.0,0.0,0.0,0.0,0.0,0.0,1,1.6670601916241932
2019-10-04,CASH,0.0,0.0,0.0,0.0,0.0,0.0,1,1.6670601916241932
2019-10-05,CASH,0.0,0.0,0.0,0.0,0.0,0.0,1,1.6670601916241932
2019-10-06,CASH,0.0,0.0,0.0,0.0,0.0,0.0,1,1.6670601916241932
2019-10-07,CASH,0.0,0.0,0.0,0.0,0.0,0.0,0,1.6670601916241932
2019-10-08,CASH,0.0,0.0,0.0,0.0,0.0,0.0,0,1.6670601916241932
2019-10-09,CASH,0.0,0.0,0.0,0.0,0.0,0.0,0,1.6670601916241932
2019-10-10,CASH,0.0,0.0,0.0,0.0,0.0,0.0,0,1.6670601916241932
2019-10-11,CASH,0.0,0.0,0.0,0.0,0.0,0.0,0,1.6670601916241932
2019-10-12,CASH,0.0,0.0,0.0,0.0,0.0,0.0,1,1.6670601916241932
2019-10-13,CASH,0.0,0.0,0.0,0.0,0.0,0.0,1,1.6670601916241932
2019-10-14,CASH,0.0,0.0,0.0,0.0,0.0,0.0,0,1.6670601916241932
2019-10-15,CASH,0.0,0.0,0.0,0.0,0.0,0.0,1,1.6670601916241932
2019-10-16,CASH,0.0,0.0,0.0,0.0,0.0,0.0,1,1.6670601916241932
2019-10-17,CASH,0.0,0.0,0.0,0.0,0.0,0.0,1,1.6670601916241932
2019-10-18,CASH,0.0,0.0,0.0,0.0,0.0,0.0,1,1.6670601916241932
2019-10-19,CASH,0.0,0.0,0.0,0.0,0.0,0.0,1,1.6670601916241932
2019-10-20,CASH,0.0,0.0,0.0,0.0,0.0,0.0,0,1.6670601916241932
2019-10-21,CASH,0.0,0.0,0.0,0.0,0.0,0.0,0,1.6670601916241932
2019-10-22,CASH,0.0,0.0,0.0,0.0,0.0,0.0,0,1.6670601916241932
2019-10-23,CASH,0.0,0.0,0.0,0.0,0.0,0.0,1,1.6670601916241932
2019-10-24,CASH,0.0,0.0,0.0,0.0,0.0,0.0,1,1.6670601916241932
2019-10-25,CASH,0.0,0.0,0.0,0.0,0.0,0.0,0,1.6670601916241932
2019-10-26,CASH,0.0,0.0,0.0,0.0,0.0,0.0,0,1.6670601916241932
2019-10-27,CASH,0.0,0.0,0.0,0.0,0.0,0.0,0,1.6670601916241932
2019-10-28,CASH,0.0,0.0,0.0,0.0,0.0,0.0,0,1.6670601916241932
2019-10-29,CASH,0.0,0.0,0.0,0.0,0.0,0.0,0,1.6670601916241932
2019-10-30,CASH,0.0,0.0,0.0,0.0,0.0,0.0,1,1.6670601916241932
2019-10-31,CASH,0.0,0.0,0.0,0.0,0.0,0.0,1,1.6670601916241932
2019-11-01,CASH,0.0,0.0,0.0,0.0,0.0,0.0,1,1.6670601916241932
2019-11-02,CASH,0.0,0.0,0.0,0.0,0.0,0.0,0,1.6670601916241932
2019-11-03,CASH,0.0,0.0,0.0,0.0,0.0,0.0,0,1.6670601916241932
2019-11-04,CASH,0.0,0.0,0.0,0.0,0.0,0.0,0,1.6670601916241932
2019-11-05,CASH,0.0,0.0,0.0,0.0,0.0,0.0,0,1.6670601916241932
2019-11-06,CASH,0.0,0.0,0.0,0.0,0.0,0.0,0,1.6670601916241932
2019-11-07,CASH,0.0,0.0,0.0,0.0,0.0,0.0,1,1.6670601916241932
2019-11-08,CASH,0.0,0.0,0.0,0.0,0.0,0.0,1,1.6670601916241932
2019-11-09,CASH,0.0,0.0,0.0,0.0,0.0,0.0,1,1.6670601916241932
2019-11-10,CASH,0.0,0.0,0.0,0.0,0.0,0.0,1,1.6670601916241932
2019-11-11,CASH,0.0,0.0,0.0,0.0,0.0,0.0,1,1.6670601916241932
2019-11-12,CASH,0.0,0.0,0.0,0.0,0.0,0.0,0,1.6670601916241932
2019-11-13,CASH,0.0,0.0,0.0,0.0,0.0,0.0,1,1.6670601916241932
2019-11-14,CASH,0.0,0.0,0.0,0.0,0.0,0.0,1,1.6670601916241932
2019-11-15,CASH,0.0,0.0,0.0,0.0,0.0,0.0,1,1.6670601916241932
2019-11-16,CASH,0.0,0.0,0.0,0.0,0.0,0.0,1,1.6670601916241932
2019-11-17,CASH,0.0,0.0,0.0,0.0,0.0,0.0,1,1.6670601916241932
2019-11-18,CASH,0.0,0.0,0.0,0.0,0.0,0.0,1,1.6670601916241932
2019-11-19,CASH,0.0,0.0,0.0,0.0,0.0,0.0,1,1.6670601916241932
2019-11-20,CASH,0.0,0.0,0.0,0.0,0.0,0.0,1,1.6670601916241932
2019-11-21,CASH,0.0,0.0,0.0,0.0,0.0,0.0,1,1.6670601916241932
2019-11-22,CASH,0.0,0.0,0.0,0.0,0.0,0.0,1,1.6670601916241932
2019-11-23,CASH,0.0,0.0,0.0,0.0,0.0,0.0,1,1.6670601916241932
2019-11-24,CASH,0.0,0.0,0.0,0.0,0.0,0.0,1,1.6670601916241932
2019-11-25,CASH,0.0,0.0,0.0,0.0,0.0,0.0,1,1.6670601916241932
2019-11-26,CASH,0.0,0.0,0.0,0.0,0.0,0.0,1,1.6670601916241932
2019-11-27,CASH,0.0,0.0,0.0,0.0,0.0,0.0,0,1.6670601916241932
2019-11-28,CASH,0.0,0.0,0.0,0.0,0.0,0.0,0,1.6670601916241932
2019-11-29,CASH,0.0,0.0,0.0,0.0,0.0,0.0,0,1.6670601916241932
2019-11-30,CASH,0.0,0.0,0.0,0.0,0.0,0.0,0,1.6670601916241932
2019-12-01,CASH,0.0,0.0,0.0,0.0,0.0,0.0,1,1.6670601916241932
2019-12-02,CASH,0.0,0.0,0.0,0.0,0.0,0.0,1,1.6670601916241932
2019-12-03,CASH,0.0,0.0,0.0,0.0,0.0,0.0,1,1.6670601916241932
2019-12-04,CASH,0.0,0.0,0.0,0.0,0.0,0.0,1,1.6670601916241932
2019-12-05,CASH,0.0,0.0,0.0,0.0,0.0,0.0,0,1.6670601916241932
2019-12-06,CASH,0.0,0.0,0.0,0.0,0.0,0.0,0,1.6670601916241932
2019-12-07,CASH,0.0,0.0,0.0,0.0,0.0,0.0,0,1.6670601916241932
2019-12-08,CASH,0.0,0.0,0.0,0.0,0.0,0.0,0,1.6670601916241932
2019-12-09,CASH,0.0,0.0,0.0,0.0,0.0,0.0,1,1.6670601916241932
2019-12-10,CASH,0.0,0.0,0.0,0.0,0.0,0.0,1,1.6670601916241932
2019-12-11,CASH,0.0,0.0,0.0,0.0,0.0,0.0,1,1.6670601916241932
2019-12-12,CASH,0.0,0.0,0.0,0.0,0.0,0.0,1,1.6670601916241932
2019-12-13,CASH,0.0,0.0,0.0,0.0,0.0,0.0,0,1.6670601916241932
2019-12-14,CASH,0.0,0.0,0.0,0.0,0.0,0.0,1,1.6670601916241932
2019-12-15,CASH,0.0,0.0,0.0,0.0,0.0,0.0,1,1.6670601916241932
2019-12-16,CASH,0.0,0.0,0.0,0.0,0.0,0.0,1,1.6670601916241932
2019-12-17,CASH,0.0,0.0,0.0,0.0,0.0,0.0,1,1.6670601916241932
2019-12-18,CASH,0.0,0.0,0.0,0.0,0.0,0.0,0,1.6670601916241932
2019-12-19,CASH,0.0,0.0,0.0,0.0,0.0,0.0,0,1.6670601916241932
2019-12-20,CASH,0.0,0.0,0.0,0.0,0.0,0.0,0,1.6670601916241932
2019-12-21,CASH,0.0,0.0,0.0,0.0,0.0,0.0,1,1.6670601916241932
2019-12-22,CASH,0.0,0.0,0.0,0.0,0.0,0.0,0,1.6670601916241932
2019-12-23,CASH,0.0,0.0,0.0,0.0,0.0,0.0,0,1.6670601916241932
2019-12-24,CASH,0.0,0.0,0.0,0.0,0.0,0.0,0,1.6670601916241932
2019-12-25,CASH,0.0,0.0,0.0,0.0,0.0,0.0,1,1.6670601916241932
2019-12-26,CASH,0.0,0.0,0.0,0.0,0.0,0.0,1,1.6670601916241932
2019-12-27,CASH,0.0,0.0,0.0,0.0,0.0,0.0,1,1.6670601916241932
2019-12-28,CASH,0.0,0.0,0.0,0.0,0.0,0.0,0,1.6670601916241932
2019-12-29,CASH,0.0,0.0,0.0,0.0,0.0,0.0,0,1.6670601916241932
2019-12-30,CASH,0.0,0.0,0.0,0.0,0.0,0.0,1,1.6670601916241932
2019-12-31,CASH,0.0,0.0,0.0,0.0,0.0,0.0,1,1.6670601916241932
2020-01-01,CASH,0.0,0.0,0.0,0.0,0.0,0.0,1,1.6670601916241932
2020-01-02,CASH,0.0,0.0,0.0,0.0,0.0,0.0,1,1.6670601916241932
2020-01-03,CASH,0.0,0.0,0.0,0.0,0.0,0.0,0,1.6670601916241932
2020-01-04,CASH,0.0,0.0,0.0,0.0,0.0,0.0,0,1.6670601916241932
2020-01-05,CASH,0.0,0.0,0.0,0.0,0.0,0.0,0,1.6670601916241932
2020-01-06,CASH,0.0,0.0,0.0,0.0,0.0,0.0,0,1.6670601916241932
2020-01-07,CASH,0.0,0.0,0.0,0.0,0.0,0.0,0,1.6670601916241932
2020-01-08,CASH,0.0,0.0,0.0,0.0,0.0,0.0,0,1.6670601916241932
2020-01-09,CASH,0.0,0.0,0.0,0.0,0.0,0.0,0,1.6670601916241932
2020-01-10,CASH,0.0,0.0,0.0,0.0,0.0,0.0,0,1.6670601916241932
2020-01-11,CASH,0.0,0.0,0.0,0.0,0.0,0.0,1,1.6670601916241932
2020-01-12,CASH,0.0,0.0,0.0,0.0,0.0,0.0,0,1.6670601916241932
2020-01-13,CASH,0.0,0.0,0.0,0.0,0.0,0.0,1,1.6670601916241932
2020-01-14,CASH,0.0,0.0,0.0,0.0,0.0,0.0,0,1.6670601916241932
2020-01-15,CASH,0.0,0.0,0.0,0.0,0.0,0.0,0,1.6670601916241932
2020-01-16,CASH,0.0,0.0,0.0,0.0,0.0,0.0,0,1.6670601916241932
2020-01-17,CASH,0.0,0.0,0.0,0.0,0.0,0.0,0,1.6670601916241932
2020-01-18,CASH,0.0,0.0,0.0,0.0,0.0,0.0,0,1.6670601916241932
2020-01-19,CASH,0.0,0.0,0.0,0.0,0.0,0.0,1,1.6670601916241932
2020-01-20,CASH,0.0,0.0,0.0,0.0,0.0,0.0,1,1.6670601916241932
2020-01-21,CASH,0.0,0.0,0.0,0.0,0.0,0.0,1,1.6670601916241932
2020-01-22,CASH,0.0,0.0,0.0,0.0,0.0,0.0,1,1.6670601916241932
2020-01-23,CASH,0.0,0.0,0.0,0.0,0.0,0.0,1,1.6670601916241932
2020-01-24,CASH,0.0,0.0,0.0,0.0,0.0,0.0,1,1.6670601916241932
2020-01-25,CASH,0.0,0.0,0.0,0.0,0.0,0.0,1,1.6670601916241932
2020-01-26,CASH,0.0,0.0,0.0,0.0,0.0,0.0,0,1.6670601916241932
2020-01-27,CASH,0.0,0.0,0.0,0.0,0.0,0.0,0,1.6670601916241932
2020-01-28,CASH,0.0,0.0,0.0,0.0,0.0,0.0,0,1.6670601916241932
2020-01-29,CASH,0.0,0.0,0.0,0.0,0.0,0.0,0,1.6670601916241932
2020-01-30,CASH,0.0,0.0,0.0,0.0,0.0,0.0,0,1.6670601916241932
2020-01-31,CASH,0.0,0.0,0.0,0.0,0.0,0.0,1,1.6670601916241932
2020-02-01,CASH,0.0,0.0,0.0,0.0,0.0,0.0,0,1.6670601916241932
2020-02-02,CASH,0.0,0.0,0.0,0.0,0.0,0.0,1,1.6670601916241932
2020-02-03,CASH,0.0,0.0,0.0,0.0,0.0,0.0,1,1.6670601916241932
2020-02-04,CASH,0.0,0.0,0.0,0.0,0.0,0.0,1,1.6670601916241932
2020-02-05,CASH,0.0,0.0,0.0,0.0,0.0,0.0,0,1.6670601916241932
2020-02-06,CASH,0.0,0.0,0.0,0.0,0.0,0.0,0,1.6670601916241932
2020-02-07,CASH,0.0,0.0,0.0,0.0,0.0,0.0,0,1.6670601916241932
2020-02-08,CASH,0.0,0.0,0.0,0.0,0.0,0.0,0,1.6670601916241932
2020-02-09,LINKUSDT,1.0,-0.030991558162827282,1.0,0.0015,-0.03249155816282728,-0.030991558162827282,0,1.6128948084471015
2020-02-10,LINKUSDT,1.0,0.17922745260173656,0.0,0.0,0.17922745260173656,0.17922745260173656,0,1.9019698362796413
2020-02-11,CASH,0.0,0.0,1.0,0.0015,-0.0015,0.0,0,1.899116881525222
2020-02-12,ETHUSDT,1.0,0.009708737864077666,1.0,0.0015,0.008208737864077666,0.009708737864077666,0,1.914706234178907
2020-02-13,ETHUSDT,1.0,0.06272361359570655,0.0,0.0,0.06272361359570655,0.06272361359570655,0,2.034803528160835
2020-02-14,ETHUSDT,1.0,-0.07108539365246358,0.0,0.0,-0.07108539365246358,-0.07108539365246358,0,1.8901587183561004
2020-02-15,ETHUSDT,1.0,-0.022765025672002337,0.0,0.0,-0.022765025672002337,-0.022765025672002337,1,1.8471292066085647
2020-02-16,CASH,0.0,0.0,1.0,0.0015,-0.0015,0.0,1,1.844358512798652
2020-02-17,CASH,0.0,0.0,0.0,0.0,0.0,0.0,1,1.844358512798652
2020-02-18,CASH,0.0,0.0,0.0,0.0,0.0,0.0,0,1.844358512798652
2020-02-19,CASH,0.0,0.0,0.0,0.0,0.0,0.0,1,1.844358512798652
2020-02-20,CASH,0.0,0.0,0.0,0.0,0.0,0.0,1,1.844358512798652
2020-02-21,CASH,0.0,0.0,0.0,0.0,0.0,0.0,1,1.844358512798652
2020-02-22,CASH,0.0,0.0,0.0,0.0,0.0,0.0,0,1.844358512798652
2020-02-23,CASH,0.0,0.0,0.0,0.0,0.0,0.0,0,1.844358512798652
2020-02-24,CASH,0.0,0.0,0.0,0.0,0.0,0.0,1,1.844358512798652
2020-02-25,CASH,0.0,0.0,0.0,0.0,0.0,0.0,1,1.844358512798652
2020-02-26,CASH,0.0,0.0,0.0,0.0,0.0,0.0,1,1.844358512798652
2020-02-27,CASH,0.0,0.0,0.0,0.0,0.0,0.0,1,1.844358512798652
2020-02-28,CASH,0.0,0.0,0.0,0.0,0.0,0.0,1,1.844358512798652
2020-02-29,CASH,0.0,0.0,0.0,0.0,0.0,0.0,1,1.844358512798652
2020-03-01,CASH,0.0,0.0,0.0,0.0,0.0,0.0,1,1.844358512798652
2020-03-02,CASH,0.0,0.0,0.0,0.0,0.0,0.0,0,1.844358512798652
2020-03-03,CASH,0.0,0.0,0.0,0.0,0.0,0.0,0,1.844358512798652
2020-03-04,CASH,0.0,0.0,0.0,0.0,0.0,0.0,0,1.844358512798652
2020-03-05,CASH,0.0,0.0,0.0,0.0,0.0,0.0,0,1.844358512798652
2020-03-06,CASH,0.0,0.0,0.0,0.0,0.0,0.0,0,1.844358512798652
2020-03-07,CASH,0.0,0.0,0.0,0.0,0.0,0.0,0,1.844358512798652
2020-03-08,CASH,0.0,0.0,0.0,0.0,0.0,0.0,1,1.844358512798652
2020-03-09,CASH,0.0,0.0,0.0,0.0,0.0,0.0,1,1.844358512798652
2020-03-10,CASH,0.0,0.0,0.0,0.0,0.0,0.0,1,1.844358512798652
2020-03-11,CASH,0.0,0.0,0.0,0.0,0.0,0.0,1,1.844358512798652
2020-03-12,CASH,0.0,0.0,0.0,0.0,0.0,0.0,1,1.844358512798652
2020-03-13,CASH,0.0,0.0,0.0,0.0,0.0,0.0,1,1.844358512798652
2020-03-14,CASH,0.0,0.0,0.0,0.0,0.0,0.0,1,1.844358512798652
2020-03-15,CASH,0.0,0.0,0.0,0.0,0.0,0.0,0,1.844358512798652
2020-03-16,CASH,0.0,0.0,0.0,0.0,0.0,0.0,1,1.844358512798652
2020-03-17,CASH,0.0,0.0,0.0,0.0,0.0,0.0,0,1.844358512798652
2020-03-18,CASH,0.0,0.0,0.0,0.0,0.0,0.0,0,1.844358512798652
2020-03-19,CASH,0.0,0.0,0.0,0.0,0.0,0.0,0,1.844358512798652
2020-03-20,CASH,0.0,0.0,0.0,0.0,0.0,0.0,0,1.844358512798652
2020-03-21,CASH,0.0,0.0,0.0,0.0,0.0,0.0,0,1.844358512798652
2020-03-22,CASH,0.0,0.0,0.0,0.0,0.0,0.0,1,1.844358512798652
2020-03-23,CASH,0.0,0.0,0.0,0.0,0.0,0.0,0,1.844358512798652
2020-03-24,CASH,0.0,0.0,0.0,0.0,0.0,0.0,0,1.844358512798652
2020-03-25,CASH,0.0,0.0,0.0,0.0,0.0,0.0,0,1.844358512798652
2020-03-26,CASH,0.0,0.0,0.0,0.0,0.0,0.0,0,1.844358512798652
2020-03-27,CASH,0.0,0.0,0.0,0.0,0.0,0.0,1,1.844358512798652
2020-03-28,CASH,0.0,0.0,0.0,0.0,0.0,0.0,1,1.844358512798652
2020-03-29,CASH,0.0,0.0,0.0,0.0,0.0,0.0,1,1.844358512798652
2020-03-30,CASH,0.0,0.0,0.0,0.0,0.0,0.0,0,1.844358512798652
2020-03-31,CASH,0.0,0.0,0.0,0.0,0.0,0.0,0,1.844358512798652
2020-04-01,CASH,0.0,0.0,0.0,0.0,0.0,0.0,0,1.844358512798652
2020-04-02,CASH,0.0,0.0,0.0,0.0,0.0,0.0,0,1.844358512798652
2020-04-03,CASH,0.0,0.0,0.0,0.0,0.0,0.0,0,1.844358512798652
2020-04-04,CASH,0.0,0.0,0.0,0.0,0.0,0.0,0,1.844358512798652
2020-04-05,CASH,0.0,0.0,0.0,0.0,0.0,0.0,1,1.844358512798652
2020-04-06,CASH,0.0,0.0,0.0,0.0,0.0,0.0,0,1.844358512798652
2020-04-07,CASH,0.0,0.0,0.0,0.0,0.0,0.0,0,1.844358512798652
2020-04-08,CASH,0.0,0.0,0.0,0.0,0.0,0.0,0,1.844358512798652
2020-04-09,CASH,0.0,0.0,0.0,0.0,0.0,0.0,1,1.844358512798652
2020-04-10,CASH,0.0,0.0,0.0,0.0,0.0,0.0,1,1.844358512798652
2020-04-11,CASH,0.0,0.0,0.0,0.0,0.0,0.0,1,1.844358512798652
2020-04-12,CASH,0.0,0.0,0.0,0.0,0.0,0.0,1,1.844358512798652
2020-04-13,CASH,0.0,0.0,0.0,0.0,0.0,0.0,1,1.844358512798652
2020-04-14,CASH,0.0,0.0,0.0,0.0,0.0,0.0,1,1.844358512798652
2020-04-15,CASH,0.0,0.0,0.0,0.0,0.0,0.0,1,1.844358512798652
2020-04-16,CASH,0.0,0.0,0.0,0.0,0.0,0.0,0,1.844358512798652
2020-04-17,CASH,0.0,0.0,0.0,0.0,0.0,0.0,0,1.844358512798652
2020-04-18,CASH,0.0,0.0,0.0,0.0,0.0,0.0,0,1.844358512798652
2020-04-19,CASH,0.0,0.0,0.0,0.0,0.0,0.0,0,1.844358512798652
2020-04-20,CASH,0.0,0.0,0.0,0.0,0.0,0.0,1,1.844358512798652
2020-04-21,CASH,0.0,0.0,0.0,0.0,0.0,0.0,1,1.844358512798652
2020-04-22,CASH,0.0,0.0,0.0,0.0,0.0,0.0,0,1.844358512798652
2020-04-23,CASH,0.0,0.0,0.0,0.0,0.0,0.0,0,1.844358512798652
2020-04-24,CASH,0.0,0.0,0.0,0.0,0.0,0.0,0,1.844358512798652
2020-04-25,CASH,0.0,0.0,0.0,0.0,0.0,0.0,0,1.844358512798652
2020-04-26,CASH,0.0,0.0,0.0,0.0,0.0,0.0,0,1.844358512798652
2020-04-27,CASH,0.0,0.0,0.0,0.0,0.0,0.0,0,1.844358512798652
2020-04-28,CASH,0.0,0.0,0.0,0.0,0.0,0.0,0,1.844358512798652
2020-04-29,CASH,0.0,0.0,0.0,0.0,0.0,0.0,0,1.844358512798652
2020-04-30,CASH,0.0,0.0,0.0,0.0,0.0,0.0,0,1.844358512798652
2020-05-01,CASH,0.0,0.0,0.0,0.0,0.0,0.0,0,1.844358512798652
2020-05-02,CASH,0.0,0.0,0.0,0.0,0.0,0.0,0,1.844358512798652
2020-05-03,CASH,0.0,0.0,0.0,0.0,0.0,0.0,0,1.844358512798652
2020-05-04,CASH,0.0,0.0,0.0,0.0,0.0,0.0,0,1.844358512798652
2020-05-05,CASH,0.0,0.0,0.0,0.0,0.0,0.0,0,1.844358512798652
2020-05-06,CASH,0.0,0.0,0.0,0.0,0.0,0.0,0,1.844358512798652
2020-05-07,CASH,0.0,0.0,0.0,0.0,0.0,0.0,0,1.844358512798652
2020-05-08,CASH,0.0,0.0,0.0,0.0,0.0,0.0,0,1.844358512798652
2020-05-09,CASH,0.0,0.0,0.0,0.0,0.0,0.0,0,1.844358512798652
2020-05-10,CASH,0.0,0.0,0.0,0.0,0.0,0.0,1,1.844358512798652
2020-05-11,CASH,0.0,0.0,0.0,0.0,0.0,0.0,1,1.844358512798652
2020-05-12,CASH,0.0,0.0,0.0,0.0,0.0,0.0,1,1.844358512798652
2020-05-13,CASH,0.0,0.0,0.0,0.0,0.0,0.0,0,1.844358512798652
2020-05-14,CASH,0.0,0.0,0.0,0.0,0.0,0.0,0,1.844358512798652
2020-05-15,CASH,0.0,0.0,0.0,0.0,0.0,0.0,0,1.844358512798652
2020-05-16,CASH,0.0,0.0,0.0,0.0,0.0,0.0,0,1.844358512798652
2020-05-17,CASH,0.0,0.0,0.0,0.0,0.0,0.0,1,1.844358512798652
2020-05-18,CASH,0.0,0.0,0.0,0.0,0.0,0.0,0,1.844358512798652
2020-05-19,CASH,0.0,0.0,0.0,0.0,0.0,0.0,0,1.844358512798652
2020-05-20,CASH,0.0,0.0,0.0,0.0,0.0,0.0,1,1.844358512798652
2020-05-21,CASH,0.0,0.0,0.0,0.0,0.0,0.0,1,1.844358512798652
2020-05-22,CASH,0.0,0.0,0.0,0.0,0.0,0.0,1,1.844358512798652
2020-05-23,CASH,0.0,0.0,0.0,0.0,0.0,0.0,1,1.844358512798652
2020-05-24,CASH,0.0,0.0,0.0,0.0,0.0,0.0,1,1.844358512798652
2020-05-25,CASH,0.0,0.0,0.0,0.0,0.0,0.0,1,1.844358512798652
2020-05-26,CASH,0.0,0.0,0.0,0.0,0.0,0.0,1,1.844358512798652
2020-05-27,CASH,0.0,0.0,0.0,0.0,0.0,0.0,0,1.844358512798652
2020-05-28,CASH,0.0,0.0,0.0,0.0,0.0,0.0,0,1.844358512798652
2020-05-29,CASH,0.0,0.0,0.0,0.0,0.0,0.0,0,1.844358512798652
2020-05-30,CASH,0.0,0.0,0.0,0.0,0.0,0.0,0,1.844358512798652
2020-05-31,ETHUSDT,1.0,0.07194368873342838,1.0,0.0015,0.07044368873342838,0.07194368873342838,1,1.974281929787089
2020-06-01,ETHUSDT,1.0,-0.04238005075937634,0.0,0.0,-0.04238005075937634,-0.04238005075937634,0,1.8906117613893927
2020-06-02,ETHUSDT,1.0,0.02864835303521107,0.0,0.0,0.02864835303521107,0.02864835303521107,1,1.9447746745821983
2020-06-03,ETHUSDT,1.0,-0.0053574349746442484,0.0,0.0,-0.0053574349746442484,-0.0053574349746442484,0,1.9343556707227894
2020-06-04,ETHUSDT,1.0,-0.013075120266436424,0.0,0.0,-0.013075120266436424,-0.013075120266436424,1,1.9090637376900257
2020-06-05,ETHUSDT,1.0,0.007957338666000124,0.0,0.0,0.007957338666000124,0.007957338666000124,0,1.9242548043858052
2020-06-06,ETHUSDT,1.0,0.0108291311895512,0.0,0.0,0.0108291311895512,0.0108291311895512,0,1.9450928121046234
2020-06-07,ETHUSDT,1.0,0.0075237160614982646,0.0,0.0,0.0075237160614982646,0.0075237160614982646,1,1.9597271381361598
2020-06-08,ETHUSDT,1.0,-0.010551948051948035,0.0,0.0,-0.010551948051948035,-0.010551948051948035,0,1.9390481991785542
2020-06-09,ETHUSDT,1.0,0.016324856439704716,0.0,0.0,0.016324856439704716,0.016324856439704716,0,1.970702882659812
2020-06-10,ETHUSDT,1.0,-0.06969892646702724,0.0,0.0,-0.06969892646702724,-0.06969892646702724,0,1.8333470073529472
2020-06-11,ETHUSDT,1.0,0.03054097436119907,0.0,0.0,0.03054097436119907,0.03054097436119907,1,1.8893392112996945
2020-06-12,ETHUSDT,1.0,0.0023573984424332117,0.0,0.0,0.0023573984424332117,0.0023573984424332117,1,1.8937931366136405
2020-06-13,ETHUSDT,1.0,-0.02662634916635165,0.0,0.0,-0.02662634916635165,-0.02662634916635165,1,1.8433683393093254
2020-06-14,ETHUSDT,1.0,-0.003926306251887612,0.0,0.0,-0.003926306251887612,-0.003926306251887612,0,1.8361307106741636
2020-06-15,CASH,0.0,0.0,1.0,0.0015,-0.0015,0.0,1,1.8333765146081524
2020-06-16,CASH,0.0,0.0,0.0,0.0,0.0,0.0,0,1.8333765146081524
2020-06-17,CASH,0.0,0.0,0.0,0.0,0.0,0.0,0,1.8333765146081524
2020-06-18,CASH,0.0,0.0,0.0,0.0,0.0,0.0,1,1.8333765146081524
2020-06-19,CASH,0.0,0.0,0.0,0.0,0.0,0.0,1,1.8333765146081524
2020-06-20,CASH,0.0,0.0,0.0,0.0,0.0,0.0,1,1.8333765146081524
2020-06-21,CASH,0.0,0.0,0.0,0.0,0.0,0.0,1,1.8333765146081524
2020-06-22,CASH,0.0,0.0,0.0,0.0,0.0,0.0,0,1.8333765146081524
2020-06-23,CASH,0.0,0.0,0.0,0.0,0.0,0.0,0,1.8333765146081524
2020-06-24,CASH,0.0,0.0,0.0,0.0,0.0,0.0,0,1.8333765146081524
2020-06-25,CASH,0.0,0.0,0.0,0.0,0.0,0.0,1,1.8333765146081524
2020-06-26,CASH,0.0,0.0,0.0,0.0,0.0,0.0,1,1.8333765146081524
2020-06-27,CASH,0.0,0.0,0.0,0.0,0.0,0.0,1,1.8333765146081524
2020-06-28,CASH,0.0,0.0,0.0,0.0,0.0,0.0,1,1.8333765146081524
2020-06-29,CASH,0.0,0.0,0.0,0.0,0.0,0.0,0,1.8333765146081524
2020-06-30,CASH,0.0,0.0,0.0,0.0,0.0,0.0,0,1.8333765146081524
2020-07-01,CASH,0.0,0.0,0.0,0.0,0.0,0.0,0,1.8333765146081524
2020-07-02,CASH,0.0,0.0,0.0,0.0,0.0,0.0,1,1.8333765146081524
2020-07-03,CASH,0.0,0.0,0.0,0.0,0.0,0.0,1,1.8333765146081524
2020-07-04,CASH,0.0,0.0,0.0,0.0,0.0,0.0,1,1.8333765146081524
2020-07-05,CASH,0.0,0.0,0.0,0.0,0.0,0.0,1,1.8333765146081524
2020-07-06,LINKUSDT,1.0,0.06772105861946764,1.0,0.0015,0.06622105861946764,0.06772105861946764,0,1.954784648253574
2020-07-07,LINKUSDT,1.0,0.13518376187814418,0.0,0.0,0.13518376187814418,0.13518376187814418,0,2.219039790666137
2020-07-08,LINKUSDT,1.0,-0.0641205164109746,0.0,0.0,-0.0641205164109746,-0.0641205164109746,0,2.0767538133521235
2020-07-09,ETHUSDT,1.0,-0.0029754525167369206,2.0,0.003,-0.005975452516736921,-0.0029754525167369206,1,2.0643442695514858
2020-07-10,ETHUSDT,1.0,-0.00857995523501609,0.0,0.0,-0.00857995523501609,-0.00857995523501609,0,2.046632288129072
2020-07-11,ETHUSDT,1.0,0.015050796437978242,0.0,0.0,0.015050796437978242,0.015050796437978242,1,2.0774357340810963
2020-07-12,ETHUSDT,1.0,-0.01355080522262031,0.0,0.0,-0.01355080522262031,-0.01355080522262031,0,2.0492848070860523
2020-07-13,ETHUSDT,1.0,0.003924843423799507,0.0,0.0,0.003924843423799507,0.003924843423799507,1,2.0573279290846362
2020-07-14,ETHUSDT,1.0,-0.007611046414905953,0.0,0.0,-0.007611046414905953,-0.007611046414905953,0,2.041669510725691
2020-07-15,ETHUSDT,1.0,-0.02112233351494075,0.0,0.0,-0.02112233351494075,-0.02112233351494075,1,1.9985446863928569
2020-07-16,ETHUSDT,1.0,-0.003853234576358333,0.0,0.0,-0.003853234576358333,-0.003853234576358333,1,1.9908438249048508
2020-07-17,ETHUSDT,1.0,0.012893798083122077,0.0,0.0,0.012893798083122077,0.012893798083122077,1,2.016513363198204
2020-07-18,ETHUSDT,1.0,0.014596681800823186,0.0,0.0,0.014596681800823186,0.014596681800823186,1,2.0459477671079163
2020-07-19,ETHUSDT,1.0,-0.012964744259964078,0.0,0.0,-0.012964744259964078,-0.012964744259964078,0,2.0194225775381174
2020-07-20,ETHUSDT,1.0,0.04059150036015424,0.0,0.0,0.04059150036015424,0.04059150036015424,0,2.1013939698215593
2020-07-21,ETHUSDT,1.0,0.07390366057249897,0.0,0.0,0.07390366057249897,0.07390366057249897,0,2.256694676496348
2020-07-22,ETHUSDT,1.0,0.04383104572685226,0.0,0.0,0.04383104572685226,0.04383104572685226,0,2.3556079640534033
2020-07-23,ETHUSDT,1.0,0.013984743915728126,0.0,0.0,0.013984743915728126,0.013984743915728126,0,2.3885505381965397
2020-07-24,ETHUSDT,1.0,0.09353394232491508,0.0,0.0,0.09353394232491508,0.09353394232491508,0,2.61196108647636
2020-07-25,ETHUSDT,1.0,0.018803642796304754,0.0,0.0,0.018803642796304754,0.018803642796304754,0,2.6610754697443095
2020-07-26,ETHUSDT,1.0,0.03514469453376212,0.0,0.0,0.03514469453376212,0.03514469453376212,0,2.7545981542597606
2020-07-27,ETHUSDT,1.0,-0.016028329139875175,0.0,0.0,-0.016028329139875175,-0.016028329139875175,0,2.7104465483951925
2020-07-28,ETHUSDT,1.0,0.0029674527259526684,0.0,0.0,0.0029674527259526684,0.0029674527259526684,0,2.718489670393777
2020-07-29,ETHUSDT,1.0,0.054011519939567654,0.0,0.0,0.054011519939567654,0.054011519939567654,0,2.865319429431759
2020-07-30,ETHUSDT,1.0,0.03422223549437087,0.0,0.0,0.03422223549437087,0.03422223549437087,0,2.963377065712369
2020-07-31,ETHUSDT,1.0,0.1174313516010741,0.0,0.0,0.1174313516010741,0.1174313516010741,0,3.311370439842597
2020-08-01,ETHUSDT,1.0,-0.03767441860465115,0.0,0.0,-0.03767441860465115,-0.03767441860465115,0,3.1866164837368993
2020-08-02,BTCUSDT,1.0,0.013409385485961378,2.0,0.003,0.010409385485961379,0.013409385485961378,1,3.219787203112036
2020-08-03,BNBUSDT,1.0,0.010494140695860521,2.0,0.003,0.007494140695860521,0.010494140695860521,1,3.243916741422889
2020-08-04,BNBUSDT,1.0,0.04447576048613655,0.0,0.0,0.04447576048613655,0.04447576048613655,1,3.388192405451382
2020-08-05,BNBUSDT,1.0,-0.022519851500464094,0.0,0.0,-0.022519851500464094,-0.022519851500464094,0,3.3118908156256164
2020-08-06,BNBUSDT,1.0,-0.018304342665734774,0.0,0.0,-0.018304342665734774,-0.018304342665734774,0,3.2512688312649054
2020-08-07,BNBUSDT,1.0,0.026468388835901413,0.0,0.0,0.026468388835901413,0.026468388835901413,0,3.3373246789008717
2020-08-08,BTCUSDT,1.0,-0.006778949122596689,2.0,0.003,-0.009778949122596688,-0.006778949122596689,0,3.3046891506603138
2020-08-09,BNBUSDT,1.0,0.009584336812059613,2.0,0.003,0.006584336812059613,0.009584336812059613,1,3.3264483370874207
2020-08-10,BNBUSDT,1.0,-0.0594913614496686,0.0,0.0,-0.0594913614496686,-0.0594913614496686,0,3.1285533967221038
2020-08-11,BTCUSDT,1.0,0.015120153650606483,2.0,0.003,0.012120153650606483,0.015120153650606483,1,3.1664719445945027
2020-08-12,BTCUSDT,1.0,0.0186495888650704,0.0,0.0,0.0186495888650704,0.0186495888650704,1,3.22552534451397
2020-08-13,BTCUSDT,1.0,-0.0016519524617996106,0.0,0.0,-0.0016519524617996106,-0.0016519524617996106,1,3.220196929980503
2020-08-14,BTCUSDT,1.0,0.007810865827589497,0.0,0.0,0.007810865827589497,0.007810865827589497,0,3.2453494561389964
2020-08-15,BTCUSDT,1.0,0.004944146333232036,0.0,0.0,0.004944146333232036,0.004944146333232036,0,3.2613949387526224
2020-08-16,BNBUSDT,1.0,-0.00139827446980334,2.0,0.003,-0.00439827446980334,-0.00139827446980334,0,3.2470504286575608
2020-08-17,BNBUSDT,1.0,-0.022369669860104358,0.0,0.0,-0.022369669860104358,-0.022369669860104358,0,3.1744149825493806
2020-08-18,BNBUSDT,1.0,-0.025876667900132766,0.0,0.0,-0.025876667900132766,-0.025876667900132766,0,3.0922717002687445
2020-08-19,BNBUSDT,1.0,0.03185094810981348,0.0,0.0,0.03185094810981348,0.03185094810981348,1,3.190763485735449
2020-08-20,BNBUSDT,1.0,-0.04287793215758284,0.0,0.0,-0.04287793215758284,-0.04287793215758284,1,3.053950145463192
2020-08-21,BTCUSDT,1.0,0.01141411145625737,2.0,0.003,0.00841411145625737,0.01141411145625737,1,3.079646422368973
2020-08-22,ETHUSDT,1.0,-0.011461390547515493,2.0,0.003,-0.014461390547515492,-0.011461390547515493,1,3.0351104527068364
2020-08-23,ETHUSDT,1.0,0.04343374881625772,0.0,0.0,0.04343374881625772,0.04343374881625772,1,3.1669366777393035
2020-08-24,ETHUSDT,1.0,-0.06070937990580849,0.0,0.0,-0.06070937990580849,-0.06070937990580849,0,2.9746739158327893
2020-08-25,ETHUSDT,1.0,0.0075209568328415966,0.0,0.0,0.0075209568328415966,0.0075209568328415966,1,2.9970463099455475
2020-08-26,ETHUSDT,1.0,-0.006583551489074968,0.0,0.0,-0.006583551489074968,-0.006583551489074968,1,2.977315101248879
2020-08-27,ETHUSDT,1.0,0.030892060427375023,0.0,0.0,0.030892060427375023,0.030892060427375023,1,3.0692904992679955
2020-08-28,ETHUSDT,1.0,0.008959530257396597,0.0,0.0,0.008959530257396597,0.008959530257396597,0,3.096789900364927
2020-08-29,ETHUSDT,1.0,0.07598143735105989,0.0,0.0,0.07598143735105989,0.07598143735105989,0,3.3320884481688995
2020-08-30,ETHUSDT,1.0,0.01130694269594823,0.0,0.0,0.01130694269594823,0.01130694269594823,0,3.369764181310176
2020-08-31,ETHUSDT,1.0,0.09592198990294842,0.0,0.0,0.09592198990294842,0.09592198990294842,0,3.6929986670851283
2020-09-01,ETHUSDT,1.0,-0.07551535549011357,0.0,0.0,-0.07551535549011357,-0.07551535549011357,0,3.414120559915679
2020-09-02,BNBUSDT,1.0,-0.17791093954419912,2.0,0.003,-0.18091093954419912,-0.17791093954419912,1,2.7964688017041666
2020-09-03,BTCUSDT,1.0,0.03011581869369917,2.0,0.003,0.02711581869369917,0.03011581869369917,1,2.8722973427137632
2020-09-04,BTCUSDT,1.0,-0.02676175661122404,0.0,0.0,-0.02676175661122404,-0.02676175661122404,1,2.795429620312992
2020-09-05,BTCUSDT,1.0,0.008804242088624736,0.0,0.0,0.008804242088624736,0.008804242088624736,1,2.8200412594319397
2020-09-06,BTCUSDT,1.0,0.011431134338253823,0.0,0.0,0.011431134338253823,0.011431134338253823,0,2.8522775299079246
2020-09-07,BTCUSDT,1.0,-0.02379056513557709,0.0,0.0,-0.02379056513557709,-0.02379056513557709,1,2.7844202355479073
2020-09-08,BTCUSDT,1.0,0.009139251381256486,0.0,0.0,0.009139251381256486,0.009139251381256486,1,2.809867752031637
2020-09-09,BTCUSDT,1.0,0.011514599968686312,0.0,0.0,0.011514599968686312,0.011514599968686312,1,2.842222255161193
2020-09-10,BTCUSDT,1.0,0.004935730061420784,0.0,0.0,0.004935730061420784,0.004935730061420784,1,2.856250696987231
2020-09-11,BTCUSDT,1.0,0.005104982821342974,0.0,0.0,0.005104982821342974,0.005104982821342974,0,2.8708318077287998
2020-09-12,BTCUSDT,1.0,-0.01035253598341912,0.0,0.0,-0.01035253598341912,-0.01035253598341912,0,2.841111418136943
2020-09-13,BTCUSDT,1.0,0.03280224294796308,0.0,0.0,0.03280224294796308,0.03280224294796308,1,2.934306245116903
2020-09-14,BTCUSDT,1.0,0.010639284767194113,0.0,0.0,0.010639284767194113,0.010639284767194113,0,2.965525164852858
2020-09-15,BTCUSDT,1.0,0.015641645905402957,0.0,0.0,0.015641645905402957,0.015641645905402957,0,3.0119108594050483
2020-09-16,BTCUSDT,1.0,-0.001279896585816509,0.0,0.0,-0.001279896585816509,-0.001279896585816509,0,3.008055924979312
2020-09-17,BTCUSDT,1.0,-0.0006032912278713942,0.0,0.0,-0.0006032912278713942,-0.0006032912278713942,0,3.006241191226825
2020-09-18,BTCUSDT,1.0,0.013468832631050365,0.0,0.0,0.013468832631050365,0.013468832631050365,0,3.0467317506800287
2020-09-19,BTCUSDT,1.0,-0.014472977668277487,0.0,0.0,-0.014472977668277487,-0.014472977668277487,0,3.0026364700912045
2020-09-20,BTCUSDT,1.0,-0.04606658437329458,0.0,0.0,-0.04606658437329458,-0.04606658437329458,1,2.8643152637994165
2020-09-21,BTCUSDT,1.0,0.010788866895390603,0.0,0.0,0.010788866895390603,0.010788866895390603,1,2.895217979926984
2020-09-22,BTCUSDT,1.0,-0.027365685908595005,0.0,0.0,-0.027365685908595005,-0.027365685908595005,1,2.8159883540513855
2020-09-23,CASH,0.0,0.0,1.0,0.0015,-0.0015,0.0,1,2.8117643715203084
2020-09-24,BTCUSDT,1.0,-0.004624489583022862,1.0,0.0015,-0.006124489583022861,-0.004624489583022862,0,2.794543749917018
2020-09-25,BTCUSDT,1.0,0.003923579562202351,0.0,0.0,0.003923579562202351,0.003923579562202351,0,2.8055083646598726
2020-09-26,BTCUSDT,1.0,0.004254982010700292,0.0,0.0,0.004254982010700292,0.004254982010700292,0,2.8174457522823695
2020-09-27,BTCUSDT,1.0,-0.007251548831705201,0.0,0.0,-0.007251548831705201,-0.007251548831705201,0,2.7970149068290135
2020-09-28,BTCUSDT,1.0,0.013496482836766965,0.0,0.0,0.013496482836766965,0.013496482836766965,0,2.8347647705132126
2020-09-29,BTCUSDT,1.0,-0.005893650465662037,0.0,0.0,-0.005893650465662037,-0.005893650465662037,0,2.8180576578034353
2020-09-30,BTCUSDT,1.0,-0.01461130097739649,0.0,0.0,-0.01461130097739649,-0.01461130097739649,0,2.7768821691936125
2020-10-01,BTCUSDT,1.0,-0.004588888166921379,0.0,0.0,-0.004588888166921379,-0.004588888166921379,1,2.764139367466465
2020-10-02,BTCUSDT,1.0,-0.0026810716718383976,0.0,0.0,-0.0026810716718383976,-0.0026810716718383976,1,2.756728511711337
2020-10-03,BTCUSDT,1.0,0.011816476096702111,0.0,0.0,0.011816476096702111,0.011816476096702111,1,2.7893033282750714
2020-10-04,BTCUSDT,1.0,0.011773165470256197,0.0,0.0,0.011773165470256197,0.011773165470256197,0,2.82214225790559
2020-10-05,CASH,0.0,0.0,1.0,0.0015,-0.0015,0.0,0,2.817909044518732
2020-10-06,CASH,0.0,0.0,0.0,0.0,0.0,0.0,0,2.817909044518732
2020-10-07,CASH,0.0,0.0,0.0,0.0,0.0,0.0,1,2.817909044518732
2020-10-08,CASH,0.0,0.0,0.0,0.0,0.0,0.0,0,2.817909044518732
2020-10-09,CASH,0.0,0.0,0.0,0.0,0.0,0.0,0,2.817909044518732
2020-10-10,CASH,0.0,0.0,0.0,0.0,0.0,0.0,0,2.817909044518732
2020-10-11,BNBUSDT,1.0,0.07442747422626206,1.0,0.0015,0.07292747422626206,0.07442747422626206,0,3.0234120337348225
2020-10-12,BNBUSDT,1.0,0.002456745937233773,0.0,0.0,0.002456745937233773,0.002456745937233773,0,3.030839788965284
2020-10-13,BNBUSDT,1.0,0.0036581873096050987,0.0,0.0,0.0036581873096050987,0.0036581873096050987,0,3.0419271686187233
2020-10-14,BNBUSDT,1.0,0.015811660937804062,0.0,0.0,0.015811660937804062,0.015811660937804062,0,3.0900250896064168
2020-10-15,BNBUSDT,1.0,-0.04066961207446951,0.0,0.0,-0.04066961207446951,-0.04066961207446951,1,2.964354967911746
2020-10-16,BNBUSDT,1.0,0.006315803484672866,0.0,0.0,0.006315803484672866,0.006315803484672866,1,2.9830772513478903
2020-10-17,BNBUSDT,1.0,0.013818804684968322,0.0,0.0,0.013818804684968322,0.013818804684968322,1,3.024299813244439
2020-10-18,BNBUSDT,1.0,-0.024416734889576852,0.0,0.0,-0.024416734889576852,-0.024416734889576852,1,2.9504562864778525
2020-10-19,BNBUSDT,1.0,-0.0363749427462412,0.0,0.0,-0.0363749427462412,-0.0363749427462412,0,2.843133607981933
2020-10-20,ETHUSDT,1.0,0.05931835449907741,2.0,0.003,0.056318354499077405,0.05931835449907741,0,3.0032542144045005
2020-10-21,BNBUSDT,1.0,0.030494839050345002,2.0,0.003,0.027494839050345003,0.030494839050345002,0,3.085828205656823
2020-10-22,BNBUSDT,1.0,-6.201125341065428e-05,0.0,0.0,-6.201125341065428e-05,-6.201125341065428e-05,0,3.0856368495819804
2020-10-23,ETHUSDT,1.0,0.007406321038351482,2.0,0.003,0.004406321038351482,0.007406321038351482,0,3.0992331561490065
2020-10-24,ETHUSDT,1.0,-0.01523754064152949,0.0,0.0,-0.01523754064152949,-0.01523754064152949,0,3.05200846497461
2020-10-25,BNBUSDT,1.0,0.030493228890069002,2.0,0.003,0.027493228890069003,0.030493228890069002,0,3.1359180322765856
2020-10-26,BNBUSDT,1.0,0.014040139531737772,0.0,0.0,0.014040139531737772,0.014040139531737772,0,3.1799467590098414
2020-10-27,BTCUSDT,1.0,-0.027116851725961233,2.0,0.003,-0.030116851725961232,-0.027116851725961233,0,3.084176773972291
2020-10-28,BTCUSDT,1.0,0.014269131037809801,0.0,0.0,0.014269131037809801,0.014269131037809801,0,3.128185296503871
2020-10-29,BTCUSDT,1.0,0.007758793671083675,0.0,0.0,0.007758793671083675,0.007758793671083675,0,3.152456240784362
2020-10-30,BTCUSDT,1.0,0.017027898024350785,0.0,0.0,0.017027898024350785,0.017027898024350785,1,3.2061359441786665
2020-10-31,BTCUSDT,1.0,-0.002139076209121904,0.0,0.0,-0.002139076209121904,-0.002139076209121904,0,3.199277775057263
2020-11-01,BTCUSDT,1.0,-0.015414744032263838,0.0,0.0,-0.015414744032263838,-0.015414744032263838,0,3.149961727066645
2020-11-02,CASH,0.0,0.0,1.0,0.0015,-0.0015,0.0,1,3.145236784476045
2020-11-03,CASH,0.0,0.0,0.0,0.0,0.0,0.0,0,3.145236784476045
2020-11-04,CASH,0.0,0.0,0.0,0.0,0.0,0.0,0,3.145236784476045
2020-11-05,BTCUSDT,1.0,-0.0006478503555480408,1.0,0.0015,-0.002147850355548041,-0.0006478503555480408,0,3.138481286530226
2020-11-06,BTCUSDT,1.0,-0.048884718278399464,0.0,0.0,-0.048884718278399464,-0.048884718278399464,0,2.985057513016167
2020-11-07,BTCUSDT,1.0,0.04432357287948019,0.0,0.0,0.04432357287948019,0.04432357287948019,0,3.117365927243779
2020-11-08,BTCUSDT,1.0,-0.009479098681107079,0.0,0.0,-0.009479098681107079,-0.009479098681107079,1,3.0878161079943145
2020-11-09,BTCUSDT,1.0,-0.002035436160697679,0.0,0.0,-0.002035436160697679,-0.002035436160697679,1,3.081531055430518
2020-11-10,BTCUSDT,1.0,0.025300692086988485,0.0,0.0,0.025300692086988485,0.025300692086988485,0,3.159495923820458
2020-11-11,BTCUSDT,1.0,0.03874079968171884,0.0,0.0,0.03874079968171884,0.03874079968171884,0,3.281897322500394
2020-11-12,BTCUSDT,1.0,0.0017702091719422608,0.0,0.0,0.0017702091719422608,0.0017702091719422608,0,3.2877069672420567
2020-11-13,BTCUSDT,1.0,-0.015333288400620093,0.0,0.0,-0.015333288400620093,-0.015333288400620093,0,3.237295608136606
2020-11-14,BTCUSDT,1.0,-0.007059540958716193,0.0,0.0,-0.007059540958716193,-0.007059540958716193,0,3.2144417871954936
2020-11-15,BTCUSDT,1.0,0.04741304756533182,0.0,0.0,0.04741304756533182,0.04741304756533182,1,3.3668482685477836
2020-11-16,BTCUSDT,1.0,0.05658934626175016,0.0,0.0,0.05658934626175016,0.05658934626175016,0,3.557376011027408
2020-11-17,BTCUSDT,1.0,0.006610651110061427,0.0,0.0,0.006610651110061427,0.006610651110061427,0,3.580892582703612
2020-11-18,BTCUSDT,1.0,0.0015020150629045936,0.0,0.0,0.0015020150629045936,0.0015020150629045936,0,3.586271137301476
2020-11-19,BTCUSDT,1.0,0.04790533185192003,0.0,0.0,0.04790533185192003,0.04790533185192003,0,3.758072646244866
2020-11-20,BTCUSDT,1.0,0.0025799127021437496,0.0,0.0,0.0025799127021437496,0.0025799127021437496,0,3.767768145600492
2020-11-21,ETHUSDT,1.0,0.013904227392051993,2.0,0.003,0.010904227392051994,0.013904227392051993,0,3.80885274622065
2020-11-22,ETHUSDT,1.0,0.08669178436869474,0.0,0.0,0.08669178436869474,0.08669178436869474,0,4.139048987188121
2020-11-23,ETHUSDT,1.0,-0.005931841335568011,0.0,0.0,-0.005931841335568011,-0.005931841335568011,1,4.114496805315978
2020-11-24,ETHUSDT,1.0,-0.05863100649618991,0.0,0.0,-0.05863100649618991,-0.05863100649618991,0,3.8732597163949447
2020-11-25,ETHUSDT,1.0,-0.08721685689201042,0.0,0.0,-0.08721685689201042,-0.08721685689201042,0,3.535446178004538
2020-11-26,CASH,0.0,0.0,1.0,0.0015,-0.0015,0.0,1,3.5301430087375314
2020-11-27,BTCUSDT,1.0,0.033859174585985974,1.0,0.0015,0.03235917458598597,0.033859174585985974,1,3.644375522670767
2020-11-28,BTCUSDT,1.0,0.02624965786956457,0.0,0.0,0.02624965786956457,0.02624965786956457,1,3.74003913328909
2020-11-29,BTCUSDT,1.0,0.08308390601259585,0.0,0.0,0.08308390601259585,0.08308390601259585,0,4.050776193122711
2020-11-30,BTCUSDT,1.0,-0.047264223413334916,0.0,0.0,-0.047264223413334916,-0.047264223413334916,0,3.8593194021335404
2020-12-01,BTCUSDT,1.0,0.023401595313818913,0.0,0.0,0.023401595313818913,0.023401595313818913,0,3.949633632969039
2020-12-02,BTCUSDT,1.0,0.011341854781976135,0.0,0.0,0.011341854781976135,0.011341854781976135,0,3.9944298040761828
2020-12-03,BTCUSDT,1.0,-0.03971702047688441,0.0,0.0,-0.03971702047688441,-0.03971702047688441,1,3.8357829537542116
2020-12-04,BTCUSDT,1.0,0.026655557056854073,0.0,0.0,0.026655557056854073,0.026655557056854073,1,3.9380278851357153
2020-12-05,BTCUSDT,1.0,0.011058270305614348,0.0,0.0,0.011058270305614348,0.011058270305614348,1,3.981575661960593
2020-12-06,BTCUSDT,1.0,-0.009943489984193699,0.0,0.0,-0.009943489984193699,-0.009943489984193699,1,3.9419849042445785
2020-12-07,BTCUSDT,1.0,-0.04397111687335986,0.0,0.0,-0.04397111687335986,-0.04397111687335986,0,3.76865142530702
2020-12-08,BTCUSDT,1.0,0.01185159879524833,0.0,0.0,0.01185159879524833,0.01185159879524833,1,3.8133159699988997
2020-12-09,BTCUSDT,1.0,-0.015460097684733665,0.0,0.0,-0.015460097684733665,-0.015460097684733665,1,3.754361732599962
2020-12-10,BTCUSDT,1.0,-0.011947653828097482,0.0,0.0,-0.011947653828097482,-0.011947653828097482,1,3.7095059182734014
2020-12-11,BTCUSDT,1.0,0.04281089544385752,0.0,0.0,0.04281089544385752,0.04281089544385752,1,3.8683131882889747
2020-12-12,BTCUSDT,1.0,0.019475040526480303,0.0,0.0,0.019475040526480303,0.019475040526480303,0,3.943648744400021
2020-12-13,BTCUSDT,1.0,0.005118646737234167,0.0,0.0,0.005118646737234167,0.005118646737234167,0,3.9638348891783415
2020-12-14,CASH,0.0,0.0,1.0,0.0015,-0.0015,0.0,0,3.957889136844574
2020-12-15,BTCUSDT,1.0,0.098272816981813,1.0,0.0015,0.096772816981813,0.098272816981813,0,4.340905217918739
2020-12-16,BTCUSDT,1.0,0.06850735299631783,0.0,0.0,0.06850735299631783,0.06850735299631783,0,4.638289144006256
2020-12-17,BTCUSDT,1.0,0.013608274013078736,0.0,0.0,0.013608274013078736,0.013608274013078736,0,4.701408253629782
2020-12-18,BTCUSDT,1.0,0.030908726602182357,0.0,0.0,0.030908726602182357,0.030908726602182357,0,4.8467227959864685
2020-12-19,BTCUSDT,1.0,-0.015367978906547508,0.0,0.0,-0.015367978906547508,-0.015367978906547508,0,4.772238462291866
2020-12-20,BTCUSDT,1.0,-0.03137044073207507,0.0,0.0,-0.03137044073207507,-0.03137044073207507,0,4.62253123845121
2020-12-21,BTCUSDT,1.0,0.04802350029995983,0.0,0.0,0.04802350029995983,0.04802350029995983,1,4.844521368767546
2020-12-22,BTCUSDT,1.0,-0.024275969003968445,0.0,0.0,-0.024275969003968445,-0.024275969003968445,1,4.726915918180282
2020-12-23,BTCUSDT,1.0,0.021368102627496777,0.0,0.0,0.021368102627496777,0.021368102627496777,1,4.8279211426315065
2020-12-24,BTCUSDT,1.0,0.04143713230955948,0.0,0.0,0.04143713230955948,0.04143713230955948,0,5.0279763497988474
2020-12-25,BTCUSDT,1.0,0.07206564135434457,0.0,0.0,0.07206564135434457,0.07206564135434457,0,5.390320690161578
2020-12-26,BTCUSDT,1.0,-0.007991804748278653,0.0,0.0,-0.007991804748278653,-0.007991804748278653,0,5.3472422996752
2020-12-27,BTCUSDT,1.0,0.03035386653658856,0.0,0.0,0.03035386653658856,0.03035386653658856,0,5.5095517787783415
2020-12-28,BTCUSDT,1.0,0.011284957833276321,0.0,0.0,0.011284957833276321,0.011284957833276321,0,5.571726838282108
2020-12-29,BTCUSDT,1.0,0.05442906700748584,0.0,0.0,0.05442906700748584,0.05442906700748584,0,5.874990731710372
2020-12-30,BTCUSDT,1.0,0.0016654233998740775,0.0,0.0,0.0016654233998740775,0.0016654233998740775,0,5.884775078749006
2020-12-31,BTCUSDT,1.0,0.014108187665241134,0.0,0.0,0.014108187665241134,0.014108187665241134,0,5.967798589927731
2021-01-01,BTCUSDT,1.0,0.09704998245924479,0.0,0.0,0.09704998245924479,0.09704998245924479,0,6.546973338400523
2021-01-02,BTCUSDT,1.0,0.025536440206810118,0.0,0.0,0.025536440206810118,0.025536440206810118,0,6.714159731592168
2021-01-03,CASH,0.0,0.0,1.0,0.0015,-0.0015,0.0,0,6.70408849199478
2021-01-04,CASH,0.0,0.0,0.0,0.0,0.0,0.0,0,6.70408849199478
2021-01-05,CASH,0.0,0.0,0.0,0.0,0.0,0.0,0,6.70408849199478
2021-01-06,CASH,0.0,0.0,0.0,0.0,0.0,0.0,0,6.70408849199478
2021-01-07,CASH,0.0,0.0,0.0,0.0,0.0,0.0,0,6.70408849199478
2021-01-08,CASH,0.0,0.0,0.0,0.0,0.0,0.0,0,6.70408849199478
2021-01-09,CASH,0.0,0.0,0.0,0.0,0.0,0.0,0,6.70408849199478
2021-01-10,CASH,0.0,0.0,0.0,0.0,0.0,0.0,1,6.70408849199478
2021-01-11,CASH,0.0,0.0,0.0,0.0,0.0,0.0,1,6.70408849199478
2021-01-12,CASH,0.0,0.0,0.0,0.0,0.0,0.0,1,6.70408849199478
2021-01-13,CASH,0.0,0.0,0.0,0.0,0.0,0.0,1,6.70408849199478
2021-01-14,CASH,0.0,0.0,0.0,0.0,0.0,0.0,0,6.70408849199478
2021-01-15,CASH,0.0,0.0,0.0,0.0,0.0,0.0,0,6.70408849199478
2021-01-16,CASH,0.0,0.0,0.0,0.0,0.0,0.0,1,6.70408849199478
2021-01-17,CASH,0.0,0.0,0.0,0.0,0.0,0.0,1,6.70408849199478
2021-01-18,CASH,0.0,0.0,0.0,0.0,0.0,0.0,1,6.70408849199478
2021-01-19,CASH,0.0,0.0,0.0,0.0,0.0,0.0,1,6.70408849199478
2021-01-20,CASH,0.0,0.0,0.0,0.0,0.0,0.0,1,6.70408849199478
2021-01-21,CASH,0.0,0.0,0.0,0.0,0.0,0.0,1,6.70408849199478
2021-01-22,CASH,0.0,0.0,0.0,0.0,0.0,0.0,1,6.70408849199478
2021-01-23,CASH,0.0,0.0,0.0,0.0,0.0,0.0,1,6.70408849199478
2021-01-24,CASH,0.0,0.0,0.0,0.0,0.0,0.0,0,6.70408849199478
2021-01-25,CASH,0.0,0.0,0.0,0.0,0.0,0.0,1,6.70408849199478
2021-01-26,CASH,0.0,0.0,0.0,0.0,0.0,0.0,0,6.70408849199478
2021-01-27,CASH,0.0,0.0,0.0,0.0,0.0,0.0,1,6.70408849199478
2021-01-28,CASH,0.0,0.0,0.0,0.0,0.0,0.0,0,6.70408849199478
2021-01-29,CASH,0.0,0.0,0.0,0.0,0.0,0.0,0,6.70408849199478
2021-01-30,CASH,0.0,0.0,0.0,0.0,0.0,0.0,0,6.70408849199478
2021-01-31,CASH,0.0,0.0,0.0,0.0,0.0,0.0,1,6.70408849199478
2021-02-01,CASH,0.0,0.0,0.0,0.0,0.0,0.0,1,6.70408849199478
2021-02-02,CASH,0.0,0.0,0.0,0.0,0.0,0.0,0,6.70408849199478
2021-02-03,CASH,0.0,0.0,0.0,0.0,0.0,0.0,0,6.70408849199478
2021-02-04,CASH,0.0,0.0,0.0,0.0,0.0,0.0,0,6.70408849199478
2021-02-05,CASH,0.0,0.0,0.0,0.0,0.0,0.0,0,6.70408849199478
2021-02-06,CASH,0.0,0.0,0.0,0.0,0.0,0.0,0,6.70408849199478
2021-02-07,CASH,0.0,0.0,0.0,0.0,0.0,0.0,0,6.70408849199478
2021-02-08,CASH,0.0,0.0,0.0,0.0,0.0,0.0,0,6.70408849199478
2021-02-09,CASH,0.0,0.0,0.0,0.0,0.0,0.0,0,6.70408849199478
2021-02-10,CASH,0.0,0.0,0.0,0.0,0.0,0.0,0,6.70408849199478
2021-02-11,CASH,0.0,0.0,0.0,0.0,0.0,0.0,0,6.70408849199478
2021-02-12,CASH,0.0,0.0,0.0,0.0,0.0,0.0,0,6.70408849199478
2021-02-13,CASH,0.0,0.0,0.0,0.0,0.0,0.0,0,6.70408849199478
2021-02-14,CASH,0.0,0.0,0.0,0.0,0.0,0.0,0,6.70408849199478
2021-02-15,CASH,0.0,0.0,0.0,0.0,0.0,0.0,0,6.70408849199478
2021-02-16,CASH,0.0,0.0,0.0,0.0,0.0,0.0,0,6.70408849199478
2021-02-17,CASH,0.0,0.0,0.0,0.0,0.0,0.0,0,6.70408849199478
2021-02-18,CASH,0.0,0.0,0.0,0.0,0.0,0.0,0,6.70408849199478
2021-02-19,CASH,0.0,0.0,0.0,0.0,0.0,0.0,0,6.70408849199478
2021-02-20,CASH,0.0,0.0,0.0,0.0,0.0,0.0,0,6.70408849199478
2021-02-21,CASH,0.0,0.0,0.0,0.0,0.0,0.0,0,6.70408849199478
2021-02-22,CASH,0.0,0.0,0.0,0.0,0.0,0.0,1,6.70408849199478
2021-02-23,CASH,0.0,0.0,0.0,0.0,0.0,0.0,1,6.70408849199478
2021-02-24,CASH,0.0,0.0,0.0,0.0,0.0,0.0,1,6.70408849199478
2021-02-25,CASH,0.0,0.0,0.0,0.0,0.0,0.0,1,6.70408849199478
2021-02-26,CASH,0.0,0.0,0.0,0.0,0.0,0.0,1,6.70408849199478
2021-02-27,CASH,0.0,0.0,0.0,0.0,0.0,0.0,1,6.70408849199478
2021-02-28,CASH,0.0,0.0,0.0,0.0,0.0,0.0,1,6.70408849199478
2021-03-01,CASH,0.0,0.0,0.0,0.0,0.0,0.0,0,6.70408849199478
2021-03-02,CASH,0.0,0.0,0.0,0.0,0.0,0.0,0,6.70408849199478
2021-03-03,CASH,0.0,0.0,0.0,0.0,0.0,0.0,0,6.70408849199478
2021-03-04,CASH,0.0,0.0,0.0,0.0,0.0,0.0,1,6.70408849199478
2021-03-05,CASH,0.0,0.0,0.0,0.0,0.0,0.0,0,6.70408849199478
2021-03-06,CASH,0.0,0.0,0.0,0.0,0.0,0.0,1,6.70408849199478
2021-03-07,CASH,0.0,0.0,0.0,0.0,0.0,0.0,0,6.70408849199478
2021-03-08,CASH,0.0,0.0,0.0,0.0,0.0,0.0,0,6.70408849199478
2021-03-09,CASH,0.0,0.0,0.0,0.0,0.0,0.0,0,6.70408849199478
2021-03-10,CASH,0.0,0.0,0.0,0.0,0.0,0.0,0,6.70408849199478
2021-03-11,CASH,0.0,0.0,0.0,0.0,0.0,0.0,0,6.70408849199478
2021-03-12,CASH,0.0,0.0,0.0,0.0,0.0,0.0,0,6.70408849199478
2021-03-13,CASH,0.0,0.0,0.0,0.0,0.0,0.0,0,6.70408849199478
2021-03-14,CASH,0.0,0.0,0.0,0.0,0.0,0.0,0,6.70408849199478
2021-03-15,CASH,0.0,0.0,0.0,0.0,0.0,0.0,1,6.70408849199478
2021-03-16,CASH,0.0,0.0,0.0,0.0,0.0,0.0,1,6.70408849199478
2021-03-17,CASH,0.0,0.0,0.0,0.0,0.0,0.0,1,6.70408849199478
2021-03-18,TRXUSDT,1.0,0.10001876524676301,1.0,0.0015,0.09851876524676301,0.10001876524676301,0,7.364567012331138
2021-03-19,CASH,0.0,0.0,1.0,0.0015,-0.0015,0.0,0,7.353520161812642
2021-03-20,CASH,0.0,0.0,0.0,0.0,0.0,0.0,1,7.353520161812642
2021-03-21,CASH,0.0,0.0,0.0,0.0,0.0,0.0,1,7.353520161812642
2021-03-22,CASH,0.0,0.0,0.0,0.0,0.0,0.0,1,7.353520161812642
2021-03-23,BTCUSDT,1.0,-0.03749000062383956,1.0,0.0015,-0.03899000062383956,-0.03749000062383956,1,7.066806406116151
2021-03-24,CASH,0.0,0.0,1.0,0.0015,-0.0015,0.0,1,7.056206196506977
2021-03-25,BTCUSDT,1.0,0.07275365551144786,1.0,0.0015,0.07125365551144786,0.07275365551144786,1,7.558986682050628
2021-03-26,BTCUSDT,1.0,0.014385125175395697,0.0,0.0,0.014385125175395697,0.014385125175395697,0,7.667723651671076
2021-03-27,BTCUSDT,1.0,-0.0007078470878300047,0.0,0.0,-0.0007078470878300047,-0.0007078470878300047,0,7.6622960758139556
2021-03-28,BTCUSDT,1.0,0.03330797669244823,0.0,0.0,0.03330797669244823,0.03330797669244823,0,7.917511654917805
2021-03-29,BTCUSDT,1.0,0.01927805915350378,0.0,0.0,0.01927805915350378,0.01927805915350378,0,8.070145912949865
2021-03-30,BTCUSDT,1.0,-0.00010247406784769097,0.0,0.0,-0.00010247406784769097,-0.00010247406784769097,0,8.069318932270042
2021-03-31,BTCUSDT,1.0,-0.00034235294017503914,0.0,0.0,-0.00034235294017503914,-0.00034235294017503914,0,8.06655637720837
2021-04-01,BTCUSDT,1.0,0.0039095415497567565,0.0,0.0,0.0039095415497567565,0.0039095415497567565,0,8.098092914528522
2021-04-02,BTCUSDT,1.0,-0.03219795891468047,0.0,0.0,-0.03219795891468047,-0.03219795891468047,0,7.837350851579267
2021-04-03,BTCUSDT,1.0,0.020158297859809826,0.0,0.0,0.020158297859809826,0.020158297859809826,1,7.995338504477236
2021-04-04,BTCUSDT,1.0,0.015944122891975665,0.0,0.0,0.015944122891975665,0.015944122891975665,1,8.122817164155567
2021-04-05,ETHUSDT,1.0,0.0022919454488512514,2.0,0.003,-0.0007080545511487487,0.0022919454488512514,0,8.117065766494337
2021-04-06,ETHUSDT,1.0,-0.07041913446106207,0.0,0.0,-0.07041913446106207,-0.07041913446106207,0,7.545469020854288
2021-04-07,ETHUSDT,1.0,0.05958328876937258,0.0,0.0,0.05958328876937258,0.05958328876937258,1,7.995052880424204
2021-04-08,ETHUSDT,1.0,-0.006532209222960383,0.0,0.0,-0.006532209222960383,-0.006532209222960383,1,7.942827522260641
2021-04-09,ETHUSDT,1.0,0.03223231262730608,0.0,0.0,0.03223231262730608,0.03223231262730608,0,8.198843222102917
2021-04-10,ETHUSDT,1.0,0.008375947391363603,0.0,0.0,0.008375947391363603,0.008375947391363603,0,8.26751630160129
2021-04-11,ETHUSDT,1.0,-0.006354120184441481,0.0,0.0,-0.006354120184441481,-0.006354120184441481,0,8.214983509394086
2021-04-12,ETHUSDT,1.0,0.07554884010310192,0.0,0.0,0.07554884010310192,0.07554884010310192,0,8.835615984994918
2021-04-13,ETHUSDT,1.0,0.0580247826408431,0.0,0.0,0.0580247826408431,0.0580247826408431,0,9.348300682022208
2021-04-14,ETHUSDT,1.0,0.03347858258653291,0.0,0.0,0.03347858258653291,0.03347858258653291,0,9.66126853844903
2021-04-15,ETHUSDT,1.0,-0.03634389269860461,0.0,0.0,-0.03634389269860461,-0.03634389269860461,0,9.310140431355235
2021-04-16,ETHUSDT,1.0,-0.04336950554553454,0.0,0.0,-0.04336950554553454,-0.04336950554553454,1,8.906364244287868
2021-04-17,ETHUSDT,1.0,-0.03536416983085955,0.0,0.0,-0.03536416983085955,-0.03536416983085955,1,8.591398066577376
2021-04-18,BTCUSDT,1.0,-0.009205163097922964,2.0,0.003,-0.012205163097922963,-0.009205163097922964,1,8.48653865193562
2021-04-19,BTCUSDT,1.0,0.01423360248945138,0.0,0.0,0.01423360248945138,0.01423360248945138,1,8.607332669618636
2021-04-20,BTCUSDT,1.0,-0.0467411608329642,0.0,0.0,-0.0467411608329642,-0.0467411608329642,1,8.205015948965164
2021-04-21,BTCUSDT,1.0,-0.03898052396062068,0.0,0.0,-0.03898052396062068,-0.03898052396062068,1,7.885180128169252
2021-04-22,BTCUSDT,1.0,-0.010946208002327706,0.0,0.0,-0.010946208002327706,-0.010946208002327706,1,7.79886730635049
2021-04-23,CASH,0.0,0.0,1.0,0.0015,-0.0015,0.0,1,7.787169005390965
2021-04-24,CASH,0.0,0.0,0.0,0.0,0.0,0.0,1,7.787169005390965
2021-04-25,CASH,0.0,0.0,0.0,0.0,0.0,0.0,1,7.787169005390965
2021-04-26,CASH,0.0,0.0,0.0,0.0,0.0,0.0,0,7.787169005390965
2021-04-27,CASH,0.0,0.0,0.0,0.0,0.0,0.0,0,7.787169005390965
2021-04-28,CASH,0.0,0.0,0.0,0.0,0.0,0.0,0,7.787169005390965
2021-04-29,CASH,0.0,0.0,0.0,0.0,0.0,0.0,1,7.787169005390965
2021-04-30,CASH,0.0,0.0,0.0,0.0,0.0,0.0,0,7.787169005390965
2021-05-01,CASH,0.0,0.0,0.0,0.0,0.0,0.0,0,7.787169005390965
2021-05-02,CASH,0.0,0.0,0.0,0.0,0.0,0.0,0,7.787169005390965
2021-05-03,CASH,0.0,0.0,0.0,0.0,0.0,0.0,1,7.787169005390965
2021-05-04,CASH,0.0,0.0,0.0,0.0,0.0,0.0,1,7.787169005390965
2021-05-05,CASH,0.0,0.0,0.0,0.0,0.0,0.0,0,7.787169005390965
2021-05-06,CASH,0.0,0.0,0.0,0.0,0.0,0.0,1,7.787169005390965
2021-05-07,CASH,0.0,0.0,0.0,0.0,0.0,0.0,0,7.787169005390965
2021-05-08,CASH,0.0,0.0,0.0,0.0,0.0,0.0,0,7.787169005390965
2021-05-09,CASH,0.0,0.0,0.0,0.0,0.0,0.0,0,7.787169005390965
2021-05-10,CASH,0.0,0.0,0.0,0.0,0.0,0.0,1,7.787169005390965
2021-05-11,BTCUSDT,1.0,-0.12420500292747383,1.0,0.0015,-0.12570500292747383,-0.12420500292747383,1,6.80828290277156
2021-05-12,CASH,0.0,0.0,1.0,0.0015,-0.0015,0.0,1,6.798070478417403
2021-05-13,CASH,0.0,0.0,0.0,0.0,0.0,0.0,1,6.798070478417403
2021-05-14,CASH,0.0,0.0,0.0,0.0,0.0,0.0,1,6.798070478417403
2021-05-15,CASH,0.0,0.0,0.0,0.0,0.0,0.0,1,6.798070478417403
2021-05-16,CASH,0.0,0.0,0.0,0.0,0.0,0.0,1,6.798070478417403
2021-05-17,CASH,0.0,0.0,0.0,0.0,0.0,0.0,1,6.798070478417403
2021-05-18,CASH,0.0,0.0,0.0,0.0,0.0,0.0,1,6.798070478417403
2021-05-19,CASH,0.0,0.0,0.0,0.0,0.0,0.0,1,6.798070478417403
2021-05-20,CASH,0.0,0.0,0.0,0.0,0.0,0.0,1,6.798070478417403
2021-05-21,CASH,0.0,0.0,0.0,0.0,0.0,0.0,1,6.798070478417403
2021-05-22,CASH,0.0,0.0,0.0,0.0,0.0,0.0,0,6.798070478417403
2021-05-23,CASH,0.0,0.0,0.0,0.0,0.0,0.0,1,6.798070478417403
2021-05-24,CASH,0.0,0.0,0.0,0.0,0.0,0.0,0,6.798070478417403
2021-05-25,CASH,0.0,0.0,0.0,0.0,0.0,0.0,0,6.798070478417403
2021-05-26,CASH,0.0,0.0,0.0,0.0,0.0,0.0,0,6.798070478417403
2021-05-27,CASH,0.0,0.0,0.0,0.0,0.0,0.0,1,6.798070478417403
2021-05-28,CASH,0.0,0.0,0.0,0.0,0.0,0.0,1,6.798070478417403
2021-05-29,CASH,0.0,0.0,0.0,0.0,0.0,0.0,1,6.798070478417403
2021-05-30,CASH,0.0,0.0,0.0,0.0,0.0,0.0,1,6.798070478417403
2021-05-31,CASH,0.0,0.0,0.0,0.0,0.0,0.0,0,6.798070478417403
2021-06-01,CASH,0.0,0.0,0.0,0.0,0.0,0.0,0,6.798070478417403
2021-06-02,CASH,0.0,0.0,0.0,0.0,0.0,0.0,0,6.798070478417403
2021-06-03,CASH,0.0,0.0,0.0,0.0,0.0,0.0,0,6.798070478417403
2021-06-04,CASH,0.0,0.0,0.0,0.0,0.0,0.0,0,6.798070478417403
2021-06-05,CASH,0.0,0.0,0.0,0.0,0.0,0.0,1,6.798070478417403
2021-06-06,CASH,0.0,0.0,0.0,0.0,0.0,0.0,1,6.798070478417403
2021-06-07,CASH,0.0,0.0,0.0,0.0,0.0,0.0,1,6.798070478417403
2021-06-08,CASH,0.0,0.0,0.0,0.0,0.0,0.0,1,6.798070478417403
2021-06-09,CASH,0.0,0.0,0.0,0.0,0.0,0.0,0,6.798070478417403
2021-06-10,CASH,0.0,0.0,0.0,0.0,0.0,0.0,0,6.798070478417403
2021-06-11,CASH,0.0,0.0,0.0,0.0,0.0,0.0,0,6.798070478417403
2021-06-12,CASH,0.0,0.0,0.0,0.0,0.0,0.0,1,6.798070478417403
2021-06-13,CASH,0.0,0.0,0.0,0.0,0.0,0.0,0,6.798070478417403
2021-06-14,CASH,0.0,0.0,0.0,0.0,0.0,0.0,0,6.798070478417403
2021-06-15,CASH,0.0,0.0,0.0,0.0,0.0,0.0,0,6.798070478417403
2021-06-16,CASH,0.0,0.0,0.0,0.0,0.0,0.0,1,6.798070478417403
2021-06-17,CASH,0.0,0.0,0.0,0.0,0.0,0.0,1,6.798070478417403
2021-06-18,CASH,0.0,0.0,0.0,0.0,0.0,0.0,1,6.798070478417403
2021-06-19,CASH,0.0,0.0,0.0,0.0,0.0,0.0,1,6.798070478417403
2021-06-20,CASH,0.0,0.0,0.0,0.0,0.0,0.0,1,6.798070478417403
2021-06-21,CASH,0.0,0.0,0.0,0.0,0.0,0.0,1,6.798070478417403
2021-06-22,CASH,0.0,0.0,0.0,0.0,0.0,0.0,1,6.798070478417403
2021-06-23,CASH,0.0,0.0,0.0,0.0,0.0,0.0,1,6.798070478417403
2021-06-24,CASH,0.0,0.0,0.0,0.0,0.0,0.0,0,6.798070478417403
2021-06-25,CASH,0.0,0.0,0.0,0.0,0.0,0.0,1,6.798070478417403
2021-06-26,CASH,0.0,0.0,0.0,0.0,0.0,0.0,1,6.798070478417403
2021-06-27,CASH,0.0,0.0,0.0,0.0,0.0,0.0,0,6.798070478417403
2021-06-28,CASH,0.0,0.0,0.0,0.0,0.0,0.0,0,6.798070478417403
2021-06-29,CASH,0.0,0.0,0.0,0.0,0.0,0.0,0,6.798070478417403
2021-06-30,CASH,0.0,0.0,0.0,0.0,0.0,0.0,0,6.798070478417403
2021-07-01,CASH,0.0,0.0,0.0,0.0,0.0,0.0,1,6.798070478417403
2021-07-02,CASH,0.0,0.0,0.0,0.0,0.0,0.0,1,6.798070478417403
2021-07-03,CASH,0.0,0.0,0.0,0.0,0.0,0.0,1,6.798070478417403
2021-07-04,CASH,0.0,0.0,0.0,0.0,0.0,0.0,0,6.798070478417403
2021-07-05,CASH,0.0,0.0,0.0,0.0,0.0,0.0,1,6.798070478417403
2021-07-06,CASH,0.0,0.0,0.0,0.0,0.0,0.0,1,6.798070478417403
2021-07-07,CASH,0.0,0.0,0.0,0.0,0.0,0.0,1,6.798070478417403
2021-07-08,CASH,0.0,0.0,0.0,0.0,0.0,0.0,1,6.798070478417403
2021-07-09,CASH,0.0,0.0,0.0,0.0,0.0,0.0,1,6.798070478417403
2021-07-10,CASH,0.0,0.0,0.0,0.0,0.0,0.0,1,6.798070478417403
2021-07-11,CASH,0.0,0.0,0.0,0.0,0.0,0.0,0,6.798070478417403
2021-07-12,CASH,0.0,0.0,0.0,0.0,0.0,0.0,1,6.798070478417403
2021-07-13,CASH,0.0,0.0,0.0,0.0,0.0,0.0,1,6.798070478417403
2021-07-14,CASH,0.0,0.0,0.0,0.0,0.0,0.0,1,6.798070478417403
2021-07-15,CASH,0.0,0.0,0.0,0.0,0.0,0.0,1,6.798070478417403
2021-07-16,CASH,0.0,0.0,0.0,0.0,0.0,0.0,1,6.798070478417403
2021-07-17,CASH,0.0,0.0,0.0,0.0,0.0,0.0,1,6.798070478417403
2021-07-18,CASH,0.0,0.0,0.0,0.0,0.0,0.0,1,6.798070478417403
2021-07-19,CASH,0.0,0.0,0.0,0.0,0.0,0.0,1,6.798070478417403
2021-07-20,CASH,0.0,0.0,0.0,0.0,0.0,0.0,1,6.798070478417403
2021-07-21,CASH,0.0,0.0,0.0,0.0,0.0,0.0,0,6.798070478417403
2021-07-22,CASH,0.0,0.0,0.0,0.0,0.0,0.0,0,6.798070478417403
2021-07-23,CASH,0.0,0.0,0.0,0.0,0.0,0.0,0,6.798070478417403
2021-07-24,CASH,0.0,0.0,0.0,0.0,0.0,0.0,0,6.798070478417403
2021-07-25,CASH,0.0,0.0,0.0,0.0,0.0,0.0,0,6.798070478417403
2021-07-26,CASH,0.0,0.0,0.0,0.0,0.0,0.0,0,6.798070478417403
2021-07-27,CASH,0.0,0.0,0.0,0.0,0.0,0.0,0,6.798070478417403
2021-07-28,CASH,0.0,0.0,0.0,0.0,0.0,0.0,0,6.798070478417403
2021-07-29,CASH,0.0,0.0,0.0,0.0,0.0,0.0,0,6.798070478417403
2021-07-30,CASH,0.0,0.0,0.0,0.0,0.0,0.0,0,6.798070478417403
2021-07-31,CASH,0.0,0.0,0.0,0.0,0.0,0.0,0,6.798070478417403
2021-08-01,CASH,0.0,0.0,0.0,0.0,0.0,0.0,1,6.798070478417403
2021-08-02,CASH,0.0,0.0,0.0,0.0,0.0,0.0,1,6.798070478417403
2021-08-03,CASH,0.0,0.0,0.0,0.0,0.0,0.0,1,6.798070478417403
2021-08-04,CASH,0.0,0.0,0.0,0.0,0.0,0.0,1,6.798070478417403
2021-08-05,CASH,0.0,0.0,0.0,0.0,0.0,0.0,0,6.798070478417403
2021-08-06,CASH,0.0,0.0,0.0,0.0,0.0,0.0,0,6.798070478417403
2021-08-07,CASH,0.0,0.0,0.0,0.0,0.0,0.0,0,6.798070478417403
2021-08-08,CASH,0.0,0.0,0.0,0.0,0.0,0.0,0,6.798070478417403
2021-08-09,CASH,0.0,0.0,0.0,0.0,0.0,0.0,0,6.798070478417403
2021-08-10,CASH,0.0,0.0,0.0,0.0,0.0,0.0,0,6.798070478417403
2021-08-11,CASH,0.0,0.0,0.0,0.0,0.0,0.0,0,6.798070478417403
2021-08-12,CASH,0.0,0.0,0.0,0.0,0.0,0.0,1,6.798070478417403
2021-08-13,CASH,0.0,0.0,0.0,0.0,0.0,0.0,0,6.798070478417403
2021-08-14,CASH,0.0,0.0,0.0,0.0,0.0,0.0,0,6.798070478417403
2021-08-15,CASH,0.0,0.0,0.0,0.0,0.0,0.0,0,6.798070478417403
2021-08-16,CASH,0.0,0.0,0.0,0.0,0.0,0.0,1,6.798070478417403
2021-08-17,CASH,0.0,0.0,0.0,0.0,0.0,0.0,1,6.798070478417403
2021-08-18,CASH,0.0,0.0,0.0,0.0,0.0,0.0,1,6.798070478417403
2021-08-19,CASH,0.0,0.0,0.0,0.0,0.0,0.0,0,6.798070478417403
2021-08-20,CASH,0.0,0.0,0.0,0.0,0.0,0.0,0,6.798070478417403
2021-08-21,CASH,0.0,0.0,0.0,0.0,0.0,0.0,0,6.798070478417403
2021-08-22,CASH,0.0,0.0,0.0,0.0,0.0,0.0,0,6.798070478417403
2021-08-23,BNBUSDT,1.0,-0.05498336873321841,1.0,0.0015,-0.05648336873321841,-0.05498336873321841,0,6.414092556910545
2021-08-24,CASH,0.0,0.0,1.0,0.0015,-0.0015,0.0,1,6.40447141807518
2021-08-25,ETHUSDT,1.0,-0.04142404249318998,1.0,0.0015,-0.042924042493189984,-0.04142404249318998,1,6.1295656147793
2021-08-26,ETHUSDT,1.0,0.058272985904564756,0.0,0.0,0.058272985904564756,0.058272985904564756,1,6.486753705450439
2021-08-27,ETHUSDT,1.0,-0.008849990071636893,0.0,0.0,-0.008849990071636893,-0.008849990071636893,0,6.429345999560049
2021-08-28,ETHUSDT,1.0,-0.006475613965874372,0.0,0.0,-0.006475613965874372,-0.006475613965874372,1,6.387712036813859
2021-08-29,ETHUSDT,1.0,0.0019140863727598045,0.0,0.0,0.0019140863727598045,0.0019140863727598045,0,6.399938669376638
2021-08-30,ETHUSDT,1.0,0.061790168563678805,0.0,0.0,0.061790168563678805,0.061790168563678805,1,6.795391958554627
2021-08-31,BNBUSDT,1.0,0.05496874326363432,2.0,0.003,0.05196874326363432,0.05496874326363432,1,7.148539938624517
2021-09-01,ETHUSDT,1.0,-0.010713856413418932,2.0,0.003,-0.013713856413418931,-0.010713856413418932,0,7.05050588834063
2021-09-02,BNBUSDT,1.0,0.00992350630556138,2.0,0.003,0.00692350630556138,0.00992350630556138,0,7.099320110315954
2021-09-03,ETHUSDT,1.0,-0.013354121647186079,2.0,0.003,-0.01635412164718608,-0.013354121647186079,0,6.983216965619532
2021-09-04,ETHUSDT,1.0,0.01666958347917391,0.0,0.0,0.01666958347917391,0.01666958347917391,0,7.099624283781111
2021-09-05,ETHUSDT,1.0,-0.005953993251128442,0.0,0.0,-0.005953993251128442,-0.005953993251128442,0,7.0573531687099305
2021-09-06,ETHUSDT,1.0,-0.12534474899217418,0.0,0.0,-0.12534474899217418,-0.12534474899217418,0,6.172751007228859
2021-09-07,CASH,0.0,0.0,1.0,0.0015,-0.0015,0.0,1,6.163491880718016
2021-09-08,CASH,0.0,0.0,0.0,0.0,0.0,0.0,1,6.163491880718016
2021-09-09,CASH,0.0,0.0,0.0,0.0,0.0,0.0,1,6.163491880718016
2021-09-10,CASH,0.0,0.0,0.0,0.0,0.0,0.0,1,6.163491880718016
2021-09-11,CASH,0.0,0.0,0.0,0.0,0.0,0.0,1,6.163491880718016
2021-09-12,CASH,0.0,0.0,0.0,0.0,0.0,0.0,1,6.163491880718016
2021-09-13,CASH,0.0,0.0,0.0,0.0,0.0,0.0,0,6.163491880718016
2021-09-14,CASH,0.0,0.0,0.0,0.0,0.0,0.0,0,6.163491880718016
2021-09-15,CASH,0.0,0.0,0.0,0.0,0.0,0.0,0,6.163491880718016
2021-09-16,CASH,0.0,0.0,0.0,0.0,0.0,0.0,0,6.163491880718016
2021-09-17,CASH,0.0,0.0,0.0,0.0,0.0,0.0,0,6.163491880718016
2021-09-18,CASH,0.0,0.0,0.0,0.0,0.0,0.0,0,6.163491880718016
2021-09-19,CASH,0.0,0.0,0.0,0.0,0.0,0.0,1,6.163491880718016
2021-09-20,CASH,0.0,0.0,0.0,0.0,0.0,0.0,1,6.163491880718016
2021-09-21,CASH,0.0,0.0,0.0,0.0,0.0,0.0,1,6.163491880718016
2021-09-22,CASH,0.0,0.0,0.0,0.0,0.0,0.0,1,6.163491880718016
2021-09-23,CASH,0.0,0.0,0.0,0.0,0.0,0.0,0,6.163491880718016
2021-09-24,CASH,0.0,0.0,0.0,0.0,0.0,0.0,0,6.163491880718016
2021-09-25,CASH,0.0,0.0,0.0,0.0,0.0,0.0,1,6.163491880718016
2021-09-26,CASH,0.0,0.0,0.0,0.0,0.0,0.0,1,6.163491880718016
2021-09-27,CASH,0.0,0.0,0.0,0.0,0.0,0.0,1,6.163491880718016
2021-09-28,CASH,0.0,0.0,0.0,0.0,0.0,0.0,1,6.163491880718016
2021-09-29,CASH,0.0,0.0,0.0,0.0,0.0,0.0,1,6.163491880718016
2021-09-30,CASH,0.0,0.0,0.0,0.0,0.0,0.0,0,6.163491880718016
2021-10-01,CASH,0.0,0.0,0.0,0.0,0.0,0.0,0,6.163491880718016
2021-10-02,CASH,0.0,0.0,0.0,0.0,0.0,0.0,0,6.163491880718016
2021-10-03,CASH,0.0,0.0,0.0,0.0,0.0,0.0,0,6.163491880718016
2021-10-04,CASH,0.0,0.0,0.0,0.0,0.0,0.0,0,6.163491880718016
2021-10-05,CASH,0.0,0.0,0.0,0.0,0.0,0.0,0,6.163491880718016
2021-10-06,CASH,0.0,0.0,0.0,0.0,0.0,0.0,0,6.163491880718016
2021-10-07,CASH,0.0,0.0,0.0,0.0,0.0,0.0,0,6.163491880718016
2021-10-08,CASH,0.0,0.0,0.0,0.0,0.0,0.0,0,6.163491880718016
2021-10-09,BTCUSDT,1.0,-0.005290654802244665,1.0,0.0015,-0.006790654802244665,-0.005290654802244665,1,6.121637734979623
2021-10-10,BTCUSDT,1.0,0.05145264274867811,0.0,0.0,0.05145264274867811,0.05145264274867811,0,6.436612174394356
2021-10-11,BTCUSDT,1.0,-0.025654869774244027,0.0,0.0,-0.025654869774244027,-0.025654869774244027,0,6.271481727272955
2021-10-12,BTCUSDT,1.0,0.02446687702343686,0.0,0.0,0.02446687702343686,0.02446687702343686,0,6.424925299448874
2021-10-13,BTCUSDT,1.0,-0.00033224676207577186,0.0,0.0,-0.00033224676207577186,-0.00033224676207577186,0,6.422790638821553
2021-10-14,BTCUSDT,1.0,0.0754077653007239,0.0,0.0,0.0754077653007239,0.0754077653007239,1,6.9071189278894956
2021-10-15,BTCUSDT,1.0,-0.012920686426769024,0.0,0.0,-0.012920686426769024,-0.012920686426769024,0,6.817874210109834
2021-10-16,BTCUSDT,1.0,0.01072285647592297,0.0,0.0,0.01072285647592297,0.01072285647592297,0,6.890981296735738
2021-10-17,BTCUSDT,1.0,0.007825825924415497,0.0,0.0,0.007825825924415497,0.007825825924415497,0,6.944908916812395
2021-10-18,BTCUSDT,1.0,0.03661918818045651,0.0,0.0,0.03661918818045651,0.03661918818045651,0,7.199225843333278
2021-10-19,BTCUSDT,1.0,0.026770445013028166,0.0,0.0,0.026770445013028166,0.026770445013028166,0,7.391952322908603
2021-10-20,BTCUSDT,1.0,-0.05769967641600382,0.0,0.0,-0.05769967641600382,-0.05769967641600382,0,6.965439065794249
2021-10-21,BTCUSDT,1.0,-0.02419768093431507,0.0,0.0,-0.02419768093431507,-0.02419768093431507,0,6.796891593712746
2021-10-22,BTCUSDT,1.0,0.009862375268215207,0.0,0.0,0.009862375268215207,0.009862375268215207,1,6.863925089267319
2021-10-23,BTCUSDT,1.0,-0.007090113278971355,0.0,0.0,-0.007090113278971355,-0.007090113278971355,1,6.81525908284604
2021-10-24,BTCUSDT,1.0,0.036589626475418635,0.0,0.0,0.036589626475418635,0.036589626475418635,1,7.064626867020581
2021-10-25,BTCUSDT,1.0,-0.04359580194797685,0.0,0.0,-0.04359580194797685,-0.04359580194797685,0,6.7566387932895955
2021-10-26,ETHUSDT,1.0,-0.050712570676167745,2.0,0.003,-0.05371257067616775,-0.050712570676167745,1,6.3937223545716915
2021-10-27,ETHUSDT,1.0,0.09281489036206025,0.0,0.0,0.09281489036206025,0.09281489036206025,1,6.987154993916716
2021-10-28,ETHUSDT,1.0,0.031000788610412444,0.0,0.0,0.031000788610412444,0.031000788610412444,1,7.203762308871316
2021-10-29,ETHUSDT,1.0,-0.021772436064260492,0.0,0.0,-0.021772436064260492,-0.021772436064260492,0,7.046918854579286
2021-10-30,ETHUSDT,1.0,-0.008205557663301555,0.0,0.0,-0.008205557663301555,-0.008205557663301555,0,6.989094955569429
2021-10-31,ETHUSDT,1.0,0.007515377133380463,0.0,0.0,0.007515377133380463,0.007515377133380463,0,7.04162063998154
2021-11-01,ETHUSDT,1.0,0.0626147431489803,0.0,0.0,0.0626147431489803,0.0626147431489803,1,7.482529907706542
2021-11-02,ETHUSDT,1.0,0.0029325321521866954,0.0,0.0,0.0029325321521866954,0.0029325321521866954,0,7.504472667240591
2021-11-03,ETHUSDT,1.0,-0.01543006723364515,0.0,0.0,-0.01543006723364515,-0.01543006723364515,0,7.388678149432016
2021-11-04,BNBUSDT,1.0,0.08698764990155694,2.0,0.003,0.08398764990155694,0.08698764990155694,0,8.009235863081797
2021-11-05,BNBUSDT,1.0,0.050057632142269215,0.0,0.0,0.050057632142269215,0.050057632142269215,1,8.410159245656615
2021-11-06,BNBUSDT,1.0,0.01866081229418226,0.0,0.0,0.01866081229418226,0.01866081229418226,1,8.567099648703994
2021-11-07,BNBUSDT,1.0,0.006003694581280694,0.0,0.0,0.006003694581280694,0.006003694581280694,0,8.61853389844221
2021-11-08,BNBUSDT,1.0,-0.028309104820198883,0.0,0.0,-0.028309104820198883,-0.028309104820198883,0,8.374550918914773
2021-11-09,BNBUSDT,1.0,-0.03291338582677161,0.0,0.0,-0.03291338582677161,-0.03291338582677161,0,8.098916093394585
2021-11-10,BNBUSDT,1.0,0.023286109754111717,0.0,0.0,0.023286109754111717,0.023286109754111717,0,8.287508342434714
2021-11-11,BNBUSDT,1.0,-0.0023870146403565107,0.0,0.0,-0.0023870146403565107,-0.0023870146403565107,1,8.267725938689246
2021-11-12,BNBUSDT,1.0,0.03605040676343929,0.0,0.0,0.03605040676343929,0.03605040676343929,1,8.565780821787632
2021-11-13,BNBUSDT,1.0,0.002001539645881456,0.0,0.0,0.002001539645881456,0.002001539645881456,1,8.58292557170037
2021-11-14,BNBUSDT,1.0,-0.02612169637369388,0.0,0.0,-0.02612169637369388,-0.02612169637369388,0,8.3587249959184
2021-11-15,BNBUSDT,1.0,-0.0711580940359734,0.0,0.0,-0.0711580940359734,-0.0711580940359734,1,7.763934056637998
2021-11-16,BNBUSDT,1.0,-0.01817564124341775,0.0,0.0,-0.01817564124341775,-0.01817564124341775,1,7.622819576586993
2021-11-17,BNBUSDT,1.0,-0.07993079584775098,0.0,0.0,-0.07993079584775098,-0.07993079584775098,1,7.013521541226578
2021-11-18,ETHUSDT,1.0,0.07452275513522988,2.0,0.003,0.07152275513522988,0.07452275513522988,1,7.515147925055386
2021-11-19,ETHUSDT,1.0,0.027337965334500502,0.0,0.0,0.027337965334500502,0.027337965334500502,1,7.720596778514193
2021-11-20,ETHUSDT,1.0,-0.03487172978375708,0.0,0.0,-0.03487172978375708,-0.03487172978375708,1,7.4513662138845005
2021-11-21,ETHUSDT,1.0,-0.04047145463810775,0.0,0.0,-0.04047145463810775,-0.04047145463810775,0,7.149798584167345
2021-11-22,ETHUSDT,1.0,0.06203422932620639,0.0,0.0,0.06203422932620639,0.06203422932620639,1,7.593330829173768
2021-11-23,ETHUSDT,1.0,-0.01614954925059453,0.0,0.0,-0.01614954925059453,-0.01614954925059453,1,7.4707019589719685
2021-11-24,ETHUSDT,1.0,0.05984269305001244,0.0,0.0,0.05984269305001244,0.05984269305001244,1,7.917768883170854
2021-11-25,CASH,0.0,0.0,1.0,0.0015,-0.0015,0.0,0,7.905892229846098
2021-11-26,CASH,0.0,0.0,0.0,0.0,0.0,0.0,1,7.905892229846098
2021-11-27,CASH,0.0,0.0,0.0,0.0,0.0,0.0,1,7.905892229846098
2021-11-28,ETHUSDT,1.0,0.03486790941561613,1.0,0.0015,0.033367909415616126,0.03486790941561613,1,8.169695325621225
2021-11-29,ETHUSDT,1.0,0.041788445572422894,0.0,0.0,0.041788445572422894,0.041788445572422894,0,8.511094194079226
2021-11-30,CASH,0.0,0.0,1.0,0.0015,-0.0015,0.0,0,8.498327552788107
2021-12-01,CASH,0.0,0.0,0.0,0.0,0.0,0.0,1,8.498327552788107
2021-12-02,TRXUSDT,1.0,-0.03712820512820514,1.0,0.0015,-0.03862820512820514,-0.03712820512820514,1,8.17005241283233
2021-12-03,CASH,0.0,0.0,1.0,0.0015,-0.0015,0.0,1,8.157797334213083
2021-12-04,CASH,0.0,0.0,0.0,0.0,0.0,0.0,1,8.157797334213083
2021-12-05,CASH,0.0,0.0,0.0,0.0,0.0,0.0,1,8.157797334213083
2021-12-06,CASH,0.0,0.0,0.0,0.0,0.0,0.0,1,8.157797334213083
2021-12-07,CASH,0.0,0.0,0.0,0.0,0.0,0.0,0,8.157797334213083
2021-12-08,CASH,0.0,0.0,0.0,0.0,0.0,0.0,0,8.157797334213083
2021-12-09,CASH,0.0,0.0,0.0,0.0,0.0,0.0,1,8.157797334213083
2021-12-10,CASH,0.0,0.0,0.0,0.0,0.0,0.0,1,8.157797334213083
2021-12-11,CASH,0.0,0.0,0.0,0.0,0.0,0.0,1,8.157797334213083
2021-12-12,CASH,0.0,0.0,0.0,0.0,0.0,0.0,0,8.157797334213083
2021-12-13,CASH,0.0,0.0,0.0,0.0,0.0,0.0,1,8.157797334213083
2021-12-14,CASH,0.0,0.0,0.0,0.0,0.0,0.0,1,8.157797334213083
2021-12-15,CASH,0.0,0.0,0.0,0.0,0.0,0.0,1,8.157797334213083
2021-12-16,CASH,0.0,0.0,0.0,0.0,0.0,0.0,0,8.157797334213083
2021-12-17,CASH,0.0,0.0,0.0,0.0,0.0,0.0,1,8.157797334213083
2021-12-18,CASH,0.0,0.0,0.0,0.0,0.0,0.0,1,8.157797334213083
2021-12-19,CASH,0.0,0.0,0.0,0.0,0.0,0.0,1,8.157797334213083
2021-12-20,CASH,0.0,0.0,0.0,0.0,0.0,0.0,0,8.157797334213083
2021-12-21,CASH,0.0,0.0,0.0,0.0,0.0,0.0,0,8.157797334213083
2021-12-22,CASH,0.0,0.0,0.0,0.0,0.0,0.0,0,8.157797334213083
2021-12-23,CASH,0.0,0.0,0.0,0.0,0.0,0.0,0,8.157797334213083
2021-12-24,CASH,0.0,0.0,0.0,0.0,0.0,0.0,0,8.157797334213083
2021-12-25,CASH,0.0,0.0,0.0,0.0,0.0,0.0,0,8.157797334213083
2021-12-26,CASH,0.0,0.0,0.0,0.0,0.0,0.0,1,8.157797334213083
2021-12-27,CASH,0.0,0.0,0.0,0.0,0.0,0.0,1,8.157797334213083
2021-12-28,CASH,0.0,0.0,0.0,0.0,0.0,0.0,1,8.157797334213083
2021-12-29,CASH,0.0,0.0,0.0,0.0,0.0,0.0,1,8.157797334213083
2021-12-30,CASH,0.0,0.0,0.0,0.0,0.0,0.0,1,8.157797334213083
2021-12-31,CASH,0.0,0.0,0.0,0.0,0.0,0.0,1,8.157797334213083
2022-01-01,CASH,0.0,0.0,0.0,0.0,0.0,0.0,0,8.157797334213083
2022-01-02,CASH,0.0,0.0,0.0,0.0,0.0,0.0,0,8.157797334213083
2022-01-03,CASH,0.0,0.0,0.0,0.0,0.0,0.0,0,8.157797334213083
2022-01-04,CASH,0.0,0.0,0.0,0.0,0.0,0.0,1,8.157797334213083
2022-01-05,CASH,0.0,0.0,0.0,0.0,0.0,0.0,1,8.157797334213083
2022-01-06,CASH,0.0,0.0,0.0,0.0,0.0,0.0,1,8.157797334213083
2022-01-07,CASH,0.0,0.0,0.0,0.0,0.0,0.0,1,8.157797334213083
2022-01-08,CASH,0.0,0.0,0.0,0.0,0.0,0.0,1,8.157797334213083
2022-01-09,CASH,0.0,0.0,0.0,0.0,0.0,0.0,1,8.157797334213083
2022-01-10,CASH,0.0,0.0,0.0,0.0,0.0,0.0,0,8.157797334213083
2022-01-11,CASH,0.0,0.0,0.0,0.0,0.0,0.0,0,8.157797334213083
2022-01-12,CASH,0.0,0.0,0.0,0.0,0.0,0.0,0,8.157797334213083
2022-01-13,CASH,0.0,0.0,0.0,0.0,0.0,0.0,0,8.157797334213083
2022-01-14,CASH,0.0,0.0,0.0,0.0,0.0,0.0,0,8.157797334213083
2022-01-15,CASH,0.0,0.0,0.0,0.0,0.0,0.0,1,8.157797334213083
2022-01-16,CASH,0.0,0.0,0.0,0.0,0.0,0.0,0,8.157797334213083
2022-01-17,CASH,0.0,0.0,0.0,0.0,0.0,0.0,1,8.157797334213083
2022-01-18,CASH,0.0,0.0,0.0,0.0,0.0,0.0,1,8.157797334213083
2022-01-19,CASH,0.0,0.0,0.0,0.0,0.0,0.0,1,8.157797334213083
2022-01-20,CASH,0.0,0.0,0.0,0.0,0.0,0.0,1,8.157797334213083
2022-01-21,CASH,0.0,0.0,0.0,0.0,0.0,0.0,1,8.157797334213083
2022-01-22,CASH,0.0,0.0,0.0,0.0,0.0,0.0,1,8.157797334213083
2022-01-23,CASH,0.0,0.0,0.0,0.0,0.0,0.0,1,8.157797334213083
2022-01-24,CASH,0.0,0.0,0.0,0.0,0.0,0.0,0,8.157797334213083
2022-01-25,CASH,0.0,0.0,0.0,0.0,0.0,0.0,0,8.157797334213083
2022-01-26,CASH,0.0,0.0,0.0,0.0,0.0,0.0,0,8.157797334213083
2022-01-27,CASH,0.0,0.0,0.0,0.0,0.0,0.0,0,8.157797334213083
2022-01-28,CASH,0.0,0.0,0.0,0.0,0.0,0.0,0,8.157797334213083
2022-01-29,CASH,0.0,0.0,0.0,0.0,0.0,0.0,0,8.157797334213083
2022-01-30,CASH,0.0,0.0,0.0,0.0,0.0,0.0,0,8.157797334213083
2022-01-31,CASH,0.0,0.0,0.0,0.0,0.0,0.0,0,8.157797334213083
2022-02-01,CASH,0.0,0.0,0.0,0.0,0.0,0.0,0,8.157797334213083
2022-02-02,CASH,0.0,0.0,0.0,0.0,0.0,0.0,1,8.157797334213083
2022-02-03,CASH,0.0,0.0,0.0,0.0,0.0,0.0,1,8.157797334213083
2022-02-04,CASH,0.0,0.0,0.0,0.0,0.0,0.0,0,8.157797334213083
2022-02-05,CASH,0.0,0.0,0.0,0.0,0.0,0.0,0,8.157797334213083
2022-02-06,CASH,0.0,0.0,0.0,0.0,0.0,0.0,0,8.157797334213083
2022-02-07,CASH,0.0,0.0,0.0,0.0,0.0,0.0,0,8.157797334213083
2022-02-08,CASH,0.0,0.0,0.0,0.0,0.0,0.0,0,8.157797334213083
2022-02-09,CASH,0.0,0.0,0.0,0.0,0.0,0.0,0,8.157797334213083
2022-02-10,CASH,0.0,0.0,0.0,0.0,0.0,0.0,1,8.157797334213083
2022-02-11,CASH,0.0,0.0,0.0,0.0,0.0,0.0,1,8.157797334213083
2022-02-12,CASH,0.0,0.0,0.0,0.0,0.0,0.0,1,8.157797334213083
2022-02-13,CASH,0.0,0.0,0.0,0.0,0.0,0.0,1,8.157797334213083
2022-02-14,CASH,0.0,0.0,0.0,0.0,0.0,0.0,0,8.157797334213083
2022-02-15,CASH,0.0,0.0,0.0,0.0,0.0,0.0,0,8.157797334213083
2022-02-16,CASH,0.0,0.0,0.0,0.0,0.0,0.0,0,8.157797334213083
2022-02-17,CASH,0.0,0.0,0.0,0.0,0.0,0.0,1,8.157797334213083
2022-02-18,CASH,0.0,0.0,0.0,0.0,0.0,0.0,1,8.157797334213083
2022-02-19,CASH,0.0,0.0,0.0,0.0,0.0,0.0,1,8.157797334213083
2022-02-20,CASH,0.0,0.0,0.0,0.0,0.0,0.0,1,8.157797334213083
2022-02-21,CASH,0.0,0.0,0.0,0.0,0.0,0.0,1,8.157797334213083
2022-02-22,CASH,0.0,0.0,0.0,0.0,0.0,0.0,1,8.157797334213083
2022-02-23,CASH,0.0,0.0,0.0,0.0,0.0,0.0,1,8.157797334213083
2022-02-24,CASH,0.0,0.0,0.0,0.0,0.0,0.0,0,8.157797334213083
2022-02-25,CASH,0.0,0.0,0.0,0.0,0.0,0.0,0,8.157797334213083
2022-02-26,CASH,0.0,0.0,0.0,0.0,0.0,0.0,0,8.157797334213083
2022-02-27,CASH,0.0,0.0,0.0,0.0,0.0,0.0,1,8.157797334213083
2022-02-28,CASH,0.0,0.0,0.0,0.0,0.0,0.0,0,8.157797334213083
2022-03-01,CASH,0.0,0.0,0.0,0.0,0.0,0.0,0,8.157797334213083
2022-03-02,CASH,0.0,0.0,0.0,0.0,0.0,0.0,0,8.157797334213083
2022-03-03,CASH,0.0,0.0,0.0,0.0,0.0,0.0,1,8.157797334213083
2022-03-04,CASH,0.0,0.0,0.0,0.0,0.0,0.0,1,8.157797334213083
2022-03-05,CASH,0.0,0.0,0.0,0.0,0.0,0.0,1,8.157797334213083
2022-03-06,CASH,0.0,0.0,0.0,0.0,0.0,0.0,1,8.157797334213083
2022-03-07,CASH,0.0,0.0,0.0,0.0,0.0,0.0,1,8.157797334213083
2022-03-08,CASH,0.0,0.0,0.0,0.0,0.0,0.0,1,8.157797334213083
2022-03-09,CASH,0.0,0.0,0.0,0.0,0.0,0.0,0,8.157797334213083
2022-03-10,CASH,0.0,0.0,0.0,0.0,0.0,0.0,0,8.157797334213083
2022-03-11,CASH,0.0,0.0,0.0,0.0,0.0,0.0,1,8.157797334213083
2022-03-12,CASH,0.0,0.0,0.0,0.0,0.0,0.0,1,8.157797334213083
2022-03-13,CASH,0.0,0.0,0.0,0.0,0.0,0.0,1,8.157797334213083
2022-03-14,CASH,0.0,0.0,0.0,0.0,0.0,0.0,0,8.157797334213083
2022-03-15,CASH,0.0,0.0,0.0,0.0,0.0,0.0,0,8.157797334213083
2022-03-16,CASH,0.0,0.0,0.0,0.0,0.0,0.0,0,8.157797334213083
2022-03-17,CASH,0.0,0.0,0.0,0.0,0.0,0.0,0,8.157797334213083
2022-03-18,CASH,0.0,0.0,0.0,0.0,0.0,0.0,0,8.157797334213083
2022-03-19,CASH,0.0,0.0,0.0,0.0,0.0,0.0,0,8.157797334213083
2022-03-20,CASH,0.0,0.0,0.0,0.0,0.0,0.0,0,8.157797334213083
2022-03-21,CASH,0.0,0.0,0.0,0.0,0.0,0.0,1,8.157797334213083
2022-03-22,CASH,0.0,0.0,0.0,0.0,0.0,0.0,0,8.157797334213083
2022-03-23,CASH,0.0,0.0,0.0,0.0,0.0,0.0,0,8.157797334213083
2022-03-24,CASH,0.0,0.0,0.0,0.0,0.0,0.0,0,8.157797334213083
2022-03-25,CASH,0.0,0.0,0.0,0.0,0.0,0.0,0,8.157797334213083
2022-03-26,CASH,0.0,0.0,0.0,0.0,0.0,0.0,0,8.157797334213083
2022-03-27,CASH,0.0,0.0,0.0,0.0,0.0,0.0,0,8.157797334213083
2022-03-28,CASH,0.0,0.0,0.0,0.0,0.0,0.0,0,8.157797334213083
2022-03-29,CASH,0.0,0.0,0.0,0.0,0.0,0.0,0,8.157797334213083
2022-03-30,CASH,0.0,0.0,0.0,0.0,0.0,0.0,0,8.157797334213083
2022-03-31,CASH,0.0,0.0,0.0,0.0,0.0,0.0,1,8.157797334213083
2022-04-01,CASH,0.0,0.0,0.0,0.0,0.0,0.0,1,8.157797334213083
2022-04-02,CASH,0.0,0.0,0.0,0.0,0.0,0.0,1,8.157797334213083
2022-04-03,CASH,0.0,0.0,0.0,0.0,0.0,0.0,0,8.157797334213083
2022-04-04,CASH,0.0,0.0,0.0,0.0,0.0,0.0,0,8.157797334213083
2022-04-05,CASH,0.0,0.0,0.0,0.0,0.0,0.0,1,8.157797334213083
2022-04-06,CASH,0.0,0.0,0.0,0.0,0.0,0.0,1,8.157797334213083
2022-04-07,CASH,0.0,0.0,0.0,0.0,0.0,0.0,1,8.157797334213083
2022-04-08,CASH,0.0,0.0,0.0,0.0,0.0,0.0,1,8.157797334213083
2022-04-09,CASH,0.0,0.0,0.0,0.0,0.0,0.0,1,8.157797334213083
2022-04-10,CASH,0.0,0.0,0.0,0.0,0.0,0.0,1,8.157797334213083
2022-04-11,CASH,0.0,0.0,0.0,0.0,0.0,0.0,1,8.157797334213083
2022-04-12,CASH,0.0,0.0,0.0,0.0,0.0,0.0,1,8.157797334213083
2022-04-13,CASH,0.0,0.0,0.0,0.0,0.0,0.0,1,8.157797334213083
2022-04-14,CASH,0.0,0.0,0.0,0.0,0.0,0.0,0,8.157797334213083
2022-04-15,CASH,0.0,0.0,0.0,0.0,0.0,0.0,0,8.157797334213083
2022-04-16,CASH,0.0,0.0,0.0,0.0,0.0,0.0,1,8.157797334213083
2022-04-17,CASH,0.0,0.0,0.0,0.0,0.0,0.0,1,8.157797334213083
2022-04-18,CASH,0.0,0.0,0.0,0.0,0.0,0.0,0,8.157797334213083
2022-04-19,CASH,0.0,0.0,0.0,0.0,0.0,0.0,0,8.157797334213083
2022-04-20,CASH,0.0,0.0,0.0,0.0,0.0,0.0,0,8.157797334213083
2022-04-21,CASH,0.0,0.0,0.0,0.0,0.0,0.0,1,8.157797334213083
2022-04-22,CASH,0.0,0.0,0.0,0.0,0.0,0.0,1,8.157797334213083
2022-04-23,CASH,0.0,0.0,0.0,0.0,0.0,0.0,1,8.157797334213083
2022-04-24,CASH,0.0,0.0,0.0,0.0,0.0,0.0,1,8.157797334213083
2022-04-25,CASH,0.0,0.0,0.0,0.0,0.0,0.0,0,8.157797334213083
2022-04-26,CASH,0.0,0.0,0.0,0.0,0.0,0.0,1,8.157797334213083
2022-04-27,CASH,0.0,0.0,0.0,0.0,0.0,0.0,1,8.157797334213083
2022-04-28,CASH,0.0,0.0,0.0,0.0,0.0,0.0,1,8.157797334213083
2022-04-29,CASH,0.0,0.0,0.0,0.0,0.0,0.0,0,8.157797334213083
2022-04-30,CASH,0.0,0.0,0.0,0.0,0.0,0.0,1,8.157797334213083
2022-05-01,CASH,0.0,0.0,0.0,0.0,0.0,0.0,1,8.157797334213083
2022-05-02,CASH,0.0,0.0,0.0,0.0,0.0,0.0,1,8.157797334213083
2022-05-03,CASH,0.0,0.0,0.0,0.0,0.0,0.0,0,8.157797334213083
2022-05-04,CASH,0.0,0.0,0.0,0.0,0.0,0.0,0,8.157797334213083
2022-05-05,CASH,0.0,0.0,0.0,0.0,0.0,0.0,1,8.157797334213083
2022-05-06,CASH,0.0,0.0,0.0,0.0,0.0,0.0,1,8.157797334213083
2022-05-07,CASH,0.0,0.0,0.0,0.0,0.0,0.0,1,8.157797334213083
2022-05-08,CASH,0.0,0.0,0.0,0.0,0.0,0.0,1,8.157797334213083
2022-05-09,CASH,0.0,0.0,0.0,0.0,0.0,0.0,1,8.157797334213083
2022-05-10,CASH,0.0,0.0,0.0,0.0,0.0,0.0,1,8.157797334213083
2022-05-11,CASH,0.0,0.0,0.0,0.0,0.0,0.0,1,8.157797334213083
2022-05-12,CASH,0.0,0.0,0.0,0.0,0.0,0.0,1,8.157797334213083
2022-05-13,CASH,0.0,0.0,0.0,0.0,0.0,0.0,1,8.157797334213083
2022-05-14,CASH,0.0,0.0,0.0,0.0,0.0,0.0,0,8.157797334213083
2022-05-15,CASH,0.0,0.0,0.0,0.0,0.0,0.0,0,8.157797334213083
2022-05-16,CASH,0.0,0.0,0.0,0.0,0.0,0.0,0,8.157797334213083
2022-05-17,CASH,0.0,0.0,0.0,0.0,0.0,0.0,0,8.157797334213083
2022-05-18,CASH,0.0,0.0,0.0,0.0,0.0,0.0,1,8.157797334213083
2022-05-19,CASH,0.0,0.0,0.0,0.0,0.0,0.0,0,8.157797334213083
2022-05-20,CASH,0.0,0.0,0.0,0.0,0.0,0.0,1,8.157797334213083
2022-05-21,CASH,0.0,0.0,0.0,0.0,0.0,0.0,0,8.157797334213083
2022-05-22,CASH,0.0,0.0,0.0,0.0,0.0,0.0,1,8.157797334213083
2022-05-23,CASH,0.0,0.0,0.0,0.0,0.0,0.0,1,8.157797334213083
2022-05-24,CASH,0.0,0.0,0.0,0.0,0.0,0.0,0,8.157797334213083
2022-05-25,CASH,0.0,0.0,0.0,0.0,0.0,0.0,1,8.157797334213083
2022-05-26,CASH,0.0,0.0,0.0,0.0,0.0,0.0,0,8.157797334213083
2022-05-27,CASH,0.0,0.0,0.0,0.0,0.0,0.0,1,8.157797334213083
2022-05-28,CASH,0.0,0.0,0.0,0.0,0.0,0.0,1,8.157797334213083
2022-05-29,CASH,0.0,0.0,0.0,0.0,0.0,0.0,0,8.157797334213083
2022-05-30,CASH,0.0,0.0,0.0,0.0,0.0,0.0,0,8.157797334213083
2022-05-31,CASH,0.0,0.0,0.0,0.0,0.0,0.0,0,8.157797334213083
2022-06-01,CASH,0.0,0.0,0.0,0.0,0.0,0.0,0,8.157797334213083
2022-06-02,CASH,0.0,0.0,0.0,0.0,0.0,0.0,1,8.157797334213083
2022-06-03,CASH,0.0,0.0,0.0,0.0,0.0,0.0,1,8.157797334213083
2022-06-04,CASH,0.0,0.0,0.0,0.0,0.0,0.0,0,8.157797334213083
2022-06-05,CASH,0.0,0.0,0.0,0.0,0.0,0.0,1,8.157797334213083
2022-06-06,CASH,0.0,0.0,0.0,0.0,0.0,0.0,0,8.157797334213083
2022-06-07,CASH,0.0,0.0,0.0,0.0,0.0,0.0,0,8.157797334213083
2022-06-08,CASH,0.0,0.0,0.0,0.0,0.0,0.0,0,8.157797334213083
2022-06-09,CASH,0.0,0.0,0.0,0.0,0.0,0.0,1,8.157797334213083
2022-06-10,CASH,0.0,0.0,0.0,0.0,0.0,0.0,1,8.157797334213083
2022-06-11,CASH,0.0,0.0,0.0,0.0,0.0,0.0,1,8.157797334213083
2022-06-12,CASH,0.0,0.0,0.0,0.0,0.0,0.0,1,8.157797334213083
2022-06-13,CASH,0.0,0.0,0.0,0.0,0.0,0.0,1,8.157797334213083
2022-06-14,CASH,0.0,0.0,0.0,0.0,0.0,0.0,1,8.157797334213083
2022-06-15,CASH,0.0,0.0,0.0,0.0,0.0,0.0,1,8.157797334213083
2022-06-16,CASH,0.0,0.0,0.0,0.0,0.0,0.0,1,8.157797334213083
2022-06-17,CASH,0.0,0.0,0.0,0.0,0.0,0.0,1,8.157797334213083
2022-06-18,CASH,0.0,0.0,0.0,0.0,0.0,0.0,1,8.157797334213083
2022-06-19,CASH,0.0,0.0,0.0,0.0,0.0,0.0,0,8.157797334213083
2022-06-20,CASH,0.0,0.0,0.0,0.0,0.0,0.0,0,8.157797334213083
2022-06-21,CASH,0.0,0.0,0.0,0.0,0.0,0.0,0,8.157797334213083
2022-06-22,CASH,0.0,0.0,0.0,0.0,0.0,0.0,1,8.157797334213083
2022-06-23,CASH,0.0,0.0,0.0,0.0,0.0,0.0,0,8.157797334213083
2022-06-24,CASH,0.0,0.0,0.0,0.0,0.0,0.0,0,8.157797334213083
2022-06-25,CASH,0.0,0.0,0.0,0.0,0.0,0.0,0,8.157797334213083
2022-06-26,CASH,0.0,0.0,0.0,0.0,0.0,0.0,1,8.157797334213083
2022-06-27,CASH,0.0,0.0,0.0,0.0,0.0,0.0,1,8.157797334213083
2022-06-28,CASH,0.0,0.0,0.0,0.0,0.0,0.0,1,8.157797334213083
2022-06-29,CASH,0.0,0.0,0.0,0.0,0.0,0.0,1,8.157797334213083
2022-06-30,CASH,0.0,0.0,0.0,0.0,0.0,0.0,1,8.157797334213083
2022-07-01,CASH,0.0,0.0,0.0,0.0,0.0,0.0,1,8.157797334213083
2022-07-02,CASH,0.0,0.0,0.0,0.0,0.0,0.0,1,8.157797334213083
2022-07-03,CASH,0.0,0.0,0.0,0.0,0.0,0.0,1,8.157797334213083
2022-07-04,CASH,0.0,0.0,0.0,0.0,0.0,0.0,0,8.157797334213083
2022-07-05,CASH,0.0,0.0,0.0,0.0,0.0,0.0,0,8.157797334213083
2022-07-06,CASH,0.0,0.0,0.0,0.0,0.0,0.0,0,8.157797334213083
2022-07-07,CASH,0.0,0.0,0.0,0.0,0.0,0.0,0,8.157797334213083
2022-07-08,CASH,0.0,0.0,0.0,0.0,0.0,0.0,0,8.157797334213083
2022-07-09,CASH,0.0,0.0,0.0,0.0,0.0,0.0,0,8.157797334213083
2022-07-10,CASH,0.0,0.0,0.0,0.0,0.0,0.0,1,8.157797334213083
2022-07-11,CASH,0.0,0.0,0.0,0.0,0.0,0.0,1,8.157797334213083
2022-07-12,CASH,0.0,0.0,0.0,0.0,0.0,0.0,1,8.157797334213083
2022-07-13,CASH,0.0,0.0,0.0,0.0,0.0,0.0,1,8.157797334213083
2022-07-14,CASH,0.0,0.0,0.0,0.0,0.0,0.0,0,8.157797334213083
2022-07-15,CASH,0.0,0.0,0.0,0.0,0.0,0.0,0,8.157797334213083
2022-07-16,CASH,0.0,0.0,0.0,0.0,0.0,0.0,0,8.157797334213083
2022-07-17,CASH,0.0,0.0,0.0,0.0,0.0,0.0,0,8.157797334213083
2022-07-18,CASH,0.0,0.0,0.0,0.0,0.0,0.0,0,8.157797334213083
2022-07-19,CASH,0.0,0.0,0.0,0.0,0.0,0.0,0,8.157797334213083
2022-07-20,CASH,0.0,0.0,0.0,0.0,0.0,0.0,0,8.157797334213083
2022-07-21,CASH,0.0,0.0,0.0,0.0,0.0,0.0,0,8.157797334213083
2022-07-22,CASH,0.0,0.0,0.0,0.0,0.0,0.0,1,8.157797334213083
2022-07-23,CASH,0.0,0.0,0.0,0.0,0.0,0.0,1,8.157797334213083
2022-07-24,CASH,0.0,0.0,0.0,0.0,0.0,0.0,1,8.157797334213083
2022-07-25,CASH,0.0,0.0,0.0,0.0,0.0,0.0,1,8.157797334213083
2022-07-26,CASH,0.0,0.0,0.0,0.0,0.0,0.0,1,8.157797334213083
2022-07-27,CASH,0.0,0.0,0.0,0.0,0.0,0.0,0,8.157797334213083
2022-07-28,CASH,0.0,0.0,0.0,0.0,0.0,0.0,0,8.157797334213083
2022-07-29,CASH,0.0,0.0,0.0,0.0,0.0,0.0,0,8.157797334213083
2022-07-30,CASH,0.0,0.0,0.0,0.0,0.0,0.0,0,8.157797334213083
2022-07-31,CASH,0.0,0.0,0.0,0.0,0.0,0.0,1,8.157797334213083
2022-08-01,CASH,0.0,0.0,0.0,0.0,0.0,0.0,1,8.157797334213083
2022-08-02,CASH,0.0,0.0,0.0,0.0,0.0,0.0,1,8.157797334213083
2022-08-03,CASH,0.0,0.0,0.0,0.0,0.0,0.0,1,8.157797334213083
2022-08-04,CASH,0.0,0.0,0.0,0.0,0.0,0.0,1,8.157797334213083
2022-08-05,CASH,0.0,0.0,0.0,0.0,0.0,0.0,0,8.157797334213083
2022-08-06,CASH,0.0,0.0,0.0,0.0,0.0,0.0,0,8.157797334213083
2022-08-07,CASH,0.0,0.0,0.0,0.0,0.0,0.0,0,8.157797334213083
2022-08-08,CASH,0.0,0.0,0.0,0.0,0.0,0.0,0,8.157797334213083
2022-08-09,CASH,0.0,0.0,0.0,0.0,0.0,0.0,0,8.157797334213083
2022-08-10,CASH,0.0,0.0,0.0,0.0,0.0,0.0,0,8.157797334213083
2022-08-11,CASH,0.0,0.0,0.0,0.0,0.0,0.0,0,8.157797334213083
2022-08-12,CASH,0.0,0.0,0.0,0.0,0.0,0.0,0,8.157797334213083
2022-08-13,CASH,0.0,0.0,0.0,0.0,0.0,0.0,0,8.157797334213083
2022-08-14,CASH,0.0,0.0,0.0,0.0,0.0,0.0,0,8.157797334213083
2022-08-15,CASH,0.0,0.0,0.0,0.0,0.0,0.0,1,8.157797334213083
2022-08-16,CASH,0.0,0.0,0.0,0.0,0.0,0.0,1,8.157797334213083
2022-08-17,CASH,0.0,0.0,0.0,0.0,0.0,0.0,1,8.157797334213083
2022-08-18,CASH,0.0,0.0,0.0,0.0,0.0,0.0,1,8.157797334213083
2022-08-19,CASH,0.0,0.0,0.0,0.0,0.0,0.0,1,8.157797334213083
2022-08-20,CASH,0.0,0.0,0.0,0.0,0.0,0.0,1,8.157797334213083
2022-08-21,CASH,0.0,0.0,0.0,0.0,0.0,0.0,1,8.157797334213083
2022-08-22,CASH,0.0,0.0,0.0,0.0,0.0,0.0,0,8.157797334213083
2022-08-23,CASH,0.0,0.0,0.0,0.0,0.0,0.0,0,8.157797334213083
2022-08-24,CASH,0.0,0.0,0.0,0.0,0.0,0.0,1,8.157797334213083
2022-08-25,CASH,0.0,0.0,0.0,0.0,0.0,0.0,0,8.157797334213083
2022-08-26,CASH,0.0,0.0,0.0,0.0,0.0,0.0,1,8.157797334213083
2022-08-27,CASH,0.0,0.0,0.0,0.0,0.0,0.0,1,8.157797334213083
2022-08-28,CASH,0.0,0.0,0.0,0.0,0.0,0.0,1,8.157797334213083
2022-08-29,CASH,0.0,0.0,0.0,0.0,0.0,0.0,0,8.157797334213083
2022-08-30,CASH,0.0,0.0,0.0,0.0,0.0,0.0,1,8.157797334213083
2022-08-31,CASH,0.0,0.0,0.0,0.0,0.0,0.0,0,8.157797334213083
2022-09-01,CASH,0.0,0.0,0.0,0.0,0.0,0.0,1,8.157797334213083
2022-09-02,CASH,0.0,0.0,0.0,0.0,0.0,0.0,0,8.157797334213083
2022-09-03,CASH,0.0,0.0,0.0,0.0,0.0,0.0,1,8.157797334213083
2022-09-04,CASH,0.0,0.0,0.0,0.0,0.0,0.0,1,8.157797334213083
2022-09-05,CASH,0.0,0.0,0.0,0.0,0.0,0.0,1,8.157797334213083
2022-09-06,CASH,0.0,0.0,0.0,0.0,0.0,0.0,1,8.157797334213083
2022-09-07,CASH,0.0,0.0,0.0,0.0,0.0,0.0,1,8.157797334213083
2022-09-08,CASH,0.0,0.0,0.0,0.0,0.0,0.0,1,8.157797334213083
2022-09-09,CASH,0.0,0.0,0.0,0.0,0.0,0.0,0,8.157797334213083
2022-09-10,CASH,0.0,0.0,0.0,0.0,0.0,0.0,0,8.157797334213083
2022-09-11,CASH,0.0,0.0,0.0,0.0,0.0,0.0,0,8.157797334213083
2022-09-12,CASH,0.0,0.0,0.0,0.0,0.0,0.0,0,8.157797334213083
2022-09-13,CASH,0.0,0.0,0.0,0.0,0.0,0.0,1,8.157797334213083
2022-09-14,CASH,0.0,0.0,0.0,0.0,0.0,0.0,1,8.157797334213083
2022-09-15,CASH,0.0,0.0,0.0,0.0,0.0,0.0,1,8.157797334213083
2022-09-16,CASH,0.0,0.0,0.0,0.0,0.0,0.0,1,8.157797334213083
2022-09-17,CASH,0.0,0.0,0.0,0.0,0.0,0.0,1,8.157797334213083
2022-09-18,CASH,0.0,0.0,0.0,0.0,0.0,0.0,1,8.157797334213083
2022-09-19,CASH,0.0,0.0,0.0,0.0,0.0,0.0,1,8.157797334213083
2022-09-20,CASH,0.0,0.0,0.0,0.0,0.0,0.0,1,8.157797334213083
2022-09-21,CASH,0.0,0.0,0.0,0.0,0.0,0.0,1,8.157797334213083
2022-09-22,CASH,0.0,0.0,0.0,0.0,0.0,0.0,1,8.157797334213083
2022-09-23,CASH,0.0,0.0,0.0,0.0,0.0,0.0,0,8.157797334213083
2022-09-24,CASH,0.0,0.0,0.0,0.0,0.0,0.0,0,8.157797334213083
2022-09-25,CASH,0.0,0.0,0.0,0.0,0.0,0.0,1,8.157797334213083
2022-09-26,CASH,0.0,0.0,0.0,0.0,0.0,0.0,1,8.157797334213083
2022-09-27,CASH,0.0,0.0,0.0,0.0,0.0,0.0,0,8.157797334213083
2022-09-28,CASH,0.0,0.0,0.0,0.0,0.0,0.0,0,8.157797334213083
2022-09-29,CASH,0.0,0.0,0.0,0.0,0.0,0.0,0,8.157797334213083
2022-09-30,CASH,0.0,0.0,0.0,0.0,0.0,0.0,0,8.157797334213083
2022-10-01,CASH,0.0,0.0,0.0,0.0,0.0,0.0,1,8.157797334213083
2022-10-02,CASH,0.0,0.0,0.0,0.0,0.0,0.0,1,8.157797334213083
2022-10-03,CASH,0.0,0.0,0.0,0.0,0.0,0.0,0,8.157797334213083
2022-10-04,CASH,0.0,0.0,0.0,0.0,0.0,0.0,0,8.157797334213083
2022-10-05,CASH,0.0,0.0,0.0,0.0,0.0,0.0,0,8.157797334213083
2022-10-06,CASH,0.0,0.0,0.0,0.0,0.0,0.0,0,8.157797334213083
2022-10-07,CASH,0.0,0.0,0.0,0.0,0.0,0.0,1,8.157797334213083
2022-10-08,CASH,0.0,0.0,0.0,0.0,0.0,0.0,1,8.157797334213083
2022-10-09,CASH,0.0,0.0,0.0,0.0,0.0,0.0,1,8.157797334213083
2022-10-10,CASH,0.0,0.0,0.0,0.0,0.0,0.0,1,8.157797334213083
2022-10-11,CASH,0.0,0.0,0.0,0.0,0.0,0.0,1,8.157797334213083
2022-10-12,CASH,0.0,0.0,0.0,0.0,0.0,0.0,1,8.157797334213083
2022-10-13,CASH,0.0,0.0,0.0,0.0,0.0,0.0,0,8.157797334213083
2022-10-14,CASH,0.0,0.0,0.0,0.0,0.0,0.0,0,8.157797334213083
2022-10-15,CASH,0.0,0.0,0.0,0.0,0.0,0.0,1,8.157797334213083
2022-10-16,CASH,0.0,0.0,0.0,0.0,0.0,0.0,1,8.157797334213083
2022-10-17,CASH,0.0,0.0,0.0,0.0,0.0,0.0,0,8.157797334213083
2022-10-18,CASH,0.0,0.0,0.0,0.0,0.0,0.0,0,8.157797334213083
2022-10-19,CASH,0.0,0.0,0.0,0.0,0.0,0.0,1,8.157797334213083
2022-10-20,CASH,0.0,0.0,0.0,0.0,0.0,0.0,1,8.157797334213083
2022-10-21,CASH,0.0,0.0,0.0,0.0,0.0,0.0,1,8.157797334213083
2022-10-22,CASH,0.0,0.0,0.0,0.0,0.0,0.0,0,8.157797334213083
2022-10-23,CASH,0.0,0.0,0.0,0.0,0.0,0.0,0,8.157797334213083
2022-10-24,CASH,0.0,0.0,0.0,0.0,0.0,0.0,0,8.157797334213083
2022-10-25,CASH,0.0,0.0,0.0,0.0,0.0,0.0,0,8.157797334213083
2022-10-26,CASH,0.0,0.0,0.0,0.0,0.0,0.0,0,8.157797334213083
2022-10-27,CASH,0.0,0.0,0.0,0.0,0.0,0.0,0,8.157797334213083
2022-10-28,CASH,0.0,0.0,0.0,0.0,0.0,0.0,0,8.157797334213083
2022-10-29,CASH,0.0,0.0,0.0,0.0,0.0,0.0,0,8.157797334213083
2022-10-30,CASH,0.0,0.0,0.0,0.0,0.0,0.0,0,8.157797334213083
2022-10-31,CASH,0.0,0.0,0.0,0.0,0.0,0.0,1,8.157797334213083
2022-11-01,CASH,0.0,0.0,0.0,0.0,0.0,0.0,1,8.157797334213083
2022-11-02,CASH,0.0,0.0,0.0,0.0,0.0,0.0,1,8.157797334213083
2022-11-03,CASH,0.0,0.0,0.0,0.0,0.0,0.0,1,8.157797334213083
2022-11-04,CASH,0.0,0.0,0.0,0.0,0.0,0.0,0,8.157797334213083
2022-11-05,CASH,0.0,0.0,0.0,0.0,0.0,0.0,0,8.157797334213083
2022-11-06,CASH,0.0,0.0,0.0,0.0,0.0,0.0,0,8.157797334213083
2022-11-07,CASH,0.0,0.0,0.0,0.0,0.0,0.0,1,8.157797334213083
2022-11-08,CASH,0.0,0.0,0.0,0.0,0.0,0.0,1,8.157797334213083
2022-11-09,CASH,0.0,0.0,0.0,0.0,0.0,0.0,1,8.157797334213083
2022-11-10,CASH,0.0,0.0,0.0,0.0,0.0,0.0,1,8.157797334213083
2022-11-11,CASH,0.0,0.0,0.0,0.0,0.0,0.0,1,8.157797334213083
2022-11-12,CASH,0.0,0.0,0.0,0.0,0.0,0.0,0,8.157797334213083
2022-11-13,CASH,0.0,0.0,0.0,0.0,0.0,0.0,1,8.157797334213083
2022-11-14,CASH,0.0,0.0,0.0,0.0,0.0,0.0,1,8.157797334213083
2022-11-15,CASH,0.0,0.0,0.0,0.0,0.0,0.0,0,8.157797334213083
2022-11-16,CASH,0.0,0.0,0.0,0.0,0.0,0.0,0,8.157797334213083
2022-11-17,CASH,0.0,0.0,0.0,0.0,0.0,0.0,0,8.157797334213083
2022-11-18,CASH,0.0,0.0,0.0,0.0,0.0,0.0,1,8.157797334213083
2022-11-19,CASH,0.0,0.0,0.0,0.0,0.0,0.0,0,8.157797334213083
2022-11-20,CASH,0.0,0.0,0.0,0.0,0.0,0.0,1,8.157797334213083
2022-11-21,CASH,0.0,0.0,0.0,0.0,0.0,0.0,1,8.157797334213083
2022-11-22,CASH,0.0,0.0,0.0,0.0,0.0,0.0,1,8.157797334213083
2022-11-23,CASH,0.0,0.0,0.0,0.0,0.0,0.0,0,8.157797334213083
2022-11-24,CASH,0.0,0.0,0.0,0.0,0.0,0.0,0,8.157797334213083
2022-11-25,CASH,0.0,0.0,0.0,0.0,0.0,0.0,0,8.157797334213083
2022-11-26,CASH,0.0,0.0,0.0,0.0,0.0,0.0,1,8.157797334213083
2022-11-27,CASH,0.0,0.0,0.0,0.0,0.0,0.0,1,8.157797334213083
2022-11-28,CASH,0.0,0.0,0.0,0.0,0.0,0.0,1,8.157797334213083
2022-11-29,CASH,0.0,0.0,0.0,0.0,0.0,0.0,1,8.157797334213083
2022-11-30,CASH,0.0,0.0,0.0,0.0,0.0,0.0,0,8.157797334213083
2022-12-01,CASH,0.0,0.0,0.0,0.0,0.0,0.0,0,8.157797334213083
2022-12-02,CASH,0.0,0.0,0.0,0.0,0.0,0.0,0,8.157797334213083
2022-12-03,CASH,0.0,0.0,0.0,0.0,0.0,0.0,1,8.157797334213083
2022-12-04,CASH,0.0,0.0,0.0,0.0,0.0,0.0,0,8.157797334213083
2022-12-05,CASH,0.0,0.0,0.0,0.0,0.0,0.0,1,8.157797334213083
2022-12-06,CASH,0.0,0.0,0.0,0.0,0.0,0.0,0,8.157797334213083
2022-12-07,CASH,0.0,0.0,0.0,0.0,0.0,0.0,1,8.157797334213083
2022-12-08,CASH,0.0,0.0,0.0,0.0,0.0,0.0,0,8.157797334213083
2022-12-09,CASH,0.0,0.0,0.0,0.0,0.0,0.0,0,8.157797334213083
2022-12-10,CASH,0.0,0.0,0.0,0.0,0.0,0.0,0,8.157797334213083
2022-12-11,CASH,0.0,0.0,0.0,0.0,0.0,0.0,1,8.157797334213083
2022-12-12,CASH,0.0,0.0,0.0,0.0,0.0,0.0,0,8.157797334213083
2022-12-13,CASH,0.0,0.0,0.0,0.0,0.0,0.0,0,8.157797334213083
2022-12-14,CASH,0.0,0.0,0.0,0.0,0.0,0.0,0,8.157797334213083
2022-12-15,CASH,0.0,0.0,0.0,0.0,0.0,0.0,0,8.157797334213083
2022-12-16,CASH,0.0,0.0,0.0,0.0,0.0,0.0,1,8.157797334213083
2022-12-17,CASH,0.0,0.0,0.0,0.0,0.0,0.0,1,8.157797334213083
2022-12-18,CASH,0.0,0.0,0.0,0.0,0.0,0.0,1,8.157797334213083
2022-12-19,CASH,0.0,0.0,0.0,0.0,0.0,0.0,1,8.157797334213083
2022-12-20,CASH,0.0,0.0,0.0,0.0,0.0,0.0,0,8.157797334213083
2022-12-21,CASH,0.0,0.0,0.0,0.0,0.0,0.0,0,8.157797334213083
2022-12-22,CASH,0.0,0.0,0.0,0.0,0.0,0.0,0,8.157797334213083
2022-12-23,CASH,0.0,0.0,0.0,0.0,0.0,0.0,1,8.157797334213083
2022-12-24,CASH,0.0,0.0,0.0,0.0,0.0,0.0,0,8.157797334213083
2022-12-25,CASH,0.0,0.0,0.0,0.0,0.0,0.0,0,8.157797334213083
2022-12-26,CASH,0.0,0.0,0.0,0.0,0.0,0.0,0,8.157797334213083
2022-12-27,CASH,0.0,0.0,0.0,0.0,0.0,0.0,1,8.157797334213083
2022-12-28,CASH,0.0,0.0,0.0,0.0,0.0,0.0,1,8.157797334213083
2022-12-29,CASH,0.0,0.0,0.0,0.0,0.0,0.0,1,8.157797334213083
2022-12-30,CASH,0.0,0.0,0.0,0.0,0.0,0.0,1,8.157797334213083
2022-12-31,CASH,0.0,0.0,0.0,0.0,0.0,0.0,1,8.157797334213083
2023-01-01,CASH,0.0,0.0,0.0,0.0,0.0,0.0,1,8.157797334213083
2023-01-02,CASH,0.0,0.0,0.0,0.0,0.0,0.0,0,8.157797334213083
2023-01-03,CASH,0.0,0.0,0.0,0.0,0.0,0.0,0,8.157797334213083
2023-01-04,CASH,0.0,0.0,0.0,0.0,0.0,0.0,0,8.157797334213083
2023-01-05,CASH,0.0,0.0,0.0,0.0,0.0,0.0,0,8.157797334213083
2023-01-06,CASH,0.0,0.0,0.0,0.0,0.0,0.0,0,8.157797334213083
2023-01-07,CASH,0.0,0.0,0.0,0.0,0.0,0.0,0,8.157797334213083
2023-01-08,CASH,0.0,0.0,0.0,0.0,0.0,0.0,0,8.157797334213083
2023-01-09,CASH,0.0,0.0,0.0,0.0,0.0,0.0,0,8.157797334213083
2023-01-10,CASH,0.0,0.0,0.0,0.0,0.0,0.0,0,8.157797334213083
2023-01-11,CASH,0.0,0.0,0.0,0.0,0.0,0.0,0,8.157797334213083
2023-01-12,CASH,0.0,0.0,0.0,0.0,0.0,0.0,0,8.157797334213083
2023-01-13,CASH,0.0,0.0,0.0,0.0,0.0,0.0,0,8.157797334213083
2023-01-14,CASH,0.0,0.0,0.0,0.0,0.0,0.0,0,8.157797334213083
2023-01-15,CASH,0.0,0.0,0.0,0.0,0.0,0.0,0,8.157797334213083
2023-01-16,CASH,0.0,0.0,0.0,0.0,0.0,0.0,0,8.157797334213083
2023-01-17,LTCUSDT,1.0,-0.05056308894507,1.0,0.0015,-0.05206308894507,-0.05056308894507,0,7.733077206006092
2023-01-18,CASH,0.0,0.0,1.0,0.0015,-0.0015,0.0,1,7.721477590197083
2023-01-19,CASH,0.0,0.0,0.0,0.0,0.0,0.0,1,7.721477590197083
2023-01-20,LTCUSDT,1.0,-0.026251661497563195,1.0,0.0015,-0.027751661497563196,-0.026251661497563195,0,7.507193757852914
2023-01-21,LTCUSDT,1.0,-0.003753839153679883,0.0,0.0,-0.003753839153679883,-0.003753839153679883,0,7.479012959990424
2023-01-22,LTCUSDT,1.0,0.026490066225165698,0.0,0.0,0.026490066225165698,0.026490066225165698,0,7.677132508599443
2023-01-23,LTCUSDT,1.0,-0.030144605116796508,0.0,0.0,-0.030144605116796508,-0.030144605116796508,0,7.445708380698392
2023-01-24,LTCUSDT,1.0,0.025117559353136754,0.0,0.0,0.025117559353136754,0.025117559353136754,1,7.632726402876731
2023-01-25,LTCUSDT,1.0,-0.020810024614007605,0.0,0.0,-0.020810024614007605,-0.020810024614007605,0,7.4738891785608805
2023-01-26,LTCUSDT,1.0,0.015653564899451577,0.0,0.0,0.015653564899451577,0.015653564899451577,0,7.590882187868792
2023-01-27,LTCUSDT,1.0,0.008774890313871131,0.0,0.0,0.008774890313871131,0.008774890313871131,0,7.657491346452859
2023-01-28,LTCUSDT,1.0,0.05765584922493594,0.0,0.0,0.05765584922493594,0.05765584922493594,1,8.098990512965196
2023-01-29,LTCUSDT,1.0,-0.03658793757908052,0.0,0.0,-0.03658793757908052,-0.03658793757908052,0,7.80266515362326
2023-01-30,LTCUSDT,1.0,0.02976907081098834,0.0,0.0,0.02976907081098834,0.02976907081098834,1,8.034943245095903
2023-01-31,LTCUSDT,1.0,0.06631948134764576,0.0,0.0,0.06631948134764576,0.06631948134764576,0,8.567816513768433
2023-02-01,LTCUSDT,1.0,-0.016844413435662342,0.0,0.0,-0.016844413435662342,-0.016844413435662342,1,8.423496670169621
2023-02-02,LTCUSDT,1.0,0.01236820762368196,0.0,0.0,0.01236820762368196,0.01236820762368196,0,8.527680225903673
2023-02-03,LTCUSDT,1.0,-0.013518926497095851,0.0,0.0,-0.013518926497095851,-0.013518926497095851,0,8.412395143738943
2023-02-04,LTCUSDT,1.0,-0.019084356918079526,0.0,0.0,-0.019084356918079526,-0.019084356918079526,1,8.25184999227991
2023-02-05,LTCUSDT,1.0,-0.007244127082686402,0.0,0.0,-0.007244127082686402,-0.007244127082686402,1,8.19207254226857
2023-02-06,LTCUSDT,1.0,0.051391639737308425,0.0,0.0,0.051391639737308425,0.051391639737308425,1,8.613076583062732
2023-02-07,LTCUSDT,1.0,-0.016260162601625994,0.0,0.0,-0.016260162601625994,-0.016260162601625994,1,8.473026557321875
2023-02-08,LTCUSDT,1.0,-0.07226365652086275,0.0,0.0,-0.07226365652086275,-0.07226365652086275,0,7.860734676491418
2023-02-09,CASH,0.0,0.0,1.0,0.0015,-0.0015,0.0,1,7.848943574476682
2023-02-10,CASH,0.0,0.0,0.0,0.0,0.0,0.0,1,7.848943574476682
2023-02-11,CASH,0.0,0.0,0.0,0.0,0.0,0.0,1,7.848943574476682
2023-02-12,CASH,0.0,0.0,0.0,0.0,0.0,0.0,1,7.848943574476682
2023-02-13,CASH,0.0,0.0,0.0,0.0,0.0,0.0,0,7.848943574476682
2023-02-14,CASH,0.0,0.0,0.0,0.0,0.0,0.0,0,7.848943574476682
2023-02-15,LTCUSDT,1.0,-0.04152888543084998,1.0,0.0015,-0.043028885430849984,-0.04152888543084998,0,7.511212280657318
2023-02-16,CASH,0.0,0.0,1.0,0.0015,-0.0015,0.0,0,7.499945462236333
2023-02-17,LTCUSDT,1.0,-0.004095085896923756,1.0,0.0015,-0.005595085896923755,-0.004095085896923756,0,7.457982623152878
2023-02-18,LTCUSDT,1.0,-0.022866312305686365,0.0,0.0,-0.022866312305686365,-0.022866312305686365,0,7.287446063321482
2023-02-19,LTCUSDT,1.0,-0.01570358205891409,0.0,0.0,-0.01570358205891409,-0.01570358205891409,0,7.173007056066203
2023-02-20,LTCUSDT,1.0,-0.021897810218978186,0.0,0.0,-0.021897810218978186,-0.021897810218978186,0,7.015933908853074
2023-02-21,LTCUSDT,1.0,0.01577825159914714,0.0,0.0,0.01577825159914714,0.01577825159914714,1,7.126633079269946
2023-02-22,LTCUSDT,1.0,-0.007241813602015035,0.0,0.0,-0.007241813602015035,-0.007241813602015035,1,7.075023330899919
2023-02-23,LTCUSDT,1.0,-0.03213870387990281,0.0,0.0,-0.03213870387990281,-0.03213870387990281,1,6.847641251124723
2023-02-24,CASH,0.0,0.0,1.0,0.0015,-0.0015,0.0,1,6.8373697892480365
2023-02-25,CASH,0.0,0.0,0.0,0.0,0.0,0.0,1,6.8373697892480365
2023-02-26,CASH,0.0,0.0,0.0,0.0,0.0,0.0,1,6.8373697892480365
2023-02-27,CASH,0.0,0.0,0.0,0.0,0.0,0.0,0,6.8373697892480365
2023-02-28,CASH,0.0,0.0,0.0,0.0,0.0,0.0,1,6.8373697892480365
2023-03-01,CASH,0.0,0.0,0.0,0.0,0.0,0.0,0,6.8373697892480365
2023-03-02,CASH,0.0,0.0,0.0,0.0,0.0,0.0,1,6.8373697892480365
2023-03-03,CASH,0.0,0.0,0.0,0.0,0.0,0.0,1,6.8373697892480365
2023-03-04,CASH,0.0,0.0,0.0,0.0,0.0,0.0,1,6.8373697892480365
2023-03-05,CASH,0.0,0.0,0.0,0.0,0.0,0.0,1,6.8373697892480365
2023-03-06,CASH,0.0,0.0,0.0,0.0,0.0,0.0,0,6.8373697892480365
2023-03-07,CASH,0.0,0.0,0.0,0.0,0.0,0.0,1,6.8373697892480365
2023-03-08,CASH,0.0,0.0,0.0,0.0,0.0,0.0,1,6.8373697892480365
2023-03-09,CASH,0.0,0.0,0.0,0.0,0.0,0.0,1,6.8373697892480365
2023-03-10,CASH,0.0,0.0,0.0,0.0,0.0,0.0,1,6.8373697892480365
2023-03-11,CASH,0.0,0.0,0.0,0.0,0.0,0.0,1,6.8373697892480365
2023-03-12,CASH,0.0,0.0,0.0,0.0,0.0,0.0,0,6.8373697892480365
2023-03-13,CASH,0.0,0.0,0.0,0.0,0.0,0.0,0,6.8373697892480365
2023-03-14,CASH,0.0,0.0,0.0,0.0,0.0,0.0,0,6.8373697892480365
2023-03-15,CASH,0.0,0.0,0.0,0.0,0.0,0.0,0,6.8373697892480365
2023-03-16,CASH,0.0,0.0,0.0,0.0,0.0,0.0,0,6.8373697892480365
2023-03-17,BTCUSDT,1.0,-0.017800244057976755,1.0,0.0015,-0.019300244057976756,-0.017800244057976755,0,6.7054068836009115
2023-03-18,BTCUSDT,1.0,0.039594179910500626,0.0,0.0,0.039594179910500626,0.039594179910500626,0,6.9709019701233155
2023-03-19,BTCUSDT,1.0,-0.009146719660871439,0.0,0.0,-0.009146719660871439,-0.009146719660871439,0,6.907141084019181
2023-03-20,BTCUSDT,1.0,0.014015220256441863,0.0,0.0,0.014015220256441863,0.014015220256441863,0,7.003946187654028
2023-03-21,BTCUSDT,1.0,-0.030403334297558482,0.0,0.0,-0.030403334297558482,-0.030403334297558482,0,6.791002870308673
2023-03-22,BTCUSDT,1.0,0.038326709104299805,0.0,0.0,0.038326709104299805,0.038326709104299805,1,7.0512796618454585
2023-03-23,BTCUSDT,1.0,-0.029720014659621374,0.0,0.0,-0.029720014659621374,-0.029720014659621374,0,6.841715526926321
2023-03-24,BTCUSDT,1.0,0.0003088750210802349,0.0,0.0,0.0003088750210802349,0.0003088750210802349,1,6.843828761953925
2023-03-25,BTCUSDT,1.0,0.018392051837111456,0.0,0.0,0.018392051837111456,0.018392051837111456,0,6.969700815308096
2023-03-26,BTCUSDT,1.0,-0.030146542215134797,0.0,0.0,-0.030146542215134797,-0.030146542215134797,1,6.759588435452551
2023-03-27,BTCUSDT,1.0,0.005019740157663266,0.0,0.0,0.005019740157663266,0.005019740157663266,1,6.793519812971269
2023-03-28,BTCUSDT,1.0,0.03989315166279228,0.0,0.0,0.03989315166279228,0.03989315166279228,1,7.064534729194316
2023-03-29,BTCUSDT,1.0,-0.011290504645732002,0.0,0.0,-0.011290504645732002,-0.011290504645732002,0,6.984772567014412
2023-03-30,BTCUSDT,1.0,0.015585191231934026,0.0,0.0,0.015585191231934026,0.015585191231934026,0,7.093631583182898
2023-03-31,BTCUSDT,1.0,-0.00044369718141634706,0.0,0.0,-0.00044369718141634706,-0.00044369718141634706,0,7.0904841588434335
2023-04-01,BTCUSDT,1.0,-0.0098711090289052,0.0,0.0,-0.0098711090289052,-0.0098711090289052,0,7.020493216643765
2023-04-02,BTCUSDT,1.0,-0.013200046713263913,0.0,0.0,-0.013200046713263913,-0.013200046713263913,0,6.927822378233915
2023-04-03,BTCUSDT,1.0,0.013146402877697971,0.0,0.0,0.013146402877697971,0.013146402877697971,1,7.01889832228331
2023-04-04,BTCUSDT,1.0,0.00016119028015504355,0.0,0.0,0.00016119028015504355,0.00016119028015504355,1,7.020029700470259
2023-04-05,BTCUSDT,1.0,-0.004834574073633635,0.0,0.0,-0.004834574073633635,-0.004834574073633635,1,6.9860908468842275
2023-04-06,BTCUSDT,1.0,-0.004547721288072681,0.0,0.0,-0.004547721288072681,-0.004547721288072681,0,6.954320052819442
2023-04-07,BTCUSDT,1.0,0.0011484849494720617,0.0,0.0,0.0011484849494720617,0.0011484849494720617,1,6.962306984733917
2023-04-08,CASH,0.0,0.0,1.0,0.0015,-0.0015,0.0,1,6.951863524256817
2023-04-09,ETHUSDT,1.0,0.027585910098336663,1.0,0.0015,0.026085910098336662,0.027585910098336663,0,7.133209211166486
2023-04-10,BTCUSDT,1.0,0.01899900598366777,2.0,0.003,0.015999005983667772,0.01899900598366777,0,7.247333468018693
2023-04-11,BTCUSDT,1.0,-0.010342571394702404,0.0,0.0,-0.010342571394702404,-0.010342571394702404,0,7.172377404204494
2023-04-12,BTCUSDT,1.0,0.01625297317625396,0.0,0.0,0.01625297317625396,0.01625297317625396,0,7.2889498617649995
2023-04-13,ETHUSDT,1.0,0.043727416861745194,2.0,0.003,0.04072741686174519,0.043727416861745194,0,7.585809961269462
2023-04-14,ETHUSDT,1.0,-0.004471449864046906,0.0,0.0,-0.004471449864046906,-0.004471449864046906,0,7.551890392349458
2023-04-15,ETHUSDT,1.0,0.013426767435186227,0.0,0.0,0.013426767435186227,0.013426767435186227,0,7.6532878683435515
2023-04-16,ETHUSDT,1.0,-0.02108398193206118,0.0,0.0,-0.02108398193206118,-0.02108398193206118,1,7.491926085206533
2023-04-17,ETHUSDT,1.0,0.014223722275795492,0.0,0.0,0.014223722275795492,0.014223722275795492,1,7.5984891611532985
2023-04-18,ETHUSDT,1.0,-0.08070834323746134,0.0,0.0,-0.08070834323746134,-0.08070834323746134,0,6.985227689848808
2023-04-19,ETHUSDT,1.0,0.004783501316109273,0.0,0.0,0.004783501316109273,0.004783501316109273,1,7.018641535696523
2023-04-20,CASH,0.0,0.0,1.0,0.0015,-0.0015,0.0,1,7.008113573392979
2023-04-21,CASH,0.0,0.0,0.0,0.0,0.0,0.0,1,7.008113573392979
2023-04-22,CASH,0.0,0.0,0.0,0.0,0.0,0.0,1,7.008113573392979
2023-04-23,CASH,0.0,0.0,0.0,0.0,0.0,0.0,1,7.008113573392979
2023-04-24,CASH,0.0,0.0,0.0,0.0,0.0,0.0,0,7.008113573392979
2023-04-25,CASH,0.0,0.0,0.0,0.0,0.0,0.0,0,7.008113573392979
2023-04-26,CASH,0.0,0.0,0.0,0.0,0.0,0.0,0,7.008113573392979
2023-04-27,CASH,0.0,0.0,0.0,0.0,0.0,0.0,0,7.008113573392979
2023-04-28,CASH,0.0,0.0,0.0,0.0,0.0,0.0,0,7.008113573392979
2023-04-29,CASH,0.0,0.0,0.0,0.0,0.0,0.0,0,7.008113573392979
2023-04-30,CASH,0.0,0.0,0.0,0.0,0.0,0.0,1,7.008113573392979
2023-05-01,CASH,0.0,0.0,0.0,0.0,0.0,0.0,1,7.008113573392979
2023-05-02,CASH,0.0,0.0,0.0,0.0,0.0,0.0,1,7.008113573392979
2023-05-03,CASH,0.0,0.0,0.0,0.0,0.0,0.0,1,7.008113573392979
2023-05-04,CASH,0.0,0.0,0.0,0.0,0.0,0.0,0,7.008113573392979
2023-05-05,CASH,0.0,0.0,0.0,0.0,0.0,0.0,0,7.008113573392979
2023-05-06,CASH,0.0,0.0,0.0,0.0,0.0,0.0,1,7.008113573392979
2023-05-07,CASH,0.0,0.0,0.0,0.0,0.0,0.0,1,7.008113573392979
2023-05-08,CASH,0.0,0.0,0.0,0.0,0.0,0.0,1,7.008113573392979
2023-05-09,CASH,0.0,0.0,0.0,0.0,0.0,0.0,1,7.008113573392979
2023-05-10,CASH,0.0,0.0,0.0,0.0,0.0,0.0,1,7.008113573392979
2023-05-11,CASH,0.0,0.0,0.0,0.0,0.0,0.0,1,7.008113573392979
2023-05-12,CASH,0.0,0.0,0.0,0.0,0.0,0.0,1,7.008113573392979
2023-05-13,CASH,0.0,0.0,0.0,0.0,0.0,0.0,1,7.008113573392979
2023-05-14,CASH,0.0,0.0,0.0,0.0,0.0,0.0,1,7.008113573392979
2023-05-15,CASH,0.0,0.0,0.0,0.0,0.0,0.0,0,7.008113573392979
2023-05-16,CASH,0.0,0.0,0.0,0.0,0.0,0.0,0,7.008113573392979
2023-05-17,CASH,0.0,0.0,0.0,0.0,0.0,0.0,0,7.008113573392979
2023-05-18,CASH,0.0,0.0,0.0,0.0,0.0,0.0,1,7.008113573392979
2023-05-19,CASH,0.0,0.0,0.0,0.0,0.0,0.0,1,7.008113573392979
2023-05-20,CASH,0.0,0.0,0.0,0.0,0.0,0.0,1,7.008113573392979
2023-05-21,CASH,0.0,0.0,0.0,0.0,0.0,0.0,1,7.008113573392979
2023-05-22,CASH,0.0,0.0,0.0,0.0,0.0,0.0,1,7.008113573392979
2023-05-23,CASH,0.0,0.0,0.0,0.0,0.0,0.0,0,7.008113573392979
2023-05-24,CASH,0.0,0.0,0.0,0.0,0.0,0.0,1,7.008113573392979
2023-05-25,CASH,0.0,0.0,0.0,0.0,0.0,0.0,1,7.008113573392979
2023-05-26,CASH,0.0,0.0,0.0,0.0,0.0,0.0,1,7.008113573392979
2023-05-27,CASH,0.0,0.0,0.0,0.0,0.0,0.0,0,7.008113573392979
2023-05-28,CASH,0.0,0.0,0.0,0.0,0.0,0.0,0,7.008113573392979
2023-05-29,CASH,0.0,0.0,0.0,0.0,0.0,0.0,0,7.008113573392979
2023-05-30,CASH,0.0,0.0,0.0,0.0,0.0,0.0,0,7.008113573392979
2023-05-31,CASH,0.0,0.0,0.0,0.0,0.0,0.0,1,7.008113573392979
2023-06-01,CASH,0.0,0.0,0.0,0.0,0.0,0.0,1,7.008113573392979
2023-06-02,CASH,0.0,0.0,0.0,0.0,0.0,0.0,1,7.008113573392979
2023-06-03,CASH,0.0,0.0,0.0,0.0,0.0,0.0,1,7.008113573392979
2023-06-04,CASH,0.0,0.0,0.0,0.0,0.0,0.0,0,7.008113573392979
2023-06-05,CASH,0.0,0.0,0.0,0.0,0.0,0.0,1,7.008113573392979
2023-06-06,CASH,0.0,0.0,0.0,0.0,0.0,0.0,0,7.008113573392979
2023-06-07,CASH,0.0,0.0,0.0,0.0,0.0,0.0,1,7.008113573392979
2023-06-08,CASH,0.0,0.0,0.0,0.0,0.0,0.0,0,7.008113573392979
2023-06-09,CASH,0.0,0.0,0.0,0.0,0.0,0.0,1,7.008113573392979
2023-06-10,CASH,0.0,0.0,0.0,0.0,0.0,0.0,1,7.008113573392979
2023-06-11,CASH,0.0,0.0,0.0,0.0,0.0,0.0,1,7.008113573392979
2023-06-12,CASH,0.0,0.0,0.0,0.0,0.0,0.0,1,7.008113573392979
2023-06-13,CASH,0.0,0.0,0.0,0.0,0.0,0.0,0,7.008113573392979
2023-06-14,CASH,0.0,0.0,0.0,0.0,0.0,0.0,1,7.008113573392979
2023-06-15,CASH,0.0,0.0,0.0,0.0,0.0,0.0,1,7.008113573392979
2023-06-16,CASH,0.0,0.0,0.0,0.0,0.0,0.0,0,7.008113573392979
2023-06-17,CASH,0.0,0.0,0.0,0.0,0.0,0.0,0,7.008113573392979
2023-06-18,CASH,0.0,0.0,0.0,0.0,0.0,0.0,0,7.008113573392979
2023-06-19,CASH,0.0,0.0,0.0,0.0,0.0,0.0,0,7.008113573392979
2023-06-20,CASH,0.0,0.0,0.0,0.0,0.0,0.0,0,7.008113573392979
2023-06-21,CASH,0.0,0.0,0.0,0.0,0.0,0.0,0,7.008113573392979
2023-06-22,CASH,0.0,0.0,0.0,0.0,0.0,0.0,0,7.008113573392979
2023-06-23,CASH,0.0,0.0,0.0,0.0,0.0,0.0,0,7.008113573392979
2023-06-24,CASH,0.0,0.0,0.0,0.0,0.0,0.0,0,7.008113573392979
2023-06-25,CASH,0.0,0.0,0.0,0.0,0.0,0.0,0,7.008113573392979
2023-06-26,CASH,0.0,0.0,0.0,0.0,0.0,0.0,1,7.008113573392979
2023-06-27,CASH,0.0,0.0,0.0,0.0,0.0,0.0,0,7.008113573392979
2023-06-28,CASH,0.0,0.0,0.0,0.0,0.0,0.0,1,7.008113573392979
2023-06-29,CASH,0.0,0.0,0.0,0.0,0.0,0.0,0,7.008113573392979
2023-06-30,CASH,0.0,0.0,0.0,0.0,0.0,0.0,1,7.008113573392979
2023-07-01,CASH,0.0,0.0,0.0,0.0,0.0,0.0,0,7.008113573392979
2023-07-02,CASH,0.0,0.0,0.0,0.0,0.0,0.0,0,7.008113573392979
2023-07-03,CASH,0.0,0.0,0.0,0.0,0.0,0.0,0,7.008113573392979
2023-07-04,CASH,0.0,0.0,0.0,0.0,0.0,0.0,0,7.008113573392979
2023-07-05,CASH,0.0,0.0,0.0,0.0,0.0,0.0,1,7.008113573392979
2023-07-06,CASH,0.0,0.0,0.0,0.0,0.0,0.0,1,7.008113573392979
2023-07-07,CASH,0.0,0.0,0.0,0.0,0.0,0.0,1,7.008113573392979
2023-07-08,CASH,0.0,0.0,0.0,0.0,0.0,0.0,1,7.008113573392979
2023-07-09,CASH,0.0,0.0,0.0,0.0,0.0,0.0,0,7.008113573392979
2023-07-10,CASH,0.0,0.0,0.0,0.0,0.0,0.0,0,7.008113573392979
2023-07-11,CASH,0.0,0.0,0.0,0.0,0.0,0.0,0,7.008113573392979
2023-07-12,CASH,0.0,0.0,0.0,0.0,0.0,0.0,0,7.008113573392979
2023-07-13,TRXUSDT,1.0,-0.022396279525149887,1.0,0.0015,-0.02389627952514989,-0.022396279525149887,0,6.840645732499184
2023-07-14,CASH,0.0,0.0,1.0,0.0015,-0.0015,0.0,1,6.830384763900436
2023-07-15,CASH,0.0,0.0,0.0,0.0,0.0,0.0,1,6.830384763900436
2023-07-16,CASH,0.0,0.0,0.0,0.0,0.0,0.0,1,6.830384763900436
2023-07-17,CASH,0.0,0.0,0.0,0.0,0.0,0.0,1,6.830384763900436
2023-07-18,CASH,0.0,0.0,0.0,0.0,0.0,0.0,1,6.830384763900436
2023-07-19,CASH,0.0,0.0,0.0,0.0,0.0,0.0,1,6.830384763900436
2023-07-20,CASH,0.0,0.0,0.0,0.0,0.0,0.0,1,6.830384763900436
2023-07-21,CASH,0.0,0.0,0.0,0.0,0.0,0.0,0,6.830384763900436
2023-07-22,CASH,0.0,0.0,0.0,0.0,0.0,0.0,1,6.830384763900436
2023-07-23,CASH,0.0,0.0,0.0,0.0,0.0,0.0,0,6.830384763900436
2023-07-24,CASH,0.0,0.0,0.0,0.0,0.0,0.0,1,6.830384763900436
2023-07-25,CASH,0.0,0.0,0.0,0.0,0.0,0.0,1,6.830384763900436
2023-07-26,CASH,0.0,0.0,0.0,0.0,0.0,0.0,1,6.830384763900436
2023-07-27,CASH,0.0,0.0,0.0,0.0,0.0,0.0,0,6.830384763900436
2023-07-28,CASH,0.0,0.0,0.0,0.0,0.0,0.0,0,6.830384763900436
2023-07-29,CASH,0.0,0.0,0.0,0.0,0.0,0.0,0,6.830384763900436
2023-07-30,CASH,0.0,0.0,0.0,0.0,0.0,0.0,0,6.830384763900436
2023-07-31,CASH,0.0,0.0,0.0,0.0,0.0,0.0,1,6.830384763900436
2023-08-01,CASH,0.0,0.0,0.0,0.0,0.0,0.0,0,6.830384763900436
2023-08-02,CASH,0.0,0.0,0.0,0.0,0.0,0.0,1,6.830384763900436
2023-08-03,CASH,0.0,0.0,0.0,0.0,0.0,0.0,1,6.830384763900436
2023-08-04,CASH,0.0,0.0,0.0,0.0,0.0,0.0,1,6.830384763900436
2023-08-05,CASH,0.0,0.0,0.0,0.0,0.0,0.0,1,6.830384763900436
2023-08-06,CASH,0.0,0.0,0.0,0.0,0.0,0.0,1,6.830384763900436
2023-08-07,CASH,0.0,0.0,0.0,0.0,0.0,0.0,0,6.830384763900436
2023-08-08,CASH,0.0,0.0,0.0,0.0,0.0,0.0,0,6.830384763900436
2023-08-09,CASH,0.0,0.0,0.0,0.0,0.0,0.0,0,6.830384763900436
2023-08-10,CASH,0.0,0.0,0.0,0.0,0.0,0.0,0,6.830384763900436
2023-08-11,CASH,0.0,0.0,0.0,0.0,0.0,0.0,1,6.830384763900436
2023-08-12,CASH,0.0,0.0,0.0,0.0,0.0,0.0,1,6.830384763900436
2023-08-13,CASH,0.0,0.0,0.0,0.0,0.0,0.0,1,6.830384763900436
2023-08-14,CASH,0.0,0.0,0.0,0.0,0.0,0.0,0,6.830384763900436
2023-08-15,CASH,0.0,0.0,0.0,0.0,0.0,0.0,1,6.830384763900436
2023-08-16,CASH,0.0,0.0,0.0,0.0,0.0,0.0,1,6.830384763900436
2023-08-17,CASH,0.0,0.0,0.0,0.0,0.0,0.0,1,6.830384763900436
2023-08-18,CASH,0.0,0.0,0.0,0.0,0.0,0.0,1,6.830384763900436
2023-08-19,CASH,0.0,0.0,0.0,0.0,0.0,0.0,1,6.830384763900436
2023-08-20,CASH,0.0,0.0,0.0,0.0,0.0,0.0,1,6.830384763900436
2023-08-21,CASH,0.0,0.0,0.0,0.0,0.0,0.0,0,6.830384763900436
2023-08-22,CASH,0.0,0.0,0.0,0.0,0.0,0.0,1,6.830384763900436
2023-08-23,CASH,0.0,0.0,0.0,0.0,0.0,0.0,0,6.830384763900436
2023-08-24,CASH,0.0,0.0,0.0,0.0,0.0,0.0,0,6.830384763900436
2023-08-25,CASH,0.0,0.0,0.0,0.0,0.0,0.0,0,6.830384763900436
2023-08-26,CASH,0.0,0.0,0.0,0.0,0.0,0.0,1,6.830384763900436
2023-08-27,CASH,0.0,0.0,0.0,0.0,0.0,0.0,1,6.830384763900436
2023-08-28,CASH,0.0,0.0,0.0,0.0,0.0,0.0,0,6.830384763900436
2023-08-29,CASH,0.0,0.0,0.0,0.0,0.0,0.0,0,6.830384763900436
2023-08-30,CASH,0.0,0.0,0.0,0.0,0.0,0.0,0,6.830384763900436
2023-08-31,CASH,0.0,0.0,0.0,0.0,0.0,0.0,1,6.830384763900436
2023-09-01,CASH,0.0,0.0,0.0,0.0,0.0,0.0,1,6.830384763900436
2023-09-02,CASH,0.0,0.0,0.0,0.0,0.0,0.0,1,6.830384763900436
2023-09-03,CASH,0.0,0.0,0.0,0.0,0.0,0.0,0,6.830384763900436
2023-09-04,CASH,0.0,0.0,0.0,0.0,0.0,0.0,0,6.830384763900436
2023-09-05,CASH,0.0,0.0,0.0,0.0,0.0,0.0,1,6.830384763900436
2023-09-06,CASH,0.0,0.0,0.0,0.0,0.0,0.0,1,6.830384763900436
2023-09-07,CASH,0.0,0.0,0.0,0.0,0.0,0.0,0,6.830384763900436
2023-09-08,CASH,0.0,0.0,0.0,0.0,0.0,0.0,0,6.830384763900436
2023-09-09,CASH,0.0,0.0,0.0,0.0,0.0,0.0,0,6.830384763900436
2023-09-10,CASH,0.0,0.0,0.0,0.0,0.0,0.0,1,6.830384763900436
2023-09-11,CASH,0.0,0.0,0.0,0.0,0.0,0.0,1,6.830384763900436
2023-09-12,CASH,0.0,0.0,0.0,0.0,0.0,0.0,1,6.830384763900436
2023-09-13,CASH,0.0,0.0,0.0,0.0,0.0,0.0,0,6.830384763900436
2023-09-14,CASH,0.0,0.0,0.0,0.0,0.0,0.0,0,6.830384763900436
2023-09-15,CASH,0.0,0.0,0.0,0.0,0.0,0.0,0,6.830384763900436
2023-09-16,CASH,0.0,0.0,0.0,0.0,0.0,0.0,0,6.830384763900436
2023-09-17,CASH,0.0,0.0,0.0,0.0,0.0,0.0,0,6.830384763900436
2023-09-18,CASH,0.0,0.0,0.0,0.0,0.0,0.0,0,6.830384763900436
2023-09-19,CASH,0.0,0.0,0.0,0.0,0.0,0.0,0,6.830384763900436
2023-09-20,CASH,0.0,0.0,0.0,0.0,0.0,0.0,0,6.830384763900436
2023-09-21,CASH,0.0,0.0,0.0,0.0,0.0,0.0,1,6.830384763900436
2023-09-22,CASH,0.0,0.0,0.0,0.0,0.0,0.0,1,6.830384763900436
2023-09-23,CASH,0.0,0.0,0.0,0.0,0.0,0.0,1,6.830384763900436
2023-09-24,CASH,0.0,0.0,0.0,0.0,0.0,0.0,1,6.830384763900436
2023-09-25,CASH,0.0,0.0,0.0,0.0,0.0,0.0,1,6.830384763900436
2023-09-26,CASH,0.0,0.0,0.0,0.0,0.0,0.0,1,6.830384763900436
2023-09-27,CASH,0.0,0.0,0.0,0.0,0.0,0.0,0,6.830384763900436
2023-09-28,CASH,0.0,0.0,0.0,0.0,0.0,0.0,0,6.830384763900436
2023-09-29,CASH,0.0,0.0,0.0,0.0,0.0,0.0,0,6.830384763900436
2023-09-30,CASH,0.0,0.0,0.0,0.0,0.0,0.0,0,6.830384763900436
2023-10-01,CASH,0.0,0.0,0.0,0.0,0.0,0.0,0,6.830384763900436
2023-10-02,CASH,0.0,0.0,0.0,0.0,0.0,0.0,0,6.830384763900436
2023-10-03,CASH,0.0,0.0,0.0,0.0,0.0,0.0,0,6.830384763900436
2023-10-04,CASH,0.0,0.0,0.0,0.0,0.0,0.0,1,6.830384763900436
2023-10-05,CASH,0.0,0.0,0.0,0.0,0.0,0.0,1,6.830384763900436
2023-10-06,CASH,0.0,0.0,0.0,0.0,0.0,0.0,0,6.830384763900436
2023-10-07,CASH,0.0,0.0,0.0,0.0,0.0,0.0,0,6.830384763900436
2023-10-08,CASH,0.0,0.0,0.0,0.0,0.0,0.0,0,6.830384763900436
2023-10-09,CASH,0.0,0.0,0.0,0.0,0.0,0.0,1,6.830384763900436
2023-10-10,CASH,0.0,0.0,0.0,0.0,0.0,0.0,1,6.830384763900436
2023-10-11,CASH,0.0,0.0,0.0,0.0,0.0,0.0,1,6.830384763900436
2023-10-12,CASH,0.0,0.0,0.0,0.0,0.0,0.0,1,6.830384763900436
2023-10-13,CASH,0.0,0.0,0.0,0.0,0.0,0.0,1,6.830384763900436
2023-10-14,CASH,0.0,0.0,0.0,0.0,0.0,0.0,1,6.830384763900436
2023-10-15,CASH,0.0,0.0,0.0,0.0,0.0,0.0,0,6.830384763900436
2023-10-16,CASH,0.0,0.0,0.0,0.0,0.0,0.0,0,6.830384763900436
2023-10-17,CASH,0.0,0.0,0.0,0.0,0.0,0.0,0,6.830384763900436
2023-10-18,CASH,0.0,0.0,0.0,0.0,0.0,0.0,0,6.830384763900436
2023-10-19,CASH,0.0,0.0,0.0,0.0,0.0,0.0,0,6.830384763900436
2023-10-20,CASH,0.0,0.0,0.0,0.0,0.0,0.0,0,6.830384763900436
2023-10-21,CASH,0.0,0.0,0.0,0.0,0.0,0.0,0,6.830384763900436
2023-10-22,CASH,0.0,0.0,0.0,0.0,0.0,0.0,0,6.830384763900436
2023-10-23,CASH,0.0,0.0,0.0,0.0,0.0,0.0,0,6.830384763900436
2023-10-24,CASH,0.0,0.0,0.0,0.0,0.0,0.0,0,6.830384763900436
2023-10-25,CASH,0.0,0.0,0.0,0.0,0.0,0.0,0,6.830384763900436
2023-10-26,CASH,0.0,0.0,0.0,0.0,0.0,0.0,0,6.830384763900436
2023-10-27,CASH,0.0,0.0,0.0,0.0,0.0,0.0,1,6.830384763900436
2023-10-28,CASH,0.0,0.0,0.0,0.0,0.0,0.0,1,6.830384763900436
2023-10-29,TRXUSDT,1.0,0.00727157761618713,1.0,0.0015,0.005771577616187131,0.00727157761618713,0,6.869806859713709
2023-10-30,TRXUSDT,1.0,0.016426030550324322,0.0,0.0,0.016426030550324322,0.016426030550324322,0,6.982650517066194
2023-10-31,TRXUSDT,1.0,0.030777148739063342,0.0,0.0,0.030777148739063342,0.030777148739063342,0,7.197556590622837
2023-11-01,TRXUSDT,1.0,-0.009187138006790496,0.0,0.0,-0.009187138006790496,-0.009187138006790496,0,7.131431644913101
2023-11-02,TRXUSDT,1.0,-0.020157226365652092,0.0,0.0,-0.020157226365652092,-0.020157226365652092,0,6.987681762935413
2023-11-03,TRXUSDT,1.0,0.0044229582390453714,0.0,0.0,0.0044229582390453714,0.0044229582390453714,0,7.018587987560615
2023-11-04,TRXUSDT,1.0,0.0044034818228366746,0.0,0.0,0.0044034818228366746,0.0044034818228366746,1,7.0494942121858175
2023-11-05,TRXUSDT,1.0,-0.004384176182708033,0.0,0.0,-0.004384176182708033,-0.004384176182708033,0,7.018587987560615
2023-11-06,TRXUSDT,1.0,-0.010957501280081994,0.0,0.0,-0.010957501280081994,-0.010957501280081994,0,6.941681800702551
2023-11-07,BTCUSDT,1.0,0.006373039781779832,2.0,0.003,0.0033730397817798323,0.006373039781779832,0,6.965096369568779
2023-11-08,BTCUSDT,1.0,0.030214132209319677,0.0,0.0,0.030214132209319677,0.030214132209319677,0,7.175540712129583
2023-11-09,BTCUSDT,1.0,0.016363001752808914,0.0,0.0,0.016363001752808914,0.016363001752808914,0,7.292954097379511
2023-11-10,BTCUSDT,1.0,-0.004601139414014854,0.0,0.0,-0.004601139414014854,-0.004601139414014854,0,7.259398198837457
2023-11-11,BTCUSDT,1.0,-0.0017740371667116506,0.0,0.0,-0.0017740371667116506,-0.0017740371667116506,0,7.2465197566247594
2023-11-12,TRXUSDT,1.0,-0.015021656990139132,2.0,0.003,-0.01802165699013913,-0.015021656990139132,0,7.115925463198601
2023-11-13,TRXUSDT,1.0,-0.043600299401197584,0.0,0.0,-0.043600299401197584,-0.043600299401197584,1,6.805668982486536
2023-11-14,TRXUSDT,1.0,0.01800039131285458,0.0,0.0,0.01800039131285458,0.01800039131285458,1,6.9281736873170505
2023-11-15,TRXUSDT,1.0,-0.016625024024601198,0.0,0.0,-0.016625024024601198,-0.016625024024601198,0,6.812992633318795
2023-11-16,TRXUSDT,1.0,0.013485781295807575,0.0,0.0,0.013485781295807575,0.013485781295807575,1,6.9048711619416805
2023-11-17,TRXUSDT,1.0,-0.007810240092565701,0.0,0.0,-0.007810240092565701,-0.007810240092565701,0,6.850942460358683
2023-11-18,TRXUSDT,1.0,0.005733722060252688,0.0,0.0,0.005733722060252688,0.005733722060252688,1,6.890223860277163
2023-11-19,BTCUSDT,1.0,0.0023800945720888755,2.0,0.003,-0.0006199054279111245,0.0023800945720888755,0,6.885952573106654
2023-11-20,BTCUSDT,1.0,-0.04558573069670091,0.0,0.0,-0.04558573069670091,-0.04558573069670091,0,6.57205139351876
2023-11-21,BTCUSDT,1.0,0.046631590875071405,0.0,0.0,0.046631590875071405,0.046631590875071405,1,6.87851660531127
2023-11-22,BTCUSDT,1.0,-0.003049052697874255,0.0,0.0,-0.003049052697874255,-0.003049052697874255,0,6.857543645698473
2023-11-23,BTCUSDT,1.0,0.011242742854936427,0.0,0.0,0.011242742854936427,0.011242742854936427,1,6.934641245523564
2023-11-24,BTCUSDT,1.0,0.001779200431038408,0.0,0.0,0.001779200431038408,0.001779200431038408,0,6.946979362216696
2023-11-25,TRXUSDT,1.0,-0.010738871041762299,2.0,0.003,-0.013738871041762298,-0.010738871041762299,0,6.8515357086294175
2023-11-26,TRXUSDT,1.0,-0.05427723139729068,0.0,0.0,-0.05427723139729068,-0.05427723139729068,0,6.4796533195453385
2023-11-27,BTCUSDT,1.0,0.0154706828452289,2.0,0.003,0.012470682845228901,0.0154706828452289,1,6.560459021040423
2023-11-28,BTCUSDT,1.0,0.0009458241348827556,0.0,0.0,0.0009458241348827556,0.0009458241348827556,0,6.566664061518432
2023-11-29,TRXUSDT,1.0,0.0003867349898483141,2.0,0.003,-0.002613265010151686,0.0003867349898483141,0,6.549503628093046
2023-11-30,BTCUSDT,1.0,0.025409845625962824,2.0,0.003,0.022409845625962824,0.025409845625962824,0,6.696276993325295
2023-12-01,BTCUSDT,1.0,0.019849534104810163,0.0,0.0,0.019849534104810163,0.019849534104810163,0,6.829194971879561
2023-12-02,ADAUSDT,1.0,-0.0067907444668009465,2.0,0.003,-0.009790744466800946,-0.0067907444668009465,0,6.762332068995926
2023-12-03,BTCUSDT,1.0,0.05050602592898157,2.0,0.003,0.047506025928981566,0.05050602592898157,0,7.083583591606029
2023-12-04,DOGEUSDT,1.0,0.026882890727035313,2.0,0.003,0.023882890727035314,0.026882890727035313,0,7.252760044480177
2023-12-05,DOGEUSDT,1.0,0.006147323794382542,0.0,0.0,0.006147323794382542,0.006147323794382542,0,7.2973451088765575
2023-12-06,BTCUSDT,1.0,-0.011186469570312108,2.0,0.003,-0.014186469570312107,-0.011186469570312108,0,7.193821544545414
2023-12-07,ADAUSDT,1.0,0.19736553238199783,2.0,0.003,0.19436553238199783,0.19736553238199783,0,8.59205249891207
2023-12-08,ADAUSDT,1.0,0.061789512284561754,0.0,0.0,0.061789512284561754,0.061789512284561754,0,9.122951232343196
2023-12-09,DOGEUSDT,1.0,0.03453178955921188,2.0,0.003,0.031531789559211876,0.03453178955921188,1,9.410614210760395
2023-12-10,DOGEUSDT,1.0,-0.0758884743765953,0.0,0.0,-0.0758884743765953,-0.0758884743765953,0,8.696457055359081
2023-12-11,BTCUSDT,1.0,0.005793219467971067,2.0,0.003,0.002793219467971067,0.005793219467971067,1,8.720748168508486
2023-12-12,BTCUSDT,1.0,0.033178132182793085,0.0,0.0,0.033178132182793085,0.033178132182793085,1,9.010086303976111
2023-12-13,BTCUSDT,1.0,0.0035743752541170792,0.0,0.0,0.0035743752541170792,0.0035743752541170792,1,9.042291733498503
2023-12-14,BTCUSDT,1.0,-0.02514884155318664,0.0,0.0,-0.02514884155318664,-0.02514884155318664,0,8.81488857141506
2023-12-15,BTCUSDT,1.0,0.008052636724105389,0.0,0.0,0.008052636724105389,0.008052636724105389,0,8.885871666844135
2023-12-16,BTCUSDT,1.0,-0.02136759919986808,0.0,0.0,-0.02136759919986808,-0.02136759919986808,1,8.696001922525546
2023-12-17,BTCUSDT,1.0,0.03101295116695857,0.0,0.0,0.03101295116695857,0.03101295116695857,1,8.96569060549661
2023-12-18,BTCUSDT,1.0,-0.00895053190741213,0.0,0.0,-0.00895053190741213,-0.00895053190741213,0,8.885442905660128
2023-12-19,BTCUSDT,1.0,0.03294872574243679,0.0,0.0,0.03294872574243679,0.03294872574243679,1,9.178206927058804
2023-12-20,BTCUSDT,1.0,0.004416641305385882,0.0,0.0,0.004416641305385882,0.004416641305385882,0,9.218743774882231
2023-12-21,BTCUSDT,1.0,0.0024449520995490914,0.0,0.0,0.0024449520995490914,0.0024449520995490914,0,9.241283161829834
2023-12-22,BTCUSDT,1.0,-0.006069725424980743,0.0,0.0,-0.006069725424980743,-0.006069725424980743,0,9.185191110463029
2023-12-23,BTCUSDT,1.0,-0.016261438793872096,0.0,0.0,-0.016261438793872096,-0.016261438793872096,0,9.035826687410216
2023-12-24,BTCUSDT,1.0,0.013598734633590404,0.0,0.0,0.013598734633590404,0.013598734633590404,1,9.158702496727422
2023-12-25,TRXUSDT,1.0,-0.026544492726242153,2.0,0.003,-0.029544492726242152,-0.026544492726242153,1,8.888113277431042
2023-12-26,BNBUSDT,1.0,0.08867987907289221,2.0,0.003,0.0856798790728922,0.08867987907289221,1,9.6496457482275
2023-12-27,BNBUSDT,1.0,-0.004628201172477642,0.0,0.0,-0.004628201172477642,-0.004628201172477642,0,9.60498524646156
2023-12-28,BNBUSDT,1.0,-0.027588344699318146,0.0,0.0,-0.027588344699318146,-0.027588344699318146,1,9.339999602650312
2023-12-29,BNBUSDT,1.0,0.010838380618425347,0.0,0.0,0.010838380618425347,0.010838380618425347,1,9.441230073319778
2023-12-30,BNBUSDT,1.0,-0.01671397035635447,0.0,0.0,-0.01671397035635447,-0.01671397035635447,1,9.283429633746788
2023-12-31,BNBUSDT,1.0,0.005452212957023805,0.0,0.0,0.005452212957023805,0.005452212957023805,1,9.334044869081522
2024-01-01,BNBUSDT,1.0,-0.00414673046252001,0.0,0.0,-0.00414673046252001,-0.00414673046252001,0,9.295339100884373
2024-01-02,BNBUSDT,1.0,0.011531069827034113,0.0,0.0,0.011531069827034113,0.011531069827034113,0,9.40252430512263
2024-01-03,BNBUSDT,1.0,0.02501583280557318,0.0,0.0,0.02501583280557318,0.02501583280557318,0,9.637736281089916
2024-01-04,BNBUSDT,1.0,-0.019153537225826356,0.0,0.0,-0.019153537225826356,-0.019153537225826356,1,9.453139540457363
2024-01-05,BNBUSDT,1.0,-0.03149606299212604,0.0,0.0,-0.03149606299212604,-0.03149606299212604,1,9.15540286201776
2024-01-06,BNBUSDT,1.0,-0.016585365853658662,0.0,0.0,-0.016585365853658662,-0.016585365853658662,0,9.003557156013562
2024-01-07,BNBUSDT,1.0,0.004298941798941858,0.0,0.0,0.004298941798941858,0.004298941798941858,1,9.04226292421071
2024-01-08,BNBUSDT,1.0,-0.008561080013170796,0.0,0.0,-0.008561080013170796,-0.008561080013170796,0,8.964851387816415
2024-01-09,BNBUSDT,1.0,0.015609432082364538,0.0,0.0,0.015609432082364538,0.015609432082364538,0,9.104787626683027
2024-01-10,BNBUSDT,1.0,0.007848266841072427,0.0,0.0,0.007848266841072427,0.007848266841072427,0,9.17624442950853
2024-01-11,BNBUSDT,1.0,-0.037637897469175785,0.0,0.0,-0.037637897469175785,-0.037637897469175785,1,8.830869882518593
2024-01-12,BNBUSDT,1.0,0.018880647336479983,0.0,0.0,0.018880647336479983,0.018880647336479983,1,8.99760242244477
2024-01-13,BNBUSDT,1.0,-0.00893448047650558,0.0,0.0,-0.00893448047650558,-0.00893448047650558,1,8.917213519266078
2024-01-14,BNBUSDT,1.0,0.06010016694490816,0.0,0.0,0.06010016694490816,0.06010016694490816,1,9.45313954045736
2024-01-15,BNBUSDT,1.0,-0.007244094488188968,0.0,0.0,-0.007244094488188968,-0.007244094488188968,1,9.384660104416252
2024-01-16,TRXUSDT,1.0,0.002868511150180497,2.0,0.003,-0.00013148884981950288,0.002868511150180497,0,9.383426126253175
2024-01-17,TRXUSDT,1.0,-0.0023066986528880173,0.0,0.0,-0.0023066986528880173,-0.0023066986528880173,0,9.361781389848273
2024-01-18,TRXUSDT,1.0,0.021918061592527405,0.0,0.0,0.021918061592527405,0.021918061592527405,1,9.566973490966745
2024-01-19,TRXUSDT,1.0,-0.003981900452488696,0.0,0.0,-0.003981900452488696,-0.003981900452488696,1,9.528878754894118
2024-01-20,TRXUSDT,1.0,-0.010085407959294912,0.0,0.0,-0.010085407959294912,-0.010085407959294912,1,9.432776125256352
2024-01-21,BNBUSDT,1.0,-0.03986189579409938,2.0,0.003,-0.04286189579409938,-0.03986189579409938,0,9.028469457926546
2024-01-22,TRXUSDT,1.0,-0.01911993413228441,2.0,0.003,-0.02211993413228441,-0.01911993413228441,1,8.828760308201868
2024-01-23,TRXUSDT,1.0,0.014922589069203518,0.0,0.0,0.014922589069203518,0.014922589069203518,1,8.96050827027166
2024-01-24,TRXUSDT,1.0,0.03032530784782206,0.0,0.0,0.03032530784782206,0.03032530784782206,1,9.232238442040604
2024-01-25,TRXUSDT,1.0,0.021048876204067035,0.0,0.0,0.021048876204067035,0.021048876204067035,0,9.426566686093546
2024-01-26,TRXUSDT,1.0,-0.017819706498951815,0.0,0.0,-0.017819706498951815,-0.017819706498951815,0,9.258588034454561
2024-01-27,TRXUSDT,1.0,-0.001778726431874711,0.0,0.0,-0.001778726431874711,-0.001778726431874711,0,9.242119539195839
2024-01-28,TRXUSDT,1.0,0.0071275837491089344,0.0,0.0,0.0071275837491089344,0.0071275837491089344,0,9.307993520230733
2024-01-29,TRXUSDT,1.0,-0.008669497523000613,0.0,0.0,-0.008669497523000613,-0.008669497523000613,0,9.227297893462987
2024-01-30,TRXUSDT,1.0,0.001784758165268574,0.0,0.0,0.001784758165268574,0.001784758165268574,0,9.243766388721712
2024-01-31,TRXUSDT,1.0,0.030108676287190494,0.0,0.0,0.030108676287190494,0.030108676287190494,0,9.522083958594145
2024-02-01,TRXUSDT,1.0,0.005620892424766488,0.0,0.0,0.005620892424766488,0.005620892424766488,1,9.575606568184996
2024-02-02,TRXUSDT,1.0,0.008169232092183343,0.0,0.0,0.008169232092183343,0.008169232092183343,0,9.653831920663935
2024-02-03,TRXUSDT,1.0,0.010150119413169456,0.0,0.0,0.010150119413169456,0.010150119413169456,0,9.751819467453341
2024-02-04,TRXUSDT,1.0,0.004644093557375717,0.0,0.0,0.004644093557375717,0.004644093557375717,1,9.797107829414832
2024-02-05,TRXUSDT,1.0,0.01706169104051103,0.0,0.0,0.01706169104051103,0.01706169104051103,1,9.96426305629088
2024-02-06,TRXUSDT,1.0,0.021403189819023227,0.0,0.0,0.021403189819023227,0.021403189819023227,0,10.177530069891354
2024-02-07,TRXUSDT,1.0,-0.013834951456310751,0.0,0.0,-0.013834951456310751,-0.013834951456310751,0,10.036724435429264
2024-02-08,LINKUSDT,1.0,0.01416648363716222,2.0,0.003,0.01116648363716222,0.01416648363716222,0,10.148799354608192
2024-02-09,LINKUSDT,1.0,0.03324309691391458,0.0,0.0,0.03324309691391458,0.03324309691391458,0,10.486176875113307
2024-02-10,LINKUSDT,1.0,0.055648710962062475,0.0,0.0,0.055648710962062475,0.055648710962062475,0,11.06971910113355
2024-02-11,LINKUSDT,1.0,0.015834408815645684,0.0,0.0,0.015834408815645684,0.015834408815645684,0,11.245001558855261
2024-02-12,LINKUSDT,1.0,-0.02907402882970922,0.0,0.0,-0.02907402882970922,-0.02907402882970922,0,10.918064059342978
2024-02-13,LINKUSDT,1.0,0.018621036738802,0.0,0.0,0.018621036738802,0.018621036738802,0,11.121369731308597
2024-02-14,LINKUSDT,1.0,-0.01521739130434785,0.0,0.0,-0.01521739130434785,-0.01521739130434785,0,10.952131496266944
2024-02-15,LINKUSDT,1.0,-0.019114990969295587,0.0,0.0,-0.019114990969295587,-0.019114990969295587,0,10.742781601621264
2024-02-16,LINKUSDT,1.0,0.02460232213186031,0.0,0.0,0.02460232213186031,0.02460232213186031,0,11.007078975176572
2024-02-17,LINKUSDT,1.0,0.004343051118210761,0.0,0.0,0.004343051118210761,0.004343051118210761,1,11.054883281827948
2024-02-18,LINKUSDT,1.0,-0.014265122520999984,0.0,0.0,-0.014265122520999984,-0.014265122520999984,0,10.897184017357318
2024-02-19,LINKUSDT,1.0,-0.0277833803953208,0.0,0.0,-0.0277833803953208,-0.0277833803953208,1,10.59442340856527
2024-02-20,ETHUSDT,1.0,-0.01555985285971584,2.0,0.003,-0.01855985285971584,-0.01555985285971584,0,10.397792468968769
2024-02-21,ETHUSDT,1.0,0.001179285016341458,0.0,0.0,0.001179285016341458,0.001179285016341458,1,10.410054429830451
2024-02-22,ETHUSDT,1.0,-0.016544389849902474,0.0,0.0,-0.016544389849902474,-0.016544389849902474,1,10.237826430984631
2024-02-23,ETHUSDT,1.0,0.024084264126149835,0.0,0.0,0.024084264126149835,0.024084264126149835,1,10.484396946826143
2024-02-24,ETHUSDT,1.0,0.04008861800028085,0.0,0.0,0.04008861800028085,0.04008861800028085,1,10.904701930990766
2024-02-25,ETHUSDT,1.0,0.020352825139192676,0.0,0.0,0.020352825139192676,0.020352825139192676,0,11.126643422587238
2024-02-26,ETHUSDT,1.0,0.020913493327959554,0.0,0.0,0.020913493327959554,0.020913493327959554,0,11.359340405568101
2024-02-27,ETHUSDT,1.0,0.04340665441221825,0.0,0.0,0.04340665441221825,0.04340665441221825,0,11.852411368903343
2024-02-28,ETHUSDT,1.0,-0.012713192042800858,0.0,0.0,-0.012713192042800858,-0.012713192042800858,0,11.7017293870002
2024-02-29,ETHUSDT,1.0,0.02794535476588944,0.0,0.0,0.02794535476588944,0.02794535476588944,0,12.028738366094354
2024-03-01,ETHUSDT,1.0,-0.0035037848448926656,0.0,0.0,-0.0035037848448926656,-0.0035037848448926656,0,11.986592254904053
2024-03-02,ETHUSDT,1.0,0.01941018296603736,0.0,0.0,0.01941018296603736,0.01941018296603736,1,12.219254203711028
2024-03-03,ETHUSDT,1.0,0.040125465550015615,0.0,0.0,0.040125465550015615,0.040125465550015615,0,12.709557467308919
2024-03-04,ETHUSDT,1.0,-0.020428584029814623,0.0,0.0,-0.020428584029814623,-0.020428584029814623,0,12.44991920460624
2024-03-05,ETHUSDT,1.0,0.07455433146201784,0.0,0.0,0.07455433146201784,0.07455433146201784,0,13.378114607661796
2024-03-06,ETHUSDT,1.0,0.013138357351797358,0.0,0.0,0.013138357351797358,0.013138357351797358,0,13.553881058070557
2024-03-07,ETHUSDT,1.0,0.0037738190014371398,0.0,0.0,0.0037738190014371398,0.0037738190014371398,1,13.605030951950722
2024-03-08,ETHUSDT,1.0,0.0056265708046638885,0.0,0.0,0.0056265708046638885,0.0056265708046638885,0,13.681580621901517
2024-03-09,BNBUSDT,1.0,0.08314560720868314,2.0,0.003,0.08014560720868313,0.08314560720868314,0,14.778099208418368
2024-03-10,BNBUSDT,1.0,-0.011155227831348036,0.0,0.0,-0.011155227831348036,-0.011155227831348036,0,14.613246144834196
2024-03-11,BTCUSDT,1.0,-0.008686272251904659,2.0,0.003,-0.011686272251904658,-0.008686272251904659,0,14.442471771901568
2024-03-12,ETHUSDT,1.0,0.006238756168403636,2.0,0.003,0.0032387561684036363,0.006238756168403636,0,14.489247416439811
2024-03-13,BTCUSDT,1.0,-0.02303838069662678,2.0,0.003,-0.02603838069662678,-0.02303838069662678,0,14.111970876202935
2024-03-14,BTCUSDT,1.0,-0.026461942143979122,0.0,0.0,-0.026461942143979122,-0.026461942143979122,1,13.738540719339335
2024-03-15,BTCUSDT,1.0,-0.06042056205876711,0.0,0.0,-0.06042056205876711,-0.06042056205876711,1,12.908450367209594
2024-03-16,TRXUSDT,1.0,0.007743274527021615,2.0,0.003,0.004743274527021615,0.007743274527021615,1,12.969678691019704
2024-03-17,TRXUSDT,1.0,-0.017110266159695797,0.0,0.0,-0.017110266159695797,-0.017110266159695797,1,12.747764036610622
2024-03-18,CASH,0.0,0.0,1.0,0.0015,-0.0015,0.0,1,12.728642390555708
2024-03-19,CASH,0.0,0.0,0.0,0.0,0.0,0.0,1,12.728642390555708
2024-03-20,CASH,0.0,0.0,0.0,0.0,0.0,0.0,1,12.728642390555708
2024-03-21,CASH,0.0,0.0,0.0,0.0,0.0,0.0,1,12.728642390555708
2024-03-22,CASH,0.0,0.0,0.0,0.0,0.0,0.0,0,12.728642390555708
2024-03-23,CASH,0.0,0.0,0.0,0.0,0.0,0.0,1,12.728642390555708
2024-03-24,CASH,0.0,0.0,0.0,0.0,0.0,0.0,0,12.728642390555708
2024-03-25,CASH,0.0,0.0,0.0,0.0,0.0,0.0,0,12.728642390555708
2024-03-26,CASH,0.0,0.0,0.0,0.0,0.0,0.0,0,12.728642390555708
2024-03-27,CASH,0.0,0.0,0.0,0.0,0.0,0.0,0,12.728642390555708
2024-03-28,CASH,0.0,0.0,0.0,0.0,0.0,0.0,0,12.728642390555708
2024-03-29,CASH,0.0,0.0,0.0,0.0,0.0,0.0,1,12.728642390555708
2024-03-30,CASH,0.0,0.0,0.0,0.0,0.0,0.0,0,12.728642390555708
2024-03-31,CASH,0.0,0.0,0.0,0.0,0.0,0.0,0,12.728642390555708
2024-04-01,CASH,0.0,0.0,0.0,0.0,0.0,0.0,1,12.728642390555708
2024-04-02,CASH,0.0,0.0,0.0,0.0,0.0,0.0,1,12.728642390555708
2024-04-03,CASH,0.0,0.0,0.0,0.0,0.0,0.0,1,12.728642390555708
2024-04-04,CASH,0.0,0.0,0.0,0.0,0.0,0.0,1,12.728642390555708
2024-04-05,CASH,0.0,0.0,0.0,0.0,0.0,0.0,0,12.728642390555708
2024-04-06,CASH,0.0,0.0,0.0,0.0,0.0,0.0,0,12.728642390555708
2024-04-07,CASH,0.0,0.0,0.0,0.0,0.0,0.0,0,12.728642390555708
2024-04-08,CASH,0.0,0.0,0.0,0.0,0.0,0.0,0,12.728642390555708
2024-04-09,CASH,0.0,0.0,0.0,0.0,0.0,0.0,0,12.728642390555708
2024-04-10,CASH,0.0,0.0,0.0,0.0,0.0,0.0,0,12.728642390555708
2024-04-11,CASH,0.0,0.0,0.0,0.0,0.0,0.0,1,12.728642390555708
2024-04-12,CASH,0.0,0.0,0.0,0.0,0.0,0.0,1,12.728642390555708
2024-04-13,CASH,0.0,0.0,0.0,0.0,0.0,0.0,1,12.728642390555708
2024-04-14,CASH,0.0,0.0,0.0,0.0,0.0,0.0,1,12.728642390555708
2024-04-15,CASH,0.0,0.0,0.0,0.0,0.0,0.0,1,12.728642390555708
2024-04-16,CASH,0.0,0.0,0.0,0.0,0.0,0.0,1,12.728642390555708
2024-04-17,CASH,0.0,0.0,0.0,0.0,0.0,0.0,1,12.728642390555708
2024-04-18,CASH,0.0,0.0,0.0,0.0,0.0,0.0,0,12.728642390555708
2024-04-19,CASH,0.0,0.0,0.0,0.0,0.0,0.0,0,12.728642390555708
2024-04-20,CASH,0.0,0.0,0.0,0.0,0.0,0.0,0,12.728642390555708
2024-04-21,CASH,0.0,0.0,0.0,0.0,0.0,0.0,0,12.728642390555708
2024-04-22,CASH,0.0,0.0,0.0,0.0,0.0,0.0,0,12.728642390555708
2024-04-23,CASH,0.0,0.0,0.0,0.0,0.0,0.0,0,12.728642390555708
2024-04-24,CASH,0.0,0.0,0.0,0.0,0.0,0.0,1,12.728642390555708
2024-04-25,CASH,0.0,0.0,0.0,0.0,0.0,0.0,1,12.728642390555708
2024-04-26,CASH,0.0,0.0,0.0,0.0,0.0,0.0,1,12.728642390555708
2024-04-27,CASH,0.0,0.0,0.0,0.0,0.0,0.0,1,12.728642390555708
2024-04-28,CASH,0.0,0.0,0.0,0.0,0.0,0.0,1,12.728642390555708
2024-04-29,CASH,0.0,0.0,0.0,0.0,0.0,0.0,0,12.728642390555708
2024-04-30,CASH,0.0,0.0,0.0,0.0,0.0,0.0,1,12.728642390555708
2024-05-01,CASH,0.0,0.0,0.0,0.0,0.0,0.0,1,12.728642390555708
2024-05-02,CASH,0.0,0.0,0.0,0.0,0.0,0.0,1,12.728642390555708
2024-05-03,CASH,0.0,0.0,0.0,0.0,0.0,0.0,0,12.728642390555708
2024-05-04,CASH,0.0,0.0,0.0,0.0,0.0,0.0,0,12.728642390555708
2024-05-05,CASH,0.0,0.0,0.0,0.0,0.0,0.0,0,12.728642390555708
2024-05-06,CASH,0.0,0.0,0.0,0.0,0.0,0.0,0,12.728642390555708
2024-05-07,CASH,0.0,0.0,0.0,0.0,0.0,0.0,1,12.728642390555708
2024-05-08,CASH,0.0,0.0,0.0,0.0,0.0,0.0,1,12.728642390555708
2024-05-09,CASH,0.0,0.0,0.0,0.0,0.0,0.0,1,12.728642390555708
2024-05-10,CASH,0.0,0.0,0.0,0.0,0.0,0.0,1,12.728642390555708
2024-05-11,CASH,0.0,0.0,0.0,0.0,0.0,0.0,1,12.728642390555708
2024-05-12,CASH,0.0,0.0,0.0,0.0,0.0,0.0,1,12.728642390555708
2024-05-13,CASH,0.0,0.0,0.0,0.0,0.0,0.0,0,12.728642390555708
2024-05-14,CASH,0.0,0.0,0.0,0.0,0.0,0.0,0,12.728642390555708
2024-05-15,CASH,0.0,0.0,0.0,0.0,0.0,0.0,0,12.728642390555708
2024-05-16,CASH,0.0,0.0,0.0,0.0,0.0,0.0,0,12.728642390555708
2024-05-17,CASH,0.0,0.0,0.0,0.0,0.0,0.0,0,12.728642390555708
2024-05-18,CASH,0.0,0.0,0.0,0.0,0.0,0.0,0,12.728642390555708
2024-05-19,CASH,0.0,0.0,0.0,0.0,0.0,0.0,0,12.728642390555708
2024-05-20,BTCUSDT,1.0,-0.018171328468722492,1.0,0.0015,-0.019671328468722493,-0.018171328468722492,0,12.478253085130182
2024-05-21,SOLUSDT,1.0,-0.006735896716250411,2.0,0.003,-0.00973589671625041,-0.006735896716250411,0,12.356766101894122
2024-05-22,SOLUSDT,1.0,-0.004464538005086172,0.0,0.0,-0.004464538005086172,-0.004464538005086172,0,12.301598850012255
2024-05-23,CASH,0.0,0.0,1.0,0.0015,-0.0015,0.0,1,12.283146451737236
2024-05-24,CASH,0.0,0.0,0.0,0.0,0.0,0.0,1,12.283146451737236
2024-05-25,BTCUSDT,1.0,-0.011298795781301996,1.0,0.0015,-0.012798795781301995,-0.011298795781301996,0,12.125936968749627
2024-05-26,CASH,0.0,0.0,1.0,0.0015,-0.0015,0.0,0,12.107748063296503
2024-05-27,SOLUSDT,1.0,-0.008639435791948258,1.0,0.0015,-0.010139435791948257,-0.008639435791948258,0,11.984982329223623
2024-05-28,SOLUSDT,1.0,-0.0021342186388428885,0.0,0.0,-0.0021342186388428885,-0.0021342186388428885,1,11.959403756550392
2024-05-29,CASH,0.0,0.0,1.0,0.0015,-0.0015,0.0,1,11.941464650915567
2024-05-30,CASH,0.0,0.0,0.0,0.0,0.0,0.0,1,11.941464650915567
2024-05-31,CASH,0.0,0.0,0.0,0.0,0.0,0.0,1,11.941464650915567
2024-06-01,CASH,0.0,0.0,0.0,0.0,0.0,0.0,0,11.941464650915567
2024-06-02,CASH,0.0,0.0,0.0,0.0,0.0,0.0,1,11.941464650915567
2024-06-03,CASH,0.0,0.0,0.0,0.0,0.0,0.0,0,11.941464650915567
2024-06-04,CASH,0.0,0.0,0.0,0.0,0.0,0.0,0,11.941464650915567
2024-06-05,CASH,0.0,0.0,0.0,0.0,0.0,0.0,0,11.941464650915567
2024-06-06,CASH,0.0,0.0,0.0,0.0,0.0,0.0,0,11.941464650915567
2024-06-07,CASH,0.0,0.0,0.0,0.0,0.0,0.0,1,11.941464650915567
2024-06-08,CASH,0.0,0.0,0.0,0.0,0.0,0.0,1,11.941464650915567
2024-06-09,CASH,0.0,0.0,0.0,0.0,0.0,0.0,1,11.941464650915567
2024-06-10,CASH,0.0,0.0,0.0,0.0,0.0,0.0,0,11.941464650915567
2024-06-11,CASH,0.0,0.0,0.0,0.0,0.0,0.0,1,11.941464650915567
2024-06-12,CASH,0.0,0.0,0.0,0.0,0.0,0.0,1,11.941464650915567
2024-06-13,CASH,0.0,0.0,0.0,0.0,0.0,0.0,1,11.941464650915567
2024-06-14,CASH,0.0,0.0,0.0,0.0,0.0,0.0,1,11.941464650915567
2024-06-15,CASH,0.0,0.0,0.0,0.0,0.0,0.0,1,11.941464650915567
2024-06-16,CASH,0.0,0.0,0.0,0.0,0.0,0.0,1,11.941464650915567
2024-06-17,CASH,0.0,0.0,0.0,0.0,0.0,0.0,0,11.941464650915567
2024-06-18,CASH,0.0,0.0,0.0,0.0,0.0,0.0,1,11.941464650915567
2024-06-19,CASH,0.0,0.0,0.0,0.0,0.0,0.0,1,11.941464650915567
2024-06-20,CASH,0.0,0.0,0.0,0.0,0.0,0.0,1,11.941464650915567
2024-06-21,CASH,0.0,0.0,0.0,0.0,0.0,0.0,1,11.941464650915567
2024-06-22,CASH,0.0,0.0,0.0,0.0,0.0,0.0,1,11.941464650915567
2024-06-23,CASH,0.0,0.0,0.0,0.0,0.0,0.0,1,11.941464650915567
2024-06-24,CASH,0.0,0.0,0.0,0.0,0.0,0.0,1,11.941464650915567
2024-06-25,CASH,0.0,0.0,0.0,0.0,0.0,0.0,1,11.941464650915567
2024-06-26,CASH,0.0,0.0,0.0,0.0,0.0,0.0,1,11.941464650915567
2024-06-27,CASH,0.0,0.0,0.0,0.0,0.0,0.0,0,11.941464650915567
2024-06-28,CASH,0.0,0.0,0.0,0.0,0.0,0.0,1,11.941464650915567
2024-06-29,CASH,0.0,0.0,0.0,0.0,0.0,0.0,0,11.941464650915567
2024-06-30,CASH,0.0,0.0,0.0,0.0,0.0,0.0,0,11.941464650915567
2024-07-01,CASH,0.0,0.0,0.0,0.0,0.0,0.0,0,11.941464650915567
2024-07-02,CASH,0.0,0.0,0.0,0.0,0.0,0.0,0,11.941464650915567
2024-07-03,CASH,0.0,0.0,0.0,0.0,0.0,0.0,1,11.941464650915567
2024-07-04,CASH,0.0,0.0,0.0,0.0,0.0,0.0,1,11.941464650915567
2024-07-05,CASH,0.0,0.0,0.0,0.0,0.0,0.0,1,11.941464650915567
2024-07-06,CASH,0.0,0.0,0.0,0.0,0.0,0.0,1,11.941464650915567
2024-07-07,CASH,0.0,0.0,0.0,0.0,0.0,0.0,1,11.941464650915567
2024-07-08,CASH,0.0,0.0,0.0,0.0,0.0,0.0,0,11.941464650915567
2024-07-09,CASH,0.0,0.0,0.0,0.0,0.0,0.0,1,11.941464650915567
2024-07-10,CASH,0.0,0.0,0.0,0.0,0.0,0.0,0,11.941464650915567
2024-07-11,CASH,0.0,0.0,0.0,0.0,0.0,0.0,0,11.941464650915567
2024-07-12,CASH,0.0,0.0,0.0,0.0,0.0,0.0,1,11.941464650915567
2024-07-13,CASH,0.0,0.0,0.0,0.0,0.0,0.0,0,11.941464650915567
2024-07-14,CASH,0.0,0.0,0.0,0.0,0.0,0.0,0,11.941464650915567
2024-07-15,CASH,0.0,0.0,0.0,0.0,0.0,0.0,0,11.941464650915567
2024-07-16,CASH,0.0,0.0,0.0,0.0,0.0,0.0,0,11.941464650915567
2024-07-17,CASH,0.0,0.0,0.0,0.0,0.0,0.0,0,11.941464650915567
2024-07-18,CASH,0.0,0.0,0.0,0.0,0.0,0.0,1,11.941464650915567
2024-07-19,CASH,0.0,0.0,0.0,0.0,0.0,0.0,0,11.941464650915567
2024-07-20,CASH,0.0,0.0,0.0,0.0,0.0,0.0,0,11.941464650915567
2024-07-21,CASH,0.0,0.0,0.0,0.0,0.0,0.0,0,11.941464650915567
2024-07-22,CASH,0.0,0.0,0.0,0.0,0.0,0.0,0,11.941464650915567
2024-07-23,CASH,0.0,0.0,0.0,0.0,0.0,0.0,1,11.941464650915567
2024-07-24,CASH,0.0,0.0,0.0,0.0,0.0,0.0,1,11.941464650915567
2024-07-25,CASH,0.0,0.0,0.0,0.0,0.0,0.0,1,11.941464650915567
2024-07-26,CASH,0.0,0.0,0.0,0.0,0.0,0.0,0,11.941464650915567
2024-07-27,CASH,0.0,0.0,0.0,0.0,0.0,0.0,0,11.941464650915567
2024-07-28,CASH,0.0,0.0,0.0,0.0,0.0,0.0,0,11.941464650915567
2024-07-29,CASH,0.0,0.0,0.0,0.0,0.0,0.0,1,11.941464650915567
2024-07-30,CASH,0.0,0.0,0.0,0.0,0.0,0.0,1,11.941464650915567
2024-07-31,CASH,0.0,0.0,0.0,0.0,0.0,0.0,1,11.941464650915567
2024-08-01,CASH,0.0,0.0,0.0,0.0,0.0,0.0,1,11.941464650915567
2024-08-02,CASH,0.0,0.0,0.0,0.0,0.0,0.0,1,11.941464650915567
2024-08-03,CASH,0.0,0.0,0.0,0.0,0.0,0.0,1,11.941464650915567
2024-08-04,CASH,0.0,0.0,0.0,0.0,0.0,0.0,1,11.941464650915567
2024-08-05,CASH,0.0,0.0,0.0,0.0,0.0,0.0,1,11.941464650915567
2024-08-06,CASH,0.0,0.0,0.0,0.0,0.0,0.0,1,11.941464650915567
2024-08-07,CASH,0.0,0.0,0.0,0.0,0.0,0.0,1,11.941464650915567
2024-08-08,CASH,0.0,0.0,0.0,0.0,0.0,0.0,0,11.941464650915567
2024-08-09,CASH,0.0,0.0,0.0,0.0,0.0,0.0,0,11.941464650915567
2024-08-10,CASH,0.0,0.0,0.0,0.0,0.0,0.0,0,11.941464650915567
2024-08-11,CASH,0.0,0.0,0.0,0.0,0.0,0.0,1,11.941464650915567
2024-08-12,CASH,0.0,0.0,0.0,0.0,0.0,0.0,1,11.941464650915567
2024-08-13,CASH,0.0,0.0,0.0,0.0,0.0,0.0,1,11.941464650915567
2024-08-14,CASH,0.0,0.0,0.0,0.0,0.0,0.0,1,11.941464650915567
2024-08-15,CASH,0.0,0.0,0.0,0.0,0.0,0.0,1,11.941464650915567
2024-08-16,CASH,0.0,0.0,0.0,0.0,0.0,0.0,1,11.941464650915567
2024-08-17,CASH,0.0,0.0,0.0,0.0,0.0,0.0,0,11.941464650915567
2024-08-18,CASH,0.0,0.0,0.0,0.0,0.0,0.0,0,11.941464650915567
2024-08-19,CASH,0.0,0.0,0.0,0.0,0.0,0.0,0,11.941464650915567
2024-08-20,CASH,0.0,0.0,0.0,0.0,0.0,0.0,1,11.941464650915567
2024-08-21,CASH,0.0,0.0,0.0,0.0,0.0,0.0,0,11.941464650915567
2024-08-22,CASH,0.0,0.0,0.0,0.0,0.0,0.0,0,11.941464650915567
2024-08-23,CASH,0.0,0.0,0.0,0.0,0.0,0.0,0,11.941464650915567
2024-08-24,CASH,0.0,0.0,0.0,0.0,0.0,0.0,0,11.941464650915567
2024-08-25,CASH,0.0,0.0,0.0,0.0,0.0,0.0,0,11.941464650915567
2024-08-26,CASH,0.0,0.0,0.0,0.0,0.0,0.0,1,11.941464650915567
2024-08-27,CASH,0.0,0.0,0.0,0.0,0.0,0.0,1,11.941464650915567
2024-08-28,CASH,0.0,0.0,0.0,0.0,0.0,0.0,1,11.941464650915567
2024-08-29,CASH,0.0,0.0,0.0,0.0,0.0,0.0,1,11.941464650915567
2024-08-30,CASH,0.0,0.0,0.0,0.0,0.0,0.0,1,11.941464650915567
2024-08-31,CASH,0.0,0.0,0.0,0.0,0.0,0.0,1,11.941464650915567
2024-09-01,CASH,0.0,0.0,0.0,0.0,0.0,0.0,1,11.941464650915567
2024-09-02,CASH,0.0,0.0,0.0,0.0,0.0,0.0,0,11.941464650915567
2024-09-03,CASH,0.0,0.0,0.0,0.0,0.0,0.0,1,11.941464650915567
2024-09-04,CASH,0.0,0.0,0.0,0.0,0.0,0.0,0,11.941464650915567
2024-09-05,CASH,0.0,0.0,0.0,0.0,0.0,0.0,1,11.941464650915567
2024-09-06,CASH,0.0,0.0,0.0,0.0,0.0,0.0,1,11.941464650915567
2024-09-07,CASH,0.0,0.0,0.0,0.0,0.0,0.0,1,11.941464650915567
2024-09-08,CASH,0.0,0.0,0.0,0.0,0.0,0.0,1,11.941464650915567
2024-09-09,CASH,0.0,0.0,0.0,0.0,0.0,0.0,0,11.941464650915567
2024-09-10,CASH,0.0,0.0,0.0,0.0,0.0,0.0,0,11.941464650915567
2024-09-11,CASH,0.0,0.0,0.0,0.0,0.0,0.0,0,11.941464650915567
2024-09-12,CASH,0.0,0.0,0.0,0.0,0.0,0.0,0,11.941464650915567
2024-09-13,CASH,0.0,0.0,0.0,0.0,0.0,0.0,0,11.941464650915567
2024-09-14,CASH,0.0,0.0,0.0,0.0,0.0,0.0,0,11.941464650915567
2024-09-15,CASH,0.0,0.0,0.0,0.0,0.0,0.0,0,11.941464650915567
2024-09-16,CASH,0.0,0.0,0.0,0.0,0.0,0.0,1,11.941464650915567
2024-09-17,CASH,0.0,0.0,0.0,0.0,0.0,0.0,0,11.941464650915567
2024-09-18,CASH,0.0,0.0,0.0,0.0,0.0,0.0,0,11.941464650915567
2024-09-19,CASH,0.0,0.0,0.0,0.0,0.0,0.0,0,11.941464650915567
2024-09-20,CASH,0.0,0.0,0.0,0.0,0.0,0.0,0,11.941464650915567
2024-09-21,CASH,0.0,0.0,0.0,0.0,0.0,0.0,0,11.941464650915567
2024-09-22,CASH,0.0,0.0,0.0,0.0,0.0,0.0,0,11.941464650915567
2024-09-23,CASH,0.0,0.0,0.0,0.0,0.0,0.0,0,11.941464650915567
2024-09-24,CASH,0.0,0.0,0.0,0.0,0.0,0.0,0,11.941464650915567
2024-09-25,CASH,0.0,0.0,0.0,0.0,0.0,0.0,1,11.941464650915567
2024-09-26,CASH,0.0,0.0,0.0,0.0,0.0,0.0,0,11.941464650915567
2024-09-27,CASH,0.0,0.0,0.0,0.0,0.0,0.0,0,11.941464650915567
2024-09-28,CASH,0.0,0.0,0.0,0.0,0.0,0.0,0,11.941464650915567
2024-09-29,CASH,0.0,0.0,0.0,0.0,0.0,0.0,0,11.941464650915567
2024-09-30,CASH,0.0,0.0,0.0,0.0,0.0,0.0,1,11.941464650915567
2024-10-01,CASH,0.0,0.0,0.0,0.0,0.0,0.0,1,11.941464650915567
2024-10-02,CASH,0.0,0.0,0.0,0.0,0.0,0.0,1,11.941464650915567
2024-10-03,CASH,0.0,0.0,0.0,0.0,0.0,0.0,1,11.941464650915567
2024-10-04,CASH,0.0,0.0,0.0,0.0,0.0,0.0,0,11.941464650915567
2024-10-05,CASH,0.0,0.0,0.0,0.0,0.0,0.0,0,11.941464650915567
2024-10-06,CASH,0.0,0.0,0.0,0.0,0.0,0.0,0,11.941464650915567
2024-10-07,CASH,0.0,0.0,0.0,0.0,0.0,0.0,0,11.941464650915567
2024-10-08,CASH,0.0,0.0,0.0,0.0,0.0,0.0,0,11.941464650915567
2024-10-09,CASH,0.0,0.0,0.0,0.0,0.0,0.0,1,11.941464650915567
2024-10-10,CASH,0.0,0.0,0.0,0.0,0.0,0.0,1,11.941464650915567
2024-10-11,CASH,0.0,0.0,0.0,0.0,0.0,0.0,0,11.941464650915567
2024-10-12,CASH,0.0,0.0,0.0,0.0,0.0,0.0,0,11.941464650915567
2024-10-13,CASH,0.0,0.0,0.0,0.0,0.0,0.0,0,11.941464650915567
2024-10-14,CASH,0.0,0.0,0.0,0.0,0.0,0.0,0,11.941464650915567
2024-10-15,CASH,0.0,0.0,0.0,0.0,0.0,0.0,0,11.941464650915567
2024-10-16,CASH,0.0,0.0,0.0,0.0,0.0,0.0,0,11.941464650915567
2024-10-17,CASH,0.0,0.0,0.0,0.0,0.0,0.0,0,11.941464650915567
2024-10-18,CASH,0.0,0.0,0.0,0.0,0.0,0.0,0,11.941464650915567
2024-10-19,CASH,0.0,0.0,0.0,0.0,0.0,0.0,0,11.941464650915567
2024-10-20,CASH,0.0,0.0,0.0,0.0,0.0,0.0,0,11.941464650915567
2024-10-21,CASH,0.0,0.0,0.0,0.0,0.0,0.0,1,11.941464650915567
2024-10-22,CASH,0.0,0.0,0.0,0.0,0.0,0.0,1,11.941464650915567
2024-10-23,CASH,0.0,0.0,0.0,0.0,0.0,0.0,1,11.941464650915567
2024-10-24,CASH,0.0,0.0,0.0,0.0,0.0,0.0,0,11.941464650915567
2024-10-25,CASH,0.0,0.0,0.0,0.0,0.0,0.0,1,11.941464650915567
2024-10-26,CASH,0.0,0.0,0.0,0.0,0.0,0.0,0,11.941464650915567
2024-10-27,CASH,0.0,0.0,0.0,0.0,0.0,0.0,1,11.941464650915567
2024-10-28,CASH,0.0,0.0,0.0,0.0,0.0,0.0,0,11.941464650915567
2024-10-29,CASH,0.0,0.0,0.0,0.0,0.0,0.0,0,11.941464650915567
2024-10-30,CASH,0.0,0.0,0.0,0.0,0.0,0.0,0,11.941464650915567
2024-10-31,CASH,0.0,0.0,0.0,0.0,0.0,0.0,0,11.941464650915567
2024-11-01,CASH,0.0,0.0,0.0,0.0,0.0,0.0,1,11.941464650915567
2024-11-02,CASH,0.0,0.0,0.0,0.0,0.0,0.0,1,11.941464650915567
2024-11-03,CASH,0.0,0.0,0.0,0.0,0.0,0.0,1,11.941464650915567
2024-11-04,CASH,0.0,0.0,0.0,0.0,0.0,0.0,1,11.941464650915567
2024-11-05,CASH,0.0,0.0,0.0,0.0,0.0,0.0,1,11.941464650915567
2024-11-06,CASH,0.0,0.0,0.0,0.0,0.0,0.0,0,11.941464650915567
2024-11-07,TRXUSDT,1.0,0.004996876951905094,1.0,0.0015,0.0034968769519050937,0.004996876951905094,0,11.983222483425342
2024-11-08,SOLUSDT,1.0,0.0002001501125843408,2.0,0.003,-0.0027998498874156593,0.0002001501125843408,0,11.949671259304246
2024-11-09,SOLUSDT,1.0,0.050928010405723256,0.0,0.0,0.050928010405723256,0.050928010405723256,0,12.558244241543065
2024-11-10,SOLUSDT,1.0,0.057409434950254745,0.0,0.0,0.057409434950254745,0.057409434950254745,0,13.279205947417342
2024-11-11,SOLUSDT,1.0,-0.04722459820825642,0.0,0.0,-0.04722459820825642,-0.04722459820825642,0,12.652100782025869
2024-11-12,BTCUSDT,1.0,0.027551274837266382,2.0,0.003,0.024551274837266383,0.027551274837266382,0,12.96272598559418
2024-11-13,BTCUSDT,1.0,-0.03374388106471693,0.0,0.0,-0.03374388106471693,-0.03374388106471693,0,12.525313301661773
2024-11-14,BTCUSDT,1.0,0.04244437398018164,0.0,0.0,0.04244437398018164,0.04244437398018164,1,13.05694238365645
2024-11-15,BTCUSDT,1.0,-0.004890034907478302,0.0,0.0,-0.004890034907478302,-0.004890034907478302,0,12.993093479615437
2024-11-16,BTCUSDT,1.0,-0.008068824947354392,0.0,0.0,-0.008068824947354392,-0.008068824947354392,0,12.88825448280381
2024-11-17,SOLUSDT,1.0,0.009769655114330256,2.0,0.003,0.006769655114330256,0.009769655114330256,0,12.975503520678114
2024-11-18,BTCUSDT,1.0,0.020413737695668788,2.0,0.003,0.01741373769566879,0.020413737695668788,1,13.20145553545643
2024-11-19,BTCUSDT,1.0,0.02140345673566446,0.0,0.0,0.02140345673566446,0.02140345673566446,0,13.48401231785737
2024-11-20,BTCUSDT,1.0,0.04274798019993509,0.0,0.0,0.04274798019993509,0.04274798019993509,0,14.060426609436819
2024-11-21,BTCUSDT,1.0,0.0058472013826280644,0.0,0.0,0.0058472013826280644,0.0058472013826280644,0,14.142640755347859
2024-11-22,BTCUSDT,1.0,-0.012332645714516866,0.0,0.0,-0.012332645714516866,-0.012332645714516866,0,13.968224577444467
2024-11-23,BTCUSDT,1.0,0.002330648166728677,0.0,0.0,0.002330648166728677,0.002330648166728677,0,14.000779594448343
2024-11-24,BTCUSDT,1.0,-0.04994921350389636,0.0,0.0,-0.04994921350389636,-0.04994921350389636,1,13.301451665264247
2024-11-25,BTCUSDT,1.0,-0.011233737099909935,0.0,0.0,-0.011233737099909935,-0.011233737099909935,1,13.152026654209509
2024-11-26,BTCUSDT,1.0,0.04238507278190995,0.0,0.0,0.04238507278190995,0.04238507278190995,1,13.709476261177798
2024-11-27,BTCUSDT,1.0,-0.002285863665387078,0.0,0.0,-0.002285863665387078,-0.002285863665387078,1,13.678138267520884
2024-11-28,BTCUSDT,1.0,0.018987290156683212,0.0,0.0,0.018987290156683212,0.018987290156683212,0,13.937849047609536
2024-11-29,BTCUSDT,1.0,-0.010794274574184248,0.0,0.0,-0.010794274574184248,-0.010794274574184248,0,13.787400078016105
2024-11-30,TRXUSDT,1.0,0.011224987798926334,2.0,0.003,0.008224987798926334,0.011224987798926334,0,13.900801275436706
2024-12-01,TRXUSDT,1.0,0.06660231660231664,0.0,0.0,0.06660231660231664,0.06660231660231664,0,14.826626843009228
2024-12-02,TRXUSDT,1.0,0.9610859728506786,0.0,0.0,0.9610859728506786,0.9610859728506786,1,29.076289926516736
2024-12-03,ETHUSDT,1.0,0.06177600836627928,2.0,0.003,0.058776008366279275,0.06177600836627928,1,30.785278186498044
2024-12-04,ETHUSDT,1.0,-0.013705768930116324,0.0,0.0,-0.013705768930116324,-0.013705768930116324,0,30.36334227722455
2024-12-05,ETHUSDT,1.0,0.05644880059177848,0.0,0.0,0.05644880059177848,0.05644880059177848,0,32.077316530731515
2024-12-06,ETHUSDT,1.0,-0.0006626872091366476,0.0,0.0,-0.0006626872091366476,-0.0006626872091366476,0,32.05605930336317
2024-12-07,ETHUSDT,1.0,0.0019843752345967136,0.0,0.0,0.0019843752345967136,0.0019843752345967136,0,32.11967055356353
2024-12-08,ETHUSDT,1.0,-0.0729618021302898,0.0,0.0,-0.0729618021302898,-0.0729618021302898,0,29.776161506144334
2024-12-09,ETHUSDT,1.0,-0.022561961206896575,0.0,0.0,-0.022561961206896575,-0.022561961206896575,1,29.104352905352417
2024-12-10,ETHUSDT,1.0,0.056104182457107354,0.0,0.0,0.056104182457107354,0.056104182457107354,1,30.737228831050352
2024-12-11,ETHUSDT,1.0,0.01299646903160645,0.0,0.0,0.01299646903160645,0.01299646903160645,0,31.1367042736705
2024-12-12,ETHUSDT,1.0,0.006489575202042408,0.0,0.0,0.006489575202042408,0.006489575202042408,0,31.33876825759824
2024-12-13,ETHUSDT,1.0,-0.00934524418961813,0.0,0.0,-0.00934524418961813,-0.00934524418961813,0,31.04589981562913
2024-12-14,ETHUSDT,1.0,0.022944017114996607,0.0,0.0,0.022944017114996607,0.022944017114996607,0,31.758217472349397
2024-12-15,ETHUSDT,1.0,0.006857636477069162,0.0,0.0,0.006857636477069162,0.006857636477069162,0,31.976003782934477
2024-12-16,ETHUSDT,1.0,-0.02338795456369902,0.0,0.0,-0.02338795456369902,-0.02338795456369902,0,31.228150459330536
2024-12-17,BTCUSDT,1.0,-0.0558703575319216,2.0,0.003,-0.0588703575319216,-0.0558703575319216,0,29.389738076729106
2024-12-18,BTCUSDT,1.0,-0.027365671293993032,0.0,0.0,-0.027365671293993032,-0.027365671293993032,1,28.585468165104785
2024-12-19,ETHUSDT,1.0,0.016154474233320837,2.0,0.003,0.013154474233320838,0.016154474233320837,1,28.961494969530072
2024-12-20,BTCUSDT,1.0,-0.005249707991702657,2.0,0.003,-0.008249707991702656,-0.005249707991702657,1,28.722571093028282
2024-12-21,BTCUSDT,1.0,-0.02164330280426996,0.0,0.0,-0.02164330280426996,-0.02164330280426996,1,28.1009197895447
2024-12-22,BTCUSDT,1.0,-0.003202142493870186,0.0,0.0,-0.003202142493870186,-0.003202142493870186,1,28.010936640169763
2024-12-23,BTCUSDT,1.0,0.03986141867321402,0.0,0.0,0.03986141867321402,0.03986141867321402,1,29.127492313012443
2024-12-24,BTCUSDT,1.0,0.0077639591022340415,0.0,0.0,0.0077639591022340415,0.0077639591022340415,0,29.353636972081308
2024-12-25,BTCUSDT,1.0,-0.03658870195595676,0.0,0.0,-0.03658870195595676,-0.03658870195595676,0,28.279625497586473
2024-12-26,BTCUSDT,1.0,-0.01558142885179914,0.0,0.0,-0.01558142885179914,-0.01558142885179914,0,27.838988524940305
2024-12-27,BTCUSDT,1.0,0.01061484937862045,0.0,0.0,0.01061484937862045,0.01061484937862045,1,28.13449519498569
2024-12-28,BNBUSDT,1.0,-0.0379710024510822,2.0,0.003,-0.040971002451082206,-0.0379710024510822,1,26.98179672339197
2024-12-29,BNBUSDT,1.0,0.015330137755322326,0.0,0.0,0.015330137755322326,0.015330137755322326,1,27.395431384047672
2024-12-30,BNBUSDT,1.0,-0.004338210275603993,0.0,0.0,-0.004338210275603993,-0.004338210275603993,1,27.276584242112794
2024-12-31,BNBUSDT,1.0,0.007888366794817081,0.0,0.0,0.007888366794817081,0.007888366794817081,1,27.491751943524307
2025-01-01,BNBUSDT,1.0,-0.002246270343580492,0.0,0.0,-0.002246270343580492,-0.002246270343580492,0,27.429998036440498
2025-01-02,BNBUSDT,1.0,0.01221946902654869,0.0,0.0,0.01221946902654869,0.01221946902654869,0,27.765178047845072
2025-01-03,BNBUSDT,1.0,-0.0020562891674127393,0.0,0.0,-0.0020562891674127393,-0.0020562891674127393,0,27.708084812994002
2025-01-04,BNBUSDT,1.0,-0.005775080248384579,0.0,0.0,-0.005775080248384579,-0.005775080248384579,0,27.548068399669916
2025-01-05,BNBUSDT,1.0,0.02838049316922553,0.0,0.0,0.02838049316922553,0.02838049316922553,0,28.329896166712107
2025-01-06,BTCUSDT,1.0,-0.05165509861535522,2.0,0.003,-0.054655098615355224,-0.05165509861535522,0,26.781522897957682
2025-01-07,BNBUSDT,1.0,-0.002836635578286839,2.0,0.003,-0.005836635578286839,-0.002836635578286839,1,26.62520890857076
2025-01-08,BNBUSDT,1.0,-0.015157392641121703,0.0,0.0,-0.015157392641121703,-0.015157392641121703,1,26.221640162991662
2025-01-09,BNBUSDT,1.0,0.011276769562934108,0.0,0.0,0.011276769562934108,0.011276769562934108,1,26.517335556671895
2025-01-10,BNBUSDT,1.0,0.005034549415040113,0.0,0.0,0.005034549415040113,0.005034549415040113,1,26.65083839288716
2025-01-11,XRPUSDT,1.0,-0.02786834342493405,2.0,0.003,-0.03086834342493405,-0.02786834342493405,1,25.828171160813103
2025-01-12,XRPUSDT,1.0,0.007426335542601636,0.0,0.0,0.007426335542601636,0.007426335542601636,0,26.019979826305047
2025-01-13,XRPUSDT,1.0,0.05711001902346213,0.0,0.0,0.05711001902346213,0.05711001902346213,1,27.50598136917543
2025-01-14,XRPUSDT,1.0,0.17830765193266607,0.0,0.0,0.17830765193266607,0.17830765193266607,0,32.41050832121676
2025-01-15,BTCUSDT,1.0,-0.005075258203325772,2.0,0.003,-0.008075258203325771,-0.005075258203325772,0,32.1487850980219
2025-01-16,SOLUSDT,1.0,0.03964194373401542,2.0,0.003,0.036641943734015414,0.03964194373401542,0,33.32677907270057
2025-01-17,SOLUSDT,1.0,0.19343082319712113,0.0,0.0,0.19343082319712113,0.19343082319712113,0,39.773205383241624
2025-01-18,BTCUSDT,1.0,-0.030841395103859304,2.0,0.003,-0.033841395103859306,-0.030841395103859304,0,38.4272246253204
2025-01-19,BTCUSDT,1.0,0.009162396279856155,0.0,0.0,0.009162396279856155,0.009162396279856155,0,38.779310085272634
2025-01-20,BTCUSDT,1.0,0.03797975376689289,0.0,0.0,0.03797975376689289,0.03797975376689289,1,40.252138733561274
2025-01-21,BTCUSDT,1.0,-0.022960922265658046,0.0,0.0,-0.022960922265658046,-0.022960922265658046,0,39.32791250507349
2025-01-22,BTCUSDT,1.0,0.0019640011547956693,0.0,0.0,0.0019640011547956693,0.0019640011547956693,0,39.40515257064916
2025-01-23,BTCUSDT,1.0,0.009240273874573157,0.0,0.0,0.009240273874573157,0.009240273874573157,0,39.76926697247129
2025-01-24,BTCUSDT,1.0,-0.0011790732379457491,0.0,0.0,-0.0011790732379457491,-0.0011790732379457491,1,39.72237609409133
2025-01-25,BTCUSDT,1.0,-0.020304667873067395,0.0,0.0,-0.020304667873067395,-0.020304667873067395,0,38.91582644037173
2025-01-26,BNBUSDT,1.0,0.018535445105413828,2.0,0.003,0.015535445105413829,0.018535445105413828,1,39.52040112576794
2025-01-27,BNBUSDT,1.0,-0.027142731044222823,0.0,0.0,-0.027142731044222823,-0.027142731044222823,1,38.44770950725142
2025-01-28,BNBUSDT,1.0,0.010101468342179842,0.0,0.0,0.010101468342179842,0.010101468342179842,1,38.836087827668244
2025-01-29,BTCUSDT,1.0,0.00954081835292131,2.0,0.003,0.00654081835292131,0.00954081835292131,0,39.090107623687125
2025-01-30,BTCUSDT,1.0,-0.021899499765762886,0.0,0.0,-0.021899499765762886,-0.021899499765762886,0,38.23405382093854
2025-01-31,BTCUSDT,1.0,-0.01751359666096397,0.0,0.0,-0.01751359666096397,-0.01751359666096397,0,37.564438023605035
2025-02-01,BTCUSDT,1.0,-0.029165211334154395,0.0,0.0,-0.029165211334154395,-0.029165211334154395,1,36.46886324999785
2025-02-02,CASH,0.0,0.0,1.0,0.0015,-0.0015,0.0,1,36.414159955122855
2025-02-03,BTCUSDT,1.0,-0.03518644109279401,1.0,0.0015,-0.03668644109279401,-0.03518644109279401,1,35.07825402098566
2025-02-04,CASH,0.0,0.0,1.0,0.0015,-0.0015,0.0,1,35.025636639954186
2025-02-05,CASH,0.0,0.0,0.0,0.0,0.0,0.0,1,35.025636639954186
2025-02-06,CASH,0.0,0.0,0.0,0.0,0.0,0.0,1,35.025636639954186
2025-02-07,CASH,0.0,0.0,0.0,0.0,0.0,0.0,1,35.025636639954186
2025-02-08,CASH,0.0,0.0,0.0,0.0,0.0,0.0,1,35.025636639954186
2025-02-09,CASH,0.0,0.0,0.0,0.0,0.0,0.0,1,35.025636639954186
2025-02-10,CASH,0.0,0.0,0.0,0.0,0.0,0.0,0,35.025636639954186
2025-02-11,CASH,0.0,0.0,0.0,0.0,0.0,0.0,1,35.025636639954186
2025-02-12,CASH,0.0,0.0,0.0,0.0,0.0,0.0,0,35.025636639954186
2025-02-13,CASH,0.0,0.0,0.0,0.0,0.0,0.0,1,35.025636639954186
2025-02-14,CASH,0.0,0.0,0.0,0.0,0.0,0.0,0,35.025636639954186
2025-02-15,CASH,0.0,0.0,0.0,0.0,0.0,0.0,1,35.025636639954186
2025-02-16,CASH,0.0,0.0,0.0,0.0,0.0,0.0,1,35.025636639954186
2025-02-17,CASH,0.0,0.0,0.0,0.0,0.0,0.0,1,35.025636639954186
2025-02-18,CASH,0.0,0.0,0.0,0.0,0.0,0.0,1,35.025636639954186
2025-02-19,CASH,0.0,0.0,0.0,0.0,0.0,0.0,0,35.025636639954186
2025-02-20,CASH,0.0,0.0,0.0,0.0,0.0,0.0,0,35.025636639954186
2025-02-21,CASH,0.0,0.0,0.0,0.0,0.0,0.0,0,35.025636639954186
2025-02-22,CASH,0.0,0.0,0.0,0.0,0.0,0.0,1,35.025636639954186
2025-02-23,CASH,0.0,0.0,0.0,0.0,0.0,0.0,1,35.025636639954186
2025-02-24,CASH,0.0,0.0,0.0,0.0,0.0,0.0,1,35.025636639954186
2025-02-25,CASH,0.0,0.0,0.0,0.0,0.0,0.0,1,35.025636639954186
2025-02-26,CASH,0.0,0.0,0.0,0.0,0.0,0.0,1,35.025636639954186
2025-02-27,CASH,0.0,0.0,0.0,0.0,0.0,0.0,1,35.025636639954186
2025-02-28,CASH,0.0,0.0,0.0,0.0,0.0,0.0,1,35.025636639954186
2025-03-01,CASH,0.0,0.0,0.0,0.0,0.0,0.0,0,35.025636639954186
2025-03-02,CASH,0.0,0.0,0.0,0.0,0.0,0.0,0,35.025636639954186
2025-03-03,CASH,0.0,0.0,0.0,0.0,0.0,0.0,0,35.025636639954186
2025-03-04,CASH,0.0,0.0,0.0,0.0,0.0,0.0,0,35.025636639954186
2025-03-05,CASH,0.0,0.0,0.0,0.0,0.0,0.0,1,35.025636639954186
2025-03-06,CASH,0.0,0.0,0.0,0.0,0.0,0.0,0,35.025636639954186
2025-03-07,CASH,0.0,0.0,0.0,0.0,0.0,0.0,1,35.025636639954186
2025-03-08,CASH,0.0,0.0,0.0,0.0,0.0,0.0,1,35.025636639954186
2025-03-09,CASH,0.0,0.0,0.0,0.0,0.0,0.0,1,35.025636639954186
2025-03-10,CASH,0.0,0.0,0.0,0.0,0.0,0.0,1,35.025636639954186
2025-03-11,CASH,0.0,0.0,0.0,0.0,0.0,0.0,1,35.025636639954186
2025-03-12,CASH,0.0,0.0,0.0,0.0,0.0,0.0,0,35.025636639954186
2025-03-13,CASH,0.0,0.0,0.0,0.0,0.0,0.0,0,35.025636639954186
2025-03-14,CASH,0.0,0.0,0.0,0.0,0.0,0.0,0,35.025636639954186
2025-03-15,CASH,0.0,0.0,0.0,0.0,0.0,0.0,0,35.025636639954186
2025-03-16,CASH,0.0,0.0,0.0,0.0,0.0,0.0,0,35.025636639954186
2025-03-17,CASH,0.0,0.0,0.0,0.0,0.0,0.0,0,35.025636639954186
2025-03-18,CASH,0.0,0.0,0.0,0.0,0.0,0.0,1,35.025636639954186
2025-03-19,CASH,0.0,0.0,0.0,0.0,0.0,0.0,0,35.025636639954186
2025-03-20,CASH,0.0,0.0,0.0,0.0,0.0,0.0,0,35.025636639954186
2025-03-21,CASH,0.0,0.0,0.0,0.0,0.0,0.0,0,35.025636639954186
2025-03-22,CASH,0.0,0.0,0.0,0.0,0.0,0.0,1,35.025636639954186
2025-03-23,CASH,0.0,0.0,0.0,0.0,0.0,0.0,0,35.025636639954186
2025-03-24,CASH,0.0,0.0,0.0,0.0,0.0,0.0,0,35.025636639954186
2025-03-25,CASH,0.0,0.0,0.0,0.0,0.0,0.0,0,35.025636639954186
2025-03-26,CASH,0.0,0.0,0.0,0.0,0.0,0.0,0,35.025636639954186
2025-03-27,CASH,0.0,0.0,0.0,0.0,0.0,0.0,1,35.025636639954186
2025-03-28,CASH,0.0,0.0,0.0,0.0,0.0,0.0,1,35.025636639954186
2025-03-29,CASH,0.0,0.0,0.0,0.0,0.0,0.0,1,35.025636639954186
2025-03-30,CASH,0.0,0.0,0.0,0.0,0.0,0.0,1,35.025636639954186
2025-03-31,CASH,0.0,0.0,0.0,0.0,0.0,0.0,1,35.025636639954186
2025-04-01,CASH,0.0,0.0,0.0,0.0,0.0,0.0,0,35.025636639954186
2025-04-02,CASH,0.0,0.0,0.0,0.0,0.0,0.0,0,35.025636639954186
2025-04-03,CASH,0.0,0.0,0.0,0.0,0.0,0.0,0,35.025636639954186
2025-04-04,CASH,0.0,0.0,0.0,0.0,0.0,0.0,1,35.025636639954186
2025-04-05,CASH,0.0,0.0,0.0,0.0,0.0,0.0,0,35.025636639954186
2025-04-06,CASH,0.0,0.0,0.0,0.0,0.0,0.0,1,35.025636639954186
2025-04-07,CASH,0.0,0.0,0.0,0.0,0.0,0.0,1,35.025636639954186
2025-04-08,CASH,0.0,0.0,0.0,0.0,0.0,0.0,1,35.025636639954186
2025-04-09,CASH,0.0,0.0,0.0,0.0,0.0,0.0,0,35.025636639954186
2025-04-10,CASH,0.0,0.0,0.0,0.0,0.0,0.0,0,35.025636639954186
2025-04-11,CASH,0.0,0.0,0.0,0.0,0.0,0.0,0,35.025636639954186
2025-04-12,CASH,0.0,0.0,0.0,0.0,0.0,0.0,0,35.025636639954186
2025-04-13,CASH,0.0,0.0,0.0,0.0,0.0,0.0,0,35.025636639954186
2025-04-14,CASH,0.0,0.0,0.0,0.0,0.0,0.0,0,35.025636639954186
2025-04-15,CASH,0.0,0.0,0.0,0.0,0.0,0.0,1,35.025636639954186
2025-04-16,CASH,0.0,0.0,0.0,0.0,0.0,0.0,0,35.025636639954186
2025-04-17,CASH,0.0,0.0,0.0,0.0,0.0,0.0,0,35.025636639954186
2025-04-18,CASH,0.0,0.0,0.0,0.0,0.0,0.0,0,35.025636639954186
2025-04-19,CASH,0.0,0.0,0.0,0.0,0.0,0.0,0,35.025636639954186
2025-04-20,CASH,0.0,0.0,0.0,0.0,0.0,0.0,0,35.025636639954186
2025-04-21,CASH,0.0,0.0,0.0,0.0,0.0,0.0,0,35.025636639954186
2025-04-22,CASH,0.0,0.0,0.0,0.0,0.0,0.0,0,35.025636639954186
2025-04-23,CASH,0.0,0.0,0.0,0.0,0.0,0.0,0,35.025636639954186
2025-04-24,CASH,0.0,0.0,0.0,0.0,0.0,0.0,0,35.025636639954186
2025-04-25,CASH,0.0,0.0,0.0,0.0,0.0,0.0,0,35.025636639954186
2025-04-26,CASH,0.0,0.0,0.0,0.0,0.0,0.0,0,35.025636639954186
2025-04-27,CASH,0.0,0.0,0.0,0.0,0.0,0.0,1,35.025636639954186
2025-04-28,CASH,0.0,0.0,0.0,0.0,0.0,0.0,0,35.025636639954186
2025-04-29,CASH,0.0,0.0,0.0,0.0,0.0,0.0,1,35.025636639954186
2025-04-30,CASH,0.0,0.0,0.0,0.0,0.0,0.0,0,35.025636639954186
2025-05-01,CASH,0.0,0.0,0.0,0.0,0.0,0.0,0,35.025636639954186
2025-05-02,CASH,0.0,0.0,0.0,0.0,0.0,0.0,0,35.025636639954186
2025-05-03,CASH,0.0,0.0,0.0,0.0,0.0,0.0,0,35.025636639954186
2025-05-04,CASH,0.0,0.0,0.0,0.0,0.0,0.0,1,35.025636639954186
2025-05-05,CASH,0.0,0.0,0.0,0.0,0.0,0.0,1,35.025636639954186
2025-05-06,CASH,0.0,0.0,0.0,0.0,0.0,0.0,0,35.025636639954186
2025-05-07,CASH,0.0,0.0,0.0,0.0,0.0,0.0,0,35.025636639954186
2025-05-08,CASH,0.0,0.0,0.0,0.0,0.0,0.0,0,35.025636639954186
2025-05-09,CASH,0.0,0.0,0.0,0.0,0.0,0.0,0,35.025636639954186
2025-05-10,CASH,0.0,0.0,0.0,0.0,0.0,0.0,0,35.025636639954186
2025-05-11,CASH,0.0,0.0,0.0,0.0,0.0,0.0,0,35.025636639954186
2025-05-12,CASH,0.0,0.0,0.0,0.0,0.0,0.0,1,35.025636639954186
2025-05-13,CASH,0.0,0.0,0.0,0.0,0.0,0.0,1,35.025636639954186
2025-05-14,CASH,0.0,0.0,0.0,0.0,0.0,0.0,1,35.025636639954186
2025-05-15,CASH,0.0,0.0,0.0,0.0,0.0,0.0,0,35.025636639954186
2025-05-16,CASH,0.0,0.0,0.0,0.0,0.0,0.0,1,35.025636639954186
2025-05-17,CASH,0.0,0.0,0.0,0.0,0.0,0.0,1,35.025636639954186
2025-05-18,CASH,0.0,0.0,0.0,0.0,0.0,0.0,0,35.025636639954186
2025-05-19,CASH,0.0,0.0,0.0,0.0,0.0,0.0,0,35.025636639954186
2025-05-20,CASH,0.0,0.0,0.0,0.0,0.0,0.0,0,35.025636639954186
2025-05-21,CASH,0.0,0.0,0.0,0.0,0.0,0.0,0,35.025636639954186
2025-05-22,CASH,0.0,0.0,0.0,0.0,0.0,0.0,0,35.025636639954186
2025-05-23,CASH,0.0,0.0,0.0,0.0,0.0,0.0,0,35.025636639954186
2025-05-24,CASH,0.0,0.0,0.0,0.0,0.0,0.0,1,35.025636639954186
2025-05-25,CASH,0.0,0.0,0.0,0.0,0.0,0.0,1,35.025636639954186
2025-05-26,CASH,0.0,0.0,0.0,0.0,0.0,0.0,0,35.025636639954186
2025-05-27,CASH,0.0,0.0,0.0,0.0,0.0,0.0,0,35.025636639954186
2025-05-28,CASH,0.0,0.0,0.0,0.0,0.0,0.0,1,35.025636639954186
2025-05-29,CASH,0.0,0.0,0.0,0.0,0.0,0.0,1,35.025636639954186
2025-05-30,CASH,0.0,0.0,0.0,0.0,0.0,0.0,1,35.025636639954186
2025-05-31,CASH,0.0,0.0,0.0,0.0,0.0,0.0,1,35.025636639954186
2025-06-01,CASH,0.0,0.0,0.0,0.0,0.0,0.0,0,35.025636639954186
2025-06-02,CASH,0.0,0.0,0.0,0.0,0.0,0.0,0,35.025636639954186
2025-06-03,CASH,0.0,0.0,0.0,0.0,0.0,0.0,0,35.025636639954186
2025-06-04,CASH,0.0,0.0,0.0,0.0,0.0,0.0,1,35.025636639954186
2025-06-05,CASH,0.0,0.0,0.0,0.0,0.0,0.0,1,35.025636639954186
2025-06-06,CASH,0.0,0.0,0.0,0.0,0.0,0.0,1,35.025636639954186
2025-06-07,CASH,0.0,0.0,0.0,0.0,0.0,0.0,0,35.025636639954186
2025-06-08,CASH,0.0,0.0,0.0,0.0,0.0,0.0,0,35.025636639954186
2025-06-09,CASH,0.0,0.0,0.0,0.0,0.0,0.0,0,35.025636639954186
2025-06-10,CASH,0.0,0.0,0.0,0.0,0.0,0.0,0,35.025636639954186
2025-06-11,CASH,0.0,0.0,0.0,0.0,0.0,0.0,0,35.025636639954186
2025-06-12,CASH,0.0,0.0,0.0,0.0,0.0,0.0,1,35.025636639954186
2025-06-13,CASH,0.0,0.0,0.0,0.0,0.0,0.0,1,35.025636639954186
2025-06-14,CASH,0.0,0.0,0.0,0.0,0.0,0.0,1,35.025636639954186
2025-06-15,CASH,0.0,0.0,0.0,0.0,0.0,0.0,1,35.025636639954186
2025-06-16,CASH,0.0,0.0,0.0,0.0,0.0,0.0,0,35.025636639954186
2025-06-17,CASH,0.0,0.0,0.0,0.0,0.0,0.0,1,35.025636639954186
2025-06-18,CASH,0.0,0.0,0.0,0.0,0.0,0.0,1,35.025636639954186
2025-06-19,CASH,0.0,0.0,0.0,0.0,0.0,0.0,1,35.025636639954186
2025-06-20,CASH,0.0,0.0,0.0,0.0,0.0,0.0,1,35.025636639954186
2025-06-21,CASH,0.0,0.0,0.0,0.0,0.0,0.0,1,35.025636639954186
2025-06-22,CASH,0.0,0.0,0.0,0.0,0.0,0.0,1,35.025636639954186
2025-06-23,CASH,0.0,0.0,0.0,0.0,0.0,0.0,0,35.025636639954186
2025-06-24,CASH,0.0,0.0,0.0,0.0,0.0,0.0,0,35.025636639954186
2025-06-25,CASH,0.0,0.0,0.0,0.0,0.0,0.0,0,35.025636639954186
2025-06-26,CASH,0.0,0.0,0.0,0.0,0.0,0.0,0,35.025636639954186
2025-06-27,CASH,0.0,0.0,0.0,0.0,0.0,0.0,0,35.025636639954186
2025-06-28,CASH,0.0,0.0,0.0,0.0,0.0,0.0,1,35.025636639954186
2025-06-29,CASH,0.0,0.0,0.0,0.0,0.0,0.0,0,35.025636639954186
2025-06-30,CASH,0.0,0.0,0.0,0.0,0.0,0.0,0,35.025636639954186
2025-07-01,CASH,0.0,0.0,0.0,0.0,0.0,0.0,1,35.025636639954186
2025-07-02,CASH,0.0,0.0,0.0,0.0,0.0,0.0,0,35.025636639954186
2025-07-03,CASH,0.0,0.0,0.0,0.0,0.0,0.0,0,35.025636639954186
2025-07-04,CASH,0.0,0.0,0.0,0.0,0.0,0.0,0,35.025636639954186
2025-07-05,CASH,0.0,0.0,0.0,0.0,0.0,0.0,1,35.025636639954186
2025-07-06,CASH,0.0,0.0,0.0,0.0,0.0,0.0,1,35.025636639954186
2025-07-07,CASH,0.0,0.0,0.0,0.0,0.0,0.0,0,35.025636639954186
2025-07-08,CASH,0.0,0.0,0.0,0.0,0.0,0.0,0,35.025636639954186
2025-07-09,CASH,0.0,0.0,0.0,0.0,0.0,0.0,0,35.025636639954186
2025-07-10,BTCUSDT,1.0,0.013082148090681978,1.0,0.0015,0.011582148090681978,0.013082148090681978,0,35.43130875048855
2025-07-11,BTCUSDT,1.0,-0.000916039679510372,0.0,0.0,-0.000916039679510372,-0.000916039679510372,0,35.398852265776114
2025-07-12,BTCUSDT,1.0,0.014193834099812674,0.0,0.0,0.014193834099812674,0.014193834099812674,0,35.90129770216032
2025-07-13,ETHUSDT,1.0,0.013993802215993778,2.0,0.003,0.010993802215993779,0.013993802215993778,0,36.29598946839538
2025-07-14,ETHUSDT,1.0,0.04123612134243859,0.0,0.0,0.04123612134243859,0.04123612134243859,0,37.79269529435801
2025-07-15,ETHUSDT,1.0,0.07440031358651833,0.0,0.0,0.07440031358651833,0.07440031358651833,0,40.604483675537985
2025-07-16,ETHUSDT,1.0,0.03129903451139748,0.0,0.0,0.03129903451139748,0.03129903451139748,1,41.87536481141613
2025-07-17,ETHUSDT,1.0,0.020147431454152764,0.0,0.0,0.020147431454152764,0.020147431454152764,1,42.71904585357177
2025-07-18,ETHUSDT,1.0,0.012712437833387824,0.0,0.0,0.012712437833387824,0.012712437833387824,0,43.26210906828695
2025-07-19,ETHUSDT,1.0,0.04584619753285768,0.0,0.0,0.04584619753285768,0.04584619753285768,1,45.245512266319665
2025-07-20,ETHUSDT,1.0,0.0015013216421901898,0.0,0.0,0.0015013216421901898,0.0015013216421901898,1,45.31344033309707
2025-07-21,ETHUSDT,1.0,-0.004284578971009978,0.0,0.0,-0.004284578971009978,-0.004284578971009978,1,45.119291319541766
2025-07-22,ETHUSDT,1.0,-0.03147714623579567,0.0,0.0,-0.03147714623579567,-0.03147714623579567,0,43.69906478862109
2025-07-23,ETHUSDT,1.0,0.0216768780885761,0.0,0.0,0.0216768780885761,0.0216768780885761,0,44.646324088628816
2025-07-24,ETHUSDT,1.0,0.004861152325098317,0.0,0.0,0.004861152325098317,0.004861152325098317,0,44.863356670779346
2025-07-25,ETHUSDT,1.0,0.004332932434173653,0.0,0.0,0.004332932434173653,0.004332932434173653,1,45.05774656400407
2025-07-26,ETHUSDT,1.0,0.03501643901526297,0.0,0.0,0.03501643901526297,0.03501643901526297,1,46.635508398727694
2025-07-27,ETHUSDT,1.0,-0.01887864466310274,0.0,0.0,-0.01887864466310274,-0.01887864466310274,0,45.755093206984974
2025-07-28,ETHUSDT,1.0,-0.001371413529876242,0.0,0.0,-0.001371413529876242,-0.001371413529876242,0,45.692344053100165
2025-07-29,ETHUSDT,1.0,0.004272772082798415,0.0,0.0,0.004272772082798415,0.004272772082798415,0,45.88757702516787
2025-07-30,ETHUSDT,1.0,-0.029293963254593214,0.0,0.0,-0.029293963254593214,-0.029293963254593214,1,44.54334802995029
2025-07-31,CASH,0.0,0.0,1.0,0.0015,-0.0015,0.0,1,44.47653300790537
2025-08-01,CASH,0.0,0.0,0.0,0.0,0.0,0.0,1,44.47653300790537
2025-08-02,CASH,0.0,0.0,0.0,0.0,0.0,0.0,1,44.47653300790537
2025-08-03,CASH,0.0,0.0,0.0,0.0,0.0,0.0,1,44.47653300790537
2025-08-04,CASH,0.0,0.0,0.0,0.0,0.0,0.0,0,44.47653300790537
2025-08-05,CASH,0.0,0.0,0.0,0.0,0.0,0.0,0,44.47653300790537
2025-08-06,CASH,0.0,0.0,0.0,0.0,0.0,0.0,0,44.47653300790537
2025-08-07,TRXUSDT,1.0,-0.0017730496453900457,1.0,0.0015,-0.0032730496453900458,-0.0017730496453900457,0,44.330959107315664
2025-08-08,ETHUSDT,1.0,0.0626312507793989,2.0,0.003,0.0596312507793989,0.0626312507793989,0,46.97446964713529
2025-08-09,ETHUSDT,1.0,-0.0023588116283546068,0.0,0.0,-0.0023588116283546068,-0.0023588116283546068,0,46.863665721895835
2025-08-10,ETHUSDT,1.0,-0.006434431146881359,0.0,0.0,-0.006434431146881359,-0.006434431146881359,0,46.56212469151783
2025-08-11,ETHUSDT,1.0,0.08697155251206423,0.0,0.0,0.08697155251206423,0.08697155251206423,0,50.611704964199454
2025-08-12,ETHUSDT,1.0,0.03458867404999855,0.0,0.0,0.03458867404999855,0.03458867404999855,0,52.36229673032084
2025-08-13,ETHUSDT,1.0,-0.042629440128018836,0.0,0.0,-0.042629440128018836,-0.042629440128018836,0,50.13012133689007
2025-08-14,ETHUSDT,1.0,-0.023614202391111117,0.0,0.0,-0.023614202391111117,-0.023614202391111117,1,48.94633850574979
2025-08-15,ETHUSDT,1.0,-0.0039374069427207115,0.0,0.0,-0.0039374069427207115,-0.0039374069427207115,1,48.753616852696496
2025-08-16,ETHUSDT,1.0,0.011384014889224137,0.0,0.0,0.011384014889224137,0.011384014889224137,1,49.30862875285112
2025-08-17,ETHUSDT,1.0,-0.03562796126403911,0.0,0.0,-0.03562796126403911,-0.03562796126403911,1,47.55186283766166
2025-08-18,ETHUSDT,1.0,-0.05504302119875071,0.0,0.0,-0.05504302119875071,-0.05504302119875071,1,44.93446464344816
2025-08-19,ETHUSDT,1.0,0.06393430153670998,0.0,0.0,0.06393430153670998,0.06393430153670998,1,47.80731825535301
2025-08-20,ETHUSDT,1.0,-0.025566399763846226,0.0,0.0,-0.025566399763846226,-0.025566399763846226,1,46.58505724519923
2025-08-21,ETHUSDT,1.0,0.14360400444938803,0.0,0.0,0.14360400444938803,0.14360400444938803,1,53.274858013113814
2025-08-22,ETHUSDT,1.0,-0.011107041081772406,0.0,0.0,-0.011107041081772406,-0.011107041081772406,0,52.683131976536565
2025-08-23,ETHUSDT,1.0,0.000366231374518744,0.0,0.0,0.000366231374518744,0.000366231374518744,0,52.70242619237428
2025-08-24,ETHUSDT,1.0,-0.0845099003169355,0.0,0.0,-0.0845099003169355,-0.0845099003169355,0,48.24854940839608
2025-08-25,ETHUSDT,1.0,0.05128902376044864,0.0,0.0,0.05128902376044864,0.05128902376044864,1,50.723170405410485
2025-08-26,ETHUSDT,1.0,-0.020414595392370227,0.0,0.0,-0.020414595392370227,-0.020414595392370227,1,49.68767740456578
2025-08-27,ETHUSDT,1.0,0.0009985111089907406,0.0,0.0,0.0009985111089907406,0.0009985111089907406,1,49.73729110243419
2025-08-28,ETHUSDT,1.0,-0.033478822754870574,0.0,0.0,-0.033478822754870574,-0.033478822754870574,0,48.0721451493084
2025-08-29,BNBUSDT,1.0,-0.00034790676098794826,2.0,0.003,-0.0033479067609879483,-0.00034790676098794826,1,47.91120408954784
2025-08-30,BNBUSDT,1.0,-0.005046403712297032,0.0,0.0,-0.005046403712297032,-0.005046403712297032,1,47.66942481136972
2025-08-31,BNBUSDT,1.0,-0.013956742260828991,0.0,0.0,-0.013956742260828991,-0.013956742260828991,1,47.00411493555547
2025-09-01,BNBUSDT,1.0,0.007236779869454146,0.0,0.0,0.007236779869454146,0.007236779869454146,0,47.34427336830261
2025-09-02,BNBUSDT,1.0,0.003474994130077569,0.0,0.0,0.003474994130077569,0.003474994130077569,0,47.50879444035025
2025-09-03,SOLUSDT,1.0,-0.040091094558049156,2.0,0.003,-0.04309109455804916,-0.040091094558049156,0,45.4615884867822
2025-09-04,SOLUSDT,1.0,0.0051403716884144135,0.0,0.0,0.0051403716884144135,0.0051403716884144135,0,45.69527794915
2025-09-05,SOLUSDT,1.0,-0.015735641227380137,0.0,0.0,-0.015735641227380137,-0.015735641227380137,1,44.97623344955676
2025-09-06,SOLUSDT,1.0,0.030925259792166315,0.0,0.0,0.030925259792166315,0.030925259792166315,1,46.36713515345742
2025-09-07,SOLUSDT,1.0,0.03760600920765689,0.0,0.0,0.03760600920765689,0.03760600920765689,0,48.110818064971006
2025-09-08,SOLUSDT,1.0,0.014478539068703,0.0,0.0,0.014478539068703,0.014478539068703,0,48.80739242395195
2025-09-09,SOLUSDT,1.0,0.031582339671285764,0.0,0.0,0.031582339671285764,0.031582339671285764,0,50.34884406995494
2025-09-10,SOLUSDT,1.0,0.020797072343464063,0.0,0.0,0.020797072343464063,0.020797072343464063,0,51.395952622487584
2025-09-11,SOLUSDT,1.0,0.05880295544965697,0.0,0.0,0.05880295544965697,0.05880295544965697,0,54.4181865348404
2025-09-12,SOLUSDT,1.0,0.0008258320257659157,0.0,0.0,0.0008258320257659157,0.0008258320257659157,0,54.46312681606498
2025-09-13,SOLUSDT,1.0,-0.010809472728772973,0.0,0.0,-0.010809472728772973,-0.010809472728772973,0,53.87440913202302
2025-09-14,DOGEUSDT,1.0,-0.034717225500071947,2.0,0.003,-0.03771722550007195,-0.034717225500071947,1,51.84241589410737
2025-09-15,AVAXUSDT,1.0,0.009057363300905674,2.0,0.003,0.006057363300905674,0.009057363300905674,1,52.156444241574626
2025-09-16,DOGEUSDT,1.0,0.04671235413965524,2.0,0.003,0.04371235413965524,0.04671235413965524,0,54.43632520292751
2025-09-17,AVAXUSDT,1.0,0.10590823381521042,2.0,0.003,0.10290823381521041,0.10590823381521042,0,60.038271284951215
2025-09-18,AVAXUSDT,1.0,-0.040920716112531896,0.0,0.0,-0.040920716112531896,-0.040920716112531896,0,57.58146222981255
2025-09-19,AVAXUSDT,1.0,-0.01718518518518508,0.0,0.0,-0.01718518518518508,-0.01718518518518508,1,56.59191413815948
2025-09-20,AVAXUSDT,1.0,-0.003919204100090501,0.0,0.0,-0.003919204100090501,-0.003919204100090501,1,56.370118876237235
2025-09-21,AVAXUSDT,1.0,0.024818401937046097,0.0,0.0,0.024818401937046097,0.024818401937046097,1,57.76913514374676
2025-09-22,BNBUSDT,1.0,0.023245039782455512,2.0,0.003,0.020245039782455513,0.023245039782455512,1,58.938673582929965
2025-09-23,BNBUSDT,1.0,0.00247052107324941,0.0,0.0,0.00247052107324941,0.00247052107324941,1,59.08428281804596
2025-09-24,BNBUSDT,1.0,-0.07127217743915015,0.0,0.0,-0.07127217743915015,-0.07127217743915015,1,54.87321732917326
2025-09-25,TRXUSDT,1.0,0.019282916541126793,2.0,0.003,0.016282916541126794,0.019282916541126793,1,55.76671334728731
2025-09-26,BNBUSDT,1.0,0.007962114904246587,2.0,0.003,0.004962114904246587,0.007962114904246587,1,56.04343418674873
2025-09-27,BNBUSDT,1.0,0.02536011151840567,0.0,0.0,0.02536011151840567,0.02536011151840567,1,57.46470192759911
2025-09-28,BNBUSDT,1.0,0.03703890192445192,0.0,0.0,0.03703890192445192,0.03703890192445192,0,59.59313138641331
2025-09-29,BNBUSDT,1.0,-0.020664407306344,0.0,0.0,-0.020664407306344,-0.020664407306344,0,58.361674646783996
2025-09-30,BNBUSDT,1.0,0.017838196944006457,0.0,0.0,0.017838196944006457,0.017838196944006457,0,59.40274169311536
2025-10-01,BNBUSDT,1.0,0.06207501217730149,0.0,0.0,0.06207501217730149,0.06207501217730149,0,63.09016760708059
2025-10-02,BNBUSDT,1.0,0.09097246427326611,0.0,0.0,0.09097246427326611,0.09097246427326611,0,68.8296356257101
2025-10-03,BNBUSDT,1.0,-0.03249537581974116,0.0,0.0,-0.03249537581974116,-0.03249537581974116,0,66.5929907485168
2025-10-04,BNBUSDT,1.0,0.01445144470997195,0.0,0.0,0.01445144470997195,0.01445144470997195,0,67.55535567239066
2025-10-05,BNBUSDT,1.0,0.047807911733968256,0.0,0.0,0.047807911733968256,0.047807911733968256,0,70.78503615353314
2025-10-06,BNBUSDT,1.0,0.06641650111593456,0.0,0.0,0.06641650111593456,0.06641650111593456,0,75.48633058621574
2025-10-07,BNBUSDT,1.0,0.0022768565580368882,0.0,0.0,0.0022768565580368882,0.0022768565580368882,1,75.65820213305311
2025-10-08,BNBUSDT,1.0,-0.039811840293712875,0.0,0.0,-0.039811840293712875,-0.039811840293712875,1,72.64610987282255
2025-10-09,BNBUSDT,1.0,-0.12178276974548918,0.0,0.0,-0.12178276974548918,-0.12178276974548918,1,63.799065401275094
2025-10-10,CASH,0.0,0.0,1.0,0.0015,-0.0015,0.0,1,63.70336680317318
2025-10-11,CASH,0.0,0.0,0.0,0.0,0.0,0.0,1,63.70336680317318
2025-10-12,CASH,0.0,0.0,0.0,0.0,0.0,0.0,1,63.70336680317318
2025-10-13,CASH,0.0,0.0,0.0,0.0,0.0,0.0,0,63.70336680317318
2025-10-14,CASH,0.0,0.0,0.0,0.0,0.0,0.0,0,63.70336680317318
2025-10-15,CASH,0.0,0.0,0.0,0.0,0.0,0.0,1,63.70336680317318
2025-10-16,CASH,0.0,0.0,0.0,0.0,0.0,0.0,1,63.70336680317318
2025-10-17,CASH,0.0,0.0,0.0,0.0,0.0,0.0,1,63.70336680317318
2025-10-18,CASH,0.0,0.0,0.0,0.0,0.0,0.0,1,63.70336680317318
2025-10-19,CASH,0.0,0.0,0.0,0.0,0.0,0.0,0,63.70336680317318
2025-10-20,CASH,0.0,0.0,0.0,0.0,0.0,0.0,0,63.70336680317318
2025-10-21,CASH,0.0,0.0,0.0,0.0,0.0,0.0,0,63.70336680317318
2025-10-22,CASH,0.0,0.0,0.0,0.0,0.0,0.0,1,63.70336680317318
2025-10-23,CASH,0.0,0.0,0.0,0.0,0.0,0.0,1,63.70336680317318
2025-10-24,CASH,0.0,0.0,0.0,0.0,0.0,0.0,0,63.70336680317318
2025-10-25,CASH,0.0,0.0,0.0,0.0,0.0,0.0,0,63.70336680317318
2025-10-26,CASH,0.0,0.0,0.0,0.0,0.0,0.0,0,63.70336680317318
2025-10-27,CASH,0.0,0.0,0.0,0.0,0.0,0.0,0,63.70336680317318
2025-10-28,CASH,0.0,0.0,0.0,0.0,0.0,0.0,0,63.70336680317318
2025-10-29,CASH,0.0,0.0,0.0,0.0,0.0,0.0,1,63.70336680317318
2025-10-30,CASH,0.0,0.0,0.0,0.0,0.0,0.0,1,63.70336680317318
2025-10-31,CASH,0.0,0.0,0.0,0.0,0.0,0.0,1,63.70336680317318
2025-11-01,CASH,0.0,0.0,0.0,0.0,0.0,0.0,0,63.70336680317318
2025-11-02,CASH,0.0,0.0,0.0,0.0,0.0,0.0,0,63.70336680317318
2025-11-03,CASH,0.0,0.0,0.0,0.0,0.0,0.0,1,63.70336680317318
2025-11-04,CASH,0.0,0.0,0.0,0.0,0.0,0.0,1,63.70336680317318
2025-11-05,CASH,0.0,0.0,0.0,0.0,0.0,0.0,1,63.70336680317318
2025-11-06,CASH,0.0,0.0,0.0,0.0,0.0,0.0,1,63.70336680317318
2025-11-07,CASH,0.0,0.0,0.0,0.0,0.0,0.0,0,63.70336680317318
2025-11-08,CASH,0.0,0.0,0.0,0.0,0.0,0.0,1,63.70336680317318
2025-11-09,CASH,0.0,0.0,0.0,0.0,0.0,0.0,0,63.70336680317318
2025-11-10,CASH,0.0,0.0,0.0,0.0,0.0,0.0,0,63.70336680317318
2025-11-11,CASH,0.0,0.0,0.0,0.0,0.0,0.0,0,63.70336680317318
2025-11-12,CASH,0.0,0.0,0.0,0.0,0.0,0.0,1,63.70336680317318
2025-11-13,CASH,0.0,0.0,0.0,0.0,0.0,0.0,1,63.70336680317318
2025-11-14,CASH,0.0,0.0,0.0,0.0,0.0,0.0,1,63.70336680317318
2025-11-15,CASH,0.0,0.0,0.0,0.0,0.0,0.0,1,63.70336680317318
2025-11-16,CASH,0.0,0.0,0.0,0.0,0.0,0.0,1,63.70336680317318
2025-11-17,CASH,0.0,0.0,0.0,0.0,0.0,0.0,1,63.70336680317318
2025-11-18,CASH,0.0,0.0,0.0,0.0,0.0,0.0,1,63.70336680317318
2025-11-19,CASH,0.0,0.0,0.0,0.0,0.0,0.0,1,63.70336680317318
2025-11-20,CASH,0.0,0.0,0.0,0.0,0.0,0.0,1,63.70336680317318
2025-11-21,CASH,0.0,0.0,0.0,0.0,0.0,0.0,1,63.70336680317318
2025-11-22,CASH,0.0,0.0,0.0,0.0,0.0,0.0,1,63.70336680317318
2025-11-23,CASH,0.0,0.0,0.0,0.0,0.0,0.0,0,63.70336680317318
2025-11-24,CASH,0.0,0.0,0.0,0.0,0.0,0.0,0,63.70336680317318
2025-11-25,CASH,0.0,0.0,0.0,0.0,0.0,0.0,0,63.70336680317318
2025-11-26,CASH,0.0,0.0,0.0,0.0,0.0,0.0,0,63.70336680317318
2025-11-27,CASH,0.0,0.0,0.0,0.0,0.0,0.0,0,63.70336680317318
2025-11-28,CASH,0.0,0.0,0.0,0.0,0.0,0.0,0,63.70336680317318
2025-11-29,CASH,0.0,0.0,0.0,0.0,0.0,0.0,0,63.70336680317318
2025-11-30,CASH,0.0,0.0,0.0,0.0,0.0,0.0,1,63.70336680317318
2025-12-01,CASH,0.0,0.0,0.0,0.0,0.0,0.0,1,63.70336680317318
2025-12-02,CASH,0.0,0.0,0.0,0.0,0.0,0.0,0,63.70336680317318
2025-12-03,CASH,0.0,0.0,0.0,0.0,0.0,0.0,0,63.70336680317318
2025-12-04,CASH,0.0,0.0,0.0,0.0,0.0,0.0,0,63.70336680317318
2025-12-05,CASH,0.0,0.0,0.0,0.0,0.0,0.0,1,63.70336680317318
2025-12-06,CASH,0.0,0.0,0.0,0.0,0.0,0.0,1,63.70336680317318
2025-12-07,CASH,0.0,0.0,0.0,0.0,0.0,0.0,1,63.70336680317318
2025-12-08,CASH,0.0,0.0,0.0,0.0,0.0,0.0,0,63.70336680317318
2025-12-09,CASH,0.0,0.0,0.0,0.0,0.0,0.0,0,63.70336680317318
2025-12-10,CASH,0.0,0.0,0.0,0.0,0.0,0.0,0,63.70336680317318
2025-12-11,CASH,0.0,0.0,0.0,0.0,0.0,0.0,0,63.70336680317318
2025-12-12,CASH,0.0,0.0,0.0,0.0,0.0,0.0,1,63.70336680317318
2025-12-13,CASH,0.0,0.0,0.0,0.0,0.0,0.0,1,63.70336680317318
2025-12-14,CASH,0.0,0.0,0.0,0.0,0.0,0.0,1,63.70336680317318
2025-12-15,CASH,0.0,0.0,0.0,0.0,0.0,0.0,1,63.70336680317318
2025-12-16,CASH,0.0,0.0,0.0,0.0,0.0,0.0,1,63.70336680317318
2025-12-17,CASH,0.0,0.0,0.0,0.0,0.0,0.0,1,63.70336680317318
2025-12-18,CASH,0.0,0.0,0.0,0.0,0.0,0.0,1,63.70336680317318
2025-12-19,CASH,0.0,0.0,0.0,0.0,0.0,0.0,0,63.70336680317318
2025-12-20,CASH,0.0,0.0,0.0,0.0,0.0,0.0,0,63.70336680317318
2025-12-21,CASH,0.0,0.0,0.0,0.0,0.0,0.0,0,63.70336680317318
2025-12-22,CASH,0.0,0.0,0.0,0.0,0.0,0.0,0,63.70336680317318
2025-12-23,CASH,0.0,0.0,0.0,0.0,0.0,0.0,1,63.70336680317318
2025-12-24,CASH,0.0,0.0,0.0,0.0,0.0,0.0,1,63.70336680317318
2025-12-25,CASH,0.0,0.0,0.0,0.0,0.0,0.0,1,63.70336680317318
2025-12-26,CASH,0.0,0.0,0.0,0.0,0.0,0.0,1,63.70336680317318
2025-12-27,CASH,0.0,0.0,0.0,0.0,0.0,0.0,0,63.70336680317318
2025-12-28,CASH,0.0,0.0,0.0,0.0,0.0,0.0,0,63.70336680317318
2025-12-29,CASH,0.0,0.0,0.0,0.0,0.0,0.0,1,63.70336680317318
2025-12-30,CASH,0.0,0.0,0.0,0.0,0.0,0.0,0,63.70336680317318
2025-12-31,CASH,0.0,0.0,0.0,0.0,0.0,0.0,1,63.70336680317318
2026-01-01,CASH,0.0,0.0,0.0,0.0,0.0,0.0,0,63.70336680317318
2026-01-02,CASH,0.0,0.0,0.0,0.0,0.0,0.0,0,63.70336680317318
2026-01-03,CASH,0.0,0.0,0.0,0.0,0.0,0.0,0,63.70336680317318
2026-01-04,CASH,0.0,0.0,0.0,0.0,0.0,0.0,0,63.70336680317318
2026-01-05,CASH,0.0,0.0,0.0,0.0,0.0,0.0,0,63.70336680317318
2026-01-06,CASH,0.0,0.0,0.0,0.0,0.0,0.0,0,63.70336680317318
2026-01-07,CASH,0.0,0.0,0.0,0.0,0.0,0.0,1,63.70336680317318
2026-01-08,CASH,0.0,0.0,0.0,0.0,0.0,0.0,1,63.70336680317318
2026-01-09,CASH,0.0,0.0,0.0,0.0,0.0,0.0,1,63.70336680317318
2026-01-10,CASH,0.0,0.0,0.0,0.0,0.0,0.0,1,63.70336680317318
2026-01-11,CASH,0.0,0.0,0.0,0.0,0.0,0.0,1,63.70336680317318
2026-01-12,CASH,0.0,0.0,0.0,0.0,0.0,0.0,0,63.70336680317318
2026-01-13,CASH,0.0,0.0,0.0,0.0,0.0,0.0,0,63.70336680317318
2026-01-14,CASH,0.0,0.0,0.0,0.0,0.0,0.0,0,63.70336680317318
2026-01-15,CASH,0.0,0.0,0.0,0.0,0.0,0.0,0,63.70336680317318
2026-01-16,CASH,0.0,0.0,0.0,0.0,0.0,0.0,0,63.70336680317318
2026-01-17,CASH,0.0,0.0,0.0,0.0,0.0,0.0,1,63.70336680317318
2026-01-18,CASH,0.0,0.0,0.0,0.0,0.0,0.0,1,63.70336680317318
2026-01-19,CASH,0.0,0.0,0.0,0.0,0.0,0.0,1,63.70336680317318
2026-01-20,CASH,0.0,0.0,0.0,0.0,0.0,0.0,1,63.70336680317318
2026-01-21,CASH,0.0,0.0,0.0,0.0,0.0,0.0,1,63.70336680317318
2026-01-22,CASH,0.0,0.0,0.0,0.0,0.0,0.0,1,63.70336680317318
2026-01-23,CASH,0.0,0.0,0.0,0.0,0.0,0.0,0,63.70336680317318
2026-01-24,CASH,0.0,0.0,0.0,0.0,0.0,0.0,1,63.70336680317318
2026-01-25,CASH,0.0,0.0,0.0,0.0,0.0,0.0,1,63.70336680317318
2026-01-26,CASH,0.0,0.0,0.0,0.0,0.0,0.0,1,63.70336680317318
2026-01-27,CASH,0.0,0.0,0.0,0.0,0.0,0.0,0,63.70336680317318
2026-01-28,CASH,0.0,0.0,0.0,0.0,0.0,0.0,0,63.70336680317318
2026-01-29,CASH,0.0,0.0,0.0,0.0,0.0,0.0,1,63.70336680317318
2026-01-30,CASH,0.0,0.0,0.0,0.0,0.0,0.0,1,63.70336680317318
2026-01-31,CASH,0.0,0.0,0.0,0.0,0.0,0.0,1,63.70336680317318
2026-02-01,CASH,0.0,0.0,0.0,0.0,0.0,0.0,1,63.70336680317318
2026-02-02,CASH,0.0,0.0,0.0,0.0,0.0,0.0,1,63.70336680317318
2026-02-03,CASH,0.0,0.0,0.0,0.0,0.0,0.0,1,63.70336680317318
2026-02-04,CASH,0.0,0.0,0.0,0.0,0.0,0.0,1,63.70336680317318
2026-02-05,CASH,0.0,0.0,0.0,0.0,0.0,0.0,1,63.70336680317318
2026-02-06,CASH,0.0,0.0,0.0,0.0,0.0,0.0,1,63.70336680317318
2026-02-07,CASH,0.0,0.0,0.0,0.0,0.0,0.0,1,63.70336680317318
2026-02-08,CASH,0.0,0.0,0.0,0.0,0.0,0.0,0,63.70336680317318
2026-02-09,CASH,0.0,0.0,0.0,0.0,0.0,0.0,1,63.70336680317318
2026-02-10,CASH,0.0,0.0,0.0,0.0,0.0,0.0,1,63.70336680317318
2026-02-11,CASH,0.0,0.0,0.0,0.0,0.0,0.0,1,63.70336680317318
2026-02-12,CASH,0.0,0.0,0.0,0.0,0.0,0.0,1,63.70336680317318
2026-02-13,CASH,0.0,0.0,0.0,0.0,0.0,0.0,0,63.70336680317318
2026-02-14,CASH,0.0,0.0,0.0,0.0,0.0,0.0,0,63.70336680317318
2026-02-15,CASH,0.0,0.0,0.0,0.0,0.0,0.0,0,63.70336680317318
2026-02-16,CASH,0.0,0.0,0.0,0.0,0.0,0.0,0,63.70336680317318
2026-02-17,CASH,0.0,0.0,0.0,0.0,0.0,0.0,1,63.70336680317318
2026-02-18,CASH,0.0,0.0,0.0,0.0,0.0,0.0,1,63.70336680317318
2026-02-19,CASH,0.0,0.0,0.0,0.0,0.0,0.0,1,63.70336680317318
2026-02-20,CASH,0.0,0.0,0.0,0.0,0.0,0.0,0,63.70336680317318
2026-02-21,CASH,0.0,0.0,0.0,0.0,0.0,0.0,0,63.70336680317318
2026-02-22,CASH,0.0,0.0,0.0,0.0,0.0,0.0,0,63.70336680317318
2026-02-23,CASH,0.0,0.0,0.0,0.0,0.0,0.0,1,63.70336680317318
2026-02-24,CASH,0.0,0.0,0.0,0.0,0.0,0.0,1,63.70336680317318
2026-02-25,CASH,0.0,0.0,0.0,0.0,0.0,0.0,0,63.70336680317318
2026-02-26,CASH,0.0,0.0,0.0,0.0,0.0,0.0,0,63.70336680317318
2026-02-27,CASH,0.0,0.0,0.0,0.0,0.0,0.0,0,63.70336680317318
2026-02-28,CASH,0.0,0.0,0.0,0.0,0.0,0.0,1,63.70336680317318
2026-03-01,CASH,0.0,0.0,0.0,0.0,0.0,0.0,1,63.70336680317318
2026-03-02,CASH,0.0,0.0,0.0,0.0,0.0,0.0,0,63.70336680317318
2026-03-03,CASH,0.0,0.0,0.0,0.0,0.0,0.0,0,63.70336680317318
2026-03-04,CASH,0.0,0.0,0.0,0.0,0.0,0.0,0,63.70336680317318
2026-03-05,CASH,0.0,0.0,0.0,0.0,0.0,0.0,0,63.70336680317318
2026-03-06,CASH,0.0,0.0,0.0,0.0,0.0,0.0,1,63.70336680317318
2026-03-07,CASH,0.0,0.0,0.0,0.0,0.0,0.0,1,63.70336680317318
2026-03-08,CASH,0.0,0.0,0.0,0.0,0.0,0.0,1,63.70336680317318
2026-03-09,CASH,0.0,0.0,0.0,0.0,0.0,0.0,0,63.70336680317318
2026-03-10,CASH,0.0,0.0,0.0,0.0,0.0,0.0,0,63.70336680317318
2026-03-11,CASH,0.0,0.0,0.0,0.0,0.0,0.0,0,63.70336680317318
2026-03-12,CASH,0.0,0.0,0.0,0.0,0.0,0.0,0,63.70336680317318
2026-03-13,CASH,0.0,0.0,0.0,0.0,0.0,0.0,0,63.70336680317318
2026-03-14,CASH,0.0,0.0,0.0,0.0,0.0,0.0,0,63.70336680317318
2026-03-15,CASH,0.0,0.0,0.0,0.0,0.0,0.0,0,63.70336680317318
2026-03-16,CASH,0.0,0.0,0.0,0.0,0.0,0.0,0,63.70336680317318
