ts,selected,gross_exposure,raw_strategy_ret,turnover,cost,strategy_ret,selected_ret_next,best_available_next,equity,in_market,leader_gap_ret,missed_leader_bar,pain_bar
2018-05-04,CASH,0.0,0.0,0.0,0.0,0.0,0.0,0.0,1.0,0,0.0,False,False
2018-05-05,CASH,0.0,0.0,0.0,0.0,0.0,0.0,0.0,1.0,0,0.0,False,False
2018-05-06,CASH,0.0,0.0,0.0,0.0,0.0,0.0,0.0,1.0,0,0.0,False,False
2018-05-07,CASH,0.0,0.0,0.0,0.0,0.0,0.0,0.0,1.0,0,0.0,False,False
2018-05-08,CASH,0.0,0.0,0.0,0.0,0.0,0.0,0.0,1.0,0,0.0,False,False
2018-05-09,CASH,0.0,0.0,0.0,0.0,0.0,0.0,0.0,1.0,0,0.0,False,False
2018-05-10,CASH,0.0,0.0,0.0,0.0,0.0,0.0,0.0,1.0,0,0.0,False,False
2018-05-11,CASH,0.0,0.0,0.0,0.0,0.0,0.0,0.0,1.0,0,0.0,False,False
2018-05-12,CASH,0.0,0.0,0.0,0.0,0.0,0.0,0.0,1.0,0,0.0,False,False
2018-05-13,CASH,0.0,0.0,0.0,0.0,0.0,0.0,0.0,1.0,0,0.0,False,False
2018-05-14,CASH,0.0,0.0,0.0,0.0,0.0,0.0,0.0,1.0,0,0.0,False,False
2018-05-15,CASH,0.0,0.0,0.0,0.0,0.0,0.0,0.0,1.0,0,0.0,False,False
2018-05-16,CASH,0.0,0.0,0.0,0.0,0.0,0.0,0.0,1.0,0,0.0,False,False
2018-05-17,CASH,0.0,0.0,0.0,0.0,0.0,0.0,0.0,1.0,0,0.0,False,False
2018-05-18,CASH,0.0,0.0,0.0,0.0,0.0,0.0,0.0,1.0,0,0.0,False,False
2018-05-19,CASH,0.0,0.0,0.0,0.0,0.0,0.0,0.0,1.0,0,0.0,False,False
2018-05-20,CASH,0.0,0.0,0.0,0.0,0.0,0.0,0.0,1.0,0,0.0,False,False
2018-05-21,CASH,0.0,0.0,0.0,0.0,0.0,0.0,0.0,1.0,0,0.0,False,False
2018-05-22,CASH,0.0,0.0,0.0,0.0,0.0,0.0,0.0,1.0,0,0.0,False,False
2018-05-23,CASH,0.0,0.0,0.0,0.0,0.0,0.0,0.0,1.0,0,0.0,False,False
2018-05-24,CASH,0.0,0.0,0.0,0.0,0.0,0.0,0.0,1.0,0,0.0,False,False
2018-05-25,CASH,0.0,0.0,0.0,0.0,0.0,0.0,0.0,1.0,0,0.0,False,False
2018-05-26,CASH,0.0,0.0,0.0,0.0,0.0,0.0,0.0,1.0,0,0.0,False,False
2018-05-27,CASH,0.0,0.0,0.0,0.0,0.0,0.0,0.0,1.0,0,0.0,False,False
2018-05-28,CASH,0.0,0.0,0.0,0.0,0.0,0.0,0.0,1.0,0,0.0,False,False
2018-05-29,CASH,0.0,0.0,0.0,0.0,0.0,0.0,0.0,1.0,0,0.0,False,False
2018-05-30,CASH,0.0,0.0,0.0,0.0,0.0,0.0,0.0,1.0,0,0.0,False,False
2018-05-31,CASH,0.0,0.0,0.0,0.0,0.0,0.0,0.0,1.0,0,0.0,False,False
2018-06-01,CASH,0.0,0.0,0.0,0.0,0.0,0.0,0.0,1.0,0,0.0,False,False
2018-06-02,CASH,0.0,0.0,0.0,0.0,0.0,0.0,0.0,1.0,0,0.0,False,False
2018-06-03,CASH,0.0,0.0,0.0,0.0,0.0,0.0,0.0,1.0,0,0.0,False,False
2018-06-04,CASH,0.0,0.0,0.0,0.0,0.0,0.0,0.0,1.0,0,0.0,False,False
2018-06-05,CASH,0.0,0.0,0.0,0.0,0.0,0.0,0.0,1.0,0,0.0,False,False
2018-06-06,CASH,0.0,0.0,0.0,0.0,0.0,0.0,0.0,1.0,0,0.0,False,False
2018-06-07,CASH,0.0,0.0,0.0,0.0,0.0,0.0,0.0,1.0,0,0.0,False,False
2018-06-08,CASH,0.0,0.0,0.0,0.0,0.0,0.0,0.0,1.0,0,0.0,False,False
2018-06-09,CASH,0.0,0.0,0.0,0.0,0.0,0.0,0.0,1.0,0,0.0,False,False
2018-06-10,CASH,0.0,0.0,0.0,0.0,0.0,0.0,0.0,1.0,0,0.0,False,False
2018-06-11,CASH,0.0,0.0,0.0,0.0,0.0,0.0,0.0,1.0,0,0.0,False,False
2018-06-12,CASH,0.0,0.0,0.0,0.0,0.0,0.0,0.0,1.0,0,0.0,False,False
2018-06-13,CASH,0.0,0.0,0.0,0.0,0.0,0.0,0.0,1.0,0,0.0,False,False
2018-06-14,CASH,0.0,0.0,0.0,0.0,0.0,0.0,0.0,1.0,0,0.0,False,False
2018-06-15,CASH,0.0,0.0,0.0,0.0,0.0,0.0,0.0,1.0,0,0.0,False,False
2018-06-16,CASH,0.0,0.0,0.0,0.0,0.0,0.0,0.0,1.0,0,0.0,False,False
2018-06-17,CASH,0.0,0.0,0.0,0.0,0.0,0.0,0.0,1.0,0,0.0,False,False
2018-06-18,CASH,0.0,0.0,0.0,0.0,0.0,0.0,0.0,1.0,0,0.0,False,False
2018-06-19,CASH,0.0,0.0,0.0,0.0,0.0,0.0,0.0,1.0,0,0.0,False,False
2018-06-20,CASH,0.0,0.0,0.0,0.0,0.0,0.0,0.0,1.0,0,0.0,False,False
2018-06-21,CASH,0.0,0.0,0.0,0.0,0.0,0.0,0.0,1.0,0,0.0,False,False
2018-06-22,CASH,0.0,0.0,0.0,0.0,0.0,0.0,0.0,1.0,0,0.0,False,False
2018-06-23,CASH,0.0,0.0,0.0,0.0,0.0,0.0,0.0,1.0,0,0.0,False,False
2018-06-24,CASH,0.0,0.0,0.0,0.0,0.0,0.0,0.0,1.0,0,0.0,False,False
2018-06-25,CASH,0.0,0.0,0.0,0.0,0.0,0.0,0.0,1.0,0,0.0,False,False
2018-06-26,CASH,0.0,0.0,0.0,0.0,0.0,0.0,0.0,1.0,0,0.0,False,False
2018-06-27,CASH,0.0,0.0,0.0,0.0,0.0,0.0,0.0,1.0,0,0.0,False,False
2018-06-28,CASH,0.0,0.0,0.0,0.0,0.0,0.0,0.0,1.0,0,0.0,False,False
2018-06-29,CASH,0.0,0.0,0.0,0.0,0.0,0.0,0.0,1.0,0,0.0,False,False
2018-06-30,CASH,0.0,0.0,0.0,0.0,0.0,0.0,0.0,1.0,0,0.0,False,False
2018-07-01,CASH,0.0,0.0,0.0,0.0,0.0,0.0,0.0,1.0,0,0.0,False,False
2018-07-02,CASH,0.0,0.0,0.0,0.0,0.0,0.0,0.0,1.0,0,0.0,False,False
2018-07-03,CASH,0.0,0.0,0.0,0.0,0.0,0.0,0.0,1.0,0,0.0,False,False
2018-07-04,CASH,0.0,0.0,0.0,0.0,0.0,0.0,0.0,1.0,0,0.0,False,False
2018-07-05,CASH,0.0,0.0,0.0,0.0,0.0,0.0,0.0,1.0,0,0.0,False,False
2018-07-06,CASH,0.0,0.0,0.0,0.0,0.0,0.0,0.0,1.0,0,0.0,False,False
2018-07-07,CASH,0.0,0.0,0.0,0.0,0.0,0.0,0.0,1.0,0,0.0,False,False
2018-07-08,CASH,0.0,0.0,0.0,0.0,0.0,0.0,0.0,1.0,0,0.0,False,False
2018-07-09,CASH,0.0,0.0,0.0,0.0,0.0,0.0,0.0,1.0,0,0.0,False,False
2018-07-10,CASH,0.0,0.0,0.0,0.0,0.0,0.0,0.0,1.0,0,0.0,False,False
2018-07-11,CASH,0.0,0.0,0.0,0.0,0.0,0.0,0.0,1.0,0,0.0,False,False
2018-07-12,CASH,0.0,0.0,0.0,0.0,0.0,0.0,0.0,1.0,0,0.0,False,False
2018-07-13,CASH,0.0,0.0,0.0,0.0,0.0,0.0,0.0,1.0,0,0.0,False,False
2018-07-14,CASH,0.0,0.0,0.0,0.0,0.0,0.0,0.0,1.0,0,0.0,False,False
2018-07-15,CASH,0.0,0.0,0.0,0.0,0.0,0.0,0.0,1.0,0,0.0,False,False
2018-07-16,CASH,0.0,0.0,0.0,0.0,0.0,0.0,0.0,1.0,0,0.0,False,False
2018-07-17,CASH,0.0,0.0,0.0,0.0,0.0,0.0,0.0,1.0,0,0.0,False,False
2018-07-18,CASH,0.0,0.0,0.0,0.0,0.0,0.0,0.0,1.0,0,0.0,False,False
2018-07-19,CASH,0.0,0.0,0.0,0.0,0.0,0.0,0.0,1.0,0,0.0,False,False
2018-07-20,CASH,0.0,0.0,0.0,0.0,0.0,0.0,0.0,1.0,0,0.0,False,False
2018-07-21,CASH,0.0,0.0,0.0,0.0,0.0,0.0,0.0,1.0,0,0.0,False,False
2018-07-22,CASH,0.0,0.0,0.0,0.0,0.0,0.0,0.0,1.0,0,0.0,False,False
2018-07-23,CASH,0.0,0.0,0.0,0.0,0.0,0.0,0.0,1.0,0,0.0,False,False
2018-07-24,CASH,0.0,0.0,0.0,0.0,0.0,0.0,0.0,1.0,0,0.0,False,False
2018-07-25,CASH,0.0,0.0,0.0,0.0,0.0,0.0,0.0,1.0,0,0.0,False,False
2018-07-26,CASH,0.0,0.0,0.0,0.0,0.0,0.0,0.0,1.0,0,0.0,False,False
2018-07-27,CASH,0.0,0.0,0.0,0.0,0.0,0.0,0.0,1.0,0,0.0,False,False
2018-07-28,CASH,0.0,0.0,0.0,0.0,0.0,0.0,0.0,1.0,0,0.0,False,False
2018-07-29,CASH,0.0,0.0,0.0,0.0,0.0,0.0,0.0,1.0,0,0.0,False,False
2018-07-30,CASH,0.0,0.0,0.0,0.0,0.0,0.0,0.0,1.0,0,0.0,False,False
2018-07-31,CASH,0.0,0.0,0.0,0.0,0.0,0.0,0.0,1.0,0,0.0,False,False
2018-08-01,CASH,0.0,0.0,0.0,0.0,0.0,0.0,0.0,1.0,0,0.0,False,False
2018-08-02,CASH,0.0,0.0,0.0,0.0,0.0,0.0,0.0,1.0,0,0.0,False,False
2018-08-03,CASH,0.0,0.0,0.0,0.0,0.0,0.0,0.0,1.0,0,0.0,False,False
2018-08-04,CASH,0.0,0.0,0.0,0.0,0.0,0.0,0.0,1.0,0,0.0,False,False
2018-08-05,CASH,0.0,0.0,0.0,0.0,0.0,0.0,0.0,1.0,0,0.0,False,False
2018-08-06,CASH,0.0,0.0,0.0,0.0,0.0,0.0,0.0,1.0,0,0.0,False,False
2018-08-07,CASH,0.0,0.0,0.0,0.0,0.0,0.0,0.0,1.0,0,0.0,False,False
2018-08-08,CASH,0.0,0.0,0.0,0.0,0.0,0.0,0.0,1.0,0,0.0,False,False
2018-08-09,CASH,0.0,0.0,0.0,0.0,0.0,0.0,0.0,1.0,0,0.0,False,False
2018-08-10,CASH,0.0,0.0,0.0,0.0,0.0,0.0,0.0,1.0,0,0.0,False,False
2018-08-11,CASH,0.0,0.0,0.0,0.0,0.0,0.0,0.0,1.0,0,0.0,False,False
2018-08-12,CASH,0.0,0.0,0.0,0.0,0.0,0.0,0.0,1.0,0,0.0,False,False
2018-08-13,CASH,0.0,0.0,0.0,0.0,0.0,0.0,0.0,1.0,0,0.0,False,False
2018-08-14,CASH,0.0,0.0,0.0,0.0,0.0,0.0,0.0,1.0,0,0.0,False,False
2018-08-15,CASH,0.0,0.0,0.0,0.0,0.0,0.0,0.0,1.0,0,0.0,False,False
2018-08-16,CASH,0.0,0.0,0.0,0.0,0.0,0.0,0.0,1.0,0,0.0,False,False
2018-08-17,CASH,0.0,0.0,0.0,0.0,0.0,0.0,0.0,1.0,0,0.0,False,False
2018-08-18,CASH,0.0,0.0,0.0,0.0,0.0,0.0,0.0,1.0,0,0.0,False,False
2018-08-19,CASH,0.0,0.0,0.0,0.0,0.0,0.0,0.0,1.0,0,0.0,False,False
2018-08-20,CASH,0.0,0.0,0.0,0.0,0.0,0.0,0.0,1.0,0,0.0,False,False
2018-08-21,CASH,0.0,0.0,0.0,0.0,0.0,0.0,0.0,1.0,0,0.0,False,False
2018-08-22,CASH,0.0,0.0,0.0,0.0,0.0,0.0,0.0,1.0,0,0.0,False,False
2018-08-23,CASH,0.0,0.0,0.0,0.0,0.0,0.0,0.0,1.0,0,0.0,False,False
2018-08-24,CASH,0.0,0.0,0.0,0.0,0.0,0.0,0.0,1.0,0,0.0,False,False
2018-08-25,CASH,0.0,0.0,0.0,0.0,0.0,0.0,0.0,1.0,0,0.0,False,False
2018-08-26,CASH,0.0,0.0,0.0,0.0,0.0,0.0,0.0,1.0,0,0.0,False,False
2018-08-27,CASH,0.0,0.0,0.0,0.0,0.0,0.0,0.0,1.0,0,0.0,False,False
2018-08-28,CASH,0.0,0.0,0.0,0.0,0.0,0.0,0.0,1.0,0,0.0,False,False
2018-08-29,CASH,0.0,0.0,0.0,0.0,0.0,0.0,0.0,1.0,0,0.0,False,False
2018-08-30,CASH,0.0,0.0,0.0,0.0,0.0,0.0,0.0,1.0,0,0.0,False,False
2018-08-31,CASH,0.0,0.0,0.0,0.0,0.0,0.0,0.0,1.0,0,0.0,False,False
2018-09-01,CASH,0.0,0.0,0.0,0.0,0.0,0.0,0.0,1.0,0,0.0,False,False
2018-09-02,CASH,0.0,0.0,0.0,0.0,0.0,0.0,0.0,1.0,0,0.0,False,False
2018-09-03,CASH,0.0,0.0,0.0,0.0,0.0,0.0,0.0,1.0,0,0.0,False,False
2018-09-04,CASH,0.0,0.0,0.0,0.0,0.0,0.0,0.0,1.0,0,0.0,False,False
2018-09-05,CASH,0.0,0.0,0.0,0.0,0.0,0.0,0.0,1.0,0,0.0,False,False
2018-09-06,CASH,0.0,0.0,0.0,0.0,0.0,0.0,0.0,1.0,0,0.0,False,False
2018-09-07,CASH,0.0,0.0,0.0,0.0,0.0,0.0,0.0,1.0,0,0.0,False,False
2018-09-08,CASH,0.0,0.0,0.0,0.0,0.0,0.0,0.0,1.0,0,0.0,False,False
2018-09-09,CASH,0.0,0.0,0.0,0.0,0.0,0.0,0.0,1.0,0,0.0,False,False
2018-09-10,CASH,0.0,0.0,0.0,0.0,0.0,0.0,0.0,1.0,0,0.0,False,False
2018-09-11,CASH,0.0,0.0,0.0,0.0,0.0,0.0,0.0,1.0,0,0.0,False,False
2018-09-12,CASH,0.0,0.0,0.0,0.0,0.0,0.0,0.0,1.0,0,0.0,False,False
2018-09-13,CASH,0.0,0.0,0.0,0.0,0.0,0.0,0.0,1.0,0,0.0,False,False
2018-09-14,CASH,0.0,0.0,0.0,0.0,0.0,0.0,0.0,1.0,0,0.0,False,False
2018-09-15,CASH,0.0,0.0,0.0,0.0,0.0,0.0,0.0,1.0,0,0.0,False,False
2018-09-16,CASH,0.0,0.0,0.0,0.0,0.0,0.0,0.0,1.0,0,0.0,False,False
2018-09-17,CASH,0.0,0.0,0.0,0.0,0.0,0.0,0.0,1.0,0,0.0,False,False
2018-09-18,CASH,0.0,0.0,0.0,0.0,0.0,0.0,0.0,1.0,0,0.0,False,False
2018-09-19,CASH,0.0,0.0,0.0,0.0,0.0,0.0,0.0,1.0,0,0.0,False,False
2018-09-20,CASH,0.0,0.0,0.0,0.0,0.0,0.0,0.0,1.0,0,0.0,False,False
2018-09-21,CASH,0.0,0.0,0.0,0.0,0.0,0.0,0.0,1.0,0,0.0,False,False
2018-09-22,CASH,0.0,0.0,0.0,0.0,0.0,0.0,0.0,1.0,0,0.0,False,False
2018-09-23,CASH,0.0,0.0,0.0,0.0,0.0,0.0,0.0,1.0,0,0.0,False,False
2018-09-24,CASH,0.0,0.0,0.0,0.0,0.0,0.0,0.0,1.0,0,0.0,False,False
2018-09-25,CASH,0.0,0.0,0.0,0.0,0.0,0.0,0.0,1.0,0,0.0,False,False
2018-09-26,CASH,0.0,0.0,0.0,0.0,0.0,0.0,0.0,1.0,0,0.0,False,False
2018-09-27,CASH,0.0,0.0,0.0,0.0,0.0,0.0,0.0,1.0,0,0.0,False,False
2018-09-28,CASH,0.0,0.0,0.0,0.0,0.0,0.0,0.0,1.0,0,0.0,False,False
2018-09-29,CASH,0.0,0.0,0.0,0.0,0.0,0.0,0.0,1.0,0,0.0,False,False
2018-09-30,CASH,0.0,0.0,0.0,0.0,0.0,0.0,0.0,1.0,0,0.0,False,False
2018-10-01,CASH,0.0,0.0,0.0,0.0,0.0,0.0,0.0,1.0,0,0.0,False,False
2018-10-02,CASH,0.0,0.0,0.0,0.0,0.0,0.0,0.0,1.0,0,0.0,False,False
2018-10-03,CASH,0.0,0.0,0.0,0.0,0.0,0.0,0.0,1.0,0,0.0,False,False
2018-10-04,CASH,0.0,0.0,0.0,0.0,0.0,0.0,0.0,1.0,0,0.0,False,False
2018-10-05,CASH,0.0,0.0,0.0,0.0,0.0,0.0,0.0,1.0,0,0.0,False,False
2018-10-06,CASH,0.0,0.0,0.0,0.0,0.0,0.0,0.0,1.0,0,0.0,False,False
2018-10-07,CASH,0.0,0.0,0.0,0.0,0.0,0.0,0.0,1.0,0,0.0,False,False
2018-10-08,CASH,0.0,0.0,0.0,0.0,0.0,0.0,0.0,1.0,0,0.0,False,False
2018-10-09,CASH,0.0,0.0,0.0,0.0,0.0,0.0,0.0,1.0,0,0.0,False,False
2018-10-10,CASH,0.0,0.0,0.0,0.0,0.0,0.0,0.0,1.0,0,0.0,False,False
2018-10-11,CASH,0.0,0.0,0.0,0.0,0.0,0.0,0.0,1.0,0,0.0,False,False
2018-10-12,CASH,0.0,0.0,0.0,0.0,0.0,0.0,0.0,1.0,0,0.0,False,False
2018-10-13,CASH,0.0,0.0,0.0,0.0,0.0,0.0,0.0,1.0,0,0.0,False,False
2018-10-14,CASH,0.0,0.0,0.0,0.0,0.0,0.0,0.0,1.0,0,0.0,False,False
2018-10-15,CASH,0.0,0.0,0.0,0.0,0.0,0.0,0.0,1.0,0,0.0,False,False
2018-10-16,CASH,0.0,0.0,0.0,0.0,0.0,0.0,0.0,1.0,0,0.0,False,False
2018-10-17,CASH,0.0,0.0,0.0,0.0,0.0,0.0,0.0,1.0,0,0.0,False,False
2018-10-18,CASH,0.0,0.0,0.0,0.0,0.0,0.0,0.0,1.0,0,0.0,False,False
2018-10-19,CASH,0.0,0.0,0.0,0.0,0.0,0.0,0.0,1.0,0,0.0,False,False
2018-10-20,CASH,0.0,0.0,0.0,0.0,0.0,0.0,0.0,1.0,0,0.0,False,False
2018-10-21,CASH,0.0,0.0,0.0,0.0,0.0,0.0,0.0,1.0,0,0.0,False,False
2018-10-22,CASH,0.0,0.0,0.0,0.0,0.0,0.0,0.0,1.0,0,0.0,False,False
2018-10-23,CASH,0.0,0.0,0.0,0.0,0.0,0.0,0.0,1.0,0,0.0,False,False
2018-10-24,CASH,0.0,0.0,0.0,0.0,0.0,0.0,0.0,1.0,0,0.0,False,False
2018-10-25,CASH,0.0,0.0,0.0,0.0,0.0,0.0,0.0,1.0,0,0.0,False,False
2018-10-26,CASH,0.0,0.0,0.0,0.0,0.0,0.0,0.0,1.0,0,0.0,False,False
2018-10-27,CASH,0.0,0.0,0.0,0.0,0.0,0.0,0.0,1.0,0,0.0,False,False
2018-10-28,CASH,0.0,0.0,0.0,0.0,0.0,0.0,0.0,1.0,0,0.0,False,False
2018-10-29,CASH,0.0,0.0,0.0,0.0,0.0,0.0,0.0,1.0,0,0.0,False,False
2018-10-30,CASH,0.0,0.0,0.0,0.0,0.0,0.0,0.0,1.0,0,0.0,False,False
2018-10-31,CASH,0.0,0.0,0.0,0.0,0.0,0.0,0.0,1.0,0,0.0,False,False
2018-11-01,CASH,0.0,0.0,0.0,0.0,0.0,0.0,0.0,1.0,0,0.0,False,False
2018-11-02,CASH,0.0,0.0,0.0,0.0,0.0,0.0,0.0,1.0,0,0.0,False,False
2018-11-03,CASH,0.0,0.0,0.0,0.0,0.0,0.0,0.0,1.0,0,0.0,False,False
2018-11-04,CASH,0.0,0.0,0.0,0.0,0.0,0.0,0.0,1.0,0,0.0,False,False
2018-11-05,CASH,0.0,0.0,0.0,0.0,0.0,0.0,0.0,1.0,0,0.0,False,False
2018-11-06,CASH,0.0,0.0,0.0,0.0,0.0,0.0,0.0,1.0,0,0.0,False,False
2018-11-07,CASH,0.0,0.0,0.0,0.0,0.0,0.0,0.0,1.0,0,0.0,False,False
2018-11-08,CASH,0.0,0.0,0.0,0.0,0.0,0.0,0.0,1.0,0,0.0,False,False
2018-11-09,CASH,0.0,0.0,0.0,0.0,0.0,0.0,0.0,1.0,0,0.0,False,False
2018-11-10,CASH,0.0,0.0,0.0,0.0,0.0,0.0,0.0,1.0,0,0.0,False,False
2018-11-11,CASH,0.0,0.0,0.0,0.0,0.0,0.0,0.0,1.0,0,0.0,False,False
2018-11-12,CASH,0.0,0.0,0.0,0.0,0.0,0.0,0.0,1.0,0,0.0,False,False
2018-11-13,CASH,0.0,0.0,0.0,0.0,0.0,0.0,0.0,1.0,0,0.0,False,False
2018-11-14,CASH,0.0,0.0,0.0,0.0,0.0,0.0,0.0,1.0,0,0.0,False,False
2018-11-15,CASH,0.0,0.0,0.0,0.0,0.0,0.0,0.0,1.0,0,0.0,False,False
2018-11-16,CASH,0.0,0.0,0.0,0.0,0.0,0.0,0.0,1.0,0,0.0,False,False
2018-11-17,CASH,0.0,0.0,0.0,0.0,0.0,0.0,0.0,1.0,0,0.0,False,False
2018-11-18,CASH,0.0,0.0,0.0,0.0,0.0,0.0,0.0,1.0,0,0.0,False,False
2018-11-19,CASH,0.0,0.0,0.0,0.0,0.0,0.0,0.0,1.0,0,0.0,False,False
2018-11-20,CASH,0.0,0.0,0.0,0.0,0.0,0.0,0.0,1.0,0,0.0,False,False
2018-11-21,CASH,0.0,0.0,0.0,0.0,0.0,0.0,0.0,1.0,0,0.0,False,False
2018-11-22,CASH,0.0,0.0,0.0,0.0,0.0,0.0,0.0,1.0,0,0.0,False,False
2018-11-23,CASH,0.0,0.0,0.0,0.0,0.0,0.0,0.0,1.0,0,0.0,False,False
2018-11-24,CASH,0.0,0.0,0.0,0.0,0.0,0.0,0.0,1.0,0,0.0,False,False
2018-11-25,CASH,0.0,0.0,0.0,0.0,0.0,0.0,0.0,1.0,0,0.0,False,False
2018-11-26,CASH,0.0,0.0,0.0,0.0,0.0,0.0,0.0,1.0,0,0.0,False,False
2018-11-27,CASH,0.0,0.0,0.0,0.0,0.0,0.0,0.0,1.0,0,0.0,False,False
2018-11-28,CASH,0.0,0.0,0.0,0.0,0.0,0.0,0.0,1.0,0,0.0,False,False
2018-11-29,CASH,0.0,0.0,0.0,0.0,0.0,0.0,0.0,1.0,0,0.0,False,False
2018-11-30,CASH,0.0,0.0,0.0,0.0,0.0,0.0,0.0,1.0,0,0.0,False,False
2018-12-01,CASH,0.0,0.0,0.0,0.0,0.0,0.0,0.0,1.0,0,0.0,False,False
2018-12-02,CASH,0.0,0.0,0.0,0.0,0.0,0.0,0.0,1.0,0,0.0,False,False
2018-12-03,CASH,0.0,0.0,0.0,0.0,0.0,0.0,0.0,1.0,0,0.0,False,False
2018-12-04,CASH,0.0,0.0,0.0,0.0,0.0,0.0,0.0,1.0,0,0.0,False,False
2018-12-05,CASH,0.0,0.0,0.0,0.0,0.0,0.0,0.0,1.0,0,0.0,False,False
2018-12-06,CASH,0.0,0.0,0.0,0.0,0.0,0.0,0.0,1.0,0,0.0,False,False
2018-12-07,CASH,0.0,0.0,0.0,0.0,0.0,0.0,0.0,1.0,0,0.0,False,False
2018-12-08,CASH,0.0,0.0,0.0,0.0,0.0,0.0,0.0,1.0,0,0.0,False,False
2018-12-09,CASH,0.0,0.0,0.0,0.0,0.0,0.0,0.0,1.0,0,0.0,False,False
2018-12-10,CASH,0.0,0.0,0.0,0.0,0.0,0.0,0.0,1.0,0,0.0,False,False
2018-12-11,CASH,0.0,0.0,0.0,0.0,0.0,0.0,0.0,1.0,0,0.0,False,False
2018-12-12,CASH,0.0,0.0,0.0,0.0,0.0,0.0,0.0,1.0,0,0.0,False,False
2018-12-13,CASH,0.0,0.0,0.0,0.0,0.0,0.0,0.0,1.0,0,0.0,False,False
2018-12-14,CASH,0.0,0.0,0.0,0.0,0.0,0.0,0.0,1.0,0,0.0,False,False
2018-12-15,CASH,0.0,0.0,0.0,0.0,0.0,0.0,0.0,1.0,0,0.0,False,False
2018-12-16,CASH,0.0,0.0,0.0,0.0,0.0,0.0,0.0,1.0,0,0.0,False,False
2018-12-17,CASH,0.0,0.0,0.0,0.0,0.0,0.0,0.0,1.0,0,0.0,False,False
2018-12-18,CASH,0.0,0.0,0.0,0.0,0.0,0.0,0.0,1.0,0,0.0,False,False
2018-12-19,CASH,0.0,0.0,0.0,0.0,0.0,0.0,0.0,1.0,0,0.0,False,False
2018-12-20,CASH,0.0,0.0,0.0,0.0,0.0,0.0,0.0,1.0,0,0.0,False,False
2018-12-21,CASH,0.0,0.0,0.0,0.0,0.0,0.0,0.0,1.0,0,0.0,False,False
2018-12-22,CASH,0.0,0.0,0.0,0.0,0.0,0.0,0.0,1.0,0,0.0,False,False
2018-12-23,CASH,0.0,0.0,0.0,0.0,0.0,0.0,0.0,1.0,0,0.0,False,False
2018-12-24,CASH,0.0,0.0,0.0,0.0,0.0,0.0,0.0,1.0,0,0.0,False,False
2018-12-25,CASH,0.0,0.0,0.0,0.0,0.0,0.0,0.0,1.0,0,0.0,False,False
2018-12-26,CASH,0.0,0.0,0.0,0.0,0.0,0.0,0.0,1.0,0,0.0,False,False
2018-12-27,CASH,0.0,0.0,0.0,0.0,0.0,0.0,0.0,1.0,0,0.0,False,False
2018-12-28,CASH,0.0,0.0,0.0,0.0,0.0,0.0,0.0,1.0,0,0.0,False,False
2018-12-29,CASH,0.0,0.0,0.0,0.0,0.0,0.0,0.0,1.0,0,0.0,False,False
2018-12-30,CASH,0.0,0.0,0.0,0.0,0.0,0.0,0.0,1.0,0,0.0,False,False
2018-12-31,CASH,0.0,0.0,0.0,0.0,0.0,0.0,0.0,1.0,0,0.0,False,False
2019-01-01,CASH,0.0,0.0,0.0,0.0,0.0,0.0,0.0,1.0,0,0.0,False,False
2019-01-02,CASH,0.0,0.0,0.0,0.0,0.0,0.0,0.0,1.0,0,0.0,False,False
2019-01-03,CASH,0.0,0.0,0.0,0.0,0.0,0.0,0.0,1.0,0,0.0,False,False
2019-01-04,CASH,0.0,0.0,0.0,0.0,0.0,0.0,0.0,1.0,0,0.0,False,False
2019-01-05,CASH,0.0,0.0,0.0,0.0,0.0,0.0,0.0,1.0,0,0.0,False,False
2019-01-06,CASH,0.0,0.0,0.0,0.0,0.0,0.0,0.0,1.0,0,0.0,False,False
2019-01-07,CASH,0.0,0.0,0.0,0.0,0.0,0.0,0.0,1.0,0,0.0,False,False
2019-01-08,CASH,0.0,0.0,0.0,0.0,0.0,0.0,0.0,1.0,0,0.0,False,False
2019-01-09,CASH,0.0,0.0,0.0,0.0,0.0,0.0,0.0,1.0,0,0.0,False,False
2019-01-10,CASH,0.0,0.0,0.0,0.0,0.0,0.0,0.0,1.0,0,0.0,False,False
2019-01-11,CASH,0.0,0.0,0.0,0.0,0.0,0.0,0.0,1.0,0,0.0,False,False
2019-01-12,CASH,0.0,0.0,0.0,0.0,0.0,0.0,0.0,1.0,0,0.0,False,False
2019-01-13,CASH,0.0,0.0,0.0,0.0,0.0,0.0,0.0,1.0,0,0.0,False,False
2019-01-14,CASH,0.0,0.0,0.0,0.0,0.0,0.0,0.0,1.0,0,0.0,False,False
2019-01-15,CASH,0.0,0.0,0.0,0.0,0.0,0.0,0.0,1.0,0,0.0,False,False
2019-01-16,CASH,0.0,0.0,0.0,0.0,0.0,0.0,0.0,1.0,0,0.0,False,False
2019-01-17,CASH,0.0,0.0,0.0,0.0,0.0,0.0,0.0,1.0,0,0.0,False,False
2019-01-18,CASH,0.0,0.0,0.0,0.0,0.0,0.0,0.0,1.0,0,0.0,False,False
2019-01-19,CASH,0.0,0.0,0.0,0.0,0.0,0.0,0.0,1.0,0,0.0,False,False
2019-01-20,CASH,0.0,0.0,0.0,0.0,0.0,0.0,0.0,1.0,0,0.0,False,False
2019-01-21,CASH,0.0,0.0,0.0,0.0,0.0,0.0,0.0,1.0,0,0.0,False,False
2019-01-22,CASH,0.0,0.0,0.0,0.0,0.0,0.0,0.0,1.0,0,0.0,False,False
2019-01-23,CASH,0.0,0.0,0.0,0.0,0.0,0.0,0.0,1.0,0,0.0,False,False
2019-01-24,CASH,0.0,0.0,0.0,0.0,0.0,0.0,0.0,1.0,0,0.0,False,False
2019-01-25,CASH,0.0,0.0,0.0,0.0,0.0,0.0,0.0,1.0,0,0.0,False,False
2019-01-26,CASH,0.0,0.0,0.0,0.0,0.0,0.0,0.0,1.0,0,0.0,False,False
2019-01-27,CASH,0.0,0.0,0.0,0.0,0.0,0.0,0.0,1.0,0,0.0,False,False
2019-01-28,CASH,0.0,0.0,0.0,0.0,0.0,0.0,0.0,1.0,0,0.0,False,False
2019-01-29,CASH,0.0,0.0,0.0,0.0,0.0,0.0,0.0,1.0,0,0.0,False,False
2019-01-30,CASH,0.0,0.0,0.0,0.0,0.0,0.0,0.0,1.0,0,0.0,False,False
2019-01-31,CASH,0.0,0.0,0.0,0.0,0.0,0.0,0.0,1.0,0,0.0,False,False
2019-02-01,CASH,0.0,0.0,0.0,0.0,0.0,0.0,0.0,1.0,0,0.0,False,False
2019-02-02,CASH,0.0,0.0,0.0,0.0,0.0,0.0,0.0,1.0,0,0.0,False,False
2019-02-03,CASH,0.0,0.0,0.0,0.0,0.0,0.0,0.0,1.0,0,0.0,False,False
2019-02-04,CASH,0.0,0.0,0.0,0.0,0.0,0.0,0.0,1.0,0,0.0,False,False
2019-02-05,CASH,0.0,0.0,0.0,0.0,0.0,0.0,0.0,1.0,0,0.0,False,False
2019-02-06,CASH,0.0,0.0,0.0,0.0,0.0,0.0,0.0,1.0,0,0.0,False,False
2019-02-07,CASH,0.0,0.0,0.0,0.0,0.0,0.0,0.0,1.0,0,0.0,False,False
2019-02-08,CASH,0.0,0.0,0.0,0.0,0.0,0.0,0.0,1.0,0,0.0,False,False
2019-02-09,CASH,0.0,0.0,0.0,0.0,0.0,0.0,0.0,1.0,0,0.0,False,False
2019-02-10,CASH,0.0,0.0,0.0,0.0,0.0,0.0,0.0,1.0,0,0.0,False,False
2019-02-11,CASH,0.0,0.0,0.0,0.0,0.0,0.0,0.0,1.0,0,0.0,False,False
2019-02-12,CASH,0.0,0.0,0.0,0.0,0.0,0.0,0.0,1.0,0,0.0,False,False
2019-02-13,CASH,0.0,0.0,0.0,0.0,0.0,0.0,0.0,1.0,0,0.0,False,False
2019-02-14,CASH,0.0,0.0,0.0,0.0,0.0,0.0,0.0,1.0,0,0.0,False,False
2019-02-15,CASH,0.0,0.0,0.0,0.0,0.0,0.0,0.0,1.0,0,0.0,False,False
2019-02-16,CASH,0.0,0.0,0.0,0.0,0.0,0.0,0.0,1.0,0,0.0,False,False
2019-02-17,CASH,0.0,0.0,0.0,0.0,0.0,0.0,0.0,1.0,0,0.0,False,False
2019-02-18,CASH,0.0,0.0,0.0,0.0,0.0,0.0,0.0,1.0,0,0.0,False,False
2019-02-19,CASH,0.0,0.0,0.0,0.0,0.0,0.0,0.0,1.0,0,0.0,False,False
2019-02-20,ETHUSDT,1.0,-0.018526003772568078,1.0,0.0015,-0.02002600377256808,-0.018526003772568078,-0.008169300760251241,0.9799739962274319,1,0.010356703012316837,True,False
2019-02-21,ETHUSDT,1.0,0.011462694762852665,0.0,0.0,0.011462694762852665,0.011462694762852665,0.027851826372765398,0.9912071390217199,1,0.016389131609912733,True,False
2019-02-22,CASH,0.0,0.0,1.0,0.0015,-0.0015,0.0,0.0,0.9897203283131873,0,0.0,False,False
2019-02-23,ETHUSDT,1.0,-0.16281133151657268,1.0,0.0015,-0.16431133151657268,-0.16281133151657268,-0.07261455274320605,0.827098063339028,1,0.09019677877336663,True,True
2019-02-24,CASH,0.0,0.0,1.0,0.0015,-0.0015,0.0,0.0,0.8258574162440195,0,0.0,False,False
2019-02-25,CASH,0.0,0.0,0.0,0.0,0.0,0.0,0.0,0.8258574162440195,0,0.0,False,False
2019-02-26,CASH,0.0,0.0,0.0,0.0,0.0,0.0,0.0,0.8258574162440195,0,0.0,False,False
2019-02-27,CASH,0.0,0.0,0.0,0.0,0.0,0.0,0.0,0.8258574162440195,0,0.0,False,False
2019-02-28,CASH,0.0,0.0,0.0,0.0,0.0,0.0,0.0,0.8258574162440195,0,0.0,False,False
2019-03-01,CASH,0.0,0.0,0.0,0.0,0.0,0.0,0.0,0.8258574162440195,0,0.0,False,False
2019-03-02,CASH,0.0,0.0,0.0,0.0,0.0,0.0,0.0,0.8258574162440195,0,0.0,False,False
2019-03-03,CASH,0.0,0.0,0.0,0.0,0.0,0.0,0.0,0.8258574162440195,0,0.0,False,False
2019-03-04,CASH,0.0,0.0,0.0,0.0,0.0,0.0,0.0,0.8258574162440195,0,0.0,False,False
2019-03-05,CASH,0.0,0.0,0.0,0.0,0.0,0.0,0.0,0.8258574162440195,0,0.0,False,False
2019-03-06,CASH,0.0,0.0,0.0,0.0,0.0,0.0,0.0,0.8258574162440195,0,0.0,False,False
2019-03-07,CASH,0.0,0.0,0.0,0.0,0.0,0.0,0.0,0.8258574162440195,0,0.0,False,False
2019-03-08,CASH,0.0,0.0,0.0,0.0,0.0,0.0,0.0,0.8258574162440195,0,0.0,False,False
2019-03-09,CASH,0.0,0.0,0.0,0.0,0.0,0.0,0.0,0.8258574162440195,0,0.0,False,False
2019-03-10,CASH,0.0,0.0,0.0,0.0,0.0,0.0,0.0,0.8258574162440195,0,0.0,False,False
2019-03-11,CASH,0.0,0.0,0.0,0.0,0.0,0.0,0.0,0.8258574162440195,0,0.0,False,False
2019-03-12,CASH,0.0,0.0,0.0,0.0,0.0,0.0,0.0,0.8258574162440195,0,0.0,False,False
2019-03-13,CASH,0.0,0.0,0.0,0.0,0.0,0.0,0.0,0.8258574162440195,0,0.0,False,False
2019-03-14,CASH,0.0,0.0,0.0,0.0,0.0,0.0,0.0,0.8258574162440195,0,0.0,False,False
2019-03-15,ADAUSDT,1.0,0.027265437048917374,1.0,0.0015,0.025765437048917372,0.027265437048917374,0.06797071577707592,0.8471359935136363,1,0.040705278728158545,True,True
2019-03-16,CASH,0.0,0.0,1.0,0.0015,-0.0015,0.0,0.0,0.8458652895233659,0,0.0,False,False
2019-03-17,ADAUSDT,1.0,0.0028095524784266246,1.0,0.0015,0.0013095524784266246,0.0028095524784266246,0.0028095524784266246,0.8469729945096762,1,0.0,False,False
2019-03-18,ADAUSDT,1.0,0.04162497498499107,0.0,0.0,0.04162497498499107,0.04162497498499107,0.04162497498499107,0.8822282242191045,1,0.0,False,False
2019-03-19,ADAUSDT,1.0,0.028818443804034644,0.0,0.0,0.028818443804034644,0.028818443804034644,0.028818443804034644,0.9076526687210961,1,0.0,False,False
2019-03-20,ADAUSDT,1.0,-0.022408963585434205,0.0,0.0,-0.022408963585434205,-0.022408963585434205,-0.015433930903478554,0.8873131131195029,1,0.006975032681955651,True,False
2019-03-21,ADAUSDT,1.0,0.10391595033428835,0.0,0.0,0.10391595033428835,0.10391595033428835,0.10391595033428835,0.9795190985133919,1,0.0,False,False
2019-03-22,ADAUSDT,1.0,0.09863298148468602,0.0,0.0,0.09863298148468602,0.09863298148468602,0.09863298148468602,1.0761319876209596,1,0.0,False,False
2019-03-23,ADAUSDT,1.0,-0.03118601354544026,0.0,0.0,-0.03118601354544026,-0.03118601354544026,0.13011486357061242,1.0425717208783307,1,0.16130087711605268,True,True
2019-03-24,ADAUSDT,1.0,-0.04779710616159982,0.0,0.0,-0.04779710616159982,-0.04779710616159982,-0.013039117352056206,0.9927398096544273,1,0.034757988809543616,True,True
2019-03-25,LTCUSDT,1.0,-0.004234417344173402,2.0,0.003,-0.007234417344173402,-0.004234417344173402,0.053440327812873445,0.985557915557212,1,0.05767474515704685,True,True
2019-03-26,LTCUSDT,1.0,0.04507569314509263,0.0,0.0,0.04507569314509263,0.04507569314509263,0.08541329011345233,1.0299826217355859,1,0.0403375969683597,True,True
2019-03-27,LTCUSDT,1.0,-0.01529947916666663,0.0,0.0,-0.01529947916666663,-0.01529947916666663,0.004006024096385508,1.0142244240723135,1,0.019305503263052137,True,False
2019-03-28,BNBUSDT,1.0,-0.011472114721147175,2.0,0.003,-0.014472114721147174,-0.011472114721147175,0.08563578079682488,0.9995464518541496,1,0.09710789551797205,True,True
2019-03-29,BNBUSDT,1.0,0.02982039780762702,0.0,0.0,0.02982039780762702,0.02982039780762702,0.02982039780762702,1.0293533246756423,1,0.0,False,False
2019-03-30,BNBUSDT,1.0,0.03365435620572188,0.0,0.0,0.03365435620572188,0.03365435620572188,0.03365435620572188,1.0639955481258205,1,0.0,False,False
2019-03-31,BNBUSDT,1.0,0.020025545114496834,0.0,0.0,0.020025545114496834,0.020025545114496834,0.031621118901130396,1.085302638976438,1,0.011595573786633562,True,False
2019-04-01,BNBUSDT,1.0,0.10211417199588557,0.0,0.0,0.10211417199588557,0.10211417199588557,0.27014061207609585,1.1961274193204665,1,0.16802644008021028,True,True
2019-04-02,LTCUSDT,1.0,0.10953373274290179,2.0,0.003,0.10653373274290179,0.10953373274290179,0.10953373274290179,1.3235553381368097,1,0.0,False,False
2019-04-03,BNBUSDT,1.0,0.023888209004307548,2.0,0.003,0.02088820900430755,0.023888209004307548,0.023888209004307548,1.3512020386685786,1,0.0,False,False
2019-04-04,CASH,0.0,0.0,1.0,0.0015,-0.0015,0.0,0.0,1.3491752356105757,0,0.0,False,False
2019-04-05,BNBUSDT,1.0,-0.015036895129016736,1.0,0.0015,-0.016536895129016738,-0.015036895129016736,0.04499093381686303,1.326864066228617,1,0.06002782894587977,True,True
2019-04-06,BNBUSDT,1.0,-0.006406458884898658,0.0,0.0,-0.006406458884898658,-0.006406458884898658,0.0526283987915408,1.318363566142474,1,0.059034857676439456,True,True
2019-04-07,BNBUSDT,1.0,-0.05142383774001058,0.0,0.0,-0.05142383774001058,-0.05142383774001058,0.025888295735032374,1.2505682520348216,1,0.07731213347504295,True,True
2019-04-08,BNBUSDT,1.0,0.017838766916791426,0.0,0.0,0.017838766916791426,0.017838766916791426,0.017838766916791426,1.27287684759641,1,0.0,False,False
2019-04-09,ETHUSDT,1.0,0.014432989690721598,2.0,0.003,0.011432989690721599,0.014432989690721598,0.07951254826254828,1.287429635472538,1,0.06507955857182668,True,True
2019-04-10,BNBUSDT,1.0,-0.03752741228070178,2.0,0.003,-0.04052741228070178,-0.03752741228070178,-0.03752741228070178,1.235253443853349,1,0.0,False,False
2019-04-11,CASH,0.0,0.0,1.0,0.0015,-0.0015,0.0,0.0,1.233400563687569,0,0.0,False,False
2019-04-12,CASH,0.0,0.0,0.0,0.0,0.0,0.0,0.0,1.233400563687569,0,0.0,False,False
2019-04-13,CASH,0.0,0.0,0.0,0.0,0.0,0.0,0.0,1.233400563687569,0,0.0,False,False
2019-04-14,CASH,0.0,0.0,0.0,0.0,0.0,0.0,0.0,1.233400563687569,0,0.0,False,False
2019-04-15,CASH,0.0,0.0,0.0,0.0,0.0,0.0,0.0,1.233400563687569,0,0.0,False,False
2019-04-16,BTCUSDT,1.0,0.00562457960616336,1.0,0.0015,0.004124579606163361,0.00562457960616336,0.03264461533710117,1.238487822498785,1,0.027020035730937808,True,True
2019-04-17,BTCUSDT,1.0,0.010690356383653565,0.0,0.0,0.010690356383653565,0.010690356383653565,0.12314765403719052,1.251727698698112,1,0.11245729765353696,True,True
2019-04-18,BTCUSDT,1.0,4.564091251402225e-05,0.0,0.0,4.564091251402225e-05,4.564091251402225e-05,0.11101567925148936,1.2517848286924997,1,0.11097003833897534,True,True
2019-04-19,BTCUSDT,1.0,0.006284847147953299,0.0,0.0,0.006284847147953299,0.006284847147953299,0.023438656512656975,1.259652105002959,1,0.017153809364703676,True,False
2019-04-20,BTCUSDT,1.0,-0.006725588796102411,0.0,0.0,-0.006725588796102411,-0.006725588796102411,-0.006725588796102411,1.2511802029185644,1,0.0,False,False
2019-04-21,BTCUSDT,1.0,0.01921562211052219,0.0,0.0,0.01921562211052219,0.01921562211052219,0.06412005457025916,1.275222408890014,1,0.044904432459736965,True,True
2019-04-22,BTCUSDT,1.0,0.025418413556487218,0.0,0.0,0.025418413556487218,0.025418413556487218,0.025418413556487218,1.3076365394556801,1,0.0,False,False
2019-04-23,BTCUSDT,1.0,-0.014255521716415087,0.0,0.0,-0.014255521716415087,-0.014255521716415087,0.01881930275880439,1.2889954983702918,1,0.03307482447521948,True,True
2019-04-24,BTCUSDT,1.0,-0.03602954755309329,0.0,0.0,-0.03602954755309329,-0.03602954755309329,-0.014687714481811831,1.2425535737660363,1,0.021341833071281457,True,True
2019-04-25,BTCUSDT,1.0,0.018046322726489095,0.0,0.0,0.018046322726489095,0.018046322726489095,0.04077363602071271,1.2649770965631706,1,0.022727313294223617,True,True
2019-04-26,BTCUSDT,1.0,-0.003464368378464977,0.0,0.0,-0.003464368378464977,-0.003464368378464977,0.008728001144655773,1.2605947499103547,1,0.01219236952312075,True,False
2019-04-27,BTCUSDT,1.0,0.002233892089605005,0.0,0.0,0.002233892089605005,0.002233892089605005,0.026310158520711058,1.263410782550377,1,0.024076266431106053,True,True
2019-04-28,BTCUSDT,1.0,-0.013072018569878274,0.0,0.0,-0.013072018569878274,-0.013072018569878274,-0.013072018569878274,1.246895453339494,1,0.0,False,False
2019-04-29,BTCUSDT,1.0,0.01578231967835908,0.0,0.0,0.01578231967835908,0.01578231967835908,0.0950346250184173,1.2665743559895903,1,0.07925230534005823,True,True
2019-04-30,BTCUSDT,1.0,0.011725658311422471,0.0,0.0,0.011725658311422471,0.011725658311422471,0.011725658311422471,1.2814257741139343,1,0.0,False,False
2019-05-01,BTCUSDT,1.0,0.020372640808441034,0.0,0.0,0.020372640808441034,0.020372640808441034,0.07942848785125323,1.307531801132636,1,0.05905584704281219,True,True
2019-05-02,BTCUSDT,1.0,0.05094240351583057,0.0,0.0,0.05094240351583057,0.05094240351583057,0.07519001085776322,1.3741406137557155,1,0.024247607341932653,True,True
2019-05-03,BTCUSDT,1.0,0.009832504430343558,0.0,0.0,0.009832504430343558,0.009832504430343558,0.009832504430343558,1.3876518574283836,1,0.0,False,False
2019-05-04,BTCUSDT,1.0,-0.009234147303776474,0.0,0.0,-0.009234147303776474,-0.009234147303776474,0.0038839956660026154,1.374838075770531,1,0.01311814296977909,True,False
2019-05-05,BTCUSDT,1.0,-0.004818530304971591,0.0,0.0,-0.004818530304971591,-0.004818530304971591,0.06102422569763877,1.3682133768380018,1,0.06584275600261036,True,True
2019-05-06,BTCUSDT,1.0,0.017145720355127736,0.0,0.0,0.017145720355127736,0.017145720355127736,0.017145720355127736,1.3916723807834113,1,0.0,False,False
2019-05-07,BTCUSDT,1.0,0.024109100736529054,0.0,0.0,0.024109100736529054,0.024109100736529054,0.024109100736529054,1.4252243504039637,1,0.0,False,False
2019-05-08,BTCUSDT,1.0,0.037060172465339214,0.0,0.0,0.037060172465339214,0.037060172465339214,0.037060172465339214,1.4780434106317357,1,0.0,False,False
2019-05-09,BTCUSDT,1.0,0.026436663134262517,0.0,0.0,0.026436663134262517,0.026436663134262517,0.04128713081512614,1.5171179463764233,1,0.014850467680863622,True,False
2019-05-10,BTCUSDT,1.0,0.11028614554714733,0.0,0.0,0.11028614554714733,0.11028614554714733,0.1704149509027557,1.6844350370226828,1,0.06012880535560838,True,True
2019-05-11,BTCUSDT,1.0,-0.015390985582698136,0.0,0.0,-0.015390985582698136,-0.015390985582698136,0.004205537852243868,1.6585099216528751,1,0.019596523434942004,True,False
2019-05-12,BTCUSDT,1.0,0.11818047424328748,0.0,0.0,0.11818047424328748,0.11818047424328748,0.12576220241798852,1.8545134107310095,1,0.007581728174701041,True,False
2019-05-13,BTCUSDT,1.0,0.020132953222491867,0.0,0.0,0.020132953222491867,0.020132953222491867,0.2619951248110093,1.8918502424797408,1,0.24186217158851742,True,True
2019-05-14,BTCUSDT,1.0,0.02797210716244969,0.0,0.0,0.02797210716244969,0.02797210716244969,0.14648798521256934,1.9447692801976906,1,0.11851587805011965,True,True
2019-05-15,BTCUSDT,1.0,-0.037121765707410215,0.0,0.0,-0.037121765707410215,-0.037121765707410215,0.06509471987101967,1.8725760106232232,1,0.10221648557842988,True,True
2019-05-16,BTCUSDT,1.0,-0.06500020974780685,0.0,0.0,-0.06500020974780685,-0.06500020974780685,-0.01937326922491711,1.7508581771640024,1,0.045626940522889736,True,True
2019-05-17,CASH,0.0,0.0,1.0,0.0015,-0.0015,0.0,0.0,1.7482318898982565,0,0.0,False,False
2019-05-18,CASH,0.0,0.0,0.0,0.0,0.0,0.0,0.0,1.7482318898982565,0,0.0,False,False
2019-05-19,CASH,0.0,0.0,0.0,0.0,0.0,0.0,0.0,1.7482318898982565,0,0.0,False,False
2019-05-20,CASH,0.0,0.0,0.0,0.0,0.0,0.0,0.0,1.7482318898982565,0,0.0,False,False
2019-05-21,CASH,0.0,0.0,0.0,0.0,0.0,0.0,0.0,1.7482318898982565,0,0.0,False,False
2019-05-22,CASH,0.0,0.0,0.0,0.0,0.0,0.0,0.0,1.7482318898982565,0,0.0,False,False
2019-05-23,CASH,0.0,0.0,0.0,0.0,0.0,0.0,0.0,1.7482318898982565,0,0.0,False,False
2019-05-24,CASH,0.0,0.0,0.0,0.0,0.0,0.0,0.0,1.7482318898982565,0,0.0,False,False
2019-05-25,CASH,0.0,0.0,0.0,0.0,0.0,0.0,0.0,1.7482318898982565,0,0.0,False,False
2019-05-26,CASH,0.0,0.0,0.0,0.0,0.0,0.0,0.0,1.7482318898982565,0,0.0,False,False
2019-05-27,CASH,0.0,0.0,0.0,0.0,0.0,0.0,0.0,1.7482318898982565,0,0.0,False,False
2019-05-28,CASH,0.0,0.0,0.0,0.0,0.0,0.0,0.0,1.7482318898982565,0,0.0,False,False
2019-05-29,CASH,0.0,0.0,0.0,0.0,0.0,0.0,0.0,1.7482318898982565,0,0.0,False,False
2019-05-30,CASH,0.0,0.0,0.0,0.0,0.0,0.0,0.0,1.7482318898982565,0,0.0,False,False
2019-05-31,CASH,0.0,0.0,0.0,0.0,0.0,0.0,0.0,1.7482318898982565,0,0.0,False,False
2019-06-01,CASH,0.0,0.0,0.0,0.0,0.0,0.0,0.0,1.7482318898982565,0,0.0,False,False
2019-06-02,CASH,0.0,0.0,0.0,0.0,0.0,0.0,0.0,1.7482318898982565,0,0.0,False,False
2019-06-03,CASH,0.0,0.0,0.0,0.0,0.0,0.0,0.0,1.7482318898982565,0,0.0,False,False
2019-06-04,CASH,0.0,0.0,0.0,0.0,0.0,0.0,0.0,1.7482318898982565,0,0.0,False,False
2019-06-05,CASH,0.0,0.0,0.0,0.0,0.0,0.0,0.0,1.7482318898982565,0,0.0,False,False
2019-06-06,BTCUSDT,1.0,0.024892444809739622,1.0,0.0015,0.02339244480973962,0.024892444809739622,0.049644752225919575,1.7891273078973282,1,0.024752307416179953,True,True
2019-06-07,BTCUSDT,1.0,-0.01089025415605227,0.0,0.0,-0.01089025415605227,-0.01089025415605227,0.01352611642361179,1.7696432567967928,1,0.02441637057966406,True,True
2019-06-08,BTCUSDT,1.0,-0.03363349135124316,0.0,0.0,-0.03363349135124316,-0.03363349135124316,-0.028387424794509064,1.7101239756245321,1,0.005246066556734097,True,False
2019-06-09,CASH,0.0,0.0,1.0,0.0015,-0.0015,0.0,0.0,1.7075587896610953,0,0.0,False,False
2019-06-10,BTCUSDT,1.0,-0.012257680623845246,1.0,0.0015,-0.013757680623845246,-0.012257680623845246,0.050638792102206676,1.6840667411864982,1,0.06289647272605192,True,True
2019-06-11,BTCUSDT,1.0,0.03078542530659867,0.0,0.0,0.03078542530659867,0.03078542530659867,0.09849004804392592,1.7359114520586223,1,0.06770462273732725,True,True
2019-06-12,BTCUSDT,1.0,0.011184058349041015,0.0,0.0,0.011184058349041015,0.011184058349041015,0.011184058349041015,1.7553259870272144,1,0.0,False,False
2019-06-13,BTCUSDT,1.0,0.052498375623894145,0.0,0.0,0.052498375623894145,0.052498375623894145,0.052498375623894145,1.8474777500365518,1,0.0,False,False
2019-06-14,BTCUSDT,1.0,0.018346820809248543,0.0,0.0,0.018346820809248543,0.018346820809248543,0.04196969696969699,1.8813730932655461,1,0.023622876160448447,True,True
2019-06-15,CASH,0.0,0.0,1.0,0.0015,-0.0015,0.0,0.0,1.878551033625648,0,0.0,False,False
2019-06-16,BTCUSDT,1.0,0.040278868309332916,1.0,0.0015,0.038778868309332915,0.040278868309332916,0.05094318520727703,1.951399116770978,1,0.010664316897944115,True,False
2019-06-17,BTCUSDT,1.0,-0.02495286644993111,0.0,0.0,-0.02495286644993111,-0.02495286644993111,0.017875407199825055,1.9027061152196785,1,0.042828273649756166,True,True
2019-06-18,BTCUSDT,1.0,0.019153118135120106,0.0,0.0,0.019153118135120106,0.019153118135120106,0.02194096993317518,1.9391488702208963,1,0.0027878517980550743,True,False
2019-06-19,CASH,0.0,0.0,1.0,0.0015,-0.0015,0.0,0.0,1.936240146915565,0,0.0,False,False
2019-06-20,BNBUSDT,1.0,0.049907568522806756,1.0,0.0015,0.048407568522806754,0.049907568522806756,0.08528132143647227,2.0299688245039897,1,0.03537375291366551,True,True
2019-06-21,BTCUSDT,1.0,0.05606770172029929,2.0,0.003,0.05306770172029929,0.05606770172029929,0.07862146892655364,2.137694604584274,1,0.02255376720625435,True,True
2019-06-22,BTCUSDT,1.0,0.016456498438883527,0.0,0.0,0.016456498438883527,0.016456498438883527,0.02299093018350562,2.1728735725074246,1,0.006534431744622093,True,False
2019-06-23,BTCUSDT,1.0,0.013801488528865091,0.0,0.0,0.013801488528865091,0.013801488528865091,0.013801488528865091,2.20286246219306,1,0.0,False,False
2019-06-24,BTCUSDT,1.0,0.06912348201389396,0.0,0.0,0.06912348201389396,0.06912348201389396,0.06912348201389396,2.355131985977544,1,0.0,False,False
2019-06-25,BTCUSDT,1.0,0.10768590440966208,0.0,0.0,0.10768590440966208,0.10768590440966208,0.10768590440966208,2.6087465038916595,1,0.0,False,False
2019-06-26,BTCUSDT,1.0,-0.13470573859383828,0.0,0.0,-0.13470573859383828,-0.13470573859383828,-0.047592811519730494,2.25733337928084,1,0.08711292707410778,True,True
2019-06-27,CASH,0.0,0.0,1.0,0.0015,-0.0015,0.0,0.0,2.253947379211919,0,0.0,False,False
2019-06-28,CASH,0.0,0.0,0.0,0.0,0.0,0.0,0.0,2.253947379211919,0,0.0,False,False
2019-06-29,CASH,0.0,0.0,0.0,0.0,0.0,0.0,0.0,2.253947379211919,0,0.0,False,False
2019-06-30,CASH,0.0,0.0,0.0,0.0,0.0,0.0,0.0,2.253947379211919,0,0.0,False,False
2019-07-01,CASH,0.0,0.0,0.0,0.0,0.0,0.0,0.0,2.253947379211919,0,0.0,False,False
2019-07-02,CASH,0.0,0.0,0.0,0.0,0.0,0.0,0.0,2.253947379211919,0,0.0,False,False
2019-07-03,CASH,0.0,0.0,0.0,0.0,0.0,0.0,0.0,2.253947379211919,0,0.0,False,False
2019-07-04,BNBUSDT,1.0,-0.016083992166533556,1.0,0.0015,-0.017583992166533557,-0.016083992166533556,0.016765111590563375,2.214313986152078,1,0.03284910375709693,True,True
2019-07-05,CASH,0.0,0.0,1.0,0.0015,-0.0015,0.0,0.0,2.21099251517285,0,0.0,False,False
2019-07-06,CASH,0.0,0.0,0.0,0.0,0.0,0.0,0.0,2.21099251517285,0,0.0,False,False
2019-07-07,CASH,0.0,0.0,0.0,0.0,0.0,0.0,0.0,2.21099251517285,0,0.0,False,False
2019-07-08,CASH,0.0,0.0,0.0,0.0,0.0,0.0,0.0,2.21099251517285,0,0.0,False,False
2019-07-09,CASH,0.0,0.0,0.0,0.0,0.0,0.0,0.0,2.21099251517285,0,0.0,False,False
2019-07-10,CASH,0.0,0.0,0.0,0.0,0.0,0.0,0.0,2.21099251517285,0,0.0,False,False
2019-07-11,CASH,0.0,0.0,0.0,0.0,0.0,0.0,0.0,2.21099251517285,0,0.0,False,False
2019-07-12,CASH,0.0,0.0,0.0,0.0,0.0,0.0,0.0,2.21099251517285,0,0.0,False,False
2019-07-13,CASH,0.0,0.0,0.0,0.0,0.0,0.0,0.0,2.21099251517285,0,0.0,False,False
2019-07-14,CASH,0.0,0.0,0.0,0.0,0.0,0.0,0.0,2.21099251517285,0,0.0,False,False
2019-07-15,CASH,0.0,0.0,0.0,0.0,0.0,0.0,0.0,2.21099251517285,0,0.0,False,False
2019-07-16,CASH,0.0,0.0,0.0,0.0,0.0,0.0,0.0,2.21099251517285,0,0.0,False,False
2019-07-17,CASH,0.0,0.0,0.0,0.0,0.0,0.0,0.0,2.21099251517285,0,0.0,False,False
2019-07-18,CASH,0.0,0.0,0.0,0.0,0.0,0.0,0.0,2.21099251517285,0,0.0,False,False
2019-07-19,CASH,0.0,0.0,0.0,0.0,0.0,0.0,0.0,2.21099251517285,0,0.0,False,False
2019-07-20,CASH,0.0,0.0,0.0,0.0,0.0,0.0,0.0,2.21099251517285,0,0.0,False,False
2019-07-21,CASH,0.0,0.0,0.0,0.0,0.0,0.0,0.0,2.21099251517285,0,0.0,False,False
2019-07-22,CASH,0.0,0.0,0.0,0.0,0.0,0.0,0.0,2.21099251517285,0,0.0,False,False
2019-07-23,CASH,0.0,0.0,0.0,0.0,0.0,0.0,0.0,2.21099251517285,0,0.0,False,False
2019-07-24,CASH,0.0,0.0,0.0,0.0,0.0,0.0,0.0,2.21099251517285,0,0.0,False,False
2019-07-25,CASH,0.0,0.0,0.0,0.0,0.0,0.0,0.0,2.21099251517285,0,0.0,False,False
2019-07-26,CASH,0.0,0.0,0.0,0.0,0.0,0.0,0.0,2.21099251517285,0,0.0,False,False
2019-07-27,CASH,0.0,0.0,0.0,0.0,0.0,0.0,0.0,2.21099251517285,0,0.0,False,False
2019-07-28,CASH,0.0,0.0,0.0,0.0,0.0,0.0,0.0,2.21099251517285,0,0.0,False,False
2019-07-29,CASH,0.0,0.0,0.0,0.0,0.0,0.0,0.0,2.21099251517285,0,0.0,False,False
2019-07-30,CASH,0.0,0.0,0.0,0.0,0.0,0.0,0.0,2.21099251517285,0,0.0,False,False
2019-07-31,CASH,0.0,0.0,0.0,0.0,0.0,0.0,0.0,2.21099251517285,0,0.0,False,False
2019-08-01,CASH,0.0,0.0,0.0,0.0,0.0,0.0,0.0,2.21099251517285,0,0.0,False,False
2019-08-02,CASH,0.0,0.0,0.0,0.0,0.0,0.0,0.0,2.21099251517285,0,0.0,False,False
2019-08-03,CASH,0.0,0.0,0.0,0.0,0.0,0.0,0.0,2.21099251517285,0,0.0,False,False
2019-08-04,CASH,0.0,0.0,0.0,0.0,0.0,0.0,0.0,2.21099251517285,0,0.0,False,False
2019-08-05,BTCUSDT,1.0,-0.029344481266062372,1.0,0.0015,-0.030844481266062374,-0.029344481266062372,-0.012819780517931867,2.1427955979591964,1,0.016524700748130505,True,False
2019-08-06,BTCUSDT,1.0,0.04296754223463628,0.0,0.0,0.04296754223463628,0.04296754223463628,0.07294510764023232,2.234866258314701,1,0.02997756540559604,True,True
2019-08-07,BTCUSDT,1.0,0.002065965596745878,0.0,0.0,0.002065965596745878,0.002065965596745878,0.04846744457252239,2.239483415117707,1,0.04640147897577651,True,True
2019-08-08,BTCUSDT,1.0,-0.009981857985611464,0.0,0.0,-0.009981857985611464,-0.009981857985611464,-0.009981857985611464,2.21712920970687,1,0.0,False,False
2019-08-09,CASH,0.0,0.0,1.0,0.0015,-0.0015,0.0,0.0,2.2138035158923097,0,0.0,False,False
2019-08-10,CASH,0.0,0.0,0.0,0.0,0.0,0.0,0.0,2.2138035158923097,0,0.0,False,False
2019-08-11,BTCUSDT,1.0,-0.013323844131196805,1.0,0.0015,-0.014823844131196804,-0.013323844131196805,-0.0019276614457791608,2.1809864376356267,1,0.011396182685417644,True,False
2019-08-12,CASH,0.0,0.0,1.0,0.0015,-0.0015,0.0,0.0,2.1777149579791732,0,0.0,False,False
2019-08-13,CASH,0.0,0.0,0.0,0.0,0.0,0.0,0.0,2.1777149579791732,0,0.0,False,False
2019-08-14,CASH,0.0,0.0,0.0,0.0,0.0,0.0,0.0,2.1777149579791732,0,0.0,False,False
2019-08-15,CASH,0.0,0.0,0.0,0.0,0.0,0.0,0.0,2.1777149579791732,0,0.0,False,False
2019-08-16,CASH,0.0,0.0,0.0,0.0,0.0,0.0,0.0,2.1777149579791732,0,0.0,False,False
2019-08-17,CASH,0.0,0.0,0.0,0.0,0.0,0.0,0.0,2.1777149579791732,0,0.0,False,False
2019-08-18,CASH,0.0,0.0,0.0,0.0,0.0,0.0,0.0,2.1777149579791732,0,0.0,False,False
2019-08-19,CASH,0.0,0.0,0.0,0.0,0.0,0.0,0.0,2.1777149579791732,0,0.0,False,False
2019-08-20,CASH,0.0,0.0,0.0,0.0,0.0,0.0,0.0,2.1777149579791732,0,0.0,False,False
2019-08-21,CASH,0.0,0.0,0.0,0.0,0.0,0.0,0.0,2.1777149579791732,0,0.0,False,False
2019-08-22,CASH,0.0,0.0,0.0,0.0,0.0,0.0,0.0,2.1777149579791732,0,0.0,False,False
2019-08-23,CASH,0.0,0.0,0.0,0.0,0.0,0.0,0.0,2.1777149579791732,0,0.0,False,False
2019-08-24,CASH,0.0,0.0,0.0,0.0,0.0,0.0,0.0,2.1777149579791732,0,0.0,False,False
2019-08-25,CASH,0.0,0.0,0.0,0.0,0.0,0.0,0.0,2.1777149579791732,0,0.0,False,False
2019-08-26,CASH,0.0,0.0,0.0,0.0,0.0,0.0,0.0,2.1777149579791732,0,0.0,False,False
2019-08-27,CASH,0.0,0.0,0.0,0.0,0.0,0.0,0.0,2.1777149579791732,0,0.0,False,False
2019-08-28,CASH,0.0,0.0,0.0,0.0,0.0,0.0,0.0,2.1777149579791732,0,0.0,False,False
2019-08-29,CASH,0.0,0.0,0.0,0.0,0.0,0.0,0.0,2.1777149579791732,0,0.0,False,False
2019-08-30,CASH,0.0,0.0,0.0,0.0,0.0,0.0,0.0,2.1777149579791732,0,0.0,False,False
2019-08-31,CASH,0.0,0.0,0.0,0.0,0.0,0.0,0.0,2.1777149579791732,0,0.0,False,False
2019-09-01,CASH,0.0,0.0,0.0,0.0,0.0,0.0,0.0,2.1777149579791732,0,0.0,False,False
2019-09-02,CASH,0.0,0.0,0.0,0.0,0.0,0.0,0.0,2.1777149579791732,0,0.0,False,False
2019-09-03,CASH,0.0,0.0,0.0,0.0,0.0,0.0,0.0,2.1777149579791732,0,0.0,False,False
2019-09-04,CASH,0.0,0.0,0.0,0.0,0.0,0.0,0.0,2.1777149579791732,0,0.0,False,False
2019-09-05,CASH,0.0,0.0,0.0,0.0,0.0,0.0,0.0,2.1777149579791732,0,0.0,False,False
2019-09-06,CASH,0.0,0.0,0.0,0.0,0.0,0.0,0.0,2.1777149579791732,0,0.0,False,False
2019-09-07,CASH,0.0,0.0,0.0,0.0,0.0,0.0,0.0,2.1777149579791732,0,0.0,False,False
2019-09-08,CASH,0.0,0.0,0.0,0.0,0.0,0.0,0.0,2.1777149579791732,0,0.0,False,False
2019-09-09,CASH,0.0,0.0,0.0,0.0,0.0,0.0,0.0,2.1777149579791732,0,0.0,False,False
2019-09-10,CASH,0.0,0.0,0.0,0.0,0.0,0.0,0.0,2.1777149579791732,0,0.0,False,False
2019-09-11,CASH,0.0,0.0,0.0,0.0,0.0,0.0,0.0,2.1777149579791732,0,0.0,False,False
2019-09-12,CASH,0.0,0.0,0.0,0.0,0.0,0.0,0.0,2.1777149579791732,0,0.0,False,False
2019-09-13,CASH,0.0,0.0,0.0,0.0,0.0,0.0,0.0,2.1777149579791732,0,0.0,False,False
2019-09-14,CASH,0.0,0.0,0.0,0.0,0.0,0.0,0.0,2.1777149579791732,0,0.0,False,False
2019-09-15,CASH,0.0,0.0,0.0,0.0,0.0,0.0,0.0,2.1777149579791732,0,0.0,False,False
2019-09-16,CASH,0.0,0.0,0.0,0.0,0.0,0.0,0.0,2.1777149579791732,0,0.0,False,False
2019-09-17,CASH,0.0,0.0,0.0,0.0,0.0,0.0,0.0,2.1777149579791732,0,0.0,False,False
2019-09-18,CASH,0.0,0.0,0.0,0.0,0.0,0.0,0.0,2.1777149579791732,0,0.0,False,False
2019-09-19,CASH,0.0,0.0,0.0,0.0,0.0,0.0,0.0,2.1777149579791732,0,0.0,False,False
2019-09-20,CASH,0.0,0.0,0.0,0.0,0.0,0.0,0.0,2.1777149579791732,0,0.0,False,False
2019-09-21,CASH,0.0,0.0,0.0,0.0,0.0,0.0,0.0,2.1777149579791732,0,0.0,False,False
2019-09-22,CASH,0.0,0.0,0.0,0.0,0.0,0.0,0.0,2.1777149579791732,0,0.0,False,False
2019-09-23,CASH,0.0,0.0,0.0,0.0,0.0,0.0,0.0,2.1777149579791732,0,0.0,False,False
2019-09-24,CASH,0.0,0.0,0.0,0.0,0.0,0.0,0.0,2.1777149579791732,0,0.0,False,False
2019-09-25,CASH,0.0,0.0,0.0,0.0,0.0,0.0,0.0,2.1777149579791732,0,0.0,False,False
2019-09-26,CASH,0.0,0.0,0.0,0.0,0.0,0.0,0.0,2.1777149579791732,0,0.0,False,False
2019-09-27,CASH,0.0,0.0,0.0,0.0,0.0,0.0,0.0,2.1777149579791732,0,0.0,False,False
2019-09-28,CASH,0.0,0.0,0.0,0.0,0.0,0.0,0.0,2.1777149579791732,0,0.0,False,False
2019-09-29,CASH,0.0,0.0,0.0,0.0,0.0,0.0,0.0,2.1777149579791732,0,0.0,False,False
2019-09-30,CASH,0.0,0.0,0.0,0.0,0.0,0.0,0.0,2.1777149579791732,0,0.0,False,False
2019-10-01,CASH,0.0,0.0,0.0,0.0,0.0,0.0,0.0,2.1777149579791732,0,0.0,False,False
2019-10-02,CASH,0.0,0.0,0.0,0.0,0.0,0.0,0.0,2.1777149579791732,0,0.0,False,False
2019-10-03,CASH,0.0,0.0,0.0,0.0,0.0,0.0,0.0,2.1777149579791732,0,0.0,False,False
2019-10-04,CASH,0.0,0.0,0.0,0.0,0.0,0.0,0.0,2.1777149579791732,0,0.0,False,False
2019-10-05,CASH,0.0,0.0,0.0,0.0,0.0,0.0,0.0,2.1777149579791732,0,0.0,False,False
2019-10-06,CASH,0.0,0.0,0.0,0.0,0.0,0.0,0.0,2.1777149579791732,0,0.0,False,False
2019-10-07,CASH,0.0,0.0,0.0,0.0,0.0,0.0,0.0,2.1777149579791732,0,0.0,False,False
2019-10-08,CASH,0.0,0.0,0.0,0.0,0.0,0.0,0.0,2.1777149579791732,0,0.0,False,False
2019-10-09,CASH,0.0,0.0,0.0,0.0,0.0,0.0,0.0,2.1777149579791732,0,0.0,False,False
2019-10-10,CASH,0.0,0.0,0.0,0.0,0.0,0.0,0.0,2.1777149579791732,0,0.0,False,False
2019-10-11,CASH,0.0,0.0,0.0,0.0,0.0,0.0,0.0,2.1777149579791732,0,0.0,False,False
2019-10-12,CASH,0.0,0.0,0.0,0.0,0.0,0.0,0.0,2.1777149579791732,0,0.0,False,False
2019-10-13,CASH,0.0,0.0,0.0,0.0,0.0,0.0,0.0,2.1777149579791732,0,0.0,False,False
2019-10-14,CASH,0.0,0.0,0.0,0.0,0.0,0.0,0.0,2.1777149579791732,0,0.0,False,False
2019-10-15,CASH,0.0,0.0,0.0,0.0,0.0,0.0,0.0,2.1777149579791732,0,0.0,False,False
2019-10-16,CASH,0.0,0.0,0.0,0.0,0.0,0.0,0.0,2.1777149579791732,0,0.0,False,False
2019-10-17,CASH,0.0,0.0,0.0,0.0,0.0,0.0,0.0,2.1777149579791732,0,0.0,False,False
2019-10-18,CASH,0.0,0.0,0.0,0.0,0.0,0.0,0.0,2.1777149579791732,0,0.0,False,False
2019-10-19,CASH,0.0,0.0,0.0,0.0,0.0,0.0,0.0,2.1777149579791732,0,0.0,False,False
2019-10-20,CASH,0.0,0.0,0.0,0.0,0.0,0.0,0.0,2.1777149579791732,0,0.0,False,False
2019-10-21,CASH,0.0,0.0,0.0,0.0,0.0,0.0,0.0,2.1777149579791732,0,0.0,False,False
2019-10-22,CASH,0.0,0.0,0.0,0.0,0.0,0.0,0.0,2.1777149579791732,0,0.0,False,False
2019-10-23,CASH,0.0,0.0,0.0,0.0,0.0,0.0,0.0,2.1777149579791732,0,0.0,False,False
2019-10-24,CASH,0.0,0.0,0.0,0.0,0.0,0.0,0.0,2.1777149579791732,0,0.0,False,False
2019-10-25,CASH,0.0,0.0,0.0,0.0,0.0,0.0,0.0,2.1777149579791732,0,0.0,False,False
2019-10-26,CASH,0.0,0.0,0.0,0.0,0.0,0.0,0.0,2.1777149579791732,0,0.0,False,False
2019-10-27,CASH,0.0,0.0,0.0,0.0,0.0,0.0,0.0,2.1777149579791732,0,0.0,False,False
2019-10-28,CASH,0.0,0.0,0.0,0.0,0.0,0.0,0.0,2.1777149579791732,0,0.0,False,False
2019-10-29,CASH,0.0,0.0,0.0,0.0,0.0,0.0,0.0,2.1777149579791732,0,0.0,False,False
2019-10-30,CASH,0.0,0.0,0.0,0.0,0.0,0.0,0.0,2.1777149579791732,0,0.0,False,False
2019-10-31,CASH,0.0,0.0,0.0,0.0,0.0,0.0,0.0,2.1777149579791732,0,0.0,False,False
2019-11-01,CASH,0.0,0.0,0.0,0.0,0.0,0.0,0.0,2.1777149579791732,0,0.0,False,False
2019-11-02,CASH,0.0,0.0,0.0,0.0,0.0,0.0,0.0,2.1777149579791732,0,0.0,False,False
2019-11-03,CASH,0.0,0.0,0.0,0.0,0.0,0.0,0.0,2.1777149579791732,0,0.0,False,False
2019-11-04,CASH,0.0,0.0,0.0,0.0,0.0,0.0,0.0,2.1777149579791732,0,0.0,False,False
2019-11-05,CASH,0.0,0.0,0.0,0.0,0.0,0.0,0.0,2.1777149579791732,0,0.0,False,False
2019-11-06,CASH,0.0,0.0,0.0,0.0,0.0,0.0,0.0,2.1777149579791732,0,0.0,False,False
2019-11-07,CASH,0.0,0.0,0.0,0.0,0.0,0.0,0.0,2.1777149579791732,0,0.0,False,False
2019-11-08,CASH,0.0,0.0,0.0,0.0,0.0,0.0,0.0,2.1777149579791732,0,0.0,False,False
2019-11-09,CASH,0.0,0.0,0.0,0.0,0.0,0.0,0.0,2.1777149579791732,0,0.0,False,False
2019-11-10,CASH,0.0,0.0,0.0,0.0,0.0,0.0,0.0,2.1777149579791732,0,0.0,False,False
2019-11-11,CASH,0.0,0.0,0.0,0.0,0.0,0.0,0.0,2.1777149579791732,0,0.0,False,False
2019-11-12,CASH,0.0,0.0,0.0,0.0,0.0,0.0,0.0,2.1777149579791732,0,0.0,False,False
2019-11-13,CASH,0.0,0.0,0.0,0.0,0.0,0.0,0.0,2.1777149579791732,0,0.0,False,False
2019-11-14,CASH,0.0,0.0,0.0,0.0,0.0,0.0,0.0,2.1777149579791732,0,0.0,False,False
2019-11-15,CASH,0.0,0.0,0.0,0.0,0.0,0.0,0.0,2.1777149579791732,0,0.0,False,False
2019-11-16,CASH,0.0,0.0,0.0,0.0,0.0,0.0,0.0,2.1777149579791732,0,0.0,False,False
2019-11-17,CASH,0.0,0.0,0.0,0.0,0.0,0.0,0.0,2.1777149579791732,0,0.0,False,False
2019-11-18,CASH,0.0,0.0,0.0,0.0,0.0,0.0,0.0,2.1777149579791732,0,0.0,False,False
2019-11-19,CASH,0.0,0.0,0.0,0.0,0.0,0.0,0.0,2.1777149579791732,0,0.0,False,False
2019-11-20,CASH,0.0,0.0,0.0,0.0,0.0,0.0,0.0,2.1777149579791732,0,0.0,False,False
2019-11-21,CASH,0.0,0.0,0.0,0.0,0.0,0.0,0.0,2.1777149579791732,0,0.0,False,False
2019-11-22,CASH,0.0,0.0,0.0,0.0,0.0,0.0,0.0,2.1777149579791732,0,0.0,False,False
2019-11-23,CASH,0.0,0.0,0.0,0.0,0.0,0.0,0.0,2.1777149579791732,0,0.0,False,False
2019-11-24,CASH,0.0,0.0,0.0,0.0,0.0,0.0,0.0,2.1777149579791732,0,0.0,False,False
2019-11-25,CASH,0.0,0.0,0.0,0.0,0.0,0.0,0.0,2.1777149579791732,0,0.0,False,False
2019-11-26,CASH,0.0,0.0,0.0,0.0,0.0,0.0,0.0,2.1777149579791732,0,0.0,False,False
2019-11-27,CASH,0.0,0.0,0.0,0.0,0.0,0.0,0.0,2.1777149579791732,0,0.0,False,False
2019-11-28,CASH,0.0,0.0,0.0,0.0,0.0,0.0,0.0,2.1777149579791732,0,0.0,False,False
2019-11-29,CASH,0.0,0.0,0.0,0.0,0.0,0.0,0.0,2.1777149579791732,0,0.0,False,False
2019-11-30,CASH,0.0,0.0,0.0,0.0,0.0,0.0,0.0,2.1777149579791732,0,0.0,False,False
2019-12-01,CASH,0.0,0.0,0.0,0.0,0.0,0.0,0.0,2.1777149579791732,0,0.0,False,False
2019-12-02,CASH,0.0,0.0,0.0,0.0,0.0,0.0,0.0,2.1777149579791732,0,0.0,False,False
2019-12-03,CASH,0.0,0.0,0.0,0.0,0.0,0.0,0.0,2.1777149579791732,0,0.0,False,False
2019-12-04,CASH,0.0,0.0,0.0,0.0,0.0,0.0,0.0,2.1777149579791732,0,0.0,False,False
2019-12-05,CASH,0.0,0.0,0.0,0.0,0.0,0.0,0.0,2.1777149579791732,0,0.0,False,False
2019-12-06,CASH,0.0,0.0,0.0,0.0,0.0,0.0,0.0,2.1777149579791732,0,0.0,False,False
2019-12-07,CASH,0.0,0.0,0.0,0.0,0.0,0.0,0.0,2.1777149579791732,0,0.0,False,False
2019-12-08,CASH,0.0,0.0,0.0,0.0,0.0,0.0,0.0,2.1777149579791732,0,0.0,False,False
2019-12-09,CASH,0.0,0.0,0.0,0.0,0.0,0.0,0.0,2.1777149579791732,0,0.0,False,False
2019-12-10,CASH,0.0,0.0,0.0,0.0,0.0,0.0,0.0,2.1777149579791732,0,0.0,False,False
2019-12-11,CASH,0.0,0.0,0.0,0.0,0.0,0.0,0.0,2.1777149579791732,0,0.0,False,False
2019-12-12,CASH,0.0,0.0,0.0,0.0,0.0,0.0,0.0,2.1777149579791732,0,0.0,False,False
2019-12-13,CASH,0.0,0.0,0.0,0.0,0.0,0.0,0.0,2.1777149579791732,0,0.0,False,False
2019-12-14,CASH,0.0,0.0,0.0,0.0,0.0,0.0,0.0,2.1777149579791732,0,0.0,False,False
2019-12-15,CASH,0.0,0.0,0.0,0.0,0.0,0.0,0.0,2.1777149579791732,0,0.0,False,False
2019-12-16,CASH,0.0,0.0,0.0,0.0,0.0,0.0,0.0,2.1777149579791732,0,0.0,False,False
2019-12-17,CASH,0.0,0.0,0.0,0.0,0.0,0.0,0.0,2.1777149579791732,0,0.0,False,False
2019-12-18,CASH,0.0,0.0,0.0,0.0,0.0,0.0,0.0,2.1777149579791732,0,0.0,False,False
2019-12-19,CASH,0.0,0.0,0.0,0.0,0.0,0.0,0.0,2.1777149579791732,0,0.0,False,False
2019-12-20,CASH,0.0,0.0,0.0,0.0,0.0,0.0,0.0,2.1777149579791732,0,0.0,False,False
2019-12-21,CASH,0.0,0.0,0.0,0.0,0.0,0.0,0.0,2.1777149579791732,0,0.0,False,False
2019-12-22,CASH,0.0,0.0,0.0,0.0,0.0,0.0,0.0,2.1777149579791732,0,0.0,False,False
2019-12-23,CASH,0.0,0.0,0.0,0.0,0.0,0.0,0.0,2.1777149579791732,0,0.0,False,False
2019-12-24,CASH,0.0,0.0,0.0,0.0,0.0,0.0,0.0,2.1777149579791732,0,0.0,False,False
2019-12-25,CASH,0.0,0.0,0.0,0.0,0.0,0.0,0.0,2.1777149579791732,0,0.0,False,False
2019-12-26,CASH,0.0,0.0,0.0,0.0,0.0,0.0,0.0,2.1777149579791732,0,0.0,False,False
2019-12-27,CASH,0.0,0.0,0.0,0.0,0.0,0.0,0.0,2.1777149579791732,0,0.0,False,False
2019-12-28,CASH,0.0,0.0,0.0,0.0,0.0,0.0,0.0,2.1777149579791732,0,0.0,False,False
2019-12-29,CASH,0.0,0.0,0.0,0.0,0.0,0.0,0.0,2.1777149579791732,0,0.0,False,False
2019-12-30,CASH,0.0,0.0,0.0,0.0,0.0,0.0,0.0,2.1777149579791732,0,0.0,False,False
2019-12-31,CASH,0.0,0.0,0.0,0.0,0.0,0.0,0.0,2.1777149579791732,0,0.0,False,False
2020-01-01,CASH,0.0,0.0,0.0,0.0,0.0,0.0,0.0,2.1777149579791732,0,0.0,False,False
2020-01-02,CASH,0.0,0.0,0.0,0.0,0.0,0.0,0.0,2.1777149579791732,0,0.0,False,False
2020-01-03,CASH,0.0,0.0,0.0,0.0,0.0,0.0,0.0,2.1777149579791732,0,0.0,False,False
2020-01-04,CASH,0.0,0.0,0.0,0.0,0.0,0.0,0.0,2.1777149579791732,0,0.0,False,False
2020-01-05,CASH,0.0,0.0,0.0,0.0,0.0,0.0,0.0,2.1777149579791732,0,0.0,False,False
2020-01-06,CASH,0.0,0.0,0.0,0.0,0.0,0.0,0.0,2.1777149579791732,0,0.0,False,False
2020-01-07,CASH,0.0,0.0,0.0,0.0,0.0,0.0,0.0,2.1777149579791732,0,0.0,False,False
2020-01-08,CASH,0.0,0.0,0.0,0.0,0.0,0.0,0.0,2.1777149579791732,0,0.0,False,False
2020-01-09,CASH,0.0,0.0,0.0,0.0,0.0,0.0,0.0,2.1777149579791732,0,0.0,False,False
2020-01-10,CASH,0.0,0.0,0.0,0.0,0.0,0.0,0.0,2.1777149579791732,0,0.0,False,False
2020-01-11,CASH,0.0,0.0,0.0,0.0,0.0,0.0,0.0,2.1777149579791732,0,0.0,False,False
2020-01-12,CASH,0.0,0.0,0.0,0.0,0.0,0.0,0.0,2.1777149579791732,0,0.0,False,False
2020-01-13,CASH,0.0,0.0,0.0,0.0,0.0,0.0,0.0,2.1777149579791732,0,0.0,False,False
2020-01-14,CASH,0.0,0.0,0.0,0.0,0.0,0.0,0.0,2.1777149579791732,0,0.0,False,False
2020-01-15,CASH,0.0,0.0,0.0,0.0,0.0,0.0,0.0,2.1777149579791732,0,0.0,False,False
2020-01-16,CASH,0.0,0.0,0.0,0.0,0.0,0.0,0.0,2.1777149579791732,0,0.0,False,False
2020-01-17,ADAUSDT,1.0,-0.00022271714922050823,1.0,0.0015,-0.0017227171492205083,-0.00022271714922050823,0.02603125231430048,2.1739633710749486,1,0.026253969463520987,True,True
2020-01-18,ADAUSDT,1.0,-0.06437959456449094,0.0,0.0,-0.06437959456449094,-0.06437959456449094,-0.023628767800188633,2.0340044906470895,1,0.040750826764302306,True,True
2020-01-19,CASH,0.0,0.0,1.0,0.0015,-0.0015,0.0,0.0,2.030953483911119,0,0.0,False,False
2020-01-20,CASH,0.0,0.0,0.0,0.0,0.0,0.0,0.0,2.030953483911119,0,0.0,False,False
2020-01-21,ADAUSDT,1.0,-0.005867014341590648,1.0,0.0015,-0.007367014341590648,-0.005867014341590648,0.013201320132013139,2.0159914204680423,1,0.019068334473603787,True,False
2020-01-22,ADAUSDT,1.0,-0.05617486338797806,0.0,0.0,-0.05617486338797806,-0.05617486338797806,-0.0312964836080204,1.902743377831914,1,0.02487837977995766,True,True
2020-01-23,CASH,0.0,0.0,1.0,0.0015,-0.0015,0.0,0.0,1.8998892627651662,0,0.0,False,False
2020-01-24,CASH,0.0,0.0,0.0,0.0,0.0,0.0,0.0,1.8998892627651662,0,0.0,False,False
2020-01-25,CASH,0.0,0.0,0.0,0.0,0.0,0.0,0.0,1.8998892627651662,0,0.0,False,False
2020-01-26,CASH,0.0,0.0,0.0,0.0,0.0,0.0,0.0,1.8998892627651662,0,0.0,False,False
2020-01-27,CASH,0.0,0.0,0.0,0.0,0.0,0.0,0.0,1.8998892627651662,0,0.0,False,False
2020-01-28,CASH,0.0,0.0,0.0,0.0,0.0,0.0,0.0,1.8998892627651662,0,0.0,False,False
2020-01-29,CASH,0.0,0.0,0.0,0.0,0.0,0.0,0.0,1.8998892627651662,0,0.0,False,False
2020-01-30,CASH,0.0,0.0,0.0,0.0,0.0,0.0,0.0,1.8998892627651662,0,0.0,False,False
2020-01-31,CASH,0.0,0.0,0.0,0.0,0.0,0.0,0.0,1.8998892627651662,0,0.0,False,False
2020-02-01,CASH,0.0,0.0,0.0,0.0,0.0,0.0,0.0,1.8998892627651662,0,0.0,False,False
2020-02-02,ETHUSDT,1.0,0.00663341116535765,1.0,0.0015,0.00513341116535765,0.00663341116535765,0.022621184919209947,1.909642175519588,1,0.015987773753852297,True,False
2020-02-03,ETHUSDT,1.0,-0.004111972165111499,0.0,0.0,-0.004111972165111499,-0.004111972165111499,0.05044591993085312,1.9017897800485286,1,0.05455789209596462,True,True
2020-02-04,XRPUSDT,1.0,0.03878520402438568,2.0,0.003,0.035785204024385675,0.03878520402438568,0.07871473188290734,1.9698457153390565,1,0.03992952785852166,True,True
2020-02-05,ETHUSDT,1.0,0.0461772499754638,2.0,0.003,0.043177249975463794,0.0461772499754638,0.07296750077873537,2.0548982362033477,1,0.026790250803271576,True,True
2020-02-06,ETHUSDT,1.0,0.04756320652938695,0.0,0.0,0.04756320652938695,0.04756320652938695,0.14435986159169545,2.1526357854087603,1,0.0967966550623085,True,True
2020-02-07,ETHUSDT,1.0,-0.001253750055970948,0.0,0.0,-0.001253750055970948,-0.001253750055970948,0.033230527334300985,2.149936918172319,1,0.034484277390271934,True,True
2020-02-08,ETHUSDT,1.0,0.02438915041470513,0.0,0.0,0.02438915041470513,0.02438915041470513,0.11892348362461447,2.202372053051751,1,0.09453433320990934,True,True
2020-02-09,BNBUSDT,1.0,0.03143970467596402,2.0,0.003,0.02843970467596402,0.03143970467596402,0.03143970467596402,2.2650068638271397,1,0.0,False,False
2020-02-10,BNBUSDT,1.0,0.02186387767681386,0.0,0.0,0.02186387767681386,0.02186387767681386,0.17922745260173656,2.314528696835,1,0.1573635749249227,True,True
2020-02-11,BNBUSDT,1.0,0.028330927020621566,0.0,0.0,0.028330927020621566,0.028330927020621566,0.12273437830073086,2.380101440432167,1,0.0944034512801093,True,True
2020-02-12,ETHUSDT,1.0,0.009708737864077666,2.0,0.003,0.0067087378640776655,0.009708737864077666,0.07499917836132375,2.39606891708594,1,0.06529044049724608,True,True
2020-02-13,ETHUSDT,1.0,0.06272361359570655,0.0,0.0,0.06272361359570655,0.06272361359570655,0.14175158003353538,2.546359017989922,1,0.07902796643782883,True,True
2020-02-14,ETHUSDT,1.0,-0.07108539365246358,0.0,0.0,-0.07108539365246358,-0.07108539365246358,-0.023023045639403605,2.3653500848156077,1,0.048062348013059975,True,True
2020-02-15,ETHUSDT,1.0,-0.022765025672002337,0.0,0.0,-0.022765025672002337,-0.022765025672002337,0.030642214564880588,2.3115028294115074,1,0.053407240236882925,True,True
2020-02-16,CASH,0.0,0.0,1.0,0.0015,-0.0015,0.0,0.0,2.3080355751673904,0,0.0,False,False
2020-02-17,CASH,0.0,0.0,0.0,0.0,0.0,0.0,0.0,2.3080355751673904,0,0.0,False,False
2020-02-18,CASH,0.0,0.0,0.0,0.0,0.0,0.0,0.0,2.3080355751673904,0,0.0,False,False
2020-02-19,CASH,0.0,0.0,0.0,0.0,0.0,0.0,0.0,2.3080355751673904,0,0.0,False,False
2020-02-20,CASH,0.0,0.0,0.0,0.0,0.0,0.0,0.0,2.3080355751673904,0,0.0,False,False
2020-02-21,CASH,0.0,0.0,0.0,0.0,0.0,0.0,0.0,2.3080355751673904,0,0.0,False,False
2020-02-22,CASH,0.0,0.0,0.0,0.0,0.0,0.0,0.0,2.3080355751673904,0,0.0,False,False
2020-02-23,CASH,0.0,0.0,0.0,0.0,0.0,0.0,0.0,2.3080355751673904,0,0.0,False,False
2020-02-24,CASH,0.0,0.0,0.0,0.0,0.0,0.0,0.0,2.3080355751673904,0,0.0,False,False
2020-02-25,CASH,0.0,0.0,0.0,0.0,0.0,0.0,0.0,2.3080355751673904,0,0.0,False,False
2020-02-26,CASH,0.0,0.0,0.0,0.0,0.0,0.0,0.0,2.3080355751673904,0,0.0,False,False
2020-02-27,BTCUSDT,1.0,-0.014767867930152279,1.0,0.0015,-0.01626786793015228,-0.014767867930152279,0.05128982541246607,2.2704887572524743,1,0.06605769334261835,True,True
2020-02-28,BTCUSDT,1.0,-0.01947564164359228,0.0,0.0,-0.01947564164359228,-0.01947564164359228,0.012968952475268525,2.22626953186042,1,0.0324445941188608,True,True
2020-02-29,BTCUSDT,1.0,0.0009702461750360492,0.0,0.0,0.0009702461750360492,0.0009702461750360492,0.002762303761336904,2.2284295613583067,1,0.0017920575863008548,True,False
2020-03-01,CASH,0.0,0.0,1.0,0.0015,-0.0015,0.0,0.0,2.2250869170162693,0,0.0,False,False
2020-03-02,CASH,0.0,0.0,0.0,0.0,0.0,0.0,0.0,2.2250869170162693,0,0.0,False,False
2020-03-03,BTCUSDT,1.0,-0.0010502199183338723,1.0,0.0015,-0.0025502199183338723,-0.0010502199183338723,0.0132973049847116,2.2194124560404704,1,0.014347524903045472,True,False
2020-03-04,CASH,0.0,0.0,1.0,0.0015,-0.0015,0.0,0.0,2.2160833373564097,0,0.0,False,False
2020-03-05,CASH,0.0,0.0,0.0,0.0,0.0,0.0,0.0,2.2160833373564097,0,0.0,False,False
2020-03-06,CASH,0.0,0.0,0.0,0.0,0.0,0.0,0.0,2.2160833373564097,0,0.0,False,False
2020-03-07,CASH,0.0,0.0,0.0,0.0,0.0,0.0,0.0,2.2160833373564097,0,0.0,False,False
2020-03-08,CASH,0.0,0.0,0.0,0.0,0.0,0.0,0.0,2.2160833373564097,0,0.0,False,False
2020-03-09,CASH,0.0,0.0,0.0,0.0,0.0,0.0,0.0,2.2160833373564097,0,0.0,False,False
2020-03-10,CASH,0.0,0.0,0.0,0.0,0.0,0.0,0.0,2.2160833373564097,0,0.0,False,False
2020-03-11,CASH,0.0,0.0,0.0,0.0,0.0,0.0,0.0,2.2160833373564097,0,0.0,False,False
2020-03-12,CASH,0.0,0.0,0.0,0.0,0.0,0.0,0.0,2.2160833373564097,0,0.0,False,False
2020-03-13,CASH,0.0,0.0,0.0,0.0,0.0,0.0,0.0,2.2160833373564097,0,0.0,False,False
2020-03-14,CASH,0.0,0.0,0.0,0.0,0.0,0.0,0.0,2.2160833373564097,0,0.0,False,False
2020-03-15,CASH,0.0,0.0,0.0,0.0,0.0,0.0,0.0,2.2160833373564097,0,0.0,False,False
2020-03-16,CASH,0.0,0.0,0.0,0.0,0.0,0.0,0.0,2.2160833373564097,0,0.0,False,False
2020-03-17,CASH,0.0,0.0,0.0,0.0,0.0,0.0,0.0,2.2160833373564097,0,0.0,False,False
2020-03-18,CASH,0.0,0.0,0.0,0.0,0.0,0.0,0.0,2.2160833373564097,0,0.0,False,False
2020-03-19,CASH,0.0,0.0,0.0,0.0,0.0,0.0,0.0,2.2160833373564097,0,0.0,False,False
2020-03-20,CASH,0.0,0.0,0.0,0.0,0.0,0.0,0.0,2.2160833373564097,0,0.0,False,False
2020-03-21,CASH,0.0,0.0,0.0,0.0,0.0,0.0,0.0,2.2160833373564097,0,0.0,False,False
2020-03-22,CASH,0.0,0.0,0.0,0.0,0.0,0.0,0.0,2.2160833373564097,0,0.0,False,False
2020-03-23,CASH,0.0,0.0,0.0,0.0,0.0,0.0,0.0,2.2160833373564097,0,0.0,False,False
2020-03-24,CASH,0.0,0.0,0.0,0.0,0.0,0.0,0.0,2.2160833373564097,0,0.0,False,False
2020-03-25,CASH,0.0,0.0,0.0,0.0,0.0,0.0,0.0,2.2160833373564097,0,0.0,False,False
2020-03-26,CASH,0.0,0.0,0.0,0.0,0.0,0.0,0.0,2.2160833373564097,0,0.0,False,False
2020-03-27,CASH,0.0,0.0,0.0,0.0,0.0,0.0,0.0,2.2160833373564097,0,0.0,False,False
2020-03-28,CASH,0.0,0.0,0.0,0.0,0.0,0.0,0.0,2.2160833373564097,0,0.0,False,False
2020-03-29,CASH,0.0,0.0,0.0,0.0,0.0,0.0,0.0,2.2160833373564097,0,0.0,False,False
2020-03-30,CASH,0.0,0.0,0.0,0.0,0.0,0.0,0.0,2.2160833373564097,0,0.0,False,False
2020-03-31,CASH,0.0,0.0,0.0,0.0,0.0,0.0,0.0,2.2160833373564097,0,0.0,False,False
2020-04-01,CASH,0.0,0.0,0.0,0.0,0.0,0.0,0.0,2.2160833373564097,0,0.0,False,False
2020-04-02,CASH,0.0,0.0,0.0,0.0,0.0,0.0,0.0,2.2160833373564097,0,0.0,False,False
2020-04-03,CASH,0.0,0.0,0.0,0.0,0.0,0.0,0.0,2.2160833373564097,0,0.0,False,False
2020-04-04,CASH,0.0,0.0,0.0,0.0,0.0,0.0,0.0,2.2160833373564097,0,0.0,False,False
2020-04-05,CASH,0.0,0.0,0.0,0.0,0.0,0.0,0.0,2.2160833373564097,0,0.0,False,False
2020-04-06,CASH,0.0,0.0,0.0,0.0,0.0,0.0,0.0,2.2160833373564097,0,0.0,False,False
2020-04-07,CASH,0.0,0.0,0.0,0.0,0.0,0.0,0.0,2.2160833373564097,0,0.0,False,False
2020-04-08,CASH,0.0,0.0,0.0,0.0,0.0,0.0,0.0,2.2160833373564097,0,0.0,False,False
2020-04-09,CASH,0.0,0.0,0.0,0.0,0.0,0.0,0.0,2.2160833373564097,0,0.0,False,False
2020-04-10,CASH,0.0,0.0,0.0,0.0,0.0,0.0,0.0,2.2160833373564097,0,0.0,False,False
2020-04-11,CASH,0.0,0.0,0.0,0.0,0.0,0.0,0.0,2.2160833373564097,0,0.0,False,False
2020-04-12,CASH,0.0,0.0,0.0,0.0,0.0,0.0,0.0,2.2160833373564097,0,0.0,False,False
2020-04-13,CASH,0.0,0.0,0.0,0.0,0.0,0.0,0.0,2.2160833373564097,0,0.0,False,False
2020-04-14,CASH,0.0,0.0,0.0,0.0,0.0,0.0,0.0,2.2160833373564097,0,0.0,False,False
2020-04-15,CASH,0.0,0.0,0.0,0.0,0.0,0.0,0.0,2.2160833373564097,0,0.0,False,False
2020-04-16,CASH,0.0,0.0,0.0,0.0,0.0,0.0,0.0,2.2160833373564097,0,0.0,False,False
2020-04-17,CASH,0.0,0.0,0.0,0.0,0.0,0.0,0.0,2.2160833373564097,0,0.0,False,False
2020-04-18,CASH,0.0,0.0,0.0,0.0,0.0,0.0,0.0,2.2160833373564097,0,0.0,False,False
2020-04-19,CASH,0.0,0.0,0.0,0.0,0.0,0.0,0.0,2.2160833373564097,0,0.0,False,False
2020-04-20,CASH,0.0,0.0,0.0,0.0,0.0,0.0,0.0,2.2160833373564097,0,0.0,False,False
2020-04-21,CASH,0.0,0.0,0.0,0.0,0.0,0.0,0.0,2.2160833373564097,0,0.0,False,False
2020-04-22,CASH,0.0,0.0,0.0,0.0,0.0,0.0,0.0,2.2160833373564097,0,0.0,False,False
2020-04-23,CASH,0.0,0.0,0.0,0.0,0.0,0.0,0.0,2.2160833373564097,0,0.0,False,False
2020-04-24,CASH,0.0,0.0,0.0,0.0,0.0,0.0,0.0,2.2160833373564097,0,0.0,False,False
2020-04-25,CASH,0.0,0.0,0.0,0.0,0.0,0.0,0.0,2.2160833373564097,0,0.0,False,False
2020-04-26,DOGEUSDT,1.0,-0.025751786010965283,1.0,0.0015,-0.027251786010965284,-0.025751786010965283,0.011974744175919927,2.155691108464307,1,0.03772653018688521,True,True
2020-04-27,DOGEUSDT,1.0,-0.007929740791268847,0.0,0.0,-0.007929740791268847,-0.007929740791268847,0.08451916746847621,2.1385970367481417,1,0.09244890825974506,True,True
2020-04-28,DOGEUSDT,1.0,0.07056295659647605,0.0,0.0,0.07056295659647605,0.07056295659647605,0.13433165610971987,2.2895027666295533,1,0.06376869951324382,True,True
2020-04-29,DOGEUSDT,1.0,-0.023362235067437398,0.0,0.0,-0.023362235067437398,-0.023362235067437398,-0.018063306438292348,2.2360148648080056,1,0.00529892862914505,True,False
2020-04-30,BTCUSDT,1.0,0.024009280742459227,2.0,0.003,0.021009280742459228,0.024009280742459227,0.07133838383838387,2.282991928847069,1,0.04732910309592464,True,True
2020-05-01,BTCUSDT,1.0,0.016437142572301333,0.0,0.0,0.016437142572301333,0.016437142572301333,0.04525175270873172,2.3205177926729417,1,0.028814610136430385,True,True
2020-05-02,BTCUSDT,1.0,-0.008681405030065537,0.0,0.0,-0.008681405030065537,-0.008681405030065537,-0.008681405030065537,2.300372437835274,1,0.0,False,False
2020-05-03,BTCUSDT,1.0,-0.0024960198602229644,0.0,0.0,-0.0024960198602229644,-0.0024960198602229644,0.01097271648873055,2.294630662544528,1,0.013468736348953514,True,False
2020-05-04,BTCUSDT,1.0,0.016892546855486357,0.0,0.0,0.016892546855486357,0.016892546855486357,0.016892546855486357,2.333392818527597,1,0.0,False,False
2020-05-05,BTCUSDT,1.0,0.013421888907239499,0.0,0.0,0.013421888907239499,0.013421888907239499,0.013421888907239499,2.364711357714825,1,0.0,False,False
2020-05-06,BTCUSDT,1.0,0.09225499074693855,0.0,0.0,0.09225499074693855,0.09225499074693855,0.09225499074693855,2.582867782139987,1,0.0,False,False
2020-05-07,BTCUSDT,1.0,-0.018664383561643794,0.0,0.0,-0.018664383561643794,-0.018664383561643794,0.015225453835643332,2.534660147165114,1,0.033889837397287126,True,True
2020-05-08,BTCUSDT,1.0,-0.02659283000731638,0.0,0.0,-0.02659283000731638,-0.02659283000731638,0.056300973428045076,2.4672563607452327,1,0.08289380343536146,True,True
2020-05-09,BTCUSDT,1.0,-0.0856060129567896,0.0,0.0,-0.0856060129567896,-0.0856060129567896,-0.05649089165867682,2.2560443807595547,1,0.02911512129811278,True,True
2020-05-10,CASH,0.0,0.0,1.0,0.0015,-0.0015,0.0,0.0,2.2526603141884154,0,0.0,False,False
2020-05-11,CASH,0.0,0.0,0.0,0.0,0.0,0.0,0.0,2.2526603141884154,0,0.0,False,False
2020-05-12,CASH,0.0,0.0,0.0,0.0,0.0,0.0,0.0,2.2526603141884154,0,0.0,False,False
2020-05-13,CASH,0.0,0.0,0.0,0.0,0.0,0.0,0.0,2.2526603141884154,0,0.0,False,False
2020-05-14,CASH,0.0,0.0,0.0,0.0,0.0,0.0,0.0,2.2526603141884154,0,0.0,False,False
2020-05-15,CASH,0.0,0.0,0.0,0.0,0.0,0.0,0.0,2.2526603141884154,0,0.0,False,False
2020-05-16,CASH,0.0,0.0,0.0,0.0,0.0,0.0,0.0,2.2526603141884154,0,0.0,False,False
2020-05-17,CASH,0.0,0.0,0.0,0.0,0.0,0.0,0.0,2.2526603141884154,0,0.0,False,False
2020-05-18,CASH,0.0,0.0,0.0,0.0,0.0,0.0,0.0,2.2526603141884154,0,0.0,False,False
2020-05-19,CASH,0.0,0.0,0.0,0.0,0.0,0.0,0.0,2.2526603141884154,0,0.0,False,False
2020-05-20,CASH,0.0,0.0,0.0,0.0,0.0,0.0,0.0,2.2526603141884154,0,0.0,False,False
2020-05-21,CASH,0.0,0.0,0.0,0.0,0.0,0.0,0.0,2.2526603141884154,0,0.0,False,False
2020-05-22,CASH,0.0,0.0,0.0,0.0,0.0,0.0,0.0,2.2526603141884154,0,0.0,False,False
2020-05-23,CASH,0.0,0.0,0.0,0.0,0.0,0.0,0.0,2.2526603141884154,0,0.0,False,False
2020-05-24,CASH,0.0,0.0,0.0,0.0,0.0,0.0,0.0,2.2526603141884154,0,0.0,False,False
2020-05-25,DOGEUSDT,1.0,-0.021442110251145174,1.0,0.0015,-0.022942110251145176,-0.021442110251145174,-0.004506137670275079,2.2009795329019255,1,0.016935972580870096,True,False
2020-05-26,ETHUSDT,1.0,0.03683607944646328,2.0,0.003,0.033836079446463274,0.03683607944646328,0.04104542606303685,2.2754520512372345,1,0.004209346616573573,True,False
2020-05-27,ETHUSDT,1.0,0.05722790340390804,0.0,0.0,0.05722790340390804,0.05722790340390804,0.17939415925993107,2.4056714014256633,1,0.12216625585602303,True,True
2020-05-28,ETHUSDT,1.0,0.0020889151264700256,0.0,0.0,0.0020889151264700256,0.0020889151264700256,0.002893380895758968,2.4106966448054177,1,0.0008044657692889423,True,False
2020-05-29,ETHUSDT,1.0,0.10418271627316811,0.0,0.0,0.10418271627316811,0.10418271627316811,0.18890091204204684,2.6618495693718587,1,0.08471819576887873,True,True
2020-05-30,ETHUSDT,1.0,-0.04961832061068705,0.0,0.0,-0.04961832061068705,-0.04961832061068705,-0.010846921916529029,2.5297730640213465,1,0.03877139869415802,True,True
2020-05-31,ETHUSDT,1.0,0.07194368873342838,0.0,0.0,0.07194368873342838,0.07194368873342838,0.09512855209742899,2.7117742699055096,1,0.023184863364000607,True,True
2020-06-01,ETHUSDT,1.0,-0.04238005075937634,0.0,0.0,-0.04238005075937634,-0.04238005075937634,0.004362224506109458,2.5968491386989436,1,0.0467422752654858,True,True
2020-06-02,ETHUSDT,1.0,0.02864835303521107,0.0,0.0,0.02864835303521107,0.02864835303521107,0.08714430894308944,2.6712445896035746,1,0.05849595590787837,True,True
2020-06-03,ETHUSDT,1.0,-0.0053574349746442484,0.0,0.0,-0.0053574349746442484,-0.0053574349746442484,0.037859312923580246,2.656933570413403,1,0.043216747898224495,True,True
2020-06-04,ETHUSDT,1.0,-0.013075120266436424,0.0,0.0,-0.013075120266436424,-0.013075120266436424,0.009956042701375845,2.6221938444403157,1,0.02303116296781227,True,True
2020-06-05,ETHUSDT,1.0,0.007957338666000124,0.0,0.0,0.007957338666000124,0.007957338666000124,0.011388986732417505,2.643059528908428,1,0.003431648066417381,True,False
2020-06-06,LINKUSDT,1.0,-0.0010801617944476982,2.0,0.003,-0.004080161794447698,-0.0010801617944476982,0.0108291311895512,2.632275418398125,1,0.011909292983998898,True,False
2020-06-07,ETHUSDT,1.0,0.0075237160614982646,2.0,0.003,0.0045237160614982645,0.0075237160614982646,0.02910387668238812,2.64418308498662,1,0.021580160620889854,True,True
2020-06-08,ETHUSDT,1.0,-0.010551948051948035,0.0,0.0,-0.010551948051948035,-0.010551948051948035,-0.0009793488250369187,2.6162818024340013,1,0.009572599226911116,True,False
2020-06-09,ETHUSDT,1.0,0.016324856439704716,0.0,0.0,0.016324856439704716,0.016324856439704716,0.01656856333115342,2.658992227264548,1,0.00024370689144870283,True,False
2020-06-10,ETHUSDT,1.0,-0.06969892646702724,0.0,0.0,-0.06969892646702724,-0.06969892646702724,-0.05038624277007875,2.4736633235400394,1,0.019312683696948496,True,False
2020-06-11,ETHUSDT,1.0,0.03054097436119907,0.0,0.0,0.03054097436119907,0.03054097436119907,0.05593197821177087,2.549211411682514,1,0.025391003850571803,True,True
2020-06-12,ETHUSDT,1.0,0.0023573984424332117,0.0,0.0,0.0023573984424332117,0.0023573984424332117,0.010362009171940745,2.5552209186938475,1,0.008004610729507533,True,False
2020-06-13,ETHUSDT,1.0,-0.02662634916635165,0.0,0.0,-0.02662634916635165,-0.02662634916635165,-0.01065726397527822,2.4871847143155392,1,0.01596908519107343,True,False
2020-06-14,ETHUSDT,1.0,-0.003926306251887612,0.0,0.0,-0.003926306251887612,-0.003926306251887612,0.023815755037948305,2.4774192654221228,1,0.027742061289835918,True,True
2020-06-15,ETHUSDT,1.0,0.019232435242138024,0.0,0.0,0.019232435242138024,0.019232435242138024,0.0312675052197382,2.5250660710119788,1,0.012035069977600177,True,False
2020-06-16,ETHUSDT,1.0,-0.006289842753931185,0.0,0.0,-0.006289842753931185,-0.006289842753931185,0.05350157728706617,2.5091838024820268,1,0.059791420040997356,True,True
2020-06-17,ETHUSDT,1.0,-0.010905824993584723,0.0,0.0,-0.010905824993584723,-0.010905824993584723,-0.005857077702297264,2.4818190830554205,1,0.005048747291287459,True,False
2020-06-18,LINKUSDT,1.0,-0.010503440782325235,2.0,0.003,-0.013503440782325234,-0.010503440782325235,-0.0071617497456765156,2.4483059860349368,1,0.0033416910366487196,True,False
2020-06-19,LINKUSDT,1.0,0.01915568570034165,0.0,0.0,0.01915568570034165,0.01915568570034165,0.01915568570034165,2.4952049660016873,1,0.0,False,False
2020-06-20,LINKUSDT,1.0,0.0011253441877168147,0.0,0.0,0.0011253441877168147,0.0011253441877168147,0.0011253441877168147,2.4980129304073393,1,0.0,False,False
2020-06-21,LINKUSDT,1.0,0.07244331770783519,0.0,0.0,0.07244331770783519,0.07244331770783519,0.07244331770783519,2.6789772747631186,1,0.0,False,False
2020-06-22,ETHUSDT,1.0,4.113025953200733e-05,2.0,0.003,-0.0029588697404679927,4.113025953200733e-05,0.07158627149260743,2.6710505299694205,1,0.07154514123307543,True,True
2020-06-23,LINKUSDT,1.0,-0.02031175209673075,2.0,0.003,-0.02331175209673075,-0.02031175209673075,-0.0026582890285161698,2.6087836621769322,1,0.01765346306821458,True,False
2020-06-24,LINKUSDT,1.0,0.022496016994158374,0.0,0.0,0.022496016994158374,0.022496016994158374,0.022496016994158374,2.6674709037753472,1,0.0,False,False
2020-06-25,LINKUSDT,1.0,-0.02744421822412424,0.0,0.0,-0.02744421822412424,-0.02744421822412424,0.017473435655253944,2.594264250185635,1,0.04491765387937818,True,True
2020-06-26,LINKUSDT,1.0,-0.05885117381923821,0.0,0.0,-0.05885117381923821,-0.05885117381923821,-0.01639451617022525,2.441588753864924,1,0.04245665764901296,True,True
2020-06-27,LINKUSDT,1.0,0.03654273911661887,0.0,0.0,0.03654273911661887,0.03654273911661887,0.037477384337037956,2.5308110947274804,1,0.0009346452204190836,True,False
2020-06-28,LINKUSDT,1.0,0.01136463168958568,0.0,0.0,0.01136463168958568,0.01136463168958568,0.04534130543099146,2.559572830694975,1,0.03397667374140578,True,True
2020-06-29,BTCUSDT,1.0,-0.005875403587248806,2.0,0.003,-0.008875403587248806,-0.005875403587248806,0.004679984400051795,2.5368555888116004,1,0.010555387987300602,True,False
2020-06-30,BTCUSDT,1.0,0.010225911112813346,0.0,0.0,0.010225911112813346,0.010225911112813346,0.1665260874804193,2.5627972485688315,1,0.15630017636760596,True,True
2020-07-01,ADAUSDT,1.0,-0.04028509451502926,2.0,0.003,-0.043285094515029265,-0.04028509451502926,0.019737820553678898,2.4518663274416728,1,0.06002291506870816,True,True
2020-07-02,LINKUSDT,1.0,-0.01431369280773398,2.0,0.003,-0.01731369280773398,-0.01431369280773398,0.03917769884834765,2.4094154670427206,1,0.05349139165608163,True,True
2020-07-03,LINKUSDT,1.0,0.01883362573717484,0.0,0.0,0.01883362573717484,0.01883362573717484,0.03625064733298822,2.4547934961943634,1,0.017417021595813376,True,False
2020-07-04,LINKUSDT,1.0,-0.015788381742738666,0.0,0.0,-0.015788381742738666,-0.015788381742738666,0.0007387450026072884,2.4160362793768546,1,0.016527126745345955,True,False
2020-07-05,ADAUSDT,1.0,0.07123203913176401,2.0,0.003,0.06823203913176401,0.07123203913176401,0.13739198402014852,2.580887361335058,1,0.0661599448883845,True,True
2020-07-06,LINKUSDT,1.0,0.06772105861946764,2.0,0.003,0.06472105861946764,0.06772105861946764,0.19726644523345915,2.747925123538267,1,0.1295453866139915,True,True
2020-07-07,LINKUSDT,1.0,0.13518376187814418,0.0,0.0,0.13518376187814418,0.13518376187814418,0.5196747448979593,3.119399979097634,1,0.3844909830198151,True,True
2020-07-08,LINKUSDT,1.0,-0.0641205164109746,0.0,0.0,-0.0641205164109746,-0.0641205164109746,-0.014013916597732434,2.9193824415455105,1,0.05010659981324217,True,True
2020-07-09,ETHUSDT,1.0,-0.0029754525167369206,2.0,0.003,-0.005975452516736921,-0.0029754525167369206,0.02881609755517789,2.9019378103878597,1,0.03179155007191481,True,True
2020-07-10,ETHUSDT,1.0,-0.00857995523501609,0.0,0.0,-0.00857995523501609,-0.00857995523501609,0.07725200351145478,2.8770393138799313,1,0.08583195874647087,True,True
2020-07-11,ETHUSDT,1.0,0.015050796437978242,0.0,0.0,0.015050796437978242,0.015050796437978242,0.20249532740925336,2.9203410469371986,1,0.18744453097127511,True,True
2020-07-12,BNBUSDT,1.0,0.005748822365760686,2.0,0.003,0.0027488223657606862,0.005748822365760686,0.005748822365760686,2.928368545722669,1,0.0,False,False
2020-07-13,BNBUSDT,1.0,-0.017691229366571304,0.0,0.0,-0.017691229366571304,-0.017691229366571304,0.13529247521987986,2.8765621061104367,1,0.15298370458645116,True,True
2020-07-14,BNBUSDT,1.0,-0.02455334918966756,0.0,0.0,-0.02455334918966756,-0.02455334918966756,0.06361210511430015,2.8059328722533414,1,0.08816545430396772,True,True
2020-07-15,BNBUSDT,1.0,-0.026674076132259028,0.0,0.0,-0.026674076132259028,-0.026674076132259028,-0.006945290075672017,2.7310872051968476,1,0.01972878605658701,True,False
2020-07-16,ETHUSDT,1.0,-0.003853234576358333,2.0,0.003,-0.006853234576358333,-0.003853234576358333,0.024154589371980784,2.7123704239311426,1,0.028007823948339117,True,True
2020-07-17,ETHUSDT,1.0,0.012893798083122077,0.0,0.0,0.012893798083122077,0.012893798083122077,0.12978249475890968,2.7473431805039428,1,0.1168886966757876,True,True
2020-07-18,ETHUSDT,1.0,0.014596681800823186,0.0,0.0,0.014596681800823186,0.014596681800823186,0.05041776720483715,2.7874452747074203,1,0.035821085404013964,True,True
2020-07-19,BNBUSDT,1.0,-0.030579393185829806,2.0,0.003,-0.03357939318582981,-0.030579393185829806,-0.005235101786406404,2.6938445538440363,1,0.025344291399423402,True,True
2020-07-20,BNBUSDT,1.0,0.015116378940135622,0.0,0.0,0.015116378940135622,0.015116378940135622,0.04672500212386388,2.734565728925763,1,0.03160862318372826,True,True
2020-07-21,ETHUSDT,1.0,0.07390366057249897,2.0,0.003,0.07090366057249897,0.07390366057249897,0.07390366057249897,2.9284564491827036,1,0.0,False,False
2020-07-22,ETHUSDT,1.0,0.04383104572685226,0.0,0.0,0.04383104572685226,0.04383104572685226,0.05749173238361749,3.056813757715926,1,0.01366068665676523,True,False
2020-07-23,ETHUSDT,1.0,0.013984743915728126,0.0,0.0,0.013984743915728126,0.013984743915728126,0.023216000000000125,3.099562515315658,1,0.009231256084272,True,False
2020-07-24,ETHUSDT,1.0,0.09353394232491508,0.0,0.0,0.09353394232491508,0.09353394232491508,0.17750266458965314,3.3894768168556615,1,0.08396872226473806,True,True
2020-07-25,ETHUSDT,1.0,0.018803642796304754,0.0,0.0,0.018803642796304754,0.018803642796304754,0.03390892633337983,3.4532113281861716,1,0.015105283537075076,True,False
2020-07-26,ETHUSDT,1.0,0.03514469453376212,0.0,0.0,0.03514469453376212,0.03514469453376212,0.11059916186210783,3.5745733854758015,1,0.07545446732834571,True,True
2020-07-27,ETHUSDT,1.0,-0.016028329139875175,0.0,0.0,-0.016028329139875175,-0.016028329139875175,0.07540226567573427,3.5172789467187573,1,0.09143059481560945,True,True
2020-07-28,ETHUSDT,1.0,0.0029674527259526684,0.0,0.0,0.0029674527259526684,0.0029674527259526684,0.056363715315471685,3.5277163057171337,1,0.05339626258951902,True,True
2020-07-29,ETHUSDT,1.0,0.054011519939567654,0.0,0.0,0.054011519939567654,0.054011519939567654,0.054011519939567654,3.7182536253045124,1,0.0,False,False
2020-07-30,ETHUSDT,1.0,0.03422223549437087,0.0,0.0,0.03422223549437087,0.03422223549437087,0.06272533595542451,3.8455005764974817,1,0.028503100461053643,True,True
2020-07-31,ETHUSDT,1.0,0.1174313516010741,0.0,0.0,0.1174313516010741,0.1174313516010741,0.15210918114143923,4.29708290677829,1,0.034677829540365135,True,True
2020-08-01,ETHUSDT,1.0,-0.03767441860465115,0.0,0.0,-0.03767441860465115,-0.03767441860465115,-0.005213338458581629,4.135192806569433,1,0.03246108014606952,True,True
2020-08-02,BTCUSDT,1.0,0.013409385485961378,2.0,0.003,0.010409385485961379,0.013409385485961378,0.1169850508368151,4.17823762255179,1,0.10357566535085372,True,True
2020-08-03,BNBUSDT,1.0,0.010494140695860521,2.0,0.003,0.007494140695860521,0.010494140695860521,0.06686341916931537,4.209549923155931,1,0.056369278473454854,True,True
2020-08-04,BNBUSDT,1.0,0.04447576048613655,0.0,0.0,0.04447576048613655,0.04447576048613655,0.04940506452393989,4.396772857292649,1,0.004929304037803339,True,False
2020-08-05,BNBUSDT,1.0,-0.022519851500464094,0.0,0.0,-0.022519851500464094,-0.022519851500464094,0.07443335118054017,4.297758185465147,1,0.09695320268100427,True,True
2020-08-06,BNBUSDT,1.0,-0.018304342665734774,0.0,0.0,-0.018304342665734774,-0.018304342665734774,-0.010328014617511538,4.219090546943927,1,0.007976328048223236,True,False
2020-08-07,BNBUSDT,1.0,0.026468388835901413,0.0,0.0,0.026468388835901413,0.026468388835901413,0.25479335742353326,4.330763076074315,1,0.22832496858763185,True,True
2020-08-08,BTCUSDT,1.0,-0.006778949122596689,2.0,0.003,-0.009778949122596688,-0.006778949122596689,0.08663734430692482,4.288412764291364,1,0.09341629342952151,True,True
2020-08-09,BNBUSDT,1.0,0.009584336812059613,2.0,0.003,0.006584336812059613,0.009584336812059613,0.023584577978464916,4.316649118320594,1,0.014000241166405303,True,False
2020-08-10,BNBUSDT,1.0,-0.0594913614496686,0.0,0.0,-0.0594913614496686,-0.0594913614496686,-0.029926756694895862,4.0598457853711905,1,0.02956460475477274,True,True
2020-08-11,BTCUSDT,1.0,0.015120153650606483,2.0,0.003,0.012120153650606483,0.015120153650606483,0.26670564972186095,4.109051740087657,1,0.25158549607125447,True,True
2020-08-12,BTCUSDT,1.0,0.0186495888650704,0.0,0.0,0.0186495888650704,0.0186495888650704,0.09649258742703659,4.1856838656655935,1,0.07784299856196619,True,True
2020-08-13,BTCUSDT,1.0,-0.0016519524617996106,0.0,0.0,-0.0016519524617996106,-0.0016519524617996106,0.061470043690591725,4.178769314899392,1,0.06312199615239134,True,True
2020-08-14,BTCUSDT,1.0,0.007810865827589497,0.0,0.0,0.007810865827589497,0.007810865827589497,0.1339297297934825,4.211409121342519,1,0.126118863965893,True,True
2020-08-15,BTCUSDT,1.0,0.004944146333232036,0.0,0.0,0.004944146333232036,0.004944146333232036,0.06716791979949877,4.2322309443075445,1,0.06222377346626673,True,True
2020-08-16,BNBUSDT,1.0,-0.00139827446980334,2.0,0.003,-0.00439827446980334,-0.00139827446980334,0.05245028965085341,4.213616430994885,1,0.05384856412065675,True,True
2020-08-17,BNBUSDT,1.0,-0.022369669860104358,0.0,0.0,-0.022369669860104358,-0.022369669860104358,-0.020747754647357786,4.119359222516418,1,0.001621915212746572,True,False
2020-08-18,BNBUSDT,1.0,-0.025876667900132766,0.0,0.0,-0.025876667900132766,-0.025876667900132766,-0.0003952398302938809,4.012763931954011,1,0.025481428069838885,True,True
2020-08-19,BNBUSDT,1.0,0.03185094810981348,0.0,0.0,0.03185094810981348,0.03185094810981348,0.03447478019435457,4.14057426772761,1,0.002623832084541089,True,False
2020-08-20,BNBUSDT,1.0,-0.04287793215758284,0.0,0.0,-0.04287793215758284,-0.04287793215758284,-0.018110991598592974,3.9630350051825523,1,0.02476694055898987,True,True
2020-08-21,BTCUSDT,1.0,0.01141411145625737,2.0,0.003,0.00841411145625737,0.01141411145625737,0.1428013735767215,3.996380423421208,1,0.13138726212046414,True,True
2020-08-22,ETHUSDT,1.0,-0.011461390547515493,2.0,0.003,-0.014461390547515492,-0.011461390547515493,0.005646902507888907,3.9385872053416686,1,0.0171082930554044,True,False
2020-08-23,BTCUSDT,1.0,0.008591078567976362,2.0,0.003,0.005591078567976362,0.008591078567976362,0.04343374881625772,3.960608155853561,1,0.03484267024828136,True,True
2020-08-24,ETHUSDT,1.0,-0.06070937990580849,2.0,0.003,-0.0637093799058085,-0.06070937990580849,-0.0354379176925782,3.708280266194243,1,0.02527146221323029,True,True
2020-08-25,BTCUSDT,1.0,0.012635155790295949,2.0,0.003,0.00963515579029595,0.012635155790295949,0.07676178062395511,3.744010124273105,1,0.06412662483365916,True,True
2020-08-26,ETHUSDT,1.0,-0.006583551489074968,2.0,0.003,-0.009583551489074967,-0.006583551489074968,0.04111730233019073,3.708129210471516,1,0.0477008538192657,True,True
2020-08-27,BNBUSDT,1.0,-0.0013672136963660542,2.0,0.003,-0.004367213696366054,-0.0013672136963660542,0.04112673340953221,3.6919350177956494,1,0.042493947105898267,True,True
2020-08-28,BNBUSDT,1.0,-0.006121891937559187,0.0,0.0,-0.006121891937559187,-0.006121891937559187,0.08203985265232427,3.6693333905762135,1,0.08816174458988346,True,True
2020-08-29,BNBUSDT,1.0,0.029686396568409323,0.0,0.0,0.029686396568409323,0.029686396568409323,0.10391434088116558,3.778262676750565,1,0.07422794431275626,True,True
2020-08-30,ETHUSDT,1.0,0.01130694269594823,2.0,0.003,0.00830694269594823,0.01130694269594823,0.04307482761556147,3.8096484882965727,1,0.03176788491961324,True,True
2020-08-31,ETHUSDT,1.0,0.09592198990294842,0.0,0.0,0.09592198990294842,0.09592198990294842,0.09592198990294842,4.17507755212474,1,0.0,False,False
2020-09-01,ETHUSDT,1.0,-0.07551535549011357,0.0,0.0,-0.07551535549011357,-0.07551535549011357,0.0025260294379585435,3.859795086577247,1,0.07804138492807211,True,True
2020-09-02,BNBUSDT,1.0,-0.17791093954419912,2.0,0.003,-0.18091093954419912,-0.17791093954419912,-0.1095566244663495,3.1615159310164738,1,0.06835431507784961,True,True
2020-09-03,BTCUSDT,1.0,0.03011581869369917,2.0,0.003,0.02711581869369917,0.03011581869369917,0.07516409062036833,3.2472430237991583,1,0.04504827192666916,True,True
2020-09-04,BTCUSDT,1.0,-0.02676175661122404,0.0,0.0,-0.02676175661122404,-0.02676175661122404,-0.02676175661122404,3.16034109633875,1,0.0,False,False
2020-09-05,BTCUSDT,1.0,0.008804242088624736,0.0,0.0,0.008804242088624736,0.008804242088624736,0.20776856541875355,3.188165504433546,1,0.1989643233301288,True,True
2020-09-06,BTCUSDT,1.0,0.011431134338253823,0.0,0.0,0.011431134338253823,0.011431134338253823,0.019198664440734703,3.224609852607313,1,0.00776753010248088,True,False
2020-09-07,BTCUSDT,1.0,-0.02379056513557709,0.0,0.0,-0.02379056513557709,-0.02379056513557709,0.037477832336716865,3.147894561872035,1,0.061268397472293956,True,True
2020-09-08,BTCUSDT,1.0,0.009139251381256486,0.0,0.0,0.009139251381256486,0.009139251381256486,0.05101852368824544,3.1766639615946737,1,0.04187927230698896,True,True
2020-09-09,BTCUSDT,1.0,0.011514599968686312,0.0,0.0,0.011514599968686312,0.011514599968686312,0.04868177283739494,3.2132419763473785,1,0.03716717286870863,True,True
2020-09-10,BTCUSDT,1.0,0.004935730061420784,0.0,0.0,0.004935730061420784,0.004935730061420784,0.03462884284020884,3.2291016713646554,1,0.029693112778788056,True,True
2020-09-11,BTCUSDT,1.0,0.005104982821342974,0.0,0.0,0.005104982821342974,0.005104982821342974,0.12228827906610484,3.245586179925342,1,0.11718329624476187,True,True
2020-09-12,BTCUSDT,1.0,-0.01035253598341912,0.0,0.0,-0.01035253598341912,-0.01035253598341912,0.09333801087528504,3.2119861322103773,1,0.10369054685870416,True,True
2020-09-13,BTCUSDT,1.0,0.03280224294796308,0.0,0.0,0.03280224294796308,0.03280224294796308,0.03280224294796308,3.3173464816646305,1,0.0,False,False
2020-09-14,BTCUSDT,1.0,0.010639284767194113,0.0,0.0,0.010639284767194113,0.010639284767194113,0.015331585939463599,3.35264067555451,1,0.004692301172269486,True,False
2020-09-15,BTCUSDT,1.0,0.015641645905402957,0.0,0.0,0.015641645905402957,0.015641645905402957,0.027708430900394987,3.405081493849585,1,0.01206678499499203,True,False
2020-09-16,BTCUSDT,1.0,-0.001279896585816509,0.0,0.0,-0.001279896585816509,-0.001279896585816509,0.06641833967845301,3.40072334167118,1,0.06769823626426952,True,True
2020-09-17,BTCUSDT,1.0,-0.0006032912278713942,0.0,0.0,-0.0006032912278713942,-0.0006032912278713942,0.01970843329027505,3.398671715110732,1,0.020311724518146446,True,True
2020-09-18,BTCUSDT,1.0,0.013468832631050365,0.0,0.0,0.013468832631050365,0.013468832631050365,0.013468832631050365,3.4444478556094436,1,0.0,False,False
2020-09-19,BTCUSDT,1.0,-0.014472977668277487,0.0,0.0,-0.014472977668277487,-0.014472977668277487,-0.006164653596645198,3.394596438715662,1,0.00830832407163229,True,False
2020-09-20,BTCUSDT,1.0,-0.04606658437329458,0.0,0.0,-0.04606658437329458,-0.04606658437329458,-0.04606658437329458,3.2382189754582815,1,0.0,False,False
2020-09-21,BTCUSDT,1.0,0.010788866895390603,0.0,0.0,0.010788866895390603,0.010788866895390603,0.03994256850262934,3.273155688962629,1,0.029153701607238736,True,True
2020-09-22,BTCUSDT,1.0,-0.027365685908595005,0.0,0.0,-0.027365685908595005,-0.027365685908595005,-0.027365685908595005,3.183583538448547,1,0.0,False,False
2020-09-23,BTCUSDT,1.0,0.04831928260228535,0.0,0.0,0.04831928260228535,0.04831928260228535,0.2924938452674033,3.337412011130826,1,0.24417456266511794,True,True
2020-09-24,BTCUSDT,1.0,-0.004624489583022862,0.0,0.0,-0.004624489583022862,-0.004624489583022862,0.17433971407802273,3.3219781840510962,1,0.1789642036610456,True,True
2020-09-25,BTCUSDT,1.0,0.003923579562202351,0.0,0.0,0.003923579562202351,0.003923579562202351,0.061047123811375226,3.335012229760121,1,0.057123544249172875,True,True
2020-09-26,BTCUSDT,1.0,0.004254982010700292,0.0,0.0,0.004254982010700292,0.004254982010700292,0.06106630355085363,3.349202646803216,1,0.05681132154015334,True,True
2020-09-27,BTCUSDT,1.0,-0.007251548831705201,0.0,0.0,-0.007251548831705201,-0.007251548831705201,0.02797988648051497,3.324915740262646,1,0.03523143531222017,True,True
2020-09-28,BTCUSDT,1.0,0.013496482836766965,0.0,0.0,0.013496482836766965,0.013496482836766965,0.0707454003075727,3.369790408484797,1,0.05724891747080574,True,True
2020-09-29,BTCUSDT,1.0,-0.005893650465662037,0.0,0.0,-0.005893650465662037,-0.005893650465662037,0.012839769368670817,3.3499300416746474,1,0.018733419834332854,True,False
2020-09-30,BTCUSDT,1.0,-0.01461130097739649,0.0,0.0,-0.01461130097739649,-0.01461130097739649,0.00021626297577848064,3.300983205582517,1,0.014827563953174971,True,False
2020-10-01,BTCUSDT,1.0,-0.004588888166921379,0.0,0.0,-0.004588888166921379,-0.004588888166921379,-0.004588888166921379,3.285835362811213,1,0.0,False,False
2020-10-02,BTCUSDT,1.0,-0.0026810716718383976,0.0,0.0,-0.0026810716718383976,-0.0026810716718383976,0.031086187534065557,3.277025802701655,1,0.033767259205903954,True,True
2020-10-03,BTCUSDT,1.0,0.011816476096702111,0.0,0.0,0.011816476096702111,0.011816476096702111,0.06535470287457579,3.315748699767555,1,0.053538226777873676,True,True
2020-10-04,XRPUSDT,1.0,0.009518431878680511,2.0,0.003,0.006518431878680511,0.009518431878680511,0.023998637167010894,3.337362181793814,1,0.014480205288330383,True,False
2020-10-05,XRPUSDT,1.0,-0.01937674790251709,0.0,0.0,-0.01937674790251709,-0.01937674790251709,-0.007552870090634434,3.272694956137801,1,0.011823877811882655,True,False
2020-10-06,XRPUSDT,1.0,0.013240985944184214,0.0,0.0,0.013240985944184214,0.013240985944184214,0.02406231112226176,3.316028664051624,1,0.010821325178077545,True,False
2020-10-07,XRPUSDT,1.0,0.01089666264575806,0.0,0.0,0.01089666264575806,0.01089666264575806,0.0645330126170669,3.3521623097274587,1,0.05363634997130884,True,True
2020-10-08,XRPUSDT,1.0,0.006045901117696095,0.0,0.0,0.006045901117696095,0.006045901117696095,0.08750549197648372,3.3724291515825384,1,0.08145959085878762,True,True
2020-10-09,CASH,0.0,0.0,1.0,0.0015,-0.0015,0.0,0.0,3.367370507855165,0,0.0,False,False
2020-10-10,LTCUSDT,1.0,0.03273322422258573,1.0,0.0015,0.03123322422258573,0.03273322422258573,0.03273322422258573,3.472544345967527,1,0.0,False,False
2020-10-11,BNBUSDT,1.0,0.07442747422626206,2.0,0.003,0.07142747422626206,0.07442747422626206,0.07442747422626206,3.720579417738675,1,0.0,False,False
2020-10-12,BNBUSDT,1.0,0.002456745937233773,0.0,0.0,0.002456745937233773,0.002456745937233773,0.002456745937233773,3.7297199361073603,1,0.0,False,False
2020-10-13,BNBUSDT,1.0,0.0036581873096050987,0.0,0.0,0.0036581873096050987,0.0036581873096050987,0.0036581873096050987,3.7433639502460094,1,0.0,False,False
2020-10-14,BNBUSDT,1.0,0.015811660937804062,0.0,0.0,0.015811660937804062,0.015811660937804062,0.015811660937804062,3.802552751794098,1,0.0,False,False
2020-10-15,BNBUSDT,1.0,-0.04066961207446951,0.0,0.0,-0.04066961207446951,-0.04066961207446951,0.003352213616922839,3.6479044064859254,1,0.04402182569139235,True,True
2020-10-16,BNBUSDT,1.0,0.006315803484672866,0.0,0.0,0.006315803484672866,0.006315803484672866,0.017668523141924464,3.6709438538481627,1,0.011352719657251598,True,False
2020-10-17,BNBUSDT,1.0,0.013818804684968322,0.0,0.0,0.013818804684968322,0.013818804684968322,0.029567033980445467,3.7216719099739755,1,0.015748229295477145,True,False
2020-10-18,BNBUSDT,1.0,-0.024416734889576852,0.0,0.0,-0.024416734889576852,-0.024416734889576852,0.021588018575797507,3.6308008336021556,1,0.04600475346537436,True,True
2020-10-19,BTCUSDT,1.0,0.013489376222719507,2.0,0.003,0.010489376222719508,0.013489376222719507,0.013489376222719507,3.6688856695355727,1,0.0,False,False
2020-10-20,BTCUSDT,1.0,0.07312936450828245,0.0,0.0,0.07312936450828245,0.07312936450828245,0.13011945392491464,3.9371889470022534,1,0.056990089416632195,True,True
2020-10-21,BTCUSDT,1.0,0.014674953994066264,0.0,0.0,0.014674953994066264,0.014674953994066264,0.10824842624440256,3.9949670136654576,1,0.0935734722503363,True,True
2020-10-22,BTCUSDT,1.0,-0.003504640467840603,0.0,0.0,-0.003504640467840603,-0.003504640467840603,0.01968721251149952,3.9809660906016773,1,0.023191852979340122,True,True
2020-10-23,BTCUSDT,1.0,0.01459869829692173,0.0,0.0,0.01459869829692173,0.01459869829692173,0.06874774449657162,4.039083013488647,1,0.054149046199649886,True,True
2020-10-24,LTCUSDT,1.0,-0.006584501097416706,2.0,0.003,-0.009584501097416705,-0.006584501097416706,0.006182438839370308,4.000370417913308,1,0.012766939936787014,True,False
2020-10-25,LTCUSDT,1.0,-0.03433038749150241,0.0,0.0,-0.03433038749150241,-0.03433038749150241,0.030493228890069002,3.8630361513568006,1,0.06482361638157141,True,True
2020-10-26,LTCUSDT,1.0,0.01918338613164372,0.0,0.0,0.01918338613164372,0.01918338613164372,0.04474191687371998,3.937142265488777,1,0.025558530742076258,True,True
2020-10-27,BTCUSDT,1.0,-0.027116851725961233,2.0,0.003,-0.030116851725961232,-0.027116851725961233,-0.027116851725961233,3.8185679356550364,1,0.0,False,False
2020-10-28,BTCUSDT,1.0,0.014269131037809801,0.0,0.0,0.014269131037809801,0.014269131037809801,0.014269131037809801,3.873055581905677,1,0.0,False,False
2020-10-29,BTCUSDT,1.0,0.007758793671083675,0.0,0.0,0.007758793671083675,0.007758793671083675,0.007758793671083675,3.903105821042322,1,0.0,False,False
2020-10-30,BTCUSDT,1.0,0.017027898024350785,0.0,0.0,0.017027898024350785,0.017027898024350785,0.03166080355489731,3.9695675089412807,1,0.014632905530546525,True,False
2020-10-31,BTCUSDT,1.0,-0.002139076209121904,0.0,0.0,-0.002139076209121904,-0.002139076209121904,0.05666666666666664,3.961076301522401,1,0.05880574287578855,True,True
2020-11-01,BTCUSDT,1.0,-0.015414744032263838,0.0,0.0,-0.015414744032263838,-0.015414744032263838,-0.015414744032263838,3.900017324242167,1,0.0,False,False
2020-11-02,BTCUSDT,1.0,0.034994985006682855,0.0,0.0,0.034994985006682855,0.034994985006682855,0.034994985006682855,4.036498372029825,1,0.0,False,False
2020-11-03,BTCUSDT,1.0,0.008591274807412841,0.0,0.0,0.008591274807412841,0.008591274807412841,0.03766628854284826,4.071177038803607,1,0.029075013735435418,True,True
2020-11-04,BTCUSDT,1.0,0.1022347976281126,0.0,0.0,0.1022347976281126,0.1022347976281126,0.1022347976281126,4.487392999473912,1,0.0,False,False
2020-11-05,BTCUSDT,1.0,-0.0006478503555480408,0.0,0.0,-0.0006478503555480408,-0.0006478503555480408,0.11874487284659563,4.484485840323719,1,0.11939272320214367,True,True
2020-11-06,BTCUSDT,1.0,-0.048884718278399464,0.0,0.0,-0.048884718278399464,-0.048884718278399464,-0.03155603917301408,4.265263013396023,1,0.01732867910538538,True,False
2020-11-07,BTCUSDT,1.0,0.04432357287948019,0.0,0.0,0.04432357287948019,0.04432357287948019,0.08043319335588839,4.454314709420433,1,0.0361096204764082,True,True
2020-11-08,BTCUSDT,1.0,-0.009479098681107079,0.0,0.0,-0.009479098681107079,-0.009479098681107079,-0.00882214922571567,4.41209182073313,1,0.000656949455391409,True,False
2020-11-09,BTCUSDT,1.0,-0.002035436160697679,0.0,0.0,-0.002035436160697679,-0.002035436160697679,0.039246405077253854,4.403111289496891,1,0.04128184123795153,True,True
2020-11-10,BTCUSDT,1.0,0.025300692086988485,0.0,0.0,0.025300692086988485,0.025300692086988485,0.028311942088200093,4.514513052457195,1,0.0030112500012116072,True,False
2020-11-11,BTCUSDT,1.0,0.03874079968171884,0.0,0.0,0.03874079968171884,0.03874079968171884,0.03874079968171884,4.689408898282944,1,0.0,False,False
2020-11-12,BTCUSDT,1.0,0.0017702091719422608,0.0,0.0,0.0017702091719422608,0.0017702091719422608,0.08629776021080371,4.697710132925672,1,0.08452755103886145,True,True
2020-11-13,BTCUSDT,1.0,-0.015333288400620093,0.0,0.0,-0.015333288400620093,-0.015333288400620093,0.008800300864986621,4.625678788635008,1,0.024133589265606714,True,True
2020-11-14,BTCUSDT,1.0,-0.007059540958716193,0.0,0.0,-0.007059540958716193,-0.007059540958716193,0.004846406203399933,4.593023619764774,1,0.011905947162116126,True,False
2020-11-15,BTCUSDT,1.0,0.04741304756533182,0.0,0.0,0.04741304756533182,0.04741304756533182,0.18561335902376364,4.810792867117374,1,0.1382003114584318,True,True
2020-11-16,BTCUSDT,1.0,0.05658934626175016,0.0,0.0,0.05658934626175016,0.05658934626175016,0.06116951744135379,5.083032490468237,1,0.0045801711796036315,True,False
2020-11-17,BTCUSDT,1.0,0.006610651110061427,0.0,0.0,0.006610651110061427,0.006610651110061427,0.012348444125903413,5.116634644843829,1,0.005737793015841985,True,False
2020-11-18,BTCUSDT,1.0,0.0015020150629045936,0.0,0.0,0.0015020150629045936,0.0015020150629045936,0.11046036502315437,5.124319907151764,1,0.10895834996024978,True,True
2020-11-19,BTCUSDT,1.0,0.04790533185192003,0.0,0.0,0.04790533185192003,0.04790533185192003,0.11690273843248344,5.369802152819269,1,0.06899740658056341,True,True
2020-11-20,XRPUSDT,1.0,0.40289775999515043,2.0,0.003,0.3998977599951504,0.40289775999515043,0.40289775999515043,7.517174005348832,1,0.0,False,False
2020-11-21,ETHUSDT,1.0,0.013904227392051993,2.0,0.003,0.010904227392051994,0.013904227392051993,0.09487025648717573,7.599142980048779,1,0.08096602909512374,True,True
2020-11-22,ETHUSDT,1.0,0.08669178436869474,0.0,0.0,0.08669178436869474,0.08669178436869474,0.38035462105758655,8.257926244662048,1,0.2936628366888918,True,True
2020-11-23,ETHUSDT,1.0,-0.005931841335568011,0.0,0.0,-0.005931841335568011,-0.005931841335568011,0.15597774460578107,8.20894153641789,1,0.16190958594134908,True,True
2020-11-24,ETHUSDT,1.0,-0.05863100649618991,0.0,0.0,-0.05863100649618991,-0.05863100649618991,-0.023011470244535204,7.72764303186933,1,0.035619536251654704,True,True
2020-11-25,ETHUSDT,1.0,-0.08721685689201042,0.0,0.0,-0.08721685689201042,-0.08721685689201042,-0.08385227716488652,7.053662295446241,1,0.0033645797271238953,True,False
2020-11-26,CASH,0.0,0.0,1.0,0.0015,-0.0015,0.0,0.0,7.043081802003072,0,0.0,False,False
2020-11-27,BTCUSDT,1.0,0.033859174585985974,1.0,0.0015,0.03235917458598597,0.033859174585985974,0.16299901255466231,7.27099011565747,1,0.12913983796867634,True,True
2020-11-28,BTCUSDT,1.0,0.02624965786956457,0.0,0.0,0.02624965786956457,0.02624965786956457,0.08541953232462163,7.4618511185664635,1,0.05916987445505706,True,True
2020-11-29,BTCUSDT,1.0,0.08308390601259585,0.0,0.0,0.08308390601259585,0.08308390601259585,0.11075909263718176,8.081810855581423,1,0.0276751866245859,True,True
2020-11-30,BTCUSDT,1.0,-0.047264223413334916,0.0,0.0,-0.047264223413334916,-0.047264223413334916,-0.02932116371933835,7.699830341718908,1,0.017943059693996566,True,False
2020-12-01,BTCUSDT,1.0,0.023401595313818913,0.0,0.0,0.023401595313818913,0.023401595313818913,0.04748952877619694,7.880018655360877,1,0.02408793346237803,True,True
2020-12-02,BTCUSDT,1.0,0.011341854781976135,0.0,0.0,0.011341854781976135,0.011341854781976135,0.03490059955822011,7.969392682629243,1,0.02355874477624398,True,True
2020-12-03,BTCUSDT,1.0,-0.03971702047688441,0.0,0.0,-0.03971702047688441,-0.03971702047688441,-0.03971702047688441,7.652872150264924,1,0.0,False,False
2020-12-04,BTCUSDT,1.0,0.026655557056854073,0.0,0.0,0.026655557056854073,0.026655557056854073,0.08199715851430889,7.856863720515121,1,0.055341601457454814,True,True
2020-12-05,BTCUSDT,1.0,0.011058270305614348,0.0,0.0,0.011058270305614348,0.011058270305614348,0.06134969325153383,7.943747043290952,1,0.050291422945919484,True,True
2020-12-06,BTCUSDT,1.0,-0.009943489984193699,0.0,0.0,-0.009943489984193699,-0.009943489984193699,-0.0021543985637342278,7.864758474129021,1,0.007789091420459471,True,False
2020-12-07,BTCUSDT,1.0,-0.04397111687335986,0.0,0.0,-0.04397111687335986,-0.04397111687335986,-0.04397111687335986,7.518936260082346,1,0.0,False,False
2020-12-08,BTCUSDT,1.0,0.01185159879524833,0.0,0.0,0.01185159879524833,0.01185159879524833,0.04787535410764887,7.608047676003887,1,0.03602375531240054,True,True
2020-12-09,BTCUSDT,1.0,-0.015460097684733665,0.0,0.0,-0.015460097684733665,-0.015460097684733665,-0.015460097684733665,7.490426515742755,1,0.0,False,False
2020-12-10,BTCUSDT,1.0,-0.011947653828097482,0.0,0.0,-0.011947653828097482,-0.011947653828097482,-0.010018361627420092,7.400933492707859,1,0.0019292922006773905,True,False
2020-12-11,BTCUSDT,1.0,0.04281089544385752,0.0,0.0,0.04281089544385752,0.04281089544385752,0.061911357340720174,7.717774082651118,1,0.019100461896862653,True,False
2020-12-12,BTCUSDT,1.0,0.019475040526480303,0.0,0.0,0.019475040526480303,0.019475040526480303,0.07317073170731714,7.868078045684968,1,0.053695691180836835,True,True
2020-12-13,BTCUSDT,1.0,0.005118646737234167,0.0,0.0,0.005118646737234167,0.005118646737234167,0.030572504219135377,7.908351957701817,1,0.02545385748190121,True,True
2020-12-14,CASH,0.0,0.0,1.0,0.0015,-0.0015,0.0,0.0,7.896489429765265,0,0.0,False,False
2020-12-15,BTCUSDT,1.0,0.098272816981813,1.0,0.0015,0.096772816981813,0.098272816981813,0.2168700446648002,8.66065495615076,1,0.1185972276829872,True,True
2020-12-16,BTCUSDT,1.0,0.06850735299631783,0.0,0.0,0.06850735299631783,0.06850735299631783,0.08884533247520698,9.253973502411089,1,0.020337979478889157,True,True
2020-12-17,BTCUSDT,1.0,0.013608274013078736,0.0,0.0,0.013608274013078736,0.013608274013078736,0.08246708246708234,9.37990410954167,1,0.0688588084540036,True,True
2020-12-18,BTCUSDT,1.0,0.030908726602182357,0.0,0.0,0.030908726602182357,0.030908726602182357,0.09612218767148328,9.66982500121818,1,0.06521346106930093,True,True
2020-12-19,BTCUSDT,1.0,-0.015367978906547508,0.0,0.0,-0.015367978906547508,-0.015367978906547508,0.18044844875416777,9.521219334569453,1,0.19581642766071528,True,True
2020-12-20,BTCUSDT,1.0,-0.03137044073207507,0.0,0.0,-0.03137044073207507,-0.03137044073207507,0.03024945559604153,9.222534487737255,1,0.0616198963281166,True,True
2020-12-21,BTCUSDT,1.0,0.04802350029995983,0.0,0.0,0.04802350029995983,0.04802350029995983,0.09449497367161319,9.665432875475494,1,0.04647147337165336,True,True
2020-12-22,BTCUSDT,1.0,-0.024275969003968445,0.0,0.0,-0.024275969003968445,-0.024275969003968445,-0.024275969003968445,9.430795126580513,1,0.0,False,False
2020-12-23,BTCUSDT,1.0,0.021368102627496777,0.0,0.0,0.021368102627496777,0.021368102627496777,0.299923224568138,9.632313324704182,1,0.27855512194064125,True,True
2020-12-24,BTCUSDT,1.0,0.04143713230955948,0.0,0.0,0.04143713230955948,0.04143713230955948,0.149824529829929,10.031448766387081,1,0.10838739752036952,True,True
2020-12-25,BTCUSDT,1.0,0.07206564135434457,0.0,0.0,0.07206564135434457,0.07206564135434457,0.07206564135434457,10.754371555450014,1,0.0,False,False
2020-12-26,BTCUSDT,1.0,-0.007991804748278653,0.0,0.0,-0.007991804748278653,-0.007991804748278653,0.10684005864728752,10.668424717788415,1,0.11483186339556617,True,True
2020-12-27,BTCUSDT,1.0,0.03035386653658856,0.0,0.0,0.03035386653658856,0.03035386653658856,0.139652162668908,10.992252657827807,1,0.10929829613231945,True,True
2020-12-28,BTCUSDT,1.0,0.011284957833276321,0.0,0.0,0.011284957833276321,0.011284957833276321,0.08666518316597571,11.116299765564113,1,0.07538022533269939,True,True
2020-12-29,BTCUSDT,1.0,0.05442906700748584,0.0,0.0,0.05442906700748584,0.05442906700748584,0.05442906700748584,11.721349590379301,1,0.0,False,False
2020-12-30,BTCUSDT,1.0,0.0016654233998740775,0.0,0.0,0.0016654233998740775,0.0016654233998740775,0.03884000378465324,11.740870600265223,1,0.037174580384779166,True,True
2020-12-31,BTCUSDT,1.0,0.014108187665241134,0.0,0.0,0.014108187665241134,0.014108187665241134,0.21603973538290266,11.906513006047078,1,0.20193154771766153,True,True
2021-01-01,BTCUSDT,1.0,0.09704998245924479,0.0,0.0,0.09704998245924479,0.09704998245924479,0.8532394366197182,13.062039884434716,1,0.7561894541604735,True,True
2021-01-02,BTCUSDT,1.0,0.025536440206810118,0.0,0.0,0.025536440206810118,0.025536440206810118,0.26301384011567874,13.395597884922552,1,0.23747739990886862,True,True
2021-01-03,CASH,0.0,0.0,1.0,0.0015,-0.0015,0.0,0.0,13.375504488095169,0,0.0,False,False
2021-01-04,CASH,0.0,0.0,0.0,0.0,0.0,0.0,0.0,13.375504488095169,0,0.0,False,False
2021-01-05,CASH,0.0,0.0,0.0,0.0,0.0,0.0,0.0,13.375504488095169,0,0.0,False,False
2021-01-06,CASH,0.0,0.0,0.0,0.0,0.0,0.0,0.0,13.375504488095169,0,0.0,False,False
2021-01-07,CASH,0.0,0.0,0.0,0.0,0.0,0.0,0.0,13.375504488095169,0,0.0,False,False
2021-01-08,CASH,0.0,0.0,0.0,0.0,0.0,0.0,0.0,13.375504488095169,0,0.0,False,False
2021-01-09,CASH,0.0,0.0,0.0,0.0,0.0,0.0,0.0,13.375504488095169,0,0.0,False,False
2021-01-10,CASH,0.0,0.0,0.0,0.0,0.0,0.0,0.0,13.375504488095169,0,0.0,False,False
2021-01-11,CASH,0.0,0.0,0.0,0.0,0.0,0.0,0.0,13.375504488095169,0,0.0,False,False
2021-01-12,CASH,0.0,0.0,0.0,0.0,0.0,0.0,0.0,13.375504488095169,0,0.0,False,False
2021-01-13,CASH,0.0,0.0,0.0,0.0,0.0,0.0,0.0,13.375504488095169,0,0.0,False,False
2021-01-14,CASH,0.0,0.0,0.0,0.0,0.0,0.0,0.0,13.375504488095169,0,0.0,False,False
2021-01-15,CASH,0.0,0.0,0.0,0.0,0.0,0.0,0.0,13.375504488095169,0,0.0,False,False
2021-01-16,CASH,0.0,0.0,0.0,0.0,0.0,0.0,0.0,13.375504488095169,0,0.0,False,False
2021-01-17,CASH,0.0,0.0,0.0,0.0,0.0,0.0,0.0,13.375504488095169,0,0.0,False,False
2021-01-18,CASH,0.0,0.0,0.0,0.0,0.0,0.0,0.0,13.375504488095169,0,0.0,False,False
2021-01-19,CASH,0.0,0.0,0.0,0.0,0.0,0.0,0.0,13.375504488095169,0,0.0,False,False
2021-01-20,CASH,0.0,0.0,0.0,0.0,0.0,0.0,0.0,13.375504488095169,0,0.0,False,False
2021-01-21,CASH,0.0,0.0,0.0,0.0,0.0,0.0,0.0,13.375504488095169,0,0.0,False,False
2021-01-22,CASH,0.0,0.0,0.0,0.0,0.0,0.0,0.0,13.375504488095169,0,0.0,False,False
2021-01-23,CASH,0.0,0.0,0.0,0.0,0.0,0.0,0.0,13.375504488095169,0,0.0,False,False
2021-01-24,CASH,0.0,0.0,0.0,0.0,0.0,0.0,0.0,13.375504488095169,0,0.0,False,False
2021-01-25,CASH,0.0,0.0,0.0,0.0,0.0,0.0,0.0,13.375504488095169,0,0.0,False,False
2021-01-26,CASH,0.0,0.0,0.0,0.0,0.0,0.0,0.0,13.375504488095169,0,0.0,False,False
2021-01-27,CASH,0.0,0.0,0.0,0.0,0.0,0.0,0.0,13.375504488095169,0,0.0,False,False
2021-01-28,CASH,0.0,0.0,0.0,0.0,0.0,0.0,0.0,13.375504488095169,0,0.0,False,False
2021-01-29,CASH,0.0,0.0,0.0,0.0,0.0,0.0,0.0,13.375504488095169,0,0.0,False,False
2021-01-30,CASH,0.0,0.0,0.0,0.0,0.0,0.0,0.0,13.375504488095169,0,0.0,False,False
2021-01-31,CASH,0.0,0.0,0.0,0.0,0.0,0.0,0.0,13.375504488095169,0,0.0,False,False
2021-02-01,CASH,0.0,0.0,0.0,0.0,0.0,0.0,0.0,13.375504488095169,0,0.0,False,False
2021-02-02,CASH,0.0,0.0,0.0,0.0,0.0,0.0,0.0,13.375504488095169,0,0.0,False,False
2021-02-03,CASH,0.0,0.0,0.0,0.0,0.0,0.0,0.0,13.375504488095169,0,0.0,False,False
2021-02-04,CASH,0.0,0.0,0.0,0.0,0.0,0.0,0.0,13.375504488095169,0,0.0,False,False
2021-02-05,CASH,0.0,0.0,0.0,0.0,0.0,0.0,0.0,13.375504488095169,0,0.0,False,False
2021-02-06,CASH,0.0,0.0,0.0,0.0,0.0,0.0,0.0,13.375504488095169,0,0.0,False,False
2021-02-07,CASH,0.0,0.0,0.0,0.0,0.0,0.0,0.0,13.375504488095169,0,0.0,False,False
2021-02-08,CASH,0.0,0.0,0.0,0.0,0.0,0.0,0.0,13.375504488095169,0,0.0,False,False
2021-02-09,CASH,0.0,0.0,0.0,0.0,0.0,0.0,0.0,13.375504488095169,0,0.0,False,False
2021-02-10,CASH,0.0,0.0,0.0,0.0,0.0,0.0,0.0,13.375504488095169,0,0.0,False,False
2021-02-11,CASH,0.0,0.0,0.0,0.0,0.0,0.0,0.0,13.375504488095169,0,0.0,False,False
2021-02-12,CASH,0.0,0.0,0.0,0.0,0.0,0.0,0.0,13.375504488095169,0,0.0,False,False
2021-02-13,CASH,0.0,0.0,0.0,0.0,0.0,0.0,0.0,13.375504488095169,0,0.0,False,False
2021-02-14,CASH,0.0,0.0,0.0,0.0,0.0,0.0,0.0,13.375504488095169,0,0.0,False,False
2021-02-15,CASH,0.0,0.0,0.0,0.0,0.0,0.0,0.0,13.375504488095169,0,0.0,False,False
2021-02-16,CASH,0.0,0.0,0.0,0.0,0.0,0.0,0.0,13.375504488095169,0,0.0,False,False
2021-02-17,CASH,0.0,0.0,0.0,0.0,0.0,0.0,0.0,13.375504488095169,0,0.0,False,False
2021-02-18,CASH,0.0,0.0,0.0,0.0,0.0,0.0,0.0,13.375504488095169,0,0.0,False,False
2021-02-19,CASH,0.0,0.0,0.0,0.0,0.0,0.0,0.0,13.375504488095169,0,0.0,False,False
2021-02-20,CASH,0.0,0.0,0.0,0.0,0.0,0.0,0.0,13.375504488095169,0,0.0,False,False
2021-02-21,CASH,0.0,0.0,0.0,0.0,0.0,0.0,0.0,13.375504488095169,0,0.0,False,False
2021-02-22,CASH,0.0,0.0,0.0,0.0,0.0,0.0,0.0,13.375504488095169,0,0.0,False,False
2021-02-23,CASH,0.0,0.0,0.0,0.0,0.0,0.0,0.0,13.375504488095169,0,0.0,False,False
2021-02-24,CASH,0.0,0.0,0.0,0.0,0.0,0.0,0.0,13.375504488095169,0,0.0,False,False
2021-02-25,CASH,0.0,0.0,0.0,0.0,0.0,0.0,0.0,13.375504488095169,0,0.0,False,False
2021-02-26,CASH,0.0,0.0,0.0,0.0,0.0,0.0,0.0,13.375504488095169,0,0.0,False,False
2021-02-27,CASH,0.0,0.0,0.0,0.0,0.0,0.0,0.0,13.375504488095169,0,0.0,False,False
2021-02-28,CASH,0.0,0.0,0.0,0.0,0.0,0.0,0.0,13.375504488095169,0,0.0,False,False
2021-03-01,CASH,0.0,0.0,0.0,0.0,0.0,0.0,0.0,13.375504488095169,0,0.0,False,False
2021-03-02,CASH,0.0,0.0,0.0,0.0,0.0,0.0,0.0,13.375504488095169,0,0.0,False,False
2021-03-03,CASH,0.0,0.0,0.0,0.0,0.0,0.0,0.0,13.375504488095169,0,0.0,False,False
2021-03-04,CASH,0.0,0.0,0.0,0.0,0.0,0.0,0.0,13.375504488095169,0,0.0,False,False
2021-03-05,CASH,0.0,0.0,0.0,0.0,0.0,0.0,0.0,13.375504488095169,0,0.0,False,False
2021-03-06,CASH,0.0,0.0,0.0,0.0,0.0,0.0,0.0,13.375504488095169,0,0.0,False,False
2021-03-07,CASH,0.0,0.0,0.0,0.0,0.0,0.0,0.0,13.375504488095169,0,0.0,False,False
2021-03-08,CASH,0.0,0.0,0.0,0.0,0.0,0.0,0.0,13.375504488095169,0,0.0,False,False
2021-03-09,CASH,0.0,0.0,0.0,0.0,0.0,0.0,0.0,13.375504488095169,0,0.0,False,False
2021-03-10,CASH,0.0,0.0,0.0,0.0,0.0,0.0,0.0,13.375504488095169,0,0.0,False,False
2021-03-11,CASH,0.0,0.0,0.0,0.0,0.0,0.0,0.0,13.375504488095169,0,0.0,False,False
2021-03-12,CASH,0.0,0.0,0.0,0.0,0.0,0.0,0.0,13.375504488095169,0,0.0,False,False
2021-03-13,CASH,0.0,0.0,0.0,0.0,0.0,0.0,0.0,13.375504488095169,0,0.0,False,False
2021-03-14,CASH,0.0,0.0,0.0,0.0,0.0,0.0,0.0,13.375504488095169,0,0.0,False,False
2021-03-15,CASH,0.0,0.0,0.0,0.0,0.0,0.0,0.0,13.375504488095169,0,0.0,False,False
2021-03-16,CASH,0.0,0.0,0.0,0.0,0.0,0.0,0.0,13.375504488095169,0,0.0,False,False
2021-03-17,CASH,0.0,0.0,0.0,0.0,0.0,0.0,0.0,13.375504488095169,0,0.0,False,False
2021-03-18,CASH,0.0,0.0,0.0,0.0,0.0,0.0,0.0,13.375504488095169,0,0.0,False,False
2021-03-19,CASH,0.0,0.0,0.0,0.0,0.0,0.0,0.0,13.375504488095169,0,0.0,False,False
2021-03-20,CASH,0.0,0.0,0.0,0.0,0.0,0.0,0.0,13.375504488095169,0,0.0,False,False
2021-03-21,CASH,0.0,0.0,0.0,0.0,0.0,0.0,0.0,13.375504488095169,0,0.0,False,False
2021-03-22,CASH,0.0,0.0,0.0,0.0,0.0,0.0,0.0,13.375504488095169,0,0.0,False,False
2021-03-23,BTCUSDT,1.0,-0.03749000062383956,1.0,0.0015,-0.03899000062383956,-0.03749000062383956,-0.02717010497736283,12.85399355976017,1,0.010319895646476729,True,False
2021-03-24,CASH,0.0,0.0,1.0,0.0015,-0.0015,0.0,0.0,12.83471256942053,0,0.0,False,False
2021-03-25,BTCUSDT,1.0,0.07275365551144786,1.0,0.0015,0.07125365551144786,0.07275365551144786,0.10825118656443955,13.74923275743047,1,0.03549753105299169,True,True
2021-03-26,BTCUSDT,1.0,0.014385125175395697,0.0,0.0,0.014385125175395697,0.014385125175395697,0.05490722364479539,13.947017191711758,1,0.04052209846939969,True,True
2021-03-27,BTCUSDT,1.0,-0.0007078470878300047,0.0,0.0,-0.0007078470878300047,-0.0007078470878300047,0.011089583439555462,13.93714483620869,1,0.011797430527385466,True,False
2021-03-28,BTCUSDT,1.0,0.03330797669244823,0.0,0.0,0.03330797669244823,0.03330797669244823,0.07689936633452077,14.401362931572404,1,0.04359138964207254,True,True
2021-03-29,BTCUSDT,1.0,0.01927805915350378,0.0,0.0,0.01927805915350378,0.01927805915350378,0.13075633011513665,14.678993258058334,1,0.11147827096163287,True,True
2021-03-30,BTCUSDT,1.0,-0.00010247406784769097,0.0,0.0,-0.00010247406784769097,-0.00010247406784769097,0.05701021555797481,14.677489041907272,1,0.0571126896258225,True,True
2021-03-31,ETHUSDT,1.0,0.025362488733282396,2.0,0.003,0.022362488733282396,0.025362488733282396,0.15586973381018,15.005714225239801,1,0.1305072450768976,True,True
2021-04-01,ETHUSDT,1.0,0.08416452834023525,0.0,0.0,0.08416452834023525,0.08416452834023525,0.08416452834023525,16.26866308541547,1,0.0,False,False
2021-04-02,ETHUSDT,1.0,-0.05866362967441385,0.0,0.0,-0.05866362967441385,-0.05866362967441385,-0.023193667120455896,15.31428425887485,1,0.03546996255395796,True,True
2021-04-03,ETHUSDT,1.0,0.03344253480174464,0.0,0.0,0.03344253480174464,0.03344253480174464,0.09802700973526313,15.826432743166082,1,0.06458447493351849,True,True
2021-04-04,ETHUSDT,1.0,0.015267212348664794,0.0,0.0,0.015267212348664794,0.015267212348664794,0.44226771653543295,16.06805825257786,1,0.42700050418676816,True,True
2021-04-05,ETHUSDT,1.0,0.0022919454488512514,0.0,0.0,0.0022919454488512514,0.0022919454488512514,0.1974034765897974,16.10488536556173,1,0.19511153114094615,True,True
2021-04-06,ETHUSDT,1.0,-0.07041913446106207,0.0,0.0,-0.07041913446106207,-0.07041913446106207,-0.03513812021317053,14.97079327752425,1,0.03528101424789154,True,True
2021-04-07,ETHUSDT,1.0,0.05958328876937258,0.0,0.0,0.05958328876937258,0.05958328876937258,0.15355792969347393,15.862802376485558,1,0.09397464092410135,True,True
2021-04-08,ETHUSDT,1.0,-0.006532209222960383,0.0,0.0,-0.006532209222960383,-0.006532209222960383,0.084281097326804,15.75918323249988,1,0.09081330654976438,True,True
2021-04-09,ETHUSDT,1.0,0.03223231262730608,0.0,0.0,0.03223231262730608,0.03223231262730608,0.34957383431149913,16.26713815320082,1,0.31734152168419305,True,True
2021-04-10,ETHUSDT,1.0,0.008375947391363603,0.0,0.0,0.008375947391363603,0.008375947391363603,0.16657014566039985,16.403390846580074,1,0.15819419826903625,True,True
2021-04-11,ETHUSDT,1.0,-0.006354120184441481,0.0,0.0,-0.006354120184441481,-0.006354120184441481,0.13458680141274226,16.299161729708537,1,0.14094092159718374,True,True
2021-04-12,ETHUSDT,1.0,0.07554884010310192,0.0,0.0,0.07554884010310192,0.07554884010310192,0.33460004552246936,17.530544493040885,1,0.25905120541936744,True,True
2021-04-13,ETHUSDT,1.0,0.0580247826408431,0.0,0.0,0.0580247826408431,0.0580247826408431,0.28633821317344976,18.54775052682521,1,0.22831343053260666,True,True
2021-04-14,ETHUSDT,1.0,0.03347858258653291,0.0,0.0,0.03347858258653291,0.03347858258653291,0.5017338793687707,19.16870292463194,1,0.46825529678223776,True,True
2021-04-15,ETHUSDT,1.0,-0.03634389269860461,0.0,0.0,-0.03634389269860461,-0.03634389269860461,1.0039679776091126,18.472037642367688,1,1.0403118703077172,True,True
2021-04-16,ETHUSDT,1.0,-0.04336950554553454,0.0,0.0,-0.04336950554553454,-0.04336950554553454,0.012614842025260753,17.6709145033997,1,0.05598434757079529,True,True
2021-04-17,ETHUSDT,1.0,-0.03536416983085955,0.0,0.0,-0.03536416983085955,-0.03536416983085955,0.14198846992700176,17.045997281834875,1,0.1773526397578613,True,True
2021-04-18,BTCUSDT,1.0,-0.009205163097922964,2.0,0.003,-0.012205163097922963,-0.009205163097922964,0.2685853841049186,16.837948104843328,1,0.2777905472028416,True,True
2021-04-19,BTCUSDT,1.0,0.01423360248945138,0.0,0.0,0.01423360248945138,0.01423360248945138,0.16334531801738073,17.07761276490568,1,0.14911171552792934,True,True
2021-04-20,BTCUSDT,1.0,-0.0467411608329642,0.0,0.0,-0.0467411608329642,-0.0467411608329642,0.011600709003746656,16.279385320018143,1,0.05834186983671086,True,True
2021-04-21,BTCUSDT,1.0,-0.03898052396062068,0.0,0.0,-0.03898052396062068,-0.03898052396062068,0.017343639958253165,15.644806350486999,1,0.05632416391887385,True,True
2021-04-22,BTCUSDT,1.0,-0.010946208002327706,0.0,0.0,-0.010946208002327706,-0.010946208002327706,0.04214740249754034,15.473555046018431,1,0.05309361049986805,True,True
2021-04-23,CASH,0.0,0.0,1.0,0.0015,-0.0015,0.0,0.0,15.450344713449404,0,0.0,False,False
2021-04-24,CASH,0.0,0.0,0.0,0.0,0.0,0.0,0.0,15.450344713449404,0,0.0,False,False
2021-04-25,CASH,0.0,0.0,0.0,0.0,0.0,0.0,0.0,15.450344713449404,0,0.0,False,False
2021-04-26,CASH,0.0,0.0,0.0,0.0,0.0,0.0,0.0,15.450344713449404,0,0.0,False,False
2021-04-27,CASH,0.0,0.0,0.0,0.0,0.0,0.0,0.0,15.450344713449404,0,0.0,False,False
2021-04-28,CASH,0.0,0.0,0.0,0.0,0.0,0.0,0.0,15.450344713449404,0,0.0,False,False
2021-04-29,CASH,0.0,0.0,0.0,0.0,0.0,0.0,0.0,15.450344713449404,0,0.0,False,False
2021-04-30,CASH,0.0,0.0,0.0,0.0,0.0,0.0,0.0,15.450344713449404,0,0.0,False,False
2021-05-01,CASH,0.0,0.0,0.0,0.0,0.0,0.0,0.0,15.450344713449404,0,0.0,False,False
2021-05-02,CASH,0.0,0.0,0.0,0.0,0.0,0.0,0.0,15.450344713449404,0,0.0,False,False
2021-05-03,CASH,0.0,0.0,0.0,0.0,0.0,0.0,0.0,15.450344713449404,0,0.0,False,False
2021-05-04,CASH,0.0,0.0,0.0,0.0,0.0,0.0,0.0,15.450344713449404,0,0.0,False,False
2021-05-05,CASH,0.0,0.0,0.0,0.0,0.0,0.0,0.0,15.450344713449404,0,0.0,False,False
2021-05-06,CASH,0.0,0.0,0.0,0.0,0.0,0.0,0.0,15.450344713449404,0,0.0,False,False
2021-05-07,CASH,0.0,0.0,0.0,0.0,0.0,0.0,0.0,15.450344713449404,0,0.0,False,False
2021-05-08,CASH,0.0,0.0,0.0,0.0,0.0,0.0,0.0,15.450344713449404,0,0.0,False,False
2021-05-09,CASH,0.0,0.0,0.0,0.0,0.0,0.0,0.0,15.450344713449404,0,0.0,False,False
2021-05-10,CASH,0.0,0.0,0.0,0.0,0.0,0.0,0.0,15.450344713449404,0,0.0,False,False
2021-05-11,BTCUSDT,1.0,-0.12420500292747383,1.0,0.0015,-0.12570500292747383,-0.12420500292747383,-0.018613318963581538,13.508159086014768,1,0.10559168396389229,True,True
2021-05-12,CASH,0.0,0.0,1.0,0.0015,-0.0015,0.0,0.0,13.487896847385747,0,0.0,False,False
2021-05-13,CASH,0.0,0.0,0.0,0.0,0.0,0.0,0.0,13.487896847385747,0,0.0,False,False
2021-05-14,CASH,0.0,0.0,0.0,0.0,0.0,0.0,0.0,13.487896847385747,0,0.0,False,False
2021-05-15,CASH,0.0,0.0,0.0,0.0,0.0,0.0,0.0,13.487896847385747,0,0.0,False,False
2021-05-16,CASH,0.0,0.0,0.0,0.0,0.0,0.0,0.0,13.487896847385747,0,0.0,False,False
2021-05-17,CASH,0.0,0.0,0.0,0.0,0.0,0.0,0.0,13.487896847385747,0,0.0,False,False
2021-05-18,CASH,0.0,0.0,0.0,0.0,0.0,0.0,0.0,13.487896847385747,0,0.0,False,False
2021-05-19,CASH,0.0,0.0,0.0,0.0,0.0,0.0,0.0,13.487896847385747,0,0.0,False,False
2021-05-20,CASH,0.0,0.0,0.0,0.0,0.0,0.0,0.0,13.487896847385747,0,0.0,False,False
2021-05-21,CASH,0.0,0.0,0.0,0.0,0.0,0.0,0.0,13.487896847385747,0,0.0,False,False
2021-05-22,CASH,0.0,0.0,0.0,0.0,0.0,0.0,0.0,13.487896847385747,0,0.0,False,False
2021-05-23,CASH,0.0,0.0,0.0,0.0,0.0,0.0,0.0,13.487896847385747,0,0.0,False,False
2021-05-24,CASH,0.0,0.0,0.0,0.0,0.0,0.0,0.0,13.487896847385747,0,0.0,False,False
2021-05-25,CASH,0.0,0.0,0.0,0.0,0.0,0.0,0.0,13.487896847385747,0,0.0,False,False
2021-05-26,CASH,0.0,0.0,0.0,0.0,0.0,0.0,0.0,13.487896847385747,0,0.0,False,False
2021-05-27,CASH,0.0,0.0,0.0,0.0,0.0,0.0,0.0,13.487896847385747,0,0.0,False,False
2021-05-28,CASH,0.0,0.0,0.0,0.0,0.0,0.0,0.0,13.487896847385747,0,0.0,False,False
2021-05-29,CASH,0.0,0.0,0.0,0.0,0.0,0.0,0.0,13.487896847385747,0,0.0,False,False
2021-05-30,CASH,0.0,0.0,0.0,0.0,0.0,0.0,0.0,13.487896847385747,0,0.0,False,False
2021-05-31,CASH,0.0,0.0,0.0,0.0,0.0,0.0,0.0,13.487896847385747,0,0.0,False,False
2021-06-01,CASH,0.0,0.0,0.0,0.0,0.0,0.0,0.0,13.487896847385747,0,0.0,False,False
2021-06-02,CASH,0.0,0.0,0.0,0.0,0.0,0.0,0.0,13.487896847385747,0,0.0,False,False
2021-06-03,CASH,0.0,0.0,0.0,0.0,0.0,0.0,0.0,13.487896847385747,0,0.0,False,False
2021-06-04,CASH,0.0,0.0,0.0,0.0,0.0,0.0,0.0,13.487896847385747,0,0.0,False,False
2021-06-05,CASH,0.0,0.0,0.0,0.0,0.0,0.0,0.0,13.487896847385747,0,0.0,False,False
2021-06-06,CASH,0.0,0.0,0.0,0.0,0.0,0.0,0.0,13.487896847385747,0,0.0,False,False
2021-06-07,CASH,0.0,0.0,0.0,0.0,0.0,0.0,0.0,13.487896847385747,0,0.0,False,False
2021-06-08,CASH,0.0,0.0,0.0,0.0,0.0,0.0,0.0,13.487896847385747,0,0.0,False,False
2021-06-09,CASH,0.0,0.0,0.0,0.0,0.0,0.0,0.0,13.487896847385747,0,0.0,False,False
2021-06-10,CASH,0.0,0.0,0.0,0.0,0.0,0.0,0.0,13.487896847385747,0,0.0,False,False
2021-06-11,CASH,0.0,0.0,0.0,0.0,0.0,0.0,0.0,13.487896847385747,0,0.0,False,False
2021-06-12,CASH,0.0,0.0,0.0,0.0,0.0,0.0,0.0,13.487896847385747,0,0.0,False,False
2021-06-13,CASH,0.0,0.0,0.0,0.0,0.0,0.0,0.0,13.487896847385747,0,0.0,False,False
2021-06-14,CASH,0.0,0.0,0.0,0.0,0.0,0.0,0.0,13.487896847385747,0,0.0,False,False
2021-06-15,CASH,0.0,0.0,0.0,0.0,0.0,0.0,0.0,13.487896847385747,0,0.0,False,False
2021-06-16,CASH,0.0,0.0,0.0,0.0,0.0,0.0,0.0,13.487896847385747,0,0.0,False,False
2021-06-17,CASH,0.0,0.0,0.0,0.0,0.0,0.0,0.0,13.487896847385747,0,0.0,False,False
2021-06-18,CASH,0.0,0.0,0.0,0.0,0.0,0.0,0.0,13.487896847385747,0,0.0,False,False
2021-06-19,CASH,0.0,0.0,0.0,0.0,0.0,0.0,0.0,13.487896847385747,0,0.0,False,False
2021-06-20,CASH,0.0,0.0,0.0,0.0,0.0,0.0,0.0,13.487896847385747,0,0.0,False,False
2021-06-21,CASH,0.0,0.0,0.0,0.0,0.0,0.0,0.0,13.487896847385747,0,0.0,False,False
2021-06-22,CASH,0.0,0.0,0.0,0.0,0.0,0.0,0.0,13.487896847385747,0,0.0,False,False
2021-06-23,CASH,0.0,0.0,0.0,0.0,0.0,0.0,0.0,13.487896847385747,0,0.0,False,False
2021-06-24,CASH,0.0,0.0,0.0,0.0,0.0,0.0,0.0,13.487896847385747,0,0.0,False,False
2021-06-25,CASH,0.0,0.0,0.0,0.0,0.0,0.0,0.0,13.487896847385747,0,0.0,False,False
2021-06-26,CASH,0.0,0.0,0.0,0.0,0.0,0.0,0.0,13.487896847385747,0,0.0,False,False
2021-06-27,CASH,0.0,0.0,0.0,0.0,0.0,0.0,0.0,13.487896847385747,0,0.0,False,False
2021-06-28,CASH,0.0,0.0,0.0,0.0,0.0,0.0,0.0,13.487896847385747,0,0.0,False,False
2021-06-29,CASH,0.0,0.0,0.0,0.0,0.0,0.0,0.0,13.487896847385747,0,0.0,False,False
2021-06-30,CASH,0.0,0.0,0.0,0.0,0.0,0.0,0.0,13.487896847385747,0,0.0,False,False
2021-07-01,CASH,0.0,0.0,0.0,0.0,0.0,0.0,0.0,13.487896847385747,0,0.0,False,False
2021-07-02,CASH,0.0,0.0,0.0,0.0,0.0,0.0,0.0,13.487896847385747,0,0.0,False,False
2021-07-03,CASH,0.0,0.0,0.0,0.0,0.0,0.0,0.0,13.487896847385747,0,0.0,False,False
2021-07-04,CASH,0.0,0.0,0.0,0.0,0.0,0.0,0.0,13.487896847385747,0,0.0,False,False
2021-07-05,CASH,0.0,0.0,0.0,0.0,0.0,0.0,0.0,13.487896847385747,0,0.0,False,False
2021-07-06,CASH,0.0,0.0,0.0,0.0,0.0,0.0,0.0,13.487896847385747,0,0.0,False,False
2021-07-07,CASH,0.0,0.0,0.0,0.0,0.0,0.0,0.0,13.487896847385747,0,0.0,False,False
2021-07-08,CASH,0.0,0.0,0.0,0.0,0.0,0.0,0.0,13.487896847385747,0,0.0,False,False
2021-07-09,CASH,0.0,0.0,0.0,0.0,0.0,0.0,0.0,13.487896847385747,0,0.0,False,False
2021-07-10,CASH,0.0,0.0,0.0,0.0,0.0,0.0,0.0,13.487896847385747,0,0.0,False,False
2021-07-11,CASH,0.0,0.0,0.0,0.0,0.0,0.0,0.0,13.487896847385747,0,0.0,False,False
2021-07-12,CASH,0.0,0.0,0.0,0.0,0.0,0.0,0.0,13.487896847385747,0,0.0,False,False
2021-07-13,CASH,0.0,0.0,0.0,0.0,0.0,0.0,0.0,13.487896847385747,0,0.0,False,False
2021-07-14,CASH,0.0,0.0,0.0,0.0,0.0,0.0,0.0,13.487896847385747,0,0.0,False,False
2021-07-15,CASH,0.0,0.0,0.0,0.0,0.0,0.0,0.0,13.487896847385747,0,0.0,False,False
2021-07-16,CASH,0.0,0.0,0.0,0.0,0.0,0.0,0.0,13.487896847385747,0,0.0,False,False
2021-07-17,CASH,0.0,0.0,0.0,0.0,0.0,0.0,0.0,13.487896847385747,0,0.0,False,False
2021-07-18,CASH,0.0,0.0,0.0,0.0,0.0,0.0,0.0,13.487896847385747,0,0.0,False,False
2021-07-19,CASH,0.0,0.0,0.0,0.0,0.0,0.0,0.0,13.487896847385747,0,0.0,False,False
2021-07-20,CASH,0.0,0.0,0.0,0.0,0.0,0.0,0.0,13.487896847385747,0,0.0,False,False
2021-07-21,CASH,0.0,0.0,0.0,0.0,0.0,0.0,0.0,13.487896847385747,0,0.0,False,False
2021-07-22,CASH,0.0,0.0,0.0,0.0,0.0,0.0,0.0,13.487896847385747,0,0.0,False,False
2021-07-23,CASH,0.0,0.0,0.0,0.0,0.0,0.0,0.0,13.487896847385747,0,0.0,False,False
2021-07-24,CASH,0.0,0.0,0.0,0.0,0.0,0.0,0.0,13.487896847385747,0,0.0,False,False
2021-07-25,CASH,0.0,0.0,0.0,0.0,0.0,0.0,0.0,13.487896847385747,0,0.0,False,False
2021-07-26,CASH,0.0,0.0,0.0,0.0,0.0,0.0,0.0,13.487896847385747,0,0.0,False,False
2021-07-27,CASH,0.0,0.0,0.0,0.0,0.0,0.0,0.0,13.487896847385747,0,0.0,False,False
2021-07-28,CASH,0.0,0.0,0.0,0.0,0.0,0.0,0.0,13.487896847385747,0,0.0,False,False
2021-07-29,CASH,0.0,0.0,0.0,0.0,0.0,0.0,0.0,13.487896847385747,0,0.0,False,False
2021-07-30,CASH,0.0,0.0,0.0,0.0,0.0,0.0,0.0,13.487896847385747,0,0.0,False,False
2021-07-31,CASH,0.0,0.0,0.0,0.0,0.0,0.0,0.0,13.487896847385747,0,0.0,False,False
2021-08-01,CASH,0.0,0.0,0.0,0.0,0.0,0.0,0.0,13.487896847385747,0,0.0,False,False
2021-08-02,CASH,0.0,0.0,0.0,0.0,0.0,0.0,0.0,13.487896847385747,0,0.0,False,False
2021-08-03,CASH,0.0,0.0,0.0,0.0,0.0,0.0,0.0,13.487896847385747,0,0.0,False,False
2021-08-04,CASH,0.0,0.0,0.0,0.0,0.0,0.0,0.0,13.487896847385747,0,0.0,False,False
2021-08-05,CASH,0.0,0.0,0.0,0.0,0.0,0.0,0.0,13.487896847385747,0,0.0,False,False
2021-08-06,CASH,0.0,0.0,0.0,0.0,0.0,0.0,0.0,13.487896847385747,0,0.0,False,False
2021-08-07,CASH,0.0,0.0,0.0,0.0,0.0,0.0,0.0,13.487896847385747,0,0.0,False,False
2021-08-08,CASH,0.0,0.0,0.0,0.0,0.0,0.0,0.0,13.487896847385747,0,0.0,False,False
2021-08-09,CASH,0.0,0.0,0.0,0.0,0.0,0.0,0.0,13.487896847385747,0,0.0,False,False
2021-08-10,CASH,0.0,0.0,0.0,0.0,0.0,0.0,0.0,13.487896847385747,0,0.0,False,False
2021-08-11,CASH,0.0,0.0,0.0,0.0,0.0,0.0,0.0,13.487896847385747,0,0.0,False,False
2021-08-12,CASH,0.0,0.0,0.0,0.0,0.0,0.0,0.0,13.487896847385747,0,0.0,False,False
2021-08-13,CASH,0.0,0.0,0.0,0.0,0.0,0.0,0.0,13.487896847385747,0,0.0,False,False
2021-08-14,CASH,0.0,0.0,0.0,0.0,0.0,0.0,0.0,13.487896847385747,0,0.0,False,False
2021-08-15,CASH,0.0,0.0,0.0,0.0,0.0,0.0,0.0,13.487896847385747,0,0.0,False,False
2021-08-16,CASH,0.0,0.0,0.0,0.0,0.0,0.0,0.0,13.487896847385747,0,0.0,False,False
2021-08-17,CASH,0.0,0.0,0.0,0.0,0.0,0.0,0.0,13.487896847385747,0,0.0,False,False
2021-08-18,CASH,0.0,0.0,0.0,0.0,0.0,0.0,0.0,13.487896847385747,0,0.0,False,False
2021-08-19,CASH,0.0,0.0,0.0,0.0,0.0,0.0,0.0,13.487896847385747,0,0.0,False,False
2021-08-20,CASH,0.0,0.0,0.0,0.0,0.0,0.0,0.0,13.487896847385747,0,0.0,False,False
2021-08-21,CASH,0.0,0.0,0.0,0.0,0.0,0.0,0.0,13.487896847385747,0,0.0,False,False
2021-08-22,CASH,0.0,0.0,0.0,0.0,0.0,0.0,0.0,13.487896847385747,0,0.0,False,False
2021-08-23,BNBUSDT,1.0,-0.05498336873321841,1.0,0.0015,-0.05648336873321841,-0.05498336873321841,0.19424770187939977,12.726054996319242,1,0.24923107061261818,True,True
2021-08-24,CASH,0.0,0.0,1.0,0.0015,-0.0015,0.0,0.0,12.706965913824764,0,0.0,False,False
2021-08-25,ETHUSDT,1.0,-0.04142404249318998,1.0,0.0015,-0.042924042493189984,-0.04142404249318998,0.04094591027190764,12.161531568980232,1,0.08236995276509762,True,True
2021-08-26,ETHUSDT,1.0,0.058272985904564756,0.0,0.0,0.058272985904564756,0.058272985904564756,0.21345595353339797,12.870220326677336,1,0.1551829676288332,True,True
2021-08-27,ETHUSDT,1.0,-0.008849990071636893,0.0,0.0,-0.008849990071636893,-0.008849990071636893,0.0936576494657877,12.756319004566462,1,0.10250763953742459,True,True
2021-08-28,ETHUSDT,1.0,-0.006475613965874372,0.0,0.0,-0.006475613965874372,-0.006475613965874372,0.0014049877063575522,12.673714007067343,1,0.007880601672231924,True,False
2021-08-29,ETHUSDT,1.0,0.0019140863727598045,0.0,0.0,0.0019140863727598045,0.0019140863727598045,0.17000955109837634,12.697972590340525,1,0.16809546472561654,True,True
2021-08-30,ETHUSDT,1.0,0.061790168563678805,0.0,0.0,0.061790168563678805,0.061790168563678805,0.2043795620437956,13.482582457114638,1,0.1425893934801168,True,True
2021-08-31,BNBUSDT,1.0,0.05496874326363432,2.0,0.003,0.05196874326363432,0.05496874326363432,0.11595124227225018,14.183255323359207,1,0.060982499008615854,True,True
2021-09-01,ETHUSDT,1.0,-0.010713856413418932,2.0,0.003,-0.013713856413418931,-0.010713856413418932,0.1582512871465993,13.988748196379799,1,0.16896514356001824,True,True
2021-09-02,ETHUSDT,1.0,0.040226423865899585,0.0,0.0,0.040226423865899585,0.040226423865899585,0.16148390616475727,14.55146551068071,1,0.12125748229885769,True,True
2021-09-03,ETHUSDT,1.0,-0.013354121647186079,0.0,0.0,-0.013354121647186079,-0.013354121647186079,0.027456962301154908,14.357143470106248,1,0.04081108394834099,True,True
2021-09-04,ETHUSDT,1.0,0.01666958347917391,0.0,0.0,0.01666958347917391,0.01666958347917391,0.12282463186077641,14.596471071703661,1,0.1061550483816025,True,True
2021-09-05,ETHUSDT,1.0,-0.005953993251128442,0.0,0.0,-0.005953993251128442,-0.005953993251128442,0.15647887323943666,14.509563781452446,1,0.1624328664905651,True,True
2021-09-06,ETHUSDT,1.0,-0.12534474899217418,0.0,0.0,-0.12534474899217418,-0.12534474899217418,0.05626598465473154,12.690866151280348,1,0.18161073364690572,True,True
2021-09-07,CASH,0.0,0.0,1.0,0.0015,-0.0015,0.0,0.0,12.671829852053428,0,0.0,False,False
2021-09-08,CASH,0.0,0.0,0.0,0.0,0.0,0.0,0.0,12.671829852053428,0,0.0,False,False
2021-09-09,CASH,0.0,0.0,0.0,0.0,0.0,0.0,0.0,12.671829852053428,0,0.0,False,False
2021-09-10,CASH,0.0,0.0,0.0,0.0,0.0,0.0,0.0,12.671829852053428,0,0.0,False,False
2021-09-11,CASH,0.0,0.0,0.0,0.0,0.0,0.0,0.0,12.671829852053428,0,0.0,False,False
2021-09-12,CASH,0.0,0.0,0.0,0.0,0.0,0.0,0.0,12.671829852053428,0,0.0,False,False
2021-09-13,CASH,0.0,0.0,0.0,0.0,0.0,0.0,0.0,12.671829852053428,0,0.0,False,False
2021-09-14,CASH,0.0,0.0,0.0,0.0,0.0,0.0,0.0,12.671829852053428,0,0.0,False,False
2021-09-15,CASH,0.0,0.0,0.0,0.0,0.0,0.0,0.0,12.671829852053428,0,0.0,False,False
2021-09-16,CASH,0.0,0.0,0.0,0.0,0.0,0.0,0.0,12.671829852053428,0,0.0,False,False
2021-09-17,CASH,0.0,0.0,0.0,0.0,0.0,0.0,0.0,12.671829852053428,0,0.0,False,False
2021-09-18,CASH,0.0,0.0,0.0,0.0,0.0,0.0,0.0,12.671829852053428,0,0.0,False,False
2021-09-19,CASH,0.0,0.0,0.0,0.0,0.0,0.0,0.0,12.671829852053428,0,0.0,False,False
2021-09-20,BTCUSDT,1.0,-0.05303282853995839,1.0,0.0015,-0.05453282853995839,-0.05303282853995839,0.02878074306645728,11.980799127443872,1,0.08181357160641567,True,True
2021-09-21,CASH,0.0,0.0,1.0,0.0015,-0.0015,0.0,0.0,11.962827928752706,0,0.0,False,False
2021-09-22,CASH,0.0,0.0,0.0,0.0,0.0,0.0,0.0,11.962827928752706,0,0.0,False,False
2021-09-23,CASH,0.0,0.0,0.0,0.0,0.0,0.0,0.0,11.962827928752706,0,0.0,False,False
2021-09-24,CASH,0.0,0.0,0.0,0.0,0.0,0.0,0.0,11.962827928752706,0,0.0,False,False
2021-09-25,CASH,0.0,0.0,0.0,0.0,0.0,0.0,0.0,11.962827928752706,0,0.0,False,False
2021-09-26,CASH,0.0,0.0,0.0,0.0,0.0,0.0,0.0,11.962827928752706,0,0.0,False,False
2021-09-27,BTCUSDT,1.0,-0.026592656477809395,1.0,0.0015,-0.028092656477809397,-0.026592656477809395,-0.007451564828613977,11.626760313247111,1,0.01914109164919542,True,False
2021-09-28,BTCUSDT,1.0,0.012132146654336484,0.0,0.0,0.012132146654336484,0.012132146654336484,0.10420420420420418,11.767817874482244,1,0.09207205754986769,True,True
2021-09-29,CASH,0.0,0.0,1.0,0.0015,-0.0015,0.0,0.0,11.750166147670521,0,0.0,False,False
2021-09-30,BTCUSDT,1.0,0.09851907968446594,1.0,0.0015,0.09701907968446594,0.09851907968446594,0.14281672207681972,12.890156453457081,1,0.04429764239235379,True,True
2021-10-01,BTCUSDT,1.0,-0.010525406192273157,0.0,0.0,-0.010525406192273157,-0.010525406192273157,0.04592720970537245,12.754482320902493,1,0.05645261589764561,True,True
2021-10-02,CASH,0.0,0.0,1.0,0.0015,-0.0015,0.0,0.0,12.73535059742114,0,0.0,False,False
2021-10-03,CASH,0.0,0.0,0.0,0.0,0.0,0.0,0.0,12.73535059742114,0,0.0,False,False
2021-10-04,BTCUSDT,1.0,0.045648608205515195,1.0,0.0015,0.044148608205515194,0.045648608205515195,0.045648608205515195,13.297598601306559,1,0.0,False,False
2021-10-05,BTCUSDT,1.0,0.07466216091509192,0.0,0.0,0.07466216091509192,0.07466216091509192,0.07466216091509192,14.29042604786161,1,0.0,False,False
2021-10-06,BTCUSDT,1.0,-0.027655789568833078,0.0,0.0,-0.027655789568833078,-0.027655789568833078,0.055607331469400334,13.895213032232979,1,0.08326312103823341,True,True
2021-10-07,BTCUSDT,1.0,0.003090254162760653,0.0,0.0,0.003090254162760653,0.003090254162760653,0.029819784778944758,13.938152772148284,1,0.026729530616184105,True,True
2021-10-08,BTCUSDT,1.0,0.01850349471737811,0.0,0.0,0.01850349471737811,0.01850349471737811,0.09101165851823989,14.196057308337739,1,0.07250816380086178,True,True
2021-10-09,BTCUSDT,1.0,-0.005290654802244665,0.0,0.0,-0.005290654802244665,-0.005290654802244665,-0.005290654802244665,14.12095086956644,1,0.0,False,False
2021-10-10,BTCUSDT,1.0,0.05145264274867811,0.0,0.0,0.05145264274867811,0.05145264274867811,0.05145264274867811,14.847511109929878,1,0.0,False,False
2021-10-11,BTCUSDT,1.0,-0.025654869774244027,0.0,0.0,-0.025654869774244027,-0.025654869774244027,0.07528443476155888,14.466600145932984,1,0.10093930453580291,True,True
2021-10-12,BTCUSDT,1.0,0.02446687702343686,0.0,0.0,0.02446687702343686,0.02446687702343686,0.1853852715382427,14.820552672650761,1,0.16091839451480583,True,True
2021-10-13,BTCUSDT,1.0,-0.00033224676207577186,0.0,0.0,-0.00033224676207577186,-0.00033224676207577186,0.05083965825991976,14.8156285920131,1,0.051171905021995534,True,True
2021-10-14,BTCUSDT,1.0,0.0754077653007239,0.0,0.0,0.0754077653007239,0.0754077653007239,0.08772163711505132,15.932842035662318,1,0.012313871814327415,True,False
2021-10-15,BTCUSDT,1.0,-0.012920686426769024,0.0,0.0,-0.012920686426769024,-0.012920686426769024,0.022178850248403048,15.726978779832281,1,0.03509953667517207,True,True
2021-10-16,BTCUSDT,1.0,0.01072285647592297,0.0,0.0,0.01072285647592297,0.01072285647592297,0.016376793195379102,15.89561691608831,1,0.005653936719456132,True,False
2021-10-17,BTCUSDT,1.0,0.007825825924415497,0.0,0.0,0.007825825924415497,0.007825825924415497,0.04037005887300249,16.02001324703481,1,0.03254423294858699,True,True
2021-10-18,BTCUSDT,1.0,0.03661918818045651,0.0,0.0,0.03661918818045651,0.03661918818045651,0.03661918818045651,16.606653126781385,1,0.0,False,False
2021-10-19,BTCUSDT,1.0,0.026770445013028166,0.0,0.0,0.026770445013028166,0.026770445013028166,0.1344203363718064,17.05122062116232,1,0.10764989135877823,True,True
2021-10-20,BTCUSDT,1.0,-0.05769967641600382,0.0,0.0,-0.05769967641600382,-0.05769967641600382,0.07797645993662283,16.06737070882336,1,0.13567613635262665,True,True
2021-10-21,BTCUSDT,1.0,-0.02419768093431507,0.0,0.0,-0.02419768093431507,-0.02419768093431507,0.0660377358490567,15.678577598957894,1,0.09023541678337177,True,True
2021-10-22,BTCUSDT,1.0,0.009862375268215207,0.0,0.0,0.009862375268215207,0.009862375268215207,0.09382629926752695,15.833205614910648,1,0.08396392399931174,True,True
2021-10-23,BTCUSDT,1.0,-0.007090113278971355,0.0,0.0,-0.007090113278971355,-0.007090113278971355,0.0975706889685386,15.720946393531687,1,0.10466080224750995,True,True
2021-10-24,BTCUSDT,1.0,0.036589626475418635,0.0,0.0,0.036589626475418635,0.036589626475418635,0.09023569023569045,16.29616994991109,1,0.05364606376027181,True,True
2021-10-25,BTCUSDT,1.0,-0.04359580194797685,0.0,0.0,-0.04359580194797685,-0.04359580194797685,0.011323166834078968,15.585725352264193,1,0.05491896878205582,True,True
2021-10-26,ETHUSDT,1.0,-0.050712570676167745,2.0,0.003,-0.05371257067616775,-0.050712570676167745,-0.03174884437468595,14.748575977741362,1,0.018963726301481798,True,False
2021-10-27,ETHUSDT,1.0,0.09281489036206025,0.0,0.0,0.09281489036206025,0.09281489036206025,0.2597730138713745,16.117463440111944,1,0.16695812350931427,True,True
2021-10-28,ETHUSDT,1.0,0.031000788610412444,0.0,0.0,0.031000788610412444,0.031000788610412444,0.0780646472860338,16.617117517154906,1,0.04706385867562135,True,True
2021-10-29,ETHUSDT,1.0,-0.021772436064260492,0.0,0.0,-0.021772436064260492,-0.021772436064260492,0.001939953810623507,16.255322388440348,1,0.023712389874884,True,True
2021-10-30,ETHUSDT,1.0,-0.008205557663301555,0.0,0.0,-0.008205557663301555,-0.008205557663301555,0.040892193308550207,16.121938403246443,1,0.04909775097185176,True,True
2021-10-31,ETHUSDT,1.0,0.007515377133380463,0.0,0.0,0.007515377133380463,0.007515377133380463,0.16857610474631746,16.243100850467968,1,0.161060727612937,True,True
2021-11-01,BNBUSDT,1.0,0.005623072737166668,2.0,0.003,0.0026230727371666677,0.005623072737166668,0.08298185384992629,16.28570768547588,1,0.07735878111275962,True,True
2021-11-02,ETHUSDT,1.0,0.0029325321521866954,2.0,0.003,-6.746784781330468e-05,0.0029325321521866954,0.1152937702981991,16.284608923828227,1,0.1123612381460124,True,True
2021-11-03,ETHUSDT,1.0,-0.01543006723364515,0.0,0.0,-0.01543006723364515,-0.01543006723364515,0.04526803441429528,16.03333631325994,1,0.06069810164794043,True,True
2021-11-04,BNBUSDT,1.0,0.08698764990155694,2.0,0.003,0.08398764990155694,0.08698764990155694,0.08698764990155694,17.37993855029194,1,0.0,False,False
2021-11-05,BNBUSDT,1.0,0.050057632142269215,0.0,0.0,0.050057632142269215,0.050057632142269215,0.09480640515123273,18.249937120897698,1,0.044748773008963516,True,True
2021-11-06,BNBUSDT,1.0,0.01866081229418226,0.0,0.0,0.01866081229418226,0.01866081229418226,0.11242378048780477,18.590495771891398,1,0.09376296819362251,True,True
2021-11-07,BNBUSDT,1.0,0.006003694581280694,0.0,0.0,0.006003694581280694,0.006003694581280694,0.13366336633663356,18.702107430620423,1,0.12765967175535287,True,True
2021-11-08,BNBUSDT,1.0,-0.028309104820198883,0.0,0.0,-0.028309104820198883,-0.028309104820198883,0.14410480349344978,18.17266751100837,1,0.17241390831364867,True,True
2021-11-09,BNBUSDT,1.0,-0.03291338582677161,0.0,0.0,-0.03291338582677161,-0.03291338582677161,0.01153163808397406,17.574543493716913,1,0.044445023910745673,True,True
2021-11-10,BNBUSDT,1.0,0.023286109754111717,0.0,0.0,0.023286109754111717,0.023286109754111717,0.031092338378505113,17.983786242390014,1,0.0078062286243933965,True,False
2021-11-11,BNBUSDT,1.0,-0.0023870146403565107,0.0,0.0,-0.0023870146403565107,-0.0023870146403565107,-0.0023870146403565107,17.940858681340387,1,0.0,False,False
2021-11-12,BNBUSDT,1.0,0.03605040676343929,0.0,0.0,0.03605040676343929,0.03605040676343929,0.15050719509318244,18.58763393448809,1,0.11445678832974315,True,True
2021-11-13,BNBUSDT,1.0,0.002001539645881456,0.0,0.0,0.002001539645881456,0.002001539645881456,0.08381839348079168,18.6248378207311,1,0.08181685383491022,True,True
2021-11-14,BNBUSDT,1.0,-0.02612169637369388,0.0,0.0,-0.02612169637369388,-0.02612169637369388,-0.0018437814280924947,18.13832546216867,1,0.024277914945601387,True,True
2021-11-15,BNBUSDT,1.0,-0.0711580940359734,0.0,0.0,-0.0711580940359734,-0.0711580940359734,0.0419595314164003,16.847636793276582,1,0.1131176254523737,True,True
2021-11-16,BNBUSDT,1.0,-0.01817564124341775,0.0,0.0,-0.01817564124341775,-0.01817564124341775,0.10006132461161066,16.541420191122583,1,0.11823696585502841,True,True
2021-11-17,BNBUSDT,1.0,-0.07993079584775098,0.0,0.0,-0.07993079584775098,-0.07993079584775098,-0.04797441364605537,15.219251310794098,1,0.03195638220169561,True,True
2021-11-18,ETHUSDT,1.0,0.07452275513522988,2.0,0.003,0.07152275513522988,0.07452275513522988,0.11229255689158313,16.307774095637548,1,0.03776980175635325,True,True
2021-11-19,ETHUSDT,1.0,0.027337965334500502,0.0,0.0,0.027337965334500502,0.027337965334500502,0.12418475833109976,16.753595458546954,1,0.09684679299659926,True,True
2021-11-20,ETHUSDT,1.0,-0.03487172978375708,0.0,0.0,-0.03487172978375708,-0.03487172978375708,0.059183017047282016,16.169368604810124,1,0.0940547468310391,True,True
2021-11-21,ETHUSDT,1.0,-0.04047145463810775,0.0,0.0,-0.04047145463810775,-0.04047145463810775,0.04958356036428735,15.514970736793707,1,0.0900550150023951,True,True
2021-11-22,ETHUSDT,1.0,0.06203422932620639,0.0,0.0,0.06203422932620639,0.06203422932620639,0.06203422932620639,16.47742998946935,1,0.0,False,False
2021-11-23,ETHUSDT,1.0,-0.01614954925059453,0.0,0.0,-0.01614954925059453,-0.01614954925059453,-0.0013534088986636439,16.211326922331192,1,0.014796140351930887,True,False
2021-11-24,ETHUSDT,1.0,0.05984269305001244,0.0,0.0,0.05984269305001244,0.05984269305001244,0.08266982890055918,17.18145638327766,1,0.022827135850546743,True,True
2021-11-25,ETHUSDT,1.0,-0.10688752113329736,0.0,0.0,-0.10688752113329736,-0.10688752113329736,-0.08105147864184015,15.344973101009241,1,0.025836042491457212,True,True
2021-11-26,ETHUSDT,1.0,0.013384638226269452,0.0,0.0,0.013384638226269452,0.013384638226269452,0.08871199769828331,15.550360014558086,1,0.07532735947201386,True,True
2021-11-27,ETHUSDT,1.0,0.04871205702160286,0.0,0.0,0.04871205702160286,0.04871205702160286,0.04871205702160286,16.307850038293694,1,0.0,False,False
2021-11-28,ETHUSDT,1.0,0.03486790941561613,0.0,0.0,0.03486790941561613,0.03486790941561613,0.09029161383807272,16.87647067619237,1,0.05542370442245659,True,True
2021-11-29,ETHUSDT,1.0,0.041788445572422894,0.0,0.0,0.041788445572422894,0.041788445572422894,0.041788445572422894,17.581712152499026,1,0.0,False,False
2021-11-30,ETHUSDT,1.0,-0.010217568775835573,0.0,0.0,-0.010217568775835573,-0.010217568775835573,0.1020476670023498,17.402069799383924,1,0.11226523577818537,True,True
2021-12-01,ETHUSDT,1.0,-0.015653672852638523,0.0,0.0,-0.015653672852638523,-0.015653672852638523,0.11046511627906974,17.129663491785585,1,0.12611878913170826,True,True
2021-12-02,ETHUSDT,1.0,-0.0654990567940753,0.0,0.0,-0.0654990567940753,-0.0654990567940753,0.005010205975134463,16.007686689873722,1,0.07050926276920977,True,True
2021-12-03,CASH,0.0,0.0,1.0,0.0015,-0.0015,0.0,0.0,15.983675159838912,0,0.0,False,False
2021-12-04,CASH,0.0,0.0,0.0,0.0,0.0,0.0,0.0,15.983675159838912,0,0.0,False,False
2021-12-05,CASH,0.0,0.0,0.0,0.0,0.0,0.0,0.0,15.983675159838912,0,0.0,False,False
2021-12-06,CASH,0.0,0.0,0.0,0.0,0.0,0.0,0.0,15.983675159838912,0,0.0,False,False
2021-12-07,CASH,0.0,0.0,0.0,0.0,0.0,0.0,0.0,15.983675159838912,0,0.0,False,False
2021-12-08,CASH,0.0,0.0,0.0,0.0,0.0,0.0,0.0,15.983675159838912,0,0.0,False,False
2021-12-09,CASH,0.0,0.0,0.0,0.0,0.0,0.0,0.0,15.983675159838912,0,0.0,False,False
2021-12-10,CASH,0.0,0.0,0.0,0.0,0.0,0.0,0.0,15.983675159838912,0,0.0,False,False
2021-12-11,CASH,0.0,0.0,0.0,0.0,0.0,0.0,0.0,15.983675159838912,0,0.0,False,False
2021-12-12,CASH,0.0,0.0,0.0,0.0,0.0,0.0,0.0,15.983675159838912,0,0.0,False,False
2021-12-13,CASH,0.0,0.0,0.0,0.0,0.0,0.0,0.0,15.983675159838912,0,0.0,False,False
2021-12-14,CASH,0.0,0.0,0.0,0.0,0.0,0.0,0.0,15.983675159838912,0,0.0,False,False
2021-12-15,CASH,0.0,0.0,0.0,0.0,0.0,0.0,0.0,15.983675159838912,0,0.0,False,False
2021-12-16,CASH,0.0,0.0,0.0,0.0,0.0,0.0,0.0,15.983675159838912,0,0.0,False,False
2021-12-17,CASH,0.0,0.0,0.0,0.0,0.0,0.0,0.0,15.983675159838912,0,0.0,False,False
2021-12-18,CASH,0.0,0.0,0.0,0.0,0.0,0.0,0.0,15.983675159838912,0,0.0,False,False
2021-12-19,CASH,0.0,0.0,0.0,0.0,0.0,0.0,0.0,15.983675159838912,0,0.0,False,False
2021-12-20,CASH,0.0,0.0,0.0,0.0,0.0,0.0,0.0,15.983675159838912,0,0.0,False,False
2021-12-21,CASH,0.0,0.0,0.0,0.0,0.0,0.0,0.0,15.983675159838912,0,0.0,False,False
2021-12-22,CASH,0.0,0.0,0.0,0.0,0.0,0.0,0.0,15.983675159838912,0,0.0,False,False
2021-12-23,CASH,0.0,0.0,0.0,0.0,0.0,0.0,0.0,15.983675159838912,0,0.0,False,False
2021-12-24,CASH,0.0,0.0,0.0,0.0,0.0,0.0,0.0,15.983675159838912,0,0.0,False,False
2021-12-25,CASH,0.0,0.0,0.0,0.0,0.0,0.0,0.0,15.983675159838912,0,0.0,False,False
2021-12-26,CASH,0.0,0.0,0.0,0.0,0.0,0.0,0.0,15.983675159838912,0,0.0,False,False
2021-12-27,CASH,0.0,0.0,0.0,0.0,0.0,0.0,0.0,15.983675159838912,0,0.0,False,False
2021-12-28,CASH,0.0,0.0,0.0,0.0,0.0,0.0,0.0,15.983675159838912,0,0.0,False,False
2021-12-29,CASH,0.0,0.0,0.0,0.0,0.0,0.0,0.0,15.983675159838912,0,0.0,False,False
2021-12-30,CASH,0.0,0.0,0.0,0.0,0.0,0.0,0.0,15.983675159838912,0,0.0,False,False
2021-12-31,CASH,0.0,0.0,0.0,0.0,0.0,0.0,0.0,15.983675159838912,0,0.0,False,False
2022-01-01,CASH,0.0,0.0,0.0,0.0,0.0,0.0,0.0,15.983675159838912,0,0.0,False,False
2022-01-02,CASH,0.0,0.0,0.0,0.0,0.0,0.0,0.0,15.983675159838912,0,0.0,False,False
2022-01-03,CASH,0.0,0.0,0.0,0.0,0.0,0.0,0.0,15.983675159838912,0,0.0,False,False
2022-01-04,CASH,0.0,0.0,0.0,0.0,0.0,0.0,0.0,15.983675159838912,0,0.0,False,False
2022-01-05,CASH,0.0,0.0,0.0,0.0,0.0,0.0,0.0,15.983675159838912,0,0.0,False,False
2022-01-06,CASH,0.0,0.0,0.0,0.0,0.0,0.0,0.0,15.983675159838912,0,0.0,False,False
2022-01-07,CASH,0.0,0.0,0.0,0.0,0.0,0.0,0.0,15.983675159838912,0,0.0,False,False
2022-01-08,CASH,0.0,0.0,0.0,0.0,0.0,0.0,0.0,15.983675159838912,0,0.0,False,False
2022-01-09,CASH,0.0,0.0,0.0,0.0,0.0,0.0,0.0,15.983675159838912,0,0.0,False,False
2022-01-10,CASH,0.0,0.0,0.0,0.0,0.0,0.0,0.0,15.983675159838912,0,0.0,False,False
2022-01-11,CASH,0.0,0.0,0.0,0.0,0.0,0.0,0.0,15.983675159838912,0,0.0,False,False
2022-01-12,CASH,0.0,0.0,0.0,0.0,0.0,0.0,0.0,15.983675159838912,0,0.0,False,False
2022-01-13,CASH,0.0,0.0,0.0,0.0,0.0,0.0,0.0,15.983675159838912,0,0.0,False,False
2022-01-14,CASH,0.0,0.0,0.0,0.0,0.0,0.0,0.0,15.983675159838912,0,0.0,False,False
2022-01-15,CASH,0.0,0.0,0.0,0.0,0.0,0.0,0.0,15.983675159838912,0,0.0,False,False
2022-01-16,CASH,0.0,0.0,0.0,0.0,0.0,0.0,0.0,15.983675159838912,0,0.0,False,False
2022-01-17,CASH,0.0,0.0,0.0,0.0,0.0,0.0,0.0,15.983675159838912,0,0.0,False,False
2022-01-18,CASH,0.0,0.0,0.0,0.0,0.0,0.0,0.0,15.983675159838912,0,0.0,False,False
2022-01-19,CASH,0.0,0.0,0.0,0.0,0.0,0.0,0.0,15.983675159838912,0,0.0,False,False
2022-01-20,CASH,0.0,0.0,0.0,0.0,0.0,0.0,0.0,15.983675159838912,0,0.0,False,False
2022-01-21,CASH,0.0,0.0,0.0,0.0,0.0,0.0,0.0,15.983675159838912,0,0.0,False,False
2022-01-22,CASH,0.0,0.0,0.0,0.0,0.0,0.0,0.0,15.983675159838912,0,0.0,False,False
2022-01-23,CASH,0.0,0.0,0.0,0.0,0.0,0.0,0.0,15.983675159838912,0,0.0,False,False
2022-01-24,CASH,0.0,0.0,0.0,0.0,0.0,0.0,0.0,15.983675159838912,0,0.0,False,False
2022-01-25,CASH,0.0,0.0,0.0,0.0,0.0,0.0,0.0,15.983675159838912,0,0.0,False,False
2022-01-26,CASH,0.0,0.0,0.0,0.0,0.0,0.0,0.0,15.983675159838912,0,0.0,False,False
2022-01-27,CASH,0.0,0.0,0.0,0.0,0.0,0.0,0.0,15.983675159838912,0,0.0,False,False
2022-01-28,CASH,0.0,0.0,0.0,0.0,0.0,0.0,0.0,15.983675159838912,0,0.0,False,False
2022-01-29,CASH,0.0,0.0,0.0,0.0,0.0,0.0,0.0,15.983675159838912,0,0.0,False,False
2022-01-30,CASH,0.0,0.0,0.0,0.0,0.0,0.0,0.0,15.983675159838912,0,0.0,False,False
2022-01-31,CASH,0.0,0.0,0.0,0.0,0.0,0.0,0.0,15.983675159838912,0,0.0,False,False
2022-02-01,CASH,0.0,0.0,0.0,0.0,0.0,0.0,0.0,15.983675159838912,0,0.0,False,False
2022-02-02,CASH,0.0,0.0,0.0,0.0,0.0,0.0,0.0,15.983675159838912,0,0.0,False,False
2022-02-03,CASH,0.0,0.0,0.0,0.0,0.0,0.0,0.0,15.983675159838912,0,0.0,False,False
2022-02-04,CASH,0.0,0.0,0.0,0.0,0.0,0.0,0.0,15.983675159838912,0,0.0,False,False
2022-02-05,CASH,0.0,0.0,0.0,0.0,0.0,0.0,0.0,15.983675159838912,0,0.0,False,False
2022-02-06,CASH,0.0,0.0,0.0,0.0,0.0,0.0,0.0,15.983675159838912,0,0.0,False,False
2022-02-07,CASH,0.0,0.0,0.0,0.0,0.0,0.0,0.0,15.983675159838912,0,0.0,False,False
2022-02-08,CASH,0.0,0.0,0.0,0.0,0.0,0.0,0.0,15.983675159838912,0,0.0,False,False
2022-02-09,CASH,0.0,0.0,0.0,0.0,0.0,0.0,0.0,15.983675159838912,0,0.0,False,False
2022-02-10,CASH,0.0,0.0,0.0,0.0,0.0,0.0,0.0,15.983675159838912,0,0.0,False,False
2022-02-11,CASH,0.0,0.0,0.0,0.0,0.0,0.0,0.0,15.983675159838912,0,0.0,False,False
2022-02-12,CASH,0.0,0.0,0.0,0.0,0.0,0.0,0.0,15.983675159838912,0,0.0,False,False
2022-02-13,CASH,0.0,0.0,0.0,0.0,0.0,0.0,0.0,15.983675159838912,0,0.0,False,False
2022-02-14,CASH,0.0,0.0,0.0,0.0,0.0,0.0,0.0,15.983675159838912,0,0.0,False,False
2022-02-15,CASH,0.0,0.0,0.0,0.0,0.0,0.0,0.0,15.983675159838912,0,0.0,False,False
2022-02-16,CASH,0.0,0.0,0.0,0.0,0.0,0.0,0.0,15.983675159838912,0,0.0,False,False
2022-02-17,CASH,0.0,0.0,0.0,0.0,0.0,0.0,0.0,15.983675159838912,0,0.0,False,False
2022-02-18,CASH,0.0,0.0,0.0,0.0,0.0,0.0,0.0,15.983675159838912,0,0.0,False,False
2022-02-19,CASH,0.0,0.0,0.0,0.0,0.0,0.0,0.0,15.983675159838912,0,0.0,False,False
2022-02-20,CASH,0.0,0.0,0.0,0.0,0.0,0.0,0.0,15.983675159838912,0,0.0,False,False
2022-02-21,CASH,0.0,0.0,0.0,0.0,0.0,0.0,0.0,15.983675159838912,0,0.0,False,False
2022-02-22,CASH,0.0,0.0,0.0,0.0,0.0,0.0,0.0,15.983675159838912,0,0.0,False,False
2022-02-23,CASH,0.0,0.0,0.0,0.0,0.0,0.0,0.0,15.983675159838912,0,0.0,False,False
2022-02-24,CASH,0.0,0.0,0.0,0.0,0.0,0.0,0.0,15.983675159838912,0,0.0,False,False
2022-02-25,CASH,0.0,0.0,0.0,0.0,0.0,0.0,0.0,15.983675159838912,0,0.0,False,False
2022-02-26,CASH,0.0,0.0,0.0,0.0,0.0,0.0,0.0,15.983675159838912,0,0.0,False,False
2022-02-27,CASH,0.0,0.0,0.0,0.0,0.0,0.0,0.0,15.983675159838912,0,0.0,False,False
2022-02-28,CASH,0.0,0.0,0.0,0.0,0.0,0.0,0.0,15.983675159838912,0,0.0,False,False
2022-03-01,CASH,0.0,0.0,0.0,0.0,0.0,0.0,0.0,15.983675159838912,0,0.0,False,False
2022-03-02,CASH,0.0,0.0,0.0,0.0,0.0,0.0,0.0,15.983675159838912,0,0.0,False,False
2022-03-03,CASH,0.0,0.0,0.0,0.0,0.0,0.0,0.0,15.983675159838912,0,0.0,False,False
2022-03-04,CASH,0.0,0.0,0.0,0.0,0.0,0.0,0.0,15.983675159838912,0,0.0,False,False
2022-03-05,CASH,0.0,0.0,0.0,0.0,0.0,0.0,0.0,15.983675159838912,0,0.0,False,False
2022-03-06,CASH,0.0,0.0,0.0,0.0,0.0,0.0,0.0,15.983675159838912,0,0.0,False,False
2022-03-07,CASH,0.0,0.0,0.0,0.0,0.0,0.0,0.0,15.983675159838912,0,0.0,False,False
2022-03-08,CASH,0.0,0.0,0.0,0.0,0.0,0.0,0.0,15.983675159838912,0,0.0,False,False
2022-03-09,CASH,0.0,0.0,0.0,0.0,0.0,0.0,0.0,15.983675159838912,0,0.0,False,False
2022-03-10,CASH,0.0,0.0,0.0,0.0,0.0,0.0,0.0,15.983675159838912,0,0.0,False,False
2022-03-11,CASH,0.0,0.0,0.0,0.0,0.0,0.0,0.0,15.983675159838912,0,0.0,False,False
2022-03-12,CASH,0.0,0.0,0.0,0.0,0.0,0.0,0.0,15.983675159838912,0,0.0,False,False
2022-03-13,CASH,0.0,0.0,0.0,0.0,0.0,0.0,0.0,15.983675159838912,0,0.0,False,False
2022-03-14,CASH,0.0,0.0,0.0,0.0,0.0,0.0,0.0,15.983675159838912,0,0.0,False,False
2022-03-15,CASH,0.0,0.0,0.0,0.0,0.0,0.0,0.0,15.983675159838912,0,0.0,False,False
2022-03-16,CASH,0.0,0.0,0.0,0.0,0.0,0.0,0.0,15.983675159838912,0,0.0,False,False
2022-03-17,CASH,0.0,0.0,0.0,0.0,0.0,0.0,0.0,15.983675159838912,0,0.0,False,False
2022-03-18,CASH,0.0,0.0,0.0,0.0,0.0,0.0,0.0,15.983675159838912,0,0.0,False,False
2022-03-19,CASH,0.0,0.0,0.0,0.0,0.0,0.0,0.0,15.983675159838912,0,0.0,False,False
2022-03-20,CASH,0.0,0.0,0.0,0.0,0.0,0.0,0.0,15.983675159838912,0,0.0,False,False
2022-03-21,CASH,0.0,0.0,0.0,0.0,0.0,0.0,0.0,15.983675159838912,0,0.0,False,False
2022-03-22,CASH,0.0,0.0,0.0,0.0,0.0,0.0,0.0,15.983675159838912,0,0.0,False,False
2022-03-23,CASH,0.0,0.0,0.0,0.0,0.0,0.0,0.0,15.983675159838912,0,0.0,False,False
2022-03-24,CASH,0.0,0.0,0.0,0.0,0.0,0.0,0.0,15.983675159838912,0,0.0,False,False
2022-03-25,CASH,0.0,0.0,0.0,0.0,0.0,0.0,0.0,15.983675159838912,0,0.0,False,False
2022-03-26,CASH,0.0,0.0,0.0,0.0,0.0,0.0,0.0,15.983675159838912,0,0.0,False,False
2022-03-27,CASH,0.0,0.0,0.0,0.0,0.0,0.0,0.0,15.983675159838912,0,0.0,False,False
2022-03-28,CASH,0.0,0.0,0.0,0.0,0.0,0.0,0.0,15.983675159838912,0,0.0,False,False
2022-03-29,CASH,0.0,0.0,0.0,0.0,0.0,0.0,0.0,15.983675159838912,0,0.0,False,False
2022-03-30,CASH,0.0,0.0,0.0,0.0,0.0,0.0,0.0,15.983675159838912,0,0.0,False,False
2022-03-31,CASH,0.0,0.0,0.0,0.0,0.0,0.0,0.0,15.983675159838912,0,0.0,False,False
2022-04-01,CASH,0.0,0.0,0.0,0.0,0.0,0.0,0.0,15.983675159838912,0,0.0,False,False
2022-04-02,CASH,0.0,0.0,0.0,0.0,0.0,0.0,0.0,15.983675159838912,0,0.0,False,False
2022-04-03,LINKUSDT,1.0,-0.03207964601769897,1.0,0.0015,-0.03357964601769897,-0.03207964601769897,0.021922428330522825,15.446949005909634,1,0.054002074348221796,True,True
2022-04-04,CASH,0.0,0.0,1.0,0.0015,-0.0015,0.0,0.0,15.42377858240077,0,0.0,False,False
2022-04-05,CASH,0.0,0.0,0.0,0.0,0.0,0.0,0.0,15.42377858240077,0,0.0,False,False
2022-04-06,CASH,0.0,0.0,0.0,0.0,0.0,0.0,0.0,15.42377858240077,0,0.0,False,False
2022-04-07,CASH,0.0,0.0,0.0,0.0,0.0,0.0,0.0,15.42377858240077,0,0.0,False,False
2022-04-08,CASH,0.0,0.0,0.0,0.0,0.0,0.0,0.0,15.42377858240077,0,0.0,False,False
2022-04-09,CASH,0.0,0.0,0.0,0.0,0.0,0.0,0.0,15.42377858240077,0,0.0,False,False
2022-04-10,CASH,0.0,0.0,0.0,0.0,0.0,0.0,0.0,15.42377858240077,0,0.0,False,False
2022-04-11,CASH,0.0,0.0,0.0,0.0,0.0,0.0,0.0,15.42377858240077,0,0.0,False,False
2022-04-12,CASH,0.0,0.0,0.0,0.0,0.0,0.0,0.0,15.42377858240077,0,0.0,False,False
2022-04-13,CASH,0.0,0.0,0.0,0.0,0.0,0.0,0.0,15.42377858240077,0,0.0,False,False
2022-04-14,CASH,0.0,0.0,0.0,0.0,0.0,0.0,0.0,15.42377858240077,0,0.0,False,False
2022-04-15,CASH,0.0,0.0,0.0,0.0,0.0,0.0,0.0,15.42377858240077,0,0.0,False,False
2022-04-16,CASH,0.0,0.0,0.0,0.0,0.0,0.0,0.0,15.42377858240077,0,0.0,False,False
2022-04-17,CASH,0.0,0.0,0.0,0.0,0.0,0.0,0.0,15.42377858240077,0,0.0,False,False
2022-04-18,CASH,0.0,0.0,0.0,0.0,0.0,0.0,0.0,15.42377858240077,0,0.0,False,False
2022-04-19,CASH,0.0,0.0,0.0,0.0,0.0,0.0,0.0,15.42377858240077,0,0.0,False,False
2022-04-20,CASH,0.0,0.0,0.0,0.0,0.0,0.0,0.0,15.42377858240077,0,0.0,False,False
2022-04-21,CASH,0.0,0.0,0.0,0.0,0.0,0.0,0.0,15.42377858240077,0,0.0,False,False
2022-04-22,CASH,0.0,0.0,0.0,0.0,0.0,0.0,0.0,15.42377858240077,0,0.0,False,False
2022-04-23,CASH,0.0,0.0,0.0,0.0,0.0,0.0,0.0,15.42377858240077,0,0.0,False,False
2022-04-24,CASH,0.0,0.0,0.0,0.0,0.0,0.0,0.0,15.42377858240077,0,0.0,False,False
2022-04-25,CASH,0.0,0.0,0.0,0.0,0.0,0.0,0.0,15.42377858240077,0,0.0,False,False
2022-04-26,CASH,0.0,0.0,0.0,0.0,0.0,0.0,0.0,15.42377858240077,0,0.0,False,False
2022-04-27,CASH,0.0,0.0,0.0,0.0,0.0,0.0,0.0,15.42377858240077,0,0.0,False,False
2022-04-28,CASH,0.0,0.0,0.0,0.0,0.0,0.0,0.0,15.42377858240077,0,0.0,False,False
2022-04-29,CASH,0.0,0.0,0.0,0.0,0.0,0.0,0.0,15.42377858240077,0,0.0,False,False
2022-04-30,CASH,0.0,0.0,0.0,0.0,0.0,0.0,0.0,15.42377858240077,0,0.0,False,False
2022-05-01,CASH,0.0,0.0,0.0,0.0,0.0,0.0,0.0,15.42377858240077,0,0.0,False,False
2022-05-02,CASH,0.0,0.0,0.0,0.0,0.0,0.0,0.0,15.42377858240077,0,0.0,False,False
2022-05-03,CASH,0.0,0.0,0.0,0.0,0.0,0.0,0.0,15.42377858240077,0,0.0,False,False
2022-05-04,CASH,0.0,0.0,0.0,0.0,0.0,0.0,0.0,15.42377858240077,0,0.0,False,False
2022-05-05,CASH,0.0,0.0,0.0,0.0,0.0,0.0,0.0,15.42377858240077,0,0.0,False,False
2022-05-06,CASH,0.0,0.0,0.0,0.0,0.0,0.0,0.0,15.42377858240077,0,0.0,False,False
2022-05-07,CASH,0.0,0.0,0.0,0.0,0.0,0.0,0.0,15.42377858240077,0,0.0,False,False
2022-05-08,CASH,0.0,0.0,0.0,0.0,0.0,0.0,0.0,15.42377858240077,0,0.0,False,False
2022-05-09,CASH,0.0,0.0,0.0,0.0,0.0,0.0,0.0,15.42377858240077,0,0.0,False,False
2022-05-10,CASH,0.0,0.0,0.0,0.0,0.0,0.0,0.0,15.42377858240077,0,0.0,False,False
2022-05-11,CASH,0.0,0.0,0.0,0.0,0.0,0.0,0.0,15.42377858240077,0,0.0,False,False
2022-05-12,CASH,0.0,0.0,0.0,0.0,0.0,0.0,0.0,15.42377858240077,0,0.0,False,False
2022-05-13,CASH,0.0,0.0,0.0,0.0,0.0,0.0,0.0,15.42377858240077,0,0.0,False,False
2022-05-14,CASH,0.0,0.0,0.0,0.0,0.0,0.0,0.0,15.42377858240077,0,0.0,False,False
2022-05-15,CASH,0.0,0.0,0.0,0.0,0.0,0.0,0.0,15.42377858240077,0,0.0,False,False
2022-05-16,CASH,0.0,0.0,0.0,0.0,0.0,0.0,0.0,15.42377858240077,0,0.0,False,False
2022-05-17,CASH,0.0,0.0,0.0,0.0,0.0,0.0,0.0,15.42377858240077,0,0.0,False,False
2022-05-18,CASH,0.0,0.0,0.0,0.0,0.0,0.0,0.0,15.42377858240077,0,0.0,False,False
2022-05-19,CASH,0.0,0.0,0.0,0.0,0.0,0.0,0.0,15.42377858240077,0,0.0,False,False
2022-05-20,CASH,0.0,0.0,0.0,0.0,0.0,0.0,0.0,15.42377858240077,0,0.0,False,False
2022-05-21,CASH,0.0,0.0,0.0,0.0,0.0,0.0,0.0,15.42377858240077,0,0.0,False,False
2022-05-22,CASH,0.0,0.0,0.0,0.0,0.0,0.0,0.0,15.42377858240077,0,0.0,False,False
2022-05-23,CASH,0.0,0.0,0.0,0.0,0.0,0.0,0.0,15.42377858240077,0,0.0,False,False
2022-05-24,CASH,0.0,0.0,0.0,0.0,0.0,0.0,0.0,15.42377858240077,0,0.0,False,False
2022-05-25,CASH,0.0,0.0,0.0,0.0,0.0,0.0,0.0,15.42377858240077,0,0.0,False,False
2022-05-26,CASH,0.0,0.0,0.0,0.0,0.0,0.0,0.0,15.42377858240077,0,0.0,False,False
2022-05-27,CASH,0.0,0.0,0.0,0.0,0.0,0.0,0.0,15.42377858240077,0,0.0,False,False
2022-05-28,CASH,0.0,0.0,0.0,0.0,0.0,0.0,0.0,15.42377858240077,0,0.0,False,False
2022-05-29,CASH,0.0,0.0,0.0,0.0,0.0,0.0,0.0,15.42377858240077,0,0.0,False,False
2022-05-30,CASH,0.0,0.0,0.0,0.0,0.0,0.0,0.0,15.42377858240077,0,0.0,False,False
2022-05-31,CASH,0.0,0.0,0.0,0.0,0.0,0.0,0.0,15.42377858240077,0,0.0,False,False
2022-06-01,CASH,0.0,0.0,0.0,0.0,0.0,0.0,0.0,15.42377858240077,0,0.0,False,False
2022-06-02,CASH,0.0,0.0,0.0,0.0,0.0,0.0,0.0,15.42377858240077,0,0.0,False,False
2022-06-03,CASH,0.0,0.0,0.0,0.0,0.0,0.0,0.0,15.42377858240077,0,0.0,False,False
2022-06-04,CASH,0.0,0.0,0.0,0.0,0.0,0.0,0.0,15.42377858240077,0,0.0,False,False
2022-06-05,CASH,0.0,0.0,0.0,0.0,0.0,0.0,0.0,15.42377858240077,0,0.0,False,False
2022-06-06,CASH,0.0,0.0,0.0,0.0,0.0,0.0,0.0,15.42377858240077,0,0.0,False,False
2022-06-07,CASH,0.0,0.0,0.0,0.0,0.0,0.0,0.0,15.42377858240077,0,0.0,False,False
2022-06-08,CASH,0.0,0.0,0.0,0.0,0.0,0.0,0.0,15.42377858240077,0,0.0,False,False
2022-06-09,CASH,0.0,0.0,0.0,0.0,0.0,0.0,0.0,15.42377858240077,0,0.0,False,False
2022-06-10,CASH,0.0,0.0,0.0,0.0,0.0,0.0,0.0,15.42377858240077,0,0.0,False,False
2022-06-11,CASH,0.0,0.0,0.0,0.0,0.0,0.0,0.0,15.42377858240077,0,0.0,False,False
2022-06-12,CASH,0.0,0.0,0.0,0.0,0.0,0.0,0.0,15.42377858240077,0,0.0,False,False
2022-06-13,CASH,0.0,0.0,0.0,0.0,0.0,0.0,0.0,15.42377858240077,0,0.0,False,False
2022-06-14,CASH,0.0,0.0,0.0,0.0,0.0,0.0,0.0,15.42377858240077,0,0.0,False,False
2022-06-15,CASH,0.0,0.0,0.0,0.0,0.0,0.0,0.0,15.42377858240077,0,0.0,False,False
2022-06-16,CASH,0.0,0.0,0.0,0.0,0.0,0.0,0.0,15.42377858240077,0,0.0,False,False
2022-06-17,CASH,0.0,0.0,0.0,0.0,0.0,0.0,0.0,15.42377858240077,0,0.0,False,False
2022-06-18,CASH,0.0,0.0,0.0,0.0,0.0,0.0,0.0,15.42377858240077,0,0.0,False,False
2022-06-19,CASH,0.0,0.0,0.0,0.0,0.0,0.0,0.0,15.42377858240077,0,0.0,False,False
2022-06-20,CASH,0.0,0.0,0.0,0.0,0.0,0.0,0.0,15.42377858240077,0,0.0,False,False
2022-06-21,CASH,0.0,0.0,0.0,0.0,0.0,0.0,0.0,15.42377858240077,0,0.0,False,False
2022-06-22,CASH,0.0,0.0,0.0,0.0,0.0,0.0,0.0,15.42377858240077,0,0.0,False,False
2022-06-23,CASH,0.0,0.0,0.0,0.0,0.0,0.0,0.0,15.42377858240077,0,0.0,False,False
2022-06-24,CASH,0.0,0.0,0.0,0.0,0.0,0.0,0.0,15.42377858240077,0,0.0,False,False
2022-06-25,CASH,0.0,0.0,0.0,0.0,0.0,0.0,0.0,15.42377858240077,0,0.0,False,False
2022-06-26,CASH,0.0,0.0,0.0,0.0,0.0,0.0,0.0,15.42377858240077,0,0.0,False,False
2022-06-27,CASH,0.0,0.0,0.0,0.0,0.0,0.0,0.0,15.42377858240077,0,0.0,False,False
2022-06-28,CASH,0.0,0.0,0.0,0.0,0.0,0.0,0.0,15.42377858240077,0,0.0,False,False
2022-06-29,CASH,0.0,0.0,0.0,0.0,0.0,0.0,0.0,15.42377858240077,0,0.0,False,False
2022-06-30,CASH,0.0,0.0,0.0,0.0,0.0,0.0,0.0,15.42377858240077,0,0.0,False,False
2022-07-01,CASH,0.0,0.0,0.0,0.0,0.0,0.0,0.0,15.42377858240077,0,0.0,False,False
2022-07-02,CASH,0.0,0.0,0.0,0.0,0.0,0.0,0.0,15.42377858240077,0,0.0,False,False
2022-07-03,CASH,0.0,0.0,0.0,0.0,0.0,0.0,0.0,15.42377858240077,0,0.0,False,False
2022-07-04,CASH,0.0,0.0,0.0,0.0,0.0,0.0,0.0,15.42377858240077,0,0.0,False,False
2022-07-05,CASH,0.0,0.0,0.0,0.0,0.0,0.0,0.0,15.42377858240077,0,0.0,False,False
2022-07-06,CASH,0.0,0.0,0.0,0.0,0.0,0.0,0.0,15.42377858240077,0,0.0,False,False
2022-07-07,CASH,0.0,0.0,0.0,0.0,0.0,0.0,0.0,15.42377858240077,0,0.0,False,False
2022-07-08,CASH,0.0,0.0,0.0,0.0,0.0,0.0,0.0,15.42377858240077,0,0.0,False,False
2022-07-09,CASH,0.0,0.0,0.0,0.0,0.0,0.0,0.0,15.42377858240077,0,0.0,False,False
2022-07-10,CASH,0.0,0.0,0.0,0.0,0.0,0.0,0.0,15.42377858240077,0,0.0,False,False
2022-07-11,CASH,0.0,0.0,0.0,0.0,0.0,0.0,0.0,15.42377858240077,0,0.0,False,False
2022-07-12,CASH,0.0,0.0,0.0,0.0,0.0,0.0,0.0,15.42377858240077,0,0.0,False,False
2022-07-13,CASH,0.0,0.0,0.0,0.0,0.0,0.0,0.0,15.42377858240077,0,0.0,False,False
2022-07-14,CASH,0.0,0.0,0.0,0.0,0.0,0.0,0.0,15.42377858240077,0,0.0,False,False
2022-07-15,CASH,0.0,0.0,0.0,0.0,0.0,0.0,0.0,15.42377858240077,0,0.0,False,False
2022-07-16,CASH,0.0,0.0,0.0,0.0,0.0,0.0,0.0,15.42377858240077,0,0.0,False,False
2022-07-17,CASH,0.0,0.0,0.0,0.0,0.0,0.0,0.0,15.42377858240077,0,0.0,False,False
2022-07-18,CASH,0.0,0.0,0.0,0.0,0.0,0.0,0.0,15.42377858240077,0,0.0,False,False
2022-07-19,CASH,0.0,0.0,0.0,0.0,0.0,0.0,0.0,15.42377858240077,0,0.0,False,False
2022-07-20,CASH,0.0,0.0,0.0,0.0,0.0,0.0,0.0,15.42377858240077,0,0.0,False,False
2022-07-21,CASH,0.0,0.0,0.0,0.0,0.0,0.0,0.0,15.42377858240077,0,0.0,False,False
2022-07-22,CASH,0.0,0.0,0.0,0.0,0.0,0.0,0.0,15.42377858240077,0,0.0,False,False
2022-07-23,CASH,0.0,0.0,0.0,0.0,0.0,0.0,0.0,15.42377858240077,0,0.0,False,False
2022-07-24,CASH,0.0,0.0,0.0,0.0,0.0,0.0,0.0,15.42377858240077,0,0.0,False,False
2022-07-25,CASH,0.0,0.0,0.0,0.0,0.0,0.0,0.0,15.42377858240077,0,0.0,False,False
2022-07-26,CASH,0.0,0.0,0.0,0.0,0.0,0.0,0.0,15.42377858240077,0,0.0,False,False
2022-07-27,CASH,0.0,0.0,0.0,0.0,0.0,0.0,0.0,15.42377858240077,0,0.0,False,False
2022-07-28,CASH,0.0,0.0,0.0,0.0,0.0,0.0,0.0,15.42377858240077,0,0.0,False,False
2022-07-29,CASH,0.0,0.0,0.0,0.0,0.0,0.0,0.0,15.42377858240077,0,0.0,False,False
2022-07-30,CASH,0.0,0.0,0.0,0.0,0.0,0.0,0.0,15.42377858240077,0,0.0,False,False
2022-07-31,CASH,0.0,0.0,0.0,0.0,0.0,0.0,0.0,15.42377858240077,0,0.0,False,False
2022-08-01,CASH,0.0,0.0,0.0,0.0,0.0,0.0,0.0,15.42377858240077,0,0.0,False,False
2022-08-02,CASH,0.0,0.0,0.0,0.0,0.0,0.0,0.0,15.42377858240077,0,0.0,False,False
2022-08-03,CASH,0.0,0.0,0.0,0.0,0.0,0.0,0.0,15.42377858240077,0,0.0,False,False
2022-08-04,CASH,0.0,0.0,0.0,0.0,0.0,0.0,0.0,15.42377858240077,0,0.0,False,False
2022-08-05,CASH,0.0,0.0,0.0,0.0,0.0,0.0,0.0,15.42377858240077,0,0.0,False,False
2022-08-06,CASH,0.0,0.0,0.0,0.0,0.0,0.0,0.0,15.42377858240077,0,0.0,False,False
2022-08-07,CASH,0.0,0.0,0.0,0.0,0.0,0.0,0.0,15.42377858240077,0,0.0,False,False
2022-08-08,CASH,0.0,0.0,0.0,0.0,0.0,0.0,0.0,15.42377858240077,0,0.0,False,False
2022-08-09,CASH,0.0,0.0,0.0,0.0,0.0,0.0,0.0,15.42377858240077,0,0.0,False,False
2022-08-10,CASH,0.0,0.0,0.0,0.0,0.0,0.0,0.0,15.42377858240077,0,0.0,False,False
2022-08-11,CASH,0.0,0.0,0.0,0.0,0.0,0.0,0.0,15.42377858240077,0,0.0,False,False
2022-08-12,CASH,0.0,0.0,0.0,0.0,0.0,0.0,0.0,15.42377858240077,0,0.0,False,False
2022-08-13,CASH,0.0,0.0,0.0,0.0,0.0,0.0,0.0,15.42377858240077,0,0.0,False,False
2022-08-14,CASH,0.0,0.0,0.0,0.0,0.0,0.0,0.0,15.42377858240077,0,0.0,False,False
2022-08-15,CASH,0.0,0.0,0.0,0.0,0.0,0.0,0.0,15.42377858240077,0,0.0,False,False
2022-08-16,CASH,0.0,0.0,0.0,0.0,0.0,0.0,0.0,15.42377858240077,0,0.0,False,False
2022-08-17,CASH,0.0,0.0,0.0,0.0,0.0,0.0,0.0,15.42377858240077,0,0.0,False,False
2022-08-18,CASH,0.0,0.0,0.0,0.0,0.0,0.0,0.0,15.42377858240077,0,0.0,False,False
2022-08-19,CASH,0.0,0.0,0.0,0.0,0.0,0.0,0.0,15.42377858240077,0,0.0,False,False
2022-08-20,CASH,0.0,0.0,0.0,0.0,0.0,0.0,0.0,15.42377858240077,0,0.0,False,False
2022-08-21,CASH,0.0,0.0,0.0,0.0,0.0,0.0,0.0,15.42377858240077,0,0.0,False,False
2022-08-22,CASH,0.0,0.0,0.0,0.0,0.0,0.0,0.0,15.42377858240077,0,0.0,False,False
2022-08-23,CASH,0.0,0.0,0.0,0.0,0.0,0.0,0.0,15.42377858240077,0,0.0,False,False
2022-08-24,CASH,0.0,0.0,0.0,0.0,0.0,0.0,0.0,15.42377858240077,0,0.0,False,False
2022-08-25,CASH,0.0,0.0,0.0,0.0,0.0,0.0,0.0,15.42377858240077,0,0.0,False,False
2022-08-26,CASH,0.0,0.0,0.0,0.0,0.0,0.0,0.0,15.42377858240077,0,0.0,False,False
2022-08-27,CASH,0.0,0.0,0.0,0.0,0.0,0.0,0.0,15.42377858240077,0,0.0,False,False
2022-08-28,CASH,0.0,0.0,0.0,0.0,0.0,0.0,0.0,15.42377858240077,0,0.0,False,False
2022-08-29,CASH,0.0,0.0,0.0,0.0,0.0,0.0,0.0,15.42377858240077,0,0.0,False,False
2022-08-30,CASH,0.0,0.0,0.0,0.0,0.0,0.0,0.0,15.42377858240077,0,0.0,False,False
2022-08-31,CASH,0.0,0.0,0.0,0.0,0.0,0.0,0.0,15.42377858240077,0,0.0,False,False
2022-09-01,CASH,0.0,0.0,0.0,0.0,0.0,0.0,0.0,15.42377858240077,0,0.0,False,False
2022-09-02,CASH,0.0,0.0,0.0,0.0,0.0,0.0,0.0,15.42377858240077,0,0.0,False,False
2022-09-03,CASH,0.0,0.0,0.0,0.0,0.0,0.0,0.0,15.42377858240077,0,0.0,False,False
2022-09-04,CASH,0.0,0.0,0.0,0.0,0.0,0.0,0.0,15.42377858240077,0,0.0,False,False
2022-09-05,CASH,0.0,0.0,0.0,0.0,0.0,0.0,0.0,15.42377858240077,0,0.0,False,False
2022-09-06,CASH,0.0,0.0,0.0,0.0,0.0,0.0,0.0,15.42377858240077,0,0.0,False,False
2022-09-07,CASH,0.0,0.0,0.0,0.0,0.0,0.0,0.0,15.42377858240077,0,0.0,False,False
2022-09-08,CASH,0.0,0.0,0.0,0.0,0.0,0.0,0.0,15.42377858240077,0,0.0,False,False
2022-09-09,CASH,0.0,0.0,0.0,0.0,0.0,0.0,0.0,15.42377858240077,0,0.0,False,False
2022-09-10,CASH,0.0,0.0,0.0,0.0,0.0,0.0,0.0,15.42377858240077,0,0.0,False,False
2022-09-11,CASH,0.0,0.0,0.0,0.0,0.0,0.0,0.0,15.42377858240077,0,0.0,False,False
2022-09-12,CASH,0.0,0.0,0.0,0.0,0.0,0.0,0.0,15.42377858240077,0,0.0,False,False
2022-09-13,CASH,0.0,0.0,0.0,0.0,0.0,0.0,0.0,15.42377858240077,0,0.0,False,False
2022-09-14,CASH,0.0,0.0,0.0,0.0,0.0,0.0,0.0,15.42377858240077,0,0.0,False,False
2022-09-15,CASH,0.0,0.0,0.0,0.0,0.0,0.0,0.0,15.42377858240077,0,0.0,False,False
2022-09-16,CASH,0.0,0.0,0.0,0.0,0.0,0.0,0.0,15.42377858240077,0,0.0,False,False
2022-09-17,CASH,0.0,0.0,0.0,0.0,0.0,0.0,0.0,15.42377858240077,0,0.0,False,False
2022-09-18,CASH,0.0,0.0,0.0,0.0,0.0,0.0,0.0,15.42377858240077,0,0.0,False,False
2022-09-19,CASH,0.0,0.0,0.0,0.0,0.0,0.0,0.0,15.42377858240077,0,0.0,False,False
2022-09-20,CASH,0.0,0.0,0.0,0.0,0.0,0.0,0.0,15.42377858240077,0,0.0,False,False
2022-09-21,CASH,0.0,0.0,0.0,0.0,0.0,0.0,0.0,15.42377858240077,0,0.0,False,False
2022-09-22,CASH,0.0,0.0,0.0,0.0,0.0,0.0,0.0,15.42377858240077,0,0.0,False,False
2022-09-23,CASH,0.0,0.0,0.0,0.0,0.0,0.0,0.0,15.42377858240077,0,0.0,False,False
2022-09-24,CASH,0.0,0.0,0.0,0.0,0.0,0.0,0.0,15.42377858240077,0,0.0,False,False
2022-09-25,CASH,0.0,0.0,0.0,0.0,0.0,0.0,0.0,15.42377858240077,0,0.0,False,False
2022-09-26,CASH,0.0,0.0,0.0,0.0,0.0,0.0,0.0,15.42377858240077,0,0.0,False,False
2022-09-27,CASH,0.0,0.0,0.0,0.0,0.0,0.0,0.0,15.42377858240077,0,0.0,False,False
2022-09-28,CASH,0.0,0.0,0.0,0.0,0.0,0.0,0.0,15.42377858240077,0,0.0,False,False
2022-09-29,CASH,0.0,0.0,0.0,0.0,0.0,0.0,0.0,15.42377858240077,0,0.0,False,False
2022-09-30,CASH,0.0,0.0,0.0,0.0,0.0,0.0,0.0,15.42377858240077,0,0.0,False,False
2022-10-01,CASH,0.0,0.0,0.0,0.0,0.0,0.0,0.0,15.42377858240077,0,0.0,False,False
2022-10-02,CASH,0.0,0.0,0.0,0.0,0.0,0.0,0.0,15.42377858240077,0,0.0,False,False
2022-10-03,CASH,0.0,0.0,0.0,0.0,0.0,0.0,0.0,15.42377858240077,0,0.0,False,False
2022-10-04,CASH,0.0,0.0,0.0,0.0,0.0,0.0,0.0,15.42377858240077,0,0.0,False,False
2022-10-05,CASH,0.0,0.0,0.0,0.0,0.0,0.0,0.0,15.42377858240077,0,0.0,False,False
2022-10-06,CASH,0.0,0.0,0.0,0.0,0.0,0.0,0.0,15.42377858240077,0,0.0,False,False
2022-10-07,CASH,0.0,0.0,0.0,0.0,0.0,0.0,0.0,15.42377858240077,0,0.0,False,False
2022-10-08,CASH,0.0,0.0,0.0,0.0,0.0,0.0,0.0,15.42377858240077,0,0.0,False,False
2022-10-09,CASH,0.0,0.0,0.0,0.0,0.0,0.0,0.0,15.42377858240077,0,0.0,False,False
2022-10-10,CASH,0.0,0.0,0.0,0.0,0.0,0.0,0.0,15.42377858240077,0,0.0,False,False
2022-10-11,CASH,0.0,0.0,0.0,0.0,0.0,0.0,0.0,15.42377858240077,0,0.0,False,False
2022-10-12,CASH,0.0,0.0,0.0,0.0,0.0,0.0,0.0,15.42377858240077,0,0.0,False,False
2022-10-13,CASH,0.0,0.0,0.0,0.0,0.0,0.0,0.0,15.42377858240077,0,0.0,False,False
2022-10-14,CASH,0.0,0.0,0.0,0.0,0.0,0.0,0.0,15.42377858240077,0,0.0,False,False
2022-10-15,CASH,0.0,0.0,0.0,0.0,0.0,0.0,0.0,15.42377858240077,0,0.0,False,False
2022-10-16,CASH,0.0,0.0,0.0,0.0,0.0,0.0,0.0,15.42377858240077,0,0.0,False,False
2022-10-17,CASH,0.0,0.0,0.0,0.0,0.0,0.0,0.0,15.42377858240077,0,0.0,False,False
2022-10-18,CASH,0.0,0.0,0.0,0.0,0.0,0.0,0.0,15.42377858240077,0,0.0,False,False
2022-10-19,CASH,0.0,0.0,0.0,0.0,0.0,0.0,0.0,15.42377858240077,0,0.0,False,False
2022-10-20,CASH,0.0,0.0,0.0,0.0,0.0,0.0,0.0,15.42377858240077,0,0.0,False,False
2022-10-21,CASH,0.0,0.0,0.0,0.0,0.0,0.0,0.0,15.42377858240077,0,0.0,False,False
2022-10-22,CASH,0.0,0.0,0.0,0.0,0.0,0.0,0.0,15.42377858240077,0,0.0,False,False
2022-10-23,CASH,0.0,0.0,0.0,0.0,0.0,0.0,0.0,15.42377858240077,0,0.0,False,False
2022-10-24,CASH,0.0,0.0,0.0,0.0,0.0,0.0,0.0,15.42377858240077,0,0.0,False,False
2022-10-25,CASH,0.0,0.0,0.0,0.0,0.0,0.0,0.0,15.42377858240077,0,0.0,False,False
2022-10-26,CASH,0.0,0.0,0.0,0.0,0.0,0.0,0.0,15.42377858240077,0,0.0,False,False
2022-10-27,CASH,0.0,0.0,0.0,0.0,0.0,0.0,0.0,15.42377858240077,0,0.0,False,False
2022-10-28,CASH,0.0,0.0,0.0,0.0,0.0,0.0,0.0,15.42377858240077,0,0.0,False,False
2022-10-29,CASH,0.0,0.0,0.0,0.0,0.0,0.0,0.0,15.42377858240077,0,0.0,False,False
2022-10-30,CASH,0.0,0.0,0.0,0.0,0.0,0.0,0.0,15.42377858240077,0,0.0,False,False
2022-10-31,CASH,0.0,0.0,0.0,0.0,0.0,0.0,0.0,15.42377858240077,0,0.0,False,False
2022-11-01,CASH,0.0,0.0,0.0,0.0,0.0,0.0,0.0,15.42377858240077,0,0.0,False,False
2022-11-02,CASH,0.0,0.0,0.0,0.0,0.0,0.0,0.0,15.42377858240077,0,0.0,False,False
2022-11-03,CASH,0.0,0.0,0.0,0.0,0.0,0.0,0.0,15.42377858240077,0,0.0,False,False
2022-11-04,BNBUSDT,1.0,-0.015228426395939132,1.0,0.0015,-0.016728426395939133,-0.015228426395939132,0.0936573799644338,15.165763037637817,1,0.10888580636037293,True,True
2022-11-05,LTCUSDT,1.0,-0.014011266791853272,2.0,0.003,-0.01701126679185327,-0.014011266791853272,-0.014011266791853272,14.907774196502533,1,0.0,False,False
2022-11-06,CASH,0.0,0.0,1.0,0.0015,-0.0015,0.0,0.0,14.88541253520778,0,0.0,False,False
2022-11-07,CASH,0.0,0.0,0.0,0.0,0.0,0.0,0.0,14.88541253520778,0,0.0,False,False
2022-11-08,CASH,0.0,0.0,0.0,0.0,0.0,0.0,0.0,14.88541253520778,0,0.0,False,False
2022-11-09,CASH,0.0,0.0,0.0,0.0,0.0,0.0,0.0,14.88541253520778,0,0.0,False,False
2022-11-10,CASH,0.0,0.0,0.0,0.0,0.0,0.0,0.0,14.88541253520778,0,0.0,False,False
2022-11-11,CASH,0.0,0.0,0.0,0.0,0.0,0.0,0.0,14.88541253520778,0,0.0,False,False
2022-11-12,CASH,0.0,0.0,0.0,0.0,0.0,0.0,0.0,14.88541253520778,0,0.0,False,False
2022-11-13,CASH,0.0,0.0,0.0,0.0,0.0,0.0,0.0,14.88541253520778,0,0.0,False,False
2022-11-14,CASH,0.0,0.0,0.0,0.0,0.0,0.0,0.0,14.88541253520778,0,0.0,False,False
2022-11-15,CASH,0.0,0.0,0.0,0.0,0.0,0.0,0.0,14.88541253520778,0,0.0,False,False
2022-11-16,CASH,0.0,0.0,0.0,0.0,0.0,0.0,0.0,14.88541253520778,0,0.0,False,False
2022-11-17,CASH,0.0,0.0,0.0,0.0,0.0,0.0,0.0,14.88541253520778,0,0.0,False,False
2022-11-18,CASH,0.0,0.0,0.0,0.0,0.0,0.0,0.0,14.88541253520778,0,0.0,False,False
2022-11-19,CASH,0.0,0.0,0.0,0.0,0.0,0.0,0.0,14.88541253520778,0,0.0,False,False
2022-11-20,CASH,0.0,0.0,0.0,0.0,0.0,0.0,0.0,14.88541253520778,0,0.0,False,False
2022-11-21,CASH,0.0,0.0,0.0,0.0,0.0,0.0,0.0,14.88541253520778,0,0.0,False,False
2022-11-22,CASH,0.0,0.0,0.0,0.0,0.0,0.0,0.0,14.88541253520778,0,0.0,False,False
2022-11-23,CASH,0.0,0.0,0.0,0.0,0.0,0.0,0.0,14.88541253520778,0,0.0,False,False
2022-11-24,CASH,0.0,0.0,0.0,0.0,0.0,0.0,0.0,14.88541253520778,0,0.0,False,False
2022-11-25,CASH,0.0,0.0,0.0,0.0,0.0,0.0,0.0,14.88541253520778,0,0.0,False,False
2022-11-26,CASH,0.0,0.0,0.0,0.0,0.0,0.0,0.0,14.88541253520778,0,0.0,False,False
2022-11-27,CASH,0.0,0.0,0.0,0.0,0.0,0.0,0.0,14.88541253520778,0,0.0,False,False
2022-11-28,CASH,0.0,0.0,0.0,0.0,0.0,0.0,0.0,14.88541253520778,0,0.0,False,False
2022-11-29,CASH,0.0,0.0,0.0,0.0,0.0,0.0,0.0,14.88541253520778,0,0.0,False,False
2022-11-30,CASH,0.0,0.0,0.0,0.0,0.0,0.0,0.0,14.88541253520778,0,0.0,False,False
2022-12-01,CASH,0.0,0.0,0.0,0.0,0.0,0.0,0.0,14.88541253520778,0,0.0,False,False
2022-12-02,CASH,0.0,0.0,0.0,0.0,0.0,0.0,0.0,14.88541253520778,0,0.0,False,False
2022-12-03,CASH,0.0,0.0,0.0,0.0,0.0,0.0,0.0,14.88541253520778,0,0.0,False,False
2022-12-04,CASH,0.0,0.0,0.0,0.0,0.0,0.0,0.0,14.88541253520778,0,0.0,False,False
2022-12-05,CASH,0.0,0.0,0.0,0.0,0.0,0.0,0.0,14.88541253520778,0,0.0,False,False
2022-12-06,CASH,0.0,0.0,0.0,0.0,0.0,0.0,0.0,14.88541253520778,0,0.0,False,False
2022-12-07,CASH,0.0,0.0,0.0,0.0,0.0,0.0,0.0,14.88541253520778,0,0.0,False,False
2022-12-08,CASH,0.0,0.0,0.0,0.0,0.0,0.0,0.0,14.88541253520778,0,0.0,False,False
2022-12-09,CASH,0.0,0.0,0.0,0.0,0.0,0.0,0.0,14.88541253520778,0,0.0,False,False
2022-12-10,CASH,0.0,0.0,0.0,0.0,0.0,0.0,0.0,14.88541253520778,0,0.0,False,False
2022-12-11,CASH,0.0,0.0,0.0,0.0,0.0,0.0,0.0,14.88541253520778,0,0.0,False,False
2022-12-12,CASH,0.0,0.0,0.0,0.0,0.0,0.0,0.0,14.88541253520778,0,0.0,False,False
2022-12-13,CASH,0.0,0.0,0.0,0.0,0.0,0.0,0.0,14.88541253520778,0,0.0,False,False
2022-12-14,CASH,0.0,0.0,0.0,0.0,0.0,0.0,0.0,14.88541253520778,0,0.0,False,False
2022-12-15,CASH,0.0,0.0,0.0,0.0,0.0,0.0,0.0,14.88541253520778,0,0.0,False,False
2022-12-16,CASH,0.0,0.0,0.0,0.0,0.0,0.0,0.0,14.88541253520778,0,0.0,False,False
2022-12-17,CASH,0.0,0.0,0.0,0.0,0.0,0.0,0.0,14.88541253520778,0,0.0,False,False
2022-12-18,CASH,0.0,0.0,0.0,0.0,0.0,0.0,0.0,14.88541253520778,0,0.0,False,False
2022-12-19,CASH,0.0,0.0,0.0,0.0,0.0,0.0,0.0,14.88541253520778,0,0.0,False,False
2022-12-20,CASH,0.0,0.0,0.0,0.0,0.0,0.0,0.0,14.88541253520778,0,0.0,False,False
2022-12-21,CASH,0.0,0.0,0.0,0.0,0.0,0.0,0.0,14.88541253520778,0,0.0,False,False
2022-12-22,CASH,0.0,0.0,0.0,0.0,0.0,0.0,0.0,14.88541253520778,0,0.0,False,False
2022-12-23,CASH,0.0,0.0,0.0,0.0,0.0,0.0,0.0,14.88541253520778,0,0.0,False,False
2022-12-24,CASH,0.0,0.0,0.0,0.0,0.0,0.0,0.0,14.88541253520778,0,0.0,False,False
2022-12-25,CASH,0.0,0.0,0.0,0.0,0.0,0.0,0.0,14.88541253520778,0,0.0,False,False
2022-12-26,CASH,0.0,0.0,0.0,0.0,0.0,0.0,0.0,14.88541253520778,0,0.0,False,False
2022-12-27,CASH,0.0,0.0,0.0,0.0,0.0,0.0,0.0,14.88541253520778,0,0.0,False,False
2022-12-28,CASH,0.0,0.0,0.0,0.0,0.0,0.0,0.0,14.88541253520778,0,0.0,False,False
2022-12-29,CASH,0.0,0.0,0.0,0.0,0.0,0.0,0.0,14.88541253520778,0,0.0,False,False
2022-12-30,CASH,0.0,0.0,0.0,0.0,0.0,0.0,0.0,14.88541253520778,0,0.0,False,False
2022-12-31,CASH,0.0,0.0,0.0,0.0,0.0,0.0,0.0,14.88541253520778,0,0.0,False,False
2023-01-01,CASH,0.0,0.0,0.0,0.0,0.0,0.0,0.0,14.88541253520778,0,0.0,False,False
2023-01-02,CASH,0.0,0.0,0.0,0.0,0.0,0.0,0.0,14.88541253520778,0,0.0,False,False
2023-01-03,CASH,0.0,0.0,0.0,0.0,0.0,0.0,0.0,14.88541253520778,0,0.0,False,False
2023-01-04,CASH,0.0,0.0,0.0,0.0,0.0,0.0,0.0,14.88541253520778,0,0.0,False,False
2023-01-05,CASH,0.0,0.0,0.0,0.0,0.0,0.0,0.0,14.88541253520778,0,0.0,False,False
2023-01-06,CASH,0.0,0.0,0.0,0.0,0.0,0.0,0.0,14.88541253520778,0,0.0,False,False
2023-01-07,CASH,0.0,0.0,0.0,0.0,0.0,0.0,0.0,14.88541253520778,0,0.0,False,False
2023-01-08,CASH,0.0,0.0,0.0,0.0,0.0,0.0,0.0,14.88541253520778,0,0.0,False,False
2023-01-09,CASH,0.0,0.0,0.0,0.0,0.0,0.0,0.0,14.88541253520778,0,0.0,False,False
2023-01-10,CASH,0.0,0.0,0.0,0.0,0.0,0.0,0.0,14.88541253520778,0,0.0,False,False
2023-01-11,CASH,0.0,0.0,0.0,0.0,0.0,0.0,0.0,14.88541253520778,0,0.0,False,False
2023-01-12,CASH,0.0,0.0,0.0,0.0,0.0,0.0,0.0,14.88541253520778,0,0.0,False,False
2023-01-13,LTCUSDT,1.0,0.01867099617302559,1.0,0.0015,0.017170996173025588,0.01867099617302559,0.3253143794423181,15.14100989688374,1,0.3066433832692925,True,True
2023-01-14,LTCUSDT,1.0,-0.005350637522768653,0.0,0.0,-0.005350637522768653,-0.005350637522768653,0.001690431640750889,15.059995841196862,1,0.007041069163519542,True,False
2023-01-15,LTCUSDT,1.0,-0.016710541375758337,0.0,0.0,-0.016710541375758337,-0.016710541375758337,0.03014416775884654,14.808335157573794,1,0.04685470913460488,True,True
2023-01-16,LTCUSDT,1.0,0.012920498195786223,0.0,0.0,0.012920498195786223,0.012920498195786223,0.024776324845148023,14.999666225259823,1,0.0118558266493618,True,False
2023-01-17,LTCUSDT,1.0,-0.05056308894507,0.0,0.0,-0.05056308894507,-0.05056308894507,-0.02163918199406567,14.241236767765647,1,0.02892390695100433,True,True
2023-01-18,LTCUSDT,1.0,0.0192447349310092,0.0,0.0,0.0192447349310092,0.0192447349310092,0.0386039132734004,14.51530559445104,1,0.019359178342391203,True,False
2023-01-19,LTCUSDT,1.0,0.07208170051062823,0.0,0.0,0.07208170051062823,0.07208170051062823,0.19205607476635533,15.561593505130505,1,0.1199743742557271,True,True
2023-01-20,LTCUSDT,1.0,-0.026251661497563195,0.0,0.0,-0.026251661497563195,-0.026251661497563195,0.00958378970427165,15.153075820071141,1,0.035835451201834845,True,True
2023-01-21,LTCUSDT,1.0,-0.003753839153679883,0.0,0.0,-0.003753839153679883,-0.003753839153679883,0.042163694342742364,15.096193610759078,1,0.04591753349642225,True,True
2023-01-22,BTCUSDT,1.0,0.009184917306239049,2.0,0.003,0.006184917306239049,0.009184917306239049,0.05744255744255744,15.189562319880599,1,0.04825764013631839,True,True
2023-01-23,LTCUSDT,1.0,-0.030144605116796508,2.0,0.003,-0.03314460511679651,-0.030144605116796508,-0.012373644259909389,14.686110274891185,1,0.01777096085688712,True,False
2023-01-24,BTCUSDT,1.0,0.01891274158978362,2.0,0.003,0.015912741589783622,0.01891274158978362,0.07638279192273911,14.919806552654595,1,0.05747005033295549,True,True
2023-01-25,BTCUSDT,1.0,-0.002224107083232396,0.0,0.0,-0.002224107083232396,-0.002224107083232396,0.030917457578372165,14.886623305220379,1,0.03314156466160456,True,True
2023-01-26,LTCUSDT,1.0,0.015653564899451577,2.0,0.003,0.012653564899451578,0.015653564899451577,0.1725663716814161,15.074992159346674,1,0.1569128067819645,True,True
2023-01-27,LTCUSDT,1.0,0.008774890313871131,0.0,0.0,0.008774890313871131,0.008774890313871131,0.008774890313871131,15.207273562027408,1,0.0,False,False
2023-01-28,BTCUSDT,1.0,0.03126058742279336,2.0,0.003,0.028260587422793363,0.03126058742279336,0.08624999999999994,15.63704004598942,1,0.054989412577206576,True,True
2023-01-29,LTCUSDT,1.0,-0.03658793757908052,2.0,0.003,-0.03958793757908052,-0.03658793757908052,-0.019092019092019075,15.018001880727208,1,0.017495918487061446,True,False
2023-01-30,LTCUSDT,1.0,0.02976907081098834,0.0,0.0,0.02976907081098834,0.02976907081098834,0.0876994455131832,15.465073842154133,1,0.057930374702194865,True,True
2023-01-31,LTCUSDT,1.0,0.06631948134764576,0.0,0.0,0.06631948134764576,0.06631948134764576,0.06631948134764576,16.49070951836884,1,0.0,False,False
2023-02-01,BTCUSDT,1.0,-0.010269392474337113,2.0,0.003,-0.013269392474337113,-0.010269392474337113,0.020504731861198833,16.271887821589317,1,0.030774124335535946,True,True
2023-02-02,LTCUSDT,1.0,0.01236820762368196,2.0,0.003,0.00936820762368196,0.01236820762368196,0.07106831728564877,16.42432624513123,1,0.058700109661966815,True,True
2023-02-03,LTCUSDT,1.0,-0.013518926497095851,0.0,0.0,-0.013518926497095851,-0.013518926497095851,0.02948455826966545,16.20228698585898,1,0.0430034847667613,True,True
2023-02-04,LTCUSDT,1.0,-0.019084356918079526,0.0,0.0,-0.019084356918079526,-0.019084356918079526,-0.007869249394673039,15.893076758131691,1,0.011215107523406487,True,False
2023-02-05,LTCUSDT,1.0,-0.007244127082686402,0.0,0.0,-0.007244127082686402,-0.007244127082686402,-0.007244127082686402,15.777945290360895,1,0.0,False,False
2023-02-06,LTCUSDT,1.0,0.051391639737308425,0.0,0.0,0.051391639737308425,0.051391639737308425,0.068832768709578,16.588799770518083,1,0.01744112897226957,True,False
2023-02-07,LTCUSDT,1.0,-0.016260162601625994,0.0,0.0,-0.016260162601625994,-0.016260162601625994,-0.008475753786299833,16.319063188883643,1,0.00778440881532616,True,False
2023-02-08,LTCUSDT,1.0,-0.07226365652086275,0.0,0.0,-0.07226365652086275,-0.07226365652086275,-0.02130044843049328,15.1397880118599,1,0.05096320809036947,True,True
2023-02-09,CASH,0.0,0.0,1.0,0.0015,-0.0015,0.0,0.0,15.117078329842112,0,0.0,False,False
2023-02-10,CASH,0.0,0.0,0.0,0.0,0.0,0.0,0.0,15.117078329842112,0,0.0,False,False
2023-02-11,CASH,0.0,0.0,0.0,0.0,0.0,0.0,0.0,15.117078329842112,0,0.0,False,False
2023-02-12,CASH,0.0,0.0,0.0,0.0,0.0,0.0,0.0,15.117078329842112,0,0.0,False,False
2023-02-13,CASH,0.0,0.0,0.0,0.0,0.0,0.0,0.0,15.117078329842112,0,0.0,False,False
2023-02-14,LTCUSDT,1.0,0.07305364224587763,1.0,0.0015,0.07155364224587762,0.07305364224587763,0.09922822491730976,16.19876034445854,1,0.026174582671432134,True,True
2023-02-15,LTCUSDT,1.0,-0.04152888543084998,0.0,0.0,-0.04152888543084998,-0.04152888543084998,-0.02213837078785863,15.526043881991727,1,0.019390514642991352,True,False
2023-02-16,LTCUSDT,1.0,0.015930999492643316,0.0,0.0,0.015930999492643316,0.015930999492643316,0.15125651967757237,15.773389279198495,1,0.13532552018492905,True,True
2023-02-17,LTCUSDT,1.0,-0.004095085896923756,0.0,0.0,-0.004095085896923756,-0.004095085896923756,0.044313725490195965,15.70879589521456,1,0.04840881138711972,True,True
2023-02-18,LTCUSDT,1.0,-0.022866312305686365,0.0,0.0,-0.022866312305686365,-0.022866312305686365,0.05927505330490401,15.349593662328301,1,0.08214136561059038,True,True
2023-02-19,LINKUSDT,1.0,0.000374344896431289,2.0,0.003,-0.002625655103568711,0.000374344896431289,0.05716586151368763,15.309290923391103,1,0.056791516617256343,True,True
2023-02-20,LTCUSDT,1.0,-0.021897810218978186,2.0,0.003,-0.024897810218978186,-0.021897810218978186,0.007684918347742542,14.928123103393386,1,0.02958272856672073,True,True
2023-02-21,LINKUSDT,1.0,0.010078534031413566,2.0,0.003,0.007078534031413566,0.010078534031413566,0.01577825159914714,15.033792330805888,1,0.005699717567733575,True,False
2023-02-22,LINKUSDT,1.0,0.028249319683814944,0.0,0.0,0.028249319683814944,0.028249319683814944,0.028249319683814944,15.458486736418909,1,0.0,False,False
2023-02-23,LTCUSDT,1.0,-0.03213870387990281,2.0,0.003,-0.03513870387990281,-0.03213870387990281,-0.019461563412260796,14.915295548556479,1,0.012677140467642012,True,False
2023-02-24,BTCUSDT,1.0,-0.0012171510470647684,2.0,0.003,-0.0042171510470647685,-0.0012171510470647684,0.017476788640087504,14.852395494316603,1,0.018693939687152272,True,False
2023-02-25,LTCUSDT,1.0,0.022758990874932827,2.0,0.003,0.019758990874932828,0.022758990874932827,0.039338399642378175,15.1458638413597,1,0.016579408767445347,True,False
2023-02-26,ETHUSDT,1.0,-0.004819174343227428,2.0,0.003,-0.007819174343227427,-0.004819174343227428,0.001587721619475957,15.027435691405325,1,0.006406895962703385,True,False
2023-02-27,BTCUSDT,1.0,-0.014920766947512987,2.0,0.003,-0.017920766947512986,-0.014920766947512987,-0.0028702030402890655,14.758132518560911,1,0.012050563907223921,True,False
2023-02-28,ETHUSDT,1.0,0.03737159160992509,2.0,0.003,0.03437159160992509,0.03737159160992509,0.04739402362751899,15.265393022414044,1,0.010022432017593896,True,False
2023-03-01,BTCUSDT,1.0,-0.00692582029601807,2.0,0.003,-0.00992582029601807,-0.00692582029601807,-0.00692582029601807,15.113871474525473,1,0.0,False,False
2023-03-02,ETHUSDT,1.0,-0.04758292573398215,2.0,0.003,-0.050582925733982154,-0.04758292573398215,0.0005302226935313126,14.3493676361766,1,0.048113148427513464,True,True
2023-03-03,CASH,0.0,0.0,1.0,0.0015,-0.0015,0.0,0.0,14.327843584722336,0,0.0,False,False
2023-03-04,CASH,0.0,0.0,0.0,0.0,0.0,0.0,0.0,14.327843584722336,0,0.0,False,False
2023-03-05,CASH,0.0,0.0,0.0,0.0,0.0,0.0,0.0,14.327843584722336,0,0.0,False,False
2023-03-06,CASH,0.0,0.0,0.0,0.0,0.0,0.0,0.0,14.327843584722336,0,0.0,False,False
2023-03-07,CASH,0.0,0.0,0.0,0.0,0.0,0.0,0.0,14.327843584722336,0,0.0,False,False
2023-03-08,CASH,0.0,0.0,0.0,0.0,0.0,0.0,0.0,14.327843584722336,0,0.0,False,False
2023-03-09,CASH,0.0,0.0,0.0,0.0,0.0,0.0,0.0,14.327843584722336,0,0.0,False,False
2023-03-10,CASH,0.0,0.0,0.0,0.0,0.0,0.0,0.0,14.327843584722336,0,0.0,False,False
2023-03-11,CASH,0.0,0.0,0.0,0.0,0.0,0.0,0.0,14.327843584722336,0,0.0,False,False
2023-03-12,CASH,0.0,0.0,0.0,0.0,0.0,0.0,0.0,14.327843584722336,0,0.0,False,False
2023-03-13,CASH,0.0,0.0,0.0,0.0,0.0,0.0,0.0,14.327843584722336,0,0.0,False,False
2023-03-14,ETHUSDT,1.0,-0.029092620925032397,1.0,0.0015,-0.0305926209250324,-0.029092620925032397,-0.006809338521400643,13.889517297261767,1,0.022283282403631754,True,True
2023-03-15,BTCUSDT,1.0,0.02936383034267953,2.0,0.003,0.026363830342679532,0.02936383034267953,0.07541625857002932,14.25569817482849,1,0.046052428227349784,True,True
2023-03-16,BTCUSDT,1.0,0.09585867790348179,0.0,0.0,0.09585867790348179,0.09585867790348179,0.11433986102337346,15.622230554458628,1,0.018481183119891664,True,False
2023-03-17,BTCUSDT,1.0,-0.017800244057976755,0.0,0.0,-0.017800244057976755,-0.017800244057976755,-0.015534491837809417,15.344151037859284,1,0.0022657522201673386,True,False
2023-03-18,BTCUSDT,1.0,0.039594179910500626,0.0,0.0,0.039594179910500626,0.039594179910500626,0.039594179910500626,15.95169011462618,1,0.0,False,False
2023-03-19,BTCUSDT,1.0,-0.009146719660871439,0.0,0.0,-0.009146719660871439,-0.009146719660871439,0.01235132662397076,15.805784477030599,1,0.021498046284842198,True,True
2023-03-20,BTCUSDT,1.0,0.014015220256441863,0.0,0.0,0.014015220256441863,0.014015220256441863,0.2576325656132834,16.027306027802034,1,0.24361734535684154,True,True
2023-03-21,BTCUSDT,1.0,-0.030403334297558482,0.0,0.0,-0.030403334297558482,-0.030403334297558482,0.0580746847720659,15.540022484749494,1,0.08847801906962438,True,True
2023-03-22,BTCUSDT,1.0,0.038326709104299805,0.0,0.0,0.038326709104299805,0.038326709104299805,0.07264810358657048,16.135620405996768,1,0.03432139448227067,True,True
2023-03-23,BTCUSDT,1.0,-0.029720014659621374,0.0,0.0,-0.029720014659621374,-0.029720014659621374,-0.00032047858134820473,15.656069530988459,1,0.02939953607827317,True,True
2023-03-24,BTCUSDT,1.0,0.0003088750210802349,0.0,0.0,0.0003088750210802349,0.0003088750210802349,0.03991547311575494,15.660905299794877,1,0.039606598094674705,True,True
2023-03-25,BTCUSDT,1.0,0.018392051837111456,0.0,0.0,0.018392051837111456,0.018392051837111456,0.026289752650176634,15.948941481884798,1,0.007897700813065178,True,False
2023-03-26,BTCUSDT,1.0,-0.030146542215134797,0.0,0.0,-0.030146542215134797,-0.030146542215134797,0.06943514177271704,15.468136044214443,1,0.09958168398785183,True,True
2023-03-27,BTCUSDT,1.0,0.005019740157663266,0.0,0.0,0.005019740157663266,0.005019740157663266,0.07390396659707732,15.545782067879784,1,0.06888422643941405,True,True
2023-03-28,BTCUSDT,1.0,0.03989315166279228,0.0,0.0,0.03989315166279228,0.03989315166279228,0.06261695695983871,16.16595230963043,1,0.02272380529704643,True,True
2023-03-29,BTCUSDT,1.0,-0.011290504645732002,0.0,0.0,-0.011290504645732002,-0.011290504645732002,0.008606949314631684,15.983430549975866,1,0.019897453960363687,True,False
2023-03-30,BTCUSDT,1.0,0.015585191231934026,0.0,0.0,0.015585191231934026,0.015585191231934026,0.06062217495346989,16.232535371639575,1,0.04503698372153586,True,True
2023-03-31,BTCUSDT,1.0,-0.00044369718141634706,0.0,0.0,-0.00044369718141634706,-0.00044369718141634706,0.06315789473684186,16.225333041447936,1,0.0636015919182582,True,True
2023-04-01,BTCUSDT,1.0,-0.0098711090289052,0.0,0.0,-0.0098711090289052,-0.0098711090289052,0.016683022571148287,16.065171009965503,1,0.026554131600053488,True,True
2023-04-02,BTCUSDT,1.0,-0.013200046713263913,0.0,0.0,-0.013200046713263913,-0.013200046713263913,0.21472858408199413,15.853110002177386,1,0.22792863079525805,True,True
2023-04-03,BTCUSDT,1.0,0.013146402877697971,0.0,0.0,0.013146402877697971,0.013146402877697971,0.03306250724933846,16.061521373130475,1,0.019916104371640486,True,False
2023-04-04,BTCUSDT,1.0,0.00016119028015504355,0.0,0.0,0.00016119028015504355,0.00016119028015504355,0.02048792484909412,16.064110334260327,1,0.020326734568939075,True,True
2023-04-05,BTCUSDT,1.0,-0.004834574073633635,0.0,0.0,-0.004834574073633635,-0.004834574073633635,-0.0016666666666667052,15.986447202922323,1,0.00316790740696693,True,False
2023-04-06,BTCUSDT,1.0,-0.004547721288072681,0.0,0.0,-0.004547721288072681,-0.004547721288072681,0.019490851233094464,15.913745296656943,1,0.024038572521167145,True,True
2023-04-07,ADAUSDT,1.0,0.004693611473272297,2.0,0.003,0.0016936114732722966,0.004693611473272297,0.004693611473272297,15.940696998274095,1,0.0,False,False
2023-04-08,ETHUSDT,1.0,0.005462943931805242,2.0,0.003,0.002462943931805242,0.005462943931805242,0.022621096631423754,15.979958041214742,1,0.017158152699618512,True,False
2023-04-09,ADAUSDT,1.0,0.0197740112994349,2.0,0.003,0.016774011299434902,0.0197740112994349,0.046377317135860574,16.248006037962575,1,0.026603305836425672,True,True
2023-04-10,LTCUSDT,1.0,0.004691831947110314,2.0,0.003,0.0016918319471103142,0.004691831947110314,0.1000478697941598,16.275494933654443,1,0.09535603784704949,True,True
2023-04-11,BTCUSDT,1.0,-0.010342571394702404,2.0,0.003,-0.013342571394702404,-0.010342571394702404,0.035683202785030455,16.05833798051804,1,0.04602577417973286,True,True
2023-04-12,BTCUSDT,1.0,0.01625297317625396,0.0,0.0,0.01625297317625396,0.01625297317625396,0.050407709414380886,16.31933371697062,1,0.034154736238126926,True,True
2023-04-13,ETHUSDT,1.0,0.043727416861745194,2.0,0.003,0.04072741686174519,0.043727416861745194,0.043727416861745194,16.983978024167612,1,0.0,False,False
2023-04-14,ETHUSDT,1.0,-0.004471449864046906,0.0,0.0,-0.004471449864046906,-0.004471449864046906,0.033837014077231053,16.908035017940474,1,0.03830846394127796,True,True
2023-04-15,ADAUSDT,1.0,-0.0019902697921273527,2.0,0.003,-0.004990269792127353,-0.0019902697921273527,0.057682223387519826,16.823659361546213,1,0.05967249317964718,True,True
2023-04-16,ADAUSDT,1.0,-0.038112120540660266,0.0,0.0,-0.038112120540660266,-0.038112120540660266,0.016856717897868023,16.182474028023957,1,0.05496883843852829,True,True
2023-04-17,AVAXUSDT,1.0,0.03364212579229631,2.0,0.003,0.030642125792296308,0.03364212579229631,0.05122549019607825,16.678339432821236,1,0.017583364403781943,True,False
2023-04-18,AVAXUSDT,1.0,-0.10471698113207539,0.0,0.0,-0.10471698113207539,-0.10471698113207539,-0.05210366948529643,14.931834077120145,1,0.05261331164677896,True,True
2023-04-19,ETHUSDT,1.0,0.004783501316109273,2.0,0.003,0.0017835013161092731,0.004783501316109273,0.004783501316109273,14.958465022848616,1,0.0,False,False
2023-04-20,ETHUSDT,1.0,-0.04848222832967919,0.0,0.0,-0.04848222832967919,-0.04848222832967919,0.009745363093366821,14.23324530614935,1,0.05822759142304601,True,True
2023-04-21,ETHUSDT,1.0,0.013727971959887064,0.0,0.0,0.013727971959887064,0.013727971959887064,0.05076820307281227,14.428638898610362,1,0.037040231112925204,True,True
2023-04-22,BNBUSDT,1.0,-0.004515352197471456,2.0,0.003,-0.007515352197471456,-0.004515352197471456,-0.002873563218390829,14.320202595557168,1,0.0016417889790806273,True,False
2023-04-23,BNBUSDT,1.0,0.001511944360447437,0.0,0.0,0.001511944360447437,0.001511944360447437,0.017982708933717673,14.341853945111986,1,0.016470764573270236,True,False
2023-04-24,BNBUSDT,1.0,0.021739130434782483,0.0,0.0,0.021739130434782483,0.021739130434782483,0.04196217494089827,14.653633378701375,1,0.020223044506115784,True,True
2023-04-25,BNBUSDT,1.0,-0.023049645390070816,0.0,0.0,-0.023049645390070816,-0.023049645390070816,0.017490494296577896,14.315872325646204,1,0.04054013968664871,True,True
2023-04-26,BNBUSDT,1.0,0.0009074410163338875,0.0,0.0,0.0009074410163338875,0.0009074410163338875,0.04934210526315774,14.328863135379095,1,0.048434664246823855,True,True
2023-04-27,BTCUSDT,1.0,-0.005465044513970008,2.0,0.003,-0.008465044513970007,-0.005465044513970008,0.045230631437528146,14.207568671103527,1,0.050695675951498154,True,True
2023-04-28,BTCUSDT,1.0,-0.002771930662499922,0.0,0.0,-0.002771930662499922,-0.002771930662499922,0.02059659090909083,14.168186275864521,1,0.02336852157159075,True,True
2023-04-29,BTCUSDT,1.0,9.442208382015593e-05,0.0,0.0,9.442208382015593e-05,9.442208382015593e-05,0.048462255358807216,14.16952406553664,1,0.04836783327498706,True,True
2023-04-30,BTCUSDT,1.0,-0.039850225137779915,0.0,0.0,-0.039850225137779915,-0.039850225137779915,-0.008678153691359491,13.604865341429814,1,0.031172071446420424,True,True
2023-05-01,CASH,0.0,0.0,1.0,0.0015,-0.0015,0.0,0.0,13.584458043417671,0,0.0,False,False
2023-05-02,CASH,0.0,0.0,0.0,0.0,0.0,0.0,0.0,13.584458043417671,0,0.0,False,False
2023-05-03,BTCUSDT,1.0,-0.006476915995777599,1.0,0.0015,-0.007976915995777599,-0.006476915995777599,-0.005181347150259086,13.476095962757164,1,0.0012955688455185133,True,False
2023-05-04,BTCUSDT,1.0,0.023144680520532646,0.0,0.0,0.023144680520532646,0.023144680520532646,0.06192097257960549,13.787995898479219,1,0.03877629205907285,True,True
2023-05-05,BTCUSDT,1.0,-0.02228084760830229,0.0,0.0,-0.02228084760830229,-0.02228084760830229,-0.01408882082695262,13.480787663041307,1,0.00819202678134967,True,False
2023-05-06,BTCUSDT,1.0,-0.01449310528906489,0.0,0.0,-0.01449310528906489,-0.01449310528906489,0.001921691088157429,13.285409188061323,1,0.016414796377222318,True,False
2023-05-07,BTCUSDT,1.0,-0.02677830890499855,0.0,0.0,-0.02677830890499855,-0.02677830890499855,-0.012211291702309723,12.92964839689411,1,0.014567017202688826,True,False
2023-05-08,CASH,0.0,0.0,1.0,0.0015,-0.0015,0.0,0.0,12.91025392429877,0,0.0,False,False
2023-05-09,CASH,0.0,0.0,0.0,0.0,0.0,0.0,0.0,12.91025392429877,0,0.0,False,False
2023-05-10,CASH,0.0,0.0,0.0,0.0,0.0,0.0,0.0,12.91025392429877,0,0.0,False,False
2023-05-11,CASH,0.0,0.0,0.0,0.0,0.0,0.0,0.0,12.91025392429877,0,0.0,False,False
2023-05-12,CASH,0.0,0.0,0.0,0.0,0.0,0.0,0.0,12.91025392429877,0,0.0,False,False
2023-05-13,CASH,0.0,0.0,0.0,0.0,0.0,0.0,0.0,12.91025392429877,0,0.0,False,False
2023-05-14,CASH,0.0,0.0,0.0,0.0,0.0,0.0,0.0,12.91025392429877,0,0.0,False,False
2023-05-15,CASH,0.0,0.0,0.0,0.0,0.0,0.0,0.0,12.91025392429877,0,0.0,False,False
2023-05-16,CASH,0.0,0.0,0.0,0.0,0.0,0.0,0.0,12.91025392429877,0,0.0,False,False
2023-05-17,CASH,0.0,0.0,0.0,0.0,0.0,0.0,0.0,12.91025392429877,0,0.0,False,False
2023-05-18,CASH,0.0,0.0,0.0,0.0,0.0,0.0,0.0,12.91025392429877,0,0.0,False,False
2023-05-19,CASH,0.0,0.0,0.0,0.0,0.0,0.0,0.0,12.91025392429877,0,0.0,False,False
2023-05-20,CASH,0.0,0.0,0.0,0.0,0.0,0.0,0.0,12.91025392429877,0,0.0,False,False
2023-05-21,CASH,0.0,0.0,0.0,0.0,0.0,0.0,0.0,12.91025392429877,0,0.0,False,False
2023-05-22,CASH,0.0,0.0,0.0,0.0,0.0,0.0,0.0,12.91025392429877,0,0.0,False,False
2023-05-23,CASH,0.0,0.0,0.0,0.0,0.0,0.0,0.0,12.91025392429877,0,0.0,False,False
2023-05-24,CASH,0.0,0.0,0.0,0.0,0.0,0.0,0.0,12.91025392429877,0,0.0,False,False
2023-05-25,CASH,0.0,0.0,0.0,0.0,0.0,0.0,0.0,12.91025392429877,0,0.0,False,False
2023-05-26,CASH,0.0,0.0,0.0,0.0,0.0,0.0,0.0,12.91025392429877,0,0.0,False,False
2023-05-27,CASH,0.0,0.0,0.0,0.0,0.0,0.0,0.0,12.91025392429877,0,0.0,False,False
2023-05-28,XRPUSDT,1.0,0.02614107883817418,1.0,0.0015,0.02464107883817418,0.02614107883817418,0.02614107883817418,13.228376509068262,1,0.0,False,False
2023-05-29,XRPUSDT,1.0,0.052365547917509137,0.0,0.0,0.052365547917509137,0.052365547917509137,0.052365547917509137,13.92108769302473,1,0.0,False,False
2023-05-30,XRPUSDT,1.0,-0.007492795389049012,0.0,0.0,-0.007492795389049012,-0.007492795389049012,-0.007492795389049012,13.816779831347887,1,0.0,False,False
2023-05-31,XRPUSDT,1.0,-0.01955090979481222,0.0,0.0,-0.01955090979481222,-0.01955090979481222,0.04169431541694313,13.546649215210424,1,0.06124522521175535,True,True
2023-06-01,CASH,0.0,0.0,1.0,0.0015,-0.0015,0.0,0.0,13.526329241387609,0,0.0,False,False
2023-06-02,XRPUSDT,1.0,-0.010678871090770259,1.0,0.0015,-0.012178871090770258,-0.010678871090770259,0.011936339522546469,13.361593821225433,1,0.022615210613316727,True,True
2023-06-03,XRPUSDT,1.0,0.03296067848882034,0.0,0.0,0.03296067848882034,0.03296067848882034,0.03296067848882034,13.802001019265054,1,0.0,False,False
2023-06-04,XRPUSDT,1.0,-0.05019593207688011,0.0,0.0,-0.05019593207688011,-0.05019593207688011,-0.042068560483806916,13.109196713576996,1,0.008127371593073196,True,False
2023-06-05,CASH,0.0,0.0,1.0,0.0015,-0.0015,0.0,0.0,13.089532918506631,0,0.0,False,False
2023-06-06,CASH,0.0,0.0,0.0,0.0,0.0,0.0,0.0,13.089532918506631,0,0.0,False,False
2023-06-07,CASH,0.0,0.0,0.0,0.0,0.0,0.0,0.0,13.089532918506631,0,0.0,False,False
2023-06-08,CASH,0.0,0.0,0.0,0.0,0.0,0.0,0.0,13.089532918506631,0,0.0,False,False
2023-06-09,CASH,0.0,0.0,0.0,0.0,0.0,0.0,0.0,13.089532918506631,0,0.0,False,False
2023-06-10,CASH,0.0,0.0,0.0,0.0,0.0,0.0,0.0,13.089532918506631,0,0.0,False,False
2023-06-11,CASH,0.0,0.0,0.0,0.0,0.0,0.0,0.0,13.089532918506631,0,0.0,False,False
2023-06-12,CASH,0.0,0.0,0.0,0.0,0.0,0.0,0.0,13.089532918506631,0,0.0,False,False
2023-06-13,CASH,0.0,0.0,0.0,0.0,0.0,0.0,0.0,13.089532918506631,0,0.0,False,False
2023-06-14,CASH,0.0,0.0,0.0,0.0,0.0,0.0,0.0,13.089532918506631,0,0.0,False,False
2023-06-15,CASH,0.0,0.0,0.0,0.0,0.0,0.0,0.0,13.089532918506631,0,0.0,False,False
2023-06-16,CASH,0.0,0.0,0.0,0.0,0.0,0.0,0.0,13.089532918506631,0,0.0,False,False
2023-06-17,CASH,0.0,0.0,0.0,0.0,0.0,0.0,0.0,13.089532918506631,0,0.0,False,False
2023-06-18,CASH,0.0,0.0,0.0,0.0,0.0,0.0,0.0,13.089532918506631,0,0.0,False,False
2023-06-19,CASH,0.0,0.0,0.0,0.0,0.0,0.0,0.0,13.089532918506631,0,0.0,False,False
2023-06-20,CASH,0.0,0.0,0.0,0.0,0.0,0.0,0.0,13.089532918506631,0,0.0,False,False
2023-06-21,CASH,0.0,0.0,0.0,0.0,0.0,0.0,0.0,13.089532918506631,0,0.0,False,False
2023-06-22,CASH,0.0,0.0,0.0,0.0,0.0,0.0,0.0,13.089532918506631,0,0.0,False,False
2023-06-23,CASH,0.0,0.0,0.0,0.0,0.0,0.0,0.0,13.089532918506631,0,0.0,False,False
2023-06-24,CASH,0.0,0.0,0.0,0.0,0.0,0.0,0.0,13.089532918506631,0,0.0,False,False
2023-06-25,CASH,0.0,0.0,0.0,0.0,0.0,0.0,0.0,13.089532918506631,0,0.0,False,False
2023-06-26,CASH,0.0,0.0,0.0,0.0,0.0,0.0,0.0,13.089532918506631,0,0.0,False,False
2023-06-27,CASH,0.0,0.0,0.0,0.0,0.0,0.0,0.0,13.089532918506631,0,0.0,False,False
2023-06-28,CASH,0.0,0.0,0.0,0.0,0.0,0.0,0.0,13.089532918506631,0,0.0,False,False
2023-06-29,CASH,0.0,0.0,0.0,0.0,0.0,0.0,0.0,13.089532918506631,0,0.0,False,False
2023-06-30,CASH,0.0,0.0,0.0,0.0,0.0,0.0,0.0,13.089532918506631,0,0.0,False,False
2023-07-01,CASH,0.0,0.0,0.0,0.0,0.0,0.0,0.0,13.089532918506631,0,0.0,False,False
2023-07-02,CASH,0.0,0.0,0.0,0.0,0.0,0.0,0.0,13.089532918506631,0,0.0,False,False
2023-07-03,LINKUSDT,1.0,-0.016143633071816543,1.0,0.0015,-0.017643633071816545,-0.016143633071816543,0.006574141709276837,12.858586002611036,1,0.02271777478109338,True,True
2023-07-04,CASH,0.0,0.0,1.0,0.0015,-0.0015,0.0,0.0,12.83929812360712,0,0.0,False,False
2023-07-05,CASH,0.0,0.0,0.0,0.0,0.0,0.0,0.0,12.83929812360712,0,0.0,False,False
2023-07-06,CASH,0.0,0.0,0.0,0.0,0.0,0.0,0.0,12.83929812360712,0,0.0,False,False
2023-07-07,CASH,0.0,0.0,0.0,0.0,0.0,0.0,0.0,12.83929812360712,0,0.0,False,False
2023-07-08,CASH,0.0,0.0,0.0,0.0,0.0,0.0,0.0,12.83929812360712,0,0.0,False,False
2023-07-09,CASH,0.0,0.0,0.0,0.0,0.0,0.0,0.0,12.83929812360712,0,0.0,False,False
2023-07-10,CASH,0.0,0.0,0.0,0.0,0.0,0.0,0.0,12.83929812360712,0,0.0,False,False
2023-07-11,CASH,0.0,0.0,0.0,0.0,0.0,0.0,0.0,12.83929812360712,0,0.0,False,False
2023-07-12,CASH,0.0,0.0,0.0,0.0,0.0,0.0,0.0,12.83929812360712,0,0.0,False,False
2023-07-13,ADAUSDT,1.0,-0.08130081300813019,1.0,0.0015,-0.08280081300813019,-0.08130081300813019,0.03756201275691007,11.77619380051869,1,0.11886282576504026,True,True
2023-07-14,LINKUSDT,1.0,-0.005748778384593312,2.0,0.003,-0.00874877838459331,-0.005748778384593312,0.05081033727551487,11.673166490743931,1,0.056559115660108183,True,True
2023-07-15,LINKUSDT,1.0,-0.044955189361087,0.0,0.0,-0.044955189361087,-0.044955189361087,0.04520643806857949,11.148397080709042,1,0.09016162742966649,True,True
2023-07-16,CASH,0.0,0.0,1.0,0.0015,-0.0015,0.0,0.0,11.131674485087979,0,0.0,False,False
2023-07-17,LINKUSDT,1.0,-0.038268856109101135,1.0,0.0015,-0.039768856109101136,-0.038268856109101135,0.05492270138323829,10.688980524237161,1,0.09319155749233943,True,True
2023-07-18,CASH,0.0,0.0,1.0,0.0015,-0.0015,0.0,0.0,10.672947053450805,0,0.0,False,False
2023-07-19,CASH,0.0,0.0,0.0,0.0,0.0,0.0,0.0,10.672947053450805,0,0.0,False,False
2023-07-20,CASH,0.0,0.0,0.0,0.0,0.0,0.0,0.0,10.672947053450805,0,0.0,False,False
2023-07-21,CASH,0.0,0.0,0.0,0.0,0.0,0.0,0.0,10.672947053450805,0,0.0,False,False
2023-07-22,CASH,0.0,0.0,0.0,0.0,0.0,0.0,0.0,10.672947053450805,0,0.0,False,False
2023-07-23,CASH,0.0,0.0,0.0,0.0,0.0,0.0,0.0,10.672947053450805,0,0.0,False,False
2023-07-24,CASH,0.0,0.0,0.0,0.0,0.0,0.0,0.0,10.672947053450805,0,0.0,False,False
2023-07-25,CASH,0.0,0.0,0.0,0.0,0.0,0.0,0.0,10.672947053450805,0,0.0,False,False
2023-07-26,CASH,0.0,0.0,0.0,0.0,0.0,0.0,0.0,10.672947053450805,0,0.0,False,False
2023-07-27,CASH,0.0,0.0,0.0,0.0,0.0,0.0,0.0,10.672947053450805,0,0.0,False,False
2023-07-28,CASH,0.0,0.0,0.0,0.0,0.0,0.0,0.0,10.672947053450805,0,0.0,False,False
2023-07-29,CASH,0.0,0.0,0.0,0.0,0.0,0.0,0.0,10.672947053450805,0,0.0,False,False
2023-07-30,CASH,0.0,0.0,0.0,0.0,0.0,0.0,0.0,10.672947053450805,0,0.0,False,False
2023-07-31,CASH,0.0,0.0,0.0,0.0,0.0,0.0,0.0,10.672947053450805,0,0.0,False,False
2023-08-01,CASH,0.0,0.0,0.0,0.0,0.0,0.0,0.0,10.672947053450805,0,0.0,False,False
2023-08-02,CASH,0.0,0.0,0.0,0.0,0.0,0.0,0.0,10.672947053450805,0,0.0,False,False
2023-08-03,CASH,0.0,0.0,0.0,0.0,0.0,0.0,0.0,10.672947053450805,0,0.0,False,False
2023-08-04,CASH,0.0,0.0,0.0,0.0,0.0,0.0,0.0,10.672947053450805,0,0.0,False,False
2023-08-05,CASH,0.0,0.0,0.0,0.0,0.0,0.0,0.0,10.672947053450805,0,0.0,False,False
2023-08-06,CASH,0.0,0.0,0.0,0.0,0.0,0.0,0.0,10.672947053450805,0,0.0,False,False
2023-08-07,CASH,0.0,0.0,0.0,0.0,0.0,0.0,0.0,10.672947053450805,0,0.0,False,False
2023-08-08,CASH,0.0,0.0,0.0,0.0,0.0,0.0,0.0,10.672947053450805,0,0.0,False,False
2023-08-09,CASH,0.0,0.0,0.0,0.0,0.0,0.0,0.0,10.672947053450805,0,0.0,False,False
2023-08-10,CASH,0.0,0.0,0.0,0.0,0.0,0.0,0.0,10.672947053450805,0,0.0,False,False
2023-08-11,CASH,0.0,0.0,0.0,0.0,0.0,0.0,0.0,10.672947053450805,0,0.0,False,False
2023-08-12,CASH,0.0,0.0,0.0,0.0,0.0,0.0,0.0,10.672947053450805,0,0.0,False,False
2023-08-13,CASH,0.0,0.0,0.0,0.0,0.0,0.0,0.0,10.672947053450805,0,0.0,False,False
2023-08-14,CASH,0.0,0.0,0.0,0.0,0.0,0.0,0.0,10.672947053450805,0,0.0,False,False
2023-08-15,CASH,0.0,0.0,0.0,0.0,0.0,0.0,0.0,10.672947053450805,0,0.0,False,False
2023-08-16,CASH,0.0,0.0,0.0,0.0,0.0,0.0,0.0,10.672947053450805,0,0.0,False,False
2023-08-17,CASH,0.0,0.0,0.0,0.0,0.0,0.0,0.0,10.672947053450805,0,0.0,False,False
2023-08-18,CASH,0.0,0.0,0.0,0.0,0.0,0.0,0.0,10.672947053450805,0,0.0,False,False
2023-08-19,CASH,0.0,0.0,0.0,0.0,0.0,0.0,0.0,10.672947053450805,0,0.0,False,False
2023-08-20,CASH,0.0,0.0,0.0,0.0,0.0,0.0,0.0,10.672947053450805,0,0.0,False,False
2023-08-21,CASH,0.0,0.0,0.0,0.0,0.0,0.0,0.0,10.672947053450805,0,0.0,False,False
2023-08-22,CASH,0.0,0.0,0.0,0.0,0.0,0.0,0.0,10.672947053450805,0,0.0,False,False
2023-08-23,CASH,0.0,0.0,0.0,0.0,0.0,0.0,0.0,10.672947053450805,0,0.0,False,False
2023-08-24,CASH,0.0,0.0,0.0,0.0,0.0,0.0,0.0,10.672947053450805,0,0.0,False,False
2023-08-25,CASH,0.0,0.0,0.0,0.0,0.0,0.0,0.0,10.672947053450805,0,0.0,False,False
2023-08-26,CASH,0.0,0.0,0.0,0.0,0.0,0.0,0.0,10.672947053450805,0,0.0,False,False
2023-08-27,CASH,0.0,0.0,0.0,0.0,0.0,0.0,0.0,10.672947053450805,0,0.0,False,False
2023-08-28,CASH,0.0,0.0,0.0,0.0,0.0,0.0,0.0,10.672947053450805,0,0.0,False,False
2023-08-29,CASH,0.0,0.0,0.0,0.0,0.0,0.0,0.0,10.672947053450805,0,0.0,False,False
2023-08-30,CASH,0.0,0.0,0.0,0.0,0.0,0.0,0.0,10.672947053450805,0,0.0,False,False
2023-08-31,CASH,0.0,0.0,0.0,0.0,0.0,0.0,0.0,10.672947053450805,0,0.0,False,False
2023-09-01,CASH,0.0,0.0,0.0,0.0,0.0,0.0,0.0,10.672947053450805,0,0.0,False,False
2023-09-02,CASH,0.0,0.0,0.0,0.0,0.0,0.0,0.0,10.672947053450805,0,0.0,False,False
2023-09-03,CASH,0.0,0.0,0.0,0.0,0.0,0.0,0.0,10.672947053450805,0,0.0,False,False
2023-09-04,CASH,0.0,0.0,0.0,0.0,0.0,0.0,0.0,10.672947053450805,0,0.0,False,False
2023-09-05,CASH,0.0,0.0,0.0,0.0,0.0,0.0,0.0,10.672947053450805,0,0.0,False,False
2023-09-06,CASH,0.0,0.0,0.0,0.0,0.0,0.0,0.0,10.672947053450805,0,0.0,False,False
2023-09-07,CASH,0.0,0.0,0.0,0.0,0.0,0.0,0.0,10.672947053450805,0,0.0,False,False
2023-09-08,CASH,0.0,0.0,0.0,0.0,0.0,0.0,0.0,10.672947053450805,0,0.0,False,False
2023-09-09,CASH,0.0,0.0,0.0,0.0,0.0,0.0,0.0,10.672947053450805,0,0.0,False,False
2023-09-10,CASH,0.0,0.0,0.0,0.0,0.0,0.0,0.0,10.672947053450805,0,0.0,False,False
2023-09-11,CASH,0.0,0.0,0.0,0.0,0.0,0.0,0.0,10.672947053450805,0,0.0,False,False
2023-09-12,CASH,0.0,0.0,0.0,0.0,0.0,0.0,0.0,10.672947053450805,0,0.0,False,False
2023-09-13,CASH,0.0,0.0,0.0,0.0,0.0,0.0,0.0,10.672947053450805,0,0.0,False,False
2023-09-14,CASH,0.0,0.0,0.0,0.0,0.0,0.0,0.0,10.672947053450805,0,0.0,False,False
2023-09-15,CASH,0.0,0.0,0.0,0.0,0.0,0.0,0.0,10.672947053450805,0,0.0,False,False
2023-09-16,CASH,0.0,0.0,0.0,0.0,0.0,0.0,0.0,10.672947053450805,0,0.0,False,False
2023-09-17,CASH,0.0,0.0,0.0,0.0,0.0,0.0,0.0,10.672947053450805,0,0.0,False,False
2023-09-18,CASH,0.0,0.0,0.0,0.0,0.0,0.0,0.0,10.672947053450805,0,0.0,False,False
2023-09-19,CASH,0.0,0.0,0.0,0.0,0.0,0.0,0.0,10.672947053450805,0,0.0,False,False
2023-09-20,CASH,0.0,0.0,0.0,0.0,0.0,0.0,0.0,10.672947053450805,0,0.0,False,False
2023-09-21,CASH,0.0,0.0,0.0,0.0,0.0,0.0,0.0,10.672947053450805,0,0.0,False,False
2023-09-22,CASH,0.0,0.0,0.0,0.0,0.0,0.0,0.0,10.672947053450805,0,0.0,False,False
2023-09-23,CASH,0.0,0.0,0.0,0.0,0.0,0.0,0.0,10.672947053450805,0,0.0,False,False
2023-09-24,CASH,0.0,0.0,0.0,0.0,0.0,0.0,0.0,10.672947053450805,0,0.0,False,False
2023-09-25,CASH,0.0,0.0,0.0,0.0,0.0,0.0,0.0,10.672947053450805,0,0.0,False,False
2023-09-26,CASH,0.0,0.0,0.0,0.0,0.0,0.0,0.0,10.672947053450805,0,0.0,False,False
2023-09-27,CASH,0.0,0.0,0.0,0.0,0.0,0.0,0.0,10.672947053450805,0,0.0,False,False
2023-09-28,CASH,0.0,0.0,0.0,0.0,0.0,0.0,0.0,10.672947053450805,0,0.0,False,False
2023-09-29,CASH,0.0,0.0,0.0,0.0,0.0,0.0,0.0,10.672947053450805,0,0.0,False,False
2023-09-30,CASH,0.0,0.0,0.0,0.0,0.0,0.0,0.0,10.672947053450805,0,0.0,False,False
2023-10-01,CASH,0.0,0.0,0.0,0.0,0.0,0.0,0.0,10.672947053450805,0,0.0,False,False
2023-10-02,CASH,0.0,0.0,0.0,0.0,0.0,0.0,0.0,10.672947053450805,0,0.0,False,False
2023-10-03,CASH,0.0,0.0,0.0,0.0,0.0,0.0,0.0,10.672947053450805,0,0.0,False,False
2023-10-04,CASH,0.0,0.0,0.0,0.0,0.0,0.0,0.0,10.672947053450805,0,0.0,False,False
2023-10-05,CASH,0.0,0.0,0.0,0.0,0.0,0.0,0.0,10.672947053450805,0,0.0,False,False
2023-10-06,CASH,0.0,0.0,0.0,0.0,0.0,0.0,0.0,10.672947053450805,0,0.0,False,False
2023-10-07,CASH,0.0,0.0,0.0,0.0,0.0,0.0,0.0,10.672947053450805,0,0.0,False,False
2023-10-08,CASH,0.0,0.0,0.0,0.0,0.0,0.0,0.0,10.672947053450805,0,0.0,False,False
2023-10-09,CASH,0.0,0.0,0.0,0.0,0.0,0.0,0.0,10.672947053450805,0,0.0,False,False
2023-10-10,CASH,0.0,0.0,0.0,0.0,0.0,0.0,0.0,10.672947053450805,0,0.0,False,False
2023-10-11,CASH,0.0,0.0,0.0,0.0,0.0,0.0,0.0,10.672947053450805,0,0.0,False,False
2023-10-12,CASH,0.0,0.0,0.0,0.0,0.0,0.0,0.0,10.672947053450805,0,0.0,False,False
2023-10-13,CASH,0.0,0.0,0.0,0.0,0.0,0.0,0.0,10.672947053450805,0,0.0,False,False
2023-10-14,CASH,0.0,0.0,0.0,0.0,0.0,0.0,0.0,10.672947053450805,0,0.0,False,False
2023-10-15,CASH,0.0,0.0,0.0,0.0,0.0,0.0,0.0,10.672947053450805,0,0.0,False,False
2023-10-16,CASH,0.0,0.0,0.0,0.0,0.0,0.0,0.0,10.672947053450805,0,0.0,False,False
2023-10-17,CASH,0.0,0.0,0.0,0.0,0.0,0.0,0.0,10.672947053450805,0,0.0,False,False
2023-10-18,CASH,0.0,0.0,0.0,0.0,0.0,0.0,0.0,10.672947053450805,0,0.0,False,False
2023-10-19,CASH,0.0,0.0,0.0,0.0,0.0,0.0,0.0,10.672947053450805,0,0.0,False,False
2023-10-20,CASH,0.0,0.0,0.0,0.0,0.0,0.0,0.0,10.672947053450805,0,0.0,False,False
2023-10-21,CASH,0.0,0.0,0.0,0.0,0.0,0.0,0.0,10.672947053450805,0,0.0,False,False
2023-10-22,CASH,0.0,0.0,0.0,0.0,0.0,0.0,0.0,10.672947053450805,0,0.0,False,False
2023-10-23,CASH,0.0,0.0,0.0,0.0,0.0,0.0,0.0,10.672947053450805,0,0.0,False,False
2023-10-24,CASH,0.0,0.0,0.0,0.0,0.0,0.0,0.0,10.672947053450805,0,0.0,False,False
2023-10-25,CASH,0.0,0.0,0.0,0.0,0.0,0.0,0.0,10.672947053450805,0,0.0,False,False
2023-10-26,BTCUSDT,1.0,-0.007602558704320916,1.0,0.0015,-0.009102558704320916,-0.007602558704320916,0.023517569546120054,10.575795926348661,1,0.03112012825044097,True,True
2023-10-27,BTCUSDT,1.0,0.005575943835746777,0.0,0.0,0.005575943835746777,0.005575943835746777,0.03588290840415498,10.634765970452301,1,0.0303069645684082,True,True
2023-10-28,BTCUSDT,1.0,0.013053901000557477,0.0,0.0,0.013053901000557477,0.013053901000557477,0.03793866582358518,10.773591152594683,1,0.024884764823027705,True,True
2023-10-29,AVAXUSDT,1.0,0.007915567282322122,2.0,0.003,0.004915567282322122,0.007915567282322122,0.06427048431312832,10.826549464777495,1,0.056354917030806195,True,True
2023-10-30,ADAUSDT,1.0,-0.03332233586275157,2.0,0.003,-0.036322335862751576,-0.03332233586275157,0.09902690326273622,10.433303898883153,1,0.1323492391254878,True,True
2023-10-31,XRPUSDT,1.0,0.01484322881921285,2.0,0.003,0.011843228819212851,0.01484322881921285,0.07943512797881724,10.556867904298013,1,0.0645918991596044,True,True
2023-11-01,AVAXUSDT,1.0,-0.02861815208503682,2.0,0.003,-0.03161815208503682,-0.02861815208503682,0.0517746662324976,10.223079249358275,1,0.08039281831753442,True,True
2023-11-02,ADAUSDT,1.0,0.019195046439628438,2.0,0.003,0.01619504643962844,0.019195046439628438,0.04115562823657681,10.388642492557635,1,0.021960581796948375,True,True
2023-11-03,ADAUSDT,1.0,-0.004252733900364514,0.0,0.0,-0.004252733900364514,-0.004252733900364514,0.07503168567807328,10.344462360450768,1,0.07928441957843779,True,True
2023-11-04,ADAUSDT,1.0,0.043014032946918856,0.0,0.0,0.043014032946918856,0.043014032946918856,0.07448365587900474,10.78941940524136,1,0.03146962293208588,True,True
2023-11-05,ADAUSDT,1.0,0.05995905235448973,0.0,0.0,0.05995905235448973,0.05995905235448973,0.08188285152111408,11.436342768234773,1,0.021923799166624347,True,True
2023-11-06,ADAUSDT,1.0,-0.030905077262693093,0.0,0.0,-0.030905077262693093,-0.030905077262693093,0.018263757115749568,11.082901711379836,1,0.04916883437844266,True,True
2023-11-07,ADAUSDT,1.0,0.01850797266514803,0.0,0.0,0.01850797266514803,0.01850797266514803,0.14409509202454007,11.288023753304577,1,0.12558711935939204,True,True
2023-11-08,BTCUSDT,1.0,0.030214132209319677,2.0,0.003,0.027214132209319678,0.030214132209319677,0.12350909899794527,11.59521752410895,1,0.09329496678862559,True,True
2023-11-09,ADAUSDT,1.0,0.04750271444082532,2.0,0.003,0.04450271444082532,0.04750271444082532,0.25126959593729303,12.111236178463622,1,0.2037668814964677,True,True
2023-11-10,ADAUSDT,1.0,-0.003887017362010914,0.0,0.0,-0.003887017362010914,-0.003887017362010914,0.13907734056987775,12.06415959316252,1,0.14296435793188866,True,True
2023-11-11,BTCUSDT,1.0,-0.0017740371667116506,2.0,0.003,-0.004774037166711651,-0.0017740371667116506,0.1304347826086958,12.006564846879622,1,0.13220881977540744,True,True
2023-11-12,XRPUSDT,1.0,0.013458339634054184,2.0,0.003,0.010458339634054185,0.013458339634054184,0.013458339634054184,12.132133579886586,1,0.0,False,False
2023-11-13,BTCUSDT,1.0,-0.025004573137704433,2.0,0.003,-0.028004573137704433,-0.025004573137704433,0.1009689922480621,11.792378357732252,1,0.12597356538576654,True,True
2023-11-14,BTCUSDT,1.0,0.06489262384747163,0.0,0.0,0.06489262384747163,0.06489262384747163,0.21407624633431066,12.557616730767636,1,0.14918362248683903,True,True
2023-11-15,BTCUSDT,1.0,-0.044764146208747246,0.0,0.0,-0.044764146208747246,-0.044764146208747246,0.048792270531401005,11.995485739398143,1,0.09355641674014825,True,True
2023-11-16,BTCUSDT,1.0,0.012454819789339933,0.0,0.0,0.012454819789339933,0.012454819789339933,0.08732855165471243,12.144887352567943,1,0.0748737318653725,True,True
2023-11-17,BTCUSDT,1.0,-0.0012514366120863762,0.0,0.0,-0.0012514366120863762,-0.0012514366120863762,0.027512939253609314,12.129688795885276,1,0.02876437586569569,True,True
2023-11-18,BTCUSDT,1.0,0.021651658139197894,0.0,0.0,0.021651658139197894,0.021651658139197894,0.08421818181818175,12.392316671028643,1,0.06256652367898385,True,True
2023-11-19,BTCUSDT,1.0,0.0023800945720888755,0.0,0.0,0.0023800945720888755,0.0023800945720888755,0.027191558441558294,12.421811556672965,1,0.02481146386946942,True,True
2023-11-20,BTCUSDT,1.0,-0.04558573069670091,0.0,0.0,-0.04558573069670091,-0.04558573069670091,-0.04372711981794797,11.855554200285304,1,0.001858610878752942,True,False
2023-11-21,ETHUSDT,1.0,0.06735609231199002,2.0,0.003,0.06435609231199002,0.06735609231199002,0.11442400774443384,12.618531340808667,1,0.04706791543244382,True,True
2023-11-22,ETHUSDT,1.0,-0.000489528453235577,0.0,0.0,-0.000489528453235577,-0.000489528453235577,0.017871222076215387,12.612354210679296,1,0.018360750529450964,True,False
2023-11-23,ETHUSDT,1.0,0.009038890505285835,0.0,0.0,0.009038890505285835,0.009038890505285835,0.025984251968503846,12.726355899403506,1,0.01694536146321801,True,False
2023-11-24,BTCUSDT,1.0,0.001779200431038408,2.0,0.003,-0.001220799568961592,0.001779200431038408,0.03447062961660219,12.710819569607063,1,0.03269142918556378,True,True
2023-11-25,BTCUSDT,1.0,-0.008820383545342092,0.0,0.0,-0.008820383545342092,-0.008820383545342092,0.0002709659937678577,12.598705265827489,1,0.00909134953910995,True,False
2023-11-26,BTCUSDT,1.0,-0.005467130855174918,0.0,0.0,-0.005467130855174918,-0.005467130855174918,0.0020335536349771477,12.52982649553343,1,0.007500684490152065,True,False
2023-11-27,BTCUSDT,1.0,0.0154706828452289,0.0,0.0,0.0154706828452289,0.0154706828452289,0.05666545586632754,12.723671467351572,1,0.04119477302109864,True,True
2023-11-28,BTCUSDT,1.0,0.0009458241348827556,0.0,0.0,0.0009458241348827556,0.0009458241348827556,0.021276595744680993,12.735705822909713,1,0.020330771609798237,True,True
2023-11-29,DOGEUSDT,1.0,0.0367838946191128,2.0,0.003,0.0337838946191128,0.0367838946191128,0.060453400503778454,13.165967566330915,1,0.023669505884665654,True,True
2023-11-30,DOGEUSDT,1.0,0.00503416037396609,0.0,0.0,0.00503416037396609,0.00503416037396609,0.03996669442131551,13.23224715853826,1,0.03493253404734942,True,True
2023-12-01,DOGEUSDT,1.0,0.027668455575432294,0.0,0.0,0.027668455575432294,0.027668455575432294,0.06698692287163066,13.598363001207417,1,0.03931846729619837,True,True
2023-12-02,DOGEUSDT,1.0,-0.005338284785888381,0.0,0.0,-0.005338284785888381,-0.005338284785888381,0.013229540422328379,13.525771066885085,1,0.01856782520821676,True,False
2023-12-03,BTCUSDT,1.0,0.05050602592898157,2.0,0.003,0.047506025928981566,0.05050602592898157,0.07198693267996736,14.168326697897994,1,0.021480906750985795,True,True
2023-12-04,DOGEUSDT,1.0,0.026882890727035313,2.0,0.003,0.023882890727035314,0.026882890727035313,0.08201058201058209,14.50670729620883,1,0.055127691283546776,True,True
2023-12-05,DOGEUSDT,1.0,0.006147323794382542,0.0,0.0,0.006147323794382542,0.006147323794382542,0.06764466177669104,14.595884723148957,1,0.0614973379823085,True,True
2023-12-06,BTCUSDT,1.0,-0.011186469570312108,2.0,0.003,-0.014186469570312107,-0.011186469570312108,0.09523039611964412,14.38882064867222,1,0.10641686568995623,True,True
2023-12-07,ADAUSDT,1.0,0.19736553238199783,2.0,0.003,0.19436553238199783,0.19736553238199783,0.19736553238199783,17.185511434400482,1,0.0,False,False
2023-12-08,ADAUSDT,1.0,0.061789512284561754,0.0,0.0,0.061789512284561754,0.061789512284561754,0.061789512284561754,18.247395804292847,1,0.0,False,False
2023-12-09,DOTUSDT,1.0,0.03478383326292067,2.0,0.003,0.03178383326292067,0.03478383326292067,0.1638984644312127,18.82736799001901,1,0.12911463116829203,True,True
2023-12-10,DOTUSDT,1.0,-0.08696243875884602,0.0,0.0,-0.08696243875884602,-0.08696243875884602,0.02752293577981657,17.190094154196725,1,0.11448537453866259,True,True
2023-12-11,BTCUSDT,1.0,0.005793219467971067,2.0,0.003,0.002793219467971067,0.005793219467971067,0.0629005813086898,17.238109859844485,1,0.05710736184071874,True,True
2023-12-12,BTCUSDT,1.0,0.033178132182793085,0.0,0.0,0.033178132182793085,0.033178132182793085,0.15404564315352687,17.810038147355915,1,0.12086751097073378,True,True
2023-12-13,BTCUSDT,1.0,0.0035743752541170792,0.0,0.0,0.0035743752541170792,0.0035743752541170792,0.07165109034267925,17.873697906984706,1,0.06807671508856217,True,True
2023-12-14,BTCUSDT,1.0,-0.02514884155318664,0.0,0.0,-0.02514884155318664,-0.02514884155318664,0.010432569974554884,17.424195110352425,1,0.035581411527741524,True,True
2023-12-15,BTCUSDT,1.0,0.008052636724105389,0.0,0.0,0.008052636724105389,0.008052636724105389,0.06320825988416012,17.56450582378603,1,0.055155623160054734,True,True
2023-12-16,BTCUSDT,1.0,-0.02136759919986808,0.0,0.0,-0.02136759919986808,-0.02136759919986808,-0.01399085745948181,17.18919450319962,1,0.007376741740386272,True,False
2023-12-17,BTCUSDT,1.0,0.03101295116695857,0.0,0.0,0.03101295116695857,0.03101295116695857,0.050091717228728516,17.722282152926702,1,0.019078766061769947,True,False
2023-12-18,BTCUSDT,1.0,-0.00895053190741213,0.0,0.0,-0.00895053190741213,-0.00895053190741213,0.04633843607778254,17.56365830104477,1,0.05528896798519467,True,True
2023-12-19,BTCUSDT,1.0,0.03294872574243679,0.0,0.0,0.03294872574243679,0.03294872574243679,0.12616438356164372,18.14235846143977,1,0.09321565781920693,True,True
2023-12-20,BTCUSDT,1.0,0.004416641305385882,0.0,0.0,0.004416641305385882,0.004416641305385882,0.2113364983455619,18.222486751197682,1,0.20691985704017601,True,True
2023-12-21,BNBUSDT,1.0,-0.00367511944138188,2.0,0.003,-0.00667511944138188,-0.00367511944138188,0.043265132139812534,18.10084947561444,1,0.046940251581194414,True,True
2023-12-22,BNBUSDT,1.0,-0.0003688675765400884,0.0,0.0,-0.0003688675765400884,-0.0003688675765400884,0.10194075587334006,18.09417265913505,1,0.10230962344988015,True,True
2023-12-23,BNBUSDT,1.0,-0.023985239852398532,0.0,0.0,-0.023985239852398532,-0.023985239852398532,0.04236188357434201,17.660179587974984,1,0.06634712342674054,True,True
2023-12-24,BTCUSDT,1.0,0.013598734633590404,2.0,0.003,0.010598734633590404,0.013598734633590404,0.075233437083148,17.847355145009484,1,0.0616347024495576,True,True
2023-12-25,BTCUSDT,1.0,-0.024490472192000512,0.0,0.0,-0.024490472192000512,-0.024490472192000512,0.11539902585237916,17.41026499012987,1,0.13988949804437967,True,True
2023-12-26,BNBUSDT,1.0,0.08867987907289221,2.0,0.003,0.0856798790728922,0.08867987907289221,0.10714285714285698,18.901974389111206,1,0.018462978069964775,True,False
2023-12-27,BNBUSDT,1.0,-0.004628201172477642,0.0,0.0,-0.004628201172477642,-0.004628201172477642,0.0069755198736509705,18.81449224908138,1,0.011603721046128612,True,False
2023-12-28,BNBUSDT,1.0,-0.027588344699318146,0.0,0.0,-0.027588344699318146,-0.027588344699318146,0.04292730844793713,18.295431551571074,1,0.07051565314725528,True,True
2023-12-29,BNBUSDT,1.0,0.010838380618425347,0.0,0.0,0.010838380618425347,0.010838380618425347,0.010838380618425347,18.49372440230535,1,0.0,False,False
2023-12-30,BNBUSDT,1.0,-0.01671397035635447,0.0,0.0,-0.01671397035635447,-0.01671397035635447,0.0034005469351414686,18.18462084086663,1,0.020114517291495937,True,True
2023-12-31,BNBUSDT,1.0,0.005452212957023805,0.0,0.0,0.005452212957023805,0.005452212957023805,0.08793774319066161,18.283767266233767,1,0.0824855302336378,True,True
2024-01-01,BNBUSDT,1.0,-0.00414673046252001,0.0,0.0,-0.00414673046252001,-0.00414673046252001,0.017369122139089255,18.20794941154125,1,0.021515852601609264,True,True
2024-01-02,BNBUSDT,1.0,0.011531069827034113,0.0,0.0,0.011531069827034113,0.011531069827034113,0.011531069827034113,18.417906547612837,1,0.0,False,False
2024-01-03,BNBUSDT,1.0,0.02501583280557318,0.0,0.0,0.02501583280557318,0.02501583280557318,0.06485992691839226,18.878645818436592,1,0.039844094112819084,True,True
2024-01-04,BNBUSDT,1.0,-0.019153537225826356,0.0,0.0,-0.019153537225826356,-0.019153537225826356,0.0007366206315528867,18.517052972979975,1,0.019890157857379243,True,False
2024-01-05,BNBUSDT,1.0,-0.03149606299212604,0.0,0.0,-0.03149606299212604,-0.03149606299212604,-0.00400474707164622,17.933838706114464,1,0.02749131592047982,True,True
2024-01-06,BNBUSDT,1.0,-0.016585365853658662,0.0,0.0,-0.016585365853658662,-0.016585365853658662,-0.0008938253724500855,17.63639943001305,1,0.015691540481208577,True,False
2024-01-07,BNBUSDT,1.0,0.004298941798941858,0.0,0.0,0.004298941798941858,0.004298941798941858,0.09443882709807894,17.712217284705567,1,0.09013988529913708,True,True
2024-01-08,BNBUSDT,1.0,-0.008561080013170796,0.0,0.0,-0.008561080013170796,-0.008561080013170796,0.015120555782590861,17.560581575320537,1,0.023681635795761657,True,True
2024-01-09,BNBUSDT,1.0,0.015609432082364538,0.0,0.0,0.015609432082364538,0.015609432082364538,0.1209145742740918,17.834692280747326,1,0.10530514219172726,True,True
2024-01-10,ETHUSDT,1.0,0.01301279223643581,2.0,0.003,0.010012792236435811,0.01301279223643581,0.028268551236749095,18.013267349155218,1,0.015255759000313285,True,False
2024-01-11,ETHUSDT,1.0,-0.036466629233654624,0.0,0.0,-0.036466629233654624,-0.036466629233654624,0.015164162493044087,17.356384207446876,1,0.05163079172669871,True,True
2024-01-12,ETHUSDT,1.0,0.022061097148112552,0.0,0.0,0.022061097148112552,0.022061097148112552,0.040490664350846695,17.739285085587326,1,0.018429567202734143,True,False
2024-01-13,ETHUSDT,1.0,-0.04085036401506492,0.0,0.0,-0.04085036401506492,-0.04085036401506492,0.028581387242941902,17.01462883247407,1,0.06943175125800682,True,True
2024-01-14,ETHUSDT,1.0,0.01573475354547571,0.0,0.0,0.01573475354547571,0.01573475354547571,0.06010016694490816,17.282349823820795,1,0.04436541339943245,True,True
2024-01-15,BNBUSDT,1.0,-0.007244094488188968,2.0,0.003,-0.010244094488188967,-0.007244094488188968,0.03444256040695204,17.105307799247637,1,0.041686654895141007,True,True
2024-01-16,ETHUSDT,1.0,-0.02211099945891626,2.0,0.003,-0.025110999458916258,-0.02211099945891626,0.04599938530888226,16.675776424356133,1,0.06811038476779852,True,True
2024-01-17,BTCUSDT,1.0,-0.0338647048234878,2.0,0.003,-0.036864704823487804,-0.0338647048234878,0.011635423400129463,16.061028848769766,1,0.045500128223617264,True,True
2024-01-18,BNBUSDT,1.0,0.005431309904153414,2.0,0.003,0.002431309904153414,0.005431309904153414,0.09960431163869554,16.100078187280676,1,0.09417300173454213,True,True
2024-01-19,ETHUSDT,1.0,-0.008021669341893967,2.0,0.003,-0.011021669341893966,-0.008021669341893967,0.1170930380552373,15.922628449121829,1,0.12511470739713126,True,True
2024-01-20,BNBUSDT,1.0,0.004413619167717542,2.0,0.003,0.0014136191677175418,0.004413619167717542,0.0054652466367712815,15.945136981897955,1,0.0010516274690537397,True,False
2024-01-21,BNBUSDT,1.0,-0.03986189579409938,0.0,0.0,-0.03986189579409938,-0.03986189579409938,-0.03459004392386533,15.309533593102898,1,0.0052718518702340456,True,False
2024-01-22,BNBUSDT,1.0,-0.02321019941157232,0.0,0.0,-0.02321019941157232,-0.02321019941157232,0.03725025397900428,14.954196265508815,1,0.060460453390576596,True,True
2024-01-23,BNBUSDT,1.0,-0.01907630522088355,0.0,0.0,-0.01907630522088355,-0.01907630522088355,0.052400711321873183,14.668925453214971,1,0.07147701654275673,True,True
2024-01-24,BTCUSDT,1.0,-0.003088196846292135,2.0,0.003,-0.006088196846292135,-0.003088196846292135,-0.003088196846292135,14.579618147532214,1,0.0,False,False
2024-01-25,BNBUSDT,1.0,0.034577199589181706,2.0,0.003,0.031577199589181704,0.034577199589181706,0.061788056610286635,15.040001659710892,1,0.02721085702110493,True,True
2024-01-26,DOGEUSDT,1.0,0.003631809643080741,2.0,0.003,0.0006318096430807411,0.003631809643080741,0.03161810291382516,15.04950407779145,1,0.027986293270744422,True,True
2024-01-27,DOGEUSDT,1.0,-0.016471175442974828,0.0,0.0,-0.016471175442974828,-0.016471175442974828,0.046274038461538325,14.801621055796382,1,0.06274521390451315,True,True
2024-01-28,BNBUSDT,1.0,0.017687520471667106,2.0,0.003,0.014687520471667107,0.017687520471667106,0.07281256373648781,15.019020168067252,1,0.055125043264820706,True,True
2024-01-29,BNBUSDT,1.0,-0.009977470228516139,0.0,0.0,-0.009977470228516139,-0.009977470228516139,0.03139162889896019,14.869168341478877,1,0.04136909912747633,True,True
2024-01-30,BNBUSDT,1.0,-0.023081924577373236,0.0,0.0,-0.023081924577373236,-0.023081924577373236,-0.0029725363489498946,14.525959319292596,1,0.02010938822842334,True,True
2024-01-31,BNBUSDT,1.0,-0.0009983361064892504,0.0,0.0,-0.0009983361064892504,-0.0009983361064892504,0.11413571845226533,14.511457529622753,1,0.11513405455875458,True,True
2024-02-01,BNBUSDT,1.0,0.003997335109926725,0.0,0.0,0.003997335109926725,0.003997335109926725,0.08596750369276207,14.569464688302125,1,0.08197016858283535,True,True
2024-02-02,BTCUSDT,1.0,-0.004372916666666726,2.0,0.003,-0.007372916666666726,-0.004372916666666726,0.015866797257590548,14.46204523927733,1,0.020239713924257274,True,True
2024-02-03,BTCUSDT,1.0,-0.00995580442160382,0.0,0.0,-0.00995580442160382,-0.00995580442160382,0.028032619775738787,14.318063945338698,1,0.03798842419734261,True,True
2024-02-04,BTCUSDT,1.0,0.0029547085589325395,0.0,0.0,0.0029547085589325395,0.0029547085589325395,0.055693273839034996,14.360369651425334,1,0.052738565280102456,True,True
2024-02-05,BTCUSDT,1.0,0.009137482526979213,0.0,0.0,0.009137482526979213,0.009137482526979213,0.030762480287423566,14.491587278196196,1,0.021624997760444353,True,True
2024-02-06,BNBUSDT,1.0,0.015196564255038014,2.0,0.003,0.012196564255038015,0.015196564255038014,0.043971924029727605,14.668334853592208,1,0.02877535977468959,True,True
2024-02-07,BTCUSDT,1.0,0.021173809910348673,2.0,0.003,0.018173809910348674,0.021173809910348673,0.056152927120669105,14.934914382922736,1,0.03497911721032043,True,True
2024-02-08,LINKUSDT,1.0,0.01416648363716222,2.0,0.003,0.01116648363716222,0.01416648363716222,0.07284020327498575,15.101684860002063,1,0.05867371963782353,True,True
2024-02-09,LINKUSDT,1.0,0.03324309691391458,0.0,0.0,0.03324309691391458,0.03324309691391458,0.05789473684210544,15.603711633366508,1,0.02465163992819086,True,True
2024-02-10,LINKUSDT,1.0,0.055648710962062475,0.0,0.0,0.055648710962062475,0.055648710962062475,0.055648710962062475,16.472038071987093,1,0.0,False,False
2024-02-11,LINKUSDT,1.0,0.015834408815645684,0.0,0.0,0.015834408815645684,0.015834408815645684,0.060936259826659844,16.732863056845815,1,0.04510185101101416,True,True
2024-02-12,AVAXUSDT,1.0,-0.030021967293141216,2.0,0.003,-0.03302196729314122,-0.030021967293141216,0.007524184879971418,16.18031100026204,1,0.037546152173112635,True,True
2024-02-13,LINKUSDT,1.0,0.018621036738802,2.0,0.003,0.015621036738802,0.018621036738802,0.0624056366381478,16.433064232842376,1,0.0437845998993458,True,True
2024-02-14,LINKUSDT,1.0,-0.01521739130434785,0.0,0.0,-0.01521739130434785,-0.01521739130434785,0.06079664570230614,16.182995864081732,1,0.07601403700665399,True,True
2024-02-15,LINKUSDT,1.0,-0.019114990969295587,0.0,0.0,-0.019114990969295587,-0.019114990969295587,0.017504234895539206,15.873658044283662,1,0.03661922586483479,True,True
2024-02-16,LINKUSDT,1.0,0.02460232213186031,0.0,0.0,0.02460232213186031,0.02460232213186031,0.02460232213186031,16.264186892900124,1,0.0,False,False
2024-02-17,LINKUSDT,1.0,0.004343051118210761,0.0,0.0,0.004343051118210761,0.004343051118210761,0.034196839116560795,16.334823087972122,1,0.029853787998350034,True,True
2024-02-18,LINKUSDT,1.0,-0.014265122520999984,0.0,0.0,-0.014265122520999984,-0.014265122520999984,0.04990019960079839,16.10180483526334,1,0.06416532212179837,True,True
2024-02-19,LINKUSDT,1.0,-0.0277833803953208,0.0,0.0,-0.0277833803953208,-0.0277833803953208,0.023774110296115092,15.654442266474003,1,0.05155749069143589,True,True
2024-02-20,ETHUSDT,1.0,-0.01555985285971584,2.0,0.003,-0.01855985285971584,-0.01555985285971584,0.06937394247038897,15.36389812140733,1,0.08493379533010481,True,True
2024-02-21,ETHUSDT,1.0,0.001179285016341458,0.0,0.0,0.001179285016341458,0.001179285016341458,0.008966244725738592,15.382016536254502,1,0.007786959709397134,True,False
2024-02-22,ETHUSDT,1.0,-0.016544389849902474,0.0,0.0,-0.016544389849902474,-0.016544389849902474,0.011096256684491879,15.127530458001061,1,0.027640646534394353,True,True
2024-02-23,ETHUSDT,1.0,0.024084264126149835,0.0,0.0,0.024084264126149835,0.024084264126149835,0.04114114114114109,15.491865897127935,1,0.017056877014991256,True,False
2024-02-24,ETHUSDT,1.0,0.04008861800028085,0.0,0.0,0.04008861800028085,0.04008861800028085,0.04008861800028085,16.112913391189476,1,0.0,False,False
2024-02-25,ETHUSDT,1.0,0.020352825139192676,0.0,0.0,0.020352825139192676,0.020352825139192676,0.06214361650720024,16.440856699923312,1,0.04179079136800756,True,True
2024-02-26,ETHUSDT,1.0,0.020913493327959554,0.0,0.0,0.020913493327959554,0.020913493327959554,0.09357839291718029,16.784692446823097,1,0.07266489958922073,True,True
2024-02-27,ETHUSDT,1.0,0.04340665441221825,0.0,0.0,0.04340665441221825,0.04340665441221825,0.18723098995695842,17.51325979127772,1,0.14382433554474017,True,True
2024-02-28,ETHUSDT,1.0,-0.012713192042800858,0.0,0.0,-0.012713192042800858,-0.012713192042800858,0.07303974221267451,17.290610356255744,1,0.08575293425547537,True,True
2024-02-29,ETHUSDT,1.0,0.02794535476588944,0.0,0.0,0.02794535476588944,0.02794535476588944,0.18769178315717694,17.773802596780072,1,0.1597464283912875,True,True
2024-03-01,ETHUSDT,1.0,-0.0035037848448926656,0.0,0.0,-0.0035037848448926656,-0.0035037848448926656,0.11334982915046532,17.71152701660536,1,0.11685361399535799,True,True
2024-03-02,ETHUSDT,1.0,0.01941018296603736,0.0,0.0,0.01941018296603736,0.01941018296603736,0.08107917723302327,18.055310996605584,1,0.06166899426698591,True,True
2024-03-03,ETHUSDT,1.0,0.040125465550015615,0.0,0.0,0.040125465550015615,0.040125465550015615,0.18563888707890808,18.7797887559947,1,0.14551342152889246,True,True
2024-03-04,ETHUSDT,1.0,-0.020428584029814623,0.0,0.0,-0.020428584029814623,-0.020428584029814623,-0.020428584029814623,18.396144263330697,1,0.0,False,False
2024-03-05,ETHUSDT,1.0,0.07455433146201784,0.0,0.0,0.07455433146201784,0.07455433146201784,0.13133047210300441,19.76765650036215,1,0.05677614064098657,True,True
2024-03-06,ETHUSDT,1.0,0.013138357351797358,0.0,0.0,0.013138357351797358,0.013138357351797358,0.10526315789473695,20.02737103547149,1,0.09212480054293959,True,True
2024-03-07,ETHUSDT,1.0,0.0037738190014371398,0.0,0.0,0.0037738190014371398,0.0037738190014371398,0.043960923623445725,20.102950708833983,1,0.040187104622008585,True,True
2024-03-08,ETHUSDT,1.0,0.0056265708046638885,0.0,0.0,0.0056265708046638885,0.0056265708046638885,0.08616394239533332,20.216061384379906,1,0.08053737159066943,True,True
2024-03-09,BNBUSDT,1.0,0.08314560720868314,2.0,0.003,0.08014560720868313,0.08314560720868314,0.08551972761866611,21.83628989939905,1,0.0023741204099829716,True,False
2024-03-10,BNBUSDT,1.0,-0.011155227831348036,0.0,0.0,-0.011155227831348036,-0.011155227831348036,0.1891447368421053,21.59270111057989,1,0.20029996467345335,True,True
2024-03-11,BTCUSDT,1.0,-0.008686272251904659,2.0,0.003,-0.011686272251904658,-0.008686272251904659,0.13016907720513338,21.34036292674765,1,0.13885534945703804,True,True
2024-03-12,BTCUSDT,1.0,0.02267815838910625,0.0,0.0,0.02267815838910625,0.02267815838910625,0.1730232558139535,21.824323057281443,1,0.15034509742484725,True,True
2024-03-13,BTCUSDT,1.0,-0.02303838069662678,0.0,0.0,-0.02303838069662678,-0.02303838069662678,0.07779133618059797,21.321525994241625,1,0.10082971687722475,True,True
2024-03-14,BTCUSDT,1.0,-0.026461942143979122,0.0,0.0,-0.026461942143979122,-0.026461942143979122,0.08174235403151053,20.757317006960655,1,0.10820429617548966,True,True
2024-03-15,BTCUSDT,1.0,-0.06042056205876711,0.0,0.0,-0.06042056205876711,-0.06042056205876711,-0.01032889372111978,19.503148246568088,1,0.05009166833764733,True,True
2024-03-16,CASH,0.0,0.0,1.0,0.0015,-0.0015,0.0,0.0,19.473893524198235,0,0.0,False,False
2024-03-17,CASH,0.0,0.0,0.0,0.0,0.0,0.0,0.0,19.473893524198235,0,0.0,False,False
2024-03-18,CASH,0.0,0.0,0.0,0.0,0.0,0.0,0.0,19.473893524198235,0,0.0,False,False
2024-03-19,CASH,0.0,0.0,0.0,0.0,0.0,0.0,0.0,19.473893524198235,0,0.0,False,False
2024-03-20,CASH,0.0,0.0,0.0,0.0,0.0,0.0,0.0,19.473893524198235,0,0.0,False,False
2024-03-21,CASH,0.0,0.0,0.0,0.0,0.0,0.0,0.0,19.473893524198235,0,0.0,False,False
2024-03-22,CASH,0.0,0.0,0.0,0.0,0.0,0.0,0.0,19.473893524198235,0,0.0,False,False
2024-03-23,CASH,0.0,0.0,0.0,0.0,0.0,0.0,0.0,19.473893524198235,0,0.0,False,False
2024-03-24,CASH,0.0,0.0,0.0,0.0,0.0,0.0,0.0,19.473893524198235,0,0.0,False,False
2024-03-25,CASH,0.0,0.0,0.0,0.0,0.0,0.0,0.0,19.473893524198235,0,0.0,False,False
2024-03-26,CASH,0.0,0.0,0.0,0.0,0.0,0.0,0.0,19.473893524198235,0,0.0,False,False
2024-03-27,CASH,0.0,0.0,0.0,0.0,0.0,0.0,0.0,19.473893524198235,0,0.0,False,False
2024-03-28,CASH,0.0,0.0,0.0,0.0,0.0,0.0,0.0,19.473893524198235,0,0.0,False,False
2024-03-29,CASH,0.0,0.0,0.0,0.0,0.0,0.0,0.0,19.473893524198235,0,0.0,False,False
2024-03-30,CASH,0.0,0.0,0.0,0.0,0.0,0.0,0.0,19.473893524198235,0,0.0,False,False
2024-03-31,CASH,0.0,0.0,0.0,0.0,0.0,0.0,0.0,19.473893524198235,0,0.0,False,False
2024-04-01,CASH,0.0,0.0,0.0,0.0,0.0,0.0,0.0,19.473893524198235,0,0.0,False,False
2024-04-02,CASH,0.0,0.0,0.0,0.0,0.0,0.0,0.0,19.473893524198235,0,0.0,False,False
2024-04-03,BTCUSDT,1.0,0.03827144435510177,1.0,0.0015,0.03677144435510177,0.03827144435510177,0.042742653606411496,20.189976716300468,1,0.004471209251309727,True,False
2024-04-04,BTCUSDT,1.0,-0.009741444423889245,0.0,0.0,-0.009741444423889245,-0.009741444423889245,-0.0028701087936527925,19.993297180199008,1,0.0068713356302364526,True,False
2024-04-05,BNBUSDT,1.0,0.01315334025614412,2.0,0.003,0.01015334025614412,0.01315334025614412,0.06379690949227368,20.196295929311777,1,0.05064356923612956,True,True
2024-04-06,BNBUSDT,1.0,-0.0025623505295524485,0.0,0.0,-0.0025623505295524485,-0.0025623505295524485,0.07051730634655762,20.144545939742308,1,0.07307965687611007,True,True
2024-04-07,BNBUSDT,1.0,0.004281555060798192,0.0,0.0,0.004281555060798192,0.004281555060798192,0.06959932835388805,20.230795922358094,1,0.06531777329308985,True,True
2024-04-08,ETHUSDT,1.0,-0.0509444839915445,2.0,0.003,-0.0539444839915445,-0.0509444839915445,-0.0009760858955588647,19.139456075588246,1,0.04996839809598563,True,True
2024-04-09,XRPUSDT,1.0,0.005048037778863312,2.0,0.003,0.0020480377788633123,0.005048037778863312,0.055996192893400965,19.178654404697948,1,0.05094815511453765,True,True
2024-04-10,BNBUSDT,1.0,-0.0083647695587995,2.0,0.003,-0.0113647695587995,-0.0083647695587995,0.021404198118085027,18.9606934169407,1,0.029768967676884528,True,True
2024-04-11,BNBUSDT,1.0,-0.014885874958650347,0.0,0.0,-0.014885874958650347,-0.014885874958650347,-0.014885874958650347,18.678446905606815,1,0.0,False,False
2024-04-12,BNBUSDT,1.0,-0.07135661517797176,0.0,0.0,-0.07135661517797176,-0.07135661517797176,-0.047559229828960214,17.345616157641253,1,0.023797385349011546,True,True
2024-04-13,BNBUSDT,1.0,0.024046284577833976,0.0,0.0,0.024046284577833976,0.024046284577833976,0.09973443493655942,17.76271377994577,1,0.07568815035872545,True,True
2024-04-14,BNBUSDT,1.0,-0.024187853107344504,0.0,0.0,-0.024187853107344504,-0.024187853107344504,-0.005489760671107624,17.333071868248638,1,0.01869809243623688,True,False
2024-04-15,BNBUSDT,1.0,-0.027320426994753122,0.0,0.0,-0.027320426994753122,-0.027320426994753122,0.023559539052496747,16.859524943677343,1,0.05087996604724987,True,True
2024-04-16,BNBUSDT,1.0,-0.00651041666666663,0.0,0.0,-0.00651041666666663,-0.00651041666666663,0.0031273455091318514,16.749762411491943,1,0.009637762175798481,True,False
2024-04-17,BTCUSDT,1.0,0.03578335689015377,2.0,0.003,0.03278335689015377,0.03578335689015377,0.07759405339805814,17.298875850453165,1,0.041810696507904366,True,True
2024-04-18,CASH,0.0,0.0,1.0,0.0015,-0.0015,0.0,0.0,17.272927536677486,0,0.0,False,False
2024-04-19,CASH,0.0,0.0,0.0,0.0,0.0,0.0,0.0,17.272927536677486,0,0.0,False,False
2024-04-20,CASH,0.0,0.0,0.0,0.0,0.0,0.0,0.0,17.272927536677486,0,0.0,False,False
2024-04-21,BNBUSDT,1.0,0.04296066252587982,1.0,0.0015,0.04146066252587982,0.04296066252587982,0.05985512771635548,17.989074556109646,1,0.01689446519047566,True,False
2024-04-22,CASH,0.0,0.0,1.0,0.0015,-0.0015,0.0,0.0,17.96209094427548,0,0.0,False,False
2024-04-23,BNBUSDT,1.0,0.0042890135268887075,1.0,0.0015,0.0027890135268887075,0.0042890135268887075,0.0042890135268887075,18.01218745889027,1,0.0,False,False
2024-04-24,BNBUSDT,1.0,0.007227332457293123,0.0,0.0,0.007227332457293123,0.007227332457293123,0.007227332457293123,18.142367525938756,1,0.0,False,False
2024-04-25,BNBUSDT,1.0,-0.024787997390737226,0.0,0.0,-0.024787997390737226,-0.024787997390737226,0.05156361900214845,17.69265456704399,1,0.07635161639288568,True,True
2024-04-26,BNBUSDT,1.0,-0.003010033444815985,0.0,0.0,-0.003010033444815985,-0.003010033444815985,0.03968319867147829,17.639399085069613,1,0.04269323211629428,True,True
2024-04-27,BNBUSDT,1.0,0.006709158000670845,0.0,0.0,0.006709158000670845,0.006709158000670845,0.006709158000670845,17.757744600568234,1,0.0,False,False
2024-04-28,BNBUSDT,1.0,-0.012329223592136063,0.0,0.0,-0.012329223592136063,-0.012329223592136063,0.039175257731958624,17.538805396895782,1,0.051504481324094686,True,True
2024-04-29,BTCUSDT,1.0,-0.05001096044843889,2.0,0.003,-0.05301096044843889,-0.05001096044843889,-0.02429149797570851,16.609056477688075,1,0.02571946247273038,True,True
2024-04-30,BNBUSDT,1.0,-0.028699861687413564,2.0,0.003,-0.031699861687413566,-0.028699861687413564,0.07377431906614795,16.08255168458692,1,0.10247418075356152,True,True
2024-05-01,CASH,0.0,0.0,1.0,0.0015,-0.0015,0.0,0.0,16.058427857060042,0,0.0,False,False
2024-05-02,CASH,0.0,0.0,0.0,0.0,0.0,0.0,0.0,16.058427857060042,0,0.0,False,False
2024-05-03,XRPUSDT,1.0,-0.0028211397404550587,1.0,0.0015,-0.004321139740455058,-0.0028211397404550587,0.09641194193371683,15.98903714627767,1,0.09923308167417189,True,True
2024-05-04,CASH,0.0,0.0,1.0,0.0015,-0.0015,0.0,0.0,15.965053590558256,0,0.0,False,False
2024-05-05,CASH,0.0,0.0,0.0,0.0,0.0,0.0,0.0,15.965053590558256,0,0.0,False,False
2024-05-06,LINKUSDT,1.0,-0.03362330847832096,1.0,0.0015,-0.03512330847832096,-0.03362330847832096,0.0006188884762965419,15.404308088424154,1,0.0342421969546175,True,True
2024-05-07,CASH,0.0,0.0,1.0,0.0015,-0.0015,0.0,0.0,15.381201626291519,0,0.0,False,False
2024-05-08,BNBUSDT,1.0,0.013931362555215543,1.0,0.0015,0.012431362555215543,0.013931362555215543,0.07307638205092126,15.572410920242818,1,0.05914501949570572,True,True
2024-05-09,BNBUSDT,1.0,-0.018766756032171483,0.0,0.0,-0.018766756032171483,-0.018766756032171483,-0.018766756032171483,15.280167283669899,1,0.0,False,False
2024-05-10,BNBUSDT,1.0,0.01127049180327866,0.0,0.0,0.01127049180327866,0.01127049180327866,0.014584891548242274,15.452382283793227,1,0.0033143997449636142,True,False
2024-05-11,BNBUSDT,1.0,0.004390408645727595,0.0,0.0,0.004390408645727595,0.004390408645727595,0.019013978656245323,15.520224556569081,1,0.014623570010517728,True,False
2024-05-12,BNBUSDT,1.0,-0.0052118359112305335,0.0,0.0,-0.0052118359112305335,-0.0052118359112305335,0.0524676060327125,15.439335692874792,1,0.05767944194394303,True,True
2024-05-13,BNBUSDT,1.0,-0.041575122528308306,0.0,0.0,-0.041575122528308306,-0.041575122528308306,-0.01009301405105878,14.79744341968784,1,0.031482108477249526,True,True
2024-05-14,CASH,0.0,0.0,1.0,0.0015,-0.0015,0.0,0.0,14.775247254558309,0,0.0,False,False
2024-05-15,BTCUSDT,1.0,-0.014670613912531216,1.0,0.0015,-0.016170613912531218,-0.014670613912531216,0.11907681211684085,14.536322435742658,1,0.13374742602937206,True,True
2024-05-16,BTCUSDT,1.0,0.027420621471134998,0.0,0.0,0.027420621471134998,0.027420621471134998,0.06318629604065995,14.934917430835524,1,0.03576567456952495,True,True
2024-05-17,LINKUSDT,1.0,0.006037828846035209,2.0,0.003,0.003037828846035209,0.006037828846035209,0.02223442217952254,14.980287153820072,1,0.01619659333348733,True,False
2024-05-18,LINKUSDT,1.0,0.014146610325188158,0.0,0.0,0.014146610325188158,0.014146610325188158,0.014146610325188158,15.192207438744587,1,0.0,False,False
2024-05-19,LINKUSDT,1.0,0.04239130434782612,0.0,0.0,0.04239130434782612,0.04239130434782612,0.19230005307388987,15.836224927995717,1,0.14990874872606375,True,True
2024-05-20,LINKUSDT,1.0,-0.03029776387440619,0.0,0.0,-0.03029776387440619,-0.03029776387440619,0.034906520872362456,15.356422724465318,1,0.06520428474676865,True,True
2024-05-21,SOLUSDT,1.0,-0.006735896716250411,2.0,0.003,-0.00973589671625041,-0.006735896716250411,-0.005982215036378413,15.206914178888843,1,0.0007536816798719981,True,False
2024-05-22,SOLUSDT,1.0,-0.004464538005086172,0.0,0.0,-0.004464538005086172,-0.004464538005086172,0.014797603032897122,15.13902233259711,1,0.019262141037983294,True,False
2024-05-23,SOLUSDT,1.0,-0.048024523160763,0.0,0.0,-0.048024523160763,-0.048024523160763,0.03940708604483012,14.411978003953992,1,0.08743160920559312,True,True
2024-05-24,ETHUSDT,1.0,0.005627259755168534,2.0,0.003,0.0026272597551685343,0.005627259755168534,0.062004149884047344,14.449842013756156,1,0.05637689012887881,True,True
2024-05-25,ETHUSDT,1.0,0.020593397097027122,0.0,0.0,0.020593397097027122,0.020593397097027122,0.020593397097027122,14.747413348334742,1,0.0,False,False
2024-05-26,ETHUSDT,1.0,0.017705613790255814,0.0,0.0,0.017705613790255814,0.017705613790255814,0.10233540664241292,15.00852535348562,1,0.0846297928521571,True,True
2024-05-27,ETHUSDT,1.0,-0.012718849987930714,0.0,0.0,-0.012718849987930714,-0.012718849987930714,-0.0036429872495444826,14.817634170974582,1,0.009075862738386231,True,False
2024-05-28,ETHUSDT,1.0,-0.020095248251484565,0.0,0.0,-0.020095248251484565,-0.020095248251484565,0.0017976989453500902,14.519870133809167,1,0.021892947196834656,True,True
2024-05-29,ETHUSDT,1.0,-0.0051812508792465906,0.0,0.0,-0.0051812508792465906,-0.0051812508792465906,0.01034331070492378,14.444639043911822,1,0.015524561584170371,True,False
2024-05-30,ETHUSDT,1.0,0.0038368050460122483,0.0,0.0,0.0038368050460122483,0.0038368050460122483,0.026192599197503386,14.500060307883329,1,0.022355794151491137,True,True
2024-05-31,LINKUSDT,1.0,0.0015748886716628885,2.0,0.003,-0.0014251113283371116,0.0015748886716628885,0.014228036647892628,14.479396107676994,1,0.01265314797622974,True,False
2024-06-01,ETHUSDT,1.0,-0.009148754396171799,2.0,0.003,-0.012148754396171798,-0.009148754396171799,0.0016614055490944413,14.30348948055994,1,0.01081015994526624,True,False
2024-06-02,ETHUSDT,1.0,-0.0036631392971533394,0.0,0.0,-0.0036631392971533394,-0.0036631392971533394,0.03897827168684698,14.25109380615728,1,0.042641410984000316,True,True
2024-06-03,ETHUSDT,1.0,0.011459865253008905,0.0,0.0,0.011459865253008905,0.011459865253008905,0.09466794380587484,14.414409420883834,1,0.08320807855286594,True,True
2024-06-04,BNBUSDT,1.0,0.01910456467843069,2.0,0.003,0.016104564678430692,0.01910456467843069,0.021398684997011364,14.64654720970384,1,0.0022941203185806724,True,False
2024-06-05,BNBUSDT,1.0,0.01774470520892968,0.0,0.0,0.01774470520892968,0.01774470520892968,0.01774470520892968,14.906445872268707,1,0.0,False,False
2024-06-06,BNBUSDT,1.0,-0.03824521934758163,0.0,0.0,-0.03824521934758163,-0.03824521934758163,-0.01964207769532955,14.336345580190937,1,0.018603141652252075,True,False
2024-06-07,CASH,0.0,0.0,1.0,0.0015,-0.0015,0.0,0.0,14.314841061820651,0,0.0,False,False
2024-06-08,CASH,0.0,0.0,0.0,0.0,0.0,0.0,0.0,14.314841061820651,0,0.0,False,False
2024-06-09,CASH,0.0,0.0,0.0,0.0,0.0,0.0,0.0,14.314841061820651,0,0.0,False,False
2024-06-10,CASH,0.0,0.0,0.0,0.0,0.0,0.0,0.0,14.314841061820651,0,0.0,False,False
2024-06-11,CASH,0.0,0.0,0.0,0.0,0.0,0.0,0.0,14.314841061820651,0,0.0,False,False
2024-06-12,CASH,0.0,0.0,0.0,0.0,0.0,0.0,0.0,14.314841061820651,0,0.0,False,False
2024-06-13,CASH,0.0,0.0,0.0,0.0,0.0,0.0,0.0,14.314841061820651,0,0.0,False,False
2024-06-14,CASH,0.0,0.0,0.0,0.0,0.0,0.0,0.0,14.314841061820651,0,0.0,False,False
2024-06-15,CASH,0.0,0.0,0.0,0.0,0.0,0.0,0.0,14.314841061820651,0,0.0,False,False
2024-06-16,CASH,0.0,0.0,0.0,0.0,0.0,0.0,0.0,14.314841061820651,0,0.0,False,False
2024-06-17,CASH,0.0,0.0,0.0,0.0,0.0,0.0,0.0,14.314841061820651,0,0.0,False,False
2024-06-18,CASH,0.0,0.0,0.0,0.0,0.0,0.0,0.0,14.314841061820651,0,0.0,False,False
2024-06-19,CASH,0.0,0.0,0.0,0.0,0.0,0.0,0.0,14.314841061820651,0,0.0,False,False
2024-06-20,CASH,0.0,0.0,0.0,0.0,0.0,0.0,0.0,14.314841061820651,0,0.0,False,False
2024-06-21,CASH,0.0,0.0,0.0,0.0,0.0,0.0,0.0,14.314841061820651,0,0.0,False,False
2024-06-22,CASH,0.0,0.0,0.0,0.0,0.0,0.0,0.0,14.314841061820651,0,0.0,False,False
2024-06-23,CASH,0.0,0.0,0.0,0.0,0.0,0.0,0.0,14.314841061820651,0,0.0,False,False
2024-06-24,CASH,0.0,0.0,0.0,0.0,0.0,0.0,0.0,14.314841061820651,0,0.0,False,False
2024-06-25,CASH,0.0,0.0,0.0,0.0,0.0,0.0,0.0,14.314841061820651,0,0.0,False,False
2024-06-26,CASH,0.0,0.0,0.0,0.0,0.0,0.0,0.0,14.314841061820651,0,0.0,False,False
2024-06-27,CASH,0.0,0.0,0.0,0.0,0.0,0.0,0.0,14.314841061820651,0,0.0,False,False
2024-06-28,CASH,0.0,0.0,0.0,0.0,0.0,0.0,0.0,14.314841061820651,0,0.0,False,False
2024-06-29,CASH,0.0,0.0,0.0,0.0,0.0,0.0,0.0,14.314841061820651,0,0.0,False,False
2024-06-30,CASH,0.0,0.0,0.0,0.0,0.0,0.0,0.0,14.314841061820651,0,0.0,False,False
2024-07-01,CASH,0.0,0.0,0.0,0.0,0.0,0.0,0.0,14.314841061820651,0,0.0,False,False
2024-07-02,CASH,0.0,0.0,0.0,0.0,0.0,0.0,0.0,14.314841061820651,0,0.0,False,False
2024-07-03,CASH,0.0,0.0,0.0,0.0,0.0,0.0,0.0,14.314841061820651,0,0.0,False,False
2024-07-04,CASH,0.0,0.0,0.0,0.0,0.0,0.0,0.0,14.314841061820651,0,0.0,False,False
2024-07-05,CASH,0.0,0.0,0.0,0.0,0.0,0.0,0.0,14.314841061820651,0,0.0,False,False
2024-07-06,CASH,0.0,0.0,0.0,0.0,0.0,0.0,0.0,14.314841061820651,0,0.0,False,False
2024-07-07,CASH,0.0,0.0,0.0,0.0,0.0,0.0,0.0,14.314841061820651,0,0.0,False,False
2024-07-08,CASH,0.0,0.0,0.0,0.0,0.0,0.0,0.0,14.314841061820651,0,0.0,False,False
2024-07-09,CASH,0.0,0.0,0.0,0.0,0.0,0.0,0.0,14.314841061820651,0,0.0,False,False
2024-07-10,CASH,0.0,0.0,0.0,0.0,0.0,0.0,0.0,14.314841061820651,0,0.0,False,False
2024-07-11,CASH,0.0,0.0,0.0,0.0,0.0,0.0,0.0,14.314841061820651,0,0.0,False,False
2024-07-12,CASH,0.0,0.0,0.0,0.0,0.0,0.0,0.0,14.314841061820651,0,0.0,False,False
2024-07-13,CASH,0.0,0.0,0.0,0.0,0.0,0.0,0.0,14.314841061820651,0,0.0,False,False
2024-07-14,CASH,0.0,0.0,0.0,0.0,0.0,0.0,0.0,14.314841061820651,0,0.0,False,False
2024-07-15,CASH,0.0,0.0,0.0,0.0,0.0,0.0,0.0,14.314841061820651,0,0.0,False,False
2024-07-16,CASH,0.0,0.0,0.0,0.0,0.0,0.0,0.0,14.314841061820651,0,0.0,False,False
2024-07-17,CASH,0.0,0.0,0.0,0.0,0.0,0.0,0.0,14.314841061820651,0,0.0,False,False
2024-07-18,CASH,0.0,0.0,0.0,0.0,0.0,0.0,0.0,14.314841061820651,0,0.0,False,False
2024-07-19,CASH,0.0,0.0,0.0,0.0,0.0,0.0,0.0,14.314841061820651,0,0.0,False,False
2024-07-20,CASH,0.0,0.0,0.0,0.0,0.0,0.0,0.0,14.314841061820651,0,0.0,False,False
2024-07-21,CASH,0.0,0.0,0.0,0.0,0.0,0.0,0.0,14.314841061820651,0,0.0,False,False
2024-07-22,CASH,0.0,0.0,0.0,0.0,0.0,0.0,0.0,14.314841061820651,0,0.0,False,False
2024-07-23,CASH,0.0,0.0,0.0,0.0,0.0,0.0,0.0,14.314841061820651,0,0.0,False,False
2024-07-24,CASH,0.0,0.0,0.0,0.0,0.0,0.0,0.0,14.314841061820651,0,0.0,False,False
2024-07-25,CASH,0.0,0.0,0.0,0.0,0.0,0.0,0.0,14.314841061820651,0,0.0,False,False
2024-07-26,CASH,0.0,0.0,0.0,0.0,0.0,0.0,0.0,14.314841061820651,0,0.0,False,False
2024-07-27,CASH,0.0,0.0,0.0,0.0,0.0,0.0,0.0,14.314841061820651,0,0.0,False,False
2024-07-28,CASH,0.0,0.0,0.0,0.0,0.0,0.0,0.0,14.314841061820651,0,0.0,False,False
2024-07-29,CASH,0.0,0.0,0.0,0.0,0.0,0.0,0.0,14.314841061820651,0,0.0,False,False
2024-07-30,CASH,0.0,0.0,0.0,0.0,0.0,0.0,0.0,14.314841061820651,0,0.0,False,False
2024-07-31,CASH,0.0,0.0,0.0,0.0,0.0,0.0,0.0,14.314841061820651,0,0.0,False,False
2024-08-01,CASH,0.0,0.0,0.0,0.0,0.0,0.0,0.0,14.314841061820651,0,0.0,False,False
2024-08-02,CASH,0.0,0.0,0.0,0.0,0.0,0.0,0.0,14.314841061820651,0,0.0,False,False
2024-08-03,CASH,0.0,0.0,0.0,0.0,0.0,0.0,0.0,14.314841061820651,0,0.0,False,False
2024-08-04,CASH,0.0,0.0,0.0,0.0,0.0,0.0,0.0,14.314841061820651,0,0.0,False,False
2024-08-05,CASH,0.0,0.0,0.0,0.0,0.0,0.0,0.0,14.314841061820651,0,0.0,False,False
2024-08-06,CASH,0.0,0.0,0.0,0.0,0.0,0.0,0.0,14.314841061820651,0,0.0,False,False
2024-08-07,CASH,0.0,0.0,0.0,0.0,0.0,0.0,0.0,14.314841061820651,0,0.0,False,False
2024-08-08,CASH,0.0,0.0,0.0,0.0,0.0,0.0,0.0,14.314841061820651,0,0.0,False,False
2024-08-09,CASH,0.0,0.0,0.0,0.0,0.0,0.0,0.0,14.314841061820651,0,0.0,False,False
2024-08-10,CASH,0.0,0.0,0.0,0.0,0.0,0.0,0.0,14.314841061820651,0,0.0,False,False
2024-08-11,CASH,0.0,0.0,0.0,0.0,0.0,0.0,0.0,14.314841061820651,0,0.0,False,False
2024-08-12,CASH,0.0,0.0,0.0,0.0,0.0,0.0,0.0,14.314841061820651,0,0.0,False,False
2024-08-13,CASH,0.0,0.0,0.0,0.0,0.0,0.0,0.0,14.314841061820651,0,0.0,False,False
2024-08-14,CASH,0.0,0.0,0.0,0.0,0.0,0.0,0.0,14.314841061820651,0,0.0,False,False
2024-08-15,CASH,0.0,0.0,0.0,0.0,0.0,0.0,0.0,14.314841061820651,0,0.0,False,False
2024-08-16,CASH,0.0,0.0,0.0,0.0,0.0,0.0,0.0,14.314841061820651,0,0.0,False,False
2024-08-17,CASH,0.0,0.0,0.0,0.0,0.0,0.0,0.0,14.314841061820651,0,0.0,False,False
2024-08-18,CASH,0.0,0.0,0.0,0.0,0.0,0.0,0.0,14.314841061820651,0,0.0,False,False
2024-08-19,CASH,0.0,0.0,0.0,0.0,0.0,0.0,0.0,14.314841061820651,0,0.0,False,False
2024-08-20,CASH,0.0,0.0,0.0,0.0,0.0,0.0,0.0,14.314841061820651,0,0.0,False,False
2024-08-21,CASH,0.0,0.0,0.0,0.0,0.0,0.0,0.0,14.314841061820651,0,0.0,False,False
2024-08-22,CASH,0.0,0.0,0.0,0.0,0.0,0.0,0.0,14.314841061820651,0,0.0,False,False
2024-08-23,CASH,0.0,0.0,0.0,0.0,0.0,0.0,0.0,14.314841061820651,0,0.0,False,False
2024-08-24,CASH,0.0,0.0,0.0,0.0,0.0,0.0,0.0,14.314841061820651,0,0.0,False,False
2024-08-25,CASH,0.0,0.0,0.0,0.0,0.0,0.0,0.0,14.314841061820651,0,0.0,False,False
2024-08-26,CASH,0.0,0.0,0.0,0.0,0.0,0.0,0.0,14.314841061820651,0,0.0,False,False
2024-08-27,CASH,0.0,0.0,0.0,0.0,0.0,0.0,0.0,14.314841061820651,0,0.0,False,False
2024-08-28,CASH,0.0,0.0,0.0,0.0,0.0,0.0,0.0,14.314841061820651,0,0.0,False,False
2024-08-29,CASH,0.0,0.0,0.0,0.0,0.0,0.0,0.0,14.314841061820651,0,0.0,False,False
2024-08-30,CASH,0.0,0.0,0.0,0.0,0.0,0.0,0.0,14.314841061820651,0,0.0,False,False
2024-08-31,CASH,0.0,0.0,0.0,0.0,0.0,0.0,0.0,14.314841061820651,0,0.0,False,False
2024-09-01,CASH,0.0,0.0,0.0,0.0,0.0,0.0,0.0,14.314841061820651,0,0.0,False,False
2024-09-02,CASH,0.0,0.0,0.0,0.0,0.0,0.0,0.0,14.314841061820651,0,0.0,False,False
2024-09-03,CASH,0.0,0.0,0.0,0.0,0.0,0.0,0.0,14.314841061820651,0,0.0,False,False
2024-09-04,CASH,0.0,0.0,0.0,0.0,0.0,0.0,0.0,14.314841061820651,0,0.0,False,False
2024-09-05,CASH,0.0,0.0,0.0,0.0,0.0,0.0,0.0,14.314841061820651,0,0.0,False,False
2024-09-06,CASH,0.0,0.0,0.0,0.0,0.0,0.0,0.0,14.314841061820651,0,0.0,False,False
2024-09-07,CASH,0.0,0.0,0.0,0.0,0.0,0.0,0.0,14.314841061820651,0,0.0,False,False
2024-09-08,CASH,0.0,0.0,0.0,0.0,0.0,0.0,0.0,14.314841061820651,0,0.0,False,False
2024-09-09,CASH,0.0,0.0,0.0,0.0,0.0,0.0,0.0,14.314841061820651,0,0.0,False,False
2024-09-10,CASH,0.0,0.0,0.0,0.0,0.0,0.0,0.0,14.314841061820651,0,0.0,False,False
2024-09-11,CASH,0.0,0.0,0.0,0.0,0.0,0.0,0.0,14.314841061820651,0,0.0,False,False
2024-09-12,CASH,0.0,0.0,0.0,0.0,0.0,0.0,0.0,14.314841061820651,0,0.0,False,False
2024-09-13,CASH,0.0,0.0,0.0,0.0,0.0,0.0,0.0,14.314841061820651,0,0.0,False,False
2024-09-14,CASH,0.0,0.0,0.0,0.0,0.0,0.0,0.0,14.314841061820651,0,0.0,False,False
2024-09-15,CASH,0.0,0.0,0.0,0.0,0.0,0.0,0.0,14.314841061820651,0,0.0,False,False
2024-09-16,CASH,0.0,0.0,0.0,0.0,0.0,0.0,0.0,14.314841061820651,0,0.0,False,False
2024-09-17,CASH,0.0,0.0,0.0,0.0,0.0,0.0,0.0,14.314841061820651,0,0.0,False,False
2024-09-18,CASH,0.0,0.0,0.0,0.0,0.0,0.0,0.0,14.314841061820651,0,0.0,False,False
2024-09-19,CASH,0.0,0.0,0.0,0.0,0.0,0.0,0.0,14.314841061820651,0,0.0,False,False
2024-09-20,CASH,0.0,0.0,0.0,0.0,0.0,0.0,0.0,14.314841061820651,0,0.0,False,False
2024-09-21,CASH,0.0,0.0,0.0,0.0,0.0,0.0,0.0,14.314841061820651,0,0.0,False,False
2024-09-22,CASH,0.0,0.0,0.0,0.0,0.0,0.0,0.0,14.314841061820651,0,0.0,False,False
2024-09-23,CASH,0.0,0.0,0.0,0.0,0.0,0.0,0.0,14.314841061820651,0,0.0,False,False
2024-09-24,CASH,0.0,0.0,0.0,0.0,0.0,0.0,0.0,14.314841061820651,0,0.0,False,False
2024-09-25,CASH,0.0,0.0,0.0,0.0,0.0,0.0,0.0,14.314841061820651,0,0.0,False,False
2024-09-26,LINKUSDT,1.0,0.00875796178343946,1.0,0.0015,0.007257961783439461,0.00875796178343946,0.04510069385682858,14.418737631183355,1,0.03634273207338912,True,True
2024-09-27,DOGEUSDT,1.0,0.036839122338272245,2.0,0.003,0.03383912233827224,0.036839122338272245,0.04245923913043481,14.90665505784842,1,0.005620116792162566,True,False
2024-09-28,DOGEUSDT,1.0,-0.028736529751678952,0.0,0.0,-0.028736529751678952,-0.028736529751678952,0.044639947865754204,14.478289521280544,1,0.07337647761743316,True,True
2024-09-29,CASH,0.0,0.0,1.0,0.0015,-0.0015,0.0,0.0,14.456572086998625,0,0.0,False,False
2024-09-30,CASH,0.0,0.0,0.0,0.0,0.0,0.0,0.0,14.456572086998625,0,0.0,False,False
2024-10-01,CASH,0.0,0.0,0.0,0.0,0.0,0.0,0.0,14.456572086998625,0,0.0,False,False
2024-10-02,CASH,0.0,0.0,0.0,0.0,0.0,0.0,0.0,14.456572086998625,0,0.0,False,False
2024-10-03,CASH,0.0,0.0,0.0,0.0,0.0,0.0,0.0,14.456572086998625,0,0.0,False,False
2024-10-04,CASH,0.0,0.0,0.0,0.0,0.0,0.0,0.0,14.456572086998625,0,0.0,False,False
2024-10-05,CASH,0.0,0.0,0.0,0.0,0.0,0.0,0.0,14.456572086998625,0,0.0,False,False
2024-10-06,CASH,0.0,0.0,0.0,0.0,0.0,0.0,0.0,14.456572086998625,0,0.0,False,False
2024-10-07,CASH,0.0,0.0,0.0,0.0,0.0,0.0,0.0,14.456572086998625,0,0.0,False,False
2024-10-08,CASH,0.0,0.0,0.0,0.0,0.0,0.0,0.0,14.456572086998625,0,0.0,False,False
2024-10-09,CASH,0.0,0.0,0.0,0.0,0.0,0.0,0.0,14.456572086998625,0,0.0,False,False
2024-10-10,CASH,0.0,0.0,0.0,0.0,0.0,0.0,0.0,14.456572086998625,0,0.0,False,False
2024-10-11,CASH,0.0,0.0,0.0,0.0,0.0,0.0,0.0,14.456572086998625,0,0.0,False,False
2024-10-12,CASH,0.0,0.0,0.0,0.0,0.0,0.0,0.0,14.456572086998625,0,0.0,False,False
2024-10-13,CASH,0.0,0.0,0.0,0.0,0.0,0.0,0.0,14.456572086998625,0,0.0,False,False
2024-10-14,CASH,0.0,0.0,0.0,0.0,0.0,0.0,0.0,14.456572086998625,0,0.0,False,False
2024-10-15,CASH,0.0,0.0,0.0,0.0,0.0,0.0,0.0,14.456572086998625,0,0.0,False,False
2024-10-16,CASH,0.0,0.0,0.0,0.0,0.0,0.0,0.0,14.456572086998625,0,0.0,False,False
2024-10-17,CASH,0.0,0.0,0.0,0.0,0.0,0.0,0.0,14.456572086998625,0,0.0,False,False
2024-10-18,CASH,0.0,0.0,0.0,0.0,0.0,0.0,0.0,14.456572086998625,0,0.0,False,False
2024-10-19,CASH,0.0,0.0,0.0,0.0,0.0,0.0,0.0,14.456572086998625,0,0.0,False,False
2024-10-20,LTCUSDT,1.0,-0.0475100942126514,1.0,0.0015,-0.0490100942126514,-0.0475100942126514,0.0107640354579992,13.748054127022835,1,0.0582741296706506,True,True
2024-10-21,DOGEUSDT,1.0,-0.02763276954131,2.0,0.003,-0.030632769541309997,-0.02763276954131,0.02220324508966698,13.326913153308288,1,0.04983601463097698,True,True
2024-10-22,DOGEUSDT,1.0,0.0019327129563351253,0.0,0.0,0.0019327129563351253,0.0019327129563351253,0.019452234620203956,13.35267025102764,1,0.01751952166386883,True,False
2024-10-23,CASH,0.0,0.0,1.0,0.0015,-0.0015,0.0,0.0,13.332641245651098,0,0.0,False,False
2024-10-24,CASH,0.0,0.0,0.0,0.0,0.0,0.0,0.0,13.332641245651098,0,0.0,False,False
2024-10-25,CASH,0.0,0.0,0.0,0.0,0.0,0.0,0.0,13.332641245651098,0,0.0,False,False
2024-10-26,CASH,0.0,0.0,0.0,0.0,0.0,0.0,0.0,13.332641245651098,0,0.0,False,False
2024-10-27,CASH,0.0,0.0,0.0,0.0,0.0,0.0,0.0,13.332641245651098,0,0.0,False,False
2024-10-28,SOLUSDT,1.0,0.0063379886701440125,1.0,0.0015,0.004837988670144013,0.0063379886701440125,0.08918617614269797,13.397144412940653,1,0.08284818747255396,True,True
2024-10-29,BTCUSDT,1.0,-0.00538492271134583,2.0,0.003,-0.008384922711345829,-0.00538492271134583,0.050000000000000044,13.284810392485408,1,0.055384922711345874,True,True
2024-10-30,LINKUSDT,1.0,-0.07909604519774016,2.0,0.003,-0.08209604519774016,-0.07909604519774016,-0.025626314782941417,12.194179998060518,1,0.053469730414798744,True,True
2024-10-31,CASH,0.0,0.0,1.0,0.0015,-0.0015,0.0,0.0,12.175888728063427,0,0.0,False,False
2024-11-01,CASH,0.0,0.0,0.0,0.0,0.0,0.0,0.0,12.175888728063427,0,0.0,False,False
2024-11-02,CASH,0.0,0.0,0.0,0.0,0.0,0.0,0.0,12.175888728063427,0,0.0,False,False
2024-11-03,CASH,0.0,0.0,0.0,0.0,0.0,0.0,0.0,12.175888728063427,0,0.0,False,False
2024-11-04,CASH,0.0,0.0,0.0,0.0,0.0,0.0,0.0,12.175888728063427,0,0.0,False,False
2024-11-05,CASH,0.0,0.0,0.0,0.0,0.0,0.0,0.0,12.175888728063427,0,0.0,False,False
2024-11-06,SOLUSDT,1.0,0.05230719759901392,1.0,0.0015,0.05080719759901392,0.05230719759901392,0.11983471074380159,12.79451151261375,1,0.06752751314478767,True,True
2024-11-07,SOLUSDT,1.0,0.017825311942959,0.0,0.0,0.017825311942959,0.017825311942959,0.09397293972939735,13.022577671483871,1,0.07614762778643835,True,True
2024-11-08,SOLUSDT,1.0,0.0002001501125843408,0.0,0.0,0.0002001501125843408,0.0002001501125843408,0.116932763660895,13.025184141870957,1,0.11673261354831066,True,True
2024-11-09,ADAUSDT,1.0,0.18804107106905565,2.0,0.003,0.18504107106905565,0.18804107106905565,0.26898126998629523,15.435378166354436,1,0.08094019891723958,True,True
2024-11-10,SOLUSDT,1.0,0.057409434950254745,2.0,0.003,0.05440943495025474,0.057409434950254745,0.2648858809129526,16.27520837062928,1,0.20747644596269788,True,True
2024-11-11,SOLUSDT,1.0,-0.04722459820825642,0.0,0.0,-0.04722459820825642,-0.04722459820825642,0.13420331883357495,15.50661819457066,1,0.18142791704183137,True,True
2024-11-12,BTCUSDT,1.0,0.027551274837266382,2.0,0.003,0.024551274837266383,0.027551274837266382,0.05049361590101342,15.88732543966212,1,0.02294234106374704,True,True
2024-11-13,BTCUSDT,1.0,-0.03374388106471693,0.0,0.0,-0.03374388106471693,-0.03374388106471693,0.12148448825746594,15.35122541958971,1,0.15522836932218287,True,True
2024-11-14,BTCUSDT,1.0,0.04244437398018164,0.0,0.0,0.04244437398018164,0.04244437398018164,0.22082182320441968,16.002798572352848,1,0.17837744922423804,True,True
2024-11-15,BTCUSDT,1.0,-0.004890034907478302,0.0,0.0,-0.004890034907478302,-0.004890034907478302,0.25633266083837714,15.9245443287167,1,0.26122269574585544,True,True
2024-11-16,BTCUSDT,1.0,-0.008068824947354392,0.0,0.0,-0.008068824947354392,-0.008068824947354392,0.10087617634787449,15.7960519681619,1,0.10894500129522888,True,True
2024-11-17,SOLUSDT,1.0,0.009769655114330256,2.0,0.003,0.006769655114330256,0.009769655114330256,0.10766961651917395,15.902985792154395,1,0.0978999614048437,True,True
2024-11-18,BTCUSDT,1.0,0.020413737695668788,2.0,0.003,0.01741373769566879,0.020413737695668788,0.05265001481960496,16.179916215316922,1,0.032236277123936175,True,True
2024-11-19,BTCUSDT,1.0,0.02140345673566446,0.0,0.0,0.02140345673566446,0.02140345673566446,0.08338973873020161,16.526222352018134,1,0.06198628199453715,True,True
2024-11-20,BTCUSDT,1.0,0.04274798019993509,0.0,0.0,0.04274798019993509,0.04274798019993509,0.12942668236572774,17.23268497790193,1,0.08667870216579265,True,True
2024-11-21,BTCUSDT,1.0,0.0058472013826280644,0.0,0.0,0.0058472013826280644,0.0058472013826280644,0.23813579946459007,17.33344795733111,1,0.232288598081962,True,True
2024-11-22,BTCUSDT,1.0,-0.012332645714516866,0.0,0.0,-0.012332645714516866,-0.012332645714516866,0.2843137254901962,17.11968068466233,1,0.29664637120471304,True,True
2024-11-23,BTCUSDT,1.0,0.002330648166728677,0.0,0.0,0.002330648166728677,0.002330648166728677,0.03640634174985302,17.15958063706502,1,0.034075693583124345,True,True
2024-11-24,BTCUSDT,1.0,-0.04994921350389636,0.0,0.0,-0.04994921350389636,-0.04994921350389636,0.015854456741639877,16.30247308018693,1,0.06580367024553624,True,True
2024-11-25,BTCUSDT,1.0,-0.011233737099909935,0.0,0.0,-0.011233737099909935,-0.011233737099909935,0.03413217138707325,16.11933538352575,1,0.045365908486983186,True,True
2024-11-26,BTCUSDT,1.0,0.04238507278190995,0.0,0.0,0.04238507278190995,0.04238507278190995,0.09882005456082155,16.802554586952507,1,0.0564349817789116,True,True
2024-11-27,BTCUSDT,1.0,-0.002285863665387078,0.0,0.0,-0.002285863665387078,-0.002285863665387078,0.049333151878061976,16.764146237936508,1,0.051619015543449054,True,True
2024-11-28,BTCUSDT,1.0,0.018987290156683212,0.0,0.0,0.018987290156683212,0.018987290156683212,0.16762855845924385,17.082451946785277,1,0.14864126830256064,True,True
2024-11-29,BTCUSDT,1.0,-0.010794274574184248,0.0,0.0,-0.010794274574184248,-0.010794274574184248,0.0836943241141841,16.898059270071368,1,0.09448859868836834,True,True
2024-11-30,BTCUSDT,1.0,0.008061468764155144,0.0,0.0,0.008061468764155144,0.008061468764155144,0.17547276174857784,17.03428244705189,1,0.1674112929844227,True,True
2024-12-01,ETHUSDT,1.0,-0.017313039936778685,2.0,0.003,-0.020313039936778684,-0.017313039936778685,0.33350951374207183,16.688264387410555,1,0.3508225536788505,True,True
2024-12-02,ETHUSDT,1.0,-0.007934852418881144,0.0,0.0,-0.007934852418881144,-0.007934852418881144,0.1340187089006204,16.55584547236918,1,0.14195356131950154,True,True
2024-12-03,ETHUSDT,1.0,0.06177600836627928,0.0,0.0,0.06177600836627928,0.06177600836627928,0.07484662576687118,17.578599520781086,1,0.0130706174005919,True,False
2024-12-04,ETHUSDT,1.0,-0.013705768930116324,0.0,0.0,-0.013705768930116324,-0.013705768930116324,0.02919485053458426,17.337671297634206,1,0.042900619464700585,True,True
2024-12-05,ETHUSDT,1.0,0.05644880059177848,0.0,0.0,0.05644880059177848,0.05644880059177848,0.11749460043196547,18.316362047440162,1,0.06104579984018699,True,True
2024-12-06,ETHUSDT,1.0,-0.0006626872091366476,0.0,0.0,-0.0006626872091366476,-0.0006626872091366476,0.07593684297316239,18.304224028593406,1,0.07659953018229904,True,True
2024-12-07,ETHUSDT,1.0,0.0019843752345967136,0.0,0.0,0.0019843752345967136,0.0019843752345967136,0.05244050020169433,18.340546477444256,1,0.050456124967097615,True,True
2024-12-08,ETHUSDT,1.0,-0.0729618021302898,0.0,0.0,-0.0729618021302898,-0.0729618021302898,-0.0379105483466009,17.002387154395585,1,0.035051253783688896,True,True
2024-12-09,ETHUSDT,1.0,-0.022561961206896575,0.0,0.0,-0.022561961206896575,-0.022561961206896575,0.07164165612005036,16.618779954993474,1,0.09420361732694693,True,True
2024-12-10,ETHUSDT,1.0,0.056104182457107354,0.0,0.0,0.056104182457107354,0.056104182457107354,0.0881555153707052,17.551163017802946,1,0.03205133291359785,True,True
2024-12-11,ETHUSDT,1.0,0.01299646903160645,0.0,0.0,0.01299646903160645,0.01299646903160645,0.2102201911092645,17.7792661644325,1,0.19722372207765804,True,True
2024-12-12,ETHUSDT,1.0,0.006489575202042408,0.0,0.0,0.006489575202042408,0.006489575202042408,0.04428044280442811,17.89464604924371,1,0.0377908676023857,True,True
2024-12-13,ETHUSDT,1.0,-0.00934524418961813,0.0,0.0,-0.00934524418961813,-0.00934524418961813,0.004484304932735439,17.727416212226743,1,0.013829549122353568,True,False
2024-12-14,ETHUSDT,1.0,0.022944017114996607,0.0,0.0,0.022944017114996607,0.022944017114996607,0.055782949362647605,18.134154353204742,1,0.032838932247651,True,True
2024-12-15,ETHUSDT,1.0,0.006857636477069162,0.0,0.0,0.006857636477069162,0.006857636477069162,0.01526526030644626,18.258511791578083,1,0.008407623829377098,True,False
2024-12-16,ETHUSDT,1.0,-0.02338795456369902,0.0,0.0,-0.02338795456369902,-0.02338795456369902,0.0647512501059413,17.831482547395893,1,0.08813920466964031,True,True
2024-12-17,BTCUSDT,1.0,-0.0558703575319216,2.0,0.003,-0.0588703575319216,-0.0558703575319216,-0.04362607811171959,16.781736794506475,1,0.012244279420202009,True,False
2024-12-18,BTCUSDT,1.0,-0.027365671293993032,0.0,0.0,-0.027365671293993032,-0.027365671293993032,-0.027365671293993032,16.322493301645704,1,0.0,False,False
2024-12-19,BTCUSDT,1.0,0.0035252764517319513,0.0,0.0,0.0035252764517319513,0.0035252764517319513,0.07892346127640226,16.380034602915547,1,0.07539818482467031,True,True
2024-12-20,BTCUSDT,1.0,-0.005249707991702657,0.0,0.0,-0.005249707991702657,-0.005249707991702657,0.00783191268518224,16.294044204356254,1,0.013081620676884897,True,False
2024-12-21,BTCUSDT,1.0,-0.02164330280426996,0.0,0.0,-0.02164330280426996,-0.02164330280426996,-0.00225937641211027,15.941387271735211,1,0.01938392639215969,True,False
2024-12-22,BTCUSDT,1.0,-0.003202142493870186,0.0,0.0,-0.003202142493870186,-0.003202142493870186,0.11186594202898559,15.890340678141147,1,0.11506808452285577,True,True
2024-12-23,BTCUSDT,1.0,0.03986141867321402,0.0,0.0,0.03986141867321402,0.03986141867321402,0.054717463564305735,16.523752200772535,1,0.014856044891091713,True,False
2024-12-24,BTCUSDT,1.0,0.0077639591022340415,0.0,0.0,0.0077639591022340415,0.0077639591022340415,0.013567143516381996,16.65204193707478,1,0.005803184414147955,True,False
2024-12-25,BTCUSDT,1.0,-0.03658870195595676,0.0,0.0,-0.03658870195595676,-0.03658870195595676,-0.018954918032786927,16.042765337681058,1,0.017633783923169832,True,False
2024-12-26,BTCUSDT,1.0,-0.01558142885179914,0.0,0.0,-0.01558142885179914,-0.01558142885179914,0.018580884914644047,15.79279613098587,1,0.034162313766443186,True,True
2024-12-27,BTCUSDT,1.0,0.01061484937862045,0.0,0.0,0.01061484937862045,0.01061484937862045,0.06123113668439917,15.960434283183545,1,0.05061628730577872,True,True
2024-12-28,BNBUSDT,1.0,-0.0379710024510822,2.0,0.003,-0.040971002451082206,-0.0379710024510822,-0.013960047003525267,15.306519291046897,1,0.024010955447556936,True,True
2024-12-29,BNBUSDT,1.0,0.015330137755322326,0.0,0.0,0.015330137755322326,0.015330137755322326,0.015330137755322326,15.541170340333144,1,0.0,False,False
2024-12-30,BNBUSDT,1.0,-0.004338210275603993,0.0,0.0,-0.004338210275603993,-0.004338210275603993,0.03903420523138834,15.473749475467798,1,0.043372415506992334,True,True
2024-12-31,BNBUSDT,1.0,0.007888366794817081,0.0,0.0,0.007888366794817081,0.007888366794817081,0.1196006911115377,15.595812087021397,1,0.11171232431672062,True,True
2025-01-01,BNBUSDT,1.0,-0.002246270343580492,0.0,0.0,-0.002246270343580492,-0.002246270343580492,0.07221535927527278,15.560779676846266,1,0.07446162961885328,True,True
2025-01-02,BNBUSDT,1.0,0.01221946902654869,0.0,0.0,0.01221946902654869,0.01221946902654869,0.13337494798168947,15.750924142136437,1,0.12115547895514078,True,True
2025-01-03,BNBUSDT,1.0,-0.0020562891674127393,0.0,0.0,-0.0020562891674127393,-0.0020562891674127393,0.039327173655531844,15.718535687446222,1,0.04138346282294458,True,True
2025-01-04,BNBUSDT,1.0,-0.005775080248384579,0.0,0.0,-0.005775080248384579,-0.005775080248384579,0.04055390702274986,15.627759882464122,1,0.046328987271134436,True,True
2025-01-05,BNBUSDT,1.0,0.02838049316922553,0.0,0.0,0.02838049316922553,0.02838049316922553,0.039364049367443865,16.07128341505869,1,0.010983556198218336,True,False
2025-01-06,BTCUSDT,1.0,-0.05165509861535522,2.0,0.003,-0.054655098615355224,-0.05165509861535522,-0.043061610594719024,15.192905835133335,1,0.008593488020636197,True,False
2025-01-07,BNBUSDT,1.0,-0.002836635578286839,2.0,0.003,-0.005836635578286839,-0.002836635578286839,0.04486615005283556,15.104230380398434,1,0.0477027856311224,True,True
2025-01-08,BNBUSDT,1.0,-0.015157392641121703,0.0,0.0,-0.015157392641121703,-0.015157392641121703,0.0078872128561569,14.875289629980776,1,0.023044605497278603,True,True
2025-01-09,XRPUSDT,1.0,0.03045506557521338,2.0,0.003,0.02745506557521338,0.03045506557521338,0.04012461059190042,15.28369168222219,1,0.009669545016687042,True,False
2025-01-10,XRPUSDT,1.0,0.10036730161441865,0.0,0.0,0.10036730161441865,0.10036730161441865,0.10036730161441865,16.817674575073568,1,0.0,False,False
2025-01-11,XRPUSDT,1.0,-0.02786834342493405,0.0,0.0,-0.02786834342493405,-0.02786834342493405,0.0022329735764792247,16.348993844406635,1,0.030101317001413275,True,True
2025-01-12,XRPUSDT,1.0,0.007426335542601636,0.0,0.0,0.007426335542601636,0.007426335542601636,0.007426335542601636,16.470406958479128,1,0.0,False,False
2025-01-13,XRPUSDT,1.0,0.05711001902346213,0.0,0.0,0.05711001902346213,0.05711001902346213,0.05711001902346213,17.411032213202034,1,0.0,False,False
2025-01-14,XRPUSDT,1.0,0.17830765193266607,0.0,0.0,0.17830765193266607,0.17830765193266607,0.17830765193266607,20.5155524848621,1,0.0,False,False
2025-01-15,LTCUSDT,1.0,0.06369699042407673,2.0,0.003,0.060696990424076724,0.06369699042407673,0.06369699042407673,21.760784777580415,1,0.0,False,False
2025-01-16,SOLUSDT,1.0,0.03964194373401542,2.0,0.003,0.036641943734015414,0.03964194373401542,0.10295094159207419,22.558142229008535,1,0.06330899785805877,True,True
2025-01-17,SOLUSDT,1.0,0.19343082319712113,0.0,0.0,0.19343082319712113,0.19343082319712113,0.19343082319712113,26.921582250163397,1,0.0,False,False
2025-01-18,BTCUSDT,1.0,-0.030841395103859304,2.0,0.003,-0.033841395103859306,-0.030841395103859304,0.009121061359867344,26.01051834841457,1,0.03996245646372665,True,True
2025-01-19,BTCUSDT,1.0,0.009162396279856155,0.0,0.0,0.009162396279856155,0.009162396279856155,0.04954878831919429,26.248837024967216,1,0.04038639203933814,True,True
2025-01-20,BTCUSDT,1.0,0.03797975376689289,0.0,0.0,0.03797975376689289,0.03797975376689289,0.062973296133918,27.245761391842773,1,0.024993542367025112,True,True
2025-01-21,BTCUSDT,1.0,-0.022960922265658046,0.0,0.0,-0.022960922265658046,-0.022960922265658046,0.02808293053169808,26.620173582456005,1,0.051043852797356126,True,True
2025-01-22,BTCUSDT,1.0,0.0019640011547956693,0.0,0.0,0.0019640011547956693,0.0019640011547956693,0.029485597976932176,26.672455634112808,1,0.027521596822136507,True,True
2025-01-23,BTCUSDT,1.0,0.009240273874573157,0.0,0.0,0.009240273874573157,0.009240273874573157,0.019670159766363104,26.918916429079413,1,0.010429885891789947,True,False
2025-01-24,BTCUSDT,1.0,-0.0011790732379457491,0.0,0.0,-0.0011790732379457491,-0.0011790732379457491,0.04388846769438137,26.887177055123388,1,0.04506754093232712,True,True
2025-01-25,BTCUSDT,1.0,-0.020304667873067395,0.0,0.0,-0.020304667873067395,-0.020304667873067395,-0.0020056157240273542,26.34124185497475,1,0.01829905214904004,True,False
2025-01-26,BTCUSDT,1.0,-0.0052345546677060595,0.0,0.0,-0.0052345546677060595,-0.0052345546677060595,0.018535445105413828,26.203357184469617,1,0.023769999773119888,True,True
2025-01-27,BTCUSDT,1.0,-0.0073206238502596666,0.0,0.0,-0.0073206238502596666,-0.0073206238502596666,0.0006546216286984485,26.011532262908116,1,0.007975245478958115,True,False
2025-01-28,BTCUSDT,1.0,0.023661199942527578,0.0,0.0,0.023661199942527578,0.023661199942527578,0.05440320232896645,26.62699632859229,1,0.03074200238643887,True,True
2025-01-29,BTCUSDT,1.0,0.00954081835292131,0.0,0.0,0.00954081835292131,0.00954081835292131,0.12295081967213117,26.881039663847293,1,0.11341000131920986,True,True
2025-01-30,BTCUSDT,1.0,-0.021899499765762886,0.0,0.0,-0.021899499765762886,-0.021899499765762886,0.03200000000000003,26.292358342025405,1,0.053899499765762915,True,True
2025-01-31,BTCUSDT,1.0,-0.01751359666096397,0.0,0.0,-0.01751359666096397,-0.01751359666096397,-0.01751359666096397,25.83188458275764,1,0.0,False,False
2025-02-01,BTCUSDT,1.0,-0.029165211334154395,0.0,0.0,-0.029165211334154395,-0.029165211334154395,-0.029165211334154395,25.07849220974203,1,0.0,False,False
2025-02-02,BTCUSDT,1.0,0.03713314320824468,0.0,0.0,0.03713314320824468,0.03713314320824468,0.06274875927472867,26.00973545241323,1,0.025615616066483993,True,True
2025-02-03,BTCUSDT,1.0,-0.03518644109279401,0.0,0.0,-0.03518644109279401,-0.03518644109279401,-0.03518644109279401,25.094545428077737,1,0.0,False,False
2025-02-04,BTCUSDT,1.0,-0.011770285996367091,0.0,0.0,-0.011770285996367091,-0.011770285996367091,0.022855446720094985,24.799175451440437,1,0.034625732716462077,True,True
2025-02-05,BTCUSDT,1.0,-0.0006011648811647952,0.0,0.0,-0.0006011648811647952,-0.0006011648811647952,0.003810025458695687,24.784267058077187,1,0.004411190339860482,True,False
2025-02-06,BTCUSDT,1.0,-0.0004924687494659574,0.0,0.0,-0.0004924687494659574,-0.0004924687494659574,0.030881720430107285,24.772061581072666,1,0.03137418917957324,True,True
2025-02-07,BTCUSDT,1.0,-0.0006430634939713631,0.0,0.0,-0.0006430634939713631,-0.0006430634939713631,0.06003011891779608,24.756131572599468,1,0.060673182411767446,True,True
2025-02-08,BTCUSDT,1.0,0.00018673905907151678,0.0,0.0,0.00018673905907151678,0.00018673905907151678,0.023975546852612606,24.760754509315586,1,0.02378880779354109,True,True
2025-02-09,CASH,0.0,0.0,1.0,0.0015,-0.0015,0.0,0.0,24.723613377551615,0,0.0,False,False
2025-02-10,BTCUSDT,1.0,-0.016961983897908373,1.0,0.0015,-0.018461983897908374,-0.016961983897908373,0.09268361185226803,24.267166425477146,1,0.1096455957501764,True,True
2025-02-11,BTCUSDT,1.0,0.021839938524633062,0.0,0.0,0.021839938524633062,0.021839938524633062,0.08692035766271577,24.797159848376605,1,0.06508041913808271,True,True
2025-02-12,BTCUSDT,1.0,-0.0128931248485874,0.0,0.0,-0.0128931248485874,-0.0128931248485874,0.03744673877417237,24.477446970561108,1,0.05033986362275977,True,True
2025-02-13,BTCUSDT,1.0,0.009236695789816451,0.0,0.0,0.009236695789816451,0.009236695789816451,0.06972928630024611,24.703537701939545,1,0.060492590510429656,True,True
2025-02-14,BTCUSDT,1.0,0.0007095349684433927,0.0,0.0,0.0007095349684433927,0.0007095349684433927,0.07165158914418401,24.72106572578333,1,0.07094205417574062,True,True
2025-02-15,BTCUSDT,1.0,-0.014876960727340904,0.0,0.0,-0.014876960727340904,-0.014876960727340904,0.016444934386372845,24.35329140184284,1,0.03132189511371375,True,True
2025-02-16,BTCUSDT,1.0,-0.0035177550289164916,0.0,0.0,-0.0035177550289164916,-0.0035177550289164916,0.04861291158931813,24.26762248854334,1,0.05213066661823462,True,True
2025-02-17,BTCUSDT,1.0,-0.0011302986009604776,0.0,0.0,-0.0011302986009604776,-0.0011302986009604776,0.06082904096149133,24.2401928287959,1,0.06195933956245181,True,True
2025-02-18,CASH,0.0,0.0,1.0,0.0015,-0.0015,0.0,0.0,24.20383253955271,0,0.0,False,False
2025-02-19,BTCUSDT,1.0,0.017182894357943512,1.0,0.0015,0.01568289435794351,0.017182894357943512,0.05939342881213139,24.58341868832787,1,0.042210534454187876,True,True
2025-02-20,BTCUSDT,1.0,-0.02159625654849706,0.0,0.0,-0.02159625654849706,-0.02159625654849706,0.00277392510402219,24.052508871495625,1,0.02437018165251925,True,True
2025-02-21,BTCUSDT,1.0,0.0038367893861199764,0.0,0.0,0.0038367893861199764,0.0038367893861199764,0.05256723716381417,24.144793282243338,1,0.0487304477776942,True,True
2025-02-22,BTCUSDT,1.0,-0.003034768875022631,0.0,0.0,-0.003034768875022631,-0.003034768875022631,0.03137410643367744,24.07151941509653,1,0.03440887530870007,True,True
2025-02-23,ETHUSDT,1.0,-0.10858285839932758,2.0,0.003,-0.11158285839932758,-0.10858285839932758,-0.04888030085811046,21.38555047274515,1,0.059702557541217116,True,True
2025-02-24,CASH,0.0,0.0,1.0,0.0015,-0.0015,0.0,0.0,21.353472147036037,0,0.0,False,False
2025-02-25,CASH,0.0,0.0,0.0,0.0,0.0,0.0,0.0,21.353472147036037,0,0.0,False,False
2025-02-26,CASH,0.0,0.0,0.0,0.0,0.0,0.0,0.0,21.353472147036037,0,0.0,False,False
2025-02-27,CASH,0.0,0.0,0.0,0.0,0.0,0.0,0.0,21.353472147036037,0,0.0,False,False
2025-02-28,CASH,0.0,0.0,0.0,0.0,0.0,0.0,0.0,21.353472147036037,0,0.0,False,False
2025-03-01,CASH,0.0,0.0,0.0,0.0,0.0,0.0,0.0,21.353472147036037,0,0.0,False,False
2025-03-02,CASH,0.0,0.0,0.0,0.0,0.0,0.0,0.0,21.353472147036037,0,0.0,False,False
2025-03-03,CASH,0.0,0.0,0.0,0.0,0.0,0.0,0.0,21.353472147036037,0,0.0,False,False
2025-03-04,CASH,0.0,0.0,0.0,0.0,0.0,0.0,0.0,21.353472147036037,0,0.0,False,False
2025-03-05,CASH,0.0,0.0,0.0,0.0,0.0,0.0,0.0,21.353472147036037,0,0.0,False,False
2025-03-06,CASH,0.0,0.0,0.0,0.0,0.0,0.0,0.0,21.353472147036037,0,0.0,False,False
2025-03-07,CASH,0.0,0.0,0.0,0.0,0.0,0.0,0.0,21.353472147036037,0,0.0,False,False
2025-03-08,CASH,0.0,0.0,0.0,0.0,0.0,0.0,0.0,21.353472147036037,0,0.0,False,False
2025-03-09,CASH,0.0,0.0,0.0,0.0,0.0,0.0,0.0,21.353472147036037,0,0.0,False,False
2025-03-10,CASH,0.0,0.0,0.0,0.0,0.0,0.0,0.0,21.353472147036037,0,0.0,False,False
2025-03-11,CASH,0.0,0.0,0.0,0.0,0.0,0.0,0.0,21.353472147036037,0,0.0,False,False
2025-03-12,CASH,0.0,0.0,0.0,0.0,0.0,0.0,0.0,21.353472147036037,0,0.0,False,False
2025-03-13,CASH,0.0,0.0,0.0,0.0,0.0,0.0,0.0,21.353472147036037,0,0.0,False,False
2025-03-14,CASH,0.0,0.0,0.0,0.0,0.0,0.0,0.0,21.353472147036037,0,0.0,False,False
2025-03-15,CASH,0.0,0.0,0.0,0.0,0.0,0.0,0.0,21.353472147036037,0,0.0,False,False
2025-03-16,CASH,0.0,0.0,0.0,0.0,0.0,0.0,0.0,21.353472147036037,0,0.0,False,False
2025-03-17,CASH,0.0,0.0,0.0,0.0,0.0,0.0,0.0,21.353472147036037,0,0.0,False,False
2025-03-18,CASH,0.0,0.0,0.0,0.0,0.0,0.0,0.0,21.353472147036037,0,0.0,False,False
2025-03-19,CASH,0.0,0.0,0.0,0.0,0.0,0.0,0.0,21.353472147036037,0,0.0,False,False
2025-03-20,CASH,0.0,0.0,0.0,0.0,0.0,0.0,0.0,21.353472147036037,0,0.0,False,False
2025-03-21,CASH,0.0,0.0,0.0,0.0,0.0,0.0,0.0,21.353472147036037,0,0.0,False,False
2025-03-22,CASH,0.0,0.0,0.0,0.0,0.0,0.0,0.0,21.353472147036037,0,0.0,False,False
2025-03-23,CASH,0.0,0.0,0.0,0.0,0.0,0.0,0.0,21.353472147036037,0,0.0,False,False
2025-03-24,CASH,0.0,0.0,0.0,0.0,0.0,0.0,0.0,21.353472147036037,0,0.0,False,False
2025-03-25,CASH,0.0,0.0,0.0,0.0,0.0,0.0,0.0,21.353472147036037,0,0.0,False,False
2025-03-26,CASH,0.0,0.0,0.0,0.0,0.0,0.0,0.0,21.353472147036037,0,0.0,False,False
2025-03-27,CASH,0.0,0.0,0.0,0.0,0.0,0.0,0.0,21.353472147036037,0,0.0,False,False
2025-03-28,CASH,0.0,0.0,0.0,0.0,0.0,0.0,0.0,21.353472147036037,0,0.0,False,False
2025-03-29,CASH,0.0,0.0,0.0,0.0,0.0,0.0,0.0,21.353472147036037,0,0.0,False,False
2025-03-30,CASH,0.0,0.0,0.0,0.0,0.0,0.0,0.0,21.353472147036037,0,0.0,False,False
2025-03-31,CASH,0.0,0.0,0.0,0.0,0.0,0.0,0.0,21.353472147036037,0,0.0,False,False
2025-04-01,CASH,0.0,0.0,0.0,0.0,0.0,0.0,0.0,21.353472147036037,0,0.0,False,False
2025-04-02,CASH,0.0,0.0,0.0,0.0,0.0,0.0,0.0,21.353472147036037,0,0.0,False,False
2025-04-03,CASH,0.0,0.0,0.0,0.0,0.0,0.0,0.0,21.353472147036037,0,0.0,False,False
2025-04-04,CASH,0.0,0.0,0.0,0.0,0.0,0.0,0.0,21.353472147036037,0,0.0,False,False
2025-04-05,CASH,0.0,0.0,0.0,0.0,0.0,0.0,0.0,21.353472147036037,0,0.0,False,False
2025-04-06,CASH,0.0,0.0,0.0,0.0,0.0,0.0,0.0,21.353472147036037,0,0.0,False,False
2025-04-07,CASH,0.0,0.0,0.0,0.0,0.0,0.0,0.0,21.353472147036037,0,0.0,False,False
2025-04-08,CASH,0.0,0.0,0.0,0.0,0.0,0.0,0.0,21.353472147036037,0,0.0,False,False
2025-04-09,CASH,0.0,0.0,0.0,0.0,0.0,0.0,0.0,21.353472147036037,0,0.0,False,False
2025-04-10,CASH,0.0,0.0,0.0,0.0,0.0,0.0,0.0,21.353472147036037,0,0.0,False,False
2025-04-11,CASH,0.0,0.0,0.0,0.0,0.0,0.0,0.0,21.353472147036037,0,0.0,False,False
2025-04-12,CASH,0.0,0.0,0.0,0.0,0.0,0.0,0.0,21.353472147036037,0,0.0,False,False
2025-04-13,CASH,0.0,0.0,0.0,0.0,0.0,0.0,0.0,21.353472147036037,0,0.0,False,False
2025-04-14,CASH,0.0,0.0,0.0,0.0,0.0,0.0,0.0,21.353472147036037,0,0.0,False,False
2025-04-15,CASH,0.0,0.0,0.0,0.0,0.0,0.0,0.0,21.353472147036037,0,0.0,False,False
2025-04-16,CASH,0.0,0.0,0.0,0.0,0.0,0.0,0.0,21.353472147036037,0,0.0,False,False
2025-04-17,CASH,0.0,0.0,0.0,0.0,0.0,0.0,0.0,21.353472147036037,0,0.0,False,False
2025-04-18,CASH,0.0,0.0,0.0,0.0,0.0,0.0,0.0,21.353472147036037,0,0.0,False,False
2025-04-19,CASH,0.0,0.0,0.0,0.0,0.0,0.0,0.0,21.353472147036037,0,0.0,False,False
2025-04-20,CASH,0.0,0.0,0.0,0.0,0.0,0.0,0.0,21.353472147036037,0,0.0,False,False
2025-04-21,CASH,0.0,0.0,0.0,0.0,0.0,0.0,0.0,21.353472147036037,0,0.0,False,False
2025-04-22,CASH,0.0,0.0,0.0,0.0,0.0,0.0,0.0,21.353472147036037,0,0.0,False,False
2025-04-23,CASH,0.0,0.0,0.0,0.0,0.0,0.0,0.0,21.353472147036037,0,0.0,False,False
2025-04-24,CASH,0.0,0.0,0.0,0.0,0.0,0.0,0.0,21.353472147036037,0,0.0,False,False
2025-04-25,CASH,0.0,0.0,0.0,0.0,0.0,0.0,0.0,21.353472147036037,0,0.0,False,False
2025-04-26,CASH,0.0,0.0,0.0,0.0,0.0,0.0,0.0,21.353472147036037,0,0.0,False,False
2025-04-27,CASH,0.0,0.0,0.0,0.0,0.0,0.0,0.0,21.353472147036037,0,0.0,False,False
2025-04-28,CASH,0.0,0.0,0.0,0.0,0.0,0.0,0.0,21.353472147036037,0,0.0,False,False
2025-04-29,CASH,0.0,0.0,0.0,0.0,0.0,0.0,0.0,21.353472147036037,0,0.0,False,False
2025-04-30,CASH,0.0,0.0,0.0,0.0,0.0,0.0,0.0,21.353472147036037,0,0.0,False,False
2025-05-01,CASH,0.0,0.0,0.0,0.0,0.0,0.0,0.0,21.353472147036037,0,0.0,False,False
2025-05-02,CASH,0.0,0.0,0.0,0.0,0.0,0.0,0.0,21.353472147036037,0,0.0,False,False
2025-05-03,CASH,0.0,0.0,0.0,0.0,0.0,0.0,0.0,21.353472147036037,0,0.0,False,False
2025-05-04,CASH,0.0,0.0,0.0,0.0,0.0,0.0,0.0,21.353472147036037,0,0.0,False,False
2025-05-05,CASH,0.0,0.0,0.0,0.0,0.0,0.0,0.0,21.353472147036037,0,0.0,False,False
2025-05-06,CASH,0.0,0.0,0.0,0.0,0.0,0.0,0.0,21.353472147036037,0,0.0,False,False
2025-05-07,CASH,0.0,0.0,0.0,0.0,0.0,0.0,0.0,21.353472147036037,0,0.0,False,False
2025-05-08,CASH,0.0,0.0,0.0,0.0,0.0,0.0,0.0,21.353472147036037,0,0.0,False,False
2025-05-09,CASH,0.0,0.0,0.0,0.0,0.0,0.0,0.0,21.353472147036037,0,0.0,False,False
2025-05-10,ETHUSDT,1.0,-0.02657912768123627,1.0,0.0015,-0.02807912768123627,-0.02657912768123627,-0.006597968715249425,20.75388527618169,1,0.019981158965986845,True,False
2025-05-11,ETHUSDT,1.0,-0.007595732073475969,0.0,0.0,-0.007595732073475969,-0.007595732073475969,0.07473595268272071,20.59624432414016,1,0.08233168475619668,True,True
2025-05-12,CASH,0.0,0.0,1.0,0.0015,-0.0015,0.0,0.0,20.56534995765395,0,0.0,False,False
2025-05-13,ETHUSDT,1.0,-0.026111034402976574,1.0,0.0015,-0.027611034402976575,-0.026111034402976574,-0.005724099004339123,19.997519372463916,1,0.02038693539863745,True,True
2025-05-14,ETHUSDT,1.0,-0.02339313494830897,0.0,0.0,-0.02339313494830897,-0.02339313494830897,0.0024721803627976158,19.529714703152443,1,0.025865315311106585,True,True
2025-05-15,CASH,0.0,0.0,1.0,0.0015,-0.0015,0.0,0.0,19.500420131097716,0,0.0,False,False
2025-05-16,CASH,0.0,0.0,0.0,0.0,0.0,0.0,0.0,19.500420131097716,0,0.0,False,False
2025-05-17,CASH,0.0,0.0,0.0,0.0,0.0,0.0,0.0,19.500420131097716,0,0.0,False,False
2025-05-18,CASH,0.0,0.0,0.0,0.0,0.0,0.0,0.0,19.500420131097716,0,0.0,False,False
2025-05-19,CASH,0.0,0.0,0.0,0.0,0.0,0.0,0.0,19.500420131097716,0,0.0,False,False
2025-05-20,CASH,0.0,0.0,0.0,0.0,0.0,0.0,0.0,19.500420131097716,0,0.0,False,False
2025-05-21,BTCUSDT,1.0,0.018717122570968137,1.0,0.0015,0.017217122570968135,0.018717122570968137,0.09020284851100557,19.8361612546802,1,0.07148572594003744,True,True
2025-05-22,CASH,0.0,0.0,1.0,0.0015,-0.0015,0.0,0.0,19.80640701279818,0,0.0,False,False
2025-05-23,CASH,0.0,0.0,0.0,0.0,0.0,0.0,0.0,19.80640701279818,0,0.0,False,False
2025-05-24,CASH,0.0,0.0,0.0,0.0,0.0,0.0,0.0,19.80640701279818,0,0.0,False,False
2025-05-25,CASH,0.0,0.0,0.0,0.0,0.0,0.0,0.0,19.80640701279818,0,0.0,False,False
2025-05-26,CASH,0.0,0.0,0.0,0.0,0.0,0.0,0.0,19.80640701279818,0,0.0,False,False
2025-05-27,CASH,0.0,0.0,0.0,0.0,0.0,0.0,0.0,19.80640701279818,0,0.0,False,False
2025-05-28,CASH,0.0,0.0,0.0,0.0,0.0,0.0,0.0,19.80640701279818,0,0.0,False,False
2025-05-29,CASH,0.0,0.0,0.0,0.0,0.0,0.0,0.0,19.80640701279818,0,0.0,False,False
2025-05-30,CASH,0.0,0.0,0.0,0.0,0.0,0.0,0.0,19.80640701279818,0,0.0,False,False
2025-05-31,CASH,0.0,0.0,0.0,0.0,0.0,0.0,0.0,19.80640701279818,0,0.0,False,False
2025-06-01,CASH,0.0,0.0,0.0,0.0,0.0,0.0,0.0,19.80640701279818,0,0.0,False,False
2025-06-02,CASH,0.0,0.0,0.0,0.0,0.0,0.0,0.0,19.80640701279818,0,0.0,False,False
2025-06-03,CASH,0.0,0.0,0.0,0.0,0.0,0.0,0.0,19.80640701279818,0,0.0,False,False
2025-06-04,CASH,0.0,0.0,0.0,0.0,0.0,0.0,0.0,19.80640701279818,0,0.0,False,False
2025-06-05,CASH,0.0,0.0,0.0,0.0,0.0,0.0,0.0,19.80640701279818,0,0.0,False,False
2025-06-06,CASH,0.0,0.0,0.0,0.0,0.0,0.0,0.0,19.80640701279818,0,0.0,False,False
2025-06-07,CASH,0.0,0.0,0.0,0.0,0.0,0.0,0.0,19.80640701279818,0,0.0,False,False
2025-06-08,CASH,0.0,0.0,0.0,0.0,0.0,0.0,0.0,19.80640701279818,0,0.0,False,False
2025-06-09,CASH,0.0,0.0,0.0,0.0,0.0,0.0,0.0,19.80640701279818,0,0.0,False,False
2025-06-10,CASH,0.0,0.0,0.0,0.0,0.0,0.0,0.0,19.80640701279818,0,0.0,False,False
2025-06-11,CASH,0.0,0.0,0.0,0.0,0.0,0.0,0.0,19.80640701279818,0,0.0,False,False
2025-06-12,CASH,0.0,0.0,0.0,0.0,0.0,0.0,0.0,19.80640701279818,0,0.0,False,False
2025-06-13,CASH,0.0,0.0,0.0,0.0,0.0,0.0,0.0,19.80640701279818,0,0.0,False,False
2025-06-14,CASH,0.0,0.0,0.0,0.0,0.0,0.0,0.0,19.80640701279818,0,0.0,False,False
2025-06-15,CASH,0.0,0.0,0.0,0.0,0.0,0.0,0.0,19.80640701279818,0,0.0,False,False
2025-06-16,CASH,0.0,0.0,0.0,0.0,0.0,0.0,0.0,19.80640701279818,0,0.0,False,False
2025-06-17,CASH,0.0,0.0,0.0,0.0,0.0,0.0,0.0,19.80640701279818,0,0.0,False,False
2025-06-18,CASH,0.0,0.0,0.0,0.0,0.0,0.0,0.0,19.80640701279818,0,0.0,False,False
2025-06-19,CASH,0.0,0.0,0.0,0.0,0.0,0.0,0.0,19.80640701279818,0,0.0,False,False
2025-06-20,CASH,0.0,0.0,0.0,0.0,0.0,0.0,0.0,19.80640701279818,0,0.0,False,False
2025-06-21,CASH,0.0,0.0,0.0,0.0,0.0,0.0,0.0,19.80640701279818,0,0.0,False,False
2025-06-22,CASH,0.0,0.0,0.0,0.0,0.0,0.0,0.0,19.80640701279818,0,0.0,False,False
2025-06-23,CASH,0.0,0.0,0.0,0.0,0.0,0.0,0.0,19.80640701279818,0,0.0,False,False
2025-06-24,CASH,0.0,0.0,0.0,0.0,0.0,0.0,0.0,19.80640701279818,0,0.0,False,False
2025-06-25,CASH,0.0,0.0,0.0,0.0,0.0,0.0,0.0,19.80640701279818,0,0.0,False,False
2025-06-26,CASH,0.0,0.0,0.0,0.0,0.0,0.0,0.0,19.80640701279818,0,0.0,False,False
2025-06-27,CASH,0.0,0.0,0.0,0.0,0.0,0.0,0.0,19.80640701279818,0,0.0,False,False
2025-06-28,CASH,0.0,0.0,0.0,0.0,0.0,0.0,0.0,19.80640701279818,0,0.0,False,False
2025-06-29,CASH,0.0,0.0,0.0,0.0,0.0,0.0,0.0,19.80640701279818,0,0.0,False,False
2025-06-30,CASH,0.0,0.0,0.0,0.0,0.0,0.0,0.0,19.80640701279818,0,0.0,False,False
2025-07-01,CASH,0.0,0.0,0.0,0.0,0.0,0.0,0.0,19.80640701279818,0,0.0,False,False
2025-07-02,CASH,0.0,0.0,0.0,0.0,0.0,0.0,0.0,19.80640701279818,0,0.0,False,False
2025-07-03,CASH,0.0,0.0,0.0,0.0,0.0,0.0,0.0,19.80640701279818,0,0.0,False,False
2025-07-04,CASH,0.0,0.0,0.0,0.0,0.0,0.0,0.0,19.80640701279818,0,0.0,False,False
2025-07-05,CASH,0.0,0.0,0.0,0.0,0.0,0.0,0.0,19.80640701279818,0,0.0,False,False
2025-07-06,CASH,0.0,0.0,0.0,0.0,0.0,0.0,0.0,19.80640701279818,0,0.0,False,False
2025-07-07,CASH,0.0,0.0,0.0,0.0,0.0,0.0,0.0,19.80640701279818,0,0.0,False,False
2025-07-08,CASH,0.0,0.0,0.0,0.0,0.0,0.0,0.0,19.80640701279818,0,0.0,False,False
2025-07-09,CASH,0.0,0.0,0.0,0.0,0.0,0.0,0.0,19.80640701279818,0,0.0,False,False
2025-07-10,ETHUSDT,1.0,0.0023481257348481055,1.0,0.0015,0.0008481257348481055,0.0023481257348481055,0.07267088060932059,19.823205336300607,1,0.07032275487447248,True,True
2025-07-11,XRPUSDT,1.0,0.0026718395432252517,2.0,0.003,-0.0003281604567747483,0.0026718395432252517,0.0026718395432252517,19.816700144182708,1,0.0,False,False
2025-07-12,XRPUSDT,1.0,0.035261909107501266,0.0,0.0,0.035261909107501266,0.035261909107501266,0.03921568627450989,20.515474823477486,1,0.003953777167008621,True,False
2025-07-13,XRPUSDT,1.0,0.04305207855858395,0.0,0.0,0.04305207855858395,0.04305207855858395,0.04305207855858395,21.39870865724449,1,0.0,False,False
2025-07-14,XRPUSDT,1.0,-0.0132513014671084,0.0,0.0,-0.0132513014671084,-0.0132513014671084,0.05879586077140164,21.115147917820522,1,0.07204716223851004,True,True
2025-07-15,XRPUSDT,1.0,0.04076738609112707,0.0,0.0,0.04076738609112707,0.04076738609112707,0.07440031358651833,21.975957305357568,1,0.03363292749539126,True,True
2025-07-16,ETHUSDT,1.0,0.03129903451139748,2.0,0.003,0.028299034511397484,0.03129903451139748,0.14595128373930222,22.597855679562883,1,0.11465224922790473,True,True
2025-07-17,XRPUSDT,1.0,-0.019503647957718084,2.0,0.003,-0.022503647957718084,-0.019503647957718084,0.08036286997159348,22.08932149075068,1,0.09986651792931156,True,True
2025-07-18,ETHUSDT,1.0,0.012712437833387824,2.0,0.003,0.009712437833387825,0.012712437833387824,0.11235623709820097,22.303862652511317,1,0.09964379926481315,True,True
2025-07-19,ETHUSDT,1.0,0.04584619753285768,0.0,0.0,0.04584619753285768,0.04584619753285768,0.13386903036076703,23.32640994542408,1,0.08802283282790935,True,True
2025-07-20,ETHUSDT,1.0,0.0015013216421901898,0.0,0.0,0.0015013216421901898,0.0015013216421901898,0.07876315934520206,23.361430389509746,1,0.07726183770301187,True,True
2025-07-21,ETHUSDT,1.0,-0.004284578971009978,0.0,0.0,-0.004284578971009978,-0.004284578971009978,0.05099121193541789,23.261336496130138,1,0.05527579090642787,True,True
2025-07-22,ETHUSDT,1.0,-0.03147714623579567,0.0,0.0,-0.03147714623579567,-0.03147714623579567,-0.009990711471907332,22.529136005601398,1,0.02148643476388834,True,True
2025-07-23,ETHUSDT,1.0,0.0216768780885761,0.0,0.0,0.0216768780885761,0.0216768780885761,0.0216768780885761,23.01749734023577,1,0.0,False,False
2025-07-24,ETHUSDT,1.0,0.004861152325098317,0.0,0.0,0.004861152325098317,0.004861152325098317,0.02200000000000002,23.129388900949202,1,0.017138847674901703,True,False
2025-07-25,ETHUSDT,1.0,0.004332932434173653,0.0,0.0,0.004332932434173653,0.004332932434173653,0.03873386089129527,23.22960698030074,1,0.034400928457121616,True,True
2025-07-26,ETHUSDT,1.0,0.03501643901526297,0.0,0.0,0.03501643901526297,0.03501643901526297,0.0639236596956978,24.043025096474967,1,0.02890722068043483,True,True
2025-07-27,ETHUSDT,1.0,-0.01887864466310274,0.0,0.0,-0.01887864466310274,-0.01887864466310274,-0.011332108758030257,23.589125369052553,1,0.007546535905072482,True,False
2025-07-28,ETHUSDT,1.0,-0.001371413529876242,0.0,0.0,-0.001371413529876242,-0.001371413529876242,0.0014406915319353786,23.556774923363488,1,0.0028121050618116206,True,False
2025-07-29,ETHUSDT,1.0,0.004272772082798415,0.0,0.0,0.004272772082798415,0.004272772082798415,0.018245484703280468,23.6574276536168,1,0.013972712620482053,True,False
2025-07-30,ETHUSDT,1.0,-0.029293963254593214,0.0,0.0,-0.029293963254593214,-0.029293963254593214,-0.013068518355156211,22.96440783723355,1,0.016225444899437003,True,False
2025-07-31,ETHUSDT,1.0,-0.056832838072783054,0.0,0.0,-0.056832838072783054,-0.056832838072783054,0.0047129795456688495,21.659275365182708,1,0.0615458176184519,True,True
2025-08-01,ETHUSDT,1.0,-0.027022533111633495,0.0,0.0,-0.027022533111633495,-0.027022533111633495,-0.0046908715639365495,21.07398687945307,1,0.022331661547696946,True,True
2025-08-02,CASH,0.0,0.0,1.0,0.0015,-0.0015,0.0,0.0,21.04237589913389,0,0.0,False,False
2025-08-03,CASH,0.0,0.0,0.0,0.0,0.0,0.0,0.0,21.04237589913389,0,0.0,False,False
2025-08-04,ETHUSDT,1.0,-0.029290592019865613,1.0,0.0015,-0.030790592019865615,-0.029290592019865613,-0.00783699059561127,20.394468687695007,1,0.021453601424254343,True,True
2025-08-05,CASH,0.0,0.0,1.0,0.0015,-0.0015,0.0,0.0,20.363876984663467,0,0.0,False,False
2025-08-06,ETHUSDT,1.0,0.06162934968818812,1.0,0.0015,0.060129349688188116,0.06162934968818812,0.10997057643439878,21.588343664881542,1,0.048341226746210664,True,True
2025-08-07,BNBUSDT,1.0,0.006124234470691325,2.0,0.003,0.0031242344706913254,0.006124234470691325,0.07629870129870131,21.6557907123245,1,0.07017446682800998,True,True
2025-08-08,ETHUSDT,1.0,0.0626312507793989,2.0,0.003,0.0596312507793989,0.0626312507793989,0.1030668677727502,22.947152599117302,1,0.0404356169933513,True,True
2025-08-09,ETHUSDT,1.0,-0.0023588116283546068,0.0,0.0,-0.0023588116283546068,-0.0023588116283546068,0.029705441837243995,22.893024588728878,1,0.0320642534655986,True,True
2025-08-10,ETHUSDT,1.0,-0.006434431146881359,0.0,0.0,-0.006434431146881359,-0.006434431146881359,-0.0026386858601125107,22.74572099826884,1,0.003795745286768848,True,False
2025-08-11,ETHUSDT,1.0,0.08697155251206423,0.0,0.0,0.08697155251206423,0.08697155251206423,0.12007593735168487,24.723951666494543,1,0.03310438483962064,True,True
2025-08-12,ETHUSDT,1.0,0.03458867404999855,0.0,0.0,0.03458867404999855,0.03458867404999855,0.0750208060872668,25.57912037191484,1,0.040432132037268254,True,True
2025-08-13,ETHUSDT,1.0,-0.042629440128018836,0.0,0.0,-0.042629440128018836,-0.042629440128018836,0.023888520238885214,24.48869679149291,1,0.06651796036690405,True,True
2025-08-14,ETHUSDT,1.0,-0.023614202391111117,0.0,0.0,-0.023614202391111117,-0.023614202391111117,0.022518094897685748,23.91041574916404,1,0.046132297288796864,True,True
2025-08-15,ETHUSDT,1.0,-0.0039374069427207115,0.0,0.0,-0.0039374069427207115,-0.0039374069427207115,0.04044117647058809,23.816270712189944,1,0.0443785834133088,True,True
2025-08-16,ETHUSDT,1.0,0.011384014889224137,0.0,0.0,0.011384014889224137,0.011384014889224137,0.13250883392226154,24.08739549258331,1,0.1211248190330374,True,True
2025-08-17,ETHUSDT,1.0,-0.03562796126403911,0.0,0.0,-0.03562796126403911,-0.03562796126403911,0.00546021840873645,23.22921069902196,1,0.04108817967277556,True,True
2025-08-18,ETHUSDT,1.0,-0.05504302119875071,0.0,0.0,-0.05504302119875071,-0.05504302119875071,-0.027013305942218957,21.950604762085447,1,0.02802971525653175,True,True
2025-08-19,ETHUSDT,1.0,0.06393430153670998,0.0,0.0,0.06393430153670998,0.06393430153670998,0.12266553480475384,23.35400134585776,1,0.05873123326804386,True,True
2025-08-20,ETHUSDT,1.0,-0.025566399763846226,0.0,0.0,-0.025566399763846226,-0.025566399763846226,-0.011201102877821834,22.756923611364158,1,0.014365296886024392,True,False
2025-08-21,ETHUSDT,1.0,0.14360400444938803,0.0,0.0,0.14360400444938803,0.14360400444938803,0.14360400444938803,26.02490897090488,1,0.0,False,False
2025-08-22,ETHUSDT,1.0,-0.011107041081772406,0.0,0.0,-0.011107041081772406,-0.011107041081772406,0.040000000000000036,25.735849237815653,1,0.05110704108177244,True,True
2025-08-23,ETHUSDT,1.0,0.000366231374518744,0.0,0.0,0.000366231374518744,0.000366231374518744,0.009013422161261886,25.745274513256426,1,0.008647190786743142,True,False
2025-08-24,ETHUSDT,1.0,-0.0845099003169355,0.0,0.0,-0.0845099003169355,-0.0845099003169355,-0.029795603434519924,23.569543930508985,1,0.05471429688241558,True,True
2025-08-25,ETHUSDT,1.0,0.05128902376044864,0.0,0.0,0.05128902376044864,0.05128902376044864,0.05384130982367763,24.778402829183797,1,0.0025522860632289923,True,False
2025-08-26,ETHUSDT,1.0,-0.020414595392370227,0.0,0.0,-0.020414595392370227,-0.020414595392370227,0.036199326049218605,24.272561760956847,1,0.05661392144158883,True,True
2025-08-27,ETHUSDT,1.0,0.0009985111089907406,0.0,0.0,0.0009985111089907406,0.0009985111089907406,0.05887300252312855,24.296798183518828,1,0.05787449141413781,True,True
2025-08-28,ETHUSDT,1.0,-0.033478822754870574,0.0,0.0,-0.033478822754870574,-0.033478822754870574,-0.012788075148545519,23.48336998362194,1,0.020690747606325055,True,True
2025-08-29,BNBUSDT,1.0,-0.00034790676098794826,2.0,0.003,-0.0033479067609879483,-0.00034790676098794826,0.009803921568627416,23.404749850482993,1,0.010151828329615364,True,False
2025-08-30,BNBUSDT,1.0,-0.005046403712297032,0.0,0.0,-0.005046403712297032,-0.005046403712297032,0.004145231725998677,23.286640033952132,1,0.009191635438295709,True,False
2025-08-31,BNBUSDT,1.0,-0.013956742260828991,0.0,0.0,-0.013956742260828991,-0.013956742260828991,0.009155689776144893,22.96163440087756,1,0.023112432036973884,True,True
2025-09-01,BNBUSDT,1.0,0.007236779869454146,0.0,0.0,0.007236779869454146,0.007236779869454146,0.06248733022501529,23.1278026944796,1,0.055250550355561145,True,True
2025-09-02,SOLUSDT,1.0,0.005342237061769728,2.0,0.003,0.002342237061769728,0.005342237061769728,0.030253475061324586,23.181973491107907,1,0.02491123799955486,True,True
2025-09-03,SOLUSDT,1.0,-0.040091094558049156,0.0,0.0,-0.040091094558049156,-0.040091094558049156,-0.008726859173089796,22.25258279983371,1,0.03136423538495936,True,True
2025-09-04,SOLUSDT,1.0,0.0051403716884144135,0.0,0.0,0.0051403716884144135,0.0051403716884144135,0.026442604720128493,22.366969346452073,1,0.02130223303171408,True,True
2025-09-05,SOLUSDT,1.0,-0.015735641227380137,0.0,0.0,-0.015735641227380137,-0.015735641227380137,0.012597925047639347,22.015010741472494,1,0.028333566275019484,True,True
2025-09-06,SOLUSDT,1.0,0.030925259792166315,0.0,0.0,0.030925259792166315,0.030925259792166315,0.05936559388747398,22.695830667979862,1,0.028440334095307662,True,True
2025-09-07,SOLUSDT,1.0,0.03760600920765689,0.0,0.0,0.03760600920765689,0.03760600920765689,0.05625737640424888,23.549330285055333,1,0.018651367196591995,True,False
2025-09-08,SOLUSDT,1.0,0.014478539068703,0.0,0.0,0.014478539068703,0.014478539068703,0.025306445235270925,23.890290183629297,1,0.010827906166567924,True,False
2025-09-09,SOLUSDT,1.0,0.031582339671285764,0.0,0.0,0.031582339671285764,0.031582339671285764,0.13690705746239873,24.644801443054263,1,0.10532471779111297,True,True
2025-09-10,AVAXUSDT,1.0,-0.011194029850746356,2.0,0.003,-0.014194029850746356,-0.011194029850746356,0.043487120965112425,24.294992395705833,1,0.05468115081585878,True,True
2025-09-11,AVAXUSDT,1.0,-0.005488850771869669,0.0,0.0,-0.005488850771869669,-0.005488850771869669,0.07604577588563854,24.161640807942096,1,0.08153462665750821,True,True
2025-09-12,SOLUSDT,1.0,0.0008258320257659157,2.0,0.003,-0.0021741679742340843,0.0008258320257659157,0.050381125226860224,24.10910934229252,1,0.04955529320109431,True,True
2025-09-13,DOGEUSDT,1.0,-0.039463680973115034,2.0,0.003,-0.04246368097311504,-0.039463680973115034,-0.005609813602322822,23.085347814635462,1,0.03385386737079221,True,True
2025-09-14,DOGEUSDT,1.0,-0.034717225500071947,0.0,0.0,-0.034717225500071947,-0.034717225500071947,0.012567934782608647,22.28388858880717,1,0.047285160282680594,True,True
2025-09-15,AVAXUSDT,1.0,0.009057363300905674,2.0,0.003,0.006057363300905674,0.009057363300905674,0.039111430062630514,22.418870197746482,1,0.03005406676172484,True,True
2025-09-16,DOGEUSDT,1.0,0.04671235413965524,2.0,0.003,0.04371235413965524,0.04671235413965524,0.05784574468085113,23.398851791241338,1,0.011133390541195887,True,False
2025-09-17,AVAXUSDT,1.0,0.10590823381521042,2.0,0.003,0.10290823381521041,0.10590823381521042,0.10590823381521042,25.80678630238186,1,0.0,False,False
2025-09-18,AVAXUSDT,1.0,-0.040920716112531896,0.0,0.0,-0.040920716112531896,-0.040920716112531896,0.003119138873032723,24.750754126325315,1,0.04403985498556462,True,True
2025-09-19,AVAXUSDT,1.0,-0.01718518518518508,0.0,0.0,-0.01718518518518508,-0.01718518518518508,0.06063408190224573,24.32540783319143,1,0.07781926708743081,True,True
2025-09-20,AVAXUSDT,1.0,-0.003919204100090501,0.0,0.0,-0.003919204100090501,-0.003919204100090501,0.0038610038610038533,24.230071595075213,1,0.007780207961094354,True,False
2025-09-21,AVAXUSDT,1.0,0.024818401937046097,0.0,0.0,0.024818401937046097,0.024818401937046097,0.024818401937046097,24.831423250885194,1,0.0,False,False
2025-09-22,BNBUSDT,1.0,0.023245039782455512,2.0,0.003,0.020245039782455513,0.023245039782455512,0.023245039782455512,25.33413640245436,1,0.0,False,False
2025-09-23,BNBUSDT,1.0,0.00247052107324941,0.0,0.0,0.00247052107324941,0.00247052107324941,0.035756009487733165,25.396724920309197,1,0.033285488414483755,True,True
2025-09-24,BNBUSDT,1.0,-0.07127217743915015,0.0,0.0,-0.07127217743915015,-0.07127217743915015,-0.030705079605761854,23.586645035415632,1,0.0405670978333883,True,True
2025-09-25,BNBUSDT,1.0,0.015752193677978532,0.0,0.0,0.015752193677978532,0.015752193677978532,0.06449102417764863,23.95818643622723,1,0.048738830499670094,True,True
2025-09-26,BNBUSDT,1.0,0.007962114904246587,0.0,0.0,0.007962114904246587,0.007962114904246587,0.007962114904246587,24.14894426952983,1,0.0,False,False
2025-09-27,BNBUSDT,1.0,0.02536011151840567,0.0,0.0,0.02536011151840567,0.02536011151840567,0.04418928322894922,24.76136418925687,1,0.018829171710543546,True,False
2025-09-28,BNBUSDT,1.0,0.03703890192445192,0.0,0.0,0.03703890192445192,0.03703890192445192,0.03703890192445192,25.67849792897839,1,0.0,False,False
2025-09-29,BNBUSDT,1.0,-0.020664407306344,0.0,0.0,-0.020664407306344,-0.020664407306344,0.00136459496340402,25.14786698875887,1,0.02202900226974802,True,True
2025-09-30,BNBUSDT,1.0,0.017838196944006457,0.0,0.0,0.017838196944006457,0.017838196944006457,0.0769086826347305,25.59645959282603,1,0.05907048569072404,True,True
2025-10-01,BNBUSDT,1.0,0.06207501217730149,0.0,0.0,0.06207501217730149,0.06207501217730149,0.06207501217730149,27.18536013374651,1,0.0,False,False
2025-10-02,BNBUSDT,1.0,0.09097246427326611,0.0,0.0,0.09097246427326611,0.09097246427326611,0.09097246427326611,29.658479337269636,1,0.0,False,False
2025-10-03,BNBUSDT,1.0,-0.03249537581974116,0.0,0.0,-0.03249537581974116,-0.03249537581974116,0.0013008050265068682,28.694715904963033,1,0.033796180846248025,True,True
2025-10-04,BNBUSDT,1.0,0.01445144470997195,0.0,0.0,0.01445144470997195,0.01445144470997195,0.01445144470997195,29.10939600533196,1,0.0,False,False
2025-10-05,BNBUSDT,1.0,0.047807911733968256,0.0,0.0,0.047807911733968256,0.047807911733968256,0.06386066763425235,30.501055440183997,1,0.0160527559002841,True,False
2025-10-06,BNBUSDT,1.0,0.06641650111593456,0.0,0.0,0.06641650111593456,0.06641650111593456,0.06641650111593456,32.52682882286416,1,0.0,False,False
2025-10-07,BNBUSDT,1.0,0.0022768565580368882,0.0,0.0,0.0022768565580368882,0.0022768565580368882,0.041141973905532536,32.600887746381645,1,0.03886511734749565,True,True
2025-10-08,BNBUSDT,1.0,-0.039811840293712875,0.0,0.0,-0.039811840293712875,-0.039811840293712875,0.06155143338954483,31.302986409989437,1,0.1013632736832577,True,True
2025-10-09,BNBUSDT,1.0,-0.12178276974548918,0.0,0.0,-0.12178276974548918,-0.12178276974548918,-0.07305379476321361,27.490822023675516,1,0.048728974982275575,True,True
2025-10-10,BTCUSDT,1.0,-0.01888813517240162,2.0,0.003,-0.02188813517240162,-0.01888813517240162,0.03771760154738879,26.889099195220872,1,0.05660573671979041,True,True
2025-10-11,BTCUSDT,1.0,0.03899338782622541,0.0,0.0,0.03899338782622541,0.03899338782622541,0.14763847163611077,27.937596268437964,1,0.10864508380988536,True,True
2025-10-12,BTCUSDT,1.0,0.0018023848543999854,0.0,0.0,0.0018023848543999854,0.0018023848543999854,0.059340101522842525,27.987950568820537,1,0.05753771666844254,True,True
2025-10-13,BTCUSDT,1.0,-0.018563291249153346,0.0,0.0,-0.018563291249153346,-0.018563291249153346,-0.018563291249153346,27.468402090944615,1,0.0,False,False
2025-10-14,BTCUSDT,1.0,-0.020038018850880857,0.0,0.0,-0.020038018850880857,-0.020038018850880857,-0.018802013767594716,26.91798973204269,1,0.0012360050832861402,True,False
2025-10-15,CASH,0.0,0.0,1.0,0.0015,-0.0015,0.0,0.0,26.87761274744463,0,0.0,False,False
2025-10-16,CASH,0.0,0.0,0.0,0.0,0.0,0.0,0.0,26.87761274744463,0,0.0,False,False
2025-10-17,CASH,0.0,0.0,0.0,0.0,0.0,0.0,0.0,26.87761274744463,0,0.0,False,False
2025-10-18,CASH,0.0,0.0,0.0,0.0,0.0,0.0,0.0,26.87761274744463,0,0.0,False,False
2025-10-19,CASH,0.0,0.0,0.0,0.0,0.0,0.0,0.0,26.87761274744463,0,0.0,False,False
2025-10-20,CASH,0.0,0.0,0.0,0.0,0.0,0.0,0.0,26.87761274744463,0,0.0,False,False
2025-10-21,CASH,0.0,0.0,0.0,0.0,0.0,0.0,0.0,26.87761274744463,0,0.0,False,False
2025-10-22,CASH,0.0,0.0,0.0,0.0,0.0,0.0,0.0,26.87761274744463,0,0.0,False,False
2025-10-23,CASH,0.0,0.0,0.0,0.0,0.0,0.0,0.0,26.87761274744463,0,0.0,False,False
2025-10-24,CASH,0.0,0.0,0.0,0.0,0.0,0.0,0.0,26.87761274744463,0,0.0,False,False
2025-10-25,CASH,0.0,0.0,0.0,0.0,0.0,0.0,0.0,26.87761274744463,0,0.0,False,False
2025-10-26,CASH,0.0,0.0,0.0,0.0,0.0,0.0,0.0,26.87761274744463,0,0.0,False,False
2025-10-27,CASH,0.0,0.0,0.0,0.0,0.0,0.0,0.0,26.87761274744463,0,0.0,False,False
2025-10-28,CASH,0.0,0.0,0.0,0.0,0.0,0.0,0.0,26.87761274744463,0,0.0,False,False
2025-10-29,CASH,0.0,0.0,0.0,0.0,0.0,0.0,0.0,26.87761274744463,0,0.0,False,False
2025-10-30,CASH,0.0,0.0,0.0,0.0,0.0,0.0,0.0,26.87761274744463,0,0.0,False,False
2025-10-31,CASH,0.0,0.0,0.0,0.0,0.0,0.0,0.0,26.87761274744463,0,0.0,False,False
2025-11-01,CASH,0.0,0.0,0.0,0.0,0.0,0.0,0.0,26.87761274744463,0,0.0,False,False
2025-11-02,CASH,0.0,0.0,0.0,0.0,0.0,0.0,0.0,26.87761274744463,0,0.0,False,False
2025-11-03,CASH,0.0,0.0,0.0,0.0,0.0,0.0,0.0,26.87761274744463,0,0.0,False,False
2025-11-04,CASH,0.0,0.0,0.0,0.0,0.0,0.0,0.0,26.87761274744463,0,0.0,False,False
2025-11-05,CASH,0.0,0.0,0.0,0.0,0.0,0.0,0.0,26.87761274744463,0,0.0,False,False
2025-11-06,CASH,0.0,0.0,0.0,0.0,0.0,0.0,0.0,26.87761274744463,0,0.0,False,False
2025-11-07,CASH,0.0,0.0,0.0,0.0,0.0,0.0,0.0,26.87761274744463,0,0.0,False,False
2025-11-08,CASH,0.0,0.0,0.0,0.0,0.0,0.0,0.0,26.87761274744463,0,0.0,False,False
2025-11-09,CASH,0.0,0.0,0.0,0.0,0.0,0.0,0.0,26.87761274744463,0,0.0,False,False
2025-11-10,CASH,0.0,0.0,0.0,0.0,0.0,0.0,0.0,26.87761274744463,0,0.0,False,False
2025-11-11,CASH,0.0,0.0,0.0,0.0,0.0,0.0,0.0,26.87761274744463,0,0.0,False,False
2025-11-12,CASH,0.0,0.0,0.0,0.0,0.0,0.0,0.0,26.87761274744463,0,0.0,False,False
2025-11-13,CASH,0.0,0.0,0.0,0.0,0.0,0.0,0.0,26.87761274744463,0,0.0,False,False
2025-11-14,CASH,0.0,0.0,0.0,0.0,0.0,0.0,0.0,26.87761274744463,0,0.0,False,False
2025-11-15,CASH,0.0,0.0,0.0,0.0,0.0,0.0,0.0,26.87761274744463,0,0.0,False,False
2025-11-16,CASH,0.0,0.0,0.0,0.0,0.0,0.0,0.0,26.87761274744463,0,0.0,False,False
2025-11-17,CASH,0.0,0.0,0.0,0.0,0.0,0.0,0.0,26.87761274744463,0,0.0,False,False
2025-11-18,CASH,0.0,0.0,0.0,0.0,0.0,0.0,0.0,26.87761274744463,0,0.0,False,False
2025-11-19,CASH,0.0,0.0,0.0,0.0,0.0,0.0,0.0,26.87761274744463,0,0.0,False,False
2025-11-20,CASH,0.0,0.0,0.0,0.0,0.0,0.0,0.0,26.87761274744463,0,0.0,False,False
2025-11-21,CASH,0.0,0.0,0.0,0.0,0.0,0.0,0.0,26.87761274744463,0,0.0,False,False
2025-11-22,CASH,0.0,0.0,0.0,0.0,0.0,0.0,0.0,26.87761274744463,0,0.0,False,False
2025-11-23,CASH,0.0,0.0,0.0,0.0,0.0,0.0,0.0,26.87761274744463,0,0.0,False,False
2025-11-24,CASH,0.0,0.0,0.0,0.0,0.0,0.0,0.0,26.87761274744463,0,0.0,False,False
2025-11-25,CASH,0.0,0.0,0.0,0.0,0.0,0.0,0.0,26.87761274744463,0,0.0,False,False
2025-11-26,CASH,0.0,0.0,0.0,0.0,0.0,0.0,0.0,26.87761274744463,0,0.0,False,False
2025-11-27,CASH,0.0,0.0,0.0,0.0,0.0,0.0,0.0,26.87761274744463,0,0.0,False,False
2025-11-28,CASH,0.0,0.0,0.0,0.0,0.0,0.0,0.0,26.87761274744463,0,0.0,False,False
2025-11-29,CASH,0.0,0.0,0.0,0.0,0.0,0.0,0.0,26.87761274744463,0,0.0,False,False
2025-11-30,CASH,0.0,0.0,0.0,0.0,0.0,0.0,0.0,26.87761274744463,0,0.0,False,False
2025-12-01,CASH,0.0,0.0,0.0,0.0,0.0,0.0,0.0,26.87761274744463,0,0.0,False,False
2025-12-02,CASH,0.0,0.0,0.0,0.0,0.0,0.0,0.0,26.87761274744463,0,0.0,False,False
2025-12-03,CASH,0.0,0.0,0.0,0.0,0.0,0.0,0.0,26.87761274744463,0,0.0,False,False
2025-12-04,CASH,0.0,0.0,0.0,0.0,0.0,0.0,0.0,26.87761274744463,0,0.0,False,False
2025-12-05,CASH,0.0,0.0,0.0,0.0,0.0,0.0,0.0,26.87761274744463,0,0.0,False,False
2025-12-06,CASH,0.0,0.0,0.0,0.0,0.0,0.0,0.0,26.87761274744463,0,0.0,False,False
2025-12-07,CASH,0.0,0.0,0.0,0.0,0.0,0.0,0.0,26.87761274744463,0,0.0,False,False
2025-12-08,CASH,0.0,0.0,0.0,0.0,0.0,0.0,0.0,26.87761274744463,0,0.0,False,False
2025-12-09,CASH,0.0,0.0,0.0,0.0,0.0,0.0,0.0,26.87761274744463,0,0.0,False,False
2025-12-10,CASH,0.0,0.0,0.0,0.0,0.0,0.0,0.0,26.87761274744463,0,0.0,False,False
2025-12-11,CASH,0.0,0.0,0.0,0.0,0.0,0.0,0.0,26.87761274744463,0,0.0,False,False
2025-12-12,CASH,0.0,0.0,0.0,0.0,0.0,0.0,0.0,26.87761274744463,0,0.0,False,False
2025-12-13,CASH,0.0,0.0,0.0,0.0,0.0,0.0,0.0,26.87761274744463,0,0.0,False,False
2025-12-14,CASH,0.0,0.0,0.0,0.0,0.0,0.0,0.0,26.87761274744463,0,0.0,False,False
2025-12-15,CASH,0.0,0.0,0.0,0.0,0.0,0.0,0.0,26.87761274744463,0,0.0,False,False
2025-12-16,CASH,0.0,0.0,0.0,0.0,0.0,0.0,0.0,26.87761274744463,0,0.0,False,False
2025-12-17,CASH,0.0,0.0,0.0,0.0,0.0,0.0,0.0,26.87761274744463,0,0.0,False,False
2025-12-18,CASH,0.0,0.0,0.0,0.0,0.0,0.0,0.0,26.87761274744463,0,0.0,False,False
2025-12-19,CASH,0.0,0.0,0.0,0.0,0.0,0.0,0.0,26.87761274744463,0,0.0,False,False
2025-12-20,CASH,0.0,0.0,0.0,0.0,0.0,0.0,0.0,26.87761274744463,0,0.0,False,False
2025-12-21,CASH,0.0,0.0,0.0,0.0,0.0,0.0,0.0,26.87761274744463,0,0.0,False,False
2025-12-22,CASH,0.0,0.0,0.0,0.0,0.0,0.0,0.0,26.87761274744463,0,0.0,False,False
2025-12-23,CASH,0.0,0.0,0.0,0.0,0.0,0.0,0.0,26.87761274744463,0,0.0,False,False
2025-12-24,CASH,0.0,0.0,0.0,0.0,0.0,0.0,0.0,26.87761274744463,0,0.0,False,False
2025-12-25,CASH,0.0,0.0,0.0,0.0,0.0,0.0,0.0,26.87761274744463,0,0.0,False,False
2025-12-26,CASH,0.0,0.0,0.0,0.0,0.0,0.0,0.0,26.87761274744463,0,0.0,False,False
2025-12-27,CASH,0.0,0.0,0.0,0.0,0.0,0.0,0.0,26.87761274744463,0,0.0,False,False
2025-12-28,CASH,0.0,0.0,0.0,0.0,0.0,0.0,0.0,26.87761274744463,0,0.0,False,False
2025-12-29,CASH,0.0,0.0,0.0,0.0,0.0,0.0,0.0,26.87761274744463,0,0.0,False,False
2025-12-30,CASH,0.0,0.0,0.0,0.0,0.0,0.0,0.0,26.87761274744463,0,0.0,False,False
2025-12-31,CASH,0.0,0.0,0.0,0.0,0.0,0.0,0.0,26.87761274744463,0,0.0,False,False
2026-01-01,CASH,0.0,0.0,0.0,0.0,0.0,0.0,0.0,26.87761274744463,0,0.0,False,False
2026-01-02,CASH,0.0,0.0,0.0,0.0,0.0,0.0,0.0,26.87761274744463,0,0.0,False,False
2026-01-03,CASH,0.0,0.0,0.0,0.0,0.0,0.0,0.0,26.87761274744463,0,0.0,False,False
2026-01-04,CASH,0.0,0.0,0.0,0.0,0.0,0.0,0.0,26.87761274744463,0,0.0,False,False
2026-01-05,CASH,0.0,0.0,0.0,0.0,0.0,0.0,0.0,26.87761274744463,0,0.0,False,False
2026-01-06,CASH,0.0,0.0,0.0,0.0,0.0,0.0,0.0,26.87761274744463,0,0.0,False,False
2026-01-07,CASH,0.0,0.0,0.0,0.0,0.0,0.0,0.0,26.87761274744463,0,0.0,False,False
2026-01-08,CASH,0.0,0.0,0.0,0.0,0.0,0.0,0.0,26.87761274744463,0,0.0,False,False
2026-01-09,CASH,0.0,0.0,0.0,0.0,0.0,0.0,0.0,26.87761274744463,0,0.0,False,False
2026-01-10,CASH,0.0,0.0,0.0,0.0,0.0,0.0,0.0,26.87761274744463,0,0.0,False,False
2026-01-11,CASH,0.0,0.0,0.0,0.0,0.0,0.0,0.0,26.87761274744463,0,0.0,False,False
2026-01-12,CASH,0.0,0.0,0.0,0.0,0.0,0.0,0.0,26.87761274744463,0,0.0,False,False
2026-01-13,CASH,0.0,0.0,0.0,0.0,0.0,0.0,0.0,26.87761274744463,0,0.0,False,False
2026-01-14,CASH,0.0,0.0,0.0,0.0,0.0,0.0,0.0,26.87761274744463,0,0.0,False,False
2026-01-15,CASH,0.0,0.0,0.0,0.0,0.0,0.0,0.0,26.87761274744463,0,0.0,False,False
2026-01-16,CASH,0.0,0.0,0.0,0.0,0.0,0.0,0.0,26.87761274744463,0,0.0,False,False
2026-01-17,CASH,0.0,0.0,0.0,0.0,0.0,0.0,0.0,26.87761274744463,0,0.0,False,False
2026-01-18,CASH,0.0,0.0,0.0,0.0,0.0,0.0,0.0,26.87761274744463,0,0.0,False,False
2026-01-19,CASH,0.0,0.0,0.0,0.0,0.0,0.0,0.0,26.87761274744463,0,0.0,False,False
2026-01-20,CASH,0.0,0.0,0.0,0.0,0.0,0.0,0.0,26.87761274744463,0,0.0,False,False
2026-01-21,CASH,0.0,0.0,0.0,0.0,0.0,0.0,0.0,26.87761274744463,0,0.0,False,False
2026-01-22,CASH,0.0,0.0,0.0,0.0,0.0,0.0,0.0,26.87761274744463,0,0.0,False,False
2026-01-23,CASH,0.0,0.0,0.0,0.0,0.0,0.0,0.0,26.87761274744463,0,0.0,False,False
2026-01-24,CASH,0.0,0.0,0.0,0.0,0.0,0.0,0.0,26.87761274744463,0,0.0,False,False
2026-01-25,CASH,0.0,0.0,0.0,0.0,0.0,0.0,0.0,26.87761274744463,0,0.0,False,False
2026-01-26,CASH,0.0,0.0,0.0,0.0,0.0,0.0,0.0,26.87761274744463,0,0.0,False,False
2026-01-27,CASH,0.0,0.0,0.0,0.0,0.0,0.0,0.0,26.87761274744463,0,0.0,False,False
2026-01-28,CASH,0.0,0.0,0.0,0.0,0.0,0.0,0.0,26.87761274744463,0,0.0,False,False
2026-01-29,CASH,0.0,0.0,0.0,0.0,0.0,0.0,0.0,26.87761274744463,0,0.0,False,False
2026-01-30,CASH,0.0,0.0,0.0,0.0,0.0,0.0,0.0,26.87761274744463,0,0.0,False,False
2026-01-31,CASH,0.0,0.0,0.0,0.0,0.0,0.0,0.0,26.87761274744463,0,0.0,False,False
2026-02-01,CASH,0.0,0.0,0.0,0.0,0.0,0.0,0.0,26.87761274744463,0,0.0,False,False
2026-02-02,CASH,0.0,0.0,0.0,0.0,0.0,0.0,0.0,26.87761274744463,0,0.0,False,False
2026-02-03,CASH,0.0,0.0,0.0,0.0,0.0,0.0,0.0,26.87761274744463,0,0.0,False,False
2026-02-04,CASH,0.0,0.0,0.0,0.0,0.0,0.0,0.0,26.87761274744463,0,0.0,False,False
2026-02-05,CASH,0.0,0.0,0.0,0.0,0.0,0.0,0.0,26.87761274744463,0,0.0,False,False
2026-02-06,CASH,0.0,0.0,0.0,0.0,0.0,0.0,0.0,26.87761274744463,0,0.0,False,False
2026-02-07,CASH,0.0,0.0,0.0,0.0,0.0,0.0,0.0,26.87761274744463,0,0.0,False,False
2026-02-08,CASH,0.0,0.0,0.0,0.0,0.0,0.0,0.0,26.87761274744463,0,0.0,False,False
2026-02-09,CASH,0.0,0.0,0.0,0.0,0.0,0.0,0.0,26.87761274744463,0,0.0,False,False
2026-02-10,CASH,0.0,0.0,0.0,0.0,0.0,0.0,0.0,26.87761274744463,0,0.0,False,False
2026-02-11,CASH,0.0,0.0,0.0,0.0,0.0,0.0,0.0,26.87761274744463,0,0.0,False,False
2026-02-12,CASH,0.0,0.0,0.0,0.0,0.0,0.0,0.0,26.87761274744463,0,0.0,False,False
2026-02-13,CASH,0.0,0.0,0.0,0.0,0.0,0.0,0.0,26.87761274744463,0,0.0,False,False
2026-02-14,CASH,0.0,0.0,0.0,0.0,0.0,0.0,0.0,26.87761274744463,0,0.0,False,False
2026-02-15,CASH,0.0,0.0,0.0,0.0,0.0,0.0,0.0,26.87761274744463,0,0.0,False,False
2026-02-16,CASH,0.0,0.0,0.0,0.0,0.0,0.0,0.0,26.87761274744463,0,0.0,False,False
2026-02-17,CASH,0.0,0.0,0.0,0.0,0.0,0.0,0.0,26.87761274744463,0,0.0,False,False
2026-02-18,CASH,0.0,0.0,0.0,0.0,0.0,0.0,0.0,26.87761274744463,0,0.0,False,False
2026-02-19,CASH,0.0,0.0,0.0,0.0,0.0,0.0,0.0,26.87761274744463,0,0.0,False,False
2026-02-20,CASH,0.0,0.0,0.0,0.0,0.0,0.0,0.0,26.87761274744463,0,0.0,False,False
2026-02-21,CASH,0.0,0.0,0.0,0.0,0.0,0.0,0.0,26.87761274744463,0,0.0,False,False
2026-02-22,CASH,0.0,0.0,0.0,0.0,0.0,0.0,0.0,26.87761274744463,0,0.0,False,False
2026-02-23,CASH,0.0,0.0,0.0,0.0,0.0,0.0,0.0,26.87761274744463,0,0.0,False,False
2026-02-24,CASH,0.0,0.0,0.0,0.0,0.0,0.0,0.0,26.87761274744463,0,0.0,False,False
2026-02-25,CASH,0.0,0.0,0.0,0.0,0.0,0.0,0.0,26.87761274744463,0,0.0,False,False
2026-02-26,CASH,0.0,0.0,0.0,0.0,0.0,0.0,0.0,26.87761274744463,0,0.0,False,False
2026-02-27,CASH,0.0,0.0,0.0,0.0,0.0,0.0,0.0,26.87761274744463,0,0.0,False,False
2026-02-28,CASH,0.0,0.0,0.0,0.0,0.0,0.0,0.0,26.87761274744463,0,0.0,False,False
2026-03-01,CASH,0.0,0.0,0.0,0.0,0.0,0.0,0.0,26.87761274744463,0,0.0,False,False
2026-03-02,CASH,0.0,0.0,0.0,0.0,0.0,0.0,0.0,26.87761274744463,0,0.0,False,False
2026-03-03,CASH,0.0,0.0,0.0,0.0,0.0,0.0,0.0,26.87761274744463,0,0.0,False,False
2026-03-04,CASH,0.0,0.0,0.0,0.0,0.0,0.0,0.0,26.87761274744463,0,0.0,False,False
2026-03-05,CASH,0.0,0.0,0.0,0.0,0.0,0.0,0.0,26.87761274744463,0,0.0,False,False
2026-03-06,CASH,0.0,0.0,0.0,0.0,0.0,0.0,0.0,26.87761274744463,0,0.0,False,False
2026-03-07,CASH,0.0,0.0,0.0,0.0,0.0,0.0,0.0,26.87761274744463,0,0.0,False,False
2026-03-08,CASH,0.0,0.0,0.0,0.0,0.0,0.0,0.0,26.87761274744463,0,0.0,False,False
2026-03-09,CASH,0.0,0.0,0.0,0.0,0.0,0.0,0.0,26.87761274744463,0,0.0,False,False
2026-03-10,CASH,0.0,0.0,0.0,0.0,0.0,0.0,0.0,26.87761274744463,0,0.0,False,False
2026-03-11,CASH,0.0,0.0,0.0,0.0,0.0,0.0,0.0,26.87761274744463,0,0.0,False,False
2026-03-12,CASH,0.0,0.0,0.0,0.0,0.0,0.0,0.0,26.87761274744463,0,0.0,False,False
2026-03-13,CASH,0.0,0.0,0.0,0.0,0.0,0.0,0.0,26.87761274744463,0,0.0,False,False
2026-03-14,CASH,0.0,0.0,0.0,0.0,0.0,0.0,0.0,26.87761274744463,0,0.0,False,False
2026-03-15,CASH,0.0,0.0,0.0,0.0,0.0,0.0,0.0,26.87761274744463,0,0.0,False,False
2026-03-16,CASH,0.0,0.0,0.0,0.0,0.0,0.0,0.0,26.87761274744463,0,0.0,False,False
