ts,selected,gross_exposure,raw_strategy_ret,turnover,cost,strategy_ret,selected_ret_next,kill_day,equity
2018-05-04,CASH,0.0,0.0,0.0,0.0,0.0,0.0,0,1.0
2018-05-05,CASH,0.0,0.0,0.0,0.0,0.0,0.0,0,1.0
2018-05-06,CASH,0.0,0.0,0.0,0.0,0.0,0.0,1,1.0
2018-05-07,CASH,0.0,0.0,0.0,0.0,0.0,0.0,1,1.0
2018-05-08,CASH,0.0,0.0,0.0,0.0,0.0,0.0,1,1.0
2018-05-09,CASH,0.0,0.0,0.0,0.0,0.0,0.0,1,1.0
2018-05-10,CASH,0.0,0.0,0.0,0.0,0.0,0.0,1,1.0
2018-05-11,CASH,0.0,0.0,0.0,0.0,0.0,0.0,1,1.0
2018-05-12,CASH,0.0,0.0,0.0,0.0,0.0,0.0,1,1.0
2018-05-13,CASH,0.0,0.0,0.0,0.0,0.0,0.0,1,1.0
2018-05-14,CASH,0.0,0.0,0.0,0.0,0.0,0.0,0,1.0
2018-05-15,CASH,0.0,0.0,0.0,0.0,0.0,0.0,1,1.0
2018-05-16,CASH,0.0,0.0,0.0,0.0,0.0,0.0,1,1.0
2018-05-17,CASH,0.0,0.0,0.0,0.0,0.0,0.0,1,1.0
2018-05-18,CASH,0.0,0.0,0.0,0.0,0.0,0.0,1,1.0
2018-05-19,CASH,0.0,0.0,0.0,0.0,0.0,0.0,1,1.0
2018-05-20,CASH,0.0,0.0,0.0,0.0,0.0,0.0,0,1.0
2018-05-21,CASH,0.0,0.0,0.0,0.0,0.0,0.0,0,1.0
2018-05-22,CASH,0.0,0.0,0.0,0.0,0.0,0.0,1,1.0
2018-05-23,CASH,0.0,0.0,0.0,0.0,0.0,0.0,1,1.0
2018-05-24,CASH,0.0,0.0,0.0,0.0,0.0,0.0,1,1.0
2018-05-25,CASH,0.0,0.0,0.0,0.0,0.0,0.0,1,1.0
2018-05-26,CASH,0.0,0.0,0.0,0.0,0.0,0.0,1,1.0
2018-05-27,CASH,0.0,0.0,0.0,0.0,0.0,0.0,1,1.0
2018-05-28,CASH,0.0,0.0,0.0,0.0,0.0,0.0,1,1.0
2018-05-29,CASH,0.0,0.0,0.0,0.0,0.0,0.0,0,1.0
2018-05-30,CASH,0.0,0.0,0.0,0.0,0.0,0.0,0,1.0
2018-05-31,CASH,0.0,0.0,0.0,0.0,0.0,0.0,0,1.0
2018-06-01,CASH,0.0,0.0,0.0,0.0,0.0,0.0,0,1.0
2018-06-02,CASH,0.0,0.0,0.0,0.0,0.0,0.0,0,1.0
2018-06-03,CASH,0.0,0.0,0.0,0.0,0.0,0.0,0,1.0
2018-06-04,CASH,0.0,0.0,0.0,0.0,0.0,0.0,1,1.0
2018-06-05,CASH,0.0,0.0,0.0,0.0,0.0,0.0,1,1.0
2018-06-06,CASH,0.0,0.0,0.0,0.0,0.0,0.0,1,1.0
2018-06-07,CASH,0.0,0.0,0.0,0.0,0.0,0.0,0,1.0
2018-06-08,CASH,0.0,0.0,0.0,0.0,0.0,0.0,1,1.0
2018-06-09,CASH,0.0,0.0,0.0,0.0,0.0,0.0,1,1.0
2018-06-10,CASH,0.0,0.0,0.0,0.0,0.0,0.0,1,1.0
2018-06-11,CASH,0.0,0.0,0.0,0.0,0.0,0.0,1,1.0
2018-06-12,CASH,0.0,0.0,0.0,0.0,0.0,0.0,1,1.0
2018-06-13,CASH,0.0,0.0,0.0,0.0,0.0,0.0,1,1.0
2018-06-14,CASH,0.0,0.0,0.0,0.0,0.0,0.0,1,1.0
2018-06-15,CASH,0.0,0.0,0.0,0.0,0.0,0.0,1,1.0
2018-06-16,CASH,0.0,0.0,0.0,0.0,0.0,0.0,0,1.0
2018-06-17,CASH,0.0,0.0,0.0,0.0,0.0,0.0,1,1.0
2018-06-18,CASH,0.0,0.0,0.0,0.0,0.0,0.0,0,1.0
2018-06-19,CASH,0.0,0.0,0.0,0.0,0.0,0.0,0,1.0
2018-06-20,CASH,0.0,0.0,0.0,0.0,0.0,0.0,0,1.0
2018-06-21,CASH,0.0,0.0,0.0,0.0,0.0,0.0,0,1.0
2018-06-22,CASH,0.0,0.0,0.0,0.0,0.0,0.0,1,1.0
2018-06-23,CASH,0.0,0.0,0.0,0.0,0.0,0.0,1,1.0
2018-06-24,CASH,0.0,0.0,0.0,0.0,0.0,0.0,1,1.0
2018-06-25,CASH,0.0,0.0,0.0,0.0,0.0,0.0,0,1.0
2018-06-26,CASH,0.0,0.0,0.0,0.0,0.0,0.0,1,1.0
2018-06-27,CASH,0.0,0.0,0.0,0.0,0.0,0.0,1,1.0
2018-06-28,CASH,0.0,0.0,0.0,0.0,0.0,0.0,1,1.0
2018-06-29,CASH,0.0,0.0,0.0,0.0,0.0,0.0,0,1.0
2018-06-30,CASH,0.0,0.0,0.0,0.0,0.0,0.0,0,1.0
2018-07-01,CASH,0.0,0.0,0.0,0.0,0.0,0.0,0,1.0
2018-07-02,CASH,0.0,0.0,0.0,0.0,0.0,0.0,0,1.0
2018-07-03,CASH,0.0,0.0,0.0,0.0,0.0,0.0,0,1.0
2018-07-04,CASH,0.0,0.0,0.0,0.0,0.0,0.0,0,1.0
2018-07-05,CASH,0.0,0.0,0.0,0.0,0.0,0.0,1,1.0
2018-07-06,CASH,0.0,0.0,0.0,0.0,0.0,0.0,0,1.0
2018-07-07,CASH,0.0,0.0,0.0,0.0,0.0,0.0,0,1.0
2018-07-08,CASH,0.0,0.0,0.0,0.0,0.0,0.0,0,1.0
2018-07-09,CASH,0.0,0.0,0.0,0.0,0.0,0.0,0,1.0
2018-07-10,CASH,0.0,0.0,0.0,0.0,0.0,0.0,1,1.0
2018-07-11,CASH,0.0,0.0,0.0,0.0,0.0,0.0,1,1.0
2018-07-12,CASH,0.0,0.0,0.0,0.0,0.0,0.0,1,1.0
2018-07-13,CASH,0.0,0.0,0.0,0.0,0.0,0.0,1,1.0
2018-07-14,CASH,0.0,0.0,0.0,0.0,0.0,0.0,1,1.0
2018-07-15,CASH,0.0,0.0,0.0,0.0,0.0,0.0,0,1.0
2018-07-16,CASH,0.0,0.0,0.0,0.0,0.0,0.0,0,1.0
2018-07-17,CASH,0.0,0.0,0.0,0.0,0.0,0.0,0,1.0
2018-07-18,CASH,0.0,0.0,0.0,0.0,0.0,0.0,0,1.0
2018-07-19,CASH,0.0,0.0,0.0,0.0,0.0,0.0,0,1.0
2018-07-20,CASH,0.0,0.0,0.0,0.0,0.0,0.0,0,1.0
2018-07-21,CASH,0.0,0.0,0.0,0.0,0.0,0.0,0,1.0
2018-07-22,CASH,0.0,0.0,0.0,0.0,0.0,0.0,1,1.0
2018-07-23,CASH,0.0,0.0,0.0,0.0,0.0,0.0,0,1.0
2018-07-24,CASH,0.0,0.0,0.0,0.0,0.0,0.0,0,1.0
2018-07-25,CASH,0.0,0.0,0.0,0.0,0.0,0.0,0,1.0
2018-07-26,CASH,0.0,0.0,0.0,0.0,0.0,0.0,0,1.0
2018-07-27,CASH,0.0,0.0,0.0,0.0,0.0,0.0,1,1.0
2018-07-28,CASH,0.0,0.0,0.0,0.0,0.0,0.0,0,1.0
2018-07-29,CASH,0.0,0.0,0.0,0.0,0.0,0.0,0,1.0
2018-07-30,CASH,0.0,0.0,0.0,0.0,0.0,0.0,1,1.0
2018-07-31,CASH,0.0,0.0,0.0,0.0,0.0,0.0,1,1.0
2018-08-01,CASH,0.0,0.0,0.0,0.0,0.0,0.0,1,1.0
2018-08-02,CASH,0.0,0.0,0.0,0.0,0.0,0.0,1,1.0
2018-08-03,CASH,0.0,0.0,0.0,0.0,0.0,0.0,1,1.0
2018-08-04,CASH,0.0,0.0,0.0,0.0,0.0,0.0,1,1.0
2018-08-05,CASH,0.0,0.0,0.0,0.0,0.0,0.0,1,1.0
2018-08-06,CASH,0.0,0.0,0.0,0.0,0.0,0.0,1,1.0
2018-08-07,CASH,0.0,0.0,0.0,0.0,0.0,0.0,1,1.0
2018-08-08,CASH,0.0,0.0,0.0,0.0,0.0,0.0,1,1.0
2018-08-09,CASH,0.0,0.0,0.0,0.0,0.0,0.0,1,1.0
2018-08-10,CASH,0.0,0.0,0.0,0.0,0.0,0.0,1,1.0
2018-08-11,CASH,0.0,0.0,0.0,0.0,0.0,0.0,1,1.0
2018-08-12,CASH,0.0,0.0,0.0,0.0,0.0,0.0,1,1.0
2018-08-13,CASH,0.0,0.0,0.0,0.0,0.0,0.0,0,1.0
2018-08-14,CASH,0.0,0.0,0.0,0.0,0.0,0.0,1,1.0
2018-08-15,CASH,0.0,0.0,0.0,0.0,0.0,0.0,1,1.0
2018-08-16,CASH,0.0,0.0,0.0,0.0,0.0,0.0,0,1.0
2018-08-17,CASH,0.0,0.0,0.0,0.0,0.0,0.0,0,1.0
2018-08-18,CASH,0.0,0.0,0.0,0.0,0.0,0.0,0,1.0
2018-08-19,CASH,0.0,0.0,0.0,0.0,0.0,0.0,0,1.0
2018-08-20,CASH,0.0,0.0,0.0,0.0,0.0,0.0,1,1.0
2018-08-21,CASH,0.0,0.0,0.0,0.0,0.0,0.0,0,1.0
2018-08-22,CASH,0.0,0.0,0.0,0.0,0.0,0.0,1,1.0
2018-08-23,CASH,0.0,0.0,0.0,0.0,0.0,0.0,0,1.0
2018-08-24,CASH,0.0,0.0,0.0,0.0,0.0,0.0,0,1.0
2018-08-25,CASH,0.0,0.0,0.0,0.0,0.0,0.0,0,1.0
2018-08-26,CASH,0.0,0.0,0.0,0.0,0.0,0.0,0,1.0
2018-08-27,CASH,0.0,0.0,0.0,0.0,0.0,0.0,0,1.0
2018-08-28,CASH,0.0,0.0,0.0,0.0,0.0,0.0,0,1.0
2018-08-29,CASH,0.0,0.0,0.0,0.0,0.0,0.0,0,1.0
2018-08-30,CASH,0.0,0.0,0.0,0.0,0.0,0.0,0,1.0
2018-08-31,CASH,0.0,0.0,0.0,0.0,0.0,0.0,1,1.0
2018-09-01,CASH,0.0,0.0,0.0,0.0,0.0,0.0,0,1.0
2018-09-02,CASH,0.0,0.0,0.0,0.0,0.0,0.0,0,1.0
2018-09-03,CASH,0.0,0.0,0.0,0.0,0.0,0.0,0,1.0
2018-09-04,CASH,0.0,0.0,0.0,0.0,0.0,0.0,0,1.0
2018-09-05,CASH,0.0,0.0,0.0,0.0,0.0,0.0,1,1.0
2018-09-06,CASH,0.0,0.0,0.0,0.0,0.0,0.0,1,1.0
2018-09-07,CASH,0.0,0.0,0.0,0.0,0.0,0.0,1,1.0
2018-09-08,CASH,0.0,0.0,0.0,0.0,0.0,0.0,1,1.0
2018-09-09,CASH,0.0,0.0,0.0,0.0,0.0,0.0,1,1.0
2018-09-10,CASH,0.0,0.0,0.0,0.0,0.0,0.0,1,1.0
2018-09-11,CASH,0.0,0.0,0.0,0.0,0.0,0.0,0,1.0
2018-09-12,CASH,0.0,0.0,0.0,0.0,0.0,0.0,0,1.0
2018-09-13,CASH,0.0,0.0,0.0,0.0,0.0,0.0,0,1.0
2018-09-14,CASH,0.0,0.0,0.0,0.0,0.0,0.0,0,1.0
2018-09-15,CASH,0.0,0.0,0.0,0.0,0.0,0.0,0,1.0
2018-09-16,CASH,0.0,0.0,0.0,0.0,0.0,0.0,0,1.0
2018-09-17,CASH,0.0,0.0,0.0,0.0,0.0,0.0,1,1.0
2018-09-18,CASH,0.0,0.0,0.0,0.0,0.0,0.0,1,1.0
2018-09-19,CASH,0.0,0.0,0.0,0.0,0.0,0.0,1,1.0
2018-09-20,CASH,0.0,0.0,0.0,0.0,0.0,0.0,0,1.0
2018-09-21,CASH,0.0,0.0,0.0,0.0,0.0,0.0,0,1.0
2018-09-22,CASH,0.0,0.0,0.0,0.0,0.0,0.0,0,1.0
2018-09-23,CASH,0.0,0.0,0.0,0.0,0.0,0.0,0,1.0
2018-09-24,CASH,0.0,0.0,0.0,0.0,0.0,0.0,1,1.0
2018-09-25,CASH,0.0,0.0,0.0,0.0,0.0,0.0,1,1.0
2018-09-26,CASH,0.0,0.0,0.0,0.0,0.0,0.0,1,1.0
2018-09-27,CASH,0.0,0.0,0.0,0.0,0.0,0.0,0,1.0
2018-09-28,CASH,0.0,0.0,0.0,0.0,0.0,0.0,0,1.0
2018-09-29,CASH,0.0,0.0,0.0,0.0,0.0,0.0,0,1.0
2018-09-30,CASH,0.0,0.0,0.0,0.0,0.0,0.0,1,1.0
2018-10-01,CASH,0.0,0.0,0.0,0.0,0.0,0.0,1,1.0
2018-10-02,CASH,0.0,0.0,0.0,0.0,0.0,0.0,1,1.0
2018-10-03,CASH,0.0,0.0,0.0,0.0,0.0,0.0,1,1.0
2018-10-04,CASH,0.0,0.0,0.0,0.0,0.0,0.0,1,1.0
2018-10-05,CASH,0.0,0.0,0.0,0.0,0.0,0.0,0,1.0
2018-10-06,CASH,0.0,0.0,0.0,0.0,0.0,0.0,0,1.0
2018-10-07,CASH,0.0,0.0,0.0,0.0,0.0,0.0,0,1.0
2018-10-08,CASH,0.0,0.0,0.0,0.0,0.0,0.0,0,1.0
2018-10-09,CASH,0.0,0.0,0.0,0.0,0.0,0.0,0,1.0
2018-10-10,CASH,0.0,0.0,0.0,0.0,0.0,0.0,0,1.0
2018-10-11,CASH,0.0,0.0,0.0,0.0,0.0,0.0,1,1.0
2018-10-12,CASH,0.0,0.0,0.0,0.0,0.0,0.0,1,1.0
2018-10-13,CASH,0.0,0.0,0.0,0.0,0.0,0.0,1,1.0
2018-10-14,CASH,0.0,0.0,0.0,0.0,0.0,0.0,0,1.0
2018-10-15,CASH,0.0,0.0,0.0,0.0,0.0,0.0,0,1.0
2018-10-16,CASH,0.0,0.0,0.0,0.0,0.0,0.0,0,1.0
2018-10-17,CASH,0.0,0.0,0.0,0.0,0.0,0.0,0,1.0
2018-10-18,CASH,0.0,0.0,0.0,0.0,0.0,0.0,1,1.0
2018-10-19,CASH,0.0,0.0,0.0,0.0,0.0,0.0,1,1.0
2018-10-20,CASH,0.0,0.0,0.0,0.0,0.0,0.0,1,1.0
2018-10-21,CASH,0.0,0.0,0.0,0.0,0.0,0.0,1,1.0
2018-10-22,CASH,0.0,0.0,0.0,0.0,0.0,0.0,0,1.0
2018-10-23,CASH,0.0,0.0,0.0,0.0,0.0,0.0,1,1.0
2018-10-24,CASH,0.0,0.0,0.0,0.0,0.0,0.0,1,1.0
2018-10-25,CASH,0.0,0.0,0.0,0.0,0.0,0.0,1,1.0
2018-10-26,CASH,0.0,0.0,0.0,0.0,0.0,0.0,1,1.0
2018-10-27,CASH,0.0,0.0,0.0,0.0,0.0,0.0,1,1.0
2018-10-28,CASH,0.0,0.0,0.0,0.0,0.0,0.0,1,1.0
2018-10-29,CASH,0.0,0.0,0.0,0.0,0.0,0.0,1,1.0
2018-10-30,CASH,0.0,0.0,0.0,0.0,0.0,0.0,1,1.0
2018-10-31,CASH,0.0,0.0,0.0,0.0,0.0,0.0,1,1.0
2018-11-01,CASH,0.0,0.0,0.0,0.0,0.0,0.0,0,1.0
2018-11-02,CASH,0.0,0.0,0.0,0.0,0.0,0.0,0,1.0
2018-11-03,CASH,0.0,0.0,0.0,0.0,0.0,0.0,0,1.0
2018-11-04,CASH,0.0,0.0,0.0,0.0,0.0,0.0,0,1.0
2018-11-05,CASH,0.0,0.0,0.0,0.0,0.0,0.0,0,1.0
2018-11-06,CASH,0.0,0.0,0.0,0.0,0.0,0.0,0,1.0
2018-11-07,CASH,0.0,0.0,0.0,0.0,0.0,0.0,0,1.0
2018-11-08,CASH,0.0,0.0,0.0,0.0,0.0,0.0,0,1.0
2018-11-09,CASH,0.0,0.0,0.0,0.0,0.0,0.0,1,1.0
2018-11-10,CASH,0.0,0.0,0.0,0.0,0.0,0.0,1,1.0
2018-11-11,CASH,0.0,0.0,0.0,0.0,0.0,0.0,1,1.0
2018-11-12,CASH,0.0,0.0,0.0,0.0,0.0,0.0,0,1.0
2018-11-13,CASH,0.0,0.0,0.0,0.0,0.0,0.0,0,1.0
2018-11-14,CASH,0.0,0.0,0.0,0.0,0.0,0.0,1,1.0
2018-11-15,CASH,0.0,0.0,0.0,0.0,0.0,0.0,1,1.0
2018-11-16,CASH,0.0,0.0,0.0,0.0,0.0,0.0,1,1.0
2018-11-17,CASH,0.0,0.0,0.0,0.0,0.0,0.0,1,1.0
2018-11-18,CASH,0.0,0.0,0.0,0.0,0.0,0.0,1,1.0
2018-11-19,CASH,0.0,0.0,0.0,0.0,0.0,0.0,1,1.0
2018-11-20,CASH,0.0,0.0,0.0,0.0,0.0,0.0,1,1.0
2018-11-21,CASH,0.0,0.0,0.0,0.0,0.0,0.0,1,1.0
2018-11-22,CASH,0.0,0.0,0.0,0.0,0.0,0.0,1,1.0
2018-11-23,CASH,0.0,0.0,0.0,0.0,0.0,0.0,1,1.0
2018-11-24,CASH,0.0,0.0,0.0,0.0,0.0,0.0,1,1.0
2018-11-25,CASH,0.0,0.0,0.0,0.0,0.0,0.0,1,1.0
2018-11-26,CASH,0.0,0.0,0.0,0.0,0.0,0.0,1,1.0
2018-11-27,CASH,0.0,0.0,0.0,0.0,0.0,0.0,1,1.0
2018-11-28,CASH,0.0,0.0,0.0,0.0,0.0,0.0,0,1.0
2018-11-29,CASH,0.0,0.0,0.0,0.0,0.0,0.0,0,1.0
2018-11-30,CASH,0.0,0.0,0.0,0.0,0.0,0.0,0,1.0
2018-12-01,CASH,0.0,0.0,0.0,0.0,0.0,0.0,1,1.0
2018-12-02,CASH,0.0,0.0,0.0,0.0,0.0,0.0,1,1.0
2018-12-03,CASH,0.0,0.0,0.0,0.0,0.0,0.0,1,1.0
2018-12-04,CASH,0.0,0.0,0.0,0.0,0.0,0.0,1,1.0
2018-12-05,CASH,0.0,0.0,0.0,0.0,0.0,0.0,1,1.0
2018-12-06,CASH,0.0,0.0,0.0,0.0,0.0,0.0,1,1.0
2018-12-07,CASH,0.0,0.0,0.0,0.0,0.0,0.0,1,1.0
2018-12-08,CASH,0.0,0.0,0.0,0.0,0.0,0.0,1,1.0
2018-12-09,CASH,0.0,0.0,0.0,0.0,0.0,0.0,0,1.0
2018-12-10,CASH,0.0,0.0,0.0,0.0,0.0,0.0,0,1.0
2018-12-11,CASH,0.0,0.0,0.0,0.0,0.0,0.0,1,1.0
2018-12-12,CASH,0.0,0.0,0.0,0.0,0.0,0.0,1,1.0
2018-12-13,CASH,0.0,0.0,0.0,0.0,0.0,0.0,1,1.0
2018-12-14,CASH,0.0,0.0,0.0,0.0,0.0,0.0,1,1.0
2018-12-15,CASH,0.0,0.0,0.0,0.0,0.0,0.0,1,1.0
2018-12-16,CASH,0.0,0.0,0.0,0.0,0.0,0.0,1,1.0
2018-12-17,CASH,0.0,0.0,0.0,0.0,0.0,0.0,0,1.0
2018-12-18,CASH,0.0,0.0,0.0,0.0,0.0,0.0,0,1.0
2018-12-19,CASH,0.0,0.0,0.0,0.0,0.0,0.0,0,1.0
2018-12-20,CASH,0.0,0.0,0.0,0.0,0.0,0.0,0,1.0
2018-12-21,CASH,0.0,0.0,0.0,0.0,0.0,0.0,0,1.0
2018-12-22,CASH,0.0,0.0,0.0,0.0,0.0,0.0,0,1.0
2018-12-23,CASH,0.0,0.0,0.0,0.0,0.0,0.0,1,1.0
2018-12-24,CASH,0.0,0.0,0.0,0.0,0.0,0.0,0,1.0
2018-12-25,CASH,0.0,0.0,0.0,0.0,0.0,0.0,1,1.0
2018-12-26,CASH,0.0,0.0,0.0,0.0,0.0,0.0,1,1.0
2018-12-27,CASH,0.0,0.0,0.0,0.0,0.0,0.0,1,1.0
2018-12-28,CASH,0.0,0.0,0.0,0.0,0.0,0.0,0,1.0
2018-12-29,CASH,0.0,0.0,0.0,0.0,0.0,0.0,1,1.0
2018-12-30,CASH,0.0,0.0,0.0,0.0,0.0,0.0,0,1.0
2018-12-31,CASH,0.0,0.0,0.0,0.0,0.0,0.0,1,1.0
2019-01-01,CASH,0.0,0.0,0.0,0.0,0.0,0.0,0,1.0
2019-01-02,CASH,0.0,0.0,0.0,0.0,0.0,0.0,0,1.0
2019-01-03,CASH,0.0,0.0,0.0,0.0,0.0,0.0,0,1.0
2019-01-04,CASH,0.0,0.0,0.0,0.0,0.0,0.0,1,1.0
2019-01-05,CASH,0.0,0.0,0.0,0.0,0.0,0.0,1,1.0
2019-01-06,CASH,0.0,0.0,0.0,0.0,0.0,0.0,0,1.0
2019-01-07,CASH,0.0,0.0,0.0,0.0,0.0,0.0,0,1.0
2019-01-08,CASH,0.0,0.0,0.0,0.0,0.0,0.0,0,1.0
2019-01-09,CASH,0.0,0.0,0.0,0.0,0.0,0.0,1,1.0
2019-01-10,CASH,0.0,0.0,0.0,0.0,0.0,0.0,1,1.0
2019-01-11,CASH,0.0,0.0,0.0,0.0,0.0,0.0,1,1.0
2019-01-12,CASH,0.0,0.0,0.0,0.0,0.0,0.0,1,1.0
2019-01-13,CASH,0.0,0.0,0.0,0.0,0.0,0.0,1,1.0
2019-01-14,CASH,0.0,0.0,0.0,0.0,0.0,0.0,0,1.0
2019-01-15,CASH,0.0,0.0,0.0,0.0,0.0,0.0,1,1.0
2019-01-16,CASH,0.0,0.0,0.0,0.0,0.0,0.0,0,1.0
2019-01-17,CASH,0.0,0.0,0.0,0.0,0.0,0.0,1,1.0
2019-01-18,CASH,0.0,0.0,0.0,0.0,0.0,0.0,0,1.0
2019-01-19,CASH,0.0,0.0,0.0,0.0,0.0,0.0,0,1.0
2019-01-20,CASH,0.0,0.0,0.0,0.0,0.0,0.0,1,1.0
2019-01-21,CASH,0.0,0.0,0.0,0.0,0.0,0.0,1,1.0
2019-01-22,CASH,0.0,0.0,0.0,0.0,0.0,0.0,1,1.0
2019-01-23,CASH,0.0,0.0,0.0,0.0,0.0,0.0,0,1.0
2019-01-24,CASH,0.0,0.0,0.0,0.0,0.0,0.0,0,1.0
2019-01-25,CASH,0.0,0.0,0.0,0.0,0.0,0.0,1,1.0
2019-01-26,CASH,0.0,0.0,0.0,0.0,0.0,0.0,0,1.0
2019-01-27,CASH,0.0,0.0,0.0,0.0,0.0,0.0,1,1.0
2019-01-28,CASH,0.0,0.0,0.0,0.0,0.0,0.0,1,1.0
2019-01-29,CASH,0.0,0.0,0.0,0.0,0.0,0.0,1,1.0
2019-01-30,CASH,0.0,0.0,0.0,0.0,0.0,0.0,1,1.0
2019-01-31,CASH,0.0,0.0,0.0,0.0,0.0,0.0,1,1.0
2019-02-01,CASH,0.0,0.0,0.0,0.0,0.0,0.0,0,1.0
2019-02-02,CASH,0.0,0.0,0.0,0.0,0.0,0.0,0,1.0
2019-02-03,CASH,0.0,0.0,0.0,0.0,0.0,0.0,0,1.0
2019-02-04,CASH,0.0,0.0,0.0,0.0,0.0,0.0,0,1.0
2019-02-05,CASH,0.0,0.0,0.0,0.0,0.0,0.0,1,1.0
2019-02-06,CASH,0.0,0.0,0.0,0.0,0.0,0.0,1,1.0
2019-02-07,CASH,0.0,0.0,0.0,0.0,0.0,0.0,1,1.0
2019-02-08,CASH,0.0,0.0,0.0,0.0,0.0,0.0,0,1.0
2019-02-09,CASH,0.0,0.0,0.0,0.0,0.0,0.0,0,1.0
2019-02-10,CASH,0.0,0.0,0.0,0.0,0.0,0.0,0,1.0
2019-02-11,CASH,0.0,0.0,0.0,0.0,0.0,0.0,1,1.0
2019-02-12,CASH,0.0,0.0,0.0,0.0,0.0,0.0,1,1.0
2019-02-13,CASH,0.0,0.0,0.0,0.0,0.0,0.0,1,1.0
2019-02-14,CASH,0.0,0.0,0.0,0.0,0.0,0.0,1,1.0
2019-02-15,CASH,0.0,0.0,0.0,0.0,0.0,0.0,1,1.0
2019-02-16,CASH,0.0,0.0,0.0,0.0,0.0,0.0,0,1.0
2019-02-17,CASH,0.0,0.0,0.0,0.0,0.0,0.0,0,1.0
2019-02-18,CASH,0.0,0.0,0.0,0.0,0.0,0.0,0,1.0
2019-02-19,CASH,0.0,0.0,0.0,0.0,0.0,0.0,0,1.0
2019-02-20,CASH,0.0,0.0,0.0,0.0,0.0,0.0,0,1.0
2019-02-21,CASH,0.0,0.0,0.0,0.0,0.0,0.0,0,1.0
2019-02-22,CASH,0.0,0.0,0.0,0.0,0.0,0.0,0,1.0
2019-02-23,CASH,0.0,0.0,0.0,0.0,0.0,0.0,0,1.0
2019-02-24,CASH,0.0,0.0,0.0,0.0,0.0,0.0,1,1.0
2019-02-25,CASH,0.0,0.0,0.0,0.0,0.0,0.0,1,1.0
2019-02-26,CASH,0.0,0.0,0.0,0.0,0.0,0.0,1,1.0
2019-02-27,CASH,0.0,0.0,0.0,0.0,0.0,0.0,0,1.0
2019-02-28,CASH,0.0,0.0,0.0,0.0,0.0,0.0,1,1.0
2019-03-01,CASH,0.0,0.0,0.0,0.0,0.0,0.0,0,1.0
2019-03-02,CASH,0.0,0.0,0.0,0.0,0.0,0.0,0,1.0
2019-03-03,CASH,0.0,0.0,0.0,0.0,0.0,0.0,1,1.0
2019-03-04,CASH,0.0,0.0,0.0,0.0,0.0,0.0,1,1.0
2019-03-05,CASH,0.0,0.0,0.0,0.0,0.0,0.0,0,1.0
2019-03-06,CASH,0.0,0.0,0.0,0.0,0.0,0.0,0,1.0
2019-03-07,CASH,0.0,0.0,0.0,0.0,0.0,0.0,0,1.0
2019-03-08,CASH,0.0,0.0,0.0,0.0,0.0,0.0,0,1.0
2019-03-09,CASH,0.0,0.0,0.0,0.0,0.0,0.0,0,1.0
2019-03-10,CASH,0.0,0.0,0.0,0.0,0.0,0.0,0,1.0
2019-03-11,CASH,0.0,0.0,0.0,0.0,0.0,0.0,0,1.0
2019-03-12,CASH,0.0,0.0,0.0,0.0,0.0,0.0,1,1.0
2019-03-13,CASH,0.0,0.0,0.0,0.0,0.0,0.0,1,1.0
2019-03-14,CASH,0.0,0.0,0.0,0.0,0.0,0.0,0,1.0
2019-03-15,BNBUSDT,1.0,0.06797071577707592,1.0,0.0015,0.06647071577707592,0.06797071577707592,0,1.0664707157770759
2019-03-16,BNBUSDT,1.0,-0.02441271014919577,0.0,0.0,-0.02441271014919577,-0.02441271014919577,0,1.0404352753102049
2019-03-17,BNBUSDT,1.0,-0.001958983383967161,0.0,0.0,-0.001958983383967161,-0.001958983383967161,0,1.038397079893779
2019-03-18,BNBUSDT,1.0,-0.0027994439725075315,0.0,0.0,-0.0027994439725075315,-0.0027994439725075315,0,1.0354901454474008
2019-03-19,BNBUSDT,1.0,-0.02365233328815841,0.0,0.0,-0.02365233328815841,-0.02365233328815841,0,1.0109983874106752
2019-03-20,BNBUSDT,1.0,-0.051405266775950476,0.0,0.0,-0.051405266775950476,-0.051405266775950476,0,0.9590277455957736
2019-03-21,BNBUSDT,1.0,0.0556821428322567,0.0,0.0,0.0556821428322567,0.0556821428322567,1,1.0124284655061346
2019-03-22,BNBUSDT,1.0,-0.0006930601576217166,0.0,0.0,-0.0006930601576217166,-0.0006930601576217166,1,1.0117267916742503
2019-03-23,BNBUSDT,1.0,0.13011486357061242,0.0,0.0,0.13011486357061242,0.13011486357061242,1,1.1433674851436788
2019-03-24,BNBUSDT,1.0,-0.02025178846963105,0.0,0.0,-0.02025178846963105,-0.02025178846963105,0,1.120212248691495
2019-03-25,BNBUSDT,1.0,-0.033603569745452866,0.0,0.0,-0.033603569745452866,-0.033603569745452866,1,1.0825691182628796
2019-03-26,BNBUSDT,1.0,0.024704008691465384,0.0,0.0,0.024704008691465384,0.024704008691465384,1,1.1093129151695578
2019-03-27,BNBUSDT,1.0,0.004006024096385508,0.0,0.0,0.004006024096385508,0.004006024096385508,0,1.1137568494381587
2019-03-28,BNBUSDT,1.0,-0.011472114721147175,0.0,0.0,-0.011472114721147175,-0.011472114721147175,0,1.1009797030899406
2019-03-29,ADAUSDT,1.0,0.013779527559055094,2.0,0.003,0.010779527559055094,0.013779527559055094,0,1.1128477441413591
2019-03-30,ADAUSDT,1.0,-0.030651872399445224,0.0,0.0,-0.030651872399445224,-0.030651872399445224,0,1.0787368770879278
2019-03-31,BNBUSDT,1.0,0.020025545114496834,2.0,0.003,0.017025545114496835,0.020025545114496834,0,1.0971029604554599
2019-04-01,ADAUSDT,1.0,0.18502080443828017,2.0,0.003,0.18202080443828017,0.18502080443828017,0,1.2967985238691813
2019-04-02,ADAUSDT,1.0,0.060627340823970144,0.0,0.0,0.060627340823970144,0.060627340823970144,0,1.3754199699558194
2019-04-03,ADAUSDT,1.0,-0.03818141690576038,0.0,0.0,-0.03818141690576038,-0.03818141690576038,0,1.3229044866624278
2019-04-04,BNBUSDT,1.0,0.01967670598146576,2.0,0.003,0.01667670598146576,0.01967670598146576,0,1.344966175828059
2019-04-05,BNBUSDT,1.0,-0.015036895129016736,0.0,0.0,-0.015036895129016736,-0.015036895129016736,0,1.324742060490058
2019-04-06,BNBUSDT,1.0,-0.006406458884898658,0.0,0.0,-0.006406458884898658,-0.006406458884898658,0,1.3162551549464325
2019-04-07,BNBUSDT,1.0,-0.05142383774001058,0.0,0.0,-0.05142383774001058,-0.05142383774001058,0,1.2485682634340147
2019-04-08,BNBUSDT,1.0,0.017838766916791426,0.0,0.0,0.017838766916791426,0.017838766916791426,0,1.270841181665117
2019-04-09,BNBUSDT,1.0,-0.0031915358719889486,0.0,0.0,-0.0031915358719889486,-0.0031915358719889486,0,1.266785246446232
2019-04-10,BNBUSDT,1.0,-0.03752741228070178,0.0,0.0,-0.03752741228070178,-0.03752741228070178,0,1.2192460742317337
2019-04-11,BNBUSDT,1.0,0.04430520349747957,0.0,0.0,0.04430520349747957,0.04430520349747957,1,1.2732650196640738
2019-04-12,BNBUSDT,1.0,0.01515275482319045,0.0,0.0,0.01515275482319045,0.01515275482319045,1,1.2925584923319882
2019-04-13,BNBUSDT,1.0,0.04166868159324277,0.0,0.0,0.04166868159324277,0.04166868159324277,1,1.3464177005896116
2019-04-14,BNBUSDT,1.0,-0.006189842468509177,0.0,0.0,-0.006189842468509177,-0.006189842468509177,0,1.3380835871261496
2019-04-15,BNBUSDT,1.0,0.019422212533607208,0.0,0.0,0.019422212533607208,0.019422212533607208,1,1.3640721309430452
2019-04-16,BTCUSDT,1.0,0.00562457960616336,2.0,0.003,0.00262457960616336,0.00562457960616336,0,1.3676522468392542
2019-04-17,BTCUSDT,1.0,0.010690356383653565,0.0,0.0,0.010690356383653565,0.010690356383653565,0,1.3822729367668705
2019-04-18,BNBUSDT,1.0,0.11101567925148936,2.0,0.003,0.10801567925148936,0.11101567925148936,0,1.5315800869426948
2019-04-19,BNBUSDT,1.0,0.023438656512656975,0.0,0.0,0.023438656512656975,0.023438656512656975,0,1.5674782665221698
2019-04-20,BNBUSDT,1.0,-0.03571485969592747,0.0,0.0,-0.03571485969592747,-0.03571485969592747,0,1.5114960001569149
2019-04-21,BNBUSDT,1.0,-0.008329201371672368,0.0,0.0,-0.008329201371672368,-0.008329201371672368,1,1.4989064455991306
2019-04-22,BNBUSDT,1.0,-0.05268907563025216,0.0,0.0,-0.05268907563025216,-0.05268907563025216,0,1.4199304505242856
2019-04-23,BNBUSDT,1.0,0.01881930275880439,0.0,0.0,0.01881930275880439,0.01881930275880439,0,1.4466525515691475
2019-04-24,BNBUSDT,1.0,-0.021070686930514726,0.0,0.0,-0.021070686930514726,-0.021070686930514726,0,1.4161705885578038
2019-04-25,BNBUSDT,1.0,0.025313190698336152,0.0,0.0,0.025313190698336152,0.025313190698336152,1,1.4520183847273425
2019-04-26,BNBUSDT,1.0,-0.02702608921949201,0.0,0.0,-0.02702608921949201,-0.02702608921949201,1,1.4127760063133585
2019-04-27,BNBUSDT,1.0,0.026310158520711058,0.0,0.0,0.026310158520711058,0.026310158520711058,1,1.44994636699372
2019-04-28,BNBUSDT,1.0,-0.05836873333159598,0.0,0.0,-0.05836873333159598,-0.05836873333159598,0,1.3653148341535473
2019-04-29,BNBUSDT,1.0,0.016619923612008147,0.0,0.0,0.016619923612008147,0.016619923612008147,1,1.3880062624035208
2019-04-30,BNBUSDT,1.0,-0.007273436755584561,0.0,0.0,-0.007273436755584561,-0.007273436755584561,0,1.3779106866375734
2019-05-01,BNBUSDT,1.0,0.07942848785125323,0.0,0.0,0.07942848785125323,0.07942848785125323,0,1.487356048871278
2019-05-02,BNBUSDT,1.0,0.003527180034382571,0.0,0.0,0.003527180034382571,0.003527180034382571,0,1.492602221430875
2019-05-03,BNBUSDT,1.0,-0.03422377309608904,0.0,0.0,-0.03422377309608904,-0.03422377309608904,0,1.4415197416819063
2019-05-04,BNBUSDT,1.0,0.0038839956660026154,0.0,0.0,0.0038839956660026154,0.0038839956660026154,0,1.4471185981110561
2019-05-05,BNBUSDT,1.0,-0.034302824042441116,0.0,0.0,-0.034302824042441116,-0.034302824042441116,0,1.3974783434715086
2019-05-06,BNBUSDT,1.0,-0.06891998467743754,0.0,0.0,-0.06891998467743754,-0.06891998467743754,1,1.3011641574524013
2019-05-07,BTCUSDT,1.0,0.024109100736529054,2.0,0.003,0.021109100736529055,0.024109100736529054,0,1.3286305627268251
2019-05-08,BTCUSDT,1.0,0.037060172465339214,0.0,0.0,0.037060172465339214,0.037060172465339214,0,1.377869840524202
2019-05-09,BTCUSDT,1.0,0.026436663134262517,0.0,0.0,0.026436663134262517,0.026436663134262517,0,1.4142961213410004
2019-05-10,BTCUSDT,1.0,0.11028614554714733,0.0,0.0,0.11028614554714733,0.11028614554714733,0,1.57027338922598
2019-05-11,BTCUSDT,1.0,-0.015390985582698136,0.0,0.0,-0.015390985582698136,-0.015390985582698136,0,1.5461053341315083
2019-05-12,BTCUSDT,1.0,0.11818047424328748,0.0,0.0,0.11818047424328748,0.11818047424328748,0,1.7288247957492464
2019-05-13,BTCUSDT,1.0,0.020132953222491867,0.0,0.0,0.020132953222491867,0.020132953222491867,0,1.7636311444919501
2019-05-14,BTCUSDT,1.0,0.02797210716244969,0.0,0.0,0.02797210716244969,0.02797210716244969,0,1.8129636238607127
2019-05-15,ETHUSDT,1.0,0.06509471987101967,2.0,0.003,0.062094719871019666,0.06509471987101967,0,1.9255390922206925
2019-05-16,ETHUSDT,1.0,-0.07549668874172177,0.0,0.0,-0.07549668874172177,-0.07549668874172177,0,1.7801672667152895
2019-05-17,BTCUSDT,1.0,-0.013297966353330914,2.0,0.003,-0.016297966353330914,-0.013297966353330914,1,1.7511541604990626
2019-05-18,BTCUSDT,1.0,0.12277452824339119,0.0,0.0,0.12277452824339119,0.12277452824339119,1,1.9661512864357866
2019-05-19,BTCUSDT,1.0,-0.025812176013195076,0.0,0.0,-0.025812176013195076,-0.025812176013195076,0,1.915400643361736
2019-05-20,BTCUSDT,1.0,-0.004192412589835159,0.0,0.0,-0.004192412589835159,-0.004192412589835159,0,1.907370493589928
2019-05-21,BTCUSDT,1.0,-0.03497084708540421,0.0,0.0,-0.03497084708540421,-0.03497084708540421,0,1.8406681317233826
2019-05-22,BTCUSDT,1.0,0.02924323877914592,0.0,0.0,0.02924323877914592,0.02924323877914592,1,1.894495229412534
2019-05-23,BTCUSDT,1.0,0.014437987087833948,0.0,0.0,0.014437987087833948,0.014437987087833948,1,1.921847927072755
2019-05-24,BTCUSDT,1.0,0.007600877352675006,0.0,0.0,0.007600877352675006,0.007600877352675006,0,1.9364556574569278
2019-05-25,BTCUSDT,1.0,0.07339438109704055,0.0,0.0,0.07339438109704055,0.07339438109704055,0,2.0785806219578418
2019-05-26,BTCUSDT,1.0,0.016471200067793124,0.0,0.0,0.016471200067793124,0.016471200067793124,0,2.112817339239147
2019-05-27,BTCUSDT,1.0,-0.00464578727136522,0.0,0.0,-0.00464578727136522,-0.00464578727136522,0,2.10300163933779
2019-05-28,BTCUSDT,1.0,-0.008026949254443583,0.0,0.0,-0.008026949254443583,-0.008026949254443583,0,2.086120951896814
2019-05-29,BTCUSDT,1.0,-0.04350612097602491,0.0,0.0,-0.04350612097602491,-0.04350612097602491,0,1.995361921392971
2019-05-30,BTCUSDT,1.0,0.03451945331904782,0.0,0.0,0.03451945331904782,0.03451945331904782,1,2.0642407240931013
2019-05-31,BTCUSDT,1.0,-0.0012776154295733866,0.0,0.0,-0.0012776154295733866,-0.0012776154295733866,1,2.0616034182936462
2019-06-01,BTCUSDT,1.0,0.021290789986505354,0.0,0.0,0.021290789986505354,0.021290789986505354,1,2.105496583707998
2019-06-02,BTCUSDT,1.0,-0.06992452423681927,0.0,0.0,-0.06992452423681927,-0.06992452423681927,0,1.9582707368099679
2019-06-03,BTCUSDT,1.0,-0.05283384796607116,0.0,0.0,-0.05283384796607116,-0.05283384796607116,1,1.8548077584249438
2019-06-04,BTCUSDT,1.0,0.011639085576614194,0.0,0.0,0.011639085576614194,0.011639085576614194,1,1.8763960246534197
2019-06-05,BTCUSDT,1.0,0.0013116440558091913,0.0,0.0,0.0013116440558091913,0.0013116440558091913,1,1.8788571883455003
2019-06-06,BTCUSDT,1.0,0.024892444809739622,0.0,0.0,0.024892444809739622,0.024892444809739622,1,1.9256265372117731
2019-06-07,BTCUSDT,1.0,-0.01089025415605227,0.0,0.0,-0.01089025415605227,-0.01089025415605227,0,1.904655974811898
2019-06-08,BTCUSDT,1.0,-0.03363349135124316,0.0,0.0,-0.03363349135124316,-0.03363349135124316,0,1.8405957445559684
2019-06-09,CASH,0.0,0.0,1.0,0.0015,-0.0015,0.0,1,1.8378348509391345
2019-06-10,BTCUSDT,1.0,-0.012257680623845246,1.0,0.0015,-0.013757680623845246,-0.012257680623845246,0,1.8125505060205418
2019-06-11,BTCUSDT,1.0,0.03078542530659867,0.0,0.0,0.03078542530659867,0.03078542530659867,1,1.8683506442380748
2019-06-12,BTCUSDT,1.0,0.011184058349041015,0.0,0.0,0.011184058349041015,0.011184058349041015,0,1.8892463868597018
2019-06-13,BTCUSDT,1.0,0.052498375623894145,0.0,0.0,0.052498375623894145,0.052498375623894145,0,1.9884287533231473
2019-06-14,BTCUSDT,1.0,0.018346820809248543,0.0,0.0,0.018346820809248543,0.018346820809248543,0,2.0249100993523244
2019-06-15,LTCUSDT,1.0,-0.007924967282245232,2.0,0.003,-0.010924967282245231,-0.007924967282245232,0,2.002788022767412
2019-06-16,LTCUSDT,1.0,-0.019421033345547678,0.0,0.0,-0.019421033345547678,-0.019421033345547678,0,1.9638918097931828
2019-06-17,LTCUSDT,1.0,0.010612855007473776,0.0,0.0,0.010612855007473776,0.010612855007473776,0,1.984734308820883
2019-06-18,LTCUSDT,1.0,0.008948380417098223,0.0,0.0,0.008948380417098223,0.008948380417098223,0,2.002494466443079
2019-06-19,LTCUSDT,1.0,-0.00710987319504508,0.0,0.0,-0.00710987319504508,-0.00710987319504508,0,1.988256984712889
2019-06-20,LTCUSDT,1.0,0.020817953639450604,0.0,0.0,0.020817953639450604,0.020817953639450604,0,2.0296484264439556
2019-06-21,LTCUSDT,1.0,0.028782181081862923,0.0,0.0,0.028782181081862923,0.028782181081862923,0,2.088066134986384
2019-06-22,LTCUSDT,1.0,-0.03345986222409669,0.0,0.0,-0.03345986222409669,-0.03345986222409669,0,2.0181997297949374
2019-06-23,BTCUSDT,1.0,0.013801488528865091,2.0,0.003,0.010801488528865092,0.013801488528865091,0,2.039999291025276
2019-06-24,BTCUSDT,1.0,0.06912348201389396,0.0,0.0,0.06912348201389396,0.06912348201389396,0,2.1810111453268184
2019-06-25,BTCUSDT,1.0,0.10768590440966208,0.0,0.0,0.10768590440966208,0.10768590440966208,0,2.4158753030388898
2019-06-26,BTCUSDT,1.0,-0.13470573859383828,0.0,0.0,-0.13470573859383828,-0.13470573859383828,0,2.0904430359924233
2019-06-27,BTCUSDT,1.0,0.09449611164705352,0.0,0.0,0.09449611164705352,0.09449611164705352,0,2.287981774513369
2019-06-28,BTCUSDT,1.0,-0.040118929441488094,0.0,0.0,-0.040118929441488094,-0.040118929441488094,0,2.1961903951382564
2019-06-29,BTCUSDT,1.0,-0.08813060094277714,0.0,0.0,-0.08813060094277714,-0.08813060094277714,1,2.002638815829967
2019-06-30,BTCUSDT,1.0,-0.021113680544678992,0.0,0.0,-0.021113680544678992,-0.021113680544678992,1,1.9603557396261586
2019-07-01,ETHUSDT,1.0,-0.012166604534517123,2.0,0.003,-0.015166604534517122,-0.012166604534517123,1,1.9306237993762778
2019-07-02,ETHUSDT,1.0,0.033141210374639574,0.0,0.0,0.033141210374639574,0.033141210374639574,1,1.994607008865693
2019-07-03,ETHUSDT,1.0,-0.06113435611343554,0.0,0.0,-0.06113435611343554,-0.06113435611343554,0,1.8726679936793433
2019-07-04,BNBUSDT,1.0,-0.016083992166533556,2.0,0.003,-0.019083992166533555,-0.016083992166533556,0,1.8369300123574486
2019-07-05,ETHUSDT,1.0,0.002852471562249992,2.0,0.003,-0.00014752843775000819,0.002852471562249992,0,1.8366590129424694
2019-07-06,ETHUSDT,1.0,0.056991224114606887,0.0,0.0,0.056991224114606887,0.056991224114606887,1,1.9413324583711864
2019-07-07,ETHUSDT,1.0,0.02379233394591762,0.0,0.0,0.02379233394591762,0.02379233394591762,0,1.987521288520803
2019-07-08,ETHUSDT,1.0,-0.014456518254960526,0.0,0.0,-0.014456518254960526,-0.014456518254960526,0,1.9587886507311791
2019-07-09,ETHUSDT,1.0,-0.05929226566057366,0.0,0.0,-0.05929226566057366,-0.05929226566057366,0,1.8426476336791093
2019-07-10,XRPUSDT,1.0,-0.09069535874315426,2.0,0.003,-0.09369535874315427,-0.09069535874315426,0,1.670000102604321
2019-07-11,XRPUSDT,1.0,0.04444106463878339,0.0,0.0,0.04444106463878339,0.04444106463878339,1,1.7442166851109344
2019-07-12,ETHUSDT,1.0,-0.02122933508120306,2.0,0.003,-0.02422933508120306,-0.02122933508120306,1,1.7019554745931564
2019-07-13,BNBUSDT,1.0,-0.09349673534717118,2.0,0.003,-0.09649673534717118,-0.09349673534717118,1,1.5377223275886716
2019-07-14,BNBUSDT,1.0,0.0035838526941953663,0.0,0.0,0.0035838526941953663,0.0035838526941953663,1,1.5432332978953245
2019-07-15,BNBUSDT,1.0,-0.12521031870701993,0.0,0.0,-0.12521031870701993,-0.12521031870701993,1,1.3500045648265655
2019-07-16,BNBUSDT,1.0,0.1024975957797456,0.0,0.0,0.1024975957797456,0.1024975957797456,1,1.4883767870129703
2019-07-17,BNBUSDT,1.0,0.048022527299511175,0.0,0.0,0.048022527299511175,0.048022527299511175,1,1.5598524018992594
2019-07-18,BNBUSDT,1.0,0.0018683842447893007,0.0,0.0,0.0018683842447893007,0.0018683842447893007,1,1.5627668055511648
2019-07-19,BNBUSDT,1.0,0.07182449947603553,0.0,0.0,0.07182449947603553,0.07182449947603553,0,1.6750117491576402
2019-07-20,CASH,0.0,0.0,1.0,0.0015,-0.0015,0.0,0,1.6724992315339038
2019-07-21,BNBUSDT,1.0,0.014658922165131427,1.0,0.0015,0.013158922165131428,0.014658922165131427,1,1.6945075187429004
2019-07-22,BNBUSDT,1.0,-0.04507366035292226,0.0,0.0,-0.04507366035292226,-0.04507366035292226,1,1.61812986237761
2019-07-23,BNBUSDT,1.0,-0.022608831278036368,0.0,0.0,-0.022608831278036368,-0.022608831278036368,1,1.5815458373331623
2019-07-24,BNBUSDT,1.0,0.003351129705371214,0.0,0.0,0.003351129705371214,0.003351129705371214,1,1.5868458025690557
2019-07-25,BNBUSDT,1.0,-0.0007848506536388689,0.0,0.0,-0.0007848506536388689,-0.0007848506536388689,1,1.5856003656036852
2019-07-26,BNBUSDT,1.0,-0.039799307958477415,0.0,0.0,-0.039799307958477415,-0.039799307958477415,1,1.5224945683539497
2019-07-27,BNBUSDT,1.0,0.0002054068858154956,0.0,0.0,0.0002054068858154956,0.0002054068858154956,1,1.5228072992219064
2019-07-28,BNBUSDT,1.0,-0.028931202824665436,0.0,0.0,-0.028931202824665436,-0.028931202824665436,1,1.4787506523852365
2019-07-29,BNBUSDT,1.0,0.0012688989889619862,0.0,0.0,0.0012688989889619862,0.0012688989889619862,1,1.480627037592975
2019-07-30,BNBUSDT,1.0,0.02828430300851914,0.0,0.0,0.02828430300851914,0.02828430300851914,0,1.522505541366861
2019-07-31,BNBUSDT,1.0,0.034551351351351345,0.0,0.0,0.034551351351351345,0.034551351351351345,0,1.5751101652610067
2019-08-01,BNBUSDT,1.0,-0.01981274034442404,0.0,0.0,-0.01981274034442404,-0.01981274034442404,0,1.5439029165428275
2019-08-02,BNBUSDT,1.0,-0.014452736318407933,0.0,0.0,-0.014452736318407933,-0.014452736318407933,0,1.521589294788813
2019-08-03,BNBUSDT,1.0,-0.012616601702646224,0.0,0.0,-0.012616601702646224,-0.012616601702646224,0,1.5023920087014522
2019-08-04,BNBUSDT,1.0,0.02293360210930695,0.0,0.0,0.02293360210930695,0.02293360210930695,0,1.5368472692412136
2019-08-05,BNBUSDT,1.0,-0.012819780517931867,0.0,0.0,-0.012819780517931867,-0.012819780517931867,0,1.5171452245599584
2019-08-06,CASH,0.0,0.0,1.0,0.0015,-0.0015,0.0,0,1.5148695067231186
2019-08-07,CASH,0.0,0.0,0.0,0.0,0.0,0.0,0,1.5148695067231186
2019-08-08,CASH,0.0,0.0,0.0,0.0,0.0,0.0,0,1.5148695067231186
2019-08-09,CASH,0.0,0.0,0.0,0.0,0.0,0.0,0,1.5148695067231186
2019-08-10,CASH,0.0,0.0,0.0,0.0,0.0,0.0,1,1.5148695067231186
2019-08-11,CASH,0.0,0.0,0.0,0.0,0.0,0.0,1,1.5148695067231186
2019-08-12,CASH,0.0,0.0,0.0,0.0,0.0,0.0,1,1.5148695067231186
2019-08-13,CASH,0.0,0.0,0.0,0.0,0.0,0.0,1,1.5148695067231186
2019-08-14,CASH,0.0,0.0,0.0,0.0,0.0,0.0,1,1.5148695067231186
2019-08-15,CASH,0.0,0.0,0.0,0.0,0.0,0.0,1,1.5148695067231186
2019-08-16,CASH,0.0,0.0,0.0,0.0,0.0,0.0,1,1.5148695067231186
2019-08-17,CASH,0.0,0.0,0.0,0.0,0.0,0.0,0,1.5148695067231186
2019-08-18,CASH,0.0,0.0,0.0,0.0,0.0,0.0,0,1.5148695067231186
2019-08-19,CASH,0.0,0.0,0.0,0.0,0.0,0.0,0,1.5148695067231186
2019-08-20,CASH,0.0,0.0,0.0,0.0,0.0,0.0,0,1.5148695067231186
2019-08-21,CASH,0.0,0.0,0.0,0.0,0.0,0.0,1,1.5148695067231186
2019-08-22,CASH,0.0,0.0,0.0,0.0,0.0,0.0,1,1.5148695067231186
2019-08-23,CASH,0.0,0.0,0.0,0.0,0.0,0.0,1,1.5148695067231186
2019-08-24,CASH,0.0,0.0,0.0,0.0,0.0,0.0,1,1.5148695067231186
2019-08-25,CASH,0.0,0.0,0.0,0.0,0.0,0.0,0,1.5148695067231186
2019-08-26,CASH,0.0,0.0,0.0,0.0,0.0,0.0,1,1.5148695067231186
2019-08-27,CASH,0.0,0.0,0.0,0.0,0.0,0.0,0,1.5148695067231186
2019-08-28,CASH,0.0,0.0,0.0,0.0,0.0,0.0,1,1.5148695067231186
2019-08-29,CASH,0.0,0.0,0.0,0.0,0.0,0.0,1,1.5148695067231186
2019-08-30,CASH,0.0,0.0,0.0,0.0,0.0,0.0,1,1.5148695067231186
2019-08-31,CASH,0.0,0.0,0.0,0.0,0.0,0.0,1,1.5148695067231186
2019-09-01,CASH,0.0,0.0,0.0,0.0,0.0,0.0,0,1.5148695067231186
2019-09-02,CASH,0.0,0.0,0.0,0.0,0.0,0.0,0,1.5148695067231186
2019-09-03,CASH,0.0,0.0,0.0,0.0,0.0,0.0,0,1.5148695067231186
2019-09-04,CASH,0.0,0.0,0.0,0.0,0.0,0.0,0,1.5148695067231186
2019-09-05,CASH,0.0,0.0,0.0,0.0,0.0,0.0,0,1.5148695067231186
2019-09-06,CASH,0.0,0.0,0.0,0.0,0.0,0.0,1,1.5148695067231186
2019-09-07,CASH,0.0,0.0,0.0,0.0,0.0,0.0,1,1.5148695067231186
2019-09-08,CASH,0.0,0.0,0.0,0.0,0.0,0.0,1,1.5148695067231186
2019-09-09,CASH,0.0,0.0,0.0,0.0,0.0,0.0,0,1.5148695067231186
2019-09-10,CASH,0.0,0.0,0.0,0.0,0.0,0.0,1,1.5148695067231186
2019-09-11,CASH,0.0,0.0,0.0,0.0,0.0,0.0,1,1.5148695067231186
2019-09-12,CASH,0.0,0.0,0.0,0.0,0.0,0.0,0,1.5148695067231186
2019-09-13,CASH,0.0,0.0,0.0,0.0,0.0,0.0,0,1.5148695067231186
2019-09-14,CASH,0.0,0.0,0.0,0.0,0.0,0.0,0,1.5148695067231186
2019-09-15,CASH,0.0,0.0,0.0,0.0,0.0,0.0,1,1.5148695067231186
2019-09-16,CASH,0.0,0.0,0.0,0.0,0.0,0.0,1,1.5148695067231186
2019-09-17,CASH,0.0,0.0,0.0,0.0,0.0,0.0,1,1.5148695067231186
2019-09-18,CASH,0.0,0.0,0.0,0.0,0.0,0.0,1,1.5148695067231186
2019-09-19,CASH,0.0,0.0,0.0,0.0,0.0,0.0,1,1.5148695067231186
2019-09-20,CASH,0.0,0.0,0.0,0.0,0.0,0.0,1,1.5148695067231186
2019-09-21,CASH,0.0,0.0,0.0,0.0,0.0,0.0,1,1.5148695067231186
2019-09-22,CASH,0.0,0.0,0.0,0.0,0.0,0.0,1,1.5148695067231186
2019-09-23,CASH,0.0,0.0,0.0,0.0,0.0,0.0,1,1.5148695067231186
2019-09-24,CASH,0.0,0.0,0.0,0.0,0.0,0.0,1,1.5148695067231186
2019-09-25,CASH,0.0,0.0,0.0,0.0,0.0,0.0,1,1.5148695067231186
2019-09-26,CASH,0.0,0.0,0.0,0.0,0.0,0.0,1,1.5148695067231186
2019-09-27,CASH,0.0,0.0,0.0,0.0,0.0,0.0,1,1.5148695067231186
2019-09-28,CASH,0.0,0.0,0.0,0.0,0.0,0.0,1,1.5148695067231186
2019-09-29,CASH,0.0,0.0,0.0,0.0,0.0,0.0,1,1.5148695067231186
2019-09-30,CASH,0.0,0.0,0.0,0.0,0.0,0.0,0,1.5148695067231186
2019-10-01,CASH,0.0,0.0,0.0,0.0,0.0,0.0,0,1.5148695067231186
2019-10-02,CASH,0.0,0.0,0.0,0.0,0.0,0.0,0,1.5148695067231186
2019-10-03,CASH,0.0,0.0,0.0,0.0,0.0,0.0,1,1.5148695067231186
2019-10-04,CASH,0.0,0.0,0.0,0.0,0.0,0.0,1,1.5148695067231186
2019-10-05,CASH,0.0,0.0,0.0,0.0,0.0,0.0,1,1.5148695067231186
2019-10-06,CASH,0.0,0.0,0.0,0.0,0.0,0.0,1,1.5148695067231186
2019-10-07,CASH,0.0,0.0,0.0,0.0,0.0,0.0,0,1.5148695067231186
2019-10-08,CASH,0.0,0.0,0.0,0.0,0.0,0.0,0,1.5148695067231186
2019-10-09,CASH,0.0,0.0,0.0,0.0,0.0,0.0,0,1.5148695067231186
2019-10-10,CASH,0.0,0.0,0.0,0.0,0.0,0.0,0,1.5148695067231186
2019-10-11,CASH,0.0,0.0,0.0,0.0,0.0,0.0,0,1.5148695067231186
2019-10-12,CASH,0.0,0.0,0.0,0.0,0.0,0.0,1,1.5148695067231186
2019-10-13,CASH,0.0,0.0,0.0,0.0,0.0,0.0,1,1.5148695067231186
2019-10-14,CASH,0.0,0.0,0.0,0.0,0.0,0.0,0,1.5148695067231186
2019-10-15,CASH,0.0,0.0,0.0,0.0,0.0,0.0,1,1.5148695067231186
2019-10-16,CASH,0.0,0.0,0.0,0.0,0.0,0.0,1,1.5148695067231186
2019-10-17,CASH,0.0,0.0,0.0,0.0,0.0,0.0,1,1.5148695067231186
2019-10-18,CASH,0.0,0.0,0.0,0.0,0.0,0.0,1,1.5148695067231186
2019-10-19,CASH,0.0,0.0,0.0,0.0,0.0,0.0,1,1.5148695067231186
2019-10-20,CASH,0.0,0.0,0.0,0.0,0.0,0.0,0,1.5148695067231186
2019-10-21,CASH,0.0,0.0,0.0,0.0,0.0,0.0,0,1.5148695067231186
2019-10-22,CASH,0.0,0.0,0.0,0.0,0.0,0.0,0,1.5148695067231186
2019-10-23,CASH,0.0,0.0,0.0,0.0,0.0,0.0,1,1.5148695067231186
2019-10-24,CASH,0.0,0.0,0.0,0.0,0.0,0.0,1,1.5148695067231186
2019-10-25,CASH,0.0,0.0,0.0,0.0,0.0,0.0,0,1.5148695067231186
2019-10-26,CASH,0.0,0.0,0.0,0.0,0.0,0.0,0,1.5148695067231186
2019-10-27,CASH,0.0,0.0,0.0,0.0,0.0,0.0,0,1.5148695067231186
2019-10-28,CASH,0.0,0.0,0.0,0.0,0.0,0.0,0,1.5148695067231186
2019-10-29,CASH,0.0,0.0,0.0,0.0,0.0,0.0,0,1.5148695067231186
2019-10-30,CASH,0.0,0.0,0.0,0.0,0.0,0.0,1,1.5148695067231186
2019-10-31,CASH,0.0,0.0,0.0,0.0,0.0,0.0,1,1.5148695067231186
2019-11-01,CASH,0.0,0.0,0.0,0.0,0.0,0.0,1,1.5148695067231186
2019-11-02,CASH,0.0,0.0,0.0,0.0,0.0,0.0,0,1.5148695067231186
2019-11-03,CASH,0.0,0.0,0.0,0.0,0.0,0.0,0,1.5148695067231186
2019-11-04,CASH,0.0,0.0,0.0,0.0,0.0,0.0,0,1.5148695067231186
2019-11-05,CASH,0.0,0.0,0.0,0.0,0.0,0.0,0,1.5148695067231186
2019-11-06,CASH,0.0,0.0,0.0,0.0,0.0,0.0,0,1.5148695067231186
2019-11-07,CASH,0.0,0.0,0.0,0.0,0.0,0.0,1,1.5148695067231186
2019-11-08,CASH,0.0,0.0,0.0,0.0,0.0,0.0,1,1.5148695067231186
2019-11-09,CASH,0.0,0.0,0.0,0.0,0.0,0.0,1,1.5148695067231186
2019-11-10,CASH,0.0,0.0,0.0,0.0,0.0,0.0,1,1.5148695067231186
2019-11-11,CASH,0.0,0.0,0.0,0.0,0.0,0.0,1,1.5148695067231186
2019-11-12,CASH,0.0,0.0,0.0,0.0,0.0,0.0,0,1.5148695067231186
2019-11-13,CASH,0.0,0.0,0.0,0.0,0.0,0.0,1,1.5148695067231186
2019-11-14,CASH,0.0,0.0,0.0,0.0,0.0,0.0,1,1.5148695067231186
2019-11-15,CASH,0.0,0.0,0.0,0.0,0.0,0.0,1,1.5148695067231186
2019-11-16,CASH,0.0,0.0,0.0,0.0,0.0,0.0,1,1.5148695067231186
2019-11-17,CASH,0.0,0.0,0.0,0.0,0.0,0.0,1,1.5148695067231186
2019-11-18,CASH,0.0,0.0,0.0,0.0,0.0,0.0,1,1.5148695067231186
2019-11-19,CASH,0.0,0.0,0.0,0.0,0.0,0.0,1,1.5148695067231186
2019-11-20,CASH,0.0,0.0,0.0,0.0,0.0,0.0,1,1.5148695067231186
2019-11-21,CASH,0.0,0.0,0.0,0.0,0.0,0.0,1,1.5148695067231186
2019-11-22,CASH,0.0,0.0,0.0,0.0,0.0,0.0,1,1.5148695067231186
2019-11-23,CASH,0.0,0.0,0.0,0.0,0.0,0.0,1,1.5148695067231186
2019-11-24,CASH,0.0,0.0,0.0,0.0,0.0,0.0,1,1.5148695067231186
2019-11-25,CASH,0.0,0.0,0.0,0.0,0.0,0.0,1,1.5148695067231186
2019-11-26,CASH,0.0,0.0,0.0,0.0,0.0,0.0,1,1.5148695067231186
2019-11-27,CASH,0.0,0.0,0.0,0.0,0.0,0.0,0,1.5148695067231186
2019-11-28,CASH,0.0,0.0,0.0,0.0,0.0,0.0,0,1.5148695067231186
2019-11-29,CASH,0.0,0.0,0.0,0.0,0.0,0.0,0,1.5148695067231186
2019-11-30,CASH,0.0,0.0,0.0,0.0,0.0,0.0,0,1.5148695067231186
2019-12-01,CASH,0.0,0.0,0.0,0.0,0.0,0.0,1,1.5148695067231186
2019-12-02,CASH,0.0,0.0,0.0,0.0,0.0,0.0,1,1.5148695067231186
2019-12-03,CASH,0.0,0.0,0.0,0.0,0.0,0.0,1,1.5148695067231186
2019-12-04,CASH,0.0,0.0,0.0,0.0,0.0,0.0,1,1.5148695067231186
2019-12-05,CASH,0.0,0.0,0.0,0.0,0.0,0.0,0,1.5148695067231186
2019-12-06,CASH,0.0,0.0,0.0,0.0,0.0,0.0,0,1.5148695067231186
2019-12-07,CASH,0.0,0.0,0.0,0.0,0.0,0.0,0,1.5148695067231186
2019-12-08,CASH,0.0,0.0,0.0,0.0,0.0,0.0,0,1.5148695067231186
2019-12-09,CASH,0.0,0.0,0.0,0.0,0.0,0.0,1,1.5148695067231186
2019-12-10,CASH,0.0,0.0,0.0,0.0,0.0,0.0,1,1.5148695067231186
2019-12-11,CASH,0.0,0.0,0.0,0.0,0.0,0.0,1,1.5148695067231186
2019-12-12,CASH,0.0,0.0,0.0,0.0,0.0,0.0,1,1.5148695067231186
2019-12-13,CASH,0.0,0.0,0.0,0.0,0.0,0.0,0,1.5148695067231186
2019-12-14,CASH,0.0,0.0,0.0,0.0,0.0,0.0,1,1.5148695067231186
2019-12-15,CASH,0.0,0.0,0.0,0.0,0.0,0.0,1,1.5148695067231186
2019-12-16,CASH,0.0,0.0,0.0,0.0,0.0,0.0,1,1.5148695067231186
2019-12-17,CASH,0.0,0.0,0.0,0.0,0.0,0.0,1,1.5148695067231186
2019-12-18,CASH,0.0,0.0,0.0,0.0,0.0,0.0,0,1.5148695067231186
2019-12-19,CASH,0.0,0.0,0.0,0.0,0.0,0.0,0,1.5148695067231186
2019-12-20,CASH,0.0,0.0,0.0,0.0,0.0,0.0,0,1.5148695067231186
2019-12-21,CASH,0.0,0.0,0.0,0.0,0.0,0.0,1,1.5148695067231186
2019-12-22,CASH,0.0,0.0,0.0,0.0,0.0,0.0,0,1.5148695067231186
2019-12-23,CASH,0.0,0.0,0.0,0.0,0.0,0.0,0,1.5148695067231186
2019-12-24,CASH,0.0,0.0,0.0,0.0,0.0,0.0,0,1.5148695067231186
2019-12-25,CASH,0.0,0.0,0.0,0.0,0.0,0.0,1,1.5148695067231186
2019-12-26,CASH,0.0,0.0,0.0,0.0,0.0,0.0,1,1.5148695067231186
2019-12-27,CASH,0.0,0.0,0.0,0.0,0.0,0.0,1,1.5148695067231186
2019-12-28,CASH,0.0,0.0,0.0,0.0,0.0,0.0,0,1.5148695067231186
2019-12-29,CASH,0.0,0.0,0.0,0.0,0.0,0.0,0,1.5148695067231186
2019-12-30,CASH,0.0,0.0,0.0,0.0,0.0,0.0,1,1.5148695067231186
2019-12-31,CASH,0.0,0.0,0.0,0.0,0.0,0.0,1,1.5148695067231186
2020-01-01,CASH,0.0,0.0,0.0,0.0,0.0,0.0,1,1.5148695067231186
2020-01-02,CASH,0.0,0.0,0.0,0.0,0.0,0.0,1,1.5148695067231186
2020-01-03,CASH,0.0,0.0,0.0,0.0,0.0,0.0,0,1.5148695067231186
2020-01-04,CASH,0.0,0.0,0.0,0.0,0.0,0.0,0,1.5148695067231186
2020-01-05,CASH,0.0,0.0,0.0,0.0,0.0,0.0,0,1.5148695067231186
2020-01-06,CASH,0.0,0.0,0.0,0.0,0.0,0.0,0,1.5148695067231186
2020-01-07,CASH,0.0,0.0,0.0,0.0,0.0,0.0,0,1.5148695067231186
2020-01-08,CASH,0.0,0.0,0.0,0.0,0.0,0.0,0,1.5148695067231186
2020-01-09,CASH,0.0,0.0,0.0,0.0,0.0,0.0,0,1.5148695067231186
2020-01-10,CASH,0.0,0.0,0.0,0.0,0.0,0.0,0,1.5148695067231186
2020-01-11,CASH,0.0,0.0,0.0,0.0,0.0,0.0,1,1.5148695067231186
2020-01-12,CASH,0.0,0.0,0.0,0.0,0.0,0.0,0,1.5148695067231186
2020-01-13,CASH,0.0,0.0,0.0,0.0,0.0,0.0,1,1.5148695067231186
2020-01-14,CASH,0.0,0.0,0.0,0.0,0.0,0.0,0,1.5148695067231186
2020-01-15,CASH,0.0,0.0,0.0,0.0,0.0,0.0,0,1.5148695067231186
2020-01-16,CASH,0.0,0.0,0.0,0.0,0.0,0.0,0,1.5148695067231186
2020-01-17,CASH,0.0,0.0,0.0,0.0,0.0,0.0,0,1.5148695067231186
2020-01-18,CASH,0.0,0.0,0.0,0.0,0.0,0.0,0,1.5148695067231186
2020-01-19,CASH,0.0,0.0,0.0,0.0,0.0,0.0,1,1.5148695067231186
2020-01-20,CASH,0.0,0.0,0.0,0.0,0.0,0.0,1,1.5148695067231186
2020-01-21,CASH,0.0,0.0,0.0,0.0,0.0,0.0,1,1.5148695067231186
2020-01-22,CASH,0.0,0.0,0.0,0.0,0.0,0.0,1,1.5148695067231186
2020-01-23,CASH,0.0,0.0,0.0,0.0,0.0,0.0,1,1.5148695067231186
2020-01-24,CASH,0.0,0.0,0.0,0.0,0.0,0.0,1,1.5148695067231186
2020-01-25,CASH,0.0,0.0,0.0,0.0,0.0,0.0,1,1.5148695067231186
2020-01-26,CASH,0.0,0.0,0.0,0.0,0.0,0.0,0,1.5148695067231186
2020-01-27,CASH,0.0,0.0,0.0,0.0,0.0,0.0,0,1.5148695067231186
2020-01-28,CASH,0.0,0.0,0.0,0.0,0.0,0.0,0,1.5148695067231186
2020-01-29,CASH,0.0,0.0,0.0,0.0,0.0,0.0,0,1.5148695067231186
2020-01-30,CASH,0.0,0.0,0.0,0.0,0.0,0.0,0,1.5148695067231186
2020-01-31,CASH,0.0,0.0,0.0,0.0,0.0,0.0,1,1.5148695067231186
2020-02-01,CASH,0.0,0.0,0.0,0.0,0.0,0.0,0,1.5148695067231186
2020-02-02,CASH,0.0,0.0,0.0,0.0,0.0,0.0,1,1.5148695067231186
2020-02-03,CASH,0.0,0.0,0.0,0.0,0.0,0.0,1,1.5148695067231186
2020-02-04,CASH,0.0,0.0,0.0,0.0,0.0,0.0,1,1.5148695067231186
2020-02-05,CASH,0.0,0.0,0.0,0.0,0.0,0.0,0,1.5148695067231186
2020-02-06,ADAUSDT,1.0,-0.0034953395472703264,1.0,0.0015,-0.004995339547270326,-0.0034953395472703264,0,1.5073022191672307
2020-02-07,ADAUSDT,1.0,0.0025054284282612915,0.0,0.0,0.0025054284282612915,0.0025054284282612915,0,1.5110786569971137
2020-02-08,ADAUSDT,1.0,0.030989670109963452,0.0,0.0,0.030989670109963452,0.030989670109963452,0,1.557906486087661
2020-02-09,ADAUSDT,1.0,-0.025694893341952074,0.0,0.0,-0.025694893341952074,-0.025694893341952074,0,1.5178762450909031
2020-02-10,ADAUSDT,1.0,0.05075468568585162,0.0,0.0,0.05075468568585162,0.05075468568585162,0,1.5949155768205125
2020-02-11,LINKUSDT,1.0,0.0005509503894216561,2.0,0.003,-0.002449049610578344,0.0005509503894216561,0,1.5910095494481948
2020-02-12,ETHUSDT,1.0,0.009708737864077666,2.0,0.003,0.0067087378640776655,0.009708737864077666,0,1.6016832154546872
2020-02-13,ETHUSDT,1.0,0.06272361359570655,0.0,0.0,0.06272361359570655,0.06272361359570655,0,1.7021465745635957
2020-02-14,LINKUSDT,1.0,-0.023023045639403605,2.0,0.003,-0.026023045639403605,-0.023023045639403605,0,1.6578515365687727
2020-02-15,LINKUSDT,1.0,0.030642214564880588,0.0,0.0,0.030642214564880588,0.030642214564880588,1,1.70865177906903
2020-02-16,ETHUSDT,1.0,0.03476917133474977,2.0,0.003,0.03176917133474977,0.03476917133474977,1,1.7629342301896989
2020-02-17,ETHUSDT,1.0,0.05510546947918615,0.0,0.0,0.05510546947918615,0.05510546947918615,1,1.8600815486052298
2020-02-18,ETHUSDT,1.0,-0.0854888362053714,0.0,0.0,-0.0854888362053714,-0.0854888362053714,0,1.7010653417678838
2020-02-19,ETHUSDT,1.0,-0.005765138324627661,0.0,0.0,-0.005765138324627661,-0.005765138324627661,1,1.691258464773362
2020-02-20,ETHUSDT,1.0,0.032339663760896586,0.0,0.0,0.032339663760896586,0.032339663760896586,1,1.7459531948569027
2020-02-21,ETHUSDT,1.0,-0.013948052927206245,0.0,0.0,-0.013948052927206245,-0.013948052927206245,1,1.7216005472866138
2020-02-22,ETHUSDT,1.0,0.049355812975494295,0.0,0.0,0.049355812975494295,0.049355812975494295,0,1.8065715419170005
2020-02-23,ETHUSDT,1.0,-0.03264354415622284,0.0,0.0,-0.03264354415622284,-0.03264354415622284,0,1.7475986440170574
2020-02-24,ETHUSDT,1.0,-0.07099276890629702,0.0,0.0,-0.07099276890629702,-0.07099276890629702,1,1.6235317773413964
2020-02-25,ETHUSDT,1.0,-0.09218794340617009,0.0,0.0,-0.09218794340617009,-0.09218794340617009,1,1.473861721733729
2020-02-26,BNBUSDT,1.0,0.024322320090055083,2.0,0.003,0.021322320090055084,0.024322320090055083,1,1.5052878731330155
2020-02-27,BNBUSDT,1.0,-0.011260416666666662,0.0,0.0,-0.011260416666666662,-0.011260416666666662,1,1.4883377044782573
2020-02-28,CASH,0.0,0.0,1.0,0.0015,-0.0015,0.0,1,1.48610519792154
2020-02-29,CASH,0.0,0.0,0.0,0.0,0.0,0.0,1,1.48610519792154
2020-03-01,CASH,0.0,0.0,0.0,0.0,0.0,0.0,1,1.48610519792154
2020-03-02,CASH,0.0,0.0,0.0,0.0,0.0,0.0,0,1.48610519792154
2020-03-03,CASH,0.0,0.0,0.0,0.0,0.0,0.0,0,1.48610519792154
2020-03-04,CASH,0.0,0.0,0.0,0.0,0.0,0.0,0,1.48610519792154
2020-03-05,CASH,0.0,0.0,0.0,0.0,0.0,0.0,0,1.48610519792154
2020-03-06,CASH,0.0,0.0,0.0,0.0,0.0,0.0,0,1.48610519792154
2020-03-07,CASH,0.0,0.0,0.0,0.0,0.0,0.0,0,1.48610519792154
2020-03-08,CASH,0.0,0.0,0.0,0.0,0.0,0.0,1,1.48610519792154
2020-03-09,CASH,0.0,0.0,0.0,0.0,0.0,0.0,1,1.48610519792154
2020-03-10,CASH,0.0,0.0,0.0,0.0,0.0,0.0,1,1.48610519792154
2020-03-11,CASH,0.0,0.0,0.0,0.0,0.0,0.0,1,1.48610519792154
2020-03-12,CASH,0.0,0.0,0.0,0.0,0.0,0.0,1,1.48610519792154
2020-03-13,CASH,0.0,0.0,0.0,0.0,0.0,0.0,1,1.48610519792154
2020-03-14,CASH,0.0,0.0,0.0,0.0,0.0,0.0,1,1.48610519792154
2020-03-15,CASH,0.0,0.0,0.0,0.0,0.0,0.0,0,1.48610519792154
2020-03-16,CASH,0.0,0.0,0.0,0.0,0.0,0.0,1,1.48610519792154
2020-03-17,CASH,0.0,0.0,0.0,0.0,0.0,0.0,0,1.48610519792154
2020-03-18,CASH,0.0,0.0,0.0,0.0,0.0,0.0,0,1.48610519792154
2020-03-19,CASH,0.0,0.0,0.0,0.0,0.0,0.0,0,1.48610519792154
2020-03-20,CASH,0.0,0.0,0.0,0.0,0.0,0.0,0,1.48610519792154
2020-03-21,CASH,0.0,0.0,0.0,0.0,0.0,0.0,0,1.48610519792154
2020-03-22,CASH,0.0,0.0,0.0,0.0,0.0,0.0,1,1.48610519792154
2020-03-23,CASH,0.0,0.0,0.0,0.0,0.0,0.0,0,1.48610519792154
2020-03-24,CASH,0.0,0.0,0.0,0.0,0.0,0.0,0,1.48610519792154
2020-03-25,CASH,0.0,0.0,0.0,0.0,0.0,0.0,0,1.48610519792154
2020-03-26,CASH,0.0,0.0,0.0,0.0,0.0,0.0,0,1.48610519792154
2020-03-27,CASH,0.0,0.0,0.0,0.0,0.0,0.0,1,1.48610519792154
2020-03-28,CASH,0.0,0.0,0.0,0.0,0.0,0.0,1,1.48610519792154
2020-03-29,CASH,0.0,0.0,0.0,0.0,0.0,0.0,1,1.48610519792154
2020-03-30,CASH,0.0,0.0,0.0,0.0,0.0,0.0,0,1.48610519792154
2020-03-31,CASH,0.0,0.0,0.0,0.0,0.0,0.0,0,1.48610519792154
2020-04-01,CASH,0.0,0.0,0.0,0.0,0.0,0.0,0,1.48610519792154
2020-04-02,CASH,0.0,0.0,0.0,0.0,0.0,0.0,0,1.48610519792154
2020-04-03,CASH,0.0,0.0,0.0,0.0,0.0,0.0,0,1.48610519792154
2020-04-04,CASH,0.0,0.0,0.0,0.0,0.0,0.0,0,1.48610519792154
2020-04-05,CASH,0.0,0.0,0.0,0.0,0.0,0.0,1,1.48610519792154
2020-04-06,CASH,0.0,0.0,0.0,0.0,0.0,0.0,0,1.48610519792154
2020-04-07,CASH,0.0,0.0,0.0,0.0,0.0,0.0,0,1.48610519792154
2020-04-08,CASH,0.0,0.0,0.0,0.0,0.0,0.0,0,1.48610519792154
2020-04-09,CASH,0.0,0.0,0.0,0.0,0.0,0.0,1,1.48610519792154
2020-04-10,CASH,0.0,0.0,0.0,0.0,0.0,0.0,1,1.48610519792154
2020-04-11,CASH,0.0,0.0,0.0,0.0,0.0,0.0,1,1.48610519792154
2020-04-12,CASH,0.0,0.0,0.0,0.0,0.0,0.0,1,1.48610519792154
2020-04-13,CASH,0.0,0.0,0.0,0.0,0.0,0.0,1,1.48610519792154
2020-04-14,CASH,0.0,0.0,0.0,0.0,0.0,0.0,1,1.48610519792154
2020-04-15,CASH,0.0,0.0,0.0,0.0,0.0,0.0,1,1.48610519792154
2020-04-16,CASH,0.0,0.0,0.0,0.0,0.0,0.0,0,1.48610519792154
2020-04-17,CASH,0.0,0.0,0.0,0.0,0.0,0.0,0,1.48610519792154
2020-04-18,CASH,0.0,0.0,0.0,0.0,0.0,0.0,0,1.48610519792154
2020-04-19,CASH,0.0,0.0,0.0,0.0,0.0,0.0,0,1.48610519792154
2020-04-20,CASH,0.0,0.0,0.0,0.0,0.0,0.0,1,1.48610519792154
2020-04-21,CASH,0.0,0.0,0.0,0.0,0.0,0.0,1,1.48610519792154
2020-04-22,CASH,0.0,0.0,0.0,0.0,0.0,0.0,0,1.48610519792154
2020-04-23,CASH,0.0,0.0,0.0,0.0,0.0,0.0,0,1.48610519792154
2020-04-24,CASH,0.0,0.0,0.0,0.0,0.0,0.0,0,1.48610519792154
2020-04-25,CASH,0.0,0.0,0.0,0.0,0.0,0.0,0,1.48610519792154
2020-04-26,CASH,0.0,0.0,0.0,0.0,0.0,0.0,0,1.48610519792154
2020-04-27,CASH,0.0,0.0,0.0,0.0,0.0,0.0,0,1.48610519792154
2020-04-28,CASH,0.0,0.0,0.0,0.0,0.0,0.0,0,1.48610519792154
2020-04-29,CASH,0.0,0.0,0.0,0.0,0.0,0.0,0,1.48610519792154
2020-04-30,CASH,0.0,0.0,0.0,0.0,0.0,0.0,0,1.48610519792154
2020-05-01,CASH,0.0,0.0,0.0,0.0,0.0,0.0,0,1.48610519792154
2020-05-02,CASH,0.0,0.0,0.0,0.0,0.0,0.0,0,1.48610519792154
2020-05-03,CASH,0.0,0.0,0.0,0.0,0.0,0.0,0,1.48610519792154
2020-05-04,CASH,0.0,0.0,0.0,0.0,0.0,0.0,0,1.48610519792154
2020-05-05,CASH,0.0,0.0,0.0,0.0,0.0,0.0,0,1.48610519792154
2020-05-06,CASH,0.0,0.0,0.0,0.0,0.0,0.0,0,1.48610519792154
2020-05-07,CASH,0.0,0.0,0.0,0.0,0.0,0.0,0,1.48610519792154
2020-05-08,CASH,0.0,0.0,0.0,0.0,0.0,0.0,0,1.48610519792154
2020-05-09,CASH,0.0,0.0,0.0,0.0,0.0,0.0,0,1.48610519792154
2020-05-10,CASH,0.0,0.0,0.0,0.0,0.0,0.0,1,1.48610519792154
2020-05-11,CASH,0.0,0.0,0.0,0.0,0.0,0.0,1,1.48610519792154
2020-05-12,CASH,0.0,0.0,0.0,0.0,0.0,0.0,1,1.48610519792154
2020-05-13,CASH,0.0,0.0,0.0,0.0,0.0,0.0,0,1.48610519792154
2020-05-14,CASH,0.0,0.0,0.0,0.0,0.0,0.0,0,1.48610519792154
2020-05-15,CASH,0.0,0.0,0.0,0.0,0.0,0.0,0,1.48610519792154
2020-05-16,CASH,0.0,0.0,0.0,0.0,0.0,0.0,0,1.48610519792154
2020-05-17,CASH,0.0,0.0,0.0,0.0,0.0,0.0,1,1.48610519792154
2020-05-18,CASH,0.0,0.0,0.0,0.0,0.0,0.0,0,1.48610519792154
2020-05-19,CASH,0.0,0.0,0.0,0.0,0.0,0.0,0,1.48610519792154
2020-05-20,CASH,0.0,0.0,0.0,0.0,0.0,0.0,1,1.48610519792154
2020-05-21,CASH,0.0,0.0,0.0,0.0,0.0,0.0,1,1.48610519792154
2020-05-22,CASH,0.0,0.0,0.0,0.0,0.0,0.0,1,1.48610519792154
2020-05-23,CASH,0.0,0.0,0.0,0.0,0.0,0.0,1,1.48610519792154
2020-05-24,CASH,0.0,0.0,0.0,0.0,0.0,0.0,1,1.48610519792154
2020-05-25,CASH,0.0,0.0,0.0,0.0,0.0,0.0,1,1.48610519792154
2020-05-26,CASH,0.0,0.0,0.0,0.0,0.0,0.0,1,1.48610519792154
2020-05-27,CASH,0.0,0.0,0.0,0.0,0.0,0.0,0,1.48610519792154
2020-05-28,CASH,0.0,0.0,0.0,0.0,0.0,0.0,0,1.48610519792154
2020-05-29,CASH,0.0,0.0,0.0,0.0,0.0,0.0,0,1.48610519792154
2020-05-30,CASH,0.0,0.0,0.0,0.0,0.0,0.0,0,1.48610519792154
2020-05-31,ETHUSDT,1.0,0.07194368873342838,1.0,0.0015,0.07044368873342838,0.07194368873342838,1,1.590791929909055
2020-06-01,ETHUSDT,1.0,-0.04238005075937634,0.0,0.0,-0.04238005075937634,-0.04238005075937634,0,1.523374087171903
2020-06-02,ETHUSDT,1.0,0.02864835303521107,0.0,0.0,0.02864835303521107,0.02864835303521107,1,1.567016245825896
2020-06-03,ETHUSDT,1.0,-0.0053574349746442484,0.0,0.0,-0.0053574349746442484,-0.0053574349746442484,0,1.5586210581846727
2020-06-04,ETHUSDT,1.0,-0.013075120266436424,0.0,0.0,-0.013075120266436424,-0.013075120266436424,1,1.5382419003991077
2020-06-05,ETHUSDT,1.0,0.007957338666000124,0.0,0.0,0.007957338666000124,0.007957338666000124,0,1.550482212150815
2020-06-06,ETHUSDT,1.0,0.0108291311895512,0.0,0.0,0.0108291311895512,0.0108291311895512,0,1.5672725874332618
2020-06-07,ETHUSDT,1.0,0.0075237160614982646,0.0,0.0,0.0075237160614982646,0.0075237160614982646,1,1.5790643013720793
2020-06-08,ETHUSDT,1.0,-0.010551948051948035,0.0,0.0,-0.010551948051948035,-0.010551948051948035,0,1.5624020968933154
2020-06-09,ETHUSDT,1.0,0.016324856439704716,0.0,0.0,0.016324856439704716,0.016324856439704716,0,1.5879080868261923
2020-06-10,ETHUSDT,1.0,-0.06969892646702724,0.0,0.0,-0.06969892646702724,-0.06969892646702724,0,1.4772325978460956
2020-06-11,ETHUSDT,1.0,0.03054097436119907,0.0,0.0,0.03054097436119907,0.03054097436119907,1,1.5223487207424407
2020-06-12,ETHUSDT,1.0,0.0023573984424332117,0.0,0.0,0.0023573984424332117,0.0023573984424332117,1,1.525937503245559
2020-06-13,ETHUSDT,1.0,-0.02662634916635165,0.0,0.0,-0.02662634916635165,-0.02662634916635165,1,1.485307358478112
2020-06-14,ETHUSDT,1.0,-0.003926306251887612,0.0,0.0,-0.003926306251887612,-0.003926306251887612,0,1.4794755869105447
2020-06-15,ETHUSDT,1.0,0.019232435242138024,0.0,0.0,0.019232435242138024,0.019232435242138024,1,1.5079295053281259
2020-06-16,ETHUSDT,1.0,-0.006289842753931185,0.0,0.0,-0.006289842753931185,-0.006289842753931185,0,1.4984448658555987
2020-06-17,ETHUSDT,1.0,-0.010905824993584723,0.0,0.0,-0.010905824993584723,-0.010905824993584723,0,1.482103088386042
2020-06-18,LINKUSDT,1.0,-0.010503440782325235,2.0,0.003,-0.013503440782325234,-0.010503440782325235,1,1.4620895970987198
2020-06-19,LINKUSDT,1.0,0.01915568570034165,0.0,0.0,0.01915568570034165,0.01915568570034165,1,1.490096925886482
2020-06-20,LINKUSDT,1.0,0.0011253441877168147,0.0,0.0,0.0011253441877168147,0.0011253441877168147,1,1.4917737978011631
2020-06-21,LINKUSDT,1.0,0.07244331770783519,0.0,0.0,0.07244331770783519,0.07244331770783519,1,1.5998428409834966
2020-06-22,CASH,0.0,0.0,1.0,0.0015,-0.0015,0.0,0,1.5974430767220213
2020-06-23,CASH,0.0,0.0,0.0,0.0,0.0,0.0,0,1.5974430767220213
2020-06-24,ETHUSDT,1.0,-0.00886691107511306,1.0,0.0015,-0.01036691107511306,-0.00886691107511306,0,1.5808825263980892
2020-06-25,ETHUSDT,1.0,-0.012301075268817296,0.0,0.0,-0.012301075268817296,-0.012301075268817296,1,1.5614359714497084
2020-06-26,ETHUSDT,1.0,-0.03788538582128542,0.0,0.0,-0.03788538582128542,-0.03788538582128542,1,1.5022803672361025
2020-06-27,ETHUSDT,1.0,0.018059201593192853,0.0,0.0,0.018059201593192853,0.018059201593192853,1,1.529410351237515
2020-06-28,ETHUSDT,1.0,0.013337482772417975,0.0,0.0,0.013337482772417975,0.013337482772417975,1,1.549808835449103
2020-06-29,ETHUSDT,1.0,-0.010222436713026029,0.0,0.0,-0.010222436713026029,-0.010222436713026029,0,1.533966012711436
2020-06-30,ETHUSDT,1.0,0.023891843971631355,0.0,0.0,0.023891843971631355,0.023891843971631355,0,1.5706152893449232
2020-07-01,LINKUSDT,1.0,0.019737820553678898,2.0,0.003,0.0167378205536789,0.019737820553678898,0,1.5969039662168432
2020-07-02,LINKUSDT,1.0,-0.01431369280773398,0.0,0.0,-0.01431369280773398,-0.01431369280773398,1,1.5740463734009633
2020-07-03,ADAUSDT,1.0,0.03625064733298822,2.0,0.003,0.033250647332988215,0.03625064733298822,1,1.626384434248688
2020-07-04,ADAUSDT,1.0,-0.019190404797601257,0.0,0.0,-0.019190404797601257,-0.019190404797601257,1,1.5951734585989379
2020-07-05,ADAUSDT,1.0,0.07123203913176401,0.0,0.0,0.07123203913176401,0.07123203913176401,1,1.7088009168238087
2020-07-06,ADAUSDT,1.0,0.11910197869101968,0.0,0.0,0.11910197869101968,0.11910197869101968,0,1.912322487206553
2020-07-07,ADAUSDT,1.0,0.10447126827609643,0.0,0.0,0.10447126827609643,0.10447126827609643,0,2.1121052427979206
2020-07-08,ADAUSDT,1.0,-0.04540906642038012,0.0,0.0,-0.04540906642038012,-0.04540906642038012,0,2.0161965155408765
2020-07-09,ADAUSDT,1.0,-0.04490848988148033,0.0,0.0,-0.04490848988148033,-0.04490848988148033,1,1.9256521747236333
2020-07-10,LINKUSDT,1.0,-0.008034087952120683,2.0,0.003,-0.011034087952120682,-0.008034087952120683,0,1.9044043592625401
2020-07-11,LINKUSDT,1.0,0.20249532740925336,0.0,0.0,0.20249532740925336,0.20249532740925336,1,2.2900373435110177
2020-07-12,LINKUSDT,1.0,-0.023382643670325165,0.0,0.0,-0.023382643670325165,-0.023382643670325165,0,2.2364902163159615
2020-07-13,ETHUSDT,1.0,0.003924843423799507,2.0,0.003,0.0009248434237995066,0.003924843423799507,1,2.2385586195849134
2020-07-14,ETHUSDT,1.0,-0.007611046414905953,0.0,0.0,-0.007611046414905953,-0.007611046414905953,0,2.2215208460287648
2020-07-15,ETHUSDT,1.0,-0.02112233351494075,0.0,0.0,-0.02112233351494075,-0.02112233351494075,1,2.174597141808552
2020-07-16,ETHUSDT,1.0,-0.003853234576358333,0.0,0.0,-0.003853234576358333,-0.003853234576358333,1,2.166217908912085
2020-07-17,ETHUSDT,1.0,0.012893798083122077,0.0,0.0,0.012893798083122077,0.012893798083122077,1,2.1941486852336407
2020-07-18,ETHUSDT,1.0,0.014596681800823186,0.0,0.0,0.014596681800823186,0.014596681800823186,1,2.226175975415691
2020-07-19,ETHUSDT,1.0,-0.012964744259964078,0.0,0.0,-0.012964744259964078,-0.012964744259964078,0,2.1973141732167503
2020-07-20,ETHUSDT,1.0,0.04059150036015424,0.0,0.0,0.04059150036015424,0.04059150036015424,0,2.28650645227025
2020-07-21,ETHUSDT,1.0,0.07390366057249897,0.0,0.0,0.07390366057249897,0.07390366057249897,0,2.455487649015659
2020-07-22,ETHUSDT,1.0,0.04383104572685226,0.0,0.0,0.04383104572685226,0.04383104572685226,0,2.5631142404413856
2020-07-23,ETHUSDT,1.0,0.013984743915728126,0.0,0.0,0.013984743915728126,0.013984743915728126,0,2.5989587367207143
2020-07-24,ETHUSDT,1.0,0.09353394232491508,0.0,0.0,0.09353394232491508,0.09353394232491508,0,2.8420495933059837
2020-07-25,ETHUSDT,1.0,0.018803642796304754,0.0,0.0,0.018803642796304754,0.018803642796304754,0,2.8954904786678926
2020-07-26,ETHUSDT,1.0,0.03514469453376212,0.0,0.0,0.03514469453376212,0.03514469453376212,0,2.9972516070660924
2020-07-27,ETHUSDT,1.0,-0.016028329139875175,0.0,0.0,-0.016028329139875175,-0.016028329139875175,0,2.949210671793017
2020-07-28,ETHUSDT,1.0,0.0029674527259526684,0.0,0.0,0.0029674527259526684,0.0029674527259526684,0,2.957962315040438
2020-07-29,ETHUSDT,1.0,0.054011519939567654,0.0,0.0,0.054011519939567654,0.054011519939567654,0,3.1177263555997343
2020-07-30,ETHUSDT,1.0,0.03422223549437087,0.0,0.0,0.03422223549437087,0.03422223549437087,0,3.224421921148075
2020-07-31,ETHUSDT,1.0,0.1174313516010741,0.0,0.0,0.1174313516010741,0.1174313516010741,0,3.6030701454806255
2020-08-01,ETHUSDT,1.0,-0.03767441860465115,0.0,0.0,-0.03767441860465115,-0.03767441860465115,0,3.4673265725578672
2020-08-02,ETHUSDT,1.0,0.036303098652059385,0.0,0.0,0.036303098652059385,0.036303098652059385,1,3.5932012711803423
2020-08-03,ETHUSDT,1.0,0.00950925014250914,0.0,0.0,0.00950925014250914,0.00950925014250914,1,3.627369920880378
2020-08-04,ETHUSDT,1.0,0.028515695182361966,0.0,0.0,0.028515695182361966,0.028515695182361966,1,3.7308068958578713
2020-08-05,ETHUSDT,1.0,-0.014848273108404975,0.0,0.0,-0.014848273108404975,-0.014848273108404975,0,3.675410856153453
2020-08-06,ETHUSDT,1.0,-0.03908605010512456,0.0,0.0,-0.03908605010512456,-0.03908605010512456,0,3.5317535632729204
2020-08-07,ETHUSDT,1.0,0.046633626825539176,0.0,0.0,0.046633626825539176,0.046633626825539176,0,3.6964520409823582
2020-08-08,ETHUSDT,1.0,-0.01735385235372644,0.0,0.0,-0.01735385235372644,-0.01735385235372644,0,3.6323043580305194
2020-08-09,ETHUSDT,1.0,0.013584866970830944,0.0,0.0,0.013584866970830944,0.013584866970830944,1,3.6816487295319336
2020-08-10,ETHUSDT,1.0,-0.041573942949625686,0.0,0.0,-0.041573942949625686,-0.041573942949625686,0,3.528588075289811
2020-08-11,ETHUSDT,1.0,0.021583113456464353,0.0,0.0,0.021583113456464353,0.021583113456464353,1,3.604745992059918
2020-08-12,ETHUSDT,1.0,0.09649258742703659,0.0,0.0,0.09649258742703659,0.09649258742703659,1,3.9525772598510196
2020-08-13,TRXUSDT,1.0,0.10411081322609461,2.0,0.003,0.10111081322609461,0.10411081322609461,1,4.352225560933525
2020-08-14,TRXUSDT,1.0,0.022258195062727637,0.0,0.0,0.022258195062727637,0.022258195062727637,0,4.4490982464257725
2020-08-15,ETHUSDT,1.0,0.0030070318282753306,2.0,0.003,7.0318282753304914e-06,0.0030070318282753306,0,4.449129531720622
2020-08-16,ETHUSDT,1.0,-0.006295835062958388,0.0,0.0,-0.006295835062958388,-0.006295835062958388,0,4.421118546015172
2020-08-17,ETHUSDT,1.0,-0.020747754647357786,0.0,0.0,-0.020747754647357786,-0.020747754647357786,0,4.329390263155566
2020-08-18,ETHUSDT,1.0,-0.034340561677923986,0.0,0.0,-0.034340561677923986,-0.034340561677923986,0,4.180716569795869
2020-08-19,ETHUSDT,1.0,0.020811858832768815,0.0,0.0,0.020811858832768815,0.020811858832768815,1,4.267725052866278
2020-08-20,ETHUSDT,1.0,-0.06724527576092698,0.0,0.0,-0.06724527576092698,-0.06724527576092698,1,3.9807407048144685
2020-08-21,ETHUSDT,1.0,0.018738562259968505,0.0,0.0,0.018738562259968505,0.018738562259968505,1,4.055334062352426
2020-08-22,ETHUSDT,1.0,-0.011461390547515493,0.0,0.0,-0.011461390547515493,-0.011461390547515493,1,4.008854294863162
2020-08-23,BTCUSDT,1.0,0.008591078567976362,2.0,0.003,0.005591078567976362,0.008591078567976362,1,4.0312681141933115
2020-08-24,ETHUSDT,1.0,-0.06070937990580849,2.0,0.003,-0.0637093799058085,-0.06070937990580849,0,3.774438522403998
2020-08-25,ETHUSDT,1.0,0.0075209568328415966,0.0,0.0,0.0075209568328415966,0.0075209568328415966,1,3.802825911599213
2020-08-26,ETHUSDT,1.0,-0.006583551489074968,0.0,0.0,-0.006583551489074968,-0.006583551489074968,1,3.777789811406211
2020-08-27,ETHUSDT,1.0,0.030892060427375023,0.0,0.0,0.030892060427375023,0.030892060427375023,1,3.8944935225420934
2020-08-28,ETHUSDT,1.0,0.008959530257396597,0.0,0.0,0.008959530257396597,0.008959530257396597,0,3.9293863550945445
2020-08-29,ETHUSDT,1.0,0.07598143735105989,0.0,0.0,0.07598143735105989,0.07598143735105989,0,4.22794677826227
2020-08-30,ETHUSDT,1.0,0.01130694269594823,0.0,0.0,0.01130694269594823,0.01130694269594823,0,4.2757519302056
2020-08-31,ETHUSDT,1.0,0.09592198990294842,0.0,0.0,0.09592198990294842,0.09592198990294842,0,4.685890563682294
2020-09-01,ETHUSDT,1.0,-0.07551535549011357,0.0,0.0,-0.07551535549011357,-0.07551535549011357,0,4.332033871978057
2020-09-02,BNBUSDT,1.0,-0.17791093954419912,2.0,0.003,-0.18091093954419912,-0.17791093954419912,1,3.5483215540612116
2020-09-03,ETHUSDT,1.0,0.010120608285264954,2.0,0.003,0.007120608285264954,0.010120608285264954,1,3.5735877619178447
2020-09-04,ETHUSDT,1.0,-0.1304313969786638,0.0,0.0,-0.1304313969786638,-0.1304313969786638,1,3.1074797179050435
2020-09-05,BTCUSDT,1.0,0.008804242088624736,2.0,0.003,0.005804242088624736,0.008804242088624736,1,3.125516282473256
2020-09-06,BTCUSDT,1.0,0.011431134338253823,0.0,0.0,0.011431134338253823,0.011431134338253823,0,3.1612444789746075
2020-09-07,BTCUSDT,1.0,-0.02379056513557709,0.0,0.0,-0.02379056513557709,-0.02379056513557709,1,3.086036686288079
2020-09-08,BTCUSDT,1.0,0.009139251381256486,0.0,0.0,0.009139251381256486,0.009139251381256486,1,3.114240751335845
2020-09-09,BTCUSDT,1.0,0.011514599968686312,0.0,0.0,0.011514599968686312,0.011514599968686312,1,3.1500999877936584
2020-09-10,BTCUSDT,1.0,0.004935730061420784,0.0,0.0,0.004935730061420784,0.004935730061420784,1,3.165648030999893
2020-09-11,BTCUSDT,1.0,0.005104982821342974,0.0,0.0,0.005104982821342974,0.005104982821342974,0,3.1818086098165654
2020-09-12,BTCUSDT,1.0,-0.01035253598341912,0.0,0.0,-0.01035253598341912,-0.01035253598341912,0,3.1488688216910865
2020-09-13,BTCUSDT,1.0,0.03280224294796308,0.0,0.0,0.03280224294796308,0.03280224294796308,1,3.2521587817914637
2020-09-14,BTCUSDT,1.0,0.010639284767194113,0.0,0.0,0.010639284767194113,0.010639284767194113,0,3.286759425179074
2020-09-15,BTCUSDT,1.0,0.015641645905402957,0.0,0.0,0.015641645905402957,0.015641645905402957,0,3.338169752283971
2020-09-16,BTCUSDT,1.0,-0.001279896585816509,0.0,0.0,-0.001279896585816509,-0.001279896585816509,0,3.3338972402151468
2020-09-17,BTCUSDT,1.0,-0.0006032912278713942,0.0,0.0,-0.0006032912278713942,-0.0006032912278713942,0,3.3318859292555003
2020-09-18,BTCUSDT,1.0,0.013468832631050365,0.0,0.0,0.013468832631050365,0.013468832631050365,0,3.3767625431823944
2020-09-19,BTCUSDT,1.0,-0.014472977668277487,0.0,0.0,-0.014472977668277487,-0.014472977668277487,0,3.32789073430384
2020-09-20,BTCUSDT,1.0,-0.04606658437329458,0.0,0.0,-0.04606658437329458,-0.04606658437329458,1,3.174586175006927
2020-09-21,BTCUSDT,1.0,0.010788866895390603,0.0,0.0,0.010788866895390603,0.010788866895390603,1,3.2088363626970238
2020-09-22,BTCUSDT,1.0,-0.027365685908595005,0.0,0.0,-0.027365685908595005,-0.027365685908595005,1,3.1210243546633785
2020-09-23,BTCUSDT,1.0,0.04831928260228535,0.0,0.0,0.04831928260228535,0.04831928260228535,1,3.2718300124649735
2020-09-24,BTCUSDT,1.0,-0.004624489583022862,0.0,0.0,-0.004624489583022862,-0.004624489583022862,0,3.2566994686549076
2020-09-25,BTCUSDT,1.0,0.003923579562202351,0.0,0.0,0.003923579562202351,0.003923579562202351,0,3.2694773881303574
2020-09-26,BTCUSDT,1.0,0.004254982010700292,0.0,0.0,0.004254982010700292,0.004254982010700292,0,3.2833889556012434
2020-09-27,BTCUSDT,1.0,-0.007251548831705201,0.0,0.0,-0.007251548831705201,-0.007251548831705201,0,3.2595793002562194
2020-09-28,BTCUSDT,1.0,0.013496482836766965,0.0,0.0,0.013496482836766965,0.013496482836766965,0,3.3035721563372085
2020-09-29,BTCUSDT,1.0,-0.005893650465662037,0.0,0.0,-0.005893650465662037,-0.005893650465662037,0,3.2841020567596635
2020-09-30,BTCUSDT,1.0,-0.01461130097739649,0.0,0.0,-0.01461130097739649,-0.01461130097739649,0,3.2361170531678614
2020-10-01,BTCUSDT,1.0,-0.004588888166921379,0.0,0.0,-0.004588888166921379,-0.004588888166921379,1,3.221266873915807
2020-10-02,BTCUSDT,1.0,-0.0026810716718383976,0.0,0.0,-0.0026810716718383976,-0.0026810716718383976,1,3.2126304265527197
2020-10-03,BTCUSDT,1.0,0.011816476096702111,0.0,0.0,0.011816476096702111,0.011816476096702111,1,3.250592397195618
2020-10-04,BTCUSDT,1.0,0.011773165470256197,0.0,0.0,0.011773165470256197,0.011773165470256197,0,3.2888621593641587
2020-10-05,CASH,0.0,0.0,1.0,0.0015,-0.0015,0.0,0,3.2839288661251125
2020-10-06,CASH,0.0,0.0,0.0,0.0,0.0,0.0,0,3.2839288661251125
2020-10-07,CASH,0.0,0.0,0.0,0.0,0.0,0.0,1,3.2839288661251125
2020-10-08,CASH,0.0,0.0,0.0,0.0,0.0,0.0,0,3.2839288661251125
2020-10-09,CASH,0.0,0.0,0.0,0.0,0.0,0.0,0,3.2839288661251125
2020-10-10,CASH,0.0,0.0,0.0,0.0,0.0,0.0,0,3.2839288661251125
2020-10-11,BNBUSDT,1.0,0.07442747422626206,1.0,0.0015,0.07292747422626206,0.07442747422626206,0,3.5234175038703293
2020-10-12,BNBUSDT,1.0,0.002456745937233773,0.0,0.0,0.002456745937233773,0.002456745937233773,0,3.532073645508141
2020-10-13,BNBUSDT,1.0,0.0036581873096050987,0.0,0.0,0.0036581873096050987,0.0036581873096050987,0,3.5449946324947295
2020-10-14,BNBUSDT,1.0,0.015811660937804062,0.0,0.0,0.015811660937804062,0.015811660937804062,0,3.6010468856500712
2020-10-15,BNBUSDT,1.0,-0.04066961207446951,0.0,0.0,-0.04066961207446951,-0.04066961207446951,1,3.454593705748706
2020-10-16,BNBUSDT,1.0,0.006315803484672866,0.0,0.0,0.006315803484672866,0.006315803484672866,1,3.4764122407136027
2020-10-17,BNBUSDT,1.0,0.013818804684968322,0.0,0.0,0.013818804684968322,0.013818804684968322,1,3.524452102472457
2020-10-18,BNBUSDT,1.0,-0.024416734889576852,0.0,0.0,-0.024416734889576852,-0.024416734889576852,1,3.438396489855375
2020-10-19,BNBUSDT,1.0,-0.0363749427462412,0.0,0.0,-0.0363749427462412,-0.0363749427462412,0,3.313325014398009
2020-10-20,ETHUSDT,1.0,0.05931835449907741,2.0,0.003,0.056318354499077405,0.05931835449907741,0,3.4999260271295363
2020-10-21,BNBUSDT,1.0,0.030494839050345002,2.0,0.003,0.027494839050345003,0.030494839050345002,0,3.596155929933577
2020-10-22,LINKUSDT,1.0,0.017124118488526685,2.0,0.003,0.014124118488526686,0.017124118488526685,0,3.646948462391177
2020-10-23,LINKUSDT,1.0,0.04453637754346729,0.0,0.0,0.04453637754346729,0.04453637754346729,0,3.809370335993798
2020-10-24,LINKUSDT,1.0,-0.043464224691144304,0.0,0.0,-0.043464224691144304,-0.043464224691144304,0,3.6437990077783837
2020-10-25,LINKUSDT,1.0,-0.03609617964949252,0.0,0.0,-0.03609617964949252,-0.03609617964949252,0,3.5122717841869724
2020-10-26,LINKUSDT,1.0,0.018173122907699568,0.0,0.0,0.018173122907699568,0.018173122907699568,0,3.5761007310062474
2020-10-27,LINKUSDT,1.0,-0.0404364892974568,0.0,0.0,-0.0404364892974568,-0.0404364892974568,0,3.431495772070286
2020-10-28,BTCUSDT,1.0,0.014269131037809801,2.0,0.003,0.011269131037809802,0.014269131037809801,0,3.4701657475814365
2020-10-29,BTCUSDT,1.0,0.007758793671083675,0.0,0.0,0.007758793671083675,0.007758793671083675,0,3.497090047621383
2020-10-30,BTCUSDT,1.0,0.017027898024350785,0.0,0.0,0.017027898024350785,0.017027898024350785,1,3.5566381403342517
2020-10-31,BTCUSDT,1.0,-0.002139076209121904,0.0,0.0,-0.002139076209121904,-0.002139076209121904,0,3.5490302203038073
2020-11-01,BTCUSDT,1.0,-0.015414744032263838,0.0,0.0,-0.015414744032263838,-0.015414744032263838,0,3.494322827895055
2020-11-02,BTCUSDT,1.0,0.034994985006682855,0.0,0.0,0.034994985006682855,0.034994985006682855,1,3.616606602865752
2020-11-03,BTCUSDT,1.0,0.008591274807412841,0.0,0.0,0.008591274807412841,0.008591274807412841,0,3.6476778640612753
2020-11-04,BTCUSDT,1.0,0.1022347976281126,0.0,0.0,0.1022347976281126,0.1022347976281126,0,4.020597472306126
2020-11-05,BTCUSDT,1.0,-0.0006478503555480408,0.0,0.0,-0.0006478503555480408,-0.0006478503555480408,0,4.017992726804177
2020-11-06,BTCUSDT,1.0,-0.048884718278399464,0.0,0.0,-0.048884718278399464,-0.048884718278399464,0,3.821574284309697
2020-11-07,BTCUSDT,1.0,0.04432357287948019,0.0,0.0,0.04432357287948019,0.04432357287948019,0,3.9909601106146453
2020-11-08,BTCUSDT,1.0,-0.009479098681107079,0.0,0.0,-0.009479098681107079,-0.009479098681107079,1,3.953129405893767
2020-11-09,BTCUSDT,1.0,-0.002035436160697679,0.0,0.0,-0.002035436160697679,-0.002035436160697679,1,3.9450830633530938
2020-11-10,BTCUSDT,1.0,0.025300692086988485,0.0,0.0,0.025300692086988485,0.025300692086988485,0,4.0448963951965835
2020-11-11,BTCUSDT,1.0,0.03874079968171884,0.0,0.0,0.03874079968171884,0.03874079968171884,0,4.201598916176201
2020-11-12,BTCUSDT,1.0,0.0017702091719422608,0.0,0.0,0.0017702091719422608,0.0017702091719422608,0,4.209036625114439
2020-11-13,BTCUSDT,1.0,-0.015333288400620093,0.0,0.0,-0.015333288400620093,-0.015333288400620093,0,4.144498252652786
2020-11-14,BTCUSDT,1.0,-0.007059540958716193,0.0,0.0,-0.007059540958716193,-0.007059540958716193,0,4.115239997484856
2020-11-15,BTCUSDT,1.0,0.04741304756533182,0.0,0.0,0.04741304756533182,0.04741304756533182,1,4.310356067228362
2020-11-16,LTCUSDT,1.0,0.03358613217768136,2.0,0.003,0.03058613217768136,0.03358613217768136,0,4.44219318763348
2020-11-17,LTCUSDT,1.0,-0.03799790356394117,0.0,0.0,-0.03799790356394117,-0.03799790356394117,0,4.273399159277386
2020-11-18,LTCUSDT,1.0,0.11046036502315437,0.0,0.0,0.11046036502315437,0.11046036502315437,0,4.745440390300807
2020-11-19,LTCUSDT,1.0,0.012265423770391193,0.0,0.0,0.012265423770391193,0.012265423770391193,0,4.803645227664977
2020-11-20,LTCUSDT,1.0,0.055858475705804045,0.0,0.0,0.055858475705804045,0.055858475705804045,0,5.071969527913803
2020-11-21,LTCUSDT,1.0,-0.049001606610052706,0.0,0.0,-0.049001606610052706,-0.049001606610052706,0,4.823434872368796
2020-11-22,LTCUSDT,1.0,0.07433329310968984,0.0,0.0,0.07433329310968984,0.07433329310968984,0,5.181976670532085
2020-11-23,ETHUSDT,1.0,-0.005931841335568011,2.0,0.003,-0.00893184133556801,-0.005931841335568011,1,5.1356920771062775
2020-11-24,ETHUSDT,1.0,-0.05863100649618991,0.0,0.0,-0.05863100649618991,-0.05863100649618991,0,4.834581281571029
2020-11-25,ETHUSDT,1.0,-0.08721685689201042,0.0,0.0,-0.08721685689201042,-0.08721685689201042,0,4.412924297803456
2020-11-26,ETHUSDT,1.0,-0.0022122617009409096,0.0,0.0,-0.0022122617009409096,-0.0022122617009409096,1,4.403161754390274
2020-11-27,ETHUSDT,1.0,0.0363229737024755,0.0,0.0,0.0363229737024755,0.0363229737024755,1,4.563097683002738
2020-11-28,ETHUSDT,1.0,0.07214615270129476,0.0,0.0,0.07214615270129476,0.07214615270129476,1,4.892307625231577
2020-11-29,ETHUSDT,1.0,0.07003296893978828,0.0,0.0,0.07003296893978828,0.07003296893978828,0,5.23493045319331
2020-11-30,ETHUSDT,1.0,-0.05091946939966918,0.0,0.0,-0.05091946939966918,-0.05091946939966918,0,4.968370572172537
2020-12-01,ETHUSDT,1.0,0.019871510098075973,0.0,0.0,0.019871510098075973,0.019871510098075973,0,5.067099598168447
2020-12-02,ETHUSDT,1.0,0.031764646752332926,0.0,0.0,0.031764646752332926,0.031764646752332926,0,5.228054226963156
2020-12-03,ETHUSDT,1.0,-0.07893155800925555,0.0,0.0,-0.07893155800925555,-0.07893155800925555,1,4.81539576147208
2020-12-04,ETHUSDT,1.0,0.052111980819406156,0.0,0.0,0.052111980819406156,0.052111980819406156,1,5.066335573031762
2020-12-05,ETHUSDT,1.0,0.007942359249329733,0.0,0.0,0.007942359249329733,0.007942359249329733,1,5.106574230230439
2020-12-06,ETHUSDT,1.0,-0.017056222362602624,0.0,0.0,-0.017056222362602624,-0.017056222362602624,1,5.019475364648493
2020-12-07,ETHUSDT,1.0,-0.06145988364226751,0.0,0.0,-0.06145988364226751,-0.06145988364226751,0,4.710978992791968
2020-12-08,ETHUSDT,1.0,0.03270623851227161,0.0,0.0,0.03270623851227161,0.03270623851227161,1,4.865057395356523
2020-12-09,ETHUSDT,1.0,-0.024603465424278936,0.0,0.0,-0.024603465424278936,-0.024603465424278936,1,4.745360123942736
2020-12-10,ETHUSDT,1.0,-0.026046977584572306,0.0,0.0,-0.026046977584572306,-0.026046977584572306,1,4.6217578351636766
2020-12-11,ETHUSDT,1.0,0.043366456661095176,0.0,0.0,0.043366456661095176,0.043366456661095176,1,4.822187096020379
2020-12-12,BTCUSDT,1.0,0.019475040526480303,2.0,0.003,0.016475040526480304,0.019475040526480303,0,4.901632823853586
2020-12-13,BTCUSDT,1.0,0.005118646737234167,0.0,0.0,0.005118646737234167,0.005118646737234167,0,4.926722550714524
2020-12-14,ETHUSDT,1.0,0.004008255300278041,2.0,0.003,0.0010082553002780407,0.004008255300278041,0,4.931689944839281
2020-12-15,BTCUSDT,1.0,0.098272816981813,2.0,0.003,0.095272816981813,0.098272816981813,0,5.401545938365
2020-12-16,BTCUSDT,1.0,0.06850735299631783,0.0,0.0,0.06850735299631783,0.06850735299631783,0,5.771591552690398
2020-12-17,BTCUSDT,1.0,0.013608274013078736,0.0,0.0,0.013608274013078736,0.013608274013078736,0,5.85013295203098
2020-12-18,BTCUSDT,1.0,0.030908726602182357,0.0,0.0,0.030908726602182357,0.030908726602182357,0,6.030953112031724
2020-12-19,BTCUSDT,1.0,-0.015367978906547508,0.0,0.0,-0.015367978906547508,-0.015367978906547508,0,5.938269551819643
2020-12-20,BTCUSDT,1.0,-0.03137044073207507,0.0,0.0,-0.03137044073207507,-0.03137044073207507,0,5.751983418793199
2020-12-21,BTCUSDT,1.0,0.04802350029995983,0.0,0.0,0.04802350029995983,0.04802350029995983,1,6.028213796230978
2020-12-22,BTCUSDT,1.0,-0.024275969003968445,0.0,0.0,-0.024275969003968445,-0.024275969003968445,1,5.88187306496438
2020-12-23,BTCUSDT,1.0,0.021368102627496777,0.0,0.0,0.021368102627496777,0.021368102627496777,1,6.007557532258448
2020-12-24,BTCUSDT,1.0,0.04143713230955948,0.0,0.0,0.04143713230955948,0.04143713230955948,0,6.256493488579932
2020-12-25,BTCUSDT,1.0,0.07206564135434457,0.0,0.0,0.07206564135434457,0.07206564135434457,0,6.707371704463726
2020-12-26,BTCUSDT,1.0,-0.007991804748278653,0.0,0.0,-0.007991804748278653,-0.007991804748278653,0,6.653767699427522
2020-12-27,BTCUSDT,1.0,0.03035386653658856,0.0,0.0,0.03035386653658856,0.03035386653658856,0,6.855735276141409
2020-12-28,BTCUSDT,1.0,0.011284957833276321,0.0,0.0,0.011284957833276321,0.011284957833276321,0,6.93310195964877
2020-12-29,BTCUSDT,1.0,0.05442906700748584,0.0,0.0,0.05442906700748584,0.05442906700748584,0,7.310464230780224
2020-12-30,BTCUSDT,1.0,0.0016654233998740775,0.0,0.0,0.0016654233998740775,0.0016654233998740775,0,7.322639248974108
2020-12-31,BTCUSDT,1.0,0.014108187665241134,0.0,0.0,0.014108187665241134,0.014108187665241134,0,7.425948417703495
2021-01-01,BTCUSDT,1.0,0.09704998245924479,0.0,0.0,0.09704998245924479,0.09704998245924479,0,8.146636581384875
2021-01-02,BTCUSDT,1.0,0.025536440206810118,0.0,0.0,0.025536440206810118,0.025536440206810118,0,8.354672679332023
2021-01-03,BTCUSDT,1.0,-0.03064662023239373,0.0,0.0,-0.03064662023239373,-0.03064662023239373,0,8.098630198562578
2021-01-04,BTCUSDT,1.0,0.061297251436522426,0.0,0.0,0.061297251436522426,0.061297251436522426,0,8.595053970135282
2021-01-05,BNBUSDT,1.0,0.010037803160545034,2.0,0.003,0.0070378031605450335,0.010037803160545034,0,8.655544268131356
2021-01-06,BTCUSDT,1.0,0.0724222559217782,2.0,0.003,0.0694222559217782,0.0724222559217782,0,9.256431677455852
2021-01-07,BNBUSDT,1.0,-0.027925678404876364,2.0,0.003,-0.030925678404876363,-0.027925678404876364,0,8.970170248222143
2021-01-08,BNBUSDT,1.0,0.035222872792520565,0.0,0.0,0.035222872792520565,0.035222872792520565,0,9.286125413802523
2021-01-09,BNBUSDT,1.0,-0.03295026671744827,0.0,0.0,-0.03295026671744827,-0.03295026671744827,0,8.980145104646056
2021-01-10,BNBUSDT,1.0,-0.09989128153366145,0.0,0.0,-0.09989128153366145,-0.09989128153366145,1,8.083106901784724
2021-01-11,CASH,0.0,0.0,1.0,0.0015,-0.0015,0.0,1,8.070982241432047
2021-01-12,CASH,0.0,0.0,0.0,0.0,0.0,0.0,1,8.070982241432047
2021-01-13,CASH,0.0,0.0,0.0,0.0,0.0,0.0,1,8.070982241432047
2021-01-14,CASH,0.0,0.0,0.0,0.0,0.0,0.0,0,8.070982241432047
2021-01-15,CASH,0.0,0.0,0.0,0.0,0.0,0.0,0,8.070982241432047
2021-01-16,CASH,0.0,0.0,0.0,0.0,0.0,0.0,1,8.070982241432047
2021-01-17,CASH,0.0,0.0,0.0,0.0,0.0,0.0,1,8.070982241432047
2021-01-18,CASH,0.0,0.0,0.0,0.0,0.0,0.0,1,8.070982241432047
2021-01-19,CASH,0.0,0.0,0.0,0.0,0.0,0.0,1,8.070982241432047
2021-01-20,CASH,0.0,0.0,0.0,0.0,0.0,0.0,1,8.070982241432047
2021-01-21,CASH,0.0,0.0,0.0,0.0,0.0,0.0,1,8.070982241432047
2021-01-22,CASH,0.0,0.0,0.0,0.0,0.0,0.0,1,8.070982241432047
2021-01-23,CASH,0.0,0.0,0.0,0.0,0.0,0.0,1,8.070982241432047
2021-01-24,CASH,0.0,0.0,0.0,0.0,0.0,0.0,0,8.070982241432047
2021-01-25,CASH,0.0,0.0,0.0,0.0,0.0,0.0,1,8.070982241432047
2021-01-26,CASH,0.0,0.0,0.0,0.0,0.0,0.0,0,8.070982241432047
2021-01-27,CASH,0.0,0.0,0.0,0.0,0.0,0.0,1,8.070982241432047
2021-01-28,CASH,0.0,0.0,0.0,0.0,0.0,0.0,0,8.070982241432047
2021-01-29,CASH,0.0,0.0,0.0,0.0,0.0,0.0,0,8.070982241432047
2021-01-30,CASH,0.0,0.0,0.0,0.0,0.0,0.0,0,8.070982241432047
2021-01-31,CASH,0.0,0.0,0.0,0.0,0.0,0.0,1,8.070982241432047
2021-02-01,CASH,0.0,0.0,0.0,0.0,0.0,0.0,1,8.070982241432047
2021-02-02,BNBUSDT,1.0,0.02181853114566401,1.0,0.0015,0.02031853114566401,0.02181853114566401,0,8.234972745480684
2021-02-03,BNBUSDT,1.0,0.07367421335379887,0.0,0.0,0.07367421335379887,0.07367421335379887,0,8.841677884493947
2021-02-04,BNBUSDT,1.0,0.20980380593961057,0.0,0.0,0.20980380593961057,0.20980380593961057,0,10.696695555552862
2021-02-05,BNBUSDT,1.0,0.07585025221379449,0.0,0.0,0.07585025221379449,0.07585025221379449,0,11.508042611295721
2021-02-06,CASH,0.0,0.0,1.0,0.0015,-0.0015,0.0,0,11.490780547378778
2021-02-07,CASH,0.0,0.0,0.0,0.0,0.0,0.0,0,11.490780547378778
2021-02-08,CASH,0.0,0.0,0.0,0.0,0.0,0.0,0,11.490780547378778
2021-02-09,CASH,0.0,0.0,0.0,0.0,0.0,0.0,0,11.490780547378778
2021-02-10,CASH,0.0,0.0,0.0,0.0,0.0,0.0,0,11.490780547378778
2021-02-11,CASH,0.0,0.0,0.0,0.0,0.0,0.0,0,11.490780547378778
2021-02-12,CASH,0.0,0.0,0.0,0.0,0.0,0.0,0,11.490780547378778
2021-02-13,CASH,0.0,0.0,0.0,0.0,0.0,0.0,0,11.490780547378778
2021-02-14,BTCUSDT,1.0,-0.013724173125208128,1.0,0.0015,-0.015224173125208127,-0.013724173125208128,0,11.31584291498171
2021-02-15,BTCUSDT,1.0,0.025512876974229215,0.0,0.0,0.025512876974229215,0.025512876974229215,0,11.604542623131342
2021-02-16,BTCUSDT,1.0,0.060778553103842725,0.0,0.0,0.060778553103842725,0.060778553103842725,0,12.309849933197137
2021-02-17,BTCUSDT,1.0,-0.01088091242257494,0.0,0.0,-0.01088091242257494,-0.01088091242257494,0,12.175907534138979
2021-02-18,BTCUSDT,1.0,0.08444578934913083,0.0,0.0,0.08444578934913083,0.08444578934913083,0,13.204111656901373
2021-02-19,BTCUSDT,1.0,-0.0011592673416090937,0.0,0.0,-0.0011592673416090937,-0.0011592673416090937,0,13.188804561482568
2021-02-20,BTCUSDT,1.0,0.02806852790923675,0.0,0.0,0.02806852790923675,0.02806852790923675,0,13.55899489040601
2021-02-21,BTCUSDT,1.0,-0.05784676399359889,0.0,0.0,-0.05784676399359889,-0.05784676399359889,0,12.77465091299028
2021-02-22,BTCUSDT,1.0,-0.09607864417158285,0.0,0.0,-0.09607864417158285,-0.09607864417158285,1,11.5472797735049
2021-02-23,CASH,0.0,0.0,1.0,0.0015,-0.0015,0.0,1,11.529958853844644
2021-02-24,CASH,0.0,0.0,0.0,0.0,0.0,0.0,1,11.529958853844644
2021-02-25,CASH,0.0,0.0,0.0,0.0,0.0,0.0,1,11.529958853844644
2021-02-26,CASH,0.0,0.0,0.0,0.0,0.0,0.0,1,11.529958853844644
2021-02-27,CASH,0.0,0.0,0.0,0.0,0.0,0.0,1,11.529958853844644
2021-02-28,CASH,0.0,0.0,0.0,0.0,0.0,0.0,1,11.529958853844644
2021-03-01,CASH,0.0,0.0,0.0,0.0,0.0,0.0,0,11.529958853844644
2021-03-02,CASH,0.0,0.0,0.0,0.0,0.0,0.0,0,11.529958853844644
2021-03-03,CASH,0.0,0.0,0.0,0.0,0.0,0.0,0,11.529958853844644
2021-03-04,CASH,0.0,0.0,0.0,0.0,0.0,0.0,1,11.529958853844644
2021-03-05,CASH,0.0,0.0,0.0,0.0,0.0,0.0,0,11.529958853844644
2021-03-06,CASH,0.0,0.0,0.0,0.0,0.0,0.0,1,11.529958853844644
2021-03-07,CASH,0.0,0.0,0.0,0.0,0.0,0.0,0,11.529958853844644
2021-03-08,CASH,0.0,0.0,0.0,0.0,0.0,0.0,0,11.529958853844644
2021-03-09,CASH,0.0,0.0,0.0,0.0,0.0,0.0,0,11.529958853844644
2021-03-10,CASH,0.0,0.0,0.0,0.0,0.0,0.0,0,11.529958853844644
2021-03-11,CASH,0.0,0.0,0.0,0.0,0.0,0.0,0,11.529958853844644
2021-03-12,CASH,0.0,0.0,0.0,0.0,0.0,0.0,0,11.529958853844644
2021-03-13,CASH,0.0,0.0,0.0,0.0,0.0,0.0,0,11.529958853844644
2021-03-14,CASH,0.0,0.0,0.0,0.0,0.0,0.0,0,11.529958853844644
2021-03-15,CASH,0.0,0.0,0.0,0.0,0.0,0.0,1,11.529958853844644
2021-03-16,CASH,0.0,0.0,0.0,0.0,0.0,0.0,1,11.529958853844644
2021-03-17,BTCUSDT,1.0,-0.021469126407987926,1.0,0.0015,-0.022969126407987928,-0.021469126407987926,1,11.265125771451787
2021-03-18,BTCUSDT,1.0,0.0066238020432916045,0.0,0.0,0.0066238020432916045,0.0066238020432916045,0,11.339743734554666
2021-03-19,TRXUSDT,1.0,0.038894575230296935,2.0,0.003,0.03589457523029693,0.038894575230296935,0,11.746779019126928
2021-03-20,TRXUSDT,1.0,0.04055829228243013,0.0,0.0,0.04055829228243013,0.04055829228243013,1,12.223208315961795
2021-03-21,TRXUSDT,1.0,-0.06469938456682967,0.0,0.0,-0.06469938456682967,-0.06469938456682967,1,11.432374260486913
2021-03-22,TRXUSDT,1.0,-0.012653956470389804,0.0,0.0,-0.012653956470389804,-0.012653956470389804,1,11.287709494241508
2021-03-23,TRXUSDT,1.0,-0.048530416951469646,0.0,0.0,-0.048530416951469646,-0.048530416951469646,1,10.739912246058905
2021-03-24,TRXUSDT,1.0,-0.007183908045977017,0.0,0.0,-0.007183908045977017,-0.007183908045977017,1,10.662757704061356
2021-03-25,TRXUSDT,1.0,0.16931982633863973,0.0,0.0,0.16931982633863973,0.16931982633863973,1,12.468173986804018
2021-03-26,BTCUSDT,1.0,0.014385125175395697,2.0,0.003,0.011385125175395697,0.014385125175395697,0,12.610125708352395
2021-03-27,BTCUSDT,1.0,-0.0007078470878300047,0.0,0.0,-0.0007078470878300047,-0.0007078470878300047,0,12.601199667592567
2021-03-28,BTCUSDT,1.0,0.03330797669244823,0.0,0.0,0.03330797669244823,0.03330797669244823,0,13.020920132417627
2021-03-29,BTCUSDT,1.0,0.01927805915350378,0.0,0.0,0.01927805915350378,0.01927805915350378,0,13.271938200963422
2021-03-30,BTCUSDT,1.0,-0.00010247406784769097,0.0,0.0,-0.00010247406784769097,-0.00010247406784769097,0,13.270578171467747
2021-03-31,BTCUSDT,1.0,-0.00034235294017503914,0.0,0.0,-0.00034235294017503914,-0.00034235294017503914,0,13.266034950012923
2021-04-01,BNBUSDT,1.0,0.010436407983175577,2.0,0.003,0.007436407983175577,0.010436407983175577,0,13.364686598220286
2021-04-02,BNBUSDT,1.0,-0.048311642090352436,0.0,0.0,-0.048311642090352436,-0.048311642090352436,0,12.719016642637339
2021-04-03,BNBUSDT,1.0,0.08359069755306492,0.0,0.0,0.08359069755306492,0.08359069755306492,1,13.782208115984435
2021-04-04,BNBUSDT,1.0,0.05493466322041085,0.0,0.0,0.05493466322041085,0.05493466322041085,1,14.539329077269652
2021-04-05,BNBUSDT,1.0,0.0960216701904184,0.0,0.0,0.0960216701904184,0.0960216701904184,0,15.935419738717199
2021-04-06,BNBUSDT,1.0,-0.0689475135163008,0.0,0.0,-0.0689475135163008,-0.0689475135163008,0,14.836712170894069
2021-04-07,ETHUSDT,1.0,0.05958328876937258,2.0,0.003,0.056583288769372575,0.05958328876937258,1,15.676222140047834
2021-04-08,ETHUSDT,1.0,-0.006532209222960383,0.0,0.0,-0.006532209222960383,-0.006532209222960383,1,15.573821777203438
2021-04-09,ETHUSDT,1.0,0.03223231262730608,0.0,0.0,0.03223231262730608,0.03223231262730608,0,16.07580206952821
2021-04-10,LTCUSDT,1.0,-0.015721307638292825,2.0,0.003,-0.018721307638292824,-0.015721307638292825,0,15.774842033452266
2021-04-11,LTCUSDT,1.0,-0.03127105544766362,0.0,0.0,-0.03127105544766362,-0.03127105544766362,0,15.281546073546046
2021-04-12,LTCUSDT,1.0,0.09479584322068568,0.0,0.0,0.09479584322068568,0.09479584322068568,0,16.7301731193036
2021-04-13,LTCUSDT,1.0,0.042116671026570573,0.0,0.0,0.042116671026570573,0.042116671026570573,0,17.434792316786883
2021-04-14,LTCUSDT,1.0,0.02427741519041815,0.0,0.0,0.02427741519041815,0.02427741519041815,0,17.85806400862023
2021-04-15,LTCUSDT,1.0,0.07982354794664426,0.0,0.0,0.07982354794664426,0.07982354794664426,0,19.283558037246568
2021-04-16,ETHUSDT,1.0,-0.04336950554553454,2.0,0.003,-0.04636950554553454,-0.04336950554553454,1,18.389388985900826
2021-04-17,ETHUSDT,1.0,-0.03536416983085955,0.0,0.0,-0.03536416983085955,-0.03536416983085955,1,17.739063510717692
2021-04-18,ETHUSDT,1.0,-0.033332736934390095,0.0,0.0,-0.033332736934390095,-0.033332736934390095,1,17.1477719732525
2021-04-19,ETHUSDT,1.0,0.0781585474198565,0.0,0.0,0.0781585474198565,0.0781585474198565,1,18.488016922168843
2021-04-20,ETHUSDT,1.0,0.011600709003746656,0.0,0.0,0.011600709003746656,0.011600709003746656,1,18.702491026539267
2021-04-21,ETHUSDT,1.0,0.017343639958253165,0.0,0.0,0.017343639958253165,0.017343639958253165,1,19.026860297226026
2021-04-22,BTCUSDT,1.0,-0.010946208002327706,2.0,0.003,-0.013946208002327706,-0.010946208002327706,1,18.76150774588968
2021-04-23,BTCUSDT,1.0,-0.021071824937789918,0.0,0.0,-0.021071824937789918,-0.021071824937789918,1,18.366168539099302
2021-04-24,BTCUSDT,1.0,-0.019602644190038987,0.0,0.0,-0.019602644190038987,-0.019602644190038987,1,18.00614307209305
2021-04-25,BTCUSDT,1.0,0.10056948928979836,0.0,0.0,0.10056948928979836,0.10056948928979836,1,19.81701168493249
2021-04-26,BTCUSDT,1.0,0.0187139627331816,0.0,0.0,0.0187139627331816,0.0187139627331816,0,20.18786650308734
2021-04-27,BTCUSDT,1.0,-0.0030129806294884043,0.0,0.0,-0.0030129806294884043,-0.0030129806294884043,0,20.12704085236284
2021-04-28,BTCUSDT,1.0,-0.023542552248814963,0.0,0.0,-0.023542552248814963,-0.023542552248814963,0,19.653198941482053
2021-04-29,BTCUSDT,1.0,0.07729007562319112,0.0,0.0,0.07729007562319112,0.07729007562319112,1,21.17219617390682
2021-04-30,BTCUSDT,1.0,0.0018390041160067927,0.0,0.0,0.0018390041160067927,0.0018390041160067927,0,21.211131929815537
2021-05-01,BTCUSDT,1.0,-0.021144501324126486,0.0,0.0,-0.021144501324126486,-0.021144501324126486,0,20.76263312263933
2021-05-02,BTCUSDT,1.0,0.010448898966580966,0.0,0.0,0.010448898966580966,0.010448898966580966,0,20.979579778417975
2021-05-03,BTCUSDT,1.0,-0.06943191102791191,0.0,0.0,-0.06943191102791191,-0.06943191102791191,1,19.522927461839878
2021-05-04,BTCUSDT,1.0,0.07962592488234499,0.0,0.0,0.07962592488234499,0.07962592488234499,1,21.07745861739981
2021-05-05,BTCUSDT,1.0,-0.0181493837239326,0.0,0.0,-0.0181493837239326,-0.0181493837239326,0,20.69491573302731
2021-05-06,BTCUSDT,1.0,0.016332858575641707,0.0,0.0,0.016332858575641707,0.016332858575641707,1,21.03292286492967
2021-05-07,BTCUSDT,1.0,0.026996541030014143,0.0,0.0,0.026996541030014143,0.026996541030014143,0,21.600739030033868
2021-05-08,CASH,0.0,0.0,1.0,0.0015,-0.0015,0.0,0,21.56833792148882
2021-05-09,CASH,0.0,0.0,0.0,0.0,0.0,0.0,0,21.56833792148882
2021-05-10,CASH,0.0,0.0,0.0,0.0,0.0,0.0,1,21.56833792148882
2021-05-11,BTCUSDT,1.0,-0.12420500292747383,1.0,0.0015,-0.12570500292747383,-0.12420500292747383,1,18.857089939927324
2021-05-12,BTCUSDT,1.0,0.0007988907004690127,0.0,0.0,0.0007988907004690127,0.0007988907004690127,1,18.87215469371824
2021-05-13,BTCUSDT,1.0,0.0034321858421528795,0.0,0.0,0.0034321858421528795,0.0034321858421528795,1,18.936927435868938
2021-05-14,BTCUSDT,1.0,-0.061765056995733425,0.0,0.0,-0.061765056995733425,-0.061765056995733425,1,17.767287033468424
2021-05-15,BTCUSDT,1.0,-0.007088725507072957,0.0,0.0,-0.007088725507072957,-0.007088725507072957,1,17.64133961268279
2021-05-16,BTCUSDT,1.0,-0.062316746174472026,0.0,0.0,-0.062316746174472026,-0.062316746174472026,1,16.541988729861576
2021-05-17,BTCUSDT,1.0,-0.015808244927883797,0.0,0.0,-0.015808244927883797,-0.015808244927883797,1,16.28048892042563
2021-05-18,BTCUSDT,1.0,-0.1437507963868193,0.0,0.0,-0.1437507963868193,-0.1437507963868193,1,13.940155672547657
2021-05-19,CASH,0.0,0.0,1.0,0.0015,-0.0015,0.0,1,13.919245439038837
2021-05-20,CASH,0.0,0.0,0.0,0.0,0.0,0.0,1,13.919245439038837
2021-05-21,CASH,0.0,0.0,0.0,0.0,0.0,0.0,1,13.919245439038837
2021-05-22,CASH,0.0,0.0,0.0,0.0,0.0,0.0,0,13.919245439038837
2021-05-23,CASH,0.0,0.0,0.0,0.0,0.0,0.0,1,13.919245439038837
2021-05-24,CASH,0.0,0.0,0.0,0.0,0.0,0.0,0,13.919245439038837
2021-05-25,CASH,0.0,0.0,0.0,0.0,0.0,0.0,0,13.919245439038837
2021-05-26,CASH,0.0,0.0,0.0,0.0,0.0,0.0,0,13.919245439038837
2021-05-27,CASH,0.0,0.0,0.0,0.0,0.0,0.0,1,13.919245439038837
2021-05-28,CASH,0.0,0.0,0.0,0.0,0.0,0.0,1,13.919245439038837
2021-05-29,CASH,0.0,0.0,0.0,0.0,0.0,0.0,1,13.919245439038837
2021-05-30,CASH,0.0,0.0,0.0,0.0,0.0,0.0,1,13.919245439038837
2021-05-31,CASH,0.0,0.0,0.0,0.0,0.0,0.0,0,13.919245439038837
2021-06-01,CASH,0.0,0.0,0.0,0.0,0.0,0.0,0,13.919245439038837
2021-06-02,CASH,0.0,0.0,0.0,0.0,0.0,0.0,0,13.919245439038837
2021-06-03,CASH,0.0,0.0,0.0,0.0,0.0,0.0,0,13.919245439038837
2021-06-04,CASH,0.0,0.0,0.0,0.0,0.0,0.0,0,13.919245439038837
2021-06-05,CASH,0.0,0.0,0.0,0.0,0.0,0.0,1,13.919245439038837
2021-06-06,CASH,0.0,0.0,0.0,0.0,0.0,0.0,1,13.919245439038837
2021-06-07,CASH,0.0,0.0,0.0,0.0,0.0,0.0,1,13.919245439038837
2021-06-08,CASH,0.0,0.0,0.0,0.0,0.0,0.0,1,13.919245439038837
2021-06-09,CASH,0.0,0.0,0.0,0.0,0.0,0.0,0,13.919245439038837
2021-06-10,CASH,0.0,0.0,0.0,0.0,0.0,0.0,0,13.919245439038837
2021-06-11,CASH,0.0,0.0,0.0,0.0,0.0,0.0,0,13.919245439038837
2021-06-12,CASH,0.0,0.0,0.0,0.0,0.0,0.0,1,13.919245439038837
2021-06-13,CASH,0.0,0.0,0.0,0.0,0.0,0.0,0,13.919245439038837
2021-06-14,CASH,0.0,0.0,0.0,0.0,0.0,0.0,0,13.919245439038837
2021-06-15,CASH,0.0,0.0,0.0,0.0,0.0,0.0,0,13.919245439038837
2021-06-16,CASH,0.0,0.0,0.0,0.0,0.0,0.0,1,13.919245439038837
2021-06-17,CASH,0.0,0.0,0.0,0.0,0.0,0.0,1,13.919245439038837
2021-06-18,CASH,0.0,0.0,0.0,0.0,0.0,0.0,1,13.919245439038837
2021-06-19,CASH,0.0,0.0,0.0,0.0,0.0,0.0,1,13.919245439038837
2021-06-20,CASH,0.0,0.0,0.0,0.0,0.0,0.0,1,13.919245439038837
2021-06-21,CASH,0.0,0.0,0.0,0.0,0.0,0.0,1,13.919245439038837
2021-06-22,CASH,0.0,0.0,0.0,0.0,0.0,0.0,1,13.919245439038837
2021-06-23,CASH,0.0,0.0,0.0,0.0,0.0,0.0,1,13.919245439038837
2021-06-24,CASH,0.0,0.0,0.0,0.0,0.0,0.0,0,13.919245439038837
2021-06-25,CASH,0.0,0.0,0.0,0.0,0.0,0.0,1,13.919245439038837
2021-06-26,CASH,0.0,0.0,0.0,0.0,0.0,0.0,1,13.919245439038837
2021-06-27,CASH,0.0,0.0,0.0,0.0,0.0,0.0,0,13.919245439038837
2021-06-28,CASH,0.0,0.0,0.0,0.0,0.0,0.0,0,13.919245439038837
2021-06-29,CASH,0.0,0.0,0.0,0.0,0.0,0.0,0,13.919245439038837
2021-06-30,CASH,0.0,0.0,0.0,0.0,0.0,0.0,0,13.919245439038837
2021-07-01,CASH,0.0,0.0,0.0,0.0,0.0,0.0,1,13.919245439038837
2021-07-02,CASH,0.0,0.0,0.0,0.0,0.0,0.0,1,13.919245439038837
2021-07-03,CASH,0.0,0.0,0.0,0.0,0.0,0.0,1,13.919245439038837
2021-07-04,CASH,0.0,0.0,0.0,0.0,0.0,0.0,0,13.919245439038837
2021-07-05,CASH,0.0,0.0,0.0,0.0,0.0,0.0,1,13.919245439038837
2021-07-06,CASH,0.0,0.0,0.0,0.0,0.0,0.0,1,13.919245439038837
2021-07-07,CASH,0.0,0.0,0.0,0.0,0.0,0.0,1,13.919245439038837
2021-07-08,CASH,0.0,0.0,0.0,0.0,0.0,0.0,1,13.919245439038837
2021-07-09,CASH,0.0,0.0,0.0,0.0,0.0,0.0,1,13.919245439038837
2021-07-10,CASH,0.0,0.0,0.0,0.0,0.0,0.0,1,13.919245439038837
2021-07-11,CASH,0.0,0.0,0.0,0.0,0.0,0.0,0,13.919245439038837
2021-07-12,CASH,0.0,0.0,0.0,0.0,0.0,0.0,1,13.919245439038837
2021-07-13,CASH,0.0,0.0,0.0,0.0,0.0,0.0,1,13.919245439038837
2021-07-14,CASH,0.0,0.0,0.0,0.0,0.0,0.0,1,13.919245439038837
2021-07-15,CASH,0.0,0.0,0.0,0.0,0.0,0.0,1,13.919245439038837
2021-07-16,CASH,0.0,0.0,0.0,0.0,0.0,0.0,1,13.919245439038837
2021-07-17,CASH,0.0,0.0,0.0,0.0,0.0,0.0,1,13.919245439038837
2021-07-18,CASH,0.0,0.0,0.0,0.0,0.0,0.0,1,13.919245439038837
2021-07-19,CASH,0.0,0.0,0.0,0.0,0.0,0.0,1,13.919245439038837
2021-07-20,CASH,0.0,0.0,0.0,0.0,0.0,0.0,1,13.919245439038837
2021-07-21,CASH,0.0,0.0,0.0,0.0,0.0,0.0,0,13.919245439038837
2021-07-22,CASH,0.0,0.0,0.0,0.0,0.0,0.0,0,13.919245439038837
2021-07-23,CASH,0.0,0.0,0.0,0.0,0.0,0.0,0,13.919245439038837
2021-07-24,CASH,0.0,0.0,0.0,0.0,0.0,0.0,0,13.919245439038837
2021-07-25,CASH,0.0,0.0,0.0,0.0,0.0,0.0,0,13.919245439038837
2021-07-26,CASH,0.0,0.0,0.0,0.0,0.0,0.0,0,13.919245439038837
2021-07-27,CASH,0.0,0.0,0.0,0.0,0.0,0.0,0,13.919245439038837
2021-07-28,CASH,0.0,0.0,0.0,0.0,0.0,0.0,0,13.919245439038837
2021-07-29,CASH,0.0,0.0,0.0,0.0,0.0,0.0,0,13.919245439038837
2021-07-30,CASH,0.0,0.0,0.0,0.0,0.0,0.0,0,13.919245439038837
2021-07-31,CASH,0.0,0.0,0.0,0.0,0.0,0.0,0,13.919245439038837
2021-08-01,CASH,0.0,0.0,0.0,0.0,0.0,0.0,1,13.919245439038837
2021-08-02,CASH,0.0,0.0,0.0,0.0,0.0,0.0,1,13.919245439038837
2021-08-03,CASH,0.0,0.0,0.0,0.0,0.0,0.0,1,13.919245439038837
2021-08-04,CASH,0.0,0.0,0.0,0.0,0.0,0.0,1,13.919245439038837
2021-08-05,CASH,0.0,0.0,0.0,0.0,0.0,0.0,0,13.919245439038837
2021-08-06,CASH,0.0,0.0,0.0,0.0,0.0,0.0,0,13.919245439038837
2021-08-07,CASH,0.0,0.0,0.0,0.0,0.0,0.0,0,13.919245439038837
2021-08-08,CASH,0.0,0.0,0.0,0.0,0.0,0.0,0,13.919245439038837
2021-08-09,CASH,0.0,0.0,0.0,0.0,0.0,0.0,0,13.919245439038837
2021-08-10,CASH,0.0,0.0,0.0,0.0,0.0,0.0,0,13.919245439038837
2021-08-11,CASH,0.0,0.0,0.0,0.0,0.0,0.0,0,13.919245439038837
2021-08-12,CASH,0.0,0.0,0.0,0.0,0.0,0.0,1,13.919245439038837
2021-08-13,ETHUSDT,1.0,-0.01780683377880532,1.0,0.0015,-0.01930683377880532,-0.01780683377880532,0,13.65050888102092
2021-08-14,ETHUSDT,1.0,0.013462410669412561,0.0,0.0,0.013462410669412561,0.013462410669412561,0,13.834277637423687
2021-08-15,ADAUSDT,1.0,-0.04398393870863526,2.0,0.003,-0.046983938708635264,-0.04398393870863526,0,13.184288784828729
2021-08-16,ADAUSDT,1.0,-0.07120787872936185,0.0,0.0,-0.07120787872936185,-0.07120787872936185,1,12.245463547905759
2021-08-17,ADAUSDT,1.0,0.09376786735277287,0.0,0.0,0.09376786735277287,0.09376786735277287,1,13.393694549539001
2021-08-18,ADAUSDT,1.0,0.16005322435014024,0.0,0.0,0.16005322435014024,0.16005322435014024,1,15.537398548153618
2021-08-19,ADAUSDT,1.0,0.005980910245381166,0.0,0.0,0.005980910245381166,0.005980910245381166,0,15.630326334316841
2021-08-20,ETHUSDT,1.0,-0.01868899970165805,2.0,0.003,-0.021688999701658048,-0.01868899970165805,0,15.291320191115025
2021-08-21,ETHUSDT,1.0,0.004520029906031731,0.0,0.0,0.004520029906031731,0.004520029906031731,0,15.360437415681572
2021-08-22,ETHUSDT,1.0,0.025719579987646846,0.0,0.0,0.025719579987646846,0.025719579987646846,0,15.755501414439438
2021-08-23,BNBUSDT,1.0,-0.05498336873321841,2.0,0.003,-0.05798336873321841,-0.05498336873321841,0,14.841944366349251
2021-08-24,BNBUSDT,1.0,0.06693948517874548,0.0,0.0,0.06693948517874548,0.06693948517874548,1,15.835456481284252
2021-08-25,BNBUSDT,1.0,-0.04986188119795698,0.0,0.0,-0.04986188119795698,-0.04986188119795698,1,15.04587083149904
2021-08-26,BNBUSDT,1.0,0.03430244718678099,0.0,0.0,0.03430244718678099,0.03430244718678099,1,15.561981021075663
2021-08-27,BNBUSDT,1.0,-0.01678463094034377,0.0,0.0,-0.01678463094034377,-0.01678463094034377,0,15.300778912936273
2021-08-28,BNBUSDT,1.0,-0.013368983957219305,0.0,0.0,-0.013368983957219305,-0.013368983957219305,1,15.096223045116268
2021-08-29,BNBUSDT,1.0,-0.04044194288096725,0.0,0.0,-0.04044194288096725,-0.04044194288096725,0,14.485702455007335
2021-08-30,BNBUSDT,1.0,0.007820986313273881,0.0,0.0,0.007820986313273881,0.007820986313273881,1,14.598994935646106
2021-08-31,BNBUSDT,1.0,0.05496874326363432,0.0,0.0,0.05496874326363432,0.05496874326363432,1,15.401483340170735
2021-09-01,ETHUSDT,1.0,-0.010713856413418932,2.0,0.003,-0.013713856413418931,-0.010713856413418932,0,15.19026960908997
2021-09-02,BNBUSDT,1.0,0.00992350630556138,2.0,0.003,0.00692350630556138,0.00992350630556138,0,15.295439536511683
2021-09-03,ETHUSDT,1.0,-0.013354121647186079,2.0,0.003,-0.01635412164718608,-0.013354121647186079,0,15.045296057684391
2021-09-04,ADAUSDT,1.0,0.028268551236749095,2.0,0.003,0.025268551236749096,0.028268551236749095,0,15.42546889199005
2021-09-05,ADAUSDT,1.0,-0.026460481099656374,0.0,0.0,-0.026460481099656374,-0.026460481099656374,0,15.01730356392021
2021-09-06,ADAUSDT,1.0,-0.11260148252735624,0.0,0.0,-0.11260148252735624,-0.11260148252735624,0,13.326332919059444
2021-09-07,ETHUSDT,1.0,0.01875926244042181,2.0,0.003,0.01575926244042181,0.01875926244042181,1,13.536346096899337
2021-09-08,ETHUSDT,1.0,-0.02116890540154337,0.0,0.0,-0.02116890540154337,-0.02116890540154337,1,13.249796466891524
2021-09-09,ETHUSDT,1.0,-0.06308742076480389,0.0,0.0,-0.06308742076480389,-0.06308742076480389,1,12.413900982136727
2021-09-10,CASH,0.0,0.0,1.0,0.0015,-0.0015,0.0,1,12.395280130663522
2021-09-11,CASH,0.0,0.0,0.0,0.0,0.0,0.0,1,12.395280130663522
2021-09-12,CASH,0.0,0.0,0.0,0.0,0.0,0.0,1,12.395280130663522
2021-09-13,CASH,0.0,0.0,0.0,0.0,0.0,0.0,0,12.395280130663522
2021-09-14,CASH,0.0,0.0,0.0,0.0,0.0,0.0,0,12.395280130663522
2021-09-15,CASH,0.0,0.0,0.0,0.0,0.0,0.0,0,12.395280130663522
2021-09-16,CASH,0.0,0.0,0.0,0.0,0.0,0.0,0,12.395280130663522
2021-09-17,CASH,0.0,0.0,0.0,0.0,0.0,0.0,0,12.395280130663522
2021-09-18,CASH,0.0,0.0,0.0,0.0,0.0,0.0,0,12.395280130663522
2021-09-19,CASH,0.0,0.0,0.0,0.0,0.0,0.0,1,12.395280130663522
2021-09-20,CASH,0.0,0.0,0.0,0.0,0.0,0.0,1,12.395280130663522
2021-09-21,CASH,0.0,0.0,0.0,0.0,0.0,0.0,1,12.395280130663522
2021-09-22,CASH,0.0,0.0,0.0,0.0,0.0,0.0,1,12.395280130663522
2021-09-23,CASH,0.0,0.0,0.0,0.0,0.0,0.0,0,12.395280130663522
2021-09-24,CASH,0.0,0.0,0.0,0.0,0.0,0.0,0,12.395280130663522
2021-09-25,CASH,0.0,0.0,0.0,0.0,0.0,0.0,1,12.395280130663522
2021-09-26,CASH,0.0,0.0,0.0,0.0,0.0,0.0,1,12.395280130663522
2021-09-27,CASH,0.0,0.0,0.0,0.0,0.0,0.0,1,12.395280130663522
2021-09-28,CASH,0.0,0.0,0.0,0.0,0.0,0.0,1,12.395280130663522
2021-09-29,CASH,0.0,0.0,0.0,0.0,0.0,0.0,1,12.395280130663522
2021-09-30,CASH,0.0,0.0,0.0,0.0,0.0,0.0,0,12.395280130663522
2021-10-01,CASH,0.0,0.0,0.0,0.0,0.0,0.0,0,12.395280130663522
2021-10-02,CASH,0.0,0.0,0.0,0.0,0.0,0.0,0,12.395280130663522
2021-10-03,CASH,0.0,0.0,0.0,0.0,0.0,0.0,0,12.395280130663522
2021-10-04,CASH,0.0,0.0,0.0,0.0,0.0,0.0,0,12.395280130663522
2021-10-05,CASH,0.0,0.0,0.0,0.0,0.0,0.0,0,12.395280130663522
2021-10-06,CASH,0.0,0.0,0.0,0.0,0.0,0.0,0,12.395280130663522
2021-10-07,CASH,0.0,0.0,0.0,0.0,0.0,0.0,0,12.395280130663522
2021-10-08,CASH,0.0,0.0,0.0,0.0,0.0,0.0,0,12.395280130663522
2021-10-09,BTCUSDT,1.0,-0.005290654802244665,1.0,0.0015,-0.006790654802244665,-0.005290654802244665,1,12.311108062119064
2021-10-10,BTCUSDT,1.0,0.05145264274867811,0.0,0.0,0.05145264274867811,0.05145264274867811,0,12.944547107079648
2021-10-11,BTCUSDT,1.0,-0.025654869774244027,0.0,0.0,-0.025654869774244027,-0.025654869774244027,0,12.612456436760953
2021-10-12,BTCUSDT,1.0,0.02446687702343686,0.0,0.0,0.02446687702343686,0.02446687702343686,0,12.921043857362637
2021-10-13,BTCUSDT,1.0,-0.00033224676207577186,0.0,0.0,-0.00033224676207577186,-0.00033224676207577186,0,12.91675088237839
2021-10-14,BTCUSDT,1.0,0.0754077653007239,0.0,0.0,0.0754077653007239,0.0754077653007239,1,13.890774201364698
2021-10-15,BTCUSDT,1.0,-0.012920686426769024,0.0,0.0,-0.012920686426769024,-0.012920686426769024,0,13.711295863683812
2021-10-16,BTCUSDT,1.0,0.01072285647592297,0.0,0.0,0.01072285647592297,0.01072285647592297,0,13.85832012132901
2021-10-17,BTCUSDT,1.0,0.007825825924415497,0.0,0.0,0.007825825924415497,0.007825825924415497,0,13.966772922203356
2021-10-18,BTCUSDT,1.0,0.03661918818045651,0.0,0.0,0.03661918818045651,0.03661918818045651,0,14.478224808115225
2021-10-19,BTCUSDT,1.0,0.026770445013028166,0.0,0.0,0.026770445013028166,0.026770445013028166,0,14.865813329227134
2021-10-20,BTCUSDT,1.0,-0.05769967641600382,0.0,0.0,-0.05769967641600382,-0.05769967641600382,0,14.008060710470012
2021-10-21,BTCUSDT,1.0,-0.02419768093431507,0.0,0.0,-0.02419768093431507,-0.02419768093431507,0,13.669098126889544
2021-10-22,BTCUSDT,1.0,0.009862375268215207,0.0,0.0,0.009862375268215207,0.009862375268215207,1,13.803907902194986
2021-10-23,BTCUSDT,1.0,-0.007090113278971355,0.0,0.0,-0.007090113278971355,-0.007090113278971355,1,13.706036631475936
2021-10-24,SOLUSDT,1.0,0.037399821905609976,2.0,0.003,0.03439982190560997,0.037399821905609976,1,14.177521850630473
2021-10-25,SOLUSDT,1.0,-0.046971864568431054,0.0,0.0,-0.046971864568431054,-0.046971864568431054,0,13.511577214346687
2021-10-26,SOLUSDT,1.0,-0.07685764323242428,0.0,0.0,-0.07685764323242428,-0.07685764323242428,1,12.473109233299077
2021-10-27,ETHUSDT,1.0,0.09281489036206025,2.0,0.003,0.08981489036206025,0.09281489036206025,1,13.593380171561833
2021-10-28,ETHUSDT,1.0,0.031000788610412444,0.0,0.0,0.031000788610412444,0.031000788610412444,1,14.014785676761393
2021-10-29,ETHUSDT,1.0,-0.021772436064260492,0.0,0.0,-0.021772436064260492,-0.021772436064260492,0,13.709649651659792
2021-10-30,ETHUSDT,1.0,-0.008205557663301555,0.0,0.0,-0.008205557663301555,-0.008205557663301555,0,13.597154330899436
2021-10-31,BNBUSDT,1.0,0.05089592070148674,2.0,0.003,0.04789592070148674,0.05089592070148674,0,14.248402556498071
2021-11-01,ETHUSDT,1.0,0.0626147431489803,2.0,0.003,0.0596147431489803,0.0626147431489803,1,15.097817415186979
2021-11-02,ETHUSDT,1.0,0.0029325321521866954,0.0,0.0,0.0029325321521866954,0.0029325321521866954,0,15.14209225018486
2021-11-03,AVAXUSDT,1.0,0.04526803441429528,2.0,0.003,0.042268034414295275,0.04526803441429528,0,15.782118726520109
2021-11-04,DOTUSDT,1.0,-0.03827573392790784,2.0,0.003,-0.04127573392790784,-0.03827573392790784,0,15.130700193145612
2021-11-05,AVAXUSDT,1.0,0.0610594419733117,2.0,0.003,0.0580594419733117,0.0610594419733117,1,16.009180203025128
2021-11-06,AVAXUSDT,1.0,0.11242378048780477,0.0,0.0,0.11242378048780477,0.11242378048780477,1,17.808992763959736
2021-11-07,AVAXUSDT,1.0,0.041224163526321966,0.0,0.0,0.041224163526321966,0.041224163526321966,0,18.543153593900296
2021-11-08,BNBUSDT,1.0,-0.028309104820198883,2.0,0.003,-0.031309104820198885,-0.028309104820198883,0,17.962584054331824
2021-11-09,BNBUSDT,1.0,-0.03291338582677161,0.0,0.0,-0.03291338582677161,-0.03291338582677161,0,17.371374594905785
2021-11-10,BNBUSDT,1.0,0.023286109754111717,0.0,0.0,0.023286109754111717,0.023286109754111717,0,17.775886330302548
2021-11-11,LTCUSDT,1.0,-0.04231795653831494,2.0,0.003,-0.04531795653831494,-0.04231795653831494,1,16.97031948615587
2021-11-12,BNBUSDT,1.0,0.03605040676343929,2.0,0.003,0.03305040676343929,0.03605040676343929,1,17.53119544807884
2021-11-13,BNBUSDT,1.0,0.002001539645881456,0.0,0.0,0.002001539645881456,0.002001539645881456,1,17.566284830807867
2021-11-14,BNBUSDT,1.0,-0.02612169637369388,0.0,0.0,-0.02612169637369388,-0.02612169637369388,0,17.10742367204368
2021-11-15,BNBUSDT,1.0,-0.0711580940359734,0.0,0.0,-0.0711580940359734,-0.0711580940359734,1,15.89009200967516
2021-11-16,BNBUSDT,1.0,-0.01817564124341775,0.0,0.0,-0.01817564124341775,-0.01817564124341775,1,15.601279397982404
2021-11-17,BNBUSDT,1.0,-0.07993079584775098,0.0,0.0,-0.07993079584775098,-0.07993079584775098,1,14.354256719458549
2021-11-18,ETHUSDT,1.0,0.07452275513522988,2.0,0.003,0.07152275513522988,0.07452275513522988,1,15.380912707952609
2021-11-19,ETHUSDT,1.0,0.027337965334500502,0.0,0.0,0.027337965334500502,0.027337965334500502,1,15.801395566375595
2021-11-20,ETHUSDT,1.0,-0.03487172978375708,0.0,0.0,-0.03487172978375708,-0.03487172978375708,1,15.250373569978688
2021-11-21,ETHUSDT,1.0,-0.04047145463810775,0.0,0.0,-0.04047145463810775,-0.04047145463810775,0,14.633168767827097
2021-11-22,ETHUSDT,1.0,0.06203422932620639,0.0,0.0,0.06203422932620639,0.06203422932620639,1,15.540926114939564
2021-11-23,ETHUSDT,1.0,-0.01614954925059453,0.0,0.0,-0.01614954925059453,-0.01614954925059453,1,15.289947163246497
2021-11-24,ETHUSDT,1.0,0.05984269305001244,0.0,0.0,0.05984269305001244,0.05984269305001244,1,16.204938778087566
2021-11-25,TRXUSDT,1.0,-0.0788501846491666,2.0,0.003,-0.0818501846491666,-0.0788501846491666,0,14.878561546872659
2021-11-26,ETHUSDT,1.0,0.013384638226269452,2.0,0.003,0.010384638226269453,0.013384638226269452,1,15.033070025864216
2021-11-27,ETHUSDT,1.0,0.04871205702160286,0.0,0.0,0.04871205702160286,0.04871205702160286,1,15.765361790173863
2021-11-28,ETHUSDT,1.0,0.03486790941561613,0.0,0.0,0.03486790941561613,0.03486790941561613,1,16.31506699697806
2021-11-29,ETHUSDT,1.0,0.041788445572422894,0.0,0.0,0.041788445572422894,0.041788445572422894,0,16.99684828619171
2021-11-30,TRXUSDT,1.0,0.003729796933278129,2.0,0.003,0.0007297969332781288,0.003729796933278129,0,17.00925253394637
2021-12-01,TRXUSDT,1.0,0.00639966969446748,0.0,0.0,0.00639966969446748,0.00639966969446748,1,17.11810613191341
2021-12-02,TRXUSDT,1.0,-0.03712820512820514,0.0,0.0,-0.03712820512820514,-0.03712820512820514,1,16.482541576041342
2021-12-03,TRXUSDT,1.0,-0.07371112057946327,0.0,0.0,-0.07371112057946327,-0.07371112057946327,1,15.267594966473743
2021-12-04,CASH,0.0,0.0,1.0,0.0015,-0.0015,0.0,1,15.244693574024033
2021-12-05,CASH,0.0,0.0,0.0,0.0,0.0,0.0,1,15.244693574024033
2021-12-06,CASH,0.0,0.0,0.0,0.0,0.0,0.0,1,15.244693574024033
2021-12-07,CASH,0.0,0.0,0.0,0.0,0.0,0.0,0,15.244693574024033
2021-12-08,CASH,0.0,0.0,0.0,0.0,0.0,0.0,0,15.244693574024033
2021-12-09,CASH,0.0,0.0,0.0,0.0,0.0,0.0,1,15.244693574024033
2021-12-10,CASH,0.0,0.0,0.0,0.0,0.0,0.0,1,15.244693574024033
2021-12-11,CASH,0.0,0.0,0.0,0.0,0.0,0.0,1,15.244693574024033
2021-12-12,CASH,0.0,0.0,0.0,0.0,0.0,0.0,0,15.244693574024033
2021-12-13,CASH,0.0,0.0,0.0,0.0,0.0,0.0,1,15.244693574024033
2021-12-14,CASH,0.0,0.0,0.0,0.0,0.0,0.0,1,15.244693574024033
2021-12-15,CASH,0.0,0.0,0.0,0.0,0.0,0.0,1,15.244693574024033
2021-12-16,CASH,0.0,0.0,0.0,0.0,0.0,0.0,0,15.244693574024033
2021-12-17,CASH,0.0,0.0,0.0,0.0,0.0,0.0,1,15.244693574024033
2021-12-18,CASH,0.0,0.0,0.0,0.0,0.0,0.0,1,15.244693574024033
2021-12-19,CASH,0.0,0.0,0.0,0.0,0.0,0.0,1,15.244693574024033
2021-12-20,CASH,0.0,0.0,0.0,0.0,0.0,0.0,0,15.244693574024033
2021-12-21,CASH,0.0,0.0,0.0,0.0,0.0,0.0,0,15.244693574024033
2021-12-22,CASH,0.0,0.0,0.0,0.0,0.0,0.0,0,15.244693574024033
2021-12-23,CASH,0.0,0.0,0.0,0.0,0.0,0.0,0,15.244693574024033
2021-12-24,CASH,0.0,0.0,0.0,0.0,0.0,0.0,0,15.244693574024033
2021-12-25,CASH,0.0,0.0,0.0,0.0,0.0,0.0,0,15.244693574024033
2021-12-26,CASH,0.0,0.0,0.0,0.0,0.0,0.0,1,15.244693574024033
2021-12-27,CASH,0.0,0.0,0.0,0.0,0.0,0.0,1,15.244693574024033
2021-12-28,CASH,0.0,0.0,0.0,0.0,0.0,0.0,1,15.244693574024033
2021-12-29,CASH,0.0,0.0,0.0,0.0,0.0,0.0,1,15.244693574024033
2021-12-30,CASH,0.0,0.0,0.0,0.0,0.0,0.0,1,15.244693574024033
2021-12-31,CASH,0.0,0.0,0.0,0.0,0.0,0.0,1,15.244693574024033
2022-01-01,CASH,0.0,0.0,0.0,0.0,0.0,0.0,0,15.244693574024033
2022-01-02,CASH,0.0,0.0,0.0,0.0,0.0,0.0,0,15.244693574024033
2022-01-03,CASH,0.0,0.0,0.0,0.0,0.0,0.0,0,15.244693574024033
2022-01-04,CASH,0.0,0.0,0.0,0.0,0.0,0.0,1,15.244693574024033
2022-01-05,CASH,0.0,0.0,0.0,0.0,0.0,0.0,1,15.244693574024033
2022-01-06,CASH,0.0,0.0,0.0,0.0,0.0,0.0,1,15.244693574024033
2022-01-07,CASH,0.0,0.0,0.0,0.0,0.0,0.0,1,15.244693574024033
2022-01-08,CASH,0.0,0.0,0.0,0.0,0.0,0.0,1,15.244693574024033
2022-01-09,CASH,0.0,0.0,0.0,0.0,0.0,0.0,1,15.244693574024033
2022-01-10,CASH,0.0,0.0,0.0,0.0,0.0,0.0,0,15.244693574024033
2022-01-11,CASH,0.0,0.0,0.0,0.0,0.0,0.0,0,15.244693574024033
2022-01-12,CASH,0.0,0.0,0.0,0.0,0.0,0.0,0,15.244693574024033
2022-01-13,CASH,0.0,0.0,0.0,0.0,0.0,0.0,0,15.244693574024033
2022-01-14,CASH,0.0,0.0,0.0,0.0,0.0,0.0,0,15.244693574024033
2022-01-15,CASH,0.0,0.0,0.0,0.0,0.0,0.0,1,15.244693574024033
2022-01-16,CASH,0.0,0.0,0.0,0.0,0.0,0.0,0,15.244693574024033
2022-01-17,CASH,0.0,0.0,0.0,0.0,0.0,0.0,1,15.244693574024033
2022-01-18,CASH,0.0,0.0,0.0,0.0,0.0,0.0,1,15.244693574024033
2022-01-19,CASH,0.0,0.0,0.0,0.0,0.0,0.0,1,15.244693574024033
2022-01-20,CASH,0.0,0.0,0.0,0.0,0.0,0.0,1,15.244693574024033
2022-01-21,CASH,0.0,0.0,0.0,0.0,0.0,0.0,1,15.244693574024033
2022-01-22,CASH,0.0,0.0,0.0,0.0,0.0,0.0,1,15.244693574024033
2022-01-23,CASH,0.0,0.0,0.0,0.0,0.0,0.0,1,15.244693574024033
2022-01-24,CASH,0.0,0.0,0.0,0.0,0.0,0.0,0,15.244693574024033
2022-01-25,CASH,0.0,0.0,0.0,0.0,0.0,0.0,0,15.244693574024033
2022-01-26,CASH,0.0,0.0,0.0,0.0,0.0,0.0,0,15.244693574024033
2022-01-27,CASH,0.0,0.0,0.0,0.0,0.0,0.0,0,15.244693574024033
2022-01-28,CASH,0.0,0.0,0.0,0.0,0.0,0.0,0,15.244693574024033
2022-01-29,CASH,0.0,0.0,0.0,0.0,0.0,0.0,0,15.244693574024033
2022-01-30,CASH,0.0,0.0,0.0,0.0,0.0,0.0,0,15.244693574024033
2022-01-31,CASH,0.0,0.0,0.0,0.0,0.0,0.0,0,15.244693574024033
2022-02-01,CASH,0.0,0.0,0.0,0.0,0.0,0.0,0,15.244693574024033
2022-02-02,CASH,0.0,0.0,0.0,0.0,0.0,0.0,1,15.244693574024033
2022-02-03,CASH,0.0,0.0,0.0,0.0,0.0,0.0,1,15.244693574024033
2022-02-04,CASH,0.0,0.0,0.0,0.0,0.0,0.0,0,15.244693574024033
2022-02-05,CASH,0.0,0.0,0.0,0.0,0.0,0.0,0,15.244693574024033
2022-02-06,CASH,0.0,0.0,0.0,0.0,0.0,0.0,0,15.244693574024033
2022-02-07,CASH,0.0,0.0,0.0,0.0,0.0,0.0,0,15.244693574024033
2022-02-08,CASH,0.0,0.0,0.0,0.0,0.0,0.0,0,15.244693574024033
2022-02-09,CASH,0.0,0.0,0.0,0.0,0.0,0.0,0,15.244693574024033
2022-02-10,CASH,0.0,0.0,0.0,0.0,0.0,0.0,1,15.244693574024033
2022-02-11,CASH,0.0,0.0,0.0,0.0,0.0,0.0,1,15.244693574024033
2022-02-12,CASH,0.0,0.0,0.0,0.0,0.0,0.0,1,15.244693574024033
2022-02-13,CASH,0.0,0.0,0.0,0.0,0.0,0.0,1,15.244693574024033
2022-02-14,CASH,0.0,0.0,0.0,0.0,0.0,0.0,0,15.244693574024033
2022-02-15,CASH,0.0,0.0,0.0,0.0,0.0,0.0,0,15.244693574024033
2022-02-16,CASH,0.0,0.0,0.0,0.0,0.0,0.0,0,15.244693574024033
2022-02-17,CASH,0.0,0.0,0.0,0.0,0.0,0.0,1,15.244693574024033
2022-02-18,CASH,0.0,0.0,0.0,0.0,0.0,0.0,1,15.244693574024033
2022-02-19,CASH,0.0,0.0,0.0,0.0,0.0,0.0,1,15.244693574024033
2022-02-20,CASH,0.0,0.0,0.0,0.0,0.0,0.0,1,15.244693574024033
2022-02-21,CASH,0.0,0.0,0.0,0.0,0.0,0.0,1,15.244693574024033
2022-02-22,CASH,0.0,0.0,0.0,0.0,0.0,0.0,1,15.244693574024033
2022-02-23,CASH,0.0,0.0,0.0,0.0,0.0,0.0,1,15.244693574024033
2022-02-24,CASH,0.0,0.0,0.0,0.0,0.0,0.0,0,15.244693574024033
2022-02-25,CASH,0.0,0.0,0.0,0.0,0.0,0.0,0,15.244693574024033
2022-02-26,CASH,0.0,0.0,0.0,0.0,0.0,0.0,0,15.244693574024033
2022-02-27,CASH,0.0,0.0,0.0,0.0,0.0,0.0,1,15.244693574024033
2022-02-28,CASH,0.0,0.0,0.0,0.0,0.0,0.0,0,15.244693574024033
2022-03-01,CASH,0.0,0.0,0.0,0.0,0.0,0.0,0,15.244693574024033
2022-03-02,CASH,0.0,0.0,0.0,0.0,0.0,0.0,0,15.244693574024033
2022-03-03,CASH,0.0,0.0,0.0,0.0,0.0,0.0,1,15.244693574024033
2022-03-04,CASH,0.0,0.0,0.0,0.0,0.0,0.0,1,15.244693574024033
2022-03-05,CASH,0.0,0.0,0.0,0.0,0.0,0.0,1,15.244693574024033
2022-03-06,CASH,0.0,0.0,0.0,0.0,0.0,0.0,1,15.244693574024033
2022-03-07,CASH,0.0,0.0,0.0,0.0,0.0,0.0,1,15.244693574024033
2022-03-08,CASH,0.0,0.0,0.0,0.0,0.0,0.0,1,15.244693574024033
2022-03-09,CASH,0.0,0.0,0.0,0.0,0.0,0.0,0,15.244693574024033
2022-03-10,CASH,0.0,0.0,0.0,0.0,0.0,0.0,0,15.244693574024033
2022-03-11,CASH,0.0,0.0,0.0,0.0,0.0,0.0,1,15.244693574024033
2022-03-12,CASH,0.0,0.0,0.0,0.0,0.0,0.0,1,15.244693574024033
2022-03-13,CASH,0.0,0.0,0.0,0.0,0.0,0.0,1,15.244693574024033
2022-03-14,CASH,0.0,0.0,0.0,0.0,0.0,0.0,0,15.244693574024033
2022-03-15,CASH,0.0,0.0,0.0,0.0,0.0,0.0,0,15.244693574024033
2022-03-16,CASH,0.0,0.0,0.0,0.0,0.0,0.0,0,15.244693574024033
2022-03-17,CASH,0.0,0.0,0.0,0.0,0.0,0.0,0,15.244693574024033
2022-03-18,CASH,0.0,0.0,0.0,0.0,0.0,0.0,0,15.244693574024033
2022-03-19,CASH,0.0,0.0,0.0,0.0,0.0,0.0,0,15.244693574024033
2022-03-20,CASH,0.0,0.0,0.0,0.0,0.0,0.0,0,15.244693574024033
2022-03-21,CASH,0.0,0.0,0.0,0.0,0.0,0.0,1,15.244693574024033
2022-03-22,CASH,0.0,0.0,0.0,0.0,0.0,0.0,0,15.244693574024033
2022-03-23,CASH,0.0,0.0,0.0,0.0,0.0,0.0,0,15.244693574024033
2022-03-24,CASH,0.0,0.0,0.0,0.0,0.0,0.0,0,15.244693574024033
2022-03-25,CASH,0.0,0.0,0.0,0.0,0.0,0.0,0,15.244693574024033
2022-03-26,CASH,0.0,0.0,0.0,0.0,0.0,0.0,0,15.244693574024033
2022-03-27,CASH,0.0,0.0,0.0,0.0,0.0,0.0,0,15.244693574024033
2022-03-28,CASH,0.0,0.0,0.0,0.0,0.0,0.0,0,15.244693574024033
2022-03-29,CASH,0.0,0.0,0.0,0.0,0.0,0.0,0,15.244693574024033
2022-03-30,CASH,0.0,0.0,0.0,0.0,0.0,0.0,0,15.244693574024033
2022-03-31,CASH,0.0,0.0,0.0,0.0,0.0,0.0,1,15.244693574024033
2022-04-01,CASH,0.0,0.0,0.0,0.0,0.0,0.0,1,15.244693574024033
2022-04-02,CASH,0.0,0.0,0.0,0.0,0.0,0.0,1,15.244693574024033
2022-04-03,CASH,0.0,0.0,0.0,0.0,0.0,0.0,0,15.244693574024033
2022-04-04,CASH,0.0,0.0,0.0,0.0,0.0,0.0,0,15.244693574024033
2022-04-05,CASH,0.0,0.0,0.0,0.0,0.0,0.0,1,15.244693574024033
2022-04-06,CASH,0.0,0.0,0.0,0.0,0.0,0.0,1,15.244693574024033
2022-04-07,CASH,0.0,0.0,0.0,0.0,0.0,0.0,1,15.244693574024033
2022-04-08,CASH,0.0,0.0,0.0,0.0,0.0,0.0,1,15.244693574024033
2022-04-09,CASH,0.0,0.0,0.0,0.0,0.0,0.0,1,15.244693574024033
2022-04-10,CASH,0.0,0.0,0.0,0.0,0.0,0.0,1,15.244693574024033
2022-04-11,CASH,0.0,0.0,0.0,0.0,0.0,0.0,1,15.244693574024033
2022-04-12,CASH,0.0,0.0,0.0,0.0,0.0,0.0,1,15.244693574024033
2022-04-13,CASH,0.0,0.0,0.0,0.0,0.0,0.0,1,15.244693574024033
2022-04-14,CASH,0.0,0.0,0.0,0.0,0.0,0.0,0,15.244693574024033
2022-04-15,CASH,0.0,0.0,0.0,0.0,0.0,0.0,0,15.244693574024033
2022-04-16,CASH,0.0,0.0,0.0,0.0,0.0,0.0,1,15.244693574024033
2022-04-17,CASH,0.0,0.0,0.0,0.0,0.0,0.0,1,15.244693574024033
2022-04-18,CASH,0.0,0.0,0.0,0.0,0.0,0.0,0,15.244693574024033
2022-04-19,CASH,0.0,0.0,0.0,0.0,0.0,0.0,0,15.244693574024033
2022-04-20,CASH,0.0,0.0,0.0,0.0,0.0,0.0,0,15.244693574024033
2022-04-21,CASH,0.0,0.0,0.0,0.0,0.0,0.0,1,15.244693574024033
2022-04-22,CASH,0.0,0.0,0.0,0.0,0.0,0.0,1,15.244693574024033
2022-04-23,CASH,0.0,0.0,0.0,0.0,0.0,0.0,1,15.244693574024033
2022-04-24,CASH,0.0,0.0,0.0,0.0,0.0,0.0,1,15.244693574024033
2022-04-25,CASH,0.0,0.0,0.0,0.0,0.0,0.0,0,15.244693574024033
2022-04-26,CASH,0.0,0.0,0.0,0.0,0.0,0.0,1,15.244693574024033
2022-04-27,CASH,0.0,0.0,0.0,0.0,0.0,0.0,1,15.244693574024033
2022-04-28,CASH,0.0,0.0,0.0,0.0,0.0,0.0,1,15.244693574024033
2022-04-29,CASH,0.0,0.0,0.0,0.0,0.0,0.0,0,15.244693574024033
2022-04-30,CASH,0.0,0.0,0.0,0.0,0.0,0.0,1,15.244693574024033
2022-05-01,CASH,0.0,0.0,0.0,0.0,0.0,0.0,1,15.244693574024033
2022-05-02,CASH,0.0,0.0,0.0,0.0,0.0,0.0,1,15.244693574024033
2022-05-03,CASH,0.0,0.0,0.0,0.0,0.0,0.0,0,15.244693574024033
2022-05-04,CASH,0.0,0.0,0.0,0.0,0.0,0.0,0,15.244693574024033
2022-05-05,CASH,0.0,0.0,0.0,0.0,0.0,0.0,1,15.244693574024033
2022-05-06,CASH,0.0,0.0,0.0,0.0,0.0,0.0,1,15.244693574024033
2022-05-07,CASH,0.0,0.0,0.0,0.0,0.0,0.0,1,15.244693574024033
2022-05-08,CASH,0.0,0.0,0.0,0.0,0.0,0.0,1,15.244693574024033
2022-05-09,CASH,0.0,0.0,0.0,0.0,0.0,0.0,1,15.244693574024033
2022-05-10,CASH,0.0,0.0,0.0,0.0,0.0,0.0,1,15.244693574024033
2022-05-11,CASH,0.0,0.0,0.0,0.0,0.0,0.0,1,15.244693574024033
2022-05-12,CASH,0.0,0.0,0.0,0.0,0.0,0.0,1,15.244693574024033
2022-05-13,CASH,0.0,0.0,0.0,0.0,0.0,0.0,1,15.244693574024033
2022-05-14,CASH,0.0,0.0,0.0,0.0,0.0,0.0,0,15.244693574024033
2022-05-15,CASH,0.0,0.0,0.0,0.0,0.0,0.0,0,15.244693574024033
2022-05-16,CASH,0.0,0.0,0.0,0.0,0.0,0.0,0,15.244693574024033
2022-05-17,CASH,0.0,0.0,0.0,0.0,0.0,0.0,0,15.244693574024033
2022-05-18,CASH,0.0,0.0,0.0,0.0,0.0,0.0,1,15.244693574024033
2022-05-19,CASH,0.0,0.0,0.0,0.0,0.0,0.0,0,15.244693574024033
2022-05-20,CASH,0.0,0.0,0.0,0.0,0.0,0.0,1,15.244693574024033
2022-05-21,CASH,0.0,0.0,0.0,0.0,0.0,0.0,0,15.244693574024033
2022-05-22,CASH,0.0,0.0,0.0,0.0,0.0,0.0,1,15.244693574024033
2022-05-23,CASH,0.0,0.0,0.0,0.0,0.0,0.0,1,15.244693574024033
2022-05-24,CASH,0.0,0.0,0.0,0.0,0.0,0.0,0,15.244693574024033
2022-05-25,CASH,0.0,0.0,0.0,0.0,0.0,0.0,1,15.244693574024033
2022-05-26,CASH,0.0,0.0,0.0,0.0,0.0,0.0,0,15.244693574024033
2022-05-27,CASH,0.0,0.0,0.0,0.0,0.0,0.0,1,15.244693574024033
2022-05-28,CASH,0.0,0.0,0.0,0.0,0.0,0.0,1,15.244693574024033
2022-05-29,CASH,0.0,0.0,0.0,0.0,0.0,0.0,0,15.244693574024033
2022-05-30,CASH,0.0,0.0,0.0,0.0,0.0,0.0,0,15.244693574024033
2022-05-31,CASH,0.0,0.0,0.0,0.0,0.0,0.0,0,15.244693574024033
2022-06-01,CASH,0.0,0.0,0.0,0.0,0.0,0.0,0,15.244693574024033
2022-06-02,CASH,0.0,0.0,0.0,0.0,0.0,0.0,1,15.244693574024033
2022-06-03,CASH,0.0,0.0,0.0,0.0,0.0,0.0,1,15.244693574024033
2022-06-04,CASH,0.0,0.0,0.0,0.0,0.0,0.0,0,15.244693574024033
2022-06-05,CASH,0.0,0.0,0.0,0.0,0.0,0.0,1,15.244693574024033
2022-06-06,CASH,0.0,0.0,0.0,0.0,0.0,0.0,0,15.244693574024033
2022-06-07,CASH,0.0,0.0,0.0,0.0,0.0,0.0,0,15.244693574024033
2022-06-08,CASH,0.0,0.0,0.0,0.0,0.0,0.0,0,15.244693574024033
2022-06-09,CASH,0.0,0.0,0.0,0.0,0.0,0.0,1,15.244693574024033
2022-06-10,CASH,0.0,0.0,0.0,0.0,0.0,0.0,1,15.244693574024033
2022-06-11,CASH,0.0,0.0,0.0,0.0,0.0,0.0,1,15.244693574024033
2022-06-12,CASH,0.0,0.0,0.0,0.0,0.0,0.0,1,15.244693574024033
2022-06-13,CASH,0.0,0.0,0.0,0.0,0.0,0.0,1,15.244693574024033
2022-06-14,CASH,0.0,0.0,0.0,0.0,0.0,0.0,1,15.244693574024033
2022-06-15,CASH,0.0,0.0,0.0,0.0,0.0,0.0,1,15.244693574024033
2022-06-16,CASH,0.0,0.0,0.0,0.0,0.0,0.0,1,15.244693574024033
2022-06-17,CASH,0.0,0.0,0.0,0.0,0.0,0.0,1,15.244693574024033
2022-06-18,CASH,0.0,0.0,0.0,0.0,0.0,0.0,1,15.244693574024033
2022-06-19,CASH,0.0,0.0,0.0,0.0,0.0,0.0,0,15.244693574024033
2022-06-20,CASH,0.0,0.0,0.0,0.0,0.0,0.0,0,15.244693574024033
2022-06-21,CASH,0.0,0.0,0.0,0.0,0.0,0.0,0,15.244693574024033
2022-06-22,CASH,0.0,0.0,0.0,0.0,0.0,0.0,1,15.244693574024033
2022-06-23,CASH,0.0,0.0,0.0,0.0,0.0,0.0,0,15.244693574024033
2022-06-24,CASH,0.0,0.0,0.0,0.0,0.0,0.0,0,15.244693574024033
2022-06-25,CASH,0.0,0.0,0.0,0.0,0.0,0.0,0,15.244693574024033
2022-06-26,CASH,0.0,0.0,0.0,0.0,0.0,0.0,1,15.244693574024033
2022-06-27,CASH,0.0,0.0,0.0,0.0,0.0,0.0,1,15.244693574024033
2022-06-28,CASH,0.0,0.0,0.0,0.0,0.0,0.0,1,15.244693574024033
2022-06-29,CASH,0.0,0.0,0.0,0.0,0.0,0.0,1,15.244693574024033
2022-06-30,CASH,0.0,0.0,0.0,0.0,0.0,0.0,1,15.244693574024033
2022-07-01,CASH,0.0,0.0,0.0,0.0,0.0,0.0,1,15.244693574024033
2022-07-02,CASH,0.0,0.0,0.0,0.0,0.0,0.0,1,15.244693574024033
2022-07-03,CASH,0.0,0.0,0.0,0.0,0.0,0.0,1,15.244693574024033
2022-07-04,CASH,0.0,0.0,0.0,0.0,0.0,0.0,0,15.244693574024033
2022-07-05,CASH,0.0,0.0,0.0,0.0,0.0,0.0,0,15.244693574024033
2022-07-06,CASH,0.0,0.0,0.0,0.0,0.0,0.0,0,15.244693574024033
2022-07-07,CASH,0.0,0.0,0.0,0.0,0.0,0.0,0,15.244693574024033
2022-07-08,CASH,0.0,0.0,0.0,0.0,0.0,0.0,0,15.244693574024033
2022-07-09,CASH,0.0,0.0,0.0,0.0,0.0,0.0,0,15.244693574024033
2022-07-10,CASH,0.0,0.0,0.0,0.0,0.0,0.0,1,15.244693574024033
2022-07-11,CASH,0.0,0.0,0.0,0.0,0.0,0.0,1,15.244693574024033
2022-07-12,CASH,0.0,0.0,0.0,0.0,0.0,0.0,1,15.244693574024033
2022-07-13,CASH,0.0,0.0,0.0,0.0,0.0,0.0,1,15.244693574024033
2022-07-14,CASH,0.0,0.0,0.0,0.0,0.0,0.0,0,15.244693574024033
2022-07-15,CASH,0.0,0.0,0.0,0.0,0.0,0.0,0,15.244693574024033
2022-07-16,CASH,0.0,0.0,0.0,0.0,0.0,0.0,0,15.244693574024033
2022-07-17,CASH,0.0,0.0,0.0,0.0,0.0,0.0,0,15.244693574024033
2022-07-18,CASH,0.0,0.0,0.0,0.0,0.0,0.0,0,15.244693574024033
2022-07-19,CASH,0.0,0.0,0.0,0.0,0.0,0.0,0,15.244693574024033
2022-07-20,CASH,0.0,0.0,0.0,0.0,0.0,0.0,0,15.244693574024033
2022-07-21,CASH,0.0,0.0,0.0,0.0,0.0,0.0,0,15.244693574024033
2022-07-22,CASH,0.0,0.0,0.0,0.0,0.0,0.0,1,15.244693574024033
2022-07-23,CASH,0.0,0.0,0.0,0.0,0.0,0.0,1,15.244693574024033
2022-07-24,CASH,0.0,0.0,0.0,0.0,0.0,0.0,1,15.244693574024033
2022-07-25,CASH,0.0,0.0,0.0,0.0,0.0,0.0,1,15.244693574024033
2022-07-26,CASH,0.0,0.0,0.0,0.0,0.0,0.0,1,15.244693574024033
2022-07-27,CASH,0.0,0.0,0.0,0.0,0.0,0.0,0,15.244693574024033
2022-07-28,CASH,0.0,0.0,0.0,0.0,0.0,0.0,0,15.244693574024033
2022-07-29,CASH,0.0,0.0,0.0,0.0,0.0,0.0,0,15.244693574024033
2022-07-30,CASH,0.0,0.0,0.0,0.0,0.0,0.0,0,15.244693574024033
2022-07-31,CASH,0.0,0.0,0.0,0.0,0.0,0.0,1,15.244693574024033
2022-08-01,CASH,0.0,0.0,0.0,0.0,0.0,0.0,1,15.244693574024033
2022-08-02,CASH,0.0,0.0,0.0,0.0,0.0,0.0,1,15.244693574024033
2022-08-03,CASH,0.0,0.0,0.0,0.0,0.0,0.0,1,15.244693574024033
2022-08-04,CASH,0.0,0.0,0.0,0.0,0.0,0.0,1,15.244693574024033
2022-08-05,CASH,0.0,0.0,0.0,0.0,0.0,0.0,0,15.244693574024033
2022-08-06,CASH,0.0,0.0,0.0,0.0,0.0,0.0,0,15.244693574024033
2022-08-07,CASH,0.0,0.0,0.0,0.0,0.0,0.0,0,15.244693574024033
2022-08-08,CASH,0.0,0.0,0.0,0.0,0.0,0.0,0,15.244693574024033
2022-08-09,CASH,0.0,0.0,0.0,0.0,0.0,0.0,0,15.244693574024033
2022-08-10,CASH,0.0,0.0,0.0,0.0,0.0,0.0,0,15.244693574024033
2022-08-11,CASH,0.0,0.0,0.0,0.0,0.0,0.0,0,15.244693574024033
2022-08-12,CASH,0.0,0.0,0.0,0.0,0.0,0.0,0,15.244693574024033
2022-08-13,CASH,0.0,0.0,0.0,0.0,0.0,0.0,0,15.244693574024033
2022-08-14,CASH,0.0,0.0,0.0,0.0,0.0,0.0,0,15.244693574024033
2022-08-15,CASH,0.0,0.0,0.0,0.0,0.0,0.0,1,15.244693574024033
2022-08-16,CASH,0.0,0.0,0.0,0.0,0.0,0.0,1,15.244693574024033
2022-08-17,CASH,0.0,0.0,0.0,0.0,0.0,0.0,1,15.244693574024033
2022-08-18,CASH,0.0,0.0,0.0,0.0,0.0,0.0,1,15.244693574024033
2022-08-19,CASH,0.0,0.0,0.0,0.0,0.0,0.0,1,15.244693574024033
2022-08-20,CASH,0.0,0.0,0.0,0.0,0.0,0.0,1,15.244693574024033
2022-08-21,CASH,0.0,0.0,0.0,0.0,0.0,0.0,1,15.244693574024033
2022-08-22,CASH,0.0,0.0,0.0,0.0,0.0,0.0,0,15.244693574024033
2022-08-23,CASH,0.0,0.0,0.0,0.0,0.0,0.0,0,15.244693574024033
2022-08-24,CASH,0.0,0.0,0.0,0.0,0.0,0.0,1,15.244693574024033
2022-08-25,CASH,0.0,0.0,0.0,0.0,0.0,0.0,0,15.244693574024033
2022-08-26,CASH,0.0,0.0,0.0,0.0,0.0,0.0,1,15.244693574024033
2022-08-27,CASH,0.0,0.0,0.0,0.0,0.0,0.0,1,15.244693574024033
2022-08-28,CASH,0.0,0.0,0.0,0.0,0.0,0.0,1,15.244693574024033
2022-08-29,CASH,0.0,0.0,0.0,0.0,0.0,0.0,0,15.244693574024033
2022-08-30,CASH,0.0,0.0,0.0,0.0,0.0,0.0,1,15.244693574024033
2022-08-31,CASH,0.0,0.0,0.0,0.0,0.0,0.0,0,15.244693574024033
2022-09-01,CASH,0.0,0.0,0.0,0.0,0.0,0.0,1,15.244693574024033
2022-09-02,CASH,0.0,0.0,0.0,0.0,0.0,0.0,0,15.244693574024033
2022-09-03,CASH,0.0,0.0,0.0,0.0,0.0,0.0,1,15.244693574024033
2022-09-04,CASH,0.0,0.0,0.0,0.0,0.0,0.0,1,15.244693574024033
2022-09-05,CASH,0.0,0.0,0.0,0.0,0.0,0.0,1,15.244693574024033
2022-09-06,CASH,0.0,0.0,0.0,0.0,0.0,0.0,1,15.244693574024033
2022-09-07,CASH,0.0,0.0,0.0,0.0,0.0,0.0,1,15.244693574024033
2022-09-08,CASH,0.0,0.0,0.0,0.0,0.0,0.0,1,15.244693574024033
2022-09-09,CASH,0.0,0.0,0.0,0.0,0.0,0.0,0,15.244693574024033
2022-09-10,CASH,0.0,0.0,0.0,0.0,0.0,0.0,0,15.244693574024033
2022-09-11,CASH,0.0,0.0,0.0,0.0,0.0,0.0,0,15.244693574024033
2022-09-12,CASH,0.0,0.0,0.0,0.0,0.0,0.0,0,15.244693574024033
2022-09-13,CASH,0.0,0.0,0.0,0.0,0.0,0.0,1,15.244693574024033
2022-09-14,CASH,0.0,0.0,0.0,0.0,0.0,0.0,1,15.244693574024033
2022-09-15,CASH,0.0,0.0,0.0,0.0,0.0,0.0,1,15.244693574024033
2022-09-16,CASH,0.0,0.0,0.0,0.0,0.0,0.0,1,15.244693574024033
2022-09-17,CASH,0.0,0.0,0.0,0.0,0.0,0.0,1,15.244693574024033
2022-09-18,CASH,0.0,0.0,0.0,0.0,0.0,0.0,1,15.244693574024033
2022-09-19,CASH,0.0,0.0,0.0,0.0,0.0,0.0,1,15.244693574024033
2022-09-20,CASH,0.0,0.0,0.0,0.0,0.0,0.0,1,15.244693574024033
2022-09-21,CASH,0.0,0.0,0.0,0.0,0.0,0.0,1,15.244693574024033
2022-09-22,CASH,0.0,0.0,0.0,0.0,0.0,0.0,1,15.244693574024033
2022-09-23,CASH,0.0,0.0,0.0,0.0,0.0,0.0,0,15.244693574024033
2022-09-24,CASH,0.0,0.0,0.0,0.0,0.0,0.0,0,15.244693574024033
2022-09-25,CASH,0.0,0.0,0.0,0.0,0.0,0.0,1,15.244693574024033
2022-09-26,CASH,0.0,0.0,0.0,0.0,0.0,0.0,1,15.244693574024033
2022-09-27,CASH,0.0,0.0,0.0,0.0,0.0,0.0,0,15.244693574024033
2022-09-28,CASH,0.0,0.0,0.0,0.0,0.0,0.0,0,15.244693574024033
2022-09-29,CASH,0.0,0.0,0.0,0.0,0.0,0.0,0,15.244693574024033
2022-09-30,CASH,0.0,0.0,0.0,0.0,0.0,0.0,0,15.244693574024033
2022-10-01,CASH,0.0,0.0,0.0,0.0,0.0,0.0,1,15.244693574024033
2022-10-02,CASH,0.0,0.0,0.0,0.0,0.0,0.0,1,15.244693574024033
2022-10-03,CASH,0.0,0.0,0.0,0.0,0.0,0.0,0,15.244693574024033
2022-10-04,CASH,0.0,0.0,0.0,0.0,0.0,0.0,0,15.244693574024033
2022-10-05,CASH,0.0,0.0,0.0,0.0,0.0,0.0,0,15.244693574024033
2022-10-06,CASH,0.0,0.0,0.0,0.0,0.0,0.0,0,15.244693574024033
2022-10-07,CASH,0.0,0.0,0.0,0.0,0.0,0.0,1,15.244693574024033
2022-10-08,CASH,0.0,0.0,0.0,0.0,0.0,0.0,1,15.244693574024033
2022-10-09,CASH,0.0,0.0,0.0,0.0,0.0,0.0,1,15.244693574024033
2022-10-10,CASH,0.0,0.0,0.0,0.0,0.0,0.0,1,15.244693574024033
2022-10-11,CASH,0.0,0.0,0.0,0.0,0.0,0.0,1,15.244693574024033
2022-10-12,CASH,0.0,0.0,0.0,0.0,0.0,0.0,1,15.244693574024033
2022-10-13,CASH,0.0,0.0,0.0,0.0,0.0,0.0,0,15.244693574024033
2022-10-14,CASH,0.0,0.0,0.0,0.0,0.0,0.0,0,15.244693574024033
2022-10-15,CASH,0.0,0.0,0.0,0.0,0.0,0.0,1,15.244693574024033
2022-10-16,CASH,0.0,0.0,0.0,0.0,0.0,0.0,1,15.244693574024033
2022-10-17,CASH,0.0,0.0,0.0,0.0,0.0,0.0,0,15.244693574024033
2022-10-18,CASH,0.0,0.0,0.0,0.0,0.0,0.0,0,15.244693574024033
2022-10-19,CASH,0.0,0.0,0.0,0.0,0.0,0.0,1,15.244693574024033
2022-10-20,CASH,0.0,0.0,0.0,0.0,0.0,0.0,1,15.244693574024033
2022-10-21,CASH,0.0,0.0,0.0,0.0,0.0,0.0,1,15.244693574024033
2022-10-22,CASH,0.0,0.0,0.0,0.0,0.0,0.0,0,15.244693574024033
2022-10-23,CASH,0.0,0.0,0.0,0.0,0.0,0.0,0,15.244693574024033
2022-10-24,CASH,0.0,0.0,0.0,0.0,0.0,0.0,0,15.244693574024033
2022-10-25,CASH,0.0,0.0,0.0,0.0,0.0,0.0,0,15.244693574024033
2022-10-26,CASH,0.0,0.0,0.0,0.0,0.0,0.0,0,15.244693574024033
2022-10-27,CASH,0.0,0.0,0.0,0.0,0.0,0.0,0,15.244693574024033
2022-10-28,CASH,0.0,0.0,0.0,0.0,0.0,0.0,0,15.244693574024033
2022-10-29,CASH,0.0,0.0,0.0,0.0,0.0,0.0,0,15.244693574024033
2022-10-30,CASH,0.0,0.0,0.0,0.0,0.0,0.0,0,15.244693574024033
2022-10-31,CASH,0.0,0.0,0.0,0.0,0.0,0.0,1,15.244693574024033
2022-11-01,CASH,0.0,0.0,0.0,0.0,0.0,0.0,1,15.244693574024033
2022-11-02,CASH,0.0,0.0,0.0,0.0,0.0,0.0,1,15.244693574024033
2022-11-03,CASH,0.0,0.0,0.0,0.0,0.0,0.0,1,15.244693574024033
2022-11-04,CASH,0.0,0.0,0.0,0.0,0.0,0.0,0,15.244693574024033
2022-11-05,CASH,0.0,0.0,0.0,0.0,0.0,0.0,0,15.244693574024033
2022-11-06,CASH,0.0,0.0,0.0,0.0,0.0,0.0,0,15.244693574024033
2022-11-07,CASH,0.0,0.0,0.0,0.0,0.0,0.0,1,15.244693574024033
2022-11-08,CASH,0.0,0.0,0.0,0.0,0.0,0.0,1,15.244693574024033
2022-11-09,CASH,0.0,0.0,0.0,0.0,0.0,0.0,1,15.244693574024033
2022-11-10,CASH,0.0,0.0,0.0,0.0,0.0,0.0,1,15.244693574024033
2022-11-11,CASH,0.0,0.0,0.0,0.0,0.0,0.0,1,15.244693574024033
2022-11-12,CASH,0.0,0.0,0.0,0.0,0.0,0.0,0,15.244693574024033
2022-11-13,CASH,0.0,0.0,0.0,0.0,0.0,0.0,1,15.244693574024033
2022-11-14,CASH,0.0,0.0,0.0,0.0,0.0,0.0,1,15.244693574024033
2022-11-15,CASH,0.0,0.0,0.0,0.0,0.0,0.0,0,15.244693574024033
2022-11-16,CASH,0.0,0.0,0.0,0.0,0.0,0.0,0,15.244693574024033
2022-11-17,CASH,0.0,0.0,0.0,0.0,0.0,0.0,0,15.244693574024033
2022-11-18,CASH,0.0,0.0,0.0,0.0,0.0,0.0,1,15.244693574024033
2022-11-19,CASH,0.0,0.0,0.0,0.0,0.0,0.0,0,15.244693574024033
2022-11-20,CASH,0.0,0.0,0.0,0.0,0.0,0.0,1,15.244693574024033
2022-11-21,CASH,0.0,0.0,0.0,0.0,0.0,0.0,1,15.244693574024033
2022-11-22,CASH,0.0,0.0,0.0,0.0,0.0,0.0,1,15.244693574024033
2022-11-23,CASH,0.0,0.0,0.0,0.0,0.0,0.0,0,15.244693574024033
2022-11-24,CASH,0.0,0.0,0.0,0.0,0.0,0.0,0,15.244693574024033
2022-11-25,CASH,0.0,0.0,0.0,0.0,0.0,0.0,0,15.244693574024033
2022-11-26,CASH,0.0,0.0,0.0,0.0,0.0,0.0,1,15.244693574024033
2022-11-27,CASH,0.0,0.0,0.0,0.0,0.0,0.0,1,15.244693574024033
2022-11-28,CASH,0.0,0.0,0.0,0.0,0.0,0.0,1,15.244693574024033
2022-11-29,CASH,0.0,0.0,0.0,0.0,0.0,0.0,1,15.244693574024033
2022-11-30,CASH,0.0,0.0,0.0,0.0,0.0,0.0,0,15.244693574024033
2022-12-01,CASH,0.0,0.0,0.0,0.0,0.0,0.0,0,15.244693574024033
2022-12-02,CASH,0.0,0.0,0.0,0.0,0.0,0.0,0,15.244693574024033
2022-12-03,CASH,0.0,0.0,0.0,0.0,0.0,0.0,1,15.244693574024033
2022-12-04,CASH,0.0,0.0,0.0,0.0,0.0,0.0,0,15.244693574024033
2022-12-05,CASH,0.0,0.0,0.0,0.0,0.0,0.0,1,15.244693574024033
2022-12-06,CASH,0.0,0.0,0.0,0.0,0.0,0.0,0,15.244693574024033
2022-12-07,CASH,0.0,0.0,0.0,0.0,0.0,0.0,1,15.244693574024033
2022-12-08,CASH,0.0,0.0,0.0,0.0,0.0,0.0,0,15.244693574024033
2022-12-09,CASH,0.0,0.0,0.0,0.0,0.0,0.0,0,15.244693574024033
2022-12-10,CASH,0.0,0.0,0.0,0.0,0.0,0.0,0,15.244693574024033
2022-12-11,CASH,0.0,0.0,0.0,0.0,0.0,0.0,1,15.244693574024033
2022-12-12,CASH,0.0,0.0,0.0,0.0,0.0,0.0,0,15.244693574024033
2022-12-13,CASH,0.0,0.0,0.0,0.0,0.0,0.0,0,15.244693574024033
2022-12-14,CASH,0.0,0.0,0.0,0.0,0.0,0.0,0,15.244693574024033
2022-12-15,CASH,0.0,0.0,0.0,0.0,0.0,0.0,0,15.244693574024033
2022-12-16,CASH,0.0,0.0,0.0,0.0,0.0,0.0,1,15.244693574024033
2022-12-17,CASH,0.0,0.0,0.0,0.0,0.0,0.0,1,15.244693574024033
2022-12-18,CASH,0.0,0.0,0.0,0.0,0.0,0.0,1,15.244693574024033
2022-12-19,CASH,0.0,0.0,0.0,0.0,0.0,0.0,1,15.244693574024033
2022-12-20,CASH,0.0,0.0,0.0,0.0,0.0,0.0,0,15.244693574024033
2022-12-21,CASH,0.0,0.0,0.0,0.0,0.0,0.0,0,15.244693574024033
2022-12-22,CASH,0.0,0.0,0.0,0.0,0.0,0.0,0,15.244693574024033
2022-12-23,CASH,0.0,0.0,0.0,0.0,0.0,0.0,1,15.244693574024033
2022-12-24,CASH,0.0,0.0,0.0,0.0,0.0,0.0,0,15.244693574024033
2022-12-25,CASH,0.0,0.0,0.0,0.0,0.0,0.0,0,15.244693574024033
2022-12-26,CASH,0.0,0.0,0.0,0.0,0.0,0.0,0,15.244693574024033
2022-12-27,CASH,0.0,0.0,0.0,0.0,0.0,0.0,1,15.244693574024033
2022-12-28,CASH,0.0,0.0,0.0,0.0,0.0,0.0,1,15.244693574024033
2022-12-29,CASH,0.0,0.0,0.0,0.0,0.0,0.0,1,15.244693574024033
2022-12-30,CASH,0.0,0.0,0.0,0.0,0.0,0.0,1,15.244693574024033
2022-12-31,CASH,0.0,0.0,0.0,0.0,0.0,0.0,1,15.244693574024033
2023-01-01,CASH,0.0,0.0,0.0,0.0,0.0,0.0,1,15.244693574024033
2023-01-02,CASH,0.0,0.0,0.0,0.0,0.0,0.0,0,15.244693574024033
2023-01-03,CASH,0.0,0.0,0.0,0.0,0.0,0.0,0,15.244693574024033
2023-01-04,CASH,0.0,0.0,0.0,0.0,0.0,0.0,0,15.244693574024033
2023-01-05,CASH,0.0,0.0,0.0,0.0,0.0,0.0,0,15.244693574024033
2023-01-06,CASH,0.0,0.0,0.0,0.0,0.0,0.0,0,15.244693574024033
2023-01-07,CASH,0.0,0.0,0.0,0.0,0.0,0.0,0,15.244693574024033
2023-01-08,CASH,0.0,0.0,0.0,0.0,0.0,0.0,0,15.244693574024033
2023-01-09,CASH,0.0,0.0,0.0,0.0,0.0,0.0,0,15.244693574024033
2023-01-10,CASH,0.0,0.0,0.0,0.0,0.0,0.0,0,15.244693574024033
2023-01-11,CASH,0.0,0.0,0.0,0.0,0.0,0.0,0,15.244693574024033
2023-01-12,CASH,0.0,0.0,0.0,0.0,0.0,0.0,0,15.244693574024033
2023-01-13,LTCUSDT,1.0,0.01867099617302559,1.0,0.0015,0.017170996173025588,0.01867099617302559,0,15.506460149042548
2023-01-14,LTCUSDT,1.0,-0.005350637522768653,0.0,0.0,-0.005350637522768653,-0.005350637522768653,0,15.423490701523765
2023-01-15,LTCUSDT,1.0,-0.016710541375758337,0.0,0.0,-0.016710541375758337,-0.016710541375758337,0,15.165755821997328
2023-01-16,LTCUSDT,1.0,0.012920498195786223,0.0,0.0,0.012920498195786223,0.012920498195786223,0,15.361704942733178
2023-01-17,LTCUSDT,1.0,-0.05056308894507,0.0,0.0,-0.05056308894507,-0.05056308894507,0,14.584969689365838
2023-01-18,LTCUSDT,1.0,0.0192447349310092,0.0,0.0,0.0192447349310092,0.0192447349310092,1,14.865653565014487
2023-01-19,LTCUSDT,1.0,0.07208170051062823,0.0,0.0,0.07208170051062823,0.07208170051062823,1,15.937195153182614
2023-01-20,LTCUSDT,1.0,-0.026251661497563195,0.0,0.0,-0.026251661497563195,-0.026251661497563195,0,15.51881730080066
2023-01-21,LTCUSDT,1.0,-0.003753839153679883,0.0,0.0,-0.003753839153679883,-0.003753839153679883,0,15.460562156798108
2023-01-22,LTCUSDT,1.0,0.026490066225165698,0.0,0.0,0.026490066225165698,0.026490066225165698,0,15.870113472209981
2023-01-23,LTCUSDT,1.0,-0.030144605116796508,0.0,0.0,-0.030144605116796508,-0.030144605116796508,0,15.391715168431459
2023-01-24,LTCUSDT,1.0,0.025117559353136754,0.0,0.0,0.025117559353136754,0.025117559353136754,1,15.778317487721111
2023-01-25,LTCUSDT,1.0,-0.020810024614007605,0.0,0.0,-0.020810024614007605,-0.020810024614007605,0,15.449970312434008
2023-01-26,LTCUSDT,1.0,0.015653564899451577,0.0,0.0,0.015653564899451577,0.015653564899451577,0,15.691817425414294
2023-01-27,LTCUSDT,1.0,0.008774890313871131,0.0,0.0,0.008774890313871131,0.008774890313871131,0,15.829511402147597
2023-01-28,LTCUSDT,1.0,0.05765584922493594,0.0,0.0,0.05765584922493594,0.05765584922493594,1,16.742175324854223
2023-01-29,LTCUSDT,1.0,-0.03658793757908052,0.0,0.0,-0.03658793757908052,-0.03658793757908052,0,16.129613659130435
2023-01-30,LTCUSDT,1.0,0.02976907081098834,0.0,0.0,0.02976907081098834,0.02976907081098834,1,16.609777270302974
2023-01-31,LTCUSDT,1.0,0.06631948134764576,0.0,0.0,0.06631948134764576,0.06631948134764576,0,17.711329084169382
2023-02-01,LTCUSDT,1.0,-0.016844413435662342,0.0,0.0,-0.016844413435662342,-0.016844413435662342,1,17.412992134580563
2023-02-02,LTCUSDT,1.0,0.01236820762368196,0.0,0.0,0.01236820762368196,0.01236820762368196,0,17.628359636650597
2023-02-03,LTCUSDT,1.0,-0.013518926497095851,0.0,0.0,-0.013518926497095851,-0.013518926497095851,0,17.390043138458346
2023-02-04,LTCUSDT,1.0,-0.019084356918079526,0.0,0.0,-0.019084356918079526,-0.019084356918079526,1,17.058165348383206
2023-02-05,LTCUSDT,1.0,-0.007244127082686402,0.0,0.0,-0.007244127082686402,-0.007244127082686402,1,16.93459383080204
2023-02-06,LTCUSDT,1.0,0.051391639737308425,0.0,0.0,0.051391639737308425,0.051391639737308425,1,17.804890376052263
2023-02-07,LTCUSDT,1.0,-0.016260162601625994,0.0,0.0,-0.016260162601625994,-0.016260162601625994,1,17.515379963433528
2023-02-08,LTCUSDT,1.0,-0.07226365652086275,0.0,0.0,-0.07226365652086275,-0.07226365652086275,0,16.249654561923567
2023-02-09,CASH,0.0,0.0,1.0,0.0015,-0.0015,0.0,1,16.225280080080683
2023-02-10,CASH,0.0,0.0,0.0,0.0,0.0,0.0,1,16.225280080080683
2023-02-11,LTCUSDT,1.0,-0.018773865082732266,1.0,0.0015,-0.020273865082732268,-0.018773865082732266,1,15.896330940807584
2023-02-12,CASH,0.0,0.0,1.0,0.0015,-0.0015,0.0,1,15.872486444396372
2023-02-13,CASH,0.0,0.0,0.0,0.0,0.0,0.0,0,15.872486444396372
2023-02-14,LTCUSDT,1.0,0.07305364224587763,1.0,0.0015,0.07155364224587762,0.07305364224587763,0,17.008220660991253
2023-02-15,LTCUSDT,1.0,-0.04152888543084998,0.0,0.0,-0.04152888543084998,-0.04152888543084998,0,16.30188821377833
2023-02-16,LTCUSDT,1.0,0.015930999492643316,0.0,0.0,0.015930999492643316,0.015930999492643316,0,16.56159358664116
2023-02-17,LTCUSDT,1.0,-0.004095085896923756,0.0,0.0,-0.004095085896923756,-0.004095085896923756,0,16.493772438313922
2023-02-18,LTCUSDT,1.0,-0.022866312305686365,0.0,0.0,-0.022866312305686365,-0.022866312305686365,0,16.116620686640513
2023-02-19,LTCUSDT,1.0,-0.01570358205891409,0.0,0.0,-0.01570358205891409,-0.01570358205891409,0,15.863532011175462
2023-02-20,LTCUSDT,1.0,-0.021897810218978186,0.0,0.0,-0.021897810218978186,-0.021897810218978186,0,15.516155397792057
2023-02-21,LTCUSDT,1.0,0.01577825159914714,0.0,0.0,0.01577825159914714,0.01577825159914714,1,15.760973201509884
2023-02-22,LTCUSDT,1.0,-0.007241813602015035,0.0,0.0,-0.007241813602015035,-0.007241813602015035,1,15.646835171398196
2023-02-23,LTCUSDT,1.0,-0.03213870387990281,0.0,0.0,-0.03213870387990281,-0.03213870387990281,1,15.143966169166982
2023-02-24,LTCUSDT,1.0,0.017476788640087504,0.0,0.0,0.017476788640087504,0.017476788640087504,1,15.408634065078148
2023-02-25,LTCUSDT,1.0,0.022758990874932827,0.0,0.0,0.022758990874932827,0.022758990874932827,1,15.75931902716044
2023-02-26,LTCUSDT,1.0,-0.012595780413561464,0.0,0.0,-0.012595780413561464,-0.012595780413561464,1,15.560818105227067
2023-02-27,LTCUSDT,1.0,-0.0028702030402890655,0.0,0.0,-0.0028702030402890655,-0.0028702030402890655,0,15.51615539779206
2023-02-28,LTCUSDT,1.0,0.04243070362473356,0.0,0.0,0.04243070362473356,0.04243070362473356,1,16.174516788871085
2023-03-01,LTCUSDT,1.0,-0.024442626303947668,0.0,0.0,-0.024442626303947668,-0.024442626303947668,0,15.779169119353782
2023-03-02,LTCUSDT,1.0,-0.05063423838976833,0.0,0.0,-0.05063423838976833,-0.05063423838976833,1,14.980202908571952
2023-03-03,CASH,0.0,0.0,1.0,0.0015,-0.0015,0.0,1,14.957732604209095
2023-03-04,CASH,0.0,0.0,0.0,0.0,0.0,0.0,1,14.957732604209095
2023-03-05,CASH,0.0,0.0,0.0,0.0,0.0,0.0,1,14.957732604209095
2023-03-06,CASH,0.0,0.0,0.0,0.0,0.0,0.0,0,14.957732604209095
2023-03-07,CASH,0.0,0.0,0.0,0.0,0.0,0.0,1,14.957732604209095
2023-03-08,CASH,0.0,0.0,0.0,0.0,0.0,0.0,1,14.957732604209095
2023-03-09,CASH,0.0,0.0,0.0,0.0,0.0,0.0,1,14.957732604209095
2023-03-10,CASH,0.0,0.0,0.0,0.0,0.0,0.0,1,14.957732604209095
2023-03-11,CASH,0.0,0.0,0.0,0.0,0.0,0.0,1,14.957732604209095
2023-03-12,CASH,0.0,0.0,0.0,0.0,0.0,0.0,0,14.957732604209095
2023-03-13,LTCUSDT,1.0,0.03044438988460607,1.0,0.0015,0.02894438988460607,0.03044438988460607,0,15.390675048495007
2023-03-14,LTCUSDT,1.0,-0.08946866809625909,0.0,0.0,-0.08946866809625909,-0.08946866809625909,0,14.01369185080383
2023-03-15,LTCUSDT,1.0,0.03179379824676154,0.0,0.0,0.03179379824676154,0.03179379824676154,0,14.459240342200573
2023-03-16,LTCUSDT,1.0,0.08432665483134683,0.0,0.0,0.08432665483134683,0.08432665483134683,0,15.678539711660806
2023-03-17,BTCUSDT,1.0,-0.017800244057976755,2.0,0.003,-0.020800244057976754,-0.017800244057976755,0,15.35242225918558
2023-03-18,BTCUSDT,1.0,0.039594179910500626,0.0,0.0,0.039594179910500626,0.039594179910500626,0,15.960288828177749
2023-03-19,BTCUSDT,1.0,-0.009146719660871439,0.0,0.0,-0.009146719660871439,-0.009146719660871439,0,15.814304540559869
2023-03-20,BTCUSDT,1.0,0.014015220256441863,0.0,0.0,0.014015220256441863,0.014015220256441863,0,16.035945501898265
2023-03-21,BTCUSDT,1.0,-0.030403334297558482,0.0,0.0,-0.030403334297558482,-0.030403334297558482,0,15.548399290026623
2023-03-22,BTCUSDT,1.0,0.038326709104299805,0.0,0.0,0.038326709104299805,0.038326709104299805,1,16.144318266652974
2023-03-23,BTCUSDT,1.0,-0.029720014659621374,0.0,0.0,-0.029720014659621374,-0.029720014659621374,0,15.664508891098453
2023-03-24,BTCUSDT,1.0,0.0003088750210802349,0.0,0.0,0.0003088750210802349,0.0003088750210802349,1,15.669347266612403
2023-03-25,BTCUSDT,1.0,0.018392051837111456,0.0,0.0,0.018392051837111456,0.018392051837111456,0,15.957538713793639
2023-03-26,BTCUSDT,1.0,-0.030146542215134797,0.0,0.0,-0.030146542215134797,-0.030146542215134797,1,15.47647409930861
2023-03-27,BTCUSDT,1.0,0.005019740157663266,0.0,0.0,0.005019740157663266,0.005019740157663266,1,15.554161977843945
2023-03-28,BTCUSDT,1.0,0.03989315166279228,0.0,0.0,0.03989315166279228,0.03989315166279228,1,16.174666520613712
2023-03-29,BTCUSDT,1.0,-0.011290504645732002,0.0,0.0,-0.011290504645732002,-0.011290504645732002,0,15.992046373119557
2023-03-30,BTCUSDT,1.0,0.015585191231934026,0.0,0.0,0.015585191231934026,0.015585191231934026,0,16.241285474034584
2023-03-31,BTCUSDT,1.0,-0.00044369718141634706,0.0,0.0,-0.00044369718141634706,-0.00044369718141634706,0,16.234079261447175
2023-04-01,BTCUSDT,1.0,-0.0098711090289052,0.0,0.0,-0.0098711090289052,-0.0098711090289052,0,16.07383089507354
2023-04-02,BTCUSDT,1.0,-0.013200046713263913,0.0,0.0,-0.013200046713263913,-0.013200046713263913,0,15.861655576397466
2023-04-03,BTCUSDT,1.0,0.013146402877697971,0.0,0.0,0.013146402877697971,0.013146402877697971,1,16.070179290912073
2023-04-04,BTCUSDT,1.0,0.00016119028015504355,0.0,0.0,0.00016119028015504355,0.00016119028015504355,1,16.072769647614116
2023-04-05,BTCUSDT,1.0,-0.004834574073633635,0.0,0.0,-0.004834574073633635,-0.004834574073633635,1,15.995064652184276
2023-04-06,BTCUSDT,1.0,-0.004547721288072681,0.0,0.0,-0.004547721288072681,-0.004547721288072681,0,15.92232355616144
2023-04-07,BTCUSDT,1.0,0.0011484849494720617,0.0,0.0,0.0011484849494720617,0.0011484849494720617,1,15.940610105126314
2023-04-08,BTCUSDT,1.0,0.013793927922807203,0.0,0.0,0.013793927922807203,0.013793927922807203,1,16.160493731962
2023-04-09,ETHUSDT,1.0,0.027585910098336663,2.0,0.003,0.024585910098336664,0.027585910098336663,0,16.55781417800075
2023-04-10,BTCUSDT,1.0,0.01899900598366777,2.0,0.003,0.015999005983667772,0.01899900598366777,0,16.822722746111044
2023-04-11,BTCUSDT,1.0,-0.010342571394702404,0.0,0.0,-0.010342571394702404,-0.010342571394702404,0,16.648732535056105
2023-04-12,BTCUSDT,1.0,0.01625297317625396,0.0,0.0,0.01625297317625396,0.01625297317625396,0,16.919323938366997
2023-04-13,ETHUSDT,1.0,0.043727416861745194,2.0,0.003,0.04072741686174519,0.043727416861745194,0,17.60840429742377
2023-04-14,ETHUSDT,1.0,-0.004471449864046906,0.0,0.0,-0.004471449864046906,-0.004471449864046906,0,17.529669200421974
2023-04-15,ETHUSDT,1.0,0.013426767435186227,0.0,0.0,0.013426767435186227,0.013426767435186227,0,17.765035991991788
2023-04-16,ETHUSDT,1.0,-0.02108398193206118,0.0,0.0,-0.02108398193206118,-0.02108398193206118,1,17.390478294114217
2023-04-17,ETHUSDT,1.0,0.014223722275795492,0.0,0.0,0.014223722275795492,0.014223722275795492,1,17.637835627612947
2023-04-18,ETHUSDT,1.0,-0.08070834323746134,0.0,0.0,-0.08070834323746134,-0.08070834323746134,0,16.21431513581364
2023-04-19,ETHUSDT,1.0,0.004783501316109273,0.0,0.0,0.004783501316109273,0.004783501316109273,1,16.291876333605614
2023-04-20,ETHUSDT,1.0,-0.04848222832967919,0.0,0.0,-0.04848222832967919,-0.04848222832967919,1,15.50200986528085
2023-04-21,CASH,0.0,0.0,1.0,0.0015,-0.0015,0.0,1,15.478756850482931
2023-04-22,ETHUSDT,1.0,-0.006488240064882467,1.0,0.0015,-0.007988240064882466,-0.006488240064882467,1,15.35510882485533
2023-04-23,ETHUSDT,1.0,-0.010827067669172963,0.0,0.0,-0.010827067669172963,-0.010827067669172963,1,15.188858022541107
2023-04-24,BTCUSDT,1.0,0.02871077059190652,2.0,0.003,0.02571077059190652,0.02871077059190652,0,15.579375266711702
2023-04-25,BTCUSDT,1.0,0.004045823455811615,0.0,0.0,0.004045823455811615,0.004045823455811615,0,15.642406668592656
2023-04-26,BTCUSDT,1.0,0.03721517535101704,0.0,0.0,0.03721517535101704,0.03721517535101704,0,16.224541575676252
2023-04-27,BTCUSDT,1.0,-0.005465044513970008,0.0,0.0,-0.005465044513970008,-0.005465044513970008,0,16.135873733746426
2023-04-28,BTCUSDT,1.0,-0.002771930662499922,0.0,0.0,-0.002771930662499922,-0.002771930662499922,0,16.091146210577627
2023-04-29,BTCUSDT,1.0,9.442208382015593e-05,0.0,0.0,9.442208382015593e-05,9.442208382015593e-05,0,16.092665570133885
2023-04-30,BTCUSDT,1.0,-0.039850225137779915,0.0,0.0,-0.039850225137779915,-0.039850225137779915,1,15.45136922409705
2023-05-01,ETHUSDT,1.0,0.02149415806809296,2.0,0.003,0.018494158068092962,0.02149415806809296,1,15.73712928889597
2023-05-02,ETHUSDT,1.0,0.01873716632443534,0.0,0.0,0.01873716632443534,0.01873716632443534,1,16.031998497851156
2023-05-03,BTCUSDT,1.0,-0.006476915995777599,2.0,0.003,-0.009476915995777598,-0.006476915995777599,1,15.880064594842587
2023-05-04,BTCUSDT,1.0,0.023144680520532646,0.0,0.0,0.023144680520532646,0.023144680520532646,0,16.24760361653564
2023-05-05,BTCUSDT,1.0,-0.02228084760830229,0.0,0.0,-0.02228084760830229,-0.02228084760830229,0,15.885593236355506
2023-05-06,BTCUSDT,1.0,-0.01449310528906489,0.0,0.0,-0.01449310528906489,-0.01449310528906489,1,15.655361661001749
2023-05-07,BTCUSDT,1.0,-0.02677830890499855,0.0,0.0,-0.02677830890499855,-0.02677830890499855,1,15.236137550423972
2023-05-08,BTCUSDT,1.0,-0.0014644659199046783,0.0,0.0,-0.0014644659199046783,-0.0014644659199046783,1,15.213824746230397
2023-05-09,CASH,0.0,0.0,1.0,0.0015,-0.0015,0.0,1,15.191004009111053
2023-05-10,CASH,0.0,0.0,0.0,0.0,0.0,0.0,1,15.191004009111053
2023-05-11,CASH,0.0,0.0,0.0,0.0,0.0,0.0,1,15.191004009111053
2023-05-12,CASH,0.0,0.0,0.0,0.0,0.0,0.0,1,15.191004009111053
2023-05-13,CASH,0.0,0.0,0.0,0.0,0.0,0.0,1,15.191004009111053
2023-05-14,CASH,0.0,0.0,0.0,0.0,0.0,0.0,1,15.191004009111053
2023-05-15,CASH,0.0,0.0,0.0,0.0,0.0,0.0,0,15.191004009111053
2023-05-16,CASH,0.0,0.0,0.0,0.0,0.0,0.0,0,15.191004009111053
2023-05-17,CASH,0.0,0.0,0.0,0.0,0.0,0.0,0,15.191004009111053
2023-05-18,CASH,0.0,0.0,0.0,0.0,0.0,0.0,1,15.191004009111053
2023-05-19,CASH,0.0,0.0,0.0,0.0,0.0,0.0,1,15.191004009111053
2023-05-20,CASH,0.0,0.0,0.0,0.0,0.0,0.0,1,15.191004009111053
2023-05-21,CASH,0.0,0.0,0.0,0.0,0.0,0.0,1,15.191004009111053
2023-05-22,CASH,0.0,0.0,0.0,0.0,0.0,0.0,1,15.191004009111053
2023-05-23,CASH,0.0,0.0,0.0,0.0,0.0,0.0,0,15.191004009111053
2023-05-24,CASH,0.0,0.0,0.0,0.0,0.0,0.0,1,15.191004009111053
2023-05-25,CASH,0.0,0.0,0.0,0.0,0.0,0.0,1,15.191004009111053
2023-05-26,CASH,0.0,0.0,0.0,0.0,0.0,0.0,1,15.191004009111053
2023-05-27,TRXUSDT,1.0,0.0033696215655780737,1.0,0.0015,0.0018696215655780737,0.0033696215655780737,0,15.219405437809268
2023-05-28,TRXUSDT,1.0,-0.01704985791785074,0.0,0.0,-0.01704985791785074,-0.01704985791785074,0,14.959916737500455
2023-05-29,TRXUSDT,1.0,0.003285151116951379,0.0,0.0,0.003285151116951379,0.003285151116951379,0,15.009062324680155
2023-05-30,TRXUSDT,1.0,-0.014800261951539051,0.0,0.0,-0.014800261951539051,-0.014800261951539051,0,14.786924270627914
2023-05-31,TRXUSDT,1.0,-0.005982451475671224,0.0,0.0,-0.005982451475671224,-0.005982451475671224,1,14.698462213704458
2023-06-01,CASH,0.0,0.0,1.0,0.0015,-0.0015,0.0,1,14.676414520383902
2023-06-02,TRXUSDT,1.0,-0.010766997338495066,1.0,0.0015,-0.012266997338495065,-0.010766997338495066,1,14.496378982523703
2023-06-03,TRXUSDT,1.0,-0.004769475357710662,0.0,0.0,-0.004769475357710662,-0.004769475357710662,1,14.427238860190522
2023-06-04,TRXUSDT,1.0,-0.03760137625952309,0.0,0.0,-0.03760137625952309,-0.03760137625952309,0,13.884754823422485
2023-06-05,CASH,0.0,0.0,1.0,0.0015,-0.0015,0.0,1,13.863927691187351
2023-06-06,CASH,0.0,0.0,0.0,0.0,0.0,0.0,0,13.863927691187351
2023-06-07,CASH,0.0,0.0,0.0,0.0,0.0,0.0,1,13.863927691187351
2023-06-08,CASH,0.0,0.0,0.0,0.0,0.0,0.0,0,13.863927691187351
2023-06-09,CASH,0.0,0.0,0.0,0.0,0.0,0.0,1,13.863927691187351
2023-06-10,CASH,0.0,0.0,0.0,0.0,0.0,0.0,1,13.863927691187351
2023-06-11,CASH,0.0,0.0,0.0,0.0,0.0,0.0,1,13.863927691187351
2023-06-12,CASH,0.0,0.0,0.0,0.0,0.0,0.0,1,13.863927691187351
2023-06-13,CASH,0.0,0.0,0.0,0.0,0.0,0.0,0,13.863927691187351
2023-06-14,CASH,0.0,0.0,0.0,0.0,0.0,0.0,1,13.863927691187351
2023-06-15,CASH,0.0,0.0,0.0,0.0,0.0,0.0,1,13.863927691187351
2023-06-16,CASH,0.0,0.0,0.0,0.0,0.0,0.0,0,13.863927691187351
2023-06-17,CASH,0.0,0.0,0.0,0.0,0.0,0.0,0,13.863927691187351
2023-06-18,CASH,0.0,0.0,0.0,0.0,0.0,0.0,0,13.863927691187351
2023-06-19,CASH,0.0,0.0,0.0,0.0,0.0,0.0,0,13.863927691187351
2023-06-20,CASH,0.0,0.0,0.0,0.0,0.0,0.0,0,13.863927691187351
2023-06-21,CASH,0.0,0.0,0.0,0.0,0.0,0.0,0,13.863927691187351
2023-06-22,CASH,0.0,0.0,0.0,0.0,0.0,0.0,0,13.863927691187351
2023-06-23,CASH,0.0,0.0,0.0,0.0,0.0,0.0,0,13.863927691187351
2023-06-24,CASH,0.0,0.0,0.0,0.0,0.0,0.0,0,13.863927691187351
2023-06-25,CASH,0.0,0.0,0.0,0.0,0.0,0.0,0,13.863927691187351
2023-06-26,CASH,0.0,0.0,0.0,0.0,0.0,0.0,1,13.863927691187351
2023-06-27,CASH,0.0,0.0,0.0,0.0,0.0,0.0,0,13.863927691187351
2023-06-28,CASH,0.0,0.0,0.0,0.0,0.0,0.0,1,13.863927691187351
2023-06-29,CASH,0.0,0.0,0.0,0.0,0.0,0.0,0,13.863927691187351
2023-06-30,CASH,0.0,0.0,0.0,0.0,0.0,0.0,1,13.863927691187351
2023-07-01,TRXUSDT,1.0,-0.0159202692208128,1.0,0.0015,-0.0174202692208128,-0.0159202692208128,0,13.622414338348987
2023-07-02,TRXUSDT,1.0,0.01683545968696576,0.0,0.0,0.01683545968696576,0.01683545968696576,0,13.851753945781406
2023-07-03,TRXUSDT,1.0,-0.0036217824343551808,0.0,0.0,-0.0036217824343551808,-0.0036217824343551808,0,13.801585906655564
2023-07-04,TRXUSDT,1.0,0.0005192782032974463,0.0,0.0,0.0005192782032974463,0.0005192782032974463,0,13.808752769387828
2023-07-05,CASH,0.0,0.0,1.0,0.0015,-0.0015,0.0,1,13.788039640233746
2023-07-06,CASH,0.0,0.0,0.0,0.0,0.0,0.0,1,13.788039640233746
2023-07-07,CASH,0.0,0.0,0.0,0.0,0.0,0.0,1,13.788039640233746
2023-07-08,CASH,0.0,0.0,0.0,0.0,0.0,0.0,1,13.788039640233746
2023-07-09,CASH,0.0,0.0,0.0,0.0,0.0,0.0,0,13.788039640233746
2023-07-10,CASH,0.0,0.0,0.0,0.0,0.0,0.0,0,13.788039640233746
2023-07-11,CASH,0.0,0.0,0.0,0.0,0.0,0.0,0,13.788039640233746
2023-07-12,CASH,0.0,0.0,0.0,0.0,0.0,0.0,0,13.788039640233746
2023-07-13,TRXUSDT,1.0,-0.022396279525149887,1.0,0.0015,-0.02389627952514989,-0.022396279525149887,0,13.458556790886874
2023-07-14,TRXUSDT,1.0,0.011767651477215813,0.0,0.0,0.011767651477215813,0.011767651477215813,1,13.616932396588346
2023-07-15,TRXUSDT,1.0,-0.012620638455827837,0.0,0.0,-0.012620638455827837,-0.012620638455827837,1,13.445078015933555
2023-07-16,TRXUSDT,1.0,0.0021303258145364268,0.0,0.0,0.0021303258145364268,0.0021303258145364268,1,13.473720412709355
2023-07-17,TRXUSDT,1.0,-0.0023758909591096167,0.0,0.0,-0.0023758909591096167,-0.0023758909591096167,1,13.441708322195227
2023-07-18,TRXUSDT,1.0,0.0066432689897217845,0.0,0.0,0.0066432689897217845,0.0066432689897217845,1,13.531005206260952
2023-07-19,TRXUSDT,1.0,0.005229734777736139,0.0,0.0,0.005229734777736139,0.005229734777736139,1,13.601768774765864
2023-07-20,TRXUSDT,1.0,-0.00371609067261236,0.0,0.0,-0.00371609067261236,-0.00371609067261236,1,13.551223368690927
2023-07-21,TRXUSDT,1.0,0.043143105806291215,0.0,0.0,0.043143105806291215,0.043143105806291215,0,14.135865232291046
2023-07-22,CASH,0.0,0.0,1.0,0.0015,-0.0015,0.0,1,14.11466143444261
2023-07-23,TRXUSDT,1.0,-0.02267002518891692,1.0,0.0015,-0.02417002518891692,-0.02267002518891692,0,13.773509712039097
2023-07-24,CASH,0.0,0.0,1.0,0.0015,-0.0015,0.0,1,13.75284944747104
2023-07-25,CASH,0.0,0.0,0.0,0.0,0.0,0.0,1,13.75284944747104
2023-07-26,CASH,0.0,0.0,0.0,0.0,0.0,0.0,1,13.75284944747104
2023-07-27,CASH,0.0,0.0,0.0,0.0,0.0,0.0,0,13.75284944747104
2023-07-28,CASH,0.0,0.0,0.0,0.0,0.0,0.0,0,13.75284944747104
2023-07-29,TRXUSDT,1.0,-0.038812785388127824,1.0,0.0015,-0.040312785388127825,-0.038812785388127824,0,13.198433779219908
2023-07-30,CASH,0.0,0.0,1.0,0.0015,-0.0015,0.0,0,13.178636128551078
2023-07-31,CASH,0.0,0.0,0.0,0.0,0.0,0.0,1,13.178636128551078
2023-08-01,CASH,0.0,0.0,0.0,0.0,0.0,0.0,0,13.178636128551078
2023-08-02,CASH,0.0,0.0,0.0,0.0,0.0,0.0,1,13.178636128551078
2023-08-03,CASH,0.0,0.0,0.0,0.0,0.0,0.0,1,13.178636128551078
2023-08-04,CASH,0.0,0.0,0.0,0.0,0.0,0.0,1,13.178636128551078
2023-08-05,CASH,0.0,0.0,0.0,0.0,0.0,0.0,1,13.178636128551078
2023-08-06,CASH,0.0,0.0,0.0,0.0,0.0,0.0,1,13.178636128551078
2023-08-07,CASH,0.0,0.0,0.0,0.0,0.0,0.0,0,13.178636128551078
2023-08-08,CASH,0.0,0.0,0.0,0.0,0.0,0.0,0,13.178636128551078
2023-08-09,CASH,0.0,0.0,0.0,0.0,0.0,0.0,0,13.178636128551078
2023-08-10,CASH,0.0,0.0,0.0,0.0,0.0,0.0,0,13.178636128551078
2023-08-11,CASH,0.0,0.0,0.0,0.0,0.0,0.0,1,13.178636128551078
2023-08-12,CASH,0.0,0.0,0.0,0.0,0.0,0.0,1,13.178636128551078
2023-08-13,CASH,0.0,0.0,0.0,0.0,0.0,0.0,1,13.178636128551078
2023-08-14,CASH,0.0,0.0,0.0,0.0,0.0,0.0,0,13.178636128551078
2023-08-15,CASH,0.0,0.0,0.0,0.0,0.0,0.0,1,13.178636128551078
2023-08-16,CASH,0.0,0.0,0.0,0.0,0.0,0.0,1,13.178636128551078
2023-08-17,CASH,0.0,0.0,0.0,0.0,0.0,0.0,1,13.178636128551078
2023-08-18,CASH,0.0,0.0,0.0,0.0,0.0,0.0,1,13.178636128551078
2023-08-19,CASH,0.0,0.0,0.0,0.0,0.0,0.0,1,13.178636128551078
2023-08-20,CASH,0.0,0.0,0.0,0.0,0.0,0.0,1,13.178636128551078
2023-08-21,CASH,0.0,0.0,0.0,0.0,0.0,0.0,0,13.178636128551078
2023-08-22,CASH,0.0,0.0,0.0,0.0,0.0,0.0,1,13.178636128551078
2023-08-23,CASH,0.0,0.0,0.0,0.0,0.0,0.0,0,13.178636128551078
2023-08-24,CASH,0.0,0.0,0.0,0.0,0.0,0.0,0,13.178636128551078
2023-08-25,CASH,0.0,0.0,0.0,0.0,0.0,0.0,0,13.178636128551078
2023-08-26,CASH,0.0,0.0,0.0,0.0,0.0,0.0,1,13.178636128551078
2023-08-27,CASH,0.0,0.0,0.0,0.0,0.0,0.0,1,13.178636128551078
2023-08-28,CASH,0.0,0.0,0.0,0.0,0.0,0.0,0,13.178636128551078
2023-08-29,CASH,0.0,0.0,0.0,0.0,0.0,0.0,0,13.178636128551078
2023-08-30,CASH,0.0,0.0,0.0,0.0,0.0,0.0,0,13.178636128551078
2023-08-31,CASH,0.0,0.0,0.0,0.0,0.0,0.0,1,13.178636128551078
2023-09-01,CASH,0.0,0.0,0.0,0.0,0.0,0.0,1,13.178636128551078
2023-09-02,CASH,0.0,0.0,0.0,0.0,0.0,0.0,1,13.178636128551078
2023-09-03,CASH,0.0,0.0,0.0,0.0,0.0,0.0,0,13.178636128551078
2023-09-04,CASH,0.0,0.0,0.0,0.0,0.0,0.0,0,13.178636128551078
2023-09-05,CASH,0.0,0.0,0.0,0.0,0.0,0.0,1,13.178636128551078
2023-09-06,CASH,0.0,0.0,0.0,0.0,0.0,0.0,1,13.178636128551078
2023-09-07,CASH,0.0,0.0,0.0,0.0,0.0,0.0,0,13.178636128551078
2023-09-08,CASH,0.0,0.0,0.0,0.0,0.0,0.0,0,13.178636128551078
2023-09-09,CASH,0.0,0.0,0.0,0.0,0.0,0.0,0,13.178636128551078
2023-09-10,CASH,0.0,0.0,0.0,0.0,0.0,0.0,1,13.178636128551078
2023-09-11,CASH,0.0,0.0,0.0,0.0,0.0,0.0,1,13.178636128551078
2023-09-12,CASH,0.0,0.0,0.0,0.0,0.0,0.0,1,13.178636128551078
2023-09-13,CASH,0.0,0.0,0.0,0.0,0.0,0.0,0,13.178636128551078
2023-09-14,CASH,0.0,0.0,0.0,0.0,0.0,0.0,0,13.178636128551078
2023-09-15,CASH,0.0,0.0,0.0,0.0,0.0,0.0,0,13.178636128551078
2023-09-16,CASH,0.0,0.0,0.0,0.0,0.0,0.0,0,13.178636128551078
2023-09-17,CASH,0.0,0.0,0.0,0.0,0.0,0.0,0,13.178636128551078
2023-09-18,CASH,0.0,0.0,0.0,0.0,0.0,0.0,0,13.178636128551078
2023-09-19,CASH,0.0,0.0,0.0,0.0,0.0,0.0,0,13.178636128551078
2023-09-20,CASH,0.0,0.0,0.0,0.0,0.0,0.0,0,13.178636128551078
2023-09-21,CASH,0.0,0.0,0.0,0.0,0.0,0.0,1,13.178636128551078
2023-09-22,CASH,0.0,0.0,0.0,0.0,0.0,0.0,1,13.178636128551078
2023-09-23,CASH,0.0,0.0,0.0,0.0,0.0,0.0,1,13.178636128551078
2023-09-24,CASH,0.0,0.0,0.0,0.0,0.0,0.0,1,13.178636128551078
2023-09-25,CASH,0.0,0.0,0.0,0.0,0.0,0.0,1,13.178636128551078
2023-09-26,CASH,0.0,0.0,0.0,0.0,0.0,0.0,1,13.178636128551078
2023-09-27,CASH,0.0,0.0,0.0,0.0,0.0,0.0,0,13.178636128551078
2023-09-28,CASH,0.0,0.0,0.0,0.0,0.0,0.0,0,13.178636128551078
2023-09-29,CASH,0.0,0.0,0.0,0.0,0.0,0.0,0,13.178636128551078
2023-09-30,CASH,0.0,0.0,0.0,0.0,0.0,0.0,0,13.178636128551078
2023-10-01,CASH,0.0,0.0,0.0,0.0,0.0,0.0,0,13.178636128551078
2023-10-02,CASH,0.0,0.0,0.0,0.0,0.0,0.0,0,13.178636128551078
2023-10-03,CASH,0.0,0.0,0.0,0.0,0.0,0.0,0,13.178636128551078
2023-10-04,CASH,0.0,0.0,0.0,0.0,0.0,0.0,1,13.178636128551078
2023-10-05,CASH,0.0,0.0,0.0,0.0,0.0,0.0,1,13.178636128551078
2023-10-06,CASH,0.0,0.0,0.0,0.0,0.0,0.0,0,13.178636128551078
2023-10-07,CASH,0.0,0.0,0.0,0.0,0.0,0.0,0,13.178636128551078
2023-10-08,CASH,0.0,0.0,0.0,0.0,0.0,0.0,0,13.178636128551078
2023-10-09,CASH,0.0,0.0,0.0,0.0,0.0,0.0,1,13.178636128551078
2023-10-10,CASH,0.0,0.0,0.0,0.0,0.0,0.0,1,13.178636128551078
2023-10-11,CASH,0.0,0.0,0.0,0.0,0.0,0.0,1,13.178636128551078
2023-10-12,CASH,0.0,0.0,0.0,0.0,0.0,0.0,1,13.178636128551078
2023-10-13,CASH,0.0,0.0,0.0,0.0,0.0,0.0,1,13.178636128551078
2023-10-14,CASH,0.0,0.0,0.0,0.0,0.0,0.0,1,13.178636128551078
2023-10-15,CASH,0.0,0.0,0.0,0.0,0.0,0.0,0,13.178636128551078
2023-10-16,CASH,0.0,0.0,0.0,0.0,0.0,0.0,0,13.178636128551078
2023-10-17,CASH,0.0,0.0,0.0,0.0,0.0,0.0,0,13.178636128551078
2023-10-18,CASH,0.0,0.0,0.0,0.0,0.0,0.0,0,13.178636128551078
2023-10-19,CASH,0.0,0.0,0.0,0.0,0.0,0.0,0,13.178636128551078
2023-10-20,CASH,0.0,0.0,0.0,0.0,0.0,0.0,0,13.178636128551078
2023-10-21,CASH,0.0,0.0,0.0,0.0,0.0,0.0,0,13.178636128551078
2023-10-22,CASH,0.0,0.0,0.0,0.0,0.0,0.0,0,13.178636128551078
2023-10-23,SOLUSDT,1.0,-0.053638644918444056,1.0,0.0015,-0.05513864491844406,-0.053638644918444056,0,12.451983990549522
2023-10-24,CASH,0.0,0.0,1.0,0.0015,-0.0015,0.0,0,12.433306014563698
2023-10-25,LINKUSDT,1.0,-0.011756194610236803,1.0,0.0015,-0.013256194610236803,-0.011756194610236803,0,12.268487690386014
2023-10-26,LINKUSDT,1.0,0.023517569546120054,0.0,0.0,0.023517569546120054,0.023517569546120054,0,12.557012702870384
2023-10-27,LINKUSDT,1.0,-0.023424228877961584,0.0,0.0,-0.023424228877961584,-0.023424228877961584,1,12.262874363294877
2023-10-28,LINKUSDT,1.0,0.014464890597821078,0.0,0.0,0.014464890597821078,0.014464890597821078,1,12.440255499374762
2023-10-29,LINKUSDT,1.0,0.012543994224348154,0.0,0.0,0.012543994224348154,0.012543994224348154,0,12.596305992508334
2023-10-30,SOLUSDT,1.0,0.09902690326273622,2.0,0.003,0.09602690326273622,0.09902690326273622,0,13.805890249518757
2023-10-31,SOLUSDT,1.0,0.07161458333333326,0.0,0.0,0.07161458333333326,0.07161458333333326,0,14.794593327283772
2023-11-01,TRXUSDT,1.0,-0.009187138006790496,2.0,0.003,-0.012187138006790495,-0.009187138006790496,0,14.614289576649822
2023-11-02,TRXUSDT,1.0,-0.020157226365652092,0.0,0.0,-0.020157226365652092,-0.020157226365652092,0,14.319706033480102
2023-11-03,TRXUSDT,1.0,0.0044229582390453714,0.0,0.0,0.0044229582390453714,0.0044229582390453714,0,14.38304149526159
2023-11-04,TRXUSDT,1.0,0.0044034818228366746,0.0,0.0,0.0044034818228366746,0.0044034818228366746,1,14.44637695704308
2023-11-05,TRXUSDT,1.0,-0.004384176182708033,0.0,0.0,-0.004384176182708033,-0.004384176182708033,0,14.38304149526159
2023-11-06,TRXUSDT,1.0,-0.010957501280081994,0.0,0.0,-0.010957501280081994,-0.010957501280081994,0,14.225439299665789
2023-11-07,BTCUSDT,1.0,0.006373039781779832,2.0,0.003,0.0033730397817798323,0.006373039781779832,0,14.273422272336857
2023-11-08,BTCUSDT,1.0,0.030214132209319677,0.0,0.0,0.030214132209319677,0.030214132209319677,0,14.70468133995269
2023-11-09,BTCUSDT,1.0,0.016363001752808914,0.0,0.0,0.016363001752808914,0.016363001752808914,0,14.945294066492833
2023-11-10,BTCUSDT,1.0,-0.004601139414014854,0.0,0.0,-0.004601139414014854,-0.004601139414014854,0,14.87652868490945
2023-11-11,BTCUSDT,1.0,-0.0017740371667116506,0.0,0.0,-0.0017740371667116506,-0.0017740371667116506,0,14.850137170110768
2023-11-12,TRXUSDT,1.0,-0.015021656990139132,2.0,0.003,-0.01802165699013913,-0.015021656990139132,0,14.582513091774517
2023-11-13,TRXUSDT,1.0,-0.043600299401197584,0.0,0.0,-0.043600299401197584,-0.043600299401197584,1,13.946711154951265
2023-11-14,TRXUSDT,1.0,0.01800039131285458,0.0,0.0,0.01800039131285458,0.01800039131285458,1,14.197757413267741
2023-11-15,ADAUSDT,1.0,-0.021647307286166928,2.0,0.003,-0.024647307286166927,-0.021647307286166928,0,13.847820923528477
2023-11-16,ADAUSDT,1.0,-0.009444144630329165,0.0,0.0,-0.009444144630329165,-0.009444144630329165,1,13.717040099911776
2023-11-17,ADAUSDT,1.0,0.027512939253609314,0.0,0.0,0.027512939253609314,0.027512939253609314,0,14.094436190919971
2023-11-18,ADAUSDT,1.0,0.01802757158006374,0.0,0.0,0.01802757158006374,0.01802757158006374,1,14.348524648232422
2023-11-19,ADAUSDT,1.0,-0.009375000000000022,0.0,0.0,-0.009375000000000022,-0.009375000000000022,0,14.214007229655243
2023-11-20,ADAUSDT,1.0,-0.06256572029442709,0.0,0.0,-0.06256572029442709,-0.06256572029442709,0,13.324697629061669
2023-11-21,ADAUSDT,1.0,0.067021873247336,0.0,0.0,0.067021873247336,0.067021873247336,1,14.217743824615718
2023-11-22,ADAUSDT,1.0,0.017871222076215387,0.0,0.0,0.017871222076215387,0.017871222076215387,0,14.471832281928165
2023-11-23,ADAUSDT,1.0,-0.0028401755744900115,0.0,0.0,-0.0028401755744900115,-0.0028401755744900115,1,14.430729737362917
2023-11-24,ADAUSDT,1.0,0.02045572242361482,0.0,0.0,0.02045572242361482,0.02045572242361482,0,14.725920739240618
2023-11-25,ADAUSDT,1.0,-0.017254503933011978,0.0,0.0,-0.017254503933011978,-0.017254503933011978,0,14.471832281928167
2023-11-26,TRXUSDT,1.0,-0.05427723139729068,2.0,0.003,-0.057277231397290684,-0.05427723139729068,0,13.642925795573387
2023-11-27,ADAUSDT,1.0,0.0214455917394758,2.0,0.003,0.0184455917394758,0.0214455917394758,1,13.894577634930497
2023-11-28,ADAUSDT,1.0,-0.010886469673405896,0.0,0.0,-0.010886469673405896,-0.010886469673405896,0,13.743314736883043
2023-11-29,TRXUSDT,1.0,0.0003867349898483141,2.0,0.003,-0.002613265010151686,0.0003867349898483141,0,13.707399813357645
2023-11-30,BTCUSDT,1.0,0.025409845625962824,2.0,0.003,0.022409845625962824,0.025409845625962824,0,14.014580527108343
2023-12-01,BTCUSDT,1.0,0.019849534104810163,0.0,0.0,0.019849534104810163,0.019849534104810163,0,14.29276342124579
2023-12-02,ADAUSDT,1.0,-0.0067907444668009465,2.0,0.003,-0.009790744466800946,-0.0067907444668009465,0,14.152826626863932
2023-12-03,BTCUSDT,1.0,0.05050602592898157,2.0,0.003,0.047506025928981566,0.05050602592898157,0,14.82517117556811
2023-12-04,DOGEUSDT,1.0,0.026882890727035313,2.0,0.003,0.023882890727035314,0.026882890727035313,0,15.1792391187638
2023-12-05,DOGEUSDT,1.0,0.006147323794382542,0.0,0.0,0.006147323794382542,0.006147323794382542,0,15.272550816579198
2023-12-06,BTCUSDT,1.0,-0.011186469570312108,2.0,0.003,-0.014186469570312107,-0.011186469570312108,0,15.055887239158752
2023-12-07,ADAUSDT,1.0,0.19736553238199783,2.0,0.003,0.19436553238199783,0.19736553238199783,0,17.982232777881173
2023-12-08,ADAUSDT,1.0,0.061789512284561754,0.0,0.0,0.061789512284561754,0.061789512284561754,0,19.09334617101391
2023-12-09,ADAUSDT,1.0,0.027111034363667796,0.0,0.0,0.027111034363667796,0.027111034363667796,1,19.610986535173673
2023-12-10,ADAUSDT,1.0,-0.07414256893073312,0.0,0.0,-0.07414256893073312,-0.07414256893073312,0,18.15697761418988
2023-12-11,ADAUSDT,1.0,0.050299618667150936,0.0,0.0,0.050299618667150936,0.050299618667150936,1,19.070266664331626
2023-12-12,ADAUSDT,1.0,0.15404564315352687,0.0,0.0,0.15404564315352687,0.15404564315352687,1,22.007958157747854
2023-12-13,DOTUSDT,1.0,-0.01262659476522432,2.0,0.003,-0.01562659476522432,-0.01262659476522432,1,21.664048714006714
2023-12-14,SOLUSDT,1.0,-0.041886892177589896,2.0,0.003,-0.0448868921775899,-0.041886892177589896,0,20.69161689525104
2023-12-15,DOTUSDT,1.0,0.020284851100561108,2.0,0.003,0.01728485110056111,0.020284851100561108,0,21.04926841231531
2023-12-16,DOTUSDT,1.0,-0.0434292160180485,0.0,0.0,-0.0434292160180485,-0.0434292160180485,1,20.135115187414986
2023-12-17,DOTUSDT,1.0,0.014887971698113178,0.0,0.0,0.014887971698113178,0.014887971698113178,1,20.434886212463468
2023-12-18,DOTUSDT,1.0,-0.0259985475671749,0.0,0.0,-0.0259985475671749,-0.0259985475671749,0,19.90360885123893
2023-12-19,DOTUSDT,1.0,0.03653444676409179,0.0,0.0,0.03653444676409179,0.03653444676409179,1,20.630776189227824
2023-12-20,DOTUSDT,1.0,0.2113364983455619,0.0,0.0,0.2113364983455619,0.2113364983455619,0,24.990812187210228
2023-12-21,BTCUSDT,1.0,0.0024449520995490914,2.0,0.003,-0.0005550479004509086,0.0024449520995490914,0,24.976941089375153
2023-12-22,BTCUSDT,1.0,-0.006069725424980743,0.0,0.0,-0.006069725424980743,-0.006069725424980743,0,24.825337915006727
2023-12-23,BTCUSDT,1.0,-0.016261438793872096,0.0,0.0,-0.016261438793872096,-0.016261438793872096,0,24.42164220196465
2023-12-24,BTCUSDT,1.0,0.013598734633590404,0.0,0.0,0.013598734633590404,0.013598734633590404,1,24.753745633585662
2023-12-25,TRXUSDT,1.0,-0.026544492726242153,2.0,0.003,-0.029544492726242152,-0.026544492726242153,1,24.02240877576694
2023-12-26,BNBUSDT,1.0,0.08867987907289221,2.0,0.003,0.0856798790728922,0.08867987907289221,1,26.080645854714234
2023-12-27,BNBUSDT,1.0,-0.004628201172477642,0.0,0.0,-0.004628201172477642,-0.004628201172477642,0,25.959939378990473
2023-12-28,BNBUSDT,1.0,-0.027588344699318146,0.0,0.0,-0.027588344699318146,-0.027588344699318146,1,25.24374762302948
2023-12-29,BNBUSDT,1.0,0.010838380618425347,0.0,0.0,0.010838380618425347,0.010838380618425347,1,25.517348968003343
2023-12-30,BNBUSDT,1.0,-0.01671397035635447,0.0,0.0,-0.01671397035635447,-0.01671397035635447,1,25.090852753779384
2023-12-31,BNBUSDT,1.0,0.005452212957023805,0.0,0.0,0.005452212957023805,0.005452212957023805,1,25.227653426266315
2024-01-01,BNBUSDT,1.0,-0.00414673046252001,0.0,0.0,-0.00414673046252001,-0.00414673046252001,0,25.12304114730572
2024-01-02,BNBUSDT,1.0,0.011531069827034113,0.0,0.0,0.011531069827034113,0.011531069827034113,0,25.412736689042752
2024-01-03,BNBUSDT,1.0,0.02501583280557318,0.0,0.0,0.02501583280557318,0.02501583280557318,0,26.0484574611879
2024-01-04,BNBUSDT,1.0,-0.019153537225826356,0.0,0.0,-0.019153537225826356,-0.019153537225826356,1,25.549537361529683
2024-01-05,BNBUSDT,1.0,-0.03149606299212604,0.0,0.0,-0.03149606299212604,-0.03149606299212604,1,24.744827523371267
2024-01-06,BNBUSDT,1.0,-0.016585365853658662,0.0,0.0,-0.016585365853658662,-0.016585365853658662,0,24.334425505910474
2024-01-07,BNBUSDT,1.0,0.004298941798941858,0.0,0.0,0.004298941798941858,0.004298941798941858,1,24.43903778487107
2024-01-08,BNBUSDT,1.0,-0.008561080013170796,0.0,0.0,-0.008561080013170796,-0.008561080013170796,0,24.229813226949883
2024-01-09,BNBUSDT,1.0,0.015609432082364538,0.0,0.0,0.015609432082364538,0.015609432082364538,0,24.608026850884336
2024-01-10,BNBUSDT,1.0,0.007848266841072427,0.0,0.0,0.007848266841072427,0.007848266841072427,0,24.80115721204235
2024-01-11,BNBUSDT,1.0,-0.037637897469175785,0.0,0.0,-0.037637897469175785,-0.037637897469175785,1,23.867693799778593
2024-01-12,BNBUSDT,1.0,0.018880647336479983,0.0,0.0,0.018880647336479983,0.018880647336479983,1,24.318331309147304
2024-01-13,BNBUSDT,1.0,-0.00893448047650558,0.0,0.0,-0.00893448047650558,-0.00893448047650558,1,24.101059652844533
2024-01-14,BNBUSDT,1.0,0.06010016694490816,0.0,0.0,0.06010016694490816,0.06010016694490816,1,25.54953736152968
2024-01-15,BNBUSDT,1.0,-0.007244094488188968,0.0,0.0,-0.007244094488188968,-0.007244094488188968,1,25.364454098753246
2024-01-16,TRXUSDT,1.0,0.002868511150180497,2.0,0.003,-0.00013148884981950288,0.002868511150180497,0,25.361118955857503
2024-01-17,TRXUSDT,1.0,-0.0023066986528880173,0.0,0.0,-0.0023066986528880173,-0.0023066986528880173,0,25.302618496926293
2024-01-18,TRXUSDT,1.0,0.021918061592527405,0.0,0.0,0.021918061592527405,0.021918061592527405,1,25.857202847594145
2024-01-19,TRXUSDT,1.0,-0.003981900452488696,0.0,0.0,-0.003981900452488696,-0.003981900452488696,1,25.75424203987522
2024-01-20,TRXUSDT,1.0,-0.010085407959294912,0.0,0.0,-0.010085407959294912,-0.010085407959294912,1,25.494500002220654
2024-01-21,BNBUSDT,1.0,-0.03986189579409938,2.0,0.003,-0.04286189579409938,-0.03986189579409938,0,24.401757399802808
2024-01-22,TRXUSDT,1.0,-0.01911993413228441,2.0,0.003,-0.02211993413228441,-0.01911993413228441,1,23.861992133407185
2024-01-23,TRXUSDT,1.0,0.014922589069203518,0.0,0.0,0.014922589069203518,0.014922589069203518,1,24.218074836386588
2024-01-24,TRXUSDT,1.0,0.03032530784782206,0.0,0.0,0.03032530784782206,0.03032530784782206,1,24.952495411281603
2024-01-25,TRXUSDT,1.0,0.021048876204067035,0.0,0.0,0.021048876204067035,0.021048876204067035,0,25.47771739817622
2024-01-26,TRXUSDT,1.0,-0.017819706498951815,0.0,0.0,-0.017819706498951815,-0.017819706498951815,0,25.023711951877484
2024-01-27,TRXUSDT,1.0,-0.001778726431874711,0.0,0.0,-0.001778726431874711,-0.001778726431874711,0,24.97920161400506
2024-01-28,TRXUSDT,1.0,0.0071275837491089344,0.0,0.0,0.0071275837491089344,0.0071275837491089344,0,25.15724296549476
2024-01-29,TRXUSDT,1.0,-0.008669497523000613,0.0,0.0,-0.008669497523000613,-0.008669497523000613,0,24.939142309919877
2024-01-30,TRXUSDT,1.0,0.001784758165268574,0.0,0.0,0.001784758165268574,0.001784758165268574,0,24.9836526477923
2024-01-31,TRXUSDT,1.0,0.030108676287190494,0.0,0.0,0.030108676287190494,0.030108676287190494,0,25.73587735783629
2024-02-01,TRXUSDT,1.0,0.005620892424766488,0.0,0.0,0.005620892424766488,0.005620892424766488,1,25.880535955921673
2024-02-02,TRXUSDT,1.0,0.008169232092183343,0.0,0.0,0.008169232092183343,0.008169232092183343,0,26.091960060815694
2024-02-03,TRXUSDT,1.0,0.010150119413169456,0.0,0.0,0.010150119413169456,0.010150119413169456,0,26.35679657115662
2024-02-04,TRXUSDT,1.0,0.004644093557375717,0.0,0.0,0.004644093557375717,0.004644093557375717,1,26.47920000030579
2024-02-05,LINKUSDT,1.0,-0.04576288874973922,2.0,0.003,-0.04876288874973922,-0.04576288874973922,1,25.187997716508786
2024-02-06,LINKUSDT,1.0,0.028982337179417117,0.0,0.0,0.028982337179417117,0.028982337179417117,0,25.918004759203033
2024-02-07,LINKUSDT,1.0,-0.03215177764787158,0.0,0.0,-0.03215177764787158,-0.03215177764787158,0,25.08469483310866
2024-02-08,LINKUSDT,1.0,0.01416648363716222,0.0,0.0,0.01416648363716222,0.01416648363716222,0,25.440056752005102
2024-02-09,LINKUSDT,1.0,0.03324309691391458,0.0,0.0,0.03324309691391458,0.03324309691391458,0,26.285763024107496
2024-02-10,LINKUSDT,1.0,0.055648710962062475,0.0,0.0,0.055648710962062475,0.055648710962062475,0,27.748531853053322
2024-02-11,LINKUSDT,1.0,0.015834408815645684,0.0,0.0,0.015834408815645684,0.015834408815645684,0,28.187913450448534
2024-02-12,LINKUSDT,1.0,-0.02907402882970922,0.0,0.0,-0.02907402882970922,-0.02907402882970922,0,27.368377242140845
2024-02-13,LINKUSDT,1.0,0.018621036738802,0.0,0.0,0.018621036738802,0.018621036738802,0,27.878004800248142
2024-02-14,LINKUSDT,1.0,-0.01521739130434785,0.0,0.0,-0.01521739130434785,-0.01521739130434785,0,27.453774292418277
2024-02-15,LINKUSDT,1.0,-0.019114990969295587,0.0,0.0,-0.019114990969295587,-0.019114990969295587,0,26.928995644745623
2024-02-16,LINKUSDT,1.0,0.02460232213186031,0.0,0.0,0.02460232213186031,0.02460232213186031,0,27.591511470285116
2024-02-17,LINKUSDT,1.0,0.004343051118210761,0.0,0.0,0.004343051118210761,0.004343051118210761,1,27.711342815029262
2024-02-18,LINKUSDT,1.0,-0.014265122520999984,0.0,0.0,-0.014265122520999984,-0.014265122520999984,0,27.31603711455144
2024-02-19,LINKUSDT,1.0,-0.0277833803953208,0.0,0.0,-0.0277833803953208,-0.0277833803953208,1,26.557105264505154
2024-02-20,ETHUSDT,1.0,-0.01555985285971584,2.0,0.003,-0.01855985285971584,-0.01555985285971584,0,26.064209298415953
2024-02-21,ETHUSDT,1.0,0.001179285016341458,0.0,0.0,0.001179285016341458,0.001179285016341458,1,26.09494642990436
2024-02-22,ETHUSDT,1.0,-0.016544389849902474,0.0,0.0,-0.016544389849902474,-0.016544389849902474,1,25.663221463055702
2024-02-23,ETHUSDT,1.0,0.024084264126149835,0.0,0.0,0.024084264126149835,0.024084264126149835,1,26.281301267099813
2024-02-24,ETHUSDT,1.0,0.04008861800028085,0.0,0.0,0.04008861800028085,0.04008861800028085,1,27.334882314146874
2024-02-25,ETHUSDT,1.0,0.020352825139192676,0.0,0.0,0.020352825139192676,0.020352825139192676,0,27.891224394087114
2024-02-26,ETHUSDT,1.0,0.020913493327959554,0.0,0.0,0.020913493327959554,0.020913493327959554,0,28.47452732936148
2024-02-27,ETHUSDT,1.0,0.04340665441221825,0.0,0.0,0.04340665441221825,0.04340665441221825,0,29.710511296698336
2024-02-28,ETHUSDT,1.0,-0.012713192042800858,0.0,0.0,-0.012713192042800858,-0.012713192042800858,0,29.332795860893604
2024-02-29,ETHUSDT,1.0,0.02794535476588944,0.0,0.0,0.02794535476588944,0.02794535476588944,0,30.15251124750169
2024-03-01,ETHUSDT,1.0,-0.0035037848448926656,0.0,0.0,-0.0035037848448926656,-0.0035037848448926656,0,30.046863335557237
2024-03-02,ETHUSDT,1.0,0.01941018296603736,0.0,0.0,0.01941018296603736,0.01941018296603736,1,30.630078450455922
2024-03-03,ETHUSDT,1.0,0.040125465550015615,0.0,0.0,0.040125465550015615,0.040125465550015615,0,31.859124608113966
2024-03-04,ETHUSDT,1.0,-0.020428584029814623,0.0,0.0,-0.020428584029814623,-0.020428584029814623,0,31.208287803940774
2024-03-05,ETHUSDT,1.0,0.07455433146201784,0.0,0.0,0.07455433146201784,0.07455433146201784,0,33.535000837237824
2024-03-06,ETHUSDT,1.0,0.013138357351797358,0.0,0.0,0.013138357351797358,0.013138357351797358,0,33.97559566203028
2024-03-07,ETHUSDT,1.0,0.0037738190014371398,0.0,0.0,0.0037738190014371398,0.0037738190014371398,1,34.10381341052479
2024-03-08,ETHUSDT,1.0,0.0056265708046638885,0.0,0.0,0.0056265708046638885,0.0056265708046638885,0,34.295700931388154
2024-03-09,BNBUSDT,1.0,0.08314560720868314,2.0,0.003,0.08014560720868313,0.08314560720868314,0,37.044350707181664
2024-03-10,BNBUSDT,1.0,-0.011155227831348036,0.0,0.0,-0.011155227831348036,-0.011155227831348036,0,36.631112535178694
2024-03-11,BNBUSDT,1.0,0.027724665391969383,0.0,0.0,0.027724665391969383,0.027724665391969383,0,37.6466978731521
2024-03-12,BNBUSDT,1.0,0.1730232558139535,0.0,0.0,0.1730232558139535,0.1730232558139535,0,44.160452109809114
2024-03-13,BNBUSDT,1.0,-0.043298969072164906,0.0,0.0,-0.043298969072164906,-0.043298969072164906,0,42.24835005969367
2024-03-14,BNBUSDT,1.0,0.048905835543766596,0.0,0.0,0.048905835543766596,0.048905835543766596,1,44.314540919708534
2024-03-15,BNBUSDT,1.0,-0.08898372056266801,0.0,0.0,-0.08898372056266801,-0.08898372056266801,1,40.37126819364627
2024-03-16,BTCUSDT,1.0,0.04736324902225286,2.0,0.003,0.04436324902225286,0.04736324902225286,1,42.162268817865154
2024-03-17,BTCUSDT,1.0,-0.011455624132592601,0.0,0.0,-0.011455624132592601,-0.011455624132592601,1,41.67927371371036
2024-03-18,BTCUSDT,1.0,-0.08390165417862072,0.0,0.0,-0.08390165417862072,-0.08390165417862072,1,38.18231370416655
2024-03-19,CASH,0.0,0.0,1.0,0.0015,-0.0015,0.0,1,38.12504023361031
2024-03-20,CASH,0.0,0.0,0.0,0.0,0.0,0.0,1,38.12504023361031
2024-03-21,CASH,0.0,0.0,0.0,0.0,0.0,0.0,1,38.12504023361031
2024-03-22,CASH,0.0,0.0,0.0,0.0,0.0,0.0,0,38.12504023361031
2024-03-23,CASH,0.0,0.0,0.0,0.0,0.0,0.0,1,38.12504023361031
2024-03-24,CASH,0.0,0.0,0.0,0.0,0.0,0.0,0,38.12504023361031
2024-03-25,CASH,0.0,0.0,0.0,0.0,0.0,0.0,0,38.12504023361031
2024-03-26,CASH,0.0,0.0,0.0,0.0,0.0,0.0,0,38.12504023361031
2024-03-27,CASH,0.0,0.0,0.0,0.0,0.0,0.0,0,38.12504023361031
2024-03-28,CASH,0.0,0.0,0.0,0.0,0.0,0.0,0,38.12504023361031
2024-03-29,CASH,0.0,0.0,0.0,0.0,0.0,0.0,1,38.12504023361031
2024-03-30,CASH,0.0,0.0,0.0,0.0,0.0,0.0,0,38.12504023361031
2024-03-31,CASH,0.0,0.0,0.0,0.0,0.0,0.0,0,38.12504023361031
2024-04-01,CASH,0.0,0.0,0.0,0.0,0.0,0.0,1,38.12504023361031
2024-04-02,CASH,0.0,0.0,0.0,0.0,0.0,0.0,1,38.12504023361031
2024-04-03,CASH,0.0,0.0,0.0,0.0,0.0,0.0,1,38.12504023361031
2024-04-04,CASH,0.0,0.0,0.0,0.0,0.0,0.0,1,38.12504023361031
2024-04-05,CASH,0.0,0.0,0.0,0.0,0.0,0.0,0,38.12504023361031
2024-04-06,CASH,0.0,0.0,0.0,0.0,0.0,0.0,0,38.12504023361031
2024-04-07,CASH,0.0,0.0,0.0,0.0,0.0,0.0,0,38.12504023361031
2024-04-08,LTCUSDT,1.0,-0.05558245376198312,1.0,0.0015,-0.05708245376198312,-0.05558245376198312,0,35.948769387301496
2024-04-09,LTCUSDT,1.0,-0.008407669435045673,0.0,0.0,-0.008407669435045673,-0.008407669435045673,0,35.64652401769638
2024-04-10,LTCUSDT,1.0,0.021404198118085027,0.0,0.0,0.021404198118085027,0.021404198118085027,0,36.40950927999223
2024-04-11,LTCUSDT,1.0,-0.12856853614091923,0.0,0.0,-0.12856853614091923,-0.12856853614091923,1,31.728391970254414
2024-04-12,CASH,0.0,0.0,1.0,0.0015,-0.0015,0.0,1,31.680799382299035
2024-04-13,CASH,0.0,0.0,0.0,0.0,0.0,0.0,1,31.680799382299035
2024-04-14,CASH,0.0,0.0,0.0,0.0,0.0,0.0,1,31.680799382299035
2024-04-15,CASH,0.0,0.0,0.0,0.0,0.0,0.0,1,31.680799382299035
2024-04-16,CASH,0.0,0.0,0.0,0.0,0.0,0.0,1,31.680799382299035
2024-04-17,CASH,0.0,0.0,0.0,0.0,0.0,0.0,1,31.680799382299035
2024-04-18,CASH,0.0,0.0,0.0,0.0,0.0,0.0,0,31.680799382299035
2024-04-19,CASH,0.0,0.0,0.0,0.0,0.0,0.0,0,31.680799382299035
2024-04-20,CASH,0.0,0.0,0.0,0.0,0.0,0.0,0,31.680799382299035
2024-04-21,CASH,0.0,0.0,0.0,0.0,0.0,0.0,0,31.680799382299035
2024-04-22,CASH,0.0,0.0,0.0,0.0,0.0,0.0,0,31.680799382299035
2024-04-23,CASH,0.0,0.0,0.0,0.0,0.0,0.0,0,31.680799382299035
2024-04-24,CASH,0.0,0.0,0.0,0.0,0.0,0.0,1,31.680799382299035
2024-04-25,CASH,0.0,0.0,0.0,0.0,0.0,0.0,1,31.680799382299035
2024-04-26,CASH,0.0,0.0,0.0,0.0,0.0,0.0,1,31.680799382299035
2024-04-27,CASH,0.0,0.0,0.0,0.0,0.0,0.0,1,31.680799382299035
2024-04-28,CASH,0.0,0.0,0.0,0.0,0.0,0.0,1,31.680799382299035
2024-04-29,CASH,0.0,0.0,0.0,0.0,0.0,0.0,0,31.680799382299035
2024-04-30,CASH,0.0,0.0,0.0,0.0,0.0,0.0,1,31.680799382299035
2024-05-01,CASH,0.0,0.0,0.0,0.0,0.0,0.0,1,31.680799382299035
2024-05-02,CASH,0.0,0.0,0.0,0.0,0.0,0.0,1,31.680799382299035
2024-05-03,CASH,0.0,0.0,0.0,0.0,0.0,0.0,0,31.680799382299035
2024-05-04,CASH,0.0,0.0,0.0,0.0,0.0,0.0,0,31.680799382299035
2024-05-05,CASH,0.0,0.0,0.0,0.0,0.0,0.0,0,31.680799382299035
2024-05-06,CASH,0.0,0.0,0.0,0.0,0.0,0.0,0,31.680799382299035
2024-05-07,CASH,0.0,0.0,0.0,0.0,0.0,0.0,1,31.680799382299035
2024-05-08,CASH,0.0,0.0,0.0,0.0,0.0,0.0,1,31.680799382299035
2024-05-09,CASH,0.0,0.0,0.0,0.0,0.0,0.0,1,31.680799382299035
2024-05-10,CASH,0.0,0.0,0.0,0.0,0.0,0.0,1,31.680799382299035
2024-05-11,CASH,0.0,0.0,0.0,0.0,0.0,0.0,1,31.680799382299035
2024-05-12,CASH,0.0,0.0,0.0,0.0,0.0,0.0,1,31.680799382299035
2024-05-13,CASH,0.0,0.0,0.0,0.0,0.0,0.0,0,31.680799382299035
2024-05-14,CASH,0.0,0.0,0.0,0.0,0.0,0.0,0,31.680799382299035
2024-05-15,CASH,0.0,0.0,0.0,0.0,0.0,0.0,0,31.680799382299035
2024-05-16,CASH,0.0,0.0,0.0,0.0,0.0,0.0,0,31.680799382299035
2024-05-17,SOLUSDT,1.0,0.01746931067044377,1.0,0.0015,0.01596931067044377,0.01746931067044377,0,32.18671990992297
2024-05-18,SOLUSDT,1.0,-0.014327146171693728,0.0,0.0,-0.014327146171693728,-0.014327146171693728,0,31.72557606898614
2024-05-19,SOLUSDT,1.0,0.09868769493320761,0.0,0.0,0.09868769493320761,0.09868769493320761,0,34.856500041662514
2024-05-20,SOLUSDT,1.0,-0.04579539367969998,0.0,0.0,-0.04579539367969998,-0.04579539367969998,0,33.2602328999581
2024-05-21,SOLUSDT,1.0,-0.006735896716250411,0.0,0.0,-0.006735896716250411,-0.006735896716250411,0,33.036195406385545
2024-05-22,SOLUSDT,1.0,-0.004464538005086172,0.0,0.0,-0.004464538005086172,-0.004464538005086172,0,32.88870405645029
2024-05-23,SOLUSDT,1.0,-0.048024523160763,0.0,0.0,-0.048024523160763,-0.048024523160763,1,31.30923972676381
2024-05-24,SOLUSDT,1.0,0.003875968992248069,0.0,0.0,0.003875968992248069,0.003875968992248069,1,31.43059336911561
2024-05-25,SOLUSDT,1.0,-0.02934362934362933,0.0,0.0,-0.02934362934362933,-0.02934362934362933,0,30.508305687241947
2024-05-26,SOLUSDT,1.0,0.041245945780552074,0.0,0.0,0.041245945780552074,0.041245945780552074,0,31.766649609474438
2024-05-27,SOLUSDT,1.0,-0.008639435791948258,0.0,0.0,-0.008639435791948258,-0.008639435791948258,0,31.492203679848064
2024-05-28,SOLUSDT,1.0,-0.0021342186388428885,0.0,0.0,-0.0021342186388428885,-0.0021342186388428885,1,31.424992431776296
2024-05-29,SOLUSDT,1.0,-0.008555133079847899,0.0,0.0,-0.008555133079847899,-0.008555133079847899,1,31.15614743948924
2024-05-30,SOLUSDT,1.0,-0.007370565675934748,0.0,0.0,-0.007370565675934748,-0.007370565675934748,1,30.926509008577376
2024-05-31,SOLUSDT,1.0,0.0029580440688197207,0.0,0.0,0.0029580440688197207,0.0029580440688197207,1,31.0179909851195
2024-06-01,SOLUSDT,1.0,-0.017996870109546093,0.0,0.0,-0.017996870109546093,-0.017996870109546093,0,30.459764230301232
2024-06-02,SOLUSDT,1.0,0.010665032178976297,0.0,0.0,0.010665032178976297,0.010665032178976297,1,30.784618595981424
2024-06-03,SOLUSDT,1.0,0.04178543271271762,0.0,0.0,0.04178543271271762,0.04178543271271762,0,32.07096720491048
2024-06-04,BNBUSDT,1.0,0.01910456467843069,2.0,0.003,0.016104564678430692,0.01910456467843069,0,32.587456170561794
2024-06-05,BNBUSDT,1.0,0.01774470520892968,0.0,0.0,0.01774470520892968,0.01774470520892968,0,33.165710973817326
2024-06-06,BNBUSDT,1.0,-0.03824521934758163,0.0,0.0,-0.03824521934758163,-0.03824521934758163,0,31.897281082805186
2024-06-07,CASH,0.0,0.0,1.0,0.0015,-0.0015,0.0,1,31.84943516118098
2024-06-08,CASH,0.0,0.0,0.0,0.0,0.0,0.0,1,31.84943516118098
2024-06-09,CASH,0.0,0.0,0.0,0.0,0.0,0.0,1,31.84943516118098
2024-06-10,CASH,0.0,0.0,0.0,0.0,0.0,0.0,0,31.84943516118098
2024-06-11,CASH,0.0,0.0,0.0,0.0,0.0,0.0,1,31.84943516118098
2024-06-12,CASH,0.0,0.0,0.0,0.0,0.0,0.0,1,31.84943516118098
2024-06-13,CASH,0.0,0.0,0.0,0.0,0.0,0.0,1,31.84943516118098
2024-06-14,CASH,0.0,0.0,0.0,0.0,0.0,0.0,1,31.84943516118098
2024-06-15,CASH,0.0,0.0,0.0,0.0,0.0,0.0,1,31.84943516118098
2024-06-16,CASH,0.0,0.0,0.0,0.0,0.0,0.0,1,31.84943516118098
2024-06-17,CASH,0.0,0.0,0.0,0.0,0.0,0.0,0,31.84943516118098
2024-06-18,CASH,0.0,0.0,0.0,0.0,0.0,0.0,1,31.84943516118098
2024-06-19,CASH,0.0,0.0,0.0,0.0,0.0,0.0,1,31.84943516118098
2024-06-20,CASH,0.0,0.0,0.0,0.0,0.0,0.0,1,31.84943516118098
2024-06-21,CASH,0.0,0.0,0.0,0.0,0.0,0.0,1,31.84943516118098
2024-06-22,CASH,0.0,0.0,0.0,0.0,0.0,0.0,1,31.84943516118098
2024-06-23,CASH,0.0,0.0,0.0,0.0,0.0,0.0,1,31.84943516118098
2024-06-24,CASH,0.0,0.0,0.0,0.0,0.0,0.0,1,31.84943516118098
2024-06-25,CASH,0.0,0.0,0.0,0.0,0.0,0.0,1,31.84943516118098
2024-06-26,CASH,0.0,0.0,0.0,0.0,0.0,0.0,1,31.84943516118098
2024-06-27,CASH,0.0,0.0,0.0,0.0,0.0,0.0,0,31.84943516118098
2024-06-28,CASH,0.0,0.0,0.0,0.0,0.0,0.0,1,31.84943516118098
2024-06-29,CASH,0.0,0.0,0.0,0.0,0.0,0.0,0,31.84943516118098
2024-06-30,CASH,0.0,0.0,0.0,0.0,0.0,0.0,0,31.84943516118098
2024-07-01,CASH,0.0,0.0,0.0,0.0,0.0,0.0,0,31.84943516118098
2024-07-02,CASH,0.0,0.0,0.0,0.0,0.0,0.0,0,31.84943516118098
2024-07-03,CASH,0.0,0.0,0.0,0.0,0.0,0.0,1,31.84943516118098
2024-07-04,CASH,0.0,0.0,0.0,0.0,0.0,0.0,1,31.84943516118098
2024-07-05,CASH,0.0,0.0,0.0,0.0,0.0,0.0,1,31.84943516118098
2024-07-06,CASH,0.0,0.0,0.0,0.0,0.0,0.0,1,31.84943516118098
2024-07-07,CASH,0.0,0.0,0.0,0.0,0.0,0.0,1,31.84943516118098
2024-07-08,CASH,0.0,0.0,0.0,0.0,0.0,0.0,0,31.84943516118098
2024-07-09,CASH,0.0,0.0,0.0,0.0,0.0,0.0,1,31.84943516118098
2024-07-10,CASH,0.0,0.0,0.0,0.0,0.0,0.0,0,31.84943516118098
2024-07-11,CASH,0.0,0.0,0.0,0.0,0.0,0.0,0,31.84943516118098
2024-07-12,CASH,0.0,0.0,0.0,0.0,0.0,0.0,1,31.84943516118098
2024-07-13,CASH,0.0,0.0,0.0,0.0,0.0,0.0,0,31.84943516118098
2024-07-14,CASH,0.0,0.0,0.0,0.0,0.0,0.0,0,31.84943516118098
2024-07-15,CASH,0.0,0.0,0.0,0.0,0.0,0.0,0,31.84943516118098
2024-07-16,CASH,0.0,0.0,0.0,0.0,0.0,0.0,0,31.84943516118098
2024-07-17,CASH,0.0,0.0,0.0,0.0,0.0,0.0,0,31.84943516118098
2024-07-18,CASH,0.0,0.0,0.0,0.0,0.0,0.0,1,31.84943516118098
2024-07-19,CASH,0.0,0.0,0.0,0.0,0.0,0.0,0,31.84943516118098
2024-07-20,CASH,0.0,0.0,0.0,0.0,0.0,0.0,0,31.84943516118098
2024-07-21,CASH,0.0,0.0,0.0,0.0,0.0,0.0,0,31.84943516118098
2024-07-22,CASH,0.0,0.0,0.0,0.0,0.0,0.0,0,31.84943516118098
2024-07-23,CASH,0.0,0.0,0.0,0.0,0.0,0.0,1,31.84943516118098
2024-07-24,CASH,0.0,0.0,0.0,0.0,0.0,0.0,1,31.84943516118098
2024-07-25,CASH,0.0,0.0,0.0,0.0,0.0,0.0,1,31.84943516118098
2024-07-26,CASH,0.0,0.0,0.0,0.0,0.0,0.0,0,31.84943516118098
2024-07-27,CASH,0.0,0.0,0.0,0.0,0.0,0.0,0,31.84943516118098
2024-07-28,CASH,0.0,0.0,0.0,0.0,0.0,0.0,0,31.84943516118098
2024-07-29,CASH,0.0,0.0,0.0,0.0,0.0,0.0,1,31.84943516118098
2024-07-30,CASH,0.0,0.0,0.0,0.0,0.0,0.0,1,31.84943516118098
2024-07-31,CASH,0.0,0.0,0.0,0.0,0.0,0.0,1,31.84943516118098
2024-08-01,CASH,0.0,0.0,0.0,0.0,0.0,0.0,1,31.84943516118098
2024-08-02,CASH,0.0,0.0,0.0,0.0,0.0,0.0,1,31.84943516118098
2024-08-03,CASH,0.0,0.0,0.0,0.0,0.0,0.0,1,31.84943516118098
2024-08-04,CASH,0.0,0.0,0.0,0.0,0.0,0.0,1,31.84943516118098
2024-08-05,CASH,0.0,0.0,0.0,0.0,0.0,0.0,1,31.84943516118098
2024-08-06,CASH,0.0,0.0,0.0,0.0,0.0,0.0,1,31.84943516118098
2024-08-07,CASH,0.0,0.0,0.0,0.0,0.0,0.0,1,31.84943516118098
2024-08-08,CASH,0.0,0.0,0.0,0.0,0.0,0.0,0,31.84943516118098
2024-08-09,CASH,0.0,0.0,0.0,0.0,0.0,0.0,0,31.84943516118098
2024-08-10,CASH,0.0,0.0,0.0,0.0,0.0,0.0,0,31.84943516118098
2024-08-11,CASH,0.0,0.0,0.0,0.0,0.0,0.0,1,31.84943516118098
2024-08-12,CASH,0.0,0.0,0.0,0.0,0.0,0.0,1,31.84943516118098
2024-08-13,CASH,0.0,0.0,0.0,0.0,0.0,0.0,1,31.84943516118098
2024-08-14,CASH,0.0,0.0,0.0,0.0,0.0,0.0,1,31.84943516118098
2024-08-15,CASH,0.0,0.0,0.0,0.0,0.0,0.0,1,31.84943516118098
2024-08-16,CASH,0.0,0.0,0.0,0.0,0.0,0.0,1,31.84943516118098
2024-08-17,CASH,0.0,0.0,0.0,0.0,0.0,0.0,0,31.84943516118098
2024-08-18,CASH,0.0,0.0,0.0,0.0,0.0,0.0,0,31.84943516118098
2024-08-19,CASH,0.0,0.0,0.0,0.0,0.0,0.0,0,31.84943516118098
2024-08-20,CASH,0.0,0.0,0.0,0.0,0.0,0.0,1,31.84943516118098
2024-08-21,CASH,0.0,0.0,0.0,0.0,0.0,0.0,0,31.84943516118098
2024-08-22,CASH,0.0,0.0,0.0,0.0,0.0,0.0,0,31.84943516118098
2024-08-23,CASH,0.0,0.0,0.0,0.0,0.0,0.0,0,31.84943516118098
2024-08-24,CASH,0.0,0.0,0.0,0.0,0.0,0.0,0,31.84943516118098
2024-08-25,CASH,0.0,0.0,0.0,0.0,0.0,0.0,0,31.84943516118098
2024-08-26,CASH,0.0,0.0,0.0,0.0,0.0,0.0,1,31.84943516118098
2024-08-27,CASH,0.0,0.0,0.0,0.0,0.0,0.0,1,31.84943516118098
2024-08-28,CASH,0.0,0.0,0.0,0.0,0.0,0.0,1,31.84943516118098
2024-08-29,CASH,0.0,0.0,0.0,0.0,0.0,0.0,1,31.84943516118098
2024-08-30,CASH,0.0,0.0,0.0,0.0,0.0,0.0,1,31.84943516118098
2024-08-31,CASH,0.0,0.0,0.0,0.0,0.0,0.0,1,31.84943516118098
2024-09-01,CASH,0.0,0.0,0.0,0.0,0.0,0.0,1,31.84943516118098
2024-09-02,CASH,0.0,0.0,0.0,0.0,0.0,0.0,0,31.84943516118098
2024-09-03,CASH,0.0,0.0,0.0,0.0,0.0,0.0,1,31.84943516118098
2024-09-04,CASH,0.0,0.0,0.0,0.0,0.0,0.0,0,31.84943516118098
2024-09-05,CASH,0.0,0.0,0.0,0.0,0.0,0.0,1,31.84943516118098
2024-09-06,CASH,0.0,0.0,0.0,0.0,0.0,0.0,1,31.84943516118098
2024-09-07,CASH,0.0,0.0,0.0,0.0,0.0,0.0,1,31.84943516118098
2024-09-08,CASH,0.0,0.0,0.0,0.0,0.0,0.0,1,31.84943516118098
2024-09-09,CASH,0.0,0.0,0.0,0.0,0.0,0.0,0,31.84943516118098
2024-09-10,CASH,0.0,0.0,0.0,0.0,0.0,0.0,0,31.84943516118098
2024-09-11,CASH,0.0,0.0,0.0,0.0,0.0,0.0,0,31.84943516118098
2024-09-12,CASH,0.0,0.0,0.0,0.0,0.0,0.0,0,31.84943516118098
2024-09-13,CASH,0.0,0.0,0.0,0.0,0.0,0.0,0,31.84943516118098
2024-09-14,CASH,0.0,0.0,0.0,0.0,0.0,0.0,0,31.84943516118098
2024-09-15,CASH,0.0,0.0,0.0,0.0,0.0,0.0,0,31.84943516118098
2024-09-16,CASH,0.0,0.0,0.0,0.0,0.0,0.0,1,31.84943516118098
2024-09-17,CASH,0.0,0.0,0.0,0.0,0.0,0.0,0,31.84943516118098
2024-09-18,CASH,0.0,0.0,0.0,0.0,0.0,0.0,0,31.84943516118098
2024-09-19,CASH,0.0,0.0,0.0,0.0,0.0,0.0,0,31.84943516118098
2024-09-20,CASH,0.0,0.0,0.0,0.0,0.0,0.0,0,31.84943516118098
2024-09-21,CASH,0.0,0.0,0.0,0.0,0.0,0.0,0,31.84943516118098
2024-09-22,CASH,0.0,0.0,0.0,0.0,0.0,0.0,0,31.84943516118098
2024-09-23,CASH,0.0,0.0,0.0,0.0,0.0,0.0,0,31.84943516118098
2024-09-24,CASH,0.0,0.0,0.0,0.0,0.0,0.0,0,31.84943516118098
2024-09-25,CASH,0.0,0.0,0.0,0.0,0.0,0.0,1,31.84943516118098
2024-09-26,TRXUSDT,1.0,0.01305483028720622,1.0,0.0015,0.011554830287206221,0.01305483028720622,0,32.21744997921181
2024-09-27,TRXUSDT,1.0,-0.0006443298969073252,0.0,0.0,-0.0006443298969073252,-0.0006443298969073252,0,32.19669131298809
2024-09-28,TRXUSDT,1.0,0.009026434558349505,0.0,0.0,0.009026434558349505,0.009026434558349505,0,32.48731264012015
2024-09-29,TRXUSDT,1.0,-0.0031948881789137795,0.0,0.0,-0.0031948881789137795,-0.0031948881789137795,0,32.38351930900156
2024-09-30,CASH,0.0,0.0,1.0,0.0015,-0.0015,0.0,1,32.33494403003806
2024-10-01,CASH,0.0,0.0,0.0,0.0,0.0,0.0,1,32.33494403003806
2024-10-02,CASH,0.0,0.0,0.0,0.0,0.0,0.0,1,32.33494403003806
2024-10-03,CASH,0.0,0.0,0.0,0.0,0.0,0.0,1,32.33494403003806
2024-10-04,CASH,0.0,0.0,0.0,0.0,0.0,0.0,0,32.33494403003806
2024-10-05,CASH,0.0,0.0,0.0,0.0,0.0,0.0,0,32.33494403003806
2024-10-06,CASH,0.0,0.0,0.0,0.0,0.0,0.0,0,32.33494403003806
2024-10-07,CASH,0.0,0.0,0.0,0.0,0.0,0.0,0,32.33494403003806
2024-10-08,CASH,0.0,0.0,0.0,0.0,0.0,0.0,0,32.33494403003806
2024-10-09,CASH,0.0,0.0,0.0,0.0,0.0,0.0,1,32.33494403003806
2024-10-10,CASH,0.0,0.0,0.0,0.0,0.0,0.0,1,32.33494403003806
2024-10-11,CASH,0.0,0.0,0.0,0.0,0.0,0.0,0,32.33494403003806
2024-10-12,CASH,0.0,0.0,0.0,0.0,0.0,0.0,0,32.33494403003806
2024-10-13,CASH,0.0,0.0,0.0,0.0,0.0,0.0,0,32.33494403003806
2024-10-14,CASH,0.0,0.0,0.0,0.0,0.0,0.0,0,32.33494403003806
2024-10-15,CASH,0.0,0.0,0.0,0.0,0.0,0.0,0,32.33494403003806
2024-10-16,CASH,0.0,0.0,0.0,0.0,0.0,0.0,0,32.33494403003806
2024-10-17,CASH,0.0,0.0,0.0,0.0,0.0,0.0,0,32.33494403003806
2024-10-18,CASH,0.0,0.0,0.0,0.0,0.0,0.0,0,32.33494403003806
2024-10-19,CASH,0.0,0.0,0.0,0.0,0.0,0.0,0,32.33494403003806
2024-10-20,TRXUSDT,1.0,0.01084875558391829,1.0,0.0015,0.00934875558391829,0.01084875558391829,0,32.63723551859456
2024-10-21,TRXUSDT,1.0,0.011994949494949392,0.0,0.0,0.011994949494949392,0.011994949494949392,1,33.02871751029487
2024-10-22,TRXUSDT,1.0,0.0,0.0,0.0,0.0,0.0,1,33.02871751029487
2024-10-23,CASH,0.0,0.0,1.0,0.0015,-0.0015,0.0,1,32.979174434029424
2024-10-24,TRXUSDT,1.0,-0.012150668286755817,1.0,0.0015,-0.013650668286755816,-0.012150668286755817,0,32.528986663459435
2024-10-25,CASH,0.0,0.0,1.0,0.0015,-0.0015,0.0,1,32.480193183464245
2024-10-26,CASH,0.0,0.0,0.0,0.0,0.0,0.0,0,32.480193183464245
2024-10-27,CASH,0.0,0.0,0.0,0.0,0.0,0.0,1,32.480193183464245
2024-10-28,DOGEUSDT,1.0,0.08918617614269797,1.0,0.0015,0.08768617614269797,0.08918617614269797,0,35.32825712409834
2024-10-29,DOGEUSDT,1.0,-0.04310246787217087,0.0,0.0,-0.04310246787217087,-0.04310246787217087,0,33.8055220564271
2024-10-30,DOGEUSDT,1.0,-0.03945804611362025,0.0,0.0,-0.03945804611362025,-0.03945804611362025,0,32.4716222082296
2024-10-31,CASH,0.0,0.0,1.0,0.0015,-0.0015,0.0,0,32.42291477491725
2024-11-01,CASH,0.0,0.0,0.0,0.0,0.0,0.0,1,32.42291477491725
2024-11-02,CASH,0.0,0.0,0.0,0.0,0.0,0.0,1,32.42291477491725
2024-11-03,CASH,0.0,0.0,0.0,0.0,0.0,0.0,1,32.42291477491725
2024-11-04,CASH,0.0,0.0,0.0,0.0,0.0,0.0,1,32.42291477491725
2024-11-05,CASH,0.0,0.0,0.0,0.0,0.0,0.0,1,32.42291477491725
2024-11-06,TRXUSDT,1.0,-0.014769230769230868,1.0,0.0015,-0.01626923076923087,-0.014769230769230868,0,31.895418892233018
2024-11-07,TRXUSDT,1.0,0.004996876951905094,0.0,0.0,0.004996876951905094,0.004996876951905094,0,32.054796375766976
2024-11-08,SOLUSDT,1.0,0.0002001501125843408,2.0,0.003,-0.0027998498874156593,0.0002001501125843408,0,31.965047757743154
2024-11-09,SOLUSDT,1.0,0.050928010405723256,0.0,0.0,0.050928010405723256,0.050928010405723256,0,33.59296404256894
2024-11-10,SOLUSDT,1.0,0.057409434950254745,0.0,0.0,0.057409434950254745,0.057409434950254745,0,35.52151712655704
2024-11-11,SOLUSDT,1.0,-0.04722459820825642,0.0,0.0,-0.04722459820825642,-0.04722459820825642,0,33.844027752507685
2024-11-12,BTCUSDT,1.0,0.027551274837266382,2.0,0.003,0.024551274837266383,0.027551274837266382,0,34.67494177945957
2024-11-13,BTCUSDT,1.0,-0.03374388106471693,0.0,0.0,-0.03374388106471693,-0.03374388106471693,0,33.504874668127506
2024-11-14,BTCUSDT,1.0,0.04244437398018164,0.0,0.0,0.04244437398018164,0.04244437398018164,1,34.92696809870063
2024-11-15,BTCUSDT,1.0,-0.004890034907478302,0.0,0.0,-0.004890034907478302,-0.004890034907478302,0,34.7561740054856
2024-11-16,BTCUSDT,1.0,-0.008068824947354392,0.0,0.0,-0.008068824947354392,-0.008068824947354392,0,34.475732521595546
2024-11-17,SOLUSDT,1.0,0.009769655114330256,2.0,0.003,0.006769655114330256,0.009769655114330256,0,34.70912134058065
2024-11-18,SOLUSDT,1.0,-0.009007881896659575,0.0,0.0,-0.009007881896659575,-0.009007881896659575,1,34.39646567480787
2024-11-19,SOLUSDT,1.0,-0.00904767916508864,0.0,0.0,-0.00904767916508864,-0.00904767916508864,0,34.085257488969226
2024-11-20,SOLUSDT,1.0,0.08871241719041967,0.0,0.0,0.08871241719041967,0.08871241719041967,0,37.10904307137354
2024-11-21,SOLUSDT,1.0,0.002067324569957396,0.0,0.0,0.002067324569957396,0.002067324569957396,0,37.1857595078826
2024-11-22,SOLUSDT,1.0,-0.0078240560529389,0.0,0.0,-0.0078240560529389,-0.0078240560529389,0,36.89481604112182
2024-11-23,SOLUSDT,1.0,-0.008474243791439462,0.0,0.0,-0.008474243791439462,-0.008474243791439462,0,36.58216037534904
2024-11-24,SOLUSDT,1.0,-0.07339848850551967,0.0,0.0,-0.07339848850551967,-0.07339848850551967,1,33.89708509753191
2024-11-25,SOLUSDT,1.0,-0.014903066017593392,0.0,0.0,-0.014903066017593392,-0.014903066017593392,1,33.39191460051941
2024-11-26,SOLUSDT,1.0,0.048853439680957234,0.0,0.0,0.048853439680957234,0.048853439680957234,1,35.02322448628755
2024-11-27,BTCUSDT,1.0,-0.002285863665387078,2.0,0.003,-0.005285863665387078,-0.002285863665387078,1,34.83809649653079
2024-11-28,BTCUSDT,1.0,0.018987290156683212,0.0,0.0,0.018987290156683212,0.018987290156683212,0,35.499577543216944
2024-11-29,BTCUSDT,1.0,-0.010794274574184248,0.0,0.0,-0.010794274574184248,-0.010794274574184248,0,35.11638535594791
2024-11-30,TRXUSDT,1.0,0.011224987798926334,2.0,0.003,0.008224987798926334,0.011224987798926334,0,35.40521719704298
2024-12-01,TRXUSDT,1.0,0.06660231660231664,0.0,0.0,0.06660231660231664,0.06660231660231664,0,37.76328668217422
2024-12-02,TRXUSDT,1.0,0.9610859728506786,0.0,0.0,0.9610859728506786,0.9610859728506786,1,74.0570518011507
2024-12-03,ETHUSDT,1.0,0.06177600836627928,2.0,0.003,0.058776008366279275,0.06177600836627928,1,78.40982969739711
2024-12-04,ETHUSDT,1.0,-0.013705768930116324,0.0,0.0,-0.013705768930116324,-0.013705768930116324,0,77.33516268971482
2024-12-05,ETHUSDT,1.0,0.05644880059177848,0.0,0.0,0.05644880059177848,0.05644880059177848,0,81.70063986711928
2024-12-06,ETHUSDT,1.0,-0.0006626872091366476,0.0,0.0,-0.0006626872091366476,-0.0006626872091366476,0,81.64649789810106
2024-12-07,ETHUSDT,1.0,0.0019843752345967136,0.0,0.0,0.0019843752345967136,0.0019843752345967136,0,81.8085151865216
2024-12-08,ETHUSDT,1.0,-0.0729618021302898,0.0,0.0,-0.0729618021302898,-0.0729618021302898,0,75.8396184889098
2024-12-09,ETHUSDT,1.0,-0.022561961206896575,0.0,0.0,-0.022561961206896575,-0.022561961206896575,1,74.12852795861718
2024-12-10,ETHUSDT,1.0,0.056104182457107354,0.0,0.0,0.056104182457107354,0.056104182457107354,1,78.28744841648422
2024-12-11,BNBUSDT,1.0,-0.0076489363197931315,2.0,0.003,-0.01064893631979313,-0.0076489363197931315,0,77.453770363658
2024-12-12,ETHUSDT,1.0,0.006489575202042408,2.0,0.003,0.003489575202042408,0.006489575202042408,0,77.72405112002372
2024-12-13,ETHUSDT,1.0,-0.00934524418961813,0.0,0.0,-0.00934524418961813,-0.00934524418961813,0,76.99770088290073
2024-12-14,ETHUSDT,1.0,0.022944017114996607,0.0,0.0,0.022944017114996607,0.022944017114996607,0,78.7643374497734
2024-12-15,ETHUSDT,1.0,0.006857636477069162,0.0,0.0,0.006857636477069162,0.006857636477069162,0,79.30447464336115
2024-12-16,ETHUSDT,1.0,-0.02338795456369902,0.0,0.0,-0.02338795456369902,-0.02338795456369902,0,77.44970519370419
2024-12-17,BTCUSDT,1.0,-0.0558703575319216,2.0,0.003,-0.0588703575319216,-0.0558703575319216,0,72.8902133582089
2024-12-18,BTCUSDT,1.0,-0.027365671293993032,0.0,0.0,-0.027365671293993032,-0.027365671293993032,1,70.89552373889913
2024-12-19,BNBUSDT,1.0,0.019500615967068313,2.0,0.003,0.016500615967068314,0.019500615967068313,1,72.06534354989888
2024-12-20,BTCUSDT,1.0,-0.005249707991702657,2.0,0.003,-0.008249707991702656,-0.005249707991702657,1,71.47082550929049
2024-12-21,BTCUSDT,1.0,-0.02164330280426996,0.0,0.0,-0.02164330280426996,-0.02164330280426996,1,69.92396079112177
2024-12-22,BTCUSDT,1.0,-0.003202142493870186,0.0,0.0,-0.003202142493870186,-0.003202142493870186,1,69.7000543049328
2024-12-23,BTCUSDT,1.0,0.03986141867321402,0.0,0.0,0.03986141867321402,0.03986141867321402,1,72.47839735112748
2024-12-24,BTCUSDT,1.0,0.0077639591022340415,0.0,0.0,0.0077639591022340415,0.0077639591022340415,0,73.04111666395711
2024-12-25,BTCUSDT,1.0,-0.03658870195595676,0.0,0.0,-0.03658870195595676,-0.03658870195595676,0,70.36863701580931
2024-12-26,BTCUSDT,1.0,-0.01558142885179914,0.0,0.0,-0.01558142885179914,-0.01558142885179914,0,69.2721931047494
2024-12-27,BTCUSDT,1.0,0.01061484937862045,0.0,0.0,0.01061484937862045,0.01061484937862045,1,70.00750700068303
2024-12-28,BNBUSDT,1.0,-0.0379710024510822,2.0,0.003,-0.040971002451082206,-0.0379710024510822,1,67.1392292597639
2024-12-29,BNBUSDT,1.0,0.015330137755322326,0.0,0.0,0.015330137755322326,0.015330137755322326,1,68.16848289310224
2024-12-30,BNBUSDT,1.0,-0.004338210275603993,0.0,0.0,-0.004338210275603993,-0.004338210275603993,1,67.87275368014305
2024-12-31,BNBUSDT,1.0,0.007888366794817081,0.0,0.0,0.007888366794817081,0.007888366794817081,1,68.4081588565463
2025-01-01,BNBUSDT,1.0,-0.002246270343580492,0.0,0.0,-0.002246270343580492,-0.002246270343580492,0,68.25449563804789
2025-01-02,BNBUSDT,1.0,0.01221946902654869,0.0,0.0,0.01221946902654869,0.01221946902654869,0,69.08852933341971
2025-01-03,BNBUSDT,1.0,-0.0020562891674127393,0.0,0.0,-0.0020562891674127393,-0.0020562891674127393,0,68.94646333895892
2025-01-04,BNBUSDT,1.0,-0.005775080248384579,0.0,0.0,-0.005775080248384579,-0.005775080248384579,0,68.54829198033413
2025-01-05,SOLUSDT,1.0,0.022538775127688426,2.0,0.003,0.019538775127688427,0.022538775127688426,0,69.88764164272501
2025-01-06,BTCUSDT,1.0,-0.05165509861535522,2.0,0.003,-0.054655098615355224,-0.05165509861535522,0,66.06792569674727
2025-01-07,BNBUSDT,1.0,-0.002836635578286839,2.0,0.003,-0.005836635578286839,-0.002836635578286839,1,65.68231129104203
2025-01-08,BNBUSDT,1.0,-0.015157392641121703,0.0,0.0,-0.015157392641121703,-0.015157392641121703,1,64.68673870922733
2025-01-09,BNBUSDT,1.0,0.011276769562934108,0.0,0.0,0.011276769562934108,0.011276769562934108,1,65.41619615542902
2025-01-10,BNBUSDT,1.0,0.005034549415040113,0.0,0.0,0.005034549415040113,0.005034549415040113,1,65.74553722751749
2025-01-11,XRPUSDT,1.0,-0.02786834342493405,2.0,0.003,-0.03086834342493405,-0.02786834342493405,1,63.71608140572169
2025-01-12,XRPUSDT,1.0,0.007426335542601636,0.0,0.0,0.007426335542601636,0.007426335542601636,0,64.1892584057003
2025-01-13,XRPUSDT,1.0,0.05711001902346213,0.0,0.0,0.05711001902346213,0.05711001902346213,1,67.85510817435177
2025-01-14,XRPUSDT,1.0,0.17830765193266607,0.0,0.0,0.17830765193266607,0.17830765193266607,0,79.95419318455748
2025-01-15,XRPUSDT,1.0,0.03251773839447636,0.0,0.0,0.03251773839447636,0.03251773839447636,0,82.55412272207435
2025-01-16,XRPUSDT,1.0,0.014514190625866563,0.0,0.0,0.014514190625866563,0.014514190625866563,0,83.75232899621372
2025-01-17,XRPUSDT,1.0,-0.006834335702569749,0.0,0.0,-0.006834335702569749,-0.006834335702569749,0,83.17993746398153
2025-01-18,XRPUSDT,1.0,-0.09511575985564424,0.0,0.0,-0.09511575985564424,-0.09511575985564424,0,75.26821450734995
2025-01-19,XRPUSDT,1.0,0.04954878831919429,0.0,0.0,0.04954878831919429,0.04954878831919429,0,78.99766333513834
2025-01-20,DOGEUSDT,1.0,0.048539034296028793,2.0,0.003,0.04553903429602879,0.048539034296028793,1,82.59514063506334
2025-01-21,BTCUSDT,1.0,-0.022960922265658046,2.0,0.003,-0.025960922265658045,-0.022960922265658046,0,80.45089460951537
2025-01-22,BTCUSDT,1.0,0.0019640011547956693,0.0,0.0,0.0019640011547956693,0.0019640011547956693,0,80.6089002594328
2025-01-23,BTCUSDT,1.0,0.009240273874573157,0.0,0.0,0.009240273874573157,0.009240273874573157,0,81.35374857455811
2025-01-24,BTCUSDT,1.0,-0.0011790732379457491,0.0,0.0,-0.0011790732379457491,-0.0011790732379457491,1,81.25782654680728
2025-01-25,BTCUSDT,1.0,-0.020304667873067395,0.0,0.0,-0.020304667873067395,-0.020304667873067395,0,79.60791336668704
2025-01-26,BNBUSDT,1.0,0.018535445105413828,2.0,0.003,0.015535445105413829,0.018535445105413828,1,80.84465773475176
2025-01-27,BNBUSDT,1.0,-0.027142731044222823,0.0,0.0,-0.027142731044222823,-0.027142731044222823,1,78.65031293349514
2025-01-28,BNBUSDT,1.0,0.010101468342179842,0.0,0.0,0.010101468342179842,0.010101468342179842,1,79.44479657969538
2025-01-29,BTCUSDT,1.0,0.00954081835292131,2.0,0.003,0.00654081835292131,0.00954081835292131,0,79.96443056320796
2025-01-30,BTCUSDT,1.0,-0.021899499765762886,0.0,0.0,-0.021899499765762886,-0.021899499765762886,0,78.21324953481962
2025-01-31,BTCUSDT,1.0,-0.01751359666096397,0.0,0.0,-0.01751359666096397,-0.01751359666096397,0,76.84345422892346
2025-02-01,BTCUSDT,1.0,-0.029165211334154395,0.0,0.0,-0.029165211334154395,-0.029165211334154395,1,74.60229864669049
2025-02-02,BTCUSDT,1.0,0.03713314320824468,0.0,0.0,0.03713314320824468,0.03713314320824468,1,77.37251648600228
2025-02-03,BTCUSDT,1.0,-0.03518644109279401,0.0,0.0,-0.03518644109279401,-0.03518644109279401,1,74.65005299246633
2025-02-04,BTCUSDT,1.0,-0.011770285996367091,0.0,0.0,-0.011770285996367091,-0.011770285996367091,1,73.77140051910104
2025-02-05,BTCUSDT,1.0,-0.0006011648811647952,0.0,0.0,-0.0006011648811647952,-0.0006011648811647952,1,73.72705174387461
2025-02-06,BTCUSDT,1.0,-0.0004924687494659574,0.0,0.0,-0.0004924687494659574,-0.0004924687494659574,1,73.69074347490049
2025-02-07,BTCUSDT,1.0,-0.0006430634939713631,0.0,0.0,-0.0006430634939713631,-0.0006430634939713631,1,73.64335564792817
2025-02-08,BTCUSDT,1.0,0.00018673905907151678,0.0,0.0,0.00018673905907151678,0.00018673905907151678,1,73.65710773886873
2025-02-09,BTCUSDT,1.0,0.010035687350816946,0.0,0.0,0.010035687350816946,0.010035687350816946,1,74.39630744330145
2025-02-10,BTCUSDT,1.0,-0.016961983897908373,0.0,0.0,-0.016961983897908373,-0.016961983897908373,0,73.13439847438433
2025-02-11,BTCUSDT,1.0,0.021839938524633062,0.0,0.0,0.021839938524633062,0.021839938524633062,1,74.7316492411009
2025-02-12,BTCUSDT,1.0,-0.0128931248485874,0.0,0.0,-0.0128931248485874,-0.0128931248485874,0,73.76812475729454
2025-02-13,BTCUSDT,1.0,0.009236695789816451,0.0,0.0,0.009236695789816451,0.009236695789816451,1,74.4494984846629
2025-02-14,BTCUSDT,1.0,0.0007095349684433927,0.0,0.0,0.0007095349684433927,0.0007095349684433927,0,74.50232300722084
2025-02-15,BTCUSDT,1.0,-0.014876960727340904,0.0,0.0,-0.014876960727340904,-0.014876960727340904,1,73.39395487374675
2025-02-16,BTCUSDT,1.0,-0.0035177550289164916,0.0,0.0,-0.0035177550289164916,-0.0035177550289164916,1,73.13577291989756
2025-02-17,BTCUSDT,1.0,-0.0011302986009604776,0.0,0.0,-0.0011302986009604776,-0.0011302986009604776,1,73.05310765808603
2025-02-18,CASH,0.0,0.0,1.0,0.0015,-0.0015,0.0,1,72.9435279965989
2025-02-19,BTCUSDT,1.0,0.017182894357943512,1.0,0.0015,0.01568289435794351,0.017182894357943512,0,74.08749364026525
2025-02-20,BTCUSDT,1.0,-0.02159625654849706,0.0,0.0,-0.02159625654849706,-0.02159625654849706,0,72.48748112057494
2025-02-21,BTCUSDT,1.0,0.0038367893861199764,0.0,0.0,0.0038367893861199764,0.0038367893861199764,0,72.76560031876494
2025-02-22,BTCUSDT,1.0,-0.003034768875022631,0.0,0.0,-0.003034768875022631,-0.003034768875022631,1,72.54477353974521
2025-02-23,BTCUSDT,1.0,-0.04888030085811046,0.0,0.0,-0.04888030085811046,-0.04888030085811046,1,68.99876318343897
2025-02-24,CASH,0.0,0.0,1.0,0.0015,-0.0015,0.0,1,68.89526503866381
2025-02-25,CASH,0.0,0.0,0.0,0.0,0.0,0.0,1,68.89526503866381
2025-02-26,CASH,0.0,0.0,0.0,0.0,0.0,0.0,1,68.89526503866381
2025-02-27,CASH,0.0,0.0,0.0,0.0,0.0,0.0,1,68.89526503866381
2025-02-28,CASH,0.0,0.0,0.0,0.0,0.0,0.0,1,68.89526503866381
2025-03-01,CASH,0.0,0.0,0.0,0.0,0.0,0.0,0,68.89526503866381
2025-03-02,CASH,0.0,0.0,0.0,0.0,0.0,0.0,0,68.89526503866381
2025-03-03,CASH,0.0,0.0,0.0,0.0,0.0,0.0,0,68.89526503866381
2025-03-04,CASH,0.0,0.0,0.0,0.0,0.0,0.0,0,68.89526503866381
2025-03-05,CASH,0.0,0.0,0.0,0.0,0.0,0.0,1,68.89526503866381
2025-03-06,CASH,0.0,0.0,0.0,0.0,0.0,0.0,0,68.89526503866381
2025-03-07,CASH,0.0,0.0,0.0,0.0,0.0,0.0,1,68.89526503866381
2025-03-08,CASH,0.0,0.0,0.0,0.0,0.0,0.0,1,68.89526503866381
2025-03-09,CASH,0.0,0.0,0.0,0.0,0.0,0.0,1,68.89526503866381
2025-03-10,CASH,0.0,0.0,0.0,0.0,0.0,0.0,1,68.89526503866381
2025-03-11,CASH,0.0,0.0,0.0,0.0,0.0,0.0,1,68.89526503866381
2025-03-12,CASH,0.0,0.0,0.0,0.0,0.0,0.0,0,68.89526503866381
2025-03-13,CASH,0.0,0.0,0.0,0.0,0.0,0.0,0,68.89526503866381
2025-03-14,CASH,0.0,0.0,0.0,0.0,0.0,0.0,0,68.89526503866381
2025-03-15,CASH,0.0,0.0,0.0,0.0,0.0,0.0,0,68.89526503866381
2025-03-16,CASH,0.0,0.0,0.0,0.0,0.0,0.0,0,68.89526503866381
2025-03-17,CASH,0.0,0.0,0.0,0.0,0.0,0.0,0,68.89526503866381
2025-03-18,CASH,0.0,0.0,0.0,0.0,0.0,0.0,1,68.89526503866381
2025-03-19,CASH,0.0,0.0,0.0,0.0,0.0,0.0,0,68.89526503866381
2025-03-20,CASH,0.0,0.0,0.0,0.0,0.0,0.0,0,68.89526503866381
2025-03-21,CASH,0.0,0.0,0.0,0.0,0.0,0.0,0,68.89526503866381
2025-03-22,CASH,0.0,0.0,0.0,0.0,0.0,0.0,1,68.89526503866381
2025-03-23,CASH,0.0,0.0,0.0,0.0,0.0,0.0,0,68.89526503866381
2025-03-24,CASH,0.0,0.0,0.0,0.0,0.0,0.0,0,68.89526503866381
2025-03-25,CASH,0.0,0.0,0.0,0.0,0.0,0.0,0,68.89526503866381
2025-03-26,CASH,0.0,0.0,0.0,0.0,0.0,0.0,0,68.89526503866381
2025-03-27,CASH,0.0,0.0,0.0,0.0,0.0,0.0,1,68.89526503866381
2025-03-28,CASH,0.0,0.0,0.0,0.0,0.0,0.0,1,68.89526503866381
2025-03-29,CASH,0.0,0.0,0.0,0.0,0.0,0.0,1,68.89526503866381
2025-03-30,CASH,0.0,0.0,0.0,0.0,0.0,0.0,1,68.89526503866381
2025-03-31,CASH,0.0,0.0,0.0,0.0,0.0,0.0,1,68.89526503866381
2025-04-01,CASH,0.0,0.0,0.0,0.0,0.0,0.0,0,68.89526503866381
2025-04-02,CASH,0.0,0.0,0.0,0.0,0.0,0.0,0,68.89526503866381
2025-04-03,CASH,0.0,0.0,0.0,0.0,0.0,0.0,0,68.89526503866381
2025-04-04,CASH,0.0,0.0,0.0,0.0,0.0,0.0,1,68.89526503866381
2025-04-05,CASH,0.0,0.0,0.0,0.0,0.0,0.0,0,68.89526503866381
2025-04-06,CASH,0.0,0.0,0.0,0.0,0.0,0.0,1,68.89526503866381
2025-04-07,CASH,0.0,0.0,0.0,0.0,0.0,0.0,1,68.89526503866381
2025-04-08,CASH,0.0,0.0,0.0,0.0,0.0,0.0,1,68.89526503866381
2025-04-09,CASH,0.0,0.0,0.0,0.0,0.0,0.0,0,68.89526503866381
2025-04-10,CASH,0.0,0.0,0.0,0.0,0.0,0.0,0,68.89526503866381
2025-04-11,CASH,0.0,0.0,0.0,0.0,0.0,0.0,0,68.89526503866381
2025-04-12,CASH,0.0,0.0,0.0,0.0,0.0,0.0,0,68.89526503866381
2025-04-13,CASH,0.0,0.0,0.0,0.0,0.0,0.0,0,68.89526503866381
2025-04-14,CASH,0.0,0.0,0.0,0.0,0.0,0.0,0,68.89526503866381
2025-04-15,CASH,0.0,0.0,0.0,0.0,0.0,0.0,1,68.89526503866381
2025-04-16,CASH,0.0,0.0,0.0,0.0,0.0,0.0,0,68.89526503866381
2025-04-17,CASH,0.0,0.0,0.0,0.0,0.0,0.0,0,68.89526503866381
2025-04-18,CASH,0.0,0.0,0.0,0.0,0.0,0.0,0,68.89526503866381
2025-04-19,CASH,0.0,0.0,0.0,0.0,0.0,0.0,0,68.89526503866381
2025-04-20,CASH,0.0,0.0,0.0,0.0,0.0,0.0,0,68.89526503866381
2025-04-21,CASH,0.0,0.0,0.0,0.0,0.0,0.0,0,68.89526503866381
2025-04-22,CASH,0.0,0.0,0.0,0.0,0.0,0.0,0,68.89526503866381
2025-04-23,CASH,0.0,0.0,0.0,0.0,0.0,0.0,0,68.89526503866381
2025-04-24,CASH,0.0,0.0,0.0,0.0,0.0,0.0,0,68.89526503866381
2025-04-25,CASH,0.0,0.0,0.0,0.0,0.0,0.0,0,68.89526503866381
2025-04-26,CASH,0.0,0.0,0.0,0.0,0.0,0.0,0,68.89526503866381
2025-04-27,CASH,0.0,0.0,0.0,0.0,0.0,0.0,1,68.89526503866381
2025-04-28,CASH,0.0,0.0,0.0,0.0,0.0,0.0,0,68.89526503866381
2025-04-29,CASH,0.0,0.0,0.0,0.0,0.0,0.0,1,68.89526503866381
2025-04-30,CASH,0.0,0.0,0.0,0.0,0.0,0.0,0,68.89526503866381
2025-05-01,CASH,0.0,0.0,0.0,0.0,0.0,0.0,0,68.89526503866381
2025-05-02,CASH,0.0,0.0,0.0,0.0,0.0,0.0,0,68.89526503866381
2025-05-03,CASH,0.0,0.0,0.0,0.0,0.0,0.0,0,68.89526503866381
2025-05-04,CASH,0.0,0.0,0.0,0.0,0.0,0.0,1,68.89526503866381
2025-05-05,CASH,0.0,0.0,0.0,0.0,0.0,0.0,1,68.89526503866381
2025-05-06,CASH,0.0,0.0,0.0,0.0,0.0,0.0,0,68.89526503866381
2025-05-07,CASH,0.0,0.0,0.0,0.0,0.0,0.0,0,68.89526503866381
2025-05-08,CASH,0.0,0.0,0.0,0.0,0.0,0.0,0,68.89526503866381
2025-05-09,CASH,0.0,0.0,0.0,0.0,0.0,0.0,0,68.89526503866381
2025-05-10,CASH,0.0,0.0,0.0,0.0,0.0,0.0,0,68.89526503866381
2025-05-11,CASH,0.0,0.0,0.0,0.0,0.0,0.0,0,68.89526503866381
2025-05-12,CASH,0.0,0.0,0.0,0.0,0.0,0.0,1,68.89526503866381
2025-05-13,CASH,0.0,0.0,0.0,0.0,0.0,0.0,1,68.89526503866381
2025-05-14,CASH,0.0,0.0,0.0,0.0,0.0,0.0,1,68.89526503866381
2025-05-15,CASH,0.0,0.0,0.0,0.0,0.0,0.0,0,68.89526503866381
2025-05-16,CASH,0.0,0.0,0.0,0.0,0.0,0.0,1,68.89526503866381
2025-05-17,CASH,0.0,0.0,0.0,0.0,0.0,0.0,1,68.89526503866381
2025-05-18,CASH,0.0,0.0,0.0,0.0,0.0,0.0,0,68.89526503866381
2025-05-19,CASH,0.0,0.0,0.0,0.0,0.0,0.0,0,68.89526503866381
2025-05-20,CASH,0.0,0.0,0.0,0.0,0.0,0.0,0,68.89526503866381
2025-05-21,CASH,0.0,0.0,0.0,0.0,0.0,0.0,0,68.89526503866381
2025-05-22,TRXUSDT,1.0,-0.025733961580282738,1.0,0.0015,-0.02723396158028274,-0.025733961580282738,0,67.01897403753743
2025-05-23,CASH,0.0,0.0,1.0,0.0015,-0.0015,0.0,0,66.91844557648113
2025-05-24,TRXUSDT,1.0,0.007399186089530163,1.0,0.0015,0.0058991860895301635,0.007399186089530163,1,67.31320993975889
2025-05-25,BTCUSDT,1.0,0.003950306864350717,2.0,0.003,0.0009503068643507166,0.003950306864350717,1,67.37717814522614
2025-05-26,BTCUSDT,1.0,-0.004538044985511469,0.0,0.0,-0.004538044985511469,-0.004538044985511469,0,67.07141747980629
2025-05-27,BTCUSDT,1.0,-0.010615103962183348,0.0,0.0,-0.010615103962183348,-0.010615103962183348,0,66.35944741036714
2025-05-28,CASH,0.0,0.0,1.0,0.0015,-0.0015,0.0,1,66.25990823925159
2025-05-29,CASH,0.0,0.0,0.0,0.0,0.0,0.0,1,66.25990823925159
2025-05-30,CASH,0.0,0.0,0.0,0.0,0.0,0.0,1,66.25990823925159
2025-05-31,CASH,0.0,0.0,0.0,0.0,0.0,0.0,1,66.25990823925159
2025-06-01,CASH,0.0,0.0,0.0,0.0,0.0,0.0,0,66.25990823925159
2025-06-02,CASH,0.0,0.0,0.0,0.0,0.0,0.0,0,66.25990823925159
2025-06-03,CASH,0.0,0.0,0.0,0.0,0.0,0.0,0,66.25990823925159
2025-06-04,CASH,0.0,0.0,0.0,0.0,0.0,0.0,1,66.25990823925159
2025-06-05,CASH,0.0,0.0,0.0,0.0,0.0,0.0,1,66.25990823925159
2025-06-06,CASH,0.0,0.0,0.0,0.0,0.0,0.0,1,66.25990823925159
2025-06-07,CASH,0.0,0.0,0.0,0.0,0.0,0.0,0,66.25990823925159
2025-06-08,CASH,0.0,0.0,0.0,0.0,0.0,0.0,0,66.25990823925159
2025-06-09,CASH,0.0,0.0,0.0,0.0,0.0,0.0,0,66.25990823925159
2025-06-10,CASH,0.0,0.0,0.0,0.0,0.0,0.0,0,66.25990823925159
2025-06-11,CASH,0.0,0.0,0.0,0.0,0.0,0.0,0,66.25990823925159
2025-06-12,CASH,0.0,0.0,0.0,0.0,0.0,0.0,1,66.25990823925159
2025-06-13,CASH,0.0,0.0,0.0,0.0,0.0,0.0,1,66.25990823925159
2025-06-14,CASH,0.0,0.0,0.0,0.0,0.0,0.0,1,66.25990823925159
2025-06-15,CASH,0.0,0.0,0.0,0.0,0.0,0.0,1,66.25990823925159
2025-06-16,CASH,0.0,0.0,0.0,0.0,0.0,0.0,0,66.25990823925159
2025-06-17,CASH,0.0,0.0,0.0,0.0,0.0,0.0,1,66.25990823925159
2025-06-18,CASH,0.0,0.0,0.0,0.0,0.0,0.0,1,66.25990823925159
2025-06-19,CASH,0.0,0.0,0.0,0.0,0.0,0.0,1,66.25990823925159
2025-06-20,CASH,0.0,0.0,0.0,0.0,0.0,0.0,1,66.25990823925159
2025-06-21,CASH,0.0,0.0,0.0,0.0,0.0,0.0,1,66.25990823925159
2025-06-22,CASH,0.0,0.0,0.0,0.0,0.0,0.0,1,66.25990823925159
2025-06-23,CASH,0.0,0.0,0.0,0.0,0.0,0.0,0,66.25990823925159
2025-06-24,CASH,0.0,0.0,0.0,0.0,0.0,0.0,0,66.25990823925159
2025-06-25,CASH,0.0,0.0,0.0,0.0,0.0,0.0,0,66.25990823925159
2025-06-26,CASH,0.0,0.0,0.0,0.0,0.0,0.0,0,66.25990823925159
2025-06-27,CASH,0.0,0.0,0.0,0.0,0.0,0.0,0,66.25990823925159
2025-06-28,CASH,0.0,0.0,0.0,0.0,0.0,0.0,1,66.25990823925159
2025-06-29,CASH,0.0,0.0,0.0,0.0,0.0,0.0,0,66.25990823925159
2025-06-30,CASH,0.0,0.0,0.0,0.0,0.0,0.0,0,66.25990823925159
2025-07-01,CASH,0.0,0.0,0.0,0.0,0.0,0.0,1,66.25990823925159
2025-07-02,CASH,0.0,0.0,0.0,0.0,0.0,0.0,0,66.25990823925159
2025-07-03,CASH,0.0,0.0,0.0,0.0,0.0,0.0,0,66.25990823925159
2025-07-04,CASH,0.0,0.0,0.0,0.0,0.0,0.0,0,66.25990823925159
2025-07-05,CASH,0.0,0.0,0.0,0.0,0.0,0.0,1,66.25990823925159
2025-07-06,CASH,0.0,0.0,0.0,0.0,0.0,0.0,1,66.25990823925159
2025-07-07,CASH,0.0,0.0,0.0,0.0,0.0,0.0,0,66.25990823925159
2025-07-08,CASH,0.0,0.0,0.0,0.0,0.0,0.0,0,66.25990823925159
2025-07-09,BTCUSDT,1.0,0.04293660597808269,1.0,0.0015,0.041436605978082686,0.04293660597808269,0,69.00549394910537
2025-07-10,BTCUSDT,1.0,0.013082148090681978,0.0,0.0,0.013082148090681978,0.013082148090681978,0,69.90823404001823
2025-07-11,BTCUSDT,1.0,-0.000916039679510372,0.0,0.0,-0.000916039679510372,-0.000916039679510372,0,69.84419532371308
2025-07-12,BTCUSDT,1.0,0.014193834099812674,0.0,0.0,0.014193834099812674,0.014193834099812674,0,70.83555224497277
2025-07-13,ETHUSDT,1.0,0.013993802215993778,2.0,0.003,0.010993802215993779,0.013993802215993778,0,71.61430429621471
2025-07-14,ETHUSDT,1.0,0.04123612134243859,0.0,0.0,0.04123612134243859,0.04123612134243859,0,74.56740043802775
2025-07-15,ETHUSDT,1.0,0.07440031358651833,0.0,0.0,0.07440031358651833,0.07440031358651833,0,80.11523841394849
2025-07-16,ETHUSDT,1.0,0.03129903451139748,0.0,0.0,0.03129903451139748,0.03129903451139748,1,82.6227680259555
2025-07-17,ETHUSDT,1.0,0.020147431454152764,0.0,0.0,0.020147431454152764,0.020147431454152764,1,84.2874045813108
2025-07-18,XRPUSDT,1.0,0.00319320345686247,2.0,0.003,0.00019320345686247003,0.00319320345686247,0,84.30368919924588
2025-07-19,XRPUSDT,1.0,0.008643850017521437,0.0,0.0,0.008643850017521437,0.008643850017521437,1,85.0323976446079
2025-07-20,ETHUSDT,1.0,0.0015013216421901898,2.0,0.003,-0.0014986783578098102,0.0015013216421901898,1,84.90496143054524
2025-07-21,ETHUSDT,1.0,-0.004284578971009978,0.0,0.0,-0.004284578971009978,-0.004284578971009978,1,84.54117941826551
2025-07-22,XRPUSDT,1.0,-0.1032559711581793,2.0,0.003,-0.10625597115817931,-0.1032559711581793,0,75.55817429631983
2025-07-23,ETHUSDT,1.0,0.0216768780885761,2.0,0.003,0.018676878088576102,0.0216768780885761,0,76.9693651062476
2025-07-24,ETHUSDT,1.0,0.004861152325098317,0.0,0.0,0.004861152325098317,0.004861152325098317,0,77.34352491439518
2025-07-25,ETHUSDT,1.0,0.004332932434173653,0.0,0.0,0.004332932434173653,0.004332932434173653,1,77.67864918207007
2025-07-26,ETHUSDT,1.0,0.03501643901526297,0.0,0.0,0.03501643901526297,0.03501643901526297,1,80.39867886394204
2025-07-27,ETHUSDT,1.0,-0.01887864466310274,0.0,0.0,-0.01887864466310274,-0.01887864466310274,0,78.88086077428677
2025-07-28,ETHUSDT,1.0,-0.001371413529876242,0.0,0.0,-0.001371413529876242,-0.001371413529876242,0,78.77268249457263
2025-07-29,ETHUSDT,1.0,0.004272772082798415,0.0,0.0,0.004272772082798415,0.004272772082798415,0,79.10926021322258
2025-07-30,ETHUSDT,1.0,-0.029293963254593214,0.0,0.0,-0.029293963254593214,-0.029293963254593214,1,76.79183645143839
2025-07-31,ETHUSDT,1.0,-0.056832838072783054,0.0,0.0,-0.056832838072783054,-0.056832838072783054,1,72.42753844508215
2025-08-01,ETHUSDT,1.0,-0.027022533111633495,0.0,0.0,-0.027022533111633495,-0.027022533111633495,1,70.47036288925581
2025-08-02,CASH,0.0,0.0,1.0,0.0015,-0.0015,0.0,1,70.36465734492192
2025-08-03,ETHUSDT,1.0,0.06413116216819104,1.0,0.0015,0.06263116216819103,0.06413116216819104,1,74.77167761000092
2025-08-04,ETHUSDT,1.0,-0.029290592019865613,0.0,0.0,-0.029290592019865613,-0.029290592019865613,0,72.58157090648547
2025-08-05,ETHUSDT,1.0,0.019742524916943616,0.0,0.0,0.019742524916943616,0.019742524916943616,0,74.01451437861766
2025-08-06,TRXUSDT,1.0,0.003261191817373277,2.0,0.003,0.00026119181737327673,0.003261191817373277,0,74.03384636414022
2025-08-07,TRXUSDT,1.0,-0.0017730496453900457,0.0,0.0,-0.0017730496453900457,-0.0017730496453900457,0,73.90258067909741
2025-08-08,ETHUSDT,1.0,0.0626312507793989,2.0,0.003,0.0596312507793989,0.0626312507793989,0,78.30948400081743
2025-08-09,ETHUSDT,1.0,-0.0023588116283546068,0.0,0.0,-0.0023588116283546068,-0.0023588116283546068,0,78.12476667934585
2025-08-10,ETHUSDT,1.0,-0.006434431146881359,0.0,0.0,-0.006434431146881359,-0.006434431146881359,0,77.62207824728144
2025-08-11,ETHUSDT,1.0,0.08697155251206423,0.0,0.0,0.08697155251206423,0.08697155251206423,0,84.37299090166043
2025-08-12,ETHUSDT,1.0,0.03458867404999855,0.0,0.0,0.03458867404999855,0.03458867404999855,0,87.29134078258146
2025-08-13,ETHUSDT,1.0,-0.042629440128018836,0.0,0.0,-0.042629440128018836,-0.042629440128018836,0,83.57015979699591
2025-08-14,ETHUSDT,1.0,-0.023614202391111117,0.0,0.0,-0.023614202391111117,-0.023614202391111117,1,81.59671712969215
2025-08-15,ETHUSDT,1.0,-0.0039374069427207115,0.0,0.0,-0.0039374069427207115,-0.0039374069427207115,1,81.27543764916248
2025-08-16,ETHUSDT,1.0,0.011384014889224137,0.0,0.0,0.011384014889224137,0.011384014889224137,1,82.20067844148876
2025-08-17,LINKUSDT,1.0,0.00546021840873645,2.0,0.003,0.00246021840873645,0.00546021840873645,1,82.40291006380114
2025-08-18,LINKUSDT,1.0,-0.08611326609775027,0.0,0.0,-0.08611326609775027,-0.08611326609775027,1,75.30692634224805
2025-08-19,LINKUSDT,1.0,0.12266553480475384,0.0,0.0,0.12266553480475384,0.12266553480475384,1,84.5444907365221
2025-08-20,LINKUSDT,1.0,-0.0616257088846881,0.0,0.0,-0.0616257088846881,-0.0616257088846881,1,79.33437656258899
2025-08-21,LINKUSDT,1.0,0.07937147461724403,0.0,0.0,0.07937147461724403,0.07937147461724403,1,85.6312630182014
2025-08-22,LINKUSDT,1.0,-0.01903695408734596,0.0,0.0,-0.01903695408734596,-0.01903695408734596,0,84.00110459568245
2025-08-23,LINKUSDT,1.0,-0.017503805175038134,0.0,0.0,-0.017503805175038134,-0.017503805175038134,0,82.53076562635162
2025-08-24,LINKUSDT,1.0,-0.09450038729666932,0.0,0.0,-0.09450038729666932,-0.09450038729666932,0,74.73157631077075
2025-08-25,LINKUSDT,1.0,0.042771599657827286,0.0,0.0,0.042771599657827286,0.042771599657827286,1,77.9279653745334
2025-08-26,LINKUSDT,1.0,-0.024610336341263195,0.0,0.0,-0.024610336341263195,-0.024610336341263195,1,76.01013193627583
2025-08-27,LINKUSDT,1.0,0.05887300252312855,0.0,0.0,0.05887300252312855,0.05887300252312855,1,80.48507662554353
2025-08-28,LINKUSDT,1.0,-0.06949960285941226,0.0,0.0,-0.06949960285941226,-0.06949960285941226,0,74.89139576395888
2025-08-29,SOLUSDT,1.0,-0.01160522722839874,2.0,0.003,-0.01460522722839874,-0.01160522722839874,1,73.79758991137433
2025-08-30,SOLUSDT,1.0,-0.010261470152935326,0.0,0.0,-0.010261470152935326,-0.010261470152935326,1,73.0403181451402
2025-08-31,SOLUSDT,1.0,-0.01644900807496763,0.0,0.0,-0.01644900807496763,-0.01644900807496763,1,71.83887736217258
2025-09-01,SOLUSDT,1.0,0.06248733022501529,0.0,0.0,0.06248733022501529,0.06248733022501529,0,76.32789701489703
2025-09-02,BNBUSDT,1.0,0.003474994130077569,2.0,0.003,0.0004749941300775688,0.003474994130077569,0,76.36415231794028
2025-09-03,SOLUSDT,1.0,-0.040091094558049156,2.0,0.003,-0.04309109455804916,-0.040091094558049156,0,73.07353740956265
2025-09-04,SOLUSDT,1.0,0.0051403716884144135,0.0,0.0,0.0051403716884144135,0.0051403716884144135,0,73.44916255243506
2025-09-05,SOLUSDT,1.0,-0.015735641227380137,0.0,0.0,-0.015735641227380137,-0.015735641227380137,1,72.29339288205841
2025-09-06,SOLUSDT,1.0,0.030925259792166315,0.0,0.0,0.030925259792166315,0.030925259792166315,1,74.52908483819321
2025-09-07,SOLUSDT,1.0,0.03760600920765689,0.0,0.0,0.03760600920765689,0.03760600920765689,0,77.33182628885655
2025-09-08,SOLUSDT,1.0,0.014478539068703,0.0,0.0,0.014478539068703,0.014478539068703,0,78.4514781570339
2025-09-09,SOLUSDT,1.0,0.031582339671285764,0.0,0.0,0.031582339671285764,0.031582339671285764,0,80.92915938790381
2025-09-10,SOLUSDT,1.0,0.020797072343464063,0.0,0.0,0.020797072343464063,0.020797072343464063,0,82.61224897038977
2025-09-11,SOLUSDT,1.0,0.05880295544965697,0.0,0.0,0.05880295544965697,0.05880295544965697,0,87.47009336619158
2025-09-12,SOLUSDT,1.0,0.0008258320257659157,0.0,0.0,0.0008258320257659157,0.0008258320257659157,0,87.54232897059012
2025-09-13,SOLUSDT,1.0,-0.010809472728772973,0.0,0.0,-0.010809472728772973,-0.010809472728772973,0,86.59604255296925
2025-09-14,DOGEUSDT,1.0,-0.034717225500071947,2.0,0.003,-0.03771722550007195,-0.034717225500071947,1,83.32988008858509
2025-09-15,AVAXUSDT,1.0,0.009057363300905674,2.0,0.003,0.006057363300905674,0.009057363300905674,1,83.83463944610256
2025-09-16,DOGEUSDT,1.0,0.04671235413965524,2.0,0.003,0.04371235413965524,0.04671235413965524,0,87.49924889474089
2025-09-17,AVAXUSDT,1.0,0.10590823381521042,2.0,0.003,0.10290823381521041,0.10590823381521042,0,96.50364205865618
2025-09-18,AVAXUSDT,1.0,-0.040920716112531896,0.0,0.0,-0.040920716112531896,-0.040920716112531896,0,92.55464391814851
2025-09-19,AVAXUSDT,1.0,-0.01718518518518508,0.0,0.0,-0.01718518518518508,-0.01718518518518508,1,90.96407522266627
2025-09-20,AVAXUSDT,1.0,-0.003919204100090501,0.0,0.0,-0.003919204100090501,-0.003919204100090501,1,90.60756844609266
2025-09-21,AVAXUSDT,1.0,0.024818401937046097,0.0,0.0,0.024818401937046097,0.024818401937046097,1,92.8563034983262
2025-09-22,AVAXUSDT,1.0,-0.00738334317779088,0.0,0.0,-0.00738334317779088,-0.00738334317779088,1,92.17071354337695
2025-09-23,AVAXUSDT,1.0,-0.03867896459387077,0.0,0.0,-0.03867896459387077,-0.03867896459387077,1,88.60564577764086
2025-09-24,AVAXUSDT,1.0,-0.11358712472918608,0.0,0.0,-0.11358712472918608,-0.11358712472918608,1,78.54118523898589
2025-09-25,AVAXUSDT,1.0,0.015712290502793325,0.0,0.0,0.015712290502793325,0.015712290502793325,1,79.77524715789454
2025-09-26,AVAXUSDT,1.0,-0.0120316259883122,0.0,0.0,-0.0120316259883122,-0.0120316259883122,1,78.81542122096559
2025-09-27,AVAXUSDT,1.0,0.04418928322894922,0.0,0.0,0.04418928322894922,0.04418928322894922,1,82.29821819210777
2025-09-28,AVAXUSDT,1.0,0.013328890369876722,0.0,0.0,0.013328890369876722,0.013328890369876722,0,83.39516212002657
2025-09-29,AVAXUSDT,1.0,-0.013153567905294317,0.0,0.0,-0.013153567905294317,-0.013153567905294317,0,82.29821819210777
2025-09-30,BNBUSDT,1.0,0.017838196944006457,2.0,0.003,0.014838196944006458,0.017838196944006457,0,83.51937536178309
2025-10-01,BNBUSDT,1.0,0.06207501217730149,0.0,0.0,0.06207501217730149,0.06207501217730149,0,88.70384160440639
2025-10-02,BNBUSDT,1.0,0.09097246427326611,0.0,0.0,0.09097246427326611,0.09097246427326611,0,96.7734486656647
2025-10-03,BNBUSDT,1.0,-0.03249537581974116,0.0,0.0,-0.03249537581974116,-0.03249537581974116,0,93.62875908190149
2025-10-04,BNBUSDT,1.0,0.01445144470997195,0.0,0.0,0.01445144470997195,0.01445144470997195,0,94.98182991703688
2025-10-05,BNBUSDT,1.0,0.047807911733968256,0.0,0.0,0.047807911733968256,0.047807911733968256,0,99.52271285804136
2025-10-06,BNBUSDT,1.0,0.06641650111593456,0.0,0.0,0.06641650111593456,0.06641650111593456,0,106.1326632276383
2025-10-07,BNBUSDT,1.0,0.0022768565580368882,0.0,0.0,0.0022768565580368882,0.0022768565580368882,1,106.37431207793007
2025-10-08,BNBUSDT,1.0,-0.039811840293712875,0.0,0.0,-0.039811840293712875,-0.039811840293712875,1,102.13935495412994
2025-10-09,BNBUSDT,1.0,-0.12178276974548918,0.0,0.0,-0.12178276974548918,-0.12178276974548918,1,89.70054140779834
2025-10-10,TRXUSDT,1.0,-0.019032761310452395,2.0,0.003,-0.022032761310452394,-0.019032761310452395,1,87.72419078954196
2025-10-11,TRXUSDT,1.0,0.02639949109414741,0.0,0.0,0.02639949109414741,0.02639949109414741,1,90.04006478303177
2025-10-12,TRXUSDT,1.0,0.0,0.0,0.0,0.0,0.0,1,90.04006478303177
2025-10-13,SOLUSDT,1.0,-0.029948727778044026,2.0,0.003,-0.03294872777804403,-0.029948727778044026,0,87.0733591993782
2025-10-14,TRXUSDT,1.0,0.007575757575757347,2.0,0.003,0.004575757575757347,0.007575757575757347,0,87.4717857823814
2025-10-15,CASH,0.0,0.0,1.0,0.0015,-0.0015,0.0,1,87.34057810370784
2025-10-16,CASH,0.0,0.0,0.0,0.0,0.0,0.0,1,87.34057810370784
2025-10-17,CASH,0.0,0.0,0.0,0.0,0.0,0.0,1,87.34057810370784
2025-10-18,CASH,0.0,0.0,0.0,0.0,0.0,0.0,1,87.34057810370784
2025-10-19,CASH,0.0,0.0,0.0,0.0,0.0,0.0,0,87.34057810370784
2025-10-20,CASH,0.0,0.0,0.0,0.0,0.0,0.0,0,87.34057810370784
2025-10-21,CASH,0.0,0.0,0.0,0.0,0.0,0.0,0,87.34057810370784
2025-10-22,CASH,0.0,0.0,0.0,0.0,0.0,0.0,1,87.34057810370784
2025-10-23,CASH,0.0,0.0,0.0,0.0,0.0,0.0,1,87.34057810370784
2025-10-24,CASH,0.0,0.0,0.0,0.0,0.0,0.0,0,87.34057810370784
2025-10-25,CASH,0.0,0.0,0.0,0.0,0.0,0.0,0,87.34057810370784
2025-10-26,CASH,0.0,0.0,0.0,0.0,0.0,0.0,0,87.34057810370784
2025-10-27,CASH,0.0,0.0,0.0,0.0,0.0,0.0,0,87.34057810370784
2025-10-28,CASH,0.0,0.0,0.0,0.0,0.0,0.0,0,87.34057810370784
2025-10-29,CASH,0.0,0.0,0.0,0.0,0.0,0.0,1,87.34057810370784
2025-10-30,CASH,0.0,0.0,0.0,0.0,0.0,0.0,1,87.34057810370784
2025-10-31,CASH,0.0,0.0,0.0,0.0,0.0,0.0,1,87.34057810370784
2025-11-01,CASH,0.0,0.0,0.0,0.0,0.0,0.0,0,87.34057810370784
2025-11-02,CASH,0.0,0.0,0.0,0.0,0.0,0.0,0,87.34057810370784
2025-11-03,CASH,0.0,0.0,0.0,0.0,0.0,0.0,1,87.34057810370784
2025-11-04,CASH,0.0,0.0,0.0,0.0,0.0,0.0,1,87.34057810370784
2025-11-05,CASH,0.0,0.0,0.0,0.0,0.0,0.0,1,87.34057810370784
2025-11-06,CASH,0.0,0.0,0.0,0.0,0.0,0.0,1,87.34057810370784
2025-11-07,CASH,0.0,0.0,0.0,0.0,0.0,0.0,0,87.34057810370784
2025-11-08,CASH,0.0,0.0,0.0,0.0,0.0,0.0,1,87.34057810370784
2025-11-09,CASH,0.0,0.0,0.0,0.0,0.0,0.0,0,87.34057810370784
2025-11-10,CASH,0.0,0.0,0.0,0.0,0.0,0.0,0,87.34057810370784
2025-11-11,CASH,0.0,0.0,0.0,0.0,0.0,0.0,0,87.34057810370784
2025-11-12,CASH,0.0,0.0,0.0,0.0,0.0,0.0,1,87.34057810370784
2025-11-13,CASH,0.0,0.0,0.0,0.0,0.0,0.0,1,87.34057810370784
2025-11-14,CASH,0.0,0.0,0.0,0.0,0.0,0.0,1,87.34057810370784
2025-11-15,CASH,0.0,0.0,0.0,0.0,0.0,0.0,1,87.34057810370784
2025-11-16,CASH,0.0,0.0,0.0,0.0,0.0,0.0,1,87.34057810370784
2025-11-17,CASH,0.0,0.0,0.0,0.0,0.0,0.0,1,87.34057810370784
2025-11-18,CASH,0.0,0.0,0.0,0.0,0.0,0.0,1,87.34057810370784
2025-11-19,CASH,0.0,0.0,0.0,0.0,0.0,0.0,1,87.34057810370784
2025-11-20,CASH,0.0,0.0,0.0,0.0,0.0,0.0,1,87.34057810370784
2025-11-21,CASH,0.0,0.0,0.0,0.0,0.0,0.0,1,87.34057810370784
2025-11-22,CASH,0.0,0.0,0.0,0.0,0.0,0.0,1,87.34057810370784
2025-11-23,CASH,0.0,0.0,0.0,0.0,0.0,0.0,0,87.34057810370784
2025-11-24,CASH,0.0,0.0,0.0,0.0,0.0,0.0,0,87.34057810370784
2025-11-25,CASH,0.0,0.0,0.0,0.0,0.0,0.0,0,87.34057810370784
2025-11-26,CASH,0.0,0.0,0.0,0.0,0.0,0.0,0,87.34057810370784
2025-11-27,CASH,0.0,0.0,0.0,0.0,0.0,0.0,0,87.34057810370784
2025-11-28,CASH,0.0,0.0,0.0,0.0,0.0,0.0,0,87.34057810370784
2025-11-29,CASH,0.0,0.0,0.0,0.0,0.0,0.0,0,87.34057810370784
2025-11-30,CASH,0.0,0.0,0.0,0.0,0.0,0.0,1,87.34057810370784
2025-12-01,CASH,0.0,0.0,0.0,0.0,0.0,0.0,1,87.34057810370784
2025-12-02,CASH,0.0,0.0,0.0,0.0,0.0,0.0,0,87.34057810370784
2025-12-03,CASH,0.0,0.0,0.0,0.0,0.0,0.0,0,87.34057810370784
2025-12-04,CASH,0.0,0.0,0.0,0.0,0.0,0.0,0,87.34057810370784
2025-12-05,CASH,0.0,0.0,0.0,0.0,0.0,0.0,1,87.34057810370784
2025-12-06,CASH,0.0,0.0,0.0,0.0,0.0,0.0,1,87.34057810370784
2025-12-07,CASH,0.0,0.0,0.0,0.0,0.0,0.0,1,87.34057810370784
2025-12-08,CASH,0.0,0.0,0.0,0.0,0.0,0.0,0,87.34057810370784
2025-12-09,CASH,0.0,0.0,0.0,0.0,0.0,0.0,0,87.34057810370784
2025-12-10,CASH,0.0,0.0,0.0,0.0,0.0,0.0,0,87.34057810370784
2025-12-11,CASH,0.0,0.0,0.0,0.0,0.0,0.0,0,87.34057810370784
2025-12-12,CASH,0.0,0.0,0.0,0.0,0.0,0.0,1,87.34057810370784
2025-12-13,CASH,0.0,0.0,0.0,0.0,0.0,0.0,1,87.34057810370784
2025-12-14,CASH,0.0,0.0,0.0,0.0,0.0,0.0,1,87.34057810370784
2025-12-15,CASH,0.0,0.0,0.0,0.0,0.0,0.0,1,87.34057810370784
2025-12-16,CASH,0.0,0.0,0.0,0.0,0.0,0.0,1,87.34057810370784
2025-12-17,CASH,0.0,0.0,0.0,0.0,0.0,0.0,1,87.34057810370784
2025-12-18,CASH,0.0,0.0,0.0,0.0,0.0,0.0,1,87.34057810370784
2025-12-19,CASH,0.0,0.0,0.0,0.0,0.0,0.0,0,87.34057810370784
2025-12-20,CASH,0.0,0.0,0.0,0.0,0.0,0.0,0,87.34057810370784
2025-12-21,CASH,0.0,0.0,0.0,0.0,0.0,0.0,0,87.34057810370784
2025-12-22,CASH,0.0,0.0,0.0,0.0,0.0,0.0,0,87.34057810370784
2025-12-23,CASH,0.0,0.0,0.0,0.0,0.0,0.0,1,87.34057810370784
2025-12-24,CASH,0.0,0.0,0.0,0.0,0.0,0.0,1,87.34057810370784
2025-12-25,CASH,0.0,0.0,0.0,0.0,0.0,0.0,1,87.34057810370784
2025-12-26,CASH,0.0,0.0,0.0,0.0,0.0,0.0,1,87.34057810370784
2025-12-27,CASH,0.0,0.0,0.0,0.0,0.0,0.0,0,87.34057810370784
2025-12-28,CASH,0.0,0.0,0.0,0.0,0.0,0.0,0,87.34057810370784
2025-12-29,CASH,0.0,0.0,0.0,0.0,0.0,0.0,1,87.34057810370784
2025-12-30,CASH,0.0,0.0,0.0,0.0,0.0,0.0,0,87.34057810370784
2025-12-31,CASH,0.0,0.0,0.0,0.0,0.0,0.0,1,87.34057810370784
2026-01-01,CASH,0.0,0.0,0.0,0.0,0.0,0.0,0,87.34057810370784
2026-01-02,CASH,0.0,0.0,0.0,0.0,0.0,0.0,0,87.34057810370784
2026-01-03,CASH,0.0,0.0,0.0,0.0,0.0,0.0,0,87.34057810370784
2026-01-04,CASH,0.0,0.0,0.0,0.0,0.0,0.0,0,87.34057810370784
2026-01-05,CASH,0.0,0.0,0.0,0.0,0.0,0.0,0,87.34057810370784
2026-01-06,CASH,0.0,0.0,0.0,0.0,0.0,0.0,0,87.34057810370784
2026-01-07,CASH,0.0,0.0,0.0,0.0,0.0,0.0,1,87.34057810370784
2026-01-08,CASH,0.0,0.0,0.0,0.0,0.0,0.0,1,87.34057810370784
2026-01-09,CASH,0.0,0.0,0.0,0.0,0.0,0.0,1,87.34057810370784
2026-01-10,CASH,0.0,0.0,0.0,0.0,0.0,0.0,1,87.34057810370784
2026-01-11,CASH,0.0,0.0,0.0,0.0,0.0,0.0,1,87.34057810370784
2026-01-12,CASH,0.0,0.0,0.0,0.0,0.0,0.0,0,87.34057810370784
2026-01-13,CASH,0.0,0.0,0.0,0.0,0.0,0.0,0,87.34057810370784
2026-01-14,CASH,0.0,0.0,0.0,0.0,0.0,0.0,0,87.34057810370784
2026-01-15,CASH,0.0,0.0,0.0,0.0,0.0,0.0,0,87.34057810370784
2026-01-16,CASH,0.0,0.0,0.0,0.0,0.0,0.0,0,87.34057810370784
2026-01-17,CASH,0.0,0.0,0.0,0.0,0.0,0.0,1,87.34057810370784
2026-01-18,CASH,0.0,0.0,0.0,0.0,0.0,0.0,1,87.34057810370784
2026-01-19,CASH,0.0,0.0,0.0,0.0,0.0,0.0,1,87.34057810370784
2026-01-20,CASH,0.0,0.0,0.0,0.0,0.0,0.0,1,87.34057810370784
2026-01-21,CASH,0.0,0.0,0.0,0.0,0.0,0.0,1,87.34057810370784
2026-01-22,CASH,0.0,0.0,0.0,0.0,0.0,0.0,1,87.34057810370784
2026-01-23,CASH,0.0,0.0,0.0,0.0,0.0,0.0,0,87.34057810370784
2026-01-24,CASH,0.0,0.0,0.0,0.0,0.0,0.0,1,87.34057810370784
2026-01-25,CASH,0.0,0.0,0.0,0.0,0.0,0.0,1,87.34057810370784
2026-01-26,CASH,0.0,0.0,0.0,0.0,0.0,0.0,1,87.34057810370784
2026-01-27,CASH,0.0,0.0,0.0,0.0,0.0,0.0,0,87.34057810370784
2026-01-28,CASH,0.0,0.0,0.0,0.0,0.0,0.0,0,87.34057810370784
2026-01-29,CASH,0.0,0.0,0.0,0.0,0.0,0.0,1,87.34057810370784
2026-01-30,CASH,0.0,0.0,0.0,0.0,0.0,0.0,1,87.34057810370784
2026-01-31,CASH,0.0,0.0,0.0,0.0,0.0,0.0,1,87.34057810370784
2026-02-01,CASH,0.0,0.0,0.0,0.0,0.0,0.0,1,87.34057810370784
2026-02-02,CASH,0.0,0.0,0.0,0.0,0.0,0.0,1,87.34057810370784
2026-02-03,CASH,0.0,0.0,0.0,0.0,0.0,0.0,1,87.34057810370784
2026-02-04,CASH,0.0,0.0,0.0,0.0,0.0,0.0,1,87.34057810370784
2026-02-05,CASH,0.0,0.0,0.0,0.0,0.0,0.0,1,87.34057810370784
2026-02-06,CASH,0.0,0.0,0.0,0.0,0.0,0.0,1,87.34057810370784
2026-02-07,CASH,0.0,0.0,0.0,0.0,0.0,0.0,1,87.34057810370784
2026-02-08,CASH,0.0,0.0,0.0,0.0,0.0,0.0,0,87.34057810370784
2026-02-09,CASH,0.0,0.0,0.0,0.0,0.0,0.0,1,87.34057810370784
2026-02-10,CASH,0.0,0.0,0.0,0.0,0.0,0.0,1,87.34057810370784
2026-02-11,CASH,0.0,0.0,0.0,0.0,0.0,0.0,1,87.34057810370784
2026-02-12,CASH,0.0,0.0,0.0,0.0,0.0,0.0,1,87.34057810370784
2026-02-13,CASH,0.0,0.0,0.0,0.0,0.0,0.0,0,87.34057810370784
2026-02-14,CASH,0.0,0.0,0.0,0.0,0.0,0.0,0,87.34057810370784
2026-02-15,CASH,0.0,0.0,0.0,0.0,0.0,0.0,0,87.34057810370784
2026-02-16,CASH,0.0,0.0,0.0,0.0,0.0,0.0,0,87.34057810370784
2026-02-17,CASH,0.0,0.0,0.0,0.0,0.0,0.0,1,87.34057810370784
2026-02-18,CASH,0.0,0.0,0.0,0.0,0.0,0.0,1,87.34057810370784
2026-02-19,CASH,0.0,0.0,0.0,0.0,0.0,0.0,1,87.34057810370784
2026-02-20,CASH,0.0,0.0,0.0,0.0,0.0,0.0,0,87.34057810370784
2026-02-21,CASH,0.0,0.0,0.0,0.0,0.0,0.0,0,87.34057810370784
2026-02-22,CASH,0.0,0.0,0.0,0.0,0.0,0.0,0,87.34057810370784
2026-02-23,CASH,0.0,0.0,0.0,0.0,0.0,0.0,1,87.34057810370784
2026-02-24,CASH,0.0,0.0,0.0,0.0,0.0,0.0,1,87.34057810370784
2026-02-25,CASH,0.0,0.0,0.0,0.0,0.0,0.0,0,87.34057810370784
2026-02-26,CASH,0.0,0.0,0.0,0.0,0.0,0.0,0,87.34057810370784
2026-02-27,CASH,0.0,0.0,0.0,0.0,0.0,0.0,0,87.34057810370784
2026-02-28,CASH,0.0,0.0,0.0,0.0,0.0,0.0,1,87.34057810370784
2026-03-01,CASH,0.0,0.0,0.0,0.0,0.0,0.0,1,87.34057810370784
2026-03-02,CASH,0.0,0.0,0.0,0.0,0.0,0.0,0,87.34057810370784
2026-03-03,CASH,0.0,0.0,0.0,0.0,0.0,0.0,0,87.34057810370784
2026-03-04,CASH,0.0,0.0,0.0,0.0,0.0,0.0,0,87.34057810370784
2026-03-05,CASH,0.0,0.0,0.0,0.0,0.0,0.0,0,87.34057810370784
2026-03-06,CASH,0.0,0.0,0.0,0.0,0.0,0.0,1,87.34057810370784
2026-03-07,CASH,0.0,0.0,0.0,0.0,0.0,0.0,1,87.34057810370784
2026-03-08,CASH,0.0,0.0,0.0,0.0,0.0,0.0,1,87.34057810370784
2026-03-09,CASH,0.0,0.0,0.0,0.0,0.0,0.0,0,87.34057810370784
2026-03-10,CASH,0.0,0.0,0.0,0.0,0.0,0.0,0,87.34057810370784
2026-03-11,CASH,0.0,0.0,0.0,0.0,0.0,0.0,0,87.34057810370784
2026-03-12,CASH,0.0,0.0,0.0,0.0,0.0,0.0,0,87.34057810370784
2026-03-13,CASH,0.0,0.0,0.0,0.0,0.0,0.0,0,87.34057810370784
2026-03-14,CASH,0.0,0.0,0.0,0.0,0.0,0.0,0,87.34057810370784
2026-03-15,CASH,0.0,0.0,0.0,0.0,0.0,0.0,0,87.34057810370784
2026-03-16,CASH,0.0,0.0,0.0,0.0,0.0,0.0,0,87.34057810370784
