ts,main_selected,main_strategy_ret,main_gross_exposure,main_turnover,prev_selected,prev_strategy_ret,prev_gross_exposure,prev_turnover,ret_diff_main_minus_prev,same_selection,different_selection,main_in_market,prev_in_market,main_cash_prev_in,prev_cash_main_in,pair,month
2023-01-01,CASH,0.0,0.0,0.0,CASH,0.0,0.0,0.0,0.0,True,False,False,False,False,False,CASH -> CASH,2023-01
2023-01-02,CASH,0.0,0.0,0.0,CASH,0.0,0.0,0.0,0.0,True,False,False,False,False,False,CASH -> CASH,2023-01
2023-01-03,CASH,0.0,0.0,0.0,CASH,0.0,0.0,0.0,0.0,True,False,False,False,False,False,CASH -> CASH,2023-01
2023-01-04,CASH,0.0,0.0,0.0,CASH,0.0,0.0,0.0,0.0,True,False,False,False,False,False,CASH -> CASH,2023-01
2023-01-05,CASH,0.0,0.0,0.0,CASH,0.0,0.0,0.0,0.0,True,False,False,False,False,False,CASH -> CASH,2023-01
2023-01-06,CASH,0.0,0.0,0.0,CASH,0.0,0.0,0.0,0.0,True,False,False,False,False,False,CASH -> CASH,2023-01
2023-01-07,CASH,0.0,0.0,0.0,CASH,0.0,0.0,0.0,0.0,True,False,False,False,False,False,CASH -> CASH,2023-01
2023-01-08,CASH,0.0,0.0,0.0,CASH,0.0,0.0,0.0,0.0,True,False,False,False,False,False,CASH -> CASH,2023-01
2023-01-09,CASH,0.0,0.0,0.0,CASH,0.0,0.0,0.0,0.0,True,False,False,False,False,False,CASH -> CASH,2023-01
2023-01-10,CASH,0.0,0.0,0.0,CASH,0.0,0.0,0.0,0.0,True,False,False,False,False,False,CASH -> CASH,2023-01
2023-01-11,CASH,0.0,0.0,0.0,CASH,0.0,0.0,0.0,0.0,True,False,False,False,False,False,CASH -> CASH,2023-01
2023-01-12,CASH,0.0,0.0,0.0,CASH,0.0,0.0,0.0,0.0,True,False,False,False,False,False,CASH -> CASH,2023-01
2023-01-13,LTCUSDT,0.0171709961730255,1.0,1.0,LTCUSDT,0.0171709961730255,1.0,1.0,0.0,True,False,True,True,False,False,LTCUSDT -> LTCUSDT,2023-01
2023-01-14,LTCUSDT,-0.0053506375227686,1.0,0.0,LTCUSDT,-0.0053506375227686,1.0,0.0,0.0,True,False,True,True,False,False,LTCUSDT -> LTCUSDT,2023-01
2023-01-15,LTCUSDT,-0.0167105413757583,1.0,0.0,LTCUSDT,-0.0167105413757583,1.0,0.0,0.0,True,False,True,True,False,False,LTCUSDT -> LTCUSDT,2023-01
2023-01-16,LTCUSDT,0.0129204981957862,1.0,0.0,LTCUSDT,0.0129204981957862,1.0,0.0,0.0,True,False,True,True,False,False,LTCUSDT -> LTCUSDT,2023-01
2023-01-17,LTCUSDT,-0.05056308894507,1.0,0.0,LTCUSDT,-0.05056308894507,1.0,0.0,0.0,True,False,True,True,False,False,LTCUSDT -> LTCUSDT,2023-01
2023-01-18,LTCUSDT,0.0192447349310092,1.0,0.0,LTCUSDT,0.0192447349310092,1.0,0.0,0.0,True,False,True,True,False,False,LTCUSDT -> LTCUSDT,2023-01
2023-01-19,LTCUSDT,0.0720817005106282,1.0,0.0,LTCUSDT,0.0720817005106282,1.0,0.0,0.0,True,False,True,True,False,False,LTCUSDT -> LTCUSDT,2023-01
2023-01-20,LTCUSDT,-0.0262516614975631,1.0,0.0,LTCUSDT,-0.0262516614975631,1.0,0.0,0.0,True,False,True,True,False,False,LTCUSDT -> LTCUSDT,2023-01
2023-01-21,LTCUSDT,-0.0037538391536798,1.0,0.0,LTCUSDT,-0.0037538391536798,1.0,0.0,0.0,True,False,True,True,False,False,LTCUSDT -> LTCUSDT,2023-01
2023-01-22,LTCUSDT,0.0264900662251656,1.0,0.0,LTCUSDT,0.0264900662251656,1.0,0.0,0.0,True,False,True,True,False,False,LTCUSDT -> LTCUSDT,2023-01
2023-01-23,LTCUSDT,-0.0301446051167965,1.0,0.0,LTCUSDT,-0.0301446051167965,1.0,0.0,0.0,True,False,True,True,False,False,LTCUSDT -> LTCUSDT,2023-01
2023-01-24,LTCUSDT,0.0251175593531367,1.0,0.0,LTCUSDT,0.0251175593531367,1.0,0.0,0.0,True,False,True,True,False,False,LTCUSDT -> LTCUSDT,2023-01
2023-01-25,LTCUSDT,-0.0208100246140076,1.0,0.0,LTCUSDT,-0.0208100246140076,1.0,0.0,0.0,True,False,True,True,False,False,LTCUSDT -> LTCUSDT,2023-01
2023-01-26,LTCUSDT,0.0156535648994515,1.0,0.0,LTCUSDT,0.0156535648994515,1.0,0.0,0.0,True,False,True,True,False,False,LTCUSDT -> LTCUSDT,2023-01
2023-01-27,LTCUSDT,0.0087748903138711,1.0,0.0,LTCUSDT,0.0087748903138711,1.0,0.0,0.0,True,False,True,True,False,False,LTCUSDT -> LTCUSDT,2023-01
2023-01-28,LTCUSDT,0.0576558492249359,1.0,0.0,LTCUSDT,0.0576558492249359,1.0,0.0,0.0,True,False,True,True,False,False,LTCUSDT -> LTCUSDT,2023-01
2023-01-29,LTCUSDT,-0.0365879375790805,1.0,0.0,LTCUSDT,-0.0365879375790805,1.0,0.0,0.0,True,False,True,True,False,False,LTCUSDT -> LTCUSDT,2023-01
2023-01-30,LTCUSDT,0.0297690708109883,1.0,0.0,LTCUSDT,0.0297690708109883,1.0,0.0,0.0,True,False,True,True,False,False,LTCUSDT -> LTCUSDT,2023-01
2023-01-31,LTCUSDT,0.0663194813476457,1.0,0.0,LTCUSDT,0.0663194813476457,1.0,0.0,0.0,True,False,True,True,False,False,LTCUSDT -> LTCUSDT,2023-01
2023-02-01,LTCUSDT,-0.0168444134356623,1.0,0.0,LTCUSDT,-0.0168444134356623,1.0,0.0,0.0,True,False,True,True,False,False,LTCUSDT -> LTCUSDT,2023-02
2023-02-02,LTCUSDT,0.0123682076236819,1.0,0.0,LTCUSDT,0.0123682076236819,1.0,0.0,0.0,True,False,True,True,False,False,LTCUSDT -> LTCUSDT,2023-02
2023-02-03,LTCUSDT,-0.0135189264970958,1.0,0.0,LTCUSDT,-0.0135189264970958,1.0,0.0,0.0,True,False,True,True,False,False,LTCUSDT -> LTCUSDT,2023-02
2023-02-04,LTCUSDT,-0.0190843569180795,1.0,0.0,LTCUSDT,-0.0190843569180795,1.0,0.0,0.0,True,False,True,True,False,False,LTCUSDT -> LTCUSDT,2023-02
2023-02-05,LTCUSDT,-0.0072441270826864,1.0,0.0,LTCUSDT,-0.0072441270826864,1.0,0.0,0.0,True,False,True,True,False,False,LTCUSDT -> LTCUSDT,2023-02
2023-02-06,LTCUSDT,0.0513916397373084,1.0,0.0,LTCUSDT,0.0513916397373084,1.0,0.0,0.0,True,False,True,True,False,False,LTCUSDT -> LTCUSDT,2023-02
2023-02-07,LTCUSDT,-0.0162601626016259,1.0,0.0,LTCUSDT,-0.0162601626016259,1.0,0.0,0.0,True,False,True,True,False,False,LTCUSDT -> LTCUSDT,2023-02
2023-02-08,LTCUSDT,-0.0722636565208627,1.0,0.0,LTCUSDT,-0.0722636565208627,1.0,0.0,0.0,True,False,True,True,False,False,LTCUSDT -> LTCUSDT,2023-02
2023-02-09,CASH,-0.0015,0.0,1.0,CASH,-0.0015,0.0,1.0,0.0,True,False,False,False,False,False,CASH -> CASH,2023-02
2023-02-10,CASH,0.0,0.0,0.0,CASH,0.0,0.0,0.0,0.0,True,False,False,False,False,False,CASH -> CASH,2023-02
2023-02-11,LTCUSDT,-0.0202738650827322,1.0,1.0,LTCUSDT,-0.0202738650827322,1.0,1.0,0.0,True,False,True,True,False,False,LTCUSDT -> LTCUSDT,2023-02
2023-02-12,CASH,-0.0015,0.0,1.0,CASH,-0.0015,0.0,1.0,0.0,True,False,False,False,False,False,CASH -> CASH,2023-02
2023-02-13,CASH,0.0,0.0,0.0,CASH,0.0,0.0,0.0,0.0,True,False,False,False,False,False,CASH -> CASH,2023-02
2023-02-14,LTCUSDT,0.0715536422458776,1.0,1.0,LTCUSDT,0.0715536422458776,1.0,1.0,0.0,True,False,True,True,False,False,LTCUSDT -> LTCUSDT,2023-02
2023-02-15,LTCUSDT,-0.0415288854308499,1.0,0.0,LTCUSDT,-0.0415288854308499,1.0,0.0,0.0,True,False,True,True,False,False,LTCUSDT -> LTCUSDT,2023-02
2023-02-16,LTCUSDT,0.0159309994926433,1.0,0.0,LTCUSDT,0.0159309994926433,1.0,0.0,0.0,True,False,True,True,False,False,LTCUSDT -> LTCUSDT,2023-02
2023-02-17,LTCUSDT,-0.0040950858969237,1.0,0.0,LTCUSDT,-0.0040950858969237,1.0,0.0,0.0,True,False,True,True,False,False,LTCUSDT -> LTCUSDT,2023-02
2023-02-18,LTCUSDT,-0.0228663123056863,1.0,0.0,LTCUSDT,-0.0228663123056863,1.0,0.0,0.0,True,False,True,True,False,False,LTCUSDT -> LTCUSDT,2023-02
2023-02-19,LTCUSDT,-0.015703582058914,1.0,0.0,LTCUSDT,-0.015703582058914,1.0,0.0,0.0,True,False,True,True,False,False,LTCUSDT -> LTCUSDT,2023-02
2023-02-20,LTCUSDT,-0.0218978102189781,1.0,0.0,LTCUSDT,-0.0218978102189781,1.0,0.0,0.0,True,False,True,True,False,False,LTCUSDT -> LTCUSDT,2023-02
2023-02-21,LTCUSDT,0.0157782515991471,1.0,0.0,LTCUSDT,0.0157782515991471,1.0,0.0,0.0,True,False,True,True,False,False,LTCUSDT -> LTCUSDT,2023-02
2023-02-22,LTCUSDT,-0.007241813602015,1.0,0.0,LTCUSDT,-0.007241813602015,1.0,0.0,0.0,True,False,True,True,False,False,LTCUSDT -> LTCUSDT,2023-02
2023-02-23,LTCUSDT,-0.0321387038799028,1.0,0.0,LTCUSDT,-0.0321387038799028,1.0,0.0,0.0,True,False,True,True,False,False,LTCUSDT -> LTCUSDT,2023-02
2023-02-24,LTCUSDT,0.0174767886400875,1.0,0.0,LTCUSDT,0.0174767886400875,1.0,0.0,0.0,True,False,True,True,False,False,LTCUSDT -> LTCUSDT,2023-02
2023-02-25,LTCUSDT,0.0227589908749328,1.0,0.0,LTCUSDT,0.0227589908749328,1.0,0.0,0.0,True,False,True,True,False,False,LTCUSDT -> LTCUSDT,2023-02
2023-02-26,LTCUSDT,-0.0125957804135614,1.0,0.0,LTCUSDT,-0.0125957804135614,1.0,0.0,0.0,True,False,True,True,False,False,LTCUSDT -> LTCUSDT,2023-02
2023-02-27,LTCUSDT,-0.002870203040289,1.0,0.0,LTCUSDT,-0.002870203040289,1.0,0.0,0.0,True,False,True,True,False,False,LTCUSDT -> LTCUSDT,2023-02
2023-02-28,LTCUSDT,0.0424307036247335,1.0,0.0,LTCUSDT,0.0424307036247335,1.0,0.0,0.0,True,False,True,True,False,False,LTCUSDT -> LTCUSDT,2023-02
2023-03-01,LTCUSDT,-0.0244426263039476,1.0,0.0,LTCUSDT,-0.0244426263039476,1.0,0.0,0.0,True,False,True,True,False,False,LTCUSDT -> LTCUSDT,2023-03
2023-03-02,LTCUSDT,-0.0506342383897683,1.0,0.0,LTCUSDT,-0.0506342383897683,1.0,0.0,0.0,True,False,True,True,False,False,LTCUSDT -> LTCUSDT,2023-03
2023-03-03,CASH,-0.0015,0.0,1.0,CASH,-0.0015,0.0,1.0,0.0,True,False,False,False,False,False,CASH -> CASH,2023-03
2023-03-04,CASH,0.0,0.0,0.0,CASH,0.0,0.0,0.0,0.0,True,False,False,False,False,False,CASH -> CASH,2023-03
2023-03-05,CASH,0.0,0.0,0.0,CASH,0.0,0.0,0.0,0.0,True,False,False,False,False,False,CASH -> CASH,2023-03
2023-03-06,CASH,0.0,0.0,0.0,CASH,0.0,0.0,0.0,0.0,True,False,False,False,False,False,CASH -> CASH,2023-03
2023-03-07,CASH,0.0,0.0,0.0,CASH,0.0,0.0,0.0,0.0,True,False,False,False,False,False,CASH -> CASH,2023-03
2023-03-08,CASH,0.0,0.0,0.0,CASH,0.0,0.0,0.0,0.0,True,False,False,False,False,False,CASH -> CASH,2023-03
2023-03-09,CASH,0.0,0.0,0.0,CASH,0.0,0.0,0.0,0.0,True,False,False,False,False,False,CASH -> CASH,2023-03
2023-03-10,CASH,0.0,0.0,0.0,CASH,0.0,0.0,0.0,0.0,True,False,False,False,False,False,CASH -> CASH,2023-03
2023-03-11,CASH,0.0,0.0,0.0,CASH,0.0,0.0,0.0,0.0,True,False,False,False,False,False,CASH -> CASH,2023-03
2023-03-12,CASH,0.0,0.0,0.0,CASH,0.0,0.0,0.0,0.0,True,False,False,False,False,False,CASH -> CASH,2023-03
2023-03-13,CASH,0.0,0.0,0.0,CASH,0.0,0.0,0.0,0.0,True,False,False,False,False,False,CASH -> CASH,2023-03
2023-03-14,CASH,0.0,0.0,0.0,CASH,0.0,0.0,0.0,0.0,True,False,False,False,False,False,CASH -> CASH,2023-03
2023-03-15,CASH,0.0,0.0,0.0,CASH,0.0,0.0,0.0,0.0,True,False,False,False,False,False,CASH -> CASH,2023-03
2023-03-16,CASH,0.0,0.0,0.0,CASH,0.0,0.0,0.0,0.0,True,False,False,False,False,False,CASH -> CASH,2023-03
2023-03-17,BTCUSDT,-0.0193002440579767,1.0,1.0,BTCUSDT,-0.0193002440579767,1.0,1.0,0.0,True,False,True,True,False,False,BTCUSDT -> BTCUSDT,2023-03
2023-03-18,BTCUSDT,0.0395941799105006,1.0,0.0,BTCUSDT,0.0395941799105006,1.0,0.0,0.0,True,False,True,True,False,False,BTCUSDT -> BTCUSDT,2023-03
2023-03-19,BTCUSDT,-0.0091467196608714,1.0,0.0,BTCUSDT,-0.0091467196608714,1.0,0.0,0.0,True,False,True,True,False,False,BTCUSDT -> BTCUSDT,2023-03
2023-03-20,BTCUSDT,0.0140152202564418,1.0,0.0,BTCUSDT,0.0140152202564418,1.0,0.0,0.0,True,False,True,True,False,False,BTCUSDT -> BTCUSDT,2023-03
2023-03-21,BTCUSDT,-0.0304033342975584,1.0,0.0,BTCUSDT,-0.0304033342975584,1.0,0.0,0.0,True,False,True,True,False,False,BTCUSDT -> BTCUSDT,2023-03
2023-03-22,BTCUSDT,0.0383267091042998,1.0,0.0,BTCUSDT,0.0383267091042998,1.0,0.0,0.0,True,False,True,True,False,False,BTCUSDT -> BTCUSDT,2023-03
2023-03-23,BTCUSDT,-0.0297200146596213,1.0,0.0,BTCUSDT,-0.0297200146596213,1.0,0.0,0.0,True,False,True,True,False,False,BTCUSDT -> BTCUSDT,2023-03
2023-03-24,BTCUSDT,0.0003088750210802,1.0,0.0,BTCUSDT,0.0003088750210802,1.0,0.0,0.0,True,False,True,True,False,False,BTCUSDT -> BTCUSDT,2023-03
2023-03-25,BTCUSDT,0.0183920518371114,1.0,0.0,BTCUSDT,0.0183920518371114,1.0,0.0,0.0,True,False,True,True,False,False,BTCUSDT -> BTCUSDT,2023-03
2023-03-26,BTCUSDT,-0.0301465422151347,1.0,0.0,BTCUSDT,-0.0301465422151347,1.0,0.0,0.0,True,False,True,True,False,False,BTCUSDT -> BTCUSDT,2023-03
2023-03-27,BTCUSDT,0.0050197401576632,1.0,0.0,BTCUSDT,0.0050197401576632,1.0,0.0,0.0,True,False,True,True,False,False,BTCUSDT -> BTCUSDT,2023-03
2023-03-28,BTCUSDT,0.0398931516627922,1.0,0.0,BTCUSDT,0.0398931516627922,1.0,0.0,0.0,True,False,True,True,False,False,BTCUSDT -> BTCUSDT,2023-03
2023-03-29,BTCUSDT,-0.011290504645732,1.0,0.0,BTCUSDT,-0.011290504645732,1.0,0.0,0.0,True,False,True,True,False,False,BTCUSDT -> BTCUSDT,2023-03
2023-03-30,BTCUSDT,0.015585191231934,1.0,0.0,BTCUSDT,0.015585191231934,1.0,0.0,0.0,True,False,True,True,False,False,BTCUSDT -> BTCUSDT,2023-03
2023-03-31,BTCUSDT,-0.0004436971814163,1.0,0.0,BTCUSDT,-0.0004436971814163,1.0,0.0,0.0,True,False,True,True,False,False,BTCUSDT -> BTCUSDT,2023-03
2023-04-01,BTCUSDT,-0.0098711090289052,1.0,0.0,BTCUSDT,-0.0098711090289052,1.0,0.0,0.0,True,False,True,True,False,False,BTCUSDT -> BTCUSDT,2023-04
2023-04-02,BTCUSDT,-0.0132000467132639,1.0,0.0,BTCUSDT,-0.0132000467132639,1.0,0.0,0.0,True,False,True,True,False,False,BTCUSDT -> BTCUSDT,2023-04
2023-04-03,BTCUSDT,0.0131464028776979,1.0,0.0,BTCUSDT,0.0131464028776979,1.0,0.0,0.0,True,False,True,True,False,False,BTCUSDT -> BTCUSDT,2023-04
2023-04-04,BTCUSDT,0.000161190280155,1.0,0.0,BTCUSDT,0.000161190280155,1.0,0.0,0.0,True,False,True,True,False,False,BTCUSDT -> BTCUSDT,2023-04
2023-04-05,ETHUSDT,-0.0220078011620535,1.0,2.0,ETHUSDT,-0.0220078011620535,1.0,2.0,0.0,True,False,True,True,False,False,ETHUSDT -> ETHUSDT,2023-04
2023-04-06,ETHUSDT,-0.0046410775417777,1.0,0.0,BTCUSDT,-0.0075477212880726,1.0,2.0,0.0029066437462948996,False,True,True,True,False,False,BTCUSDT -> ETHUSDT,2023-04
2023-04-07,ETHUSDT,-0.0079947631618484,1.0,0.0,ETHUSDT,-0.0109947631618484,1.0,2.0,0.003000000000000001,True,False,True,True,False,False,ETHUSDT -> ETHUSDT,2023-04
2023-04-08,ETHUSDT,0.0054629439318052,1.0,0.0,ETHUSDT,0.0054629439318052,1.0,0.0,0.0,True,False,True,True,False,False,ETHUSDT -> ETHUSDT,2023-04
2023-04-09,BTCUSDT,0.0433773171358605,1.0,2.0,BTCUSDT,0.0433773171358605,1.0,2.0,0.0,True,False,True,True,False,False,BTCUSDT -> BTCUSDT,2023-04
2023-04-10,BTCUSDT,0.0189990059836677,1.0,0.0,BTCUSDT,0.0189990059836677,1.0,0.0,0.0,True,False,True,True,False,False,BTCUSDT -> BTCUSDT,2023-04
2023-04-11,BTCUSDT,-0.0103425713947024,1.0,0.0,BTCUSDT,-0.0103425713947024,1.0,0.0,0.0,True,False,True,True,False,False,BTCUSDT -> BTCUSDT,2023-04
2023-04-12,BTCUSDT,0.0162529731762539,1.0,0.0,BTCUSDT,0.0162529731762539,1.0,0.0,0.0,True,False,True,True,False,False,BTCUSDT -> BTCUSDT,2023-04
2023-04-13,ETHUSDT,0.0407274168617451,1.0,2.0,ETHUSDT,0.0407274168617451,1.0,2.0,0.0,True,False,True,True,False,False,ETHUSDT -> ETHUSDT,2023-04
2023-04-14,ETHUSDT,-0.0044714498640469,1.0,0.0,ETHUSDT,-0.0044714498640469,1.0,0.0,0.0,True,False,True,True,False,False,ETHUSDT -> ETHUSDT,2023-04
2023-04-15,ETHUSDT,0.0134267674351862,1.0,0.0,ETHUSDT,0.0134267674351862,1.0,0.0,0.0,True,False,True,True,False,False,ETHUSDT -> ETHUSDT,2023-04
2023-04-16,ETHUSDT,-0.0210839819320611,1.0,0.0,ETHUSDT,-0.0210839819320611,1.0,0.0,0.0,True,False,True,True,False,False,ETHUSDT -> ETHUSDT,2023-04
2023-04-17,ETHUSDT,0.0142237222757954,1.0,0.0,ETHUSDT,0.0142237222757954,1.0,0.0,0.0,True,False,True,True,False,False,ETHUSDT -> ETHUSDT,2023-04
2023-04-18,ETHUSDT,-0.0807083432374613,1.0,0.0,ETHUSDT,-0.0807083432374613,1.0,0.0,0.0,True,False,True,True,False,False,ETHUSDT -> ETHUSDT,2023-04
2023-04-19,ETHUSDT,0.0047835013161092,1.0,0.0,ETHUSDT,0.0047835013161092,1.0,0.0,0.0,True,False,True,True,False,False,ETHUSDT -> ETHUSDT,2023-04
2023-04-20,ETHUSDT,-0.0484822283296791,1.0,0.0,ETHUSDT,-0.0484822283296791,1.0,0.0,0.0,True,False,True,True,False,False,ETHUSDT -> ETHUSDT,2023-04
2023-04-21,CASH,-0.0015,0.0,1.0,CASH,-0.0015,0.0,1.0,0.0,True,False,False,False,False,False,CASH -> CASH,2023-04
2023-04-22,ETHUSDT,-0.0079882400648824,1.0,1.0,ETHUSDT,-0.0079882400648824,1.0,1.0,0.0,True,False,True,True,False,False,ETHUSDT -> ETHUSDT,2023-04
2023-04-23,ETHUSDT,-0.0108270676691729,1.0,0.0,ETHUSDT,-0.0108270676691729,1.0,0.0,0.0,True,False,True,True,False,False,ETHUSDT -> ETHUSDT,2023-04
2023-04-24,BTCUSDT,0.0257107705919065,1.0,2.0,BTCUSDT,0.0257107705919065,1.0,2.0,0.0,True,False,True,True,False,False,BTCUSDT -> BTCUSDT,2023-04
2023-04-25,BTCUSDT,0.0040458234558116,1.0,0.0,BTCUSDT,0.0040458234558116,1.0,0.0,0.0,True,False,True,True,False,False,BTCUSDT -> BTCUSDT,2023-04
2023-04-26,BTCUSDT,0.037215175351017,1.0,0.0,BTCUSDT,0.037215175351017,1.0,0.0,0.0,True,False,True,True,False,False,BTCUSDT -> BTCUSDT,2023-04
2023-04-27,BTCUSDT,-0.00546504451397,1.0,0.0,BTCUSDT,-0.00546504451397,1.0,0.0,0.0,True,False,True,True,False,False,BTCUSDT -> BTCUSDT,2023-04
2023-04-28,BTCUSDT,-0.0027719306624999,1.0,0.0,BTCUSDT,-0.0027719306624999,1.0,0.0,0.0,True,False,True,True,False,False,BTCUSDT -> BTCUSDT,2023-04
2023-04-29,BTCUSDT,9.442208382015592e-05,1.0,0.0,BTCUSDT,9.442208382015592e-05,1.0,0.0,0.0,True,False,True,True,False,False,BTCUSDT -> BTCUSDT,2023-04
2023-04-30,BTCUSDT,-0.0398502251377799,1.0,0.0,BTCUSDT,-0.0398502251377799,1.0,0.0,0.0,True,False,True,True,False,False,BTCUSDT -> BTCUSDT,2023-04
2023-05-01,ETHUSDT,0.0184941580680929,1.0,2.0,ETHUSDT,0.0184941580680929,1.0,2.0,0.0,True,False,True,True,False,False,ETHUSDT -> ETHUSDT,2023-05
2023-05-02,ETHUSDT,0.0187371663244353,1.0,0.0,ETHUSDT,0.0187371663244353,1.0,0.0,0.0,True,False,True,True,False,False,ETHUSDT -> ETHUSDT,2023-05
2023-05-03,BTCUSDT,-0.0094769159957775,1.0,2.0,BTCUSDT,-0.0094769159957775,1.0,2.0,0.0,True,False,True,True,False,False,BTCUSDT -> BTCUSDT,2023-05
2023-05-04,BTCUSDT,0.0231446805205326,1.0,0.0,BTCUSDT,0.0231446805205326,1.0,0.0,0.0,True,False,True,True,False,False,BTCUSDT -> BTCUSDT,2023-05
2023-05-05,BTCUSDT,-0.0222808476083022,1.0,0.0,BTCUSDT,-0.0222808476083022,1.0,0.0,0.0,True,False,True,True,False,False,BTCUSDT -> BTCUSDT,2023-05
2023-05-06,BTCUSDT,-0.0144931052890648,1.0,0.0,BTCUSDT,-0.0144931052890648,1.0,0.0,0.0,True,False,True,True,False,False,BTCUSDT -> BTCUSDT,2023-05
2023-05-07,BTCUSDT,-0.0267783089049985,1.0,0.0,BTCUSDT,-0.0267783089049985,1.0,0.0,0.0,True,False,True,True,False,False,BTCUSDT -> BTCUSDT,2023-05
2023-05-08,BTCUSDT,-0.0014644659199046,1.0,0.0,BTCUSDT,-0.0014644659199046,1.0,0.0,0.0,True,False,True,True,False,False,BTCUSDT -> BTCUSDT,2023-05
2023-05-09,CASH,-0.0015,0.0,1.0,CASH,-0.0015,0.0,1.0,0.0,True,False,False,False,False,False,CASH -> CASH,2023-05
2023-05-10,CASH,0.0,0.0,0.0,CASH,0.0,0.0,0.0,0.0,True,False,False,False,False,False,CASH -> CASH,2023-05
2023-05-11,CASH,0.0,0.0,0.0,CASH,0.0,0.0,0.0,0.0,True,False,False,False,False,False,CASH -> CASH,2023-05
2023-05-12,CASH,0.0,0.0,0.0,CASH,0.0,0.0,0.0,0.0,True,False,False,False,False,False,CASH -> CASH,2023-05
2023-05-13,CASH,0.0,0.0,0.0,CASH,0.0,0.0,0.0,0.0,True,False,False,False,False,False,CASH -> CASH,2023-05
2023-05-14,CASH,0.0,0.0,0.0,CASH,0.0,0.0,0.0,0.0,True,False,False,False,False,False,CASH -> CASH,2023-05
2023-05-15,CASH,0.0,0.0,0.0,CASH,0.0,0.0,0.0,0.0,True,False,False,False,False,False,CASH -> CASH,2023-05
2023-05-16,CASH,0.0,0.0,0.0,CASH,0.0,0.0,0.0,0.0,True,False,False,False,False,False,CASH -> CASH,2023-05
2023-05-17,CASH,0.0,0.0,0.0,CASH,0.0,0.0,0.0,0.0,True,False,False,False,False,False,CASH -> CASH,2023-05
2023-05-18,CASH,0.0,0.0,0.0,CASH,0.0,0.0,0.0,0.0,True,False,False,False,False,False,CASH -> CASH,2023-05
2023-05-19,CASH,0.0,0.0,0.0,CASH,0.0,0.0,0.0,0.0,True,False,False,False,False,False,CASH -> CASH,2023-05
2023-05-20,CASH,0.0,0.0,0.0,CASH,0.0,0.0,0.0,0.0,True,False,False,False,False,False,CASH -> CASH,2023-05
2023-05-21,CASH,0.0,0.0,0.0,CASH,0.0,0.0,0.0,0.0,True,False,False,False,False,False,CASH -> CASH,2023-05
2023-05-22,CASH,0.0,0.0,0.0,CASH,0.0,0.0,0.0,0.0,True,False,False,False,False,False,CASH -> CASH,2023-05
2023-05-23,CASH,0.0,0.0,0.0,CASH,0.0,0.0,0.0,0.0,True,False,False,False,False,False,CASH -> CASH,2023-05
2023-05-24,CASH,0.0,0.0,0.0,CASH,0.0,0.0,0.0,0.0,True,False,False,False,False,False,CASH -> CASH,2023-05
2023-05-25,CASH,0.0,0.0,0.0,CASH,0.0,0.0,0.0,0.0,True,False,False,False,False,False,CASH -> CASH,2023-05
2023-05-26,CASH,0.0,0.0,0.0,CASH,0.0,0.0,0.0,0.0,True,False,False,False,False,False,CASH -> CASH,2023-05
2023-05-27,TRXUSDT,0.001869621565578,1.0,1.0,TRXUSDT,0.001869621565578,1.0,1.0,0.0,True,False,True,True,False,False,TRXUSDT -> TRXUSDT,2023-05
2023-05-28,TRXUSDT,-0.0170498579178507,1.0,0.0,TRXUSDT,-0.0170498579178507,1.0,0.0,0.0,True,False,True,True,False,False,TRXUSDT -> TRXUSDT,2023-05
2023-05-29,TRXUSDT,0.0032851511169513,1.0,0.0,TRXUSDT,0.0032851511169513,1.0,0.0,0.0,True,False,True,True,False,False,TRXUSDT -> TRXUSDT,2023-05
2023-05-30,TRXUSDT,-0.014800261951539,1.0,0.0,TRXUSDT,-0.014800261951539,1.0,0.0,0.0,True,False,True,True,False,False,TRXUSDT -> TRXUSDT,2023-05
2023-05-31,TRXUSDT,-0.0059824514756712,1.0,0.0,TRXUSDT,-0.0059824514756712,1.0,0.0,0.0,True,False,True,True,False,False,TRXUSDT -> TRXUSDT,2023-05
2023-06-01,CASH,-0.0015,0.0,1.0,CASH,-0.0015,0.0,1.0,0.0,True,False,False,False,False,False,CASH -> CASH,2023-06
2023-06-02,TRXUSDT,-0.012266997338495,1.0,1.0,TRXUSDT,-0.012266997338495,1.0,1.0,0.0,True,False,True,True,False,False,TRXUSDT -> TRXUSDT,2023-06
2023-06-03,TRXUSDT,-0.0047694753577106,1.0,0.0,TRXUSDT,-0.0047694753577106,1.0,0.0,0.0,True,False,True,True,False,False,TRXUSDT -> TRXUSDT,2023-06
2023-06-04,TRXUSDT,-0.037601376259523,1.0,0.0,TRXUSDT,-0.037601376259523,1.0,0.0,0.0,True,False,True,True,False,False,TRXUSDT -> TRXUSDT,2023-06
2023-06-05,CASH,-0.0015,0.0,1.0,CASH,-0.0015,0.0,1.0,0.0,True,False,False,False,False,False,CASH -> CASH,2023-06
2023-06-06,CASH,0.0,0.0,0.0,CASH,0.0,0.0,0.0,0.0,True,False,False,False,False,False,CASH -> CASH,2023-06
2023-06-07,CASH,0.0,0.0,0.0,CASH,0.0,0.0,0.0,0.0,True,False,False,False,False,False,CASH -> CASH,2023-06
2023-06-08,CASH,0.0,0.0,0.0,CASH,0.0,0.0,0.0,0.0,True,False,False,False,False,False,CASH -> CASH,2023-06
2023-06-09,CASH,0.0,0.0,0.0,CASH,0.0,0.0,0.0,0.0,True,False,False,False,False,False,CASH -> CASH,2023-06
2023-06-10,CASH,0.0,0.0,0.0,CASH,0.0,0.0,0.0,0.0,True,False,False,False,False,False,CASH -> CASH,2023-06
2023-06-11,CASH,0.0,0.0,0.0,CASH,0.0,0.0,0.0,0.0,True,False,False,False,False,False,CASH -> CASH,2023-06
2023-06-12,CASH,0.0,0.0,0.0,CASH,0.0,0.0,0.0,0.0,True,False,False,False,False,False,CASH -> CASH,2023-06
2023-06-13,CASH,0.0,0.0,0.0,CASH,0.0,0.0,0.0,0.0,True,False,False,False,False,False,CASH -> CASH,2023-06
2023-06-14,CASH,0.0,0.0,0.0,CASH,0.0,0.0,0.0,0.0,True,False,False,False,False,False,CASH -> CASH,2023-06
2023-06-15,CASH,0.0,0.0,0.0,CASH,0.0,0.0,0.0,0.0,True,False,False,False,False,False,CASH -> CASH,2023-06
2023-06-16,CASH,0.0,0.0,0.0,CASH,0.0,0.0,0.0,0.0,True,False,False,False,False,False,CASH -> CASH,2023-06
2023-06-17,CASH,0.0,0.0,0.0,CASH,0.0,0.0,0.0,0.0,True,False,False,False,False,False,CASH -> CASH,2023-06
2023-06-18,CASH,0.0,0.0,0.0,CASH,0.0,0.0,0.0,0.0,True,False,False,False,False,False,CASH -> CASH,2023-06
2023-06-19,CASH,0.0,0.0,0.0,CASH,0.0,0.0,0.0,0.0,True,False,False,False,False,False,CASH -> CASH,2023-06
2023-06-20,CASH,0.0,0.0,0.0,CASH,0.0,0.0,0.0,0.0,True,False,False,False,False,False,CASH -> CASH,2023-06
2023-06-21,CASH,0.0,0.0,0.0,CASH,0.0,0.0,0.0,0.0,True,False,False,False,False,False,CASH -> CASH,2023-06
2023-06-22,CASH,0.0,0.0,0.0,CASH,0.0,0.0,0.0,0.0,True,False,False,False,False,False,CASH -> CASH,2023-06
2023-06-23,CASH,0.0,0.0,0.0,CASH,0.0,0.0,0.0,0.0,True,False,False,False,False,False,CASH -> CASH,2023-06
2023-06-24,CASH,0.0,0.0,0.0,CASH,0.0,0.0,0.0,0.0,True,False,False,False,False,False,CASH -> CASH,2023-06
2023-06-25,CASH,0.0,0.0,0.0,CASH,0.0,0.0,0.0,0.0,True,False,False,False,False,False,CASH -> CASH,2023-06
2023-06-26,CASH,0.0,0.0,0.0,CASH,0.0,0.0,0.0,0.0,True,False,False,False,False,False,CASH -> CASH,2023-06
2023-06-27,CASH,0.0,0.0,0.0,CASH,0.0,0.0,0.0,0.0,True,False,False,False,False,False,CASH -> CASH,2023-06
2023-06-28,CASH,0.0,0.0,0.0,CASH,0.0,0.0,0.0,0.0,True,False,False,False,False,False,CASH -> CASH,2023-06
2023-06-29,CASH,0.0,0.0,0.0,CASH,0.0,0.0,0.0,0.0,True,False,False,False,False,False,CASH -> CASH,2023-06
2023-06-30,CASH,0.0,0.0,0.0,CASH,0.0,0.0,0.0,0.0,True,False,False,False,False,False,CASH -> CASH,2023-06
2023-07-01,TRXUSDT,-0.0174202692208128,1.0,1.0,TRXUSDT,-0.0174202692208128,1.0,1.0,0.0,True,False,True,True,False,False,TRXUSDT -> TRXUSDT,2023-07
2023-07-02,TRXUSDT,0.0168354596869657,1.0,0.0,TRXUSDT,0.0168354596869657,1.0,0.0,0.0,True,False,True,True,False,False,TRXUSDT -> TRXUSDT,2023-07
2023-07-03,TRXUSDT,-0.0036217824343551,1.0,0.0,TRXUSDT,-0.0036217824343551,1.0,0.0,0.0,True,False,True,True,False,False,TRXUSDT -> TRXUSDT,2023-07
2023-07-04,TRXUSDT,0.0005192782032974,1.0,0.0,TRXUSDT,0.0005192782032974,1.0,0.0,0.0,True,False,True,True,False,False,TRXUSDT -> TRXUSDT,2023-07
2023-07-05,CASH,-0.0015,0.0,1.0,CASH,-0.0015,0.0,1.0,0.0,True,False,False,False,False,False,CASH -> CASH,2023-07
2023-07-06,CASH,0.0,0.0,0.0,CASH,0.0,0.0,0.0,0.0,True,False,False,False,False,False,CASH -> CASH,2023-07
2023-07-07,CASH,0.0,0.0,0.0,CASH,0.0,0.0,0.0,0.0,True,False,False,False,False,False,CASH -> CASH,2023-07
2023-07-08,CASH,0.0,0.0,0.0,CASH,0.0,0.0,0.0,0.0,True,False,False,False,False,False,CASH -> CASH,2023-07
2023-07-09,CASH,0.0,0.0,0.0,CASH,0.0,0.0,0.0,0.0,True,False,False,False,False,False,CASH -> CASH,2023-07
2023-07-10,CASH,0.0,0.0,0.0,CASH,0.0,0.0,0.0,0.0,True,False,False,False,False,False,CASH -> CASH,2023-07
2023-07-11,CASH,0.0,0.0,0.0,CASH,0.0,0.0,0.0,0.0,True,False,False,False,False,False,CASH -> CASH,2023-07
2023-07-12,CASH,0.0,0.0,0.0,CASH,0.0,0.0,0.0,0.0,True,False,False,False,False,False,CASH -> CASH,2023-07
2023-07-13,TRXUSDT,-0.0238962795251498,1.0,1.0,TRXUSDT,-0.0238962795251498,1.0,1.0,0.0,True,False,True,True,False,False,TRXUSDT -> TRXUSDT,2023-07
2023-07-14,TRXUSDT,0.0117676514772158,1.0,0.0,TRXUSDT,0.0117676514772158,1.0,0.0,0.0,True,False,True,True,False,False,TRXUSDT -> TRXUSDT,2023-07
2023-07-15,TRXUSDT,-0.0126206384558278,1.0,0.0,TRXUSDT,-0.0126206384558278,1.0,0.0,0.0,True,False,True,True,False,False,TRXUSDT -> TRXUSDT,2023-07
2023-07-16,TRXUSDT,0.0021303258145364,1.0,0.0,TRXUSDT,0.0021303258145364,1.0,0.0,0.0,True,False,True,True,False,False,TRXUSDT -> TRXUSDT,2023-07
2023-07-17,TRXUSDT,-0.0023758909591096,1.0,0.0,TRXUSDT,-0.0023758909591096,1.0,0.0,0.0,True,False,True,True,False,False,TRXUSDT -> TRXUSDT,2023-07
2023-07-18,TRXUSDT,0.0066432689897217,1.0,0.0,TRXUSDT,0.0066432689897217,1.0,0.0,0.0,True,False,True,True,False,False,TRXUSDT -> TRXUSDT,2023-07
2023-07-19,TRXUSDT,0.0052297347777361,1.0,0.0,TRXUSDT,0.0052297347777361,1.0,0.0,0.0,True,False,True,True,False,False,TRXUSDT -> TRXUSDT,2023-07
2023-07-20,TRXUSDT,-0.0037160906726123,1.0,0.0,TRXUSDT,-0.0037160906726123,1.0,0.0,0.0,True,False,True,True,False,False,TRXUSDT -> TRXUSDT,2023-07
2023-07-21,TRXUSDT,0.0431431058062912,1.0,0.0,TRXUSDT,0.0431431058062912,1.0,0.0,0.0,True,False,True,True,False,False,TRXUSDT -> TRXUSDT,2023-07
2023-07-22,CASH,-0.0015,0.0,1.0,CASH,-0.0015,0.0,1.0,0.0,True,False,False,False,False,False,CASH -> CASH,2023-07
2023-07-23,TRXUSDT,-0.0241700251889169,1.0,1.0,TRXUSDT,-0.0241700251889169,1.0,1.0,0.0,True,False,True,True,False,False,TRXUSDT -> TRXUSDT,2023-07
2023-07-24,CASH,-0.0015,0.0,1.0,CASH,-0.0015,0.0,1.0,0.0,True,False,False,False,False,False,CASH -> CASH,2023-07
2023-07-25,CASH,0.0,0.0,0.0,CASH,0.0,0.0,0.0,0.0,True,False,False,False,False,False,CASH -> CASH,2023-07
2023-07-26,CASH,0.0,0.0,0.0,CASH,0.0,0.0,0.0,0.0,True,False,False,False,False,False,CASH -> CASH,2023-07
2023-07-27,CASH,0.0,0.0,0.0,CASH,0.0,0.0,0.0,0.0,True,False,False,False,False,False,CASH -> CASH,2023-07
2023-07-28,CASH,0.0,0.0,0.0,CASH,0.0,0.0,0.0,0.0,True,False,False,False,False,False,CASH -> CASH,2023-07
2023-07-29,TRXUSDT,-0.0403127853881278,1.0,1.0,TRXUSDT,-0.0403127853881278,1.0,1.0,0.0,True,False,True,True,False,False,TRXUSDT -> TRXUSDT,2023-07
2023-07-30,CASH,-0.0015,0.0,1.0,CASH,-0.0015,0.0,1.0,0.0,True,False,False,False,False,False,CASH -> CASH,2023-07
2023-07-31,CASH,0.0,0.0,0.0,CASH,0.0,0.0,0.0,0.0,True,False,False,False,False,False,CASH -> CASH,2023-07
2023-08-01,CASH,0.0,0.0,0.0,CASH,0.0,0.0,0.0,0.0,True,False,False,False,False,False,CASH -> CASH,2023-08
2023-08-02,CASH,0.0,0.0,0.0,CASH,0.0,0.0,0.0,0.0,True,False,False,False,False,False,CASH -> CASH,2023-08
2023-08-03,CASH,0.0,0.0,0.0,CASH,0.0,0.0,0.0,0.0,True,False,False,False,False,False,CASH -> CASH,2023-08
2023-08-04,CASH,0.0,0.0,0.0,CASH,0.0,0.0,0.0,0.0,True,False,False,False,False,False,CASH -> CASH,2023-08
2023-08-05,CASH,0.0,0.0,0.0,CASH,0.0,0.0,0.0,0.0,True,False,False,False,False,False,CASH -> CASH,2023-08
2023-08-06,CASH,0.0,0.0,0.0,CASH,0.0,0.0,0.0,0.0,True,False,False,False,False,False,CASH -> CASH,2023-08
2023-08-07,CASH,0.0,0.0,0.0,CASH,0.0,0.0,0.0,0.0,True,False,False,False,False,False,CASH -> CASH,2023-08
2023-08-08,CASH,0.0,0.0,0.0,CASH,0.0,0.0,0.0,0.0,True,False,False,False,False,False,CASH -> CASH,2023-08
2023-08-09,CASH,0.0,0.0,0.0,CASH,0.0,0.0,0.0,0.0,True,False,False,False,False,False,CASH -> CASH,2023-08
2023-08-10,CASH,0.0,0.0,0.0,CASH,0.0,0.0,0.0,0.0,True,False,False,False,False,False,CASH -> CASH,2023-08
2023-08-11,CASH,0.0,0.0,0.0,CASH,0.0,0.0,0.0,0.0,True,False,False,False,False,False,CASH -> CASH,2023-08
2023-08-12,CASH,0.0,0.0,0.0,CASH,0.0,0.0,0.0,0.0,True,False,False,False,False,False,CASH -> CASH,2023-08
2023-08-13,CASH,0.0,0.0,0.0,CASH,0.0,0.0,0.0,0.0,True,False,False,False,False,False,CASH -> CASH,2023-08
2023-08-14,CASH,0.0,0.0,0.0,CASH,0.0,0.0,0.0,0.0,True,False,False,False,False,False,CASH -> CASH,2023-08
2023-08-15,CASH,0.0,0.0,0.0,CASH,0.0,0.0,0.0,0.0,True,False,False,False,False,False,CASH -> CASH,2023-08
2023-08-16,CASH,0.0,0.0,0.0,CASH,0.0,0.0,0.0,0.0,True,False,False,False,False,False,CASH -> CASH,2023-08
2023-08-17,CASH,0.0,0.0,0.0,CASH,0.0,0.0,0.0,0.0,True,False,False,False,False,False,CASH -> CASH,2023-08
2023-08-18,CASH,0.0,0.0,0.0,CASH,0.0,0.0,0.0,0.0,True,False,False,False,False,False,CASH -> CASH,2023-08
2023-08-19,CASH,0.0,0.0,0.0,CASH,0.0,0.0,0.0,0.0,True,False,False,False,False,False,CASH -> CASH,2023-08
2023-08-20,CASH,0.0,0.0,0.0,CASH,0.0,0.0,0.0,0.0,True,False,False,False,False,False,CASH -> CASH,2023-08
2023-08-21,CASH,0.0,0.0,0.0,CASH,0.0,0.0,0.0,0.0,True,False,False,False,False,False,CASH -> CASH,2023-08
2023-08-22,CASH,0.0,0.0,0.0,CASH,0.0,0.0,0.0,0.0,True,False,False,False,False,False,CASH -> CASH,2023-08
2023-08-23,CASH,0.0,0.0,0.0,CASH,0.0,0.0,0.0,0.0,True,False,False,False,False,False,CASH -> CASH,2023-08
2023-08-24,CASH,0.0,0.0,0.0,CASH,0.0,0.0,0.0,0.0,True,False,False,False,False,False,CASH -> CASH,2023-08
2023-08-25,CASH,0.0,0.0,0.0,CASH,0.0,0.0,0.0,0.0,True,False,False,False,False,False,CASH -> CASH,2023-08
2023-08-26,CASH,0.0,0.0,0.0,CASH,0.0,0.0,0.0,0.0,True,False,False,False,False,False,CASH -> CASH,2023-08
2023-08-27,CASH,0.0,0.0,0.0,CASH,0.0,0.0,0.0,0.0,True,False,False,False,False,False,CASH -> CASH,2023-08
2023-08-28,CASH,0.0,0.0,0.0,CASH,0.0,0.0,0.0,0.0,True,False,False,False,False,False,CASH -> CASH,2023-08
2023-08-29,CASH,0.0,0.0,0.0,CASH,0.0,0.0,0.0,0.0,True,False,False,False,False,False,CASH -> CASH,2023-08
2023-08-30,CASH,0.0,0.0,0.0,CASH,0.0,0.0,0.0,0.0,True,False,False,False,False,False,CASH -> CASH,2023-08
2023-08-31,CASH,0.0,0.0,0.0,CASH,0.0,0.0,0.0,0.0,True,False,False,False,False,False,CASH -> CASH,2023-08
2023-09-01,CASH,0.0,0.0,0.0,CASH,0.0,0.0,0.0,0.0,True,False,False,False,False,False,CASH -> CASH,2023-09
2023-09-02,CASH,0.0,0.0,0.0,CASH,0.0,0.0,0.0,0.0,True,False,False,False,False,False,CASH -> CASH,2023-09
2023-09-03,CASH,0.0,0.0,0.0,CASH,0.0,0.0,0.0,0.0,True,False,False,False,False,False,CASH -> CASH,2023-09
2023-09-04,CASH,0.0,0.0,0.0,CASH,0.0,0.0,0.0,0.0,True,False,False,False,False,False,CASH -> CASH,2023-09
2023-09-05,CASH,0.0,0.0,0.0,CASH,0.0,0.0,0.0,0.0,True,False,False,False,False,False,CASH -> CASH,2023-09
2023-09-06,CASH,0.0,0.0,0.0,CASH,0.0,0.0,0.0,0.0,True,False,False,False,False,False,CASH -> CASH,2023-09
2023-09-07,CASH,0.0,0.0,0.0,CASH,0.0,0.0,0.0,0.0,True,False,False,False,False,False,CASH -> CASH,2023-09
2023-09-08,CASH,0.0,0.0,0.0,CASH,0.0,0.0,0.0,0.0,True,False,False,False,False,False,CASH -> CASH,2023-09
2023-09-09,CASH,0.0,0.0,0.0,CASH,0.0,0.0,0.0,0.0,True,False,False,False,False,False,CASH -> CASH,2023-09
2023-09-10,CASH,0.0,0.0,0.0,CASH,0.0,0.0,0.0,0.0,True,False,False,False,False,False,CASH -> CASH,2023-09
2023-09-11,CASH,0.0,0.0,0.0,CASH,0.0,0.0,0.0,0.0,True,False,False,False,False,False,CASH -> CASH,2023-09
2023-09-12,CASH,0.0,0.0,0.0,CASH,0.0,0.0,0.0,0.0,True,False,False,False,False,False,CASH -> CASH,2023-09
2023-09-13,CASH,0.0,0.0,0.0,CASH,0.0,0.0,0.0,0.0,True,False,False,False,False,False,CASH -> CASH,2023-09
2023-09-14,CASH,0.0,0.0,0.0,CASH,0.0,0.0,0.0,0.0,True,False,False,False,False,False,CASH -> CASH,2023-09
2023-09-15,CASH,0.0,0.0,0.0,CASH,0.0,0.0,0.0,0.0,True,False,False,False,False,False,CASH -> CASH,2023-09
2023-09-16,CASH,0.0,0.0,0.0,CASH,0.0,0.0,0.0,0.0,True,False,False,False,False,False,CASH -> CASH,2023-09
2023-09-17,CASH,0.0,0.0,0.0,CASH,0.0,0.0,0.0,0.0,True,False,False,False,False,False,CASH -> CASH,2023-09
2023-09-18,CASH,0.0,0.0,0.0,CASH,0.0,0.0,0.0,0.0,True,False,False,False,False,False,CASH -> CASH,2023-09
2023-09-19,CASH,0.0,0.0,0.0,CASH,0.0,0.0,0.0,0.0,True,False,False,False,False,False,CASH -> CASH,2023-09
2023-09-20,CASH,0.0,0.0,0.0,CASH,0.0,0.0,0.0,0.0,True,False,False,False,False,False,CASH -> CASH,2023-09
2023-09-21,CASH,0.0,0.0,0.0,CASH,0.0,0.0,0.0,0.0,True,False,False,False,False,False,CASH -> CASH,2023-09
2023-09-22,CASH,0.0,0.0,0.0,CASH,0.0,0.0,0.0,0.0,True,False,False,False,False,False,CASH -> CASH,2023-09
2023-09-23,CASH,0.0,0.0,0.0,CASH,0.0,0.0,0.0,0.0,True,False,False,False,False,False,CASH -> CASH,2023-09
2023-09-24,CASH,0.0,0.0,0.0,CASH,0.0,0.0,0.0,0.0,True,False,False,False,False,False,CASH -> CASH,2023-09
2023-09-25,CASH,0.0,0.0,0.0,CASH,0.0,0.0,0.0,0.0,True,False,False,False,False,False,CASH -> CASH,2023-09
2023-09-26,CASH,0.0,0.0,0.0,CASH,0.0,0.0,0.0,0.0,True,False,False,False,False,False,CASH -> CASH,2023-09
2023-09-27,CASH,0.0,0.0,0.0,CASH,0.0,0.0,0.0,0.0,True,False,False,False,False,False,CASH -> CASH,2023-09
2023-09-28,CASH,0.0,0.0,0.0,CASH,0.0,0.0,0.0,0.0,True,False,False,False,False,False,CASH -> CASH,2023-09
2023-09-29,CASH,0.0,0.0,0.0,CASH,0.0,0.0,0.0,0.0,True,False,False,False,False,False,CASH -> CASH,2023-09
2023-09-30,CASH,0.0,0.0,0.0,CASH,0.0,0.0,0.0,0.0,True,False,False,False,False,False,CASH -> CASH,2023-09
2023-10-01,CASH,0.0,0.0,0.0,CASH,0.0,0.0,0.0,0.0,True,False,False,False,False,False,CASH -> CASH,2023-10
2023-10-02,CASH,0.0,0.0,0.0,CASH,0.0,0.0,0.0,0.0,True,False,False,False,False,False,CASH -> CASH,2023-10
2023-10-03,CASH,0.0,0.0,0.0,CASH,0.0,0.0,0.0,0.0,True,False,False,False,False,False,CASH -> CASH,2023-10
2023-10-04,CASH,0.0,0.0,0.0,CASH,0.0,0.0,0.0,0.0,True,False,False,False,False,False,CASH -> CASH,2023-10
2023-10-05,CASH,0.0,0.0,0.0,CASH,0.0,0.0,0.0,0.0,True,False,False,False,False,False,CASH -> CASH,2023-10
2023-10-06,CASH,0.0,0.0,0.0,CASH,0.0,0.0,0.0,0.0,True,False,False,False,False,False,CASH -> CASH,2023-10
2023-10-07,CASH,0.0,0.0,0.0,CASH,0.0,0.0,0.0,0.0,True,False,False,False,False,False,CASH -> CASH,2023-10
2023-10-08,CASH,0.0,0.0,0.0,CASH,0.0,0.0,0.0,0.0,True,False,False,False,False,False,CASH -> CASH,2023-10
2023-10-09,CASH,0.0,0.0,0.0,CASH,0.0,0.0,0.0,0.0,True,False,False,False,False,False,CASH -> CASH,2023-10
2023-10-10,CASH,0.0,0.0,0.0,CASH,0.0,0.0,0.0,0.0,True,False,False,False,False,False,CASH -> CASH,2023-10
2023-10-11,CASH,0.0,0.0,0.0,CASH,0.0,0.0,0.0,0.0,True,False,False,False,False,False,CASH -> CASH,2023-10
2023-10-12,CASH,0.0,0.0,0.0,CASH,0.0,0.0,0.0,0.0,True,False,False,False,False,False,CASH -> CASH,2023-10
2023-10-13,CASH,0.0,0.0,0.0,CASH,0.0,0.0,0.0,0.0,True,False,False,False,False,False,CASH -> CASH,2023-10
2023-10-14,CASH,0.0,0.0,0.0,CASH,0.0,0.0,0.0,0.0,True,False,False,False,False,False,CASH -> CASH,2023-10
2023-10-15,CASH,0.0,0.0,0.0,CASH,0.0,0.0,0.0,0.0,True,False,False,False,False,False,CASH -> CASH,2023-10
2023-10-16,CASH,0.0,0.0,0.0,CASH,0.0,0.0,0.0,0.0,True,False,False,False,False,False,CASH -> CASH,2023-10
2023-10-17,CASH,0.0,0.0,0.0,CASH,0.0,0.0,0.0,0.0,True,False,False,False,False,False,CASH -> CASH,2023-10
2023-10-18,CASH,0.0,0.0,0.0,CASH,0.0,0.0,0.0,0.0,True,False,False,False,False,False,CASH -> CASH,2023-10
2023-10-19,CASH,0.0,0.0,0.0,CASH,0.0,0.0,0.0,0.0,True,False,False,False,False,False,CASH -> CASH,2023-10
2023-10-20,CASH,0.0,0.0,0.0,CASH,0.0,0.0,0.0,0.0,True,False,False,False,False,False,CASH -> CASH,2023-10
2023-10-21,CASH,0.0,0.0,0.0,CASH,0.0,0.0,0.0,0.0,True,False,False,False,False,False,CASH -> CASH,2023-10
2023-10-22,CASH,0.0,0.0,0.0,CASH,0.0,0.0,0.0,0.0,True,False,False,False,False,False,CASH -> CASH,2023-10
2023-10-23,SOLUSDT,-0.055138644918444,1.0,1.0,SOLUSDT,-0.055138644918444,1.0,1.0,0.0,True,False,True,True,False,False,SOLUSDT -> SOLUSDT,2023-10
2023-10-24,CASH,-0.0015,0.0,1.0,CASH,-0.0015,0.0,1.0,0.0,True,False,False,False,False,False,CASH -> CASH,2023-10
2023-10-25,CASH,0.0,0.0,0.0,CASH,0.0,0.0,0.0,0.0,True,False,False,False,False,False,CASH -> CASH,2023-10
2023-10-26,CASH,0.0,0.0,0.0,CASH,0.0,0.0,0.0,0.0,True,False,False,False,False,False,CASH -> CASH,2023-10
2023-10-27,TRXUSDT,0.0070534053244946,1.0,1.0,TRXUSDT,0.0070534053244946,1.0,1.0,0.0,True,False,True,True,False,False,TRXUSDT -> TRXUSDT,2023-10
2023-10-28,TRXUSDT,0.0059366055337644,1.0,0.0,TRXUSDT,0.0059366055337644,1.0,0.0,0.0,True,False,True,True,False,False,TRXUSDT -> TRXUSDT,2023-10
2023-10-29,TRXUSDT,0.0072715776161871,1.0,0.0,TRXUSDT,0.0072715776161871,1.0,0.0,0.0,True,False,True,True,False,False,TRXUSDT -> TRXUSDT,2023-10
2023-10-30,TRXUSDT,0.0164260305503243,1.0,0.0,TRXUSDT,0.0164260305503243,1.0,0.0,0.0,True,False,True,True,False,False,TRXUSDT -> TRXUSDT,2023-10
2023-10-31,TRXUSDT,0.0307771487390633,1.0,0.0,TRXUSDT,0.0307771487390633,1.0,0.0,0.0,True,False,True,True,False,False,TRXUSDT -> TRXUSDT,2023-10
2023-11-01,TRXUSDT,-0.0091871380067904,1.0,0.0,TRXUSDT,-0.0091871380067904,1.0,0.0,0.0,True,False,True,True,False,False,TRXUSDT -> TRXUSDT,2023-11
2023-11-02,TRXUSDT,-0.020157226365652,1.0,0.0,TRXUSDT,-0.020157226365652,1.0,0.0,0.0,True,False,True,True,False,False,TRXUSDT -> TRXUSDT,2023-11
2023-11-03,TRXUSDT,0.0044229582390453,1.0,0.0,TRXUSDT,0.0044229582390453,1.0,0.0,0.0,True,False,True,True,False,False,TRXUSDT -> TRXUSDT,2023-11
2023-11-04,TRXUSDT,0.0044034818228366,1.0,0.0,TRXUSDT,0.0044034818228366,1.0,0.0,0.0,True,False,True,True,False,False,TRXUSDT -> TRXUSDT,2023-11
2023-11-05,TRXUSDT,-0.004384176182708,1.0,0.0,TRXUSDT,-0.004384176182708,1.0,0.0,0.0,True,False,True,True,False,False,TRXUSDT -> TRXUSDT,2023-11
2023-11-06,TRXUSDT,-0.0109575012800819,1.0,0.0,TRXUSDT,-0.0109575012800819,1.0,0.0,0.0,True,False,True,True,False,False,TRXUSDT -> TRXUSDT,2023-11
2023-11-07,BTCUSDT,0.0033730397817798,1.0,2.0,BTCUSDT,0.0033730397817798,1.0,2.0,0.0,True,False,True,True,False,False,BTCUSDT -> BTCUSDT,2023-11
2023-11-08,BTCUSDT,0.0302141322093196,1.0,0.0,BTCUSDT,0.0302141322093196,1.0,0.0,0.0,True,False,True,True,False,False,BTCUSDT -> BTCUSDT,2023-11
2023-11-09,BTCUSDT,0.0163630017528089,1.0,0.0,BTCUSDT,0.0163630017528089,1.0,0.0,0.0,True,False,True,True,False,False,BTCUSDT -> BTCUSDT,2023-11
2023-11-10,BTCUSDT,-0.0046011394140148,1.0,0.0,BTCUSDT,-0.0046011394140148,1.0,0.0,0.0,True,False,True,True,False,False,BTCUSDT -> BTCUSDT,2023-11
2023-11-11,TRXUSDT,0.0017222222222222,1.0,2.0,BTCUSDT,-0.0017740371667116,1.0,0.0,0.0034962593889338,False,True,True,True,False,False,BTCUSDT -> TRXUSDT,2023-11
2023-11-12,TRXUSDT,-0.0150216569901391,1.0,0.0,TRXUSDT,-0.0180216569901391,1.0,2.0,0.002999999999999999,True,False,True,True,False,False,TRXUSDT -> TRXUSDT,2023-11
2023-11-13,TRXUSDT,-0.0436002994011975,1.0,0.0,TRXUSDT,-0.0436002994011975,1.0,0.0,0.0,True,False,True,True,False,False,TRXUSDT -> TRXUSDT,2023-11
2023-11-14,TRXUSDT,0.0180003913128545,1.0,0.0,TRXUSDT,0.0180003913128545,1.0,0.0,0.0,True,False,True,True,False,False,TRXUSDT -> TRXUSDT,2023-11
2023-11-15,TRXUSDT,-0.0166250240246011,1.0,0.0,TRXUSDT,-0.0166250240246011,1.0,0.0,0.0,True,False,True,True,False,False,TRXUSDT -> TRXUSDT,2023-11
2023-11-16,TRXUSDT,0.0134857812958075,1.0,0.0,TRXUSDT,0.0134857812958075,1.0,0.0,0.0,True,False,True,True,False,False,TRXUSDT -> TRXUSDT,2023-11
2023-11-17,TRXUSDT,-0.0078102400925657,1.0,0.0,TRXUSDT,-0.0078102400925657,1.0,0.0,0.0,True,False,True,True,False,False,TRXUSDT -> TRXUSDT,2023-11
2023-11-18,TRXUSDT,0.0057337220602526,1.0,0.0,TRXUSDT,0.0057337220602526,1.0,0.0,0.0,True,False,True,True,False,False,TRXUSDT -> TRXUSDT,2023-11
2023-11-19,BTCUSDT,-0.0006199054279111,1.0,2.0,BTCUSDT,-0.0006199054279111,1.0,2.0,0.0,True,False,True,True,False,False,BTCUSDT -> BTCUSDT,2023-11
2023-11-20,BTCUSDT,-0.0455857306967009,1.0,0.0,BTCUSDT,-0.0455857306967009,1.0,0.0,0.0,True,False,True,True,False,False,BTCUSDT -> BTCUSDT,2023-11
2023-11-21,BTCUSDT,0.0466315908750714,1.0,0.0,BTCUSDT,0.0466315908750714,1.0,0.0,0.0,True,False,True,True,False,False,BTCUSDT -> BTCUSDT,2023-11
2023-11-22,BTCUSDT,-0.0030490526978742,1.0,0.0,BTCUSDT,-0.0030490526978742,1.0,0.0,0.0,True,False,True,True,False,False,BTCUSDT -> BTCUSDT,2023-11
2023-11-23,BTCUSDT,0.0112427428549364,1.0,0.0,BTCUSDT,0.0112427428549364,1.0,0.0,0.0,True,False,True,True,False,False,BTCUSDT -> BTCUSDT,2023-11
2023-11-24,BTCUSDT,0.0017792004310384,1.0,0.0,BTCUSDT,0.0017792004310384,1.0,0.0,0.0,True,False,True,True,False,False,BTCUSDT -> BTCUSDT,2023-11
2023-11-25,TRXUSDT,-0.0137388710417622,1.0,2.0,TRXUSDT,-0.0137388710417622,1.0,2.0,0.0,True,False,True,True,False,False,TRXUSDT -> TRXUSDT,2023-11
2023-11-26,TRXUSDT,-0.0542772313972906,1.0,0.0,TRXUSDT,-0.0542772313972906,1.0,0.0,0.0,True,False,True,True,False,False,TRXUSDT -> TRXUSDT,2023-11
2023-11-27,TRXUSDT,0.0100068674580593,1.0,0.0,TRXUSDT,0.0100068674580593,1.0,0.0,0.0,True,False,True,True,False,False,TRXUSDT -> TRXUSDT,2023-11
2023-11-28,BTCUSDT,-0.0020541758651172,1.0,2.0,BTCUSDT,-0.0020541758651172,1.0,2.0,0.0,True,False,True,True,False,False,BTCUSDT -> BTCUSDT,2023-11
2023-11-29,TRXUSDT,-0.0026132650101516,1.0,2.0,TRXUSDT,-0.0026132650101516,1.0,2.0,0.0,True,False,True,True,False,False,TRXUSDT -> TRXUSDT,2023-11
2023-11-30,BTCUSDT,0.0224098456259628,1.0,2.0,BTCUSDT,0.0224098456259628,1.0,2.0,0.0,True,False,True,True,False,False,BTCUSDT -> BTCUSDT,2023-11
2023-12-01,BTCUSDT,0.0198495341048101,1.0,0.0,BTCUSDT,0.0198495341048101,1.0,0.0,0.0,True,False,True,True,False,False,BTCUSDT -> BTCUSDT,2023-12
2023-12-02,ADAUSDT,-0.0097907444668009,1.0,2.0,ADAUSDT,-0.0097907444668009,1.0,2.0,0.0,True,False,True,True,False,False,ADAUSDT -> ADAUSDT,2023-12
2023-12-03,BTCUSDT,0.0475060259289815,1.0,2.0,BTCUSDT,0.0475060259289815,1.0,2.0,0.0,True,False,True,True,False,False,BTCUSDT -> BTCUSDT,2023-12
2023-12-04,DOGEUSDT,0.0238828907270353,1.0,2.0,DOGEUSDT,0.0238828907270353,1.0,2.0,0.0,True,False,True,True,False,False,DOGEUSDT -> DOGEUSDT,2023-12
2023-12-05,DOGEUSDT,0.0061473237943825,1.0,0.0,DOGEUSDT,0.0061473237943825,1.0,0.0,0.0,True,False,True,True,False,False,DOGEUSDT -> DOGEUSDT,2023-12
2023-12-06,BTCUSDT,-0.0141864695703121,1.0,2.0,BTCUSDT,-0.0141864695703121,1.0,2.0,0.0,True,False,True,True,False,False,BTCUSDT -> BTCUSDT,2023-12
2023-12-07,ADAUSDT,0.1943655323819978,1.0,2.0,ADAUSDT,0.1943655323819978,1.0,2.0,0.0,True,False,True,True,False,False,ADAUSDT -> ADAUSDT,2023-12
2023-12-08,ADAUSDT,0.0617895122845617,1.0,0.0,ADAUSDT,0.0617895122845617,1.0,0.0,0.0,True,False,True,True,False,False,ADAUSDT -> ADAUSDT,2023-12
2023-12-09,DOGEUSDT,0.0315317895592118,1.0,2.0,DOGEUSDT,0.0315317895592118,1.0,2.0,0.0,True,False,True,True,False,False,DOGEUSDT -> DOGEUSDT,2023-12
2023-12-10,DOGEUSDT,-0.0758884743765953,1.0,0.0,DOGEUSDT,-0.0758884743765953,1.0,0.0,0.0,True,False,True,True,False,False,DOGEUSDT -> DOGEUSDT,2023-12
2023-12-11,BTCUSDT,0.002793219467971,1.0,2.0,BTCUSDT,0.002793219467971,1.0,2.0,0.0,True,False,True,True,False,False,BTCUSDT -> BTCUSDT,2023-12
2023-12-12,BTCUSDT,0.033178132182793,1.0,0.0,BTCUSDT,0.033178132182793,1.0,0.0,0.0,True,False,True,True,False,False,BTCUSDT -> BTCUSDT,2023-12
2023-12-13,BTCUSDT,0.003574375254117,1.0,0.0,BTCUSDT,0.003574375254117,1.0,0.0,0.0,True,False,True,True,False,False,BTCUSDT -> BTCUSDT,2023-12
2023-12-14,BTCUSDT,-0.0251488415531866,1.0,0.0,BTCUSDT,-0.0251488415531866,1.0,0.0,0.0,True,False,True,True,False,False,BTCUSDT -> BTCUSDT,2023-12
2023-12-15,BTCUSDT,0.0080526367241053,1.0,0.0,BTCUSDT,0.0080526367241053,1.0,0.0,0.0,True,False,True,True,False,False,BTCUSDT -> BTCUSDT,2023-12
2023-12-16,BTCUSDT,-0.021367599199868,1.0,0.0,BTCUSDT,-0.021367599199868,1.0,0.0,0.0,True,False,True,True,False,False,BTCUSDT -> BTCUSDT,2023-12
2023-12-17,BTCUSDT,0.0310129511669585,1.0,0.0,BTCUSDT,0.0310129511669585,1.0,0.0,0.0,True,False,True,True,False,False,BTCUSDT -> BTCUSDT,2023-12
2023-12-18,BTCUSDT,-0.0089505319074121,1.0,0.0,BTCUSDT,-0.0089505319074121,1.0,0.0,0.0,True,False,True,True,False,False,BTCUSDT -> BTCUSDT,2023-12
2023-12-19,BTCUSDT,0.0329487257424367,1.0,0.0,BTCUSDT,0.0329487257424367,1.0,0.0,0.0,True,False,True,True,False,False,BTCUSDT -> BTCUSDT,2023-12
2023-12-20,BTCUSDT,0.0044166413053858,1.0,0.0,BTCUSDT,0.0044166413053858,1.0,0.0,0.0,True,False,True,True,False,False,BTCUSDT -> BTCUSDT,2023-12
2023-12-21,BTCUSDT,0.002444952099549,1.0,0.0,BTCUSDT,0.002444952099549,1.0,0.0,0.0,True,False,True,True,False,False,BTCUSDT -> BTCUSDT,2023-12
2023-12-22,BTCUSDT,-0.0060697254249807,1.0,0.0,BTCUSDT,-0.0060697254249807,1.0,0.0,0.0,True,False,True,True,False,False,BTCUSDT -> BTCUSDT,2023-12
2023-12-23,BTCUSDT,-0.016261438793872,1.0,0.0,BTCUSDT,-0.016261438793872,1.0,0.0,0.0,True,False,True,True,False,False,BTCUSDT -> BTCUSDT,2023-12
2023-12-24,BTCUSDT,0.0135987346335904,1.0,0.0,BTCUSDT,0.0135987346335904,1.0,0.0,0.0,True,False,True,True,False,False,BTCUSDT -> BTCUSDT,2023-12
2023-12-25,TRXUSDT,-0.0295444927262421,1.0,2.0,TRXUSDT,-0.0295444927262421,1.0,2.0,0.0,True,False,True,True,False,False,TRXUSDT -> TRXUSDT,2023-12
2023-12-26,ETHUSDT,0.0631039589758301,1.0,2.0,BNBUSDT,0.0856798790728922,1.0,2.0,-0.022575920097062108,False,True,True,True,False,False,BNBUSDT -> ETHUSDT,2023-12
2023-12-27,BTCUSDT,-0.0229197077518745,1.0,2.0,BNBUSDT,-0.0046282011724776,1.0,0.0,-0.0182915065793969,False,True,True,True,False,False,BNBUSDT -> BTCUSDT,2023-12
2023-12-28,BTCUSDT,-0.0116721361082762,1.0,0.0,BNBUSDT,-0.0275883446993181,1.0,0.0,0.0159162085910419,False,True,True,True,False,False,BNBUSDT -> BTCUSDT,2023-12
2023-12-29,TRXUSDT,0.000314393939394,1.0,2.0,BNBUSDT,0.0108383806184253,1.0,0.0,-0.0105239866790313,False,True,True,True,False,False,BNBUSDT -> TRXUSDT,2023-12
2023-12-30,TRXUSDT,0.0159509202453986,1.0,0.0,BNBUSDT,-0.0167139703563544,1.0,0.0,0.032664890601753,False,True,True,True,False,False,BNBUSDT -> TRXUSDT,2023-12
2023-12-31,TRXUSDT,0.0007432181345223,1.0,0.0,BNBUSDT,0.0054522129570238,1.0,0.0,-0.0047089948225015,False,True,True,True,False,False,BNBUSDT -> TRXUSDT,2023-12
2024-01-01,TRXUSDT,0.0057556628295583,1.0,0.0,BNBUSDT,-0.00414673046252,1.0,0.0,0.0099023932920783,False,True,True,True,False,False,BNBUSDT -> TRXUSDT,2024-01
2024-01-02,BTCUSDT,-0.049759165424275,1.0,2.0,BNBUSDT,0.0115310698270341,1.0,0.0,-0.0612902352513091,False,True,True,True,False,False,BNBUSDT -> BTCUSDT,2024-01
2024-01-03,TRXUSDT,-0.0010327868852458,1.0,2.0,BNBUSDT,0.0250158328055731,1.0,0.0,-0.0260486196908189,False,True,True,True,False,False,BNBUSDT -> TRXUSDT,2024-01
2024-01-04,BTCUSDT,-0.0031356704589465,1.0,2.0,BNBUSDT,-0.0191535372258263,1.0,0.0,0.0160178667668798,False,True,True,True,False,False,BNBUSDT -> BTCUSDT,2024-01
2024-01-05,BTCUSDT,-0.0040047470716462,1.0,0.0,BNBUSDT,-0.031496062992126,1.0,0.0,0.0274913159204798,False,True,True,True,False,False,BNBUSDT -> BTCUSDT,2024-01
2024-01-06,BTCUSDT,-0.00089382537245,1.0,0.0,BNBUSDT,-0.0165853658536586,1.0,0.0,0.0156915404812086,False,True,True,True,False,False,BNBUSDT -> BTCUSDT,2024-01
2024-01-07,BTCUSDT,0.0687932487453624,1.0,0.0,BNBUSDT,0.0042989417989418,1.0,0.0,0.0644943069464206,False,True,True,True,False,False,BNBUSDT -> BTCUSDT,2024-01
2024-01-08,BTCUSDT,-0.0179131282288954,1.0,0.0,BNBUSDT,-0.0085610800131707,1.0,0.0,-0.0093520482157247,False,True,True,True,False,False,BNBUSDT -> BTCUSDT,2024-01
2024-01-09,BTCUSDT,0.0117976577748861,1.0,0.0,BNBUSDT,0.0156094320823645,1.0,0.0,-0.003811774307478401,False,True,True,True,False,False,BNBUSDT -> BTCUSDT,2024-01
2024-01-10,BTCUSDT,-0.0067481902405345,1.0,0.0,BNBUSDT,0.0078482668410724,1.0,0.0,-0.0145964570816069,False,True,True,True,False,False,BNBUSDT -> BTCUSDT,2024-01
2024-01-11,BTCUSDT,-0.0767478305605885,1.0,0.0,BNBUSDT,-0.0376378974691757,1.0,0.0,-0.039109933091412794,False,True,True,True,False,False,BNBUSDT -> BTCUSDT,2024-01
2024-01-12,TRXUSDT,0.066262448521153,1.0,2.0,BNBUSDT,0.0188806473364799,1.0,0.0,0.0473818011846731,False,True,True,True,False,False,BNBUSDT -> TRXUSDT,2024-01
2024-01-13,TRXUSDT,-0.0265231092436973,1.0,0.0,BNBUSDT,-0.0089344804765055,1.0,0.0,-0.0175886287671918,False,True,True,True,False,False,BNBUSDT -> TRXUSDT,2024-01
2024-01-14,TRXUSDT,-0.023019512633756,1.0,0.0,BNBUSDT,0.0601001669449081,1.0,0.0,-0.0831196795786641,False,True,True,True,False,False,BNBUSDT -> TRXUSDT,2024-01
2024-01-15,TRXUSDT,-0.0053382420616658,1.0,0.0,BNBUSDT,-0.0072440944881889,1.0,0.0,0.0019058524265231002,False,True,True,True,False,False,BNBUSDT -> TRXUSDT,2024-01
2024-01-16,TRXUSDT,0.0028685111501804,1.0,0.0,TRXUSDT,-0.0001314888498195,1.0,2.0,0.0029999999999999,True,False,True,True,False,False,TRXUSDT -> TRXUSDT,2024-01
2024-01-17,TRXUSDT,-0.002306698652888,1.0,0.0,TRXUSDT,-0.002306698652888,1.0,0.0,0.0,True,False,True,True,False,False,TRXUSDT -> TRXUSDT,2024-01
2024-01-18,TRXUSDT,0.0219180615925274,1.0,0.0,BNBUSDT,0.0024313099041534,1.0,2.0,0.019486751688374,False,True,True,True,False,False,BNBUSDT -> TRXUSDT,2024-01
2024-01-19,TRXUSDT,-0.0039819004524886,1.0,0.0,TRXUSDT,-0.0069819004524886,1.0,2.0,0.002999999999999999,True,False,True,True,False,False,TRXUSDT -> TRXUSDT,2024-01
2024-01-20,TRXUSDT,-0.0100854079592949,1.0,0.0,TRXUSDT,-0.0100854079592949,1.0,0.0,0.0,True,False,True,True,False,False,TRXUSDT -> TRXUSDT,2024-01
2024-01-21,TRXUSDT,0.0033042680128498,1.0,0.0,BNBUSDT,-0.0428618957940993,1.0,2.0,0.0461661638069491,False,True,True,True,False,False,BNBUSDT -> TRXUSDT,2024-01
2024-01-22,TRXUSDT,-0.0191199341322844,1.0,0.0,TRXUSDT,-0.0221199341322844,1.0,2.0,0.002999999999999999,True,False,True,True,False,False,TRXUSDT -> TRXUSDT,2024-01
2024-01-23,TRXUSDT,0.0149225890692035,1.0,0.0,TRXUSDT,0.0149225890692035,1.0,0.0,0.0,True,False,True,True,False,False,TRXUSDT -> TRXUSDT,2024-01
2024-01-24,TRXUSDT,0.030325307847822,1.0,0.0,TRXUSDT,0.030325307847822,1.0,0.0,0.0,True,False,True,True,False,False,TRXUSDT -> TRXUSDT,2024-01
2024-01-25,TRXUSDT,0.021048876204067,1.0,0.0,TRXUSDT,0.021048876204067,1.0,0.0,0.0,True,False,True,True,False,False,TRXUSDT -> TRXUSDT,2024-01
2024-01-26,TRXUSDT,-0.0178197064989518,1.0,0.0,TRXUSDT,-0.0178197064989518,1.0,0.0,0.0,True,False,True,True,False,False,TRXUSDT -> TRXUSDT,2024-01
2024-01-27,TRXUSDT,-0.0017787264318747,1.0,0.0,TRXUSDT,-0.0017787264318747,1.0,0.0,0.0,True,False,True,True,False,False,TRXUSDT -> TRXUSDT,2024-01
2024-01-28,TRXUSDT,0.0071275837491089,1.0,0.0,TRXUSDT,0.0071275837491089,1.0,0.0,0.0,True,False,True,True,False,False,TRXUSDT -> TRXUSDT,2024-01
2024-01-29,TRXUSDT,-0.0086694975230006,1.0,0.0,TRXUSDT,-0.0086694975230006,1.0,0.0,0.0,True,False,True,True,False,False,TRXUSDT -> TRXUSDT,2024-01
2024-01-30,TRXUSDT,0.0017847581652685,1.0,0.0,TRXUSDT,0.0017847581652685,1.0,0.0,0.0,True,False,True,True,False,False,TRXUSDT -> TRXUSDT,2024-01
2024-01-31,TRXUSDT,0.0301086762871904,1.0,0.0,TRXUSDT,0.0301086762871904,1.0,0.0,0.0,True,False,True,True,False,False,TRXUSDT -> TRXUSDT,2024-01
2024-02-01,TRXUSDT,0.0056208924247664,1.0,0.0,TRXUSDT,0.0056208924247664,1.0,0.0,0.0,True,False,True,True,False,False,TRXUSDT -> TRXUSDT,2024-02
2024-02-02,TRXUSDT,0.0081692320921833,1.0,0.0,TRXUSDT,0.0081692320921833,1.0,0.0,0.0,True,False,True,True,False,False,TRXUSDT -> TRXUSDT,2024-02
2024-02-03,TRXUSDT,0.0101501194131694,1.0,0.0,TRXUSDT,0.0101501194131694,1.0,0.0,0.0,True,False,True,True,False,False,TRXUSDT -> TRXUSDT,2024-02
2024-02-04,TRXUSDT,0.0046440935573757,1.0,0.0,TRXUSDT,0.0046440935573757,1.0,0.0,0.0,True,False,True,True,False,False,TRXUSDT -> TRXUSDT,2024-02
2024-02-05,TRXUSDT,0.017061691040511,1.0,0.0,TRXUSDT,0.017061691040511,1.0,0.0,0.0,True,False,True,True,False,False,TRXUSDT -> TRXUSDT,2024-02
2024-02-06,TRXUSDT,0.0214031898190232,1.0,0.0,TRXUSDT,0.0214031898190232,1.0,0.0,0.0,True,False,True,True,False,False,TRXUSDT -> TRXUSDT,2024-02
2024-02-07,TRXUSDT,-0.0138349514563107,1.0,0.0,TRXUSDT,-0.0138349514563107,1.0,0.0,0.0,True,False,True,True,False,False,TRXUSDT -> TRXUSDT,2024-02
2024-02-08,LINKUSDT,0.0111664836371622,1.0,2.0,LINKUSDT,0.0111664836371622,1.0,2.0,0.0,True,False,True,True,False,False,LINKUSDT -> LINKUSDT,2024-02
2024-02-09,SOLUSDT,0.0163566485879932,1.0,2.0,LINKUSDT,0.0332430969139145,1.0,0.0,-0.0168864483259213,False,True,True,True,False,False,LINKUSDT -> SOLUSDT,2024-02
2024-02-10,SOLUSDT,-0.0142188790019265,1.0,0.0,LINKUSDT,0.0556487109620624,1.0,0.0,-0.0698675899639889,False,True,True,True,False,False,LINKUSDT -> SOLUSDT,2024-02
2024-02-11,AVAXUSDT,0.0284702920443101,1.0,2.0,LINKUSDT,0.0158344088156456,1.0,0.0,0.012635883228664498,False,True,True,True,False,False,LINKUSDT -> AVAXUSDT,2024-02
2024-02-12,AVAXUSDT,-0.0300219672931412,1.0,0.0,AVAXUSDT,-0.0330219672931412,1.0,2.0,0.002999999999999999,True,False,True,True,False,False,AVAXUSDT -> AVAXUSDT,2024-02
2024-02-13,AVAXUSDT,0.0624056366381478,1.0,0.0,LINKUSDT,0.015621036738802,1.0,2.0,0.0467845998993458,False,True,True,True,False,False,LINKUSDT -> AVAXUSDT,2024-02
2024-02-14,LINKUSDT,-0.0182173913043478,1.0,2.0,LINKUSDT,-0.0152173913043478,1.0,0.0,-0.002999999999999999,True,False,True,True,False,False,LINKUSDT -> LINKUSDT,2024-02
2024-02-15,LINKUSDT,-0.0191149909692955,1.0,0.0,LINKUSDT,-0.0191149909692955,1.0,0.0,0.0,True,False,True,True,False,False,LINKUSDT -> LINKUSDT,2024-02
2024-02-16,LINKUSDT,0.0246023221318603,1.0,0.0,LINKUSDT,0.0246023221318603,1.0,0.0,0.0,True,False,True,True,False,False,LINKUSDT -> LINKUSDT,2024-02
2024-02-17,LINKUSDT,0.0043430511182107,1.0,0.0,LINKUSDT,0.0043430511182107,1.0,0.0,0.0,True,False,True,True,False,False,LINKUSDT -> LINKUSDT,2024-02
2024-02-18,ETHUSDT,0.0190741357767597,1.0,2.0,LINKUSDT,-0.0142651225209999,1.0,0.0,0.0333392582977596,False,True,True,True,False,False,LINKUSDT -> ETHUSDT,2024-02
2024-02-19,ETHUSDT,0.023774110296115,1.0,0.0,LINKUSDT,-0.0277833803953208,1.0,0.0,0.0515574906914358,False,True,True,True,False,False,LINKUSDT -> ETHUSDT,2024-02
2024-02-20,ETHUSDT,-0.0155598528597158,1.0,0.0,ETHUSDT,-0.0185598528597158,1.0,2.0,0.003000000000000001,True,False,True,True,False,False,ETHUSDT -> ETHUSDT,2024-02
2024-02-21,ETHUSDT,0.0011792850163414,1.0,0.0,ETHUSDT,0.0011792850163414,1.0,0.0,0.0,True,False,True,True,False,False,ETHUSDT -> ETHUSDT,2024-02
2024-02-22,ETHUSDT,-0.0165443898499024,1.0,0.0,ETHUSDT,-0.0165443898499024,1.0,0.0,0.0,True,False,True,True,False,False,ETHUSDT -> ETHUSDT,2024-02
2024-02-23,ETHUSDT,0.0240842641261498,1.0,0.0,ETHUSDT,0.0240842641261498,1.0,0.0,0.0,True,False,True,True,False,False,ETHUSDT -> ETHUSDT,2024-02
2024-02-24,ETHUSDT,0.0400886180002808,1.0,0.0,ETHUSDT,0.0400886180002808,1.0,0.0,0.0,True,False,True,True,False,False,ETHUSDT -> ETHUSDT,2024-02
2024-02-25,ETHUSDT,0.0203528251391926,1.0,0.0,ETHUSDT,0.0203528251391926,1.0,0.0,0.0,True,False,True,True,False,False,ETHUSDT -> ETHUSDT,2024-02
2024-02-26,ETHUSDT,0.0209134933279595,1.0,0.0,ETHUSDT,0.0209134933279595,1.0,0.0,0.0,True,False,True,True,False,False,ETHUSDT -> ETHUSDT,2024-02
2024-02-27,ETHUSDT,0.0434066544122182,1.0,0.0,ETHUSDT,0.0434066544122182,1.0,0.0,0.0,True,False,True,True,False,False,ETHUSDT -> ETHUSDT,2024-02
2024-02-28,ETHUSDT,-0.0127131920428008,1.0,0.0,ETHUSDT,-0.0127131920428008,1.0,0.0,0.0,True,False,True,True,False,False,ETHUSDT -> ETHUSDT,2024-02
2024-02-29,ETHUSDT,0.0279453547658894,1.0,0.0,ETHUSDT,0.0279453547658894,1.0,0.0,0.0,True,False,True,True,False,False,ETHUSDT -> ETHUSDT,2024-02
2024-03-01,ETHUSDT,-0.0035037848448926,1.0,0.0,ETHUSDT,-0.0035037848448926,1.0,0.0,0.0,True,False,True,True,False,False,ETHUSDT -> ETHUSDT,2024-03
2024-03-02,ETHUSDT,0.0194101829660373,1.0,0.0,ETHUSDT,0.0194101829660373,1.0,0.0,0.0,True,False,True,True,False,False,ETHUSDT -> ETHUSDT,2024-03
2024-03-03,ETHUSDT,0.0401254655500156,1.0,0.0,ETHUSDT,0.0401254655500156,1.0,0.0,0.0,True,False,True,True,False,False,ETHUSDT -> ETHUSDT,2024-03
2024-03-04,ETHUSDT,-0.0204285840298146,1.0,0.0,ETHUSDT,-0.0204285840298146,1.0,0.0,0.0,True,False,True,True,False,False,ETHUSDT -> ETHUSDT,2024-03
2024-03-05,ETHUSDT,0.0745543314620178,1.0,0.0,ETHUSDT,0.0745543314620178,1.0,0.0,0.0,True,False,True,True,False,False,ETHUSDT -> ETHUSDT,2024-03
2024-03-06,ETHUSDT,0.0131383573517973,1.0,0.0,ETHUSDT,0.0131383573517973,1.0,0.0,0.0,True,False,True,True,False,False,ETHUSDT -> ETHUSDT,2024-03
2024-03-07,ETHUSDT,0.0037738190014371,1.0,0.0,ETHUSDT,0.0037738190014371,1.0,0.0,0.0,True,False,True,True,False,False,ETHUSDT -> ETHUSDT,2024-03
2024-03-08,ETHUSDT,0.0056265708046638,1.0,0.0,ETHUSDT,0.0056265708046638,1.0,0.0,0.0,True,False,True,True,False,False,ETHUSDT -> ETHUSDT,2024-03
2024-03-09,BNBUSDT,0.0801456072086831,1.0,2.0,BNBUSDT,0.0801456072086831,1.0,2.0,0.0,True,False,True,True,False,False,BNBUSDT -> BNBUSDT,2024-03
2024-03-10,BNBUSDT,-0.011155227831348,1.0,0.0,BNBUSDT,-0.011155227831348,1.0,0.0,0.0,True,False,True,True,False,False,BNBUSDT -> BNBUSDT,2024-03
2024-03-11,BTCUSDT,-0.0116862722519046,1.0,2.0,BTCUSDT,-0.0116862722519046,1.0,2.0,0.0,True,False,True,True,False,False,BTCUSDT -> BTCUSDT,2024-03
2024-03-12,BTCUSDT,0.0226781583891062,1.0,0.0,BTCUSDT,0.0226781583891062,1.0,0.0,0.0,True,False,True,True,False,False,BTCUSDT -> BTCUSDT,2024-03
2024-03-13,BTCUSDT,-0.0230383806966267,1.0,0.0,BTCUSDT,-0.0230383806966267,1.0,0.0,0.0,True,False,True,True,False,False,BTCUSDT -> BTCUSDT,2024-03
2024-03-14,BTCUSDT,-0.0264619421439791,1.0,0.0,BTCUSDT,-0.0264619421439791,1.0,0.0,0.0,True,False,True,True,False,False,BTCUSDT -> BTCUSDT,2024-03
2024-03-15,BTCUSDT,-0.0604205620587671,1.0,0.0,BTCUSDT,-0.0604205620587671,1.0,0.0,0.0,True,False,True,True,False,False,BTCUSDT -> BTCUSDT,2024-03
2024-03-16,TRXUSDT,0.0047432745270216,1.0,2.0,TRXUSDT,0.0047432745270216,1.0,2.0,0.0,True,False,True,True,False,False,TRXUSDT -> TRXUSDT,2024-03
2024-03-17,TRXUSDT,-0.0171102661596957,1.0,0.0,TRXUSDT,-0.0171102661596957,1.0,0.0,0.0,True,False,True,True,False,False,TRXUSDT -> TRXUSDT,2024-03
2024-03-18,CASH,-0.0015,0.0,1.0,CASH,-0.0015,0.0,1.0,0.0,True,False,False,False,False,False,CASH -> CASH,2024-03
2024-03-19,CASH,0.0,0.0,0.0,CASH,0.0,0.0,0.0,0.0,True,False,False,False,False,False,CASH -> CASH,2024-03
2024-03-20,CASH,0.0,0.0,0.0,CASH,0.0,0.0,0.0,0.0,True,False,False,False,False,False,CASH -> CASH,2024-03
2024-03-21,CASH,0.0,0.0,0.0,CASH,0.0,0.0,0.0,0.0,True,False,False,False,False,False,CASH -> CASH,2024-03
2024-03-22,CASH,0.0,0.0,0.0,CASH,0.0,0.0,0.0,0.0,True,False,False,False,False,False,CASH -> CASH,2024-03
2024-03-23,CASH,0.0,0.0,0.0,CASH,0.0,0.0,0.0,0.0,True,False,False,False,False,False,CASH -> CASH,2024-03
2024-03-24,CASH,0.0,0.0,0.0,CASH,0.0,0.0,0.0,0.0,True,False,False,False,False,False,CASH -> CASH,2024-03
2024-03-25,CASH,0.0,0.0,0.0,CASH,0.0,0.0,0.0,0.0,True,False,False,False,False,False,CASH -> CASH,2024-03
2024-03-26,CASH,0.0,0.0,0.0,CASH,0.0,0.0,0.0,0.0,True,False,False,False,False,False,CASH -> CASH,2024-03
2024-03-27,CASH,0.0,0.0,0.0,CASH,0.0,0.0,0.0,0.0,True,False,False,False,False,False,CASH -> CASH,2024-03
2024-03-28,CASH,0.0,0.0,0.0,CASH,0.0,0.0,0.0,0.0,True,False,False,False,False,False,CASH -> CASH,2024-03
2024-03-29,CASH,0.0,0.0,0.0,CASH,0.0,0.0,0.0,0.0,True,False,False,False,False,False,CASH -> CASH,2024-03
2024-03-30,CASH,0.0,0.0,0.0,CASH,0.0,0.0,0.0,0.0,True,False,False,False,False,False,CASH -> CASH,2024-03
2024-03-31,CASH,0.0,0.0,0.0,CASH,0.0,0.0,0.0,0.0,True,False,False,False,False,False,CASH -> CASH,2024-03
2024-04-01,CASH,0.0,0.0,0.0,CASH,0.0,0.0,0.0,0.0,True,False,False,False,False,False,CASH -> CASH,2024-04
2024-04-02,CASH,0.0,0.0,0.0,CASH,0.0,0.0,0.0,0.0,True,False,False,False,False,False,CASH -> CASH,2024-04
2024-04-03,CASH,0.0,0.0,0.0,CASH,0.0,0.0,0.0,0.0,True,False,False,False,False,False,CASH -> CASH,2024-04
2024-04-04,CASH,0.0,0.0,0.0,CASH,0.0,0.0,0.0,0.0,True,False,False,False,False,False,CASH -> CASH,2024-04
2024-04-05,CASH,0.0,0.0,0.0,CASH,0.0,0.0,0.0,0.0,True,False,False,False,False,False,CASH -> CASH,2024-04
2024-04-06,CASH,0.0,0.0,0.0,CASH,0.0,0.0,0.0,0.0,True,False,False,False,False,False,CASH -> CASH,2024-04
2024-04-07,CASH,0.0,0.0,0.0,CASH,0.0,0.0,0.0,0.0,True,False,False,False,False,False,CASH -> CASH,2024-04
2024-04-08,CASH,0.0,0.0,0.0,CASH,0.0,0.0,0.0,0.0,True,False,False,False,False,False,CASH -> CASH,2024-04
2024-04-09,CASH,0.0,0.0,0.0,CASH,0.0,0.0,0.0,0.0,True,False,False,False,False,False,CASH -> CASH,2024-04
2024-04-10,CASH,0.0,0.0,0.0,CASH,0.0,0.0,0.0,0.0,True,False,False,False,False,False,CASH -> CASH,2024-04
2024-04-11,CASH,0.0,0.0,0.0,CASH,0.0,0.0,0.0,0.0,True,False,False,False,False,False,CASH -> CASH,2024-04
2024-04-12,CASH,0.0,0.0,0.0,CASH,0.0,0.0,0.0,0.0,True,False,False,False,False,False,CASH -> CASH,2024-04
2024-04-13,CASH,0.0,0.0,0.0,CASH,0.0,0.0,0.0,0.0,True,False,False,False,False,False,CASH -> CASH,2024-04
2024-04-14,CASH,0.0,0.0,0.0,CASH,0.0,0.0,0.0,0.0,True,False,False,False,False,False,CASH -> CASH,2024-04
2024-04-15,CASH,0.0,0.0,0.0,CASH,0.0,0.0,0.0,0.0,True,False,False,False,False,False,CASH -> CASH,2024-04
2024-04-16,CASH,0.0,0.0,0.0,CASH,0.0,0.0,0.0,0.0,True,False,False,False,False,False,CASH -> CASH,2024-04
2024-04-17,CASH,0.0,0.0,0.0,CASH,0.0,0.0,0.0,0.0,True,False,False,False,False,False,CASH -> CASH,2024-04
2024-04-18,CASH,0.0,0.0,0.0,CASH,0.0,0.0,0.0,0.0,True,False,False,False,False,False,CASH -> CASH,2024-04
2024-04-19,CASH,0.0,0.0,0.0,CASH,0.0,0.0,0.0,0.0,True,False,False,False,False,False,CASH -> CASH,2024-04
2024-04-20,CASH,0.0,0.0,0.0,CASH,0.0,0.0,0.0,0.0,True,False,False,False,False,False,CASH -> CASH,2024-04
2024-04-21,CASH,0.0,0.0,0.0,CASH,0.0,0.0,0.0,0.0,True,False,False,False,False,False,CASH -> CASH,2024-04
2024-04-22,CASH,0.0,0.0,0.0,CASH,0.0,0.0,0.0,0.0,True,False,False,False,False,False,CASH -> CASH,2024-04
2024-04-23,CASH,0.0,0.0,0.0,CASH,0.0,0.0,0.0,0.0,True,False,False,False,False,False,CASH -> CASH,2024-04
2024-04-24,CASH,0.0,0.0,0.0,CASH,0.0,0.0,0.0,0.0,True,False,False,False,False,False,CASH -> CASH,2024-04
2024-04-25,CASH,0.0,0.0,0.0,CASH,0.0,0.0,0.0,0.0,True,False,False,False,False,False,CASH -> CASH,2024-04
2024-04-26,CASH,0.0,0.0,0.0,CASH,0.0,0.0,0.0,0.0,True,False,False,False,False,False,CASH -> CASH,2024-04
2024-04-27,CASH,0.0,0.0,0.0,CASH,0.0,0.0,0.0,0.0,True,False,False,False,False,False,CASH -> CASH,2024-04
2024-04-28,CASH,0.0,0.0,0.0,CASH,0.0,0.0,0.0,0.0,True,False,False,False,False,False,CASH -> CASH,2024-04
2024-04-29,CASH,0.0,0.0,0.0,CASH,0.0,0.0,0.0,0.0,True,False,False,False,False,False,CASH -> CASH,2024-04
2024-04-30,CASH,0.0,0.0,0.0,CASH,0.0,0.0,0.0,0.0,True,False,False,False,False,False,CASH -> CASH,2024-04
2024-05-01,CASH,0.0,0.0,0.0,CASH,0.0,0.0,0.0,0.0,True,False,False,False,False,False,CASH -> CASH,2024-05
2024-05-02,CASH,0.0,0.0,0.0,CASH,0.0,0.0,0.0,0.0,True,False,False,False,False,False,CASH -> CASH,2024-05
2024-05-03,CASH,0.0,0.0,0.0,CASH,0.0,0.0,0.0,0.0,True,False,False,False,False,False,CASH -> CASH,2024-05
2024-05-04,CASH,0.0,0.0,0.0,CASH,0.0,0.0,0.0,0.0,True,False,False,False,False,False,CASH -> CASH,2024-05
2024-05-05,CASH,0.0,0.0,0.0,CASH,0.0,0.0,0.0,0.0,True,False,False,False,False,False,CASH -> CASH,2024-05
2024-05-06,CASH,0.0,0.0,0.0,CASH,0.0,0.0,0.0,0.0,True,False,False,False,False,False,CASH -> CASH,2024-05
2024-05-07,CASH,0.0,0.0,0.0,CASH,0.0,0.0,0.0,0.0,True,False,False,False,False,False,CASH -> CASH,2024-05
2024-05-08,CASH,0.0,0.0,0.0,CASH,0.0,0.0,0.0,0.0,True,False,False,False,False,False,CASH -> CASH,2024-05
2024-05-09,CASH,0.0,0.0,0.0,CASH,0.0,0.0,0.0,0.0,True,False,False,False,False,False,CASH -> CASH,2024-05
2024-05-10,CASH,0.0,0.0,0.0,CASH,0.0,0.0,0.0,0.0,True,False,False,False,False,False,CASH -> CASH,2024-05
2024-05-11,CASH,0.0,0.0,0.0,CASH,0.0,0.0,0.0,0.0,True,False,False,False,False,False,CASH -> CASH,2024-05
2024-05-12,CASH,0.0,0.0,0.0,CASH,0.0,0.0,0.0,0.0,True,False,False,False,False,False,CASH -> CASH,2024-05
2024-05-13,CASH,0.0,0.0,0.0,CASH,0.0,0.0,0.0,0.0,True,False,False,False,False,False,CASH -> CASH,2024-05
2024-05-14,CASH,0.0,0.0,0.0,CASH,0.0,0.0,0.0,0.0,True,False,False,False,False,False,CASH -> CASH,2024-05
2024-05-15,CASH,0.0,0.0,0.0,CASH,0.0,0.0,0.0,0.0,True,False,False,False,False,False,CASH -> CASH,2024-05
2024-05-16,CASH,0.0,0.0,0.0,CASH,0.0,0.0,0.0,0.0,True,False,False,False,False,False,CASH -> CASH,2024-05
2024-05-17,CASH,0.0,0.0,0.0,CASH,0.0,0.0,0.0,0.0,True,False,False,False,False,False,CASH -> CASH,2024-05
2024-05-18,CASH,0.0,0.0,0.0,CASH,0.0,0.0,0.0,0.0,True,False,False,False,False,False,CASH -> CASH,2024-05
2024-05-19,CASH,0.0,0.0,0.0,CASH,0.0,0.0,0.0,0.0,True,False,False,False,False,False,CASH -> CASH,2024-05
2024-05-20,BTCUSDT,-0.0196713284687224,1.0,1.0,BTCUSDT,-0.0196713284687224,1.0,1.0,0.0,True,False,True,True,False,False,BTCUSDT -> BTCUSDT,2024-05
2024-05-21,SOLUSDT,-0.0097358967162504,1.0,2.0,SOLUSDT,-0.0097358967162504,1.0,2.0,0.0,True,False,True,True,False,False,SOLUSDT -> SOLUSDT,2024-05
2024-05-22,SOLUSDT,-0.0044645380050861,1.0,0.0,SOLUSDT,-0.0044645380050861,1.0,0.0,0.0,True,False,True,True,False,False,SOLUSDT -> SOLUSDT,2024-05
2024-05-23,SOLUSDT,-0.048024523160763,1.0,0.0,SOLUSDT,-0.048024523160763,1.0,0.0,0.0,True,False,True,True,False,False,SOLUSDT -> SOLUSDT,2024-05
2024-05-24,BTCUSDT,0.0078035026700952,1.0,2.0,BTCUSDT,0.0078035026700952,1.0,2.0,0.0,True,False,True,True,False,False,BTCUSDT -> BTCUSDT,2024-05
2024-05-25,BTCUSDT,-0.0112987957813019,1.0,0.0,BTCUSDT,-0.0112987957813019,1.0,0.0,0.0,True,False,True,True,False,False,BTCUSDT -> BTCUSDT,2024-05
2024-05-26,BTCUSDT,0.0135570221553293,1.0,0.0,BTCUSDT,0.0135570221553293,1.0,0.0,0.0,True,False,True,True,False,False,BTCUSDT -> BTCUSDT,2024-05
2024-05-27,SOLUSDT,-0.0116394357919482,1.0,2.0,SOLUSDT,-0.0116394357919482,1.0,2.0,0.0,True,False,True,True,False,False,SOLUSDT -> SOLUSDT,2024-05
2024-05-28,SOLUSDT,-0.0021342186388428,1.0,0.0,SOLUSDT,-0.0021342186388428,1.0,0.0,0.0,True,False,True,True,False,False,SOLUSDT -> SOLUSDT,2024-05
2024-05-29,SOLUSDT,-0.0085551330798478,1.0,0.0,SOLUSDT,-0.0085551330798478,1.0,0.0,0.0,True,False,True,True,False,False,SOLUSDT -> SOLUSDT,2024-05
2024-05-30,SOLUSDT,-0.0073705656759347,1.0,0.0,SOLUSDT,-0.0073705656759347,1.0,0.0,0.0,True,False,True,True,False,False,SOLUSDT -> SOLUSDT,2024-05
2024-05-31,SOLUSDT,0.0029580440688197,1.0,0.0,SOLUSDT,0.0029580440688197,1.0,0.0,0.0,True,False,True,True,False,False,SOLUSDT -> SOLUSDT,2024-05
2024-06-01,SOLUSDT,-0.017996870109546,1.0,0.0,SOLUSDT,-0.017996870109546,1.0,0.0,0.0,True,False,True,True,False,False,SOLUSDT -> SOLUSDT,2024-06
2024-06-02,SOLUSDT,0.0106650321789762,1.0,0.0,SOLUSDT,0.0106650321789762,1.0,0.0,0.0,True,False,True,True,False,False,SOLUSDT -> SOLUSDT,2024-06
2024-06-03,SOLUSDT,0.0417854327127176,1.0,0.0,BNBUSDT,0.0916679438058748,1.0,2.0,-0.0498825110931572,False,True,True,True,False,False,BNBUSDT -> SOLUSDT,2024-06
2024-06-04,BNBUSDT,0.0161045646784306,1.0,2.0,BNBUSDT,0.0191045646784306,1.0,0.0,-0.002999999999999999,True,False,True,True,False,False,BNBUSDT -> BNBUSDT,2024-06
2024-06-05,BNBUSDT,0.0177447052089296,1.0,0.0,BNBUSDT,0.0177447052089296,1.0,0.0,0.0,True,False,True,True,False,False,BNBUSDT -> BNBUSDT,2024-06
2024-06-06,BNBUSDT,-0.0382452193475816,1.0,0.0,BNBUSDT,-0.0382452193475816,1.0,0.0,0.0,True,False,True,True,False,False,BNBUSDT -> BNBUSDT,2024-06
2024-06-07,CASH,-0.0015,0.0,1.0,CASH,-0.0015,0.0,1.0,0.0,True,False,False,False,False,False,CASH -> CASH,2024-06
2024-06-08,CASH,0.0,0.0,0.0,CASH,0.0,0.0,0.0,0.0,True,False,False,False,False,False,CASH -> CASH,2024-06
2024-06-09,CASH,0.0,0.0,0.0,CASH,0.0,0.0,0.0,0.0,True,False,False,False,False,False,CASH -> CASH,2024-06
2024-06-10,CASH,0.0,0.0,0.0,CASH,0.0,0.0,0.0,0.0,True,False,False,False,False,False,CASH -> CASH,2024-06
2024-06-11,CASH,0.0,0.0,0.0,CASH,0.0,0.0,0.0,0.0,True,False,False,False,False,False,CASH -> CASH,2024-06
2024-06-12,CASH,0.0,0.0,0.0,CASH,0.0,0.0,0.0,0.0,True,False,False,False,False,False,CASH -> CASH,2024-06
2024-06-13,CASH,0.0,0.0,0.0,CASH,0.0,0.0,0.0,0.0,True,False,False,False,False,False,CASH -> CASH,2024-06
2024-06-14,CASH,0.0,0.0,0.0,CASH,0.0,0.0,0.0,0.0,True,False,False,False,False,False,CASH -> CASH,2024-06
2024-06-15,CASH,0.0,0.0,0.0,CASH,0.0,0.0,0.0,0.0,True,False,False,False,False,False,CASH -> CASH,2024-06
2024-06-16,CASH,0.0,0.0,0.0,CASH,0.0,0.0,0.0,0.0,True,False,False,False,False,False,CASH -> CASH,2024-06
2024-06-17,CASH,0.0,0.0,0.0,CASH,0.0,0.0,0.0,0.0,True,False,False,False,False,False,CASH -> CASH,2024-06
2024-06-18,CASH,0.0,0.0,0.0,CASH,0.0,0.0,0.0,0.0,True,False,False,False,False,False,CASH -> CASH,2024-06
2024-06-19,CASH,0.0,0.0,0.0,CASH,0.0,0.0,0.0,0.0,True,False,False,False,False,False,CASH -> CASH,2024-06
2024-06-20,CASH,0.0,0.0,0.0,CASH,0.0,0.0,0.0,0.0,True,False,False,False,False,False,CASH -> CASH,2024-06
2024-06-21,CASH,0.0,0.0,0.0,CASH,0.0,0.0,0.0,0.0,True,False,False,False,False,False,CASH -> CASH,2024-06
2024-06-22,CASH,0.0,0.0,0.0,CASH,0.0,0.0,0.0,0.0,True,False,False,False,False,False,CASH -> CASH,2024-06
2024-06-23,CASH,0.0,0.0,0.0,CASH,0.0,0.0,0.0,0.0,True,False,False,False,False,False,CASH -> CASH,2024-06
2024-06-24,CASH,0.0,0.0,0.0,CASH,0.0,0.0,0.0,0.0,True,False,False,False,False,False,CASH -> CASH,2024-06
2024-06-25,CASH,0.0,0.0,0.0,CASH,0.0,0.0,0.0,0.0,True,False,False,False,False,False,CASH -> CASH,2024-06
2024-06-26,CASH,0.0,0.0,0.0,CASH,0.0,0.0,0.0,0.0,True,False,False,False,False,False,CASH -> CASH,2024-06
2024-06-27,CASH,0.0,0.0,0.0,CASH,0.0,0.0,0.0,0.0,True,False,False,False,False,False,CASH -> CASH,2024-06
2024-06-28,CASH,0.0,0.0,0.0,CASH,0.0,0.0,0.0,0.0,True,False,False,False,False,False,CASH -> CASH,2024-06
2024-06-29,CASH,0.0,0.0,0.0,CASH,0.0,0.0,0.0,0.0,True,False,False,False,False,False,CASH -> CASH,2024-06
2024-06-30,CASH,0.0,0.0,0.0,CASH,0.0,0.0,0.0,0.0,True,False,False,False,False,False,CASH -> CASH,2024-06
2024-07-01,CASH,0.0,0.0,0.0,CASH,0.0,0.0,0.0,0.0,True,False,False,False,False,False,CASH -> CASH,2024-07
2024-07-02,CASH,0.0,0.0,0.0,CASH,0.0,0.0,0.0,0.0,True,False,False,False,False,False,CASH -> CASH,2024-07
2024-07-03,CASH,0.0,0.0,0.0,CASH,0.0,0.0,0.0,0.0,True,False,False,False,False,False,CASH -> CASH,2024-07
2024-07-04,CASH,0.0,0.0,0.0,CASH,0.0,0.0,0.0,0.0,True,False,False,False,False,False,CASH -> CASH,2024-07
2024-07-05,CASH,0.0,0.0,0.0,CASH,0.0,0.0,0.0,0.0,True,False,False,False,False,False,CASH -> CASH,2024-07
2024-07-06,CASH,0.0,0.0,0.0,CASH,0.0,0.0,0.0,0.0,True,False,False,False,False,False,CASH -> CASH,2024-07
2024-07-07,CASH,0.0,0.0,0.0,CASH,0.0,0.0,0.0,0.0,True,False,False,False,False,False,CASH -> CASH,2024-07
2024-07-08,CASH,0.0,0.0,0.0,CASH,0.0,0.0,0.0,0.0,True,False,False,False,False,False,CASH -> CASH,2024-07
2024-07-09,CASH,0.0,0.0,0.0,CASH,0.0,0.0,0.0,0.0,True,False,False,False,False,False,CASH -> CASH,2024-07
2024-07-10,CASH,0.0,0.0,0.0,CASH,0.0,0.0,0.0,0.0,True,False,False,False,False,False,CASH -> CASH,2024-07
2024-07-11,CASH,0.0,0.0,0.0,CASH,0.0,0.0,0.0,0.0,True,False,False,False,False,False,CASH -> CASH,2024-07
2024-07-12,CASH,0.0,0.0,0.0,CASH,0.0,0.0,0.0,0.0,True,False,False,False,False,False,CASH -> CASH,2024-07
2024-07-13,CASH,0.0,0.0,0.0,CASH,0.0,0.0,0.0,0.0,True,False,False,False,False,False,CASH -> CASH,2024-07
2024-07-14,CASH,0.0,0.0,0.0,CASH,0.0,0.0,0.0,0.0,True,False,False,False,False,False,CASH -> CASH,2024-07
2024-07-15,CASH,0.0,0.0,0.0,CASH,0.0,0.0,0.0,0.0,True,False,False,False,False,False,CASH -> CASH,2024-07
2024-07-16,CASH,0.0,0.0,0.0,CASH,0.0,0.0,0.0,0.0,True,False,False,False,False,False,CASH -> CASH,2024-07
2024-07-17,CASH,0.0,0.0,0.0,CASH,0.0,0.0,0.0,0.0,True,False,False,False,False,False,CASH -> CASH,2024-07
2024-07-18,CASH,0.0,0.0,0.0,CASH,0.0,0.0,0.0,0.0,True,False,False,False,False,False,CASH -> CASH,2024-07
2024-07-19,CASH,0.0,0.0,0.0,CASH,0.0,0.0,0.0,0.0,True,False,False,False,False,False,CASH -> CASH,2024-07
2024-07-20,CASH,0.0,0.0,0.0,CASH,0.0,0.0,0.0,0.0,True,False,False,False,False,False,CASH -> CASH,2024-07
2024-07-21,CASH,0.0,0.0,0.0,CASH,0.0,0.0,0.0,0.0,True,False,False,False,False,False,CASH -> CASH,2024-07
2024-07-22,CASH,0.0,0.0,0.0,CASH,0.0,0.0,0.0,0.0,True,False,False,False,False,False,CASH -> CASH,2024-07
2024-07-23,CASH,0.0,0.0,0.0,CASH,0.0,0.0,0.0,0.0,True,False,False,False,False,False,CASH -> CASH,2024-07
2024-07-24,CASH,0.0,0.0,0.0,CASH,0.0,0.0,0.0,0.0,True,False,False,False,False,False,CASH -> CASH,2024-07
2024-07-25,CASH,0.0,0.0,0.0,CASH,0.0,0.0,0.0,0.0,True,False,False,False,False,False,CASH -> CASH,2024-07
2024-07-26,CASH,0.0,0.0,0.0,CASH,0.0,0.0,0.0,0.0,True,False,False,False,False,False,CASH -> CASH,2024-07
2024-07-27,CASH,0.0,0.0,0.0,CASH,0.0,0.0,0.0,0.0,True,False,False,False,False,False,CASH -> CASH,2024-07
2024-07-28,CASH,0.0,0.0,0.0,CASH,0.0,0.0,0.0,0.0,True,False,False,False,False,False,CASH -> CASH,2024-07
2024-07-29,CASH,0.0,0.0,0.0,CASH,0.0,0.0,0.0,0.0,True,False,False,False,False,False,CASH -> CASH,2024-07
2024-07-30,CASH,0.0,0.0,0.0,CASH,0.0,0.0,0.0,0.0,True,False,False,False,False,False,CASH -> CASH,2024-07
2024-07-31,CASH,0.0,0.0,0.0,CASH,0.0,0.0,0.0,0.0,True,False,False,False,False,False,CASH -> CASH,2024-07
2024-08-01,CASH,0.0,0.0,0.0,CASH,0.0,0.0,0.0,0.0,True,False,False,False,False,False,CASH -> CASH,2024-08
2024-08-02,CASH,0.0,0.0,0.0,CASH,0.0,0.0,0.0,0.0,True,False,False,False,False,False,CASH -> CASH,2024-08
2024-08-03,CASH,0.0,0.0,0.0,CASH,0.0,0.0,0.0,0.0,True,False,False,False,False,False,CASH -> CASH,2024-08
2024-08-04,CASH,0.0,0.0,0.0,CASH,0.0,0.0,0.0,0.0,True,False,False,False,False,False,CASH -> CASH,2024-08
2024-08-05,CASH,0.0,0.0,0.0,CASH,0.0,0.0,0.0,0.0,True,False,False,False,False,False,CASH -> CASH,2024-08
2024-08-06,CASH,0.0,0.0,0.0,CASH,0.0,0.0,0.0,0.0,True,False,False,False,False,False,CASH -> CASH,2024-08
2024-08-07,CASH,0.0,0.0,0.0,CASH,0.0,0.0,0.0,0.0,True,False,False,False,False,False,CASH -> CASH,2024-08
2024-08-08,CASH,0.0,0.0,0.0,CASH,0.0,0.0,0.0,0.0,True,False,False,False,False,False,CASH -> CASH,2024-08
2024-08-09,CASH,0.0,0.0,0.0,CASH,0.0,0.0,0.0,0.0,True,False,False,False,False,False,CASH -> CASH,2024-08
2024-08-10,CASH,0.0,0.0,0.0,CASH,0.0,0.0,0.0,0.0,True,False,False,False,False,False,CASH -> CASH,2024-08
2024-08-11,CASH,0.0,0.0,0.0,CASH,0.0,0.0,0.0,0.0,True,False,False,False,False,False,CASH -> CASH,2024-08
2024-08-12,CASH,0.0,0.0,0.0,CASH,0.0,0.0,0.0,0.0,True,False,False,False,False,False,CASH -> CASH,2024-08
2024-08-13,CASH,0.0,0.0,0.0,CASH,0.0,0.0,0.0,0.0,True,False,False,False,False,False,CASH -> CASH,2024-08
2024-08-14,CASH,0.0,0.0,0.0,CASH,0.0,0.0,0.0,0.0,True,False,False,False,False,False,CASH -> CASH,2024-08
2024-08-15,CASH,0.0,0.0,0.0,CASH,0.0,0.0,0.0,0.0,True,False,False,False,False,False,CASH -> CASH,2024-08
2024-08-16,CASH,0.0,0.0,0.0,CASH,0.0,0.0,0.0,0.0,True,False,False,False,False,False,CASH -> CASH,2024-08
2024-08-17,CASH,0.0,0.0,0.0,CASH,0.0,0.0,0.0,0.0,True,False,False,False,False,False,CASH -> CASH,2024-08
2024-08-18,CASH,0.0,0.0,0.0,CASH,0.0,0.0,0.0,0.0,True,False,False,False,False,False,CASH -> CASH,2024-08
2024-08-19,CASH,0.0,0.0,0.0,CASH,0.0,0.0,0.0,0.0,True,False,False,False,False,False,CASH -> CASH,2024-08
2024-08-20,CASH,0.0,0.0,0.0,CASH,0.0,0.0,0.0,0.0,True,False,False,False,False,False,CASH -> CASH,2024-08
2024-08-21,CASH,0.0,0.0,0.0,CASH,0.0,0.0,0.0,0.0,True,False,False,False,False,False,CASH -> CASH,2024-08
2024-08-22,CASH,0.0,0.0,0.0,CASH,0.0,0.0,0.0,0.0,True,False,False,False,False,False,CASH -> CASH,2024-08
2024-08-23,CASH,0.0,0.0,0.0,CASH,0.0,0.0,0.0,0.0,True,False,False,False,False,False,CASH -> CASH,2024-08
2024-08-24,CASH,0.0,0.0,0.0,CASH,0.0,0.0,0.0,0.0,True,False,False,False,False,False,CASH -> CASH,2024-08
2024-08-25,CASH,0.0,0.0,0.0,CASH,0.0,0.0,0.0,0.0,True,False,False,False,False,False,CASH -> CASH,2024-08
2024-08-26,CASH,0.0,0.0,0.0,CASH,0.0,0.0,0.0,0.0,True,False,False,False,False,False,CASH -> CASH,2024-08
2024-08-27,CASH,0.0,0.0,0.0,CASH,0.0,0.0,0.0,0.0,True,False,False,False,False,False,CASH -> CASH,2024-08
2024-08-28,CASH,0.0,0.0,0.0,CASH,0.0,0.0,0.0,0.0,True,False,False,False,False,False,CASH -> CASH,2024-08
2024-08-29,CASH,0.0,0.0,0.0,CASH,0.0,0.0,0.0,0.0,True,False,False,False,False,False,CASH -> CASH,2024-08
2024-08-30,CASH,0.0,0.0,0.0,CASH,0.0,0.0,0.0,0.0,True,False,False,False,False,False,CASH -> CASH,2024-08
2024-08-31,CASH,0.0,0.0,0.0,CASH,0.0,0.0,0.0,0.0,True,False,False,False,False,False,CASH -> CASH,2024-08
2024-09-01,CASH,0.0,0.0,0.0,CASH,0.0,0.0,0.0,0.0,True,False,False,False,False,False,CASH -> CASH,2024-09
2024-09-02,CASH,0.0,0.0,0.0,CASH,0.0,0.0,0.0,0.0,True,False,False,False,False,False,CASH -> CASH,2024-09
2024-09-03,CASH,0.0,0.0,0.0,CASH,0.0,0.0,0.0,0.0,True,False,False,False,False,False,CASH -> CASH,2024-09
2024-09-04,CASH,0.0,0.0,0.0,CASH,0.0,0.0,0.0,0.0,True,False,False,False,False,False,CASH -> CASH,2024-09
2024-09-05,CASH,0.0,0.0,0.0,CASH,0.0,0.0,0.0,0.0,True,False,False,False,False,False,CASH -> CASH,2024-09
2024-09-06,CASH,0.0,0.0,0.0,CASH,0.0,0.0,0.0,0.0,True,False,False,False,False,False,CASH -> CASH,2024-09
2024-09-07,CASH,0.0,0.0,0.0,CASH,0.0,0.0,0.0,0.0,True,False,False,False,False,False,CASH -> CASH,2024-09
2024-09-08,CASH,0.0,0.0,0.0,CASH,0.0,0.0,0.0,0.0,True,False,False,False,False,False,CASH -> CASH,2024-09
2024-09-09,CASH,0.0,0.0,0.0,CASH,0.0,0.0,0.0,0.0,True,False,False,False,False,False,CASH -> CASH,2024-09
2024-09-10,CASH,0.0,0.0,0.0,CASH,0.0,0.0,0.0,0.0,True,False,False,False,False,False,CASH -> CASH,2024-09
2024-09-11,CASH,0.0,0.0,0.0,CASH,0.0,0.0,0.0,0.0,True,False,False,False,False,False,CASH -> CASH,2024-09
2024-09-12,CASH,0.0,0.0,0.0,CASH,0.0,0.0,0.0,0.0,True,False,False,False,False,False,CASH -> CASH,2024-09
2024-09-13,CASH,0.0,0.0,0.0,CASH,0.0,0.0,0.0,0.0,True,False,False,False,False,False,CASH -> CASH,2024-09
2024-09-14,CASH,0.0,0.0,0.0,CASH,0.0,0.0,0.0,0.0,True,False,False,False,False,False,CASH -> CASH,2024-09
2024-09-15,CASH,0.0,0.0,0.0,CASH,0.0,0.0,0.0,0.0,True,False,False,False,False,False,CASH -> CASH,2024-09
2024-09-16,CASH,0.0,0.0,0.0,CASH,0.0,0.0,0.0,0.0,True,False,False,False,False,False,CASH -> CASH,2024-09
2024-09-17,CASH,0.0,0.0,0.0,CASH,0.0,0.0,0.0,0.0,True,False,False,False,False,False,CASH -> CASH,2024-09
2024-09-18,CASH,0.0,0.0,0.0,CASH,0.0,0.0,0.0,0.0,True,False,False,False,False,False,CASH -> CASH,2024-09
2024-09-19,CASH,0.0,0.0,0.0,CASH,0.0,0.0,0.0,0.0,True,False,False,False,False,False,CASH -> CASH,2024-09
2024-09-20,CASH,0.0,0.0,0.0,CASH,0.0,0.0,0.0,0.0,True,False,False,False,False,False,CASH -> CASH,2024-09
2024-09-21,CASH,0.0,0.0,0.0,CASH,0.0,0.0,0.0,0.0,True,False,False,False,False,False,CASH -> CASH,2024-09
2024-09-22,CASH,0.0,0.0,0.0,CASH,0.0,0.0,0.0,0.0,True,False,False,False,False,False,CASH -> CASH,2024-09
2024-09-23,CASH,0.0,0.0,0.0,CASH,0.0,0.0,0.0,0.0,True,False,False,False,False,False,CASH -> CASH,2024-09
2024-09-24,CASH,0.0,0.0,0.0,CASH,0.0,0.0,0.0,0.0,True,False,False,False,False,False,CASH -> CASH,2024-09
2024-09-25,CASH,0.0,0.0,0.0,CASH,0.0,0.0,0.0,0.0,True,False,False,False,False,False,CASH -> CASH,2024-09
2024-09-26,TRXUSDT,0.0115548302872062,1.0,1.0,TRXUSDT,0.0115548302872062,1.0,1.0,0.0,True,False,True,True,False,False,TRXUSDT -> TRXUSDT,2024-09
2024-09-27,TRXUSDT,-0.0006443298969073,1.0,0.0,TRXUSDT,-0.0006443298969073,1.0,0.0,0.0,True,False,True,True,False,False,TRXUSDT -> TRXUSDT,2024-09
2024-09-28,TRXUSDT,0.0090264345583495,1.0,0.0,TRXUSDT,0.0090264345583495,1.0,0.0,0.0,True,False,True,True,False,False,TRXUSDT -> TRXUSDT,2024-09
2024-09-29,TRXUSDT,-0.0031948881789137,1.0,0.0,TRXUSDT,-0.0031948881789137,1.0,0.0,0.0,True,False,True,True,False,False,TRXUSDT -> TRXUSDT,2024-09
2024-09-30,CASH,-0.0015,0.0,1.0,CASH,-0.0015,0.0,1.0,0.0,True,False,False,False,False,False,CASH -> CASH,2024-09
2024-10-01,CASH,0.0,0.0,0.0,CASH,0.0,0.0,0.0,0.0,True,False,False,False,False,False,CASH -> CASH,2024-10
2024-10-02,CASH,0.0,0.0,0.0,CASH,0.0,0.0,0.0,0.0,True,False,False,False,False,False,CASH -> CASH,2024-10
2024-10-03,CASH,0.0,0.0,0.0,CASH,0.0,0.0,0.0,0.0,True,False,False,False,False,False,CASH -> CASH,2024-10
2024-10-04,CASH,0.0,0.0,0.0,CASH,0.0,0.0,0.0,0.0,True,False,False,False,False,False,CASH -> CASH,2024-10
2024-10-05,CASH,0.0,0.0,0.0,CASH,0.0,0.0,0.0,0.0,True,False,False,False,False,False,CASH -> CASH,2024-10
2024-10-06,CASH,0.0,0.0,0.0,CASH,0.0,0.0,0.0,0.0,True,False,False,False,False,False,CASH -> CASH,2024-10
2024-10-07,CASH,0.0,0.0,0.0,CASH,0.0,0.0,0.0,0.0,True,False,False,False,False,False,CASH -> CASH,2024-10
2024-10-08,CASH,0.0,0.0,0.0,CASH,0.0,0.0,0.0,0.0,True,False,False,False,False,False,CASH -> CASH,2024-10
2024-10-09,CASH,0.0,0.0,0.0,CASH,0.0,0.0,0.0,0.0,True,False,False,False,False,False,CASH -> CASH,2024-10
2024-10-10,CASH,0.0,0.0,0.0,CASH,0.0,0.0,0.0,0.0,True,False,False,False,False,False,CASH -> CASH,2024-10
2024-10-11,CASH,0.0,0.0,0.0,CASH,0.0,0.0,0.0,0.0,True,False,False,False,False,False,CASH -> CASH,2024-10
2024-10-12,CASH,0.0,0.0,0.0,CASH,0.0,0.0,0.0,0.0,True,False,False,False,False,False,CASH -> CASH,2024-10
2024-10-13,CASH,0.0,0.0,0.0,CASH,0.0,0.0,0.0,0.0,True,False,False,False,False,False,CASH -> CASH,2024-10
2024-10-14,CASH,0.0,0.0,0.0,CASH,0.0,0.0,0.0,0.0,True,False,False,False,False,False,CASH -> CASH,2024-10
2024-10-15,CASH,0.0,0.0,0.0,CASH,0.0,0.0,0.0,0.0,True,False,False,False,False,False,CASH -> CASH,2024-10
2024-10-16,CASH,0.0,0.0,0.0,CASH,0.0,0.0,0.0,0.0,True,False,False,False,False,False,CASH -> CASH,2024-10
2024-10-17,CASH,0.0,0.0,0.0,CASH,0.0,0.0,0.0,0.0,True,False,False,False,False,False,CASH -> CASH,2024-10
2024-10-18,CASH,0.0,0.0,0.0,CASH,0.0,0.0,0.0,0.0,True,False,False,False,False,False,CASH -> CASH,2024-10
2024-10-19,CASH,0.0,0.0,0.0,CASH,0.0,0.0,0.0,0.0,True,False,False,False,False,False,CASH -> CASH,2024-10
2024-10-20,TRXUSDT,0.0093487555839182,1.0,1.0,TRXUSDT,0.0093487555839182,1.0,1.0,0.0,True,False,True,True,False,False,TRXUSDT -> TRXUSDT,2024-10
2024-10-21,TRXUSDT,0.0119949494949493,1.0,0.0,TRXUSDT,0.0119949494949493,1.0,0.0,0.0,True,False,True,True,False,False,TRXUSDT -> TRXUSDT,2024-10
2024-10-22,TRXUSDT,0.0,1.0,0.0,TRXUSDT,0.0,1.0,0.0,0.0,True,False,True,True,False,False,TRXUSDT -> TRXUSDT,2024-10
2024-10-23,CASH,-0.0015,0.0,1.0,CASH,-0.0015,0.0,1.0,0.0,True,False,False,False,False,False,CASH -> CASH,2024-10
2024-10-24,TRXUSDT,-0.0136506682867558,1.0,1.0,TRXUSDT,-0.0136506682867558,1.0,1.0,0.0,True,False,True,True,False,False,TRXUSDT -> TRXUSDT,2024-10
2024-10-25,CASH,-0.0015,0.0,1.0,CASH,-0.0015,0.0,1.0,0.0,True,False,False,False,False,False,CASH -> CASH,2024-10
2024-10-26,CASH,0.0,0.0,0.0,CASH,0.0,0.0,0.0,0.0,True,False,False,False,False,False,CASH -> CASH,2024-10
2024-10-27,CASH,0.0,0.0,0.0,CASH,0.0,0.0,0.0,0.0,True,False,False,False,False,False,CASH -> CASH,2024-10
2024-10-28,TRXUSDT,0.0112892813641898,1.0,1.0,TRXUSDT,0.0112892813641898,1.0,1.0,0.0,True,False,True,True,False,False,TRXUSDT -> TRXUSDT,2024-10
2024-10-29,TRXUSDT,0.0174383644016835,1.0,0.0,TRXUSDT,0.0174383644016835,1.0,0.0,0.0,True,False,True,True,False,False,TRXUSDT -> TRXUSDT,2024-10
2024-10-30,TRXUSDT,-0.0047281323877068,1.0,0.0,TRXUSDT,-0.0047281323877068,1.0,0.0,0.0,True,False,True,True,False,False,TRXUSDT -> TRXUSDT,2024-10
2024-10-31,CASH,-0.0015,0.0,1.0,CASH,-0.0015,0.0,1.0,0.0,True,False,False,False,False,False,CASH -> CASH,2024-10
2024-11-01,CASH,0.0,0.0,0.0,CASH,0.0,0.0,0.0,0.0,True,False,False,False,False,False,CASH -> CASH,2024-11
2024-11-02,CASH,0.0,0.0,0.0,CASH,0.0,0.0,0.0,0.0,True,False,False,False,False,False,CASH -> CASH,2024-11
2024-11-03,CASH,0.0,0.0,0.0,CASH,0.0,0.0,0.0,0.0,True,False,False,False,False,False,CASH -> CASH,2024-11
2024-11-04,CASH,0.0,0.0,0.0,CASH,0.0,0.0,0.0,0.0,True,False,False,False,False,False,CASH -> CASH,2024-11
2024-11-05,CASH,0.0,0.0,0.0,CASH,0.0,0.0,0.0,0.0,True,False,False,False,False,False,CASH -> CASH,2024-11
2024-11-06,TRXUSDT,-0.0162692307692308,1.0,1.0,TRXUSDT,-0.0162692307692308,1.0,1.0,0.0,True,False,True,True,False,False,TRXUSDT -> TRXUSDT,2024-11
2024-11-07,TRXUSDT,0.004996876951905,1.0,0.0,TRXUSDT,0.004996876951905,1.0,0.0,0.0,True,False,True,True,False,False,TRXUSDT -> TRXUSDT,2024-11
2024-11-08,SOLUSDT,-0.0027998498874156,1.0,2.0,SOLUSDT,-0.0027998498874156,1.0,2.0,0.0,True,False,True,True,False,False,SOLUSDT -> SOLUSDT,2024-11
2024-11-09,SOLUSDT,0.0509280104057232,1.0,0.0,SOLUSDT,0.0509280104057232,1.0,0.0,0.0,True,False,True,True,False,False,SOLUSDT -> SOLUSDT,2024-11
2024-11-10,SOLUSDT,0.0574094349502547,1.0,0.0,SOLUSDT,0.0574094349502547,1.0,0.0,0.0,True,False,True,True,False,False,SOLUSDT -> SOLUSDT,2024-11
2024-11-11,SOLUSDT,-0.0472245982082564,1.0,0.0,SOLUSDT,-0.0472245982082564,1.0,0.0,0.0,True,False,True,True,False,False,SOLUSDT -> SOLUSDT,2024-11
2024-11-12,BTCUSDT,0.0245512748372663,1.0,2.0,BTCUSDT,0.0245512748372663,1.0,2.0,0.0,True,False,True,True,False,False,BTCUSDT -> BTCUSDT,2024-11
2024-11-13,BTCUSDT,-0.0337438810647169,1.0,0.0,BTCUSDT,-0.0337438810647169,1.0,0.0,0.0,True,False,True,True,False,False,BTCUSDT -> BTCUSDT,2024-11
2024-11-14,BTCUSDT,0.0424443739801816,1.0,0.0,BTCUSDT,0.0424443739801816,1.0,0.0,0.0,True,False,True,True,False,False,BTCUSDT -> BTCUSDT,2024-11
2024-11-15,BTCUSDT,-0.0048900349074783,1.0,0.0,BTCUSDT,-0.0048900349074783,1.0,0.0,0.0,True,False,True,True,False,False,BTCUSDT -> BTCUSDT,2024-11
2024-11-16,BTCUSDT,-0.0080688249473543,1.0,0.0,BTCUSDT,-0.0080688249473543,1.0,0.0,0.0,True,False,True,True,False,False,BTCUSDT -> BTCUSDT,2024-11
2024-11-17,SOLUSDT,0.0067696551143302,1.0,2.0,SOLUSDT,0.0067696551143302,1.0,2.0,0.0,True,False,True,True,False,False,SOLUSDT -> SOLUSDT,2024-11
2024-11-18,BTCUSDT,0.0174137376956687,1.0,2.0,BTCUSDT,0.0174137376956687,1.0,2.0,0.0,True,False,True,True,False,False,BTCUSDT -> BTCUSDT,2024-11
2024-11-19,BTCUSDT,0.0214034567356644,1.0,0.0,BTCUSDT,0.0214034567356644,1.0,0.0,0.0,True,False,True,True,False,False,BTCUSDT -> BTCUSDT,2024-11
2024-11-20,BTCUSDT,0.042747980199935,1.0,0.0,BTCUSDT,0.042747980199935,1.0,0.0,0.0,True,False,True,True,False,False,BTCUSDT -> BTCUSDT,2024-11
2024-11-21,BTCUSDT,0.005847201382628,1.0,0.0,BTCUSDT,0.005847201382628,1.0,0.0,0.0,True,False,True,True,False,False,BTCUSDT -> BTCUSDT,2024-11
2024-11-22,BTCUSDT,-0.0123326457145168,1.0,0.0,BTCUSDT,-0.0123326457145168,1.0,0.0,0.0,True,False,True,True,False,False,BTCUSDT -> BTCUSDT,2024-11
2024-11-23,BTCUSDT,0.0023306481667286,1.0,0.0,BTCUSDT,0.0023306481667286,1.0,0.0,0.0,True,False,True,True,False,False,BTCUSDT -> BTCUSDT,2024-11
2024-11-24,BTCUSDT,-0.0499492135038963,1.0,0.0,BTCUSDT,-0.0499492135038963,1.0,0.0,0.0,True,False,True,True,False,False,BTCUSDT -> BTCUSDT,2024-11
2024-11-25,BTCUSDT,-0.0112337370999099,1.0,0.0,BTCUSDT,-0.0112337370999099,1.0,0.0,0.0,True,False,True,True,False,False,BTCUSDT -> BTCUSDT,2024-11
2024-11-26,BTCUSDT,0.0423850727819099,1.0,0.0,BTCUSDT,0.0423850727819099,1.0,0.0,0.0,True,False,True,True,False,False,BTCUSDT -> BTCUSDT,2024-11
2024-11-27,BTCUSDT,-0.002285863665387,1.0,0.0,BTCUSDT,-0.002285863665387,1.0,0.0,0.0,True,False,True,True,False,False,BTCUSDT -> BTCUSDT,2024-11
2024-11-28,BTCUSDT,0.0189872901566832,1.0,0.0,BTCUSDT,0.0189872901566832,1.0,0.0,0.0,True,False,True,True,False,False,BTCUSDT -> BTCUSDT,2024-11
2024-11-29,BTCUSDT,-0.0107942745741842,1.0,0.0,BTCUSDT,-0.0107942745741842,1.0,0.0,0.0,True,False,True,True,False,False,BTCUSDT -> BTCUSDT,2024-11
2024-11-30,TRXUSDT,0.0082249877989263,1.0,2.0,TRXUSDT,0.0082249877989263,1.0,2.0,0.0,True,False,True,True,False,False,TRXUSDT -> TRXUSDT,2024-11
2024-12-01,TRXUSDT,0.0666023166023166,1.0,0.0,TRXUSDT,0.0666023166023166,1.0,0.0,0.0,True,False,True,True,False,False,TRXUSDT -> TRXUSDT,2024-12
2024-12-02,TRXUSDT,0.9610859728506786,1.0,0.0,TRXUSDT,0.9610859728506786,1.0,0.0,0.0,True,False,True,True,False,False,TRXUSDT -> TRXUSDT,2024-12
2024-12-03,ETHUSDT,0.0587760083662792,1.0,2.0,ETHUSDT,0.0587760083662792,1.0,2.0,0.0,True,False,True,True,False,False,ETHUSDT -> ETHUSDT,2024-12
2024-12-04,ETHUSDT,-0.0137057689301163,1.0,0.0,ETHUSDT,-0.0137057689301163,1.0,0.0,0.0,True,False,True,True,False,False,ETHUSDT -> ETHUSDT,2024-12
2024-12-05,ETHUSDT,0.0564488005917784,1.0,0.0,ETHUSDT,0.0564488005917784,1.0,0.0,0.0,True,False,True,True,False,False,ETHUSDT -> ETHUSDT,2024-12
2024-12-06,ETHUSDT,-0.0006626872091366,1.0,0.0,ETHUSDT,-0.0006626872091366,1.0,0.0,0.0,True,False,True,True,False,False,ETHUSDT -> ETHUSDT,2024-12
2024-12-07,ETHUSDT,0.0019843752345967,1.0,0.0,ETHUSDT,0.0019843752345967,1.0,0.0,0.0,True,False,True,True,False,False,ETHUSDT -> ETHUSDT,2024-12
2024-12-08,ETHUSDT,-0.0729618021302898,1.0,0.0,ETHUSDT,-0.0729618021302898,1.0,0.0,0.0,True,False,True,True,False,False,ETHUSDT -> ETHUSDT,2024-12
2024-12-09,ETHUSDT,-0.0225619612068965,1.0,0.0,ETHUSDT,-0.0225619612068965,1.0,0.0,0.0,True,False,True,True,False,False,ETHUSDT -> ETHUSDT,2024-12
2024-12-10,ETHUSDT,0.0561041824571073,1.0,0.0,ETHUSDT,0.0561041824571073,1.0,0.0,0.0,True,False,True,True,False,False,ETHUSDT -> ETHUSDT,2024-12
2024-12-11,ETHUSDT,0.0129964690316064,1.0,0.0,ETHUSDT,0.0129964690316064,1.0,0.0,0.0,True,False,True,True,False,False,ETHUSDT -> ETHUSDT,2024-12
2024-12-12,ETHUSDT,0.0064895752020424,1.0,0.0,ETHUSDT,0.0064895752020424,1.0,0.0,0.0,True,False,True,True,False,False,ETHUSDT -> ETHUSDT,2024-12
2024-12-13,ETHUSDT,-0.0093452441896181,1.0,0.0,ETHUSDT,-0.0093452441896181,1.0,0.0,0.0,True,False,True,True,False,False,ETHUSDT -> ETHUSDT,2024-12
2024-12-14,ETHUSDT,0.0229440171149966,1.0,0.0,ETHUSDT,0.0229440171149966,1.0,0.0,0.0,True,False,True,True,False,False,ETHUSDT -> ETHUSDT,2024-12
2024-12-15,ETHUSDT,0.0068576364770691,1.0,0.0,ETHUSDT,0.0068576364770691,1.0,0.0,0.0,True,False,True,True,False,False,ETHUSDT -> ETHUSDT,2024-12
2024-12-16,ETHUSDT,-0.023387954563699,1.0,0.0,ETHUSDT,-0.023387954563699,1.0,0.0,0.0,True,False,True,True,False,False,ETHUSDT -> ETHUSDT,2024-12
2024-12-17,BTCUSDT,-0.0588703575319216,1.0,2.0,BTCUSDT,-0.0588703575319216,1.0,2.0,0.0,True,False,True,True,False,False,BTCUSDT -> BTCUSDT,2024-12
2024-12-18,BTCUSDT,-0.027365671293993,1.0,0.0,BTCUSDT,-0.027365671293993,1.0,0.0,0.0,True,False,True,True,False,False,BTCUSDT -> BTCUSDT,2024-12
2024-12-19,ETHUSDT,0.0131544742333208,1.0,2.0,ETHUSDT,0.0131544742333208,1.0,2.0,0.0,True,False,True,True,False,False,ETHUSDT -> ETHUSDT,2024-12
2024-12-20,BTCUSDT,-0.0082497079917026,1.0,2.0,BTCUSDT,-0.0082497079917026,1.0,2.0,0.0,True,False,True,True,False,False,BTCUSDT -> BTCUSDT,2024-12
2024-12-21,BTCUSDT,-0.0216433028042699,1.0,0.0,BTCUSDT,-0.0216433028042699,1.0,0.0,0.0,True,False,True,True,False,False,BTCUSDT -> BTCUSDT,2024-12
2024-12-22,BTCUSDT,-0.0032021424938701,1.0,0.0,BTCUSDT,-0.0032021424938701,1.0,0.0,0.0,True,False,True,True,False,False,BTCUSDT -> BTCUSDT,2024-12
2024-12-23,BTCUSDT,0.039861418673214,1.0,0.0,BTCUSDT,0.039861418673214,1.0,0.0,0.0,True,False,True,True,False,False,BTCUSDT -> BTCUSDT,2024-12
2024-12-24,BTCUSDT,0.007763959102234,1.0,0.0,BTCUSDT,0.007763959102234,1.0,0.0,0.0,True,False,True,True,False,False,BTCUSDT -> BTCUSDT,2024-12
2024-12-25,BTCUSDT,-0.0365887019559567,1.0,0.0,BTCUSDT,-0.0365887019559567,1.0,0.0,0.0,True,False,True,True,False,False,BTCUSDT -> BTCUSDT,2024-12
2024-12-26,BTCUSDT,-0.0155814288517991,1.0,0.0,BTCUSDT,-0.0155814288517991,1.0,0.0,0.0,True,False,True,True,False,False,BTCUSDT -> BTCUSDT,2024-12
2024-12-27,BTCUSDT,0.0106148493786204,1.0,0.0,BTCUSDT,0.0106148493786204,1.0,0.0,0.0,True,False,True,True,False,False,BTCUSDT -> BTCUSDT,2024-12
2024-12-28,BTCUSDT,-0.0163882476390346,1.0,0.0,BNBUSDT,-0.0409710024510822,1.0,2.0,0.024582754812047598,False,True,True,True,False,False,BNBUSDT -> BTCUSDT,2024-12
2024-12-29,ETHUSDT,-0.0014030889503288,1.0,2.0,BNBUSDT,0.0153301377553223,1.0,0.0,-0.0167332267056511,False,True,True,True,False,False,BNBUSDT -> ETHUSDT,2024-12
2024-12-30,ETHUSDT,-0.0071567950884039,1.0,0.0,BNBUSDT,-0.0043382102756039,1.0,0.0,-0.0028185848128,False,True,True,True,False,False,BNBUSDT -> ETHUSDT,2024-12
2024-12-31,BTCUSDT,0.0078552406599982,1.0,2.0,BNBUSDT,0.007888366794817,1.0,0.0,-3.312613481879986e-05,False,True,True,True,False,False,BNBUSDT -> BTCUSDT,2024-12
2025-01-01,ETHUSDT,0.0253569120159028,1.0,2.0,BNBUSDT,-0.0022462703435804,1.0,0.0,0.027603182359483197,False,True,True,True,False,False,BNBUSDT -> ETHUSDT,2025-01
2025-01-02,BTCUSDT,0.0092636755722211,1.0,2.0,BNBUSDT,0.0122194690265486,1.0,0.0,-0.002955793454327501,False,True,True,True,False,False,BNBUSDT -> BTCUSDT,2025-01
2025-01-03,BTCUSDT,0.0004718144831972,1.0,0.0,BNBUSDT,-0.0020562891674127,1.0,0.0,0.0025281036506098996,False,True,True,True,False,False,BNBUSDT -> BTCUSDT,2025-01
2025-01-04,BTCUSDT,0.0014570278098766,1.0,0.0,BNBUSDT,-0.0057750802483845,1.0,0.0,0.0072321080582611,False,True,True,True,False,False,BNBUSDT -> BTCUSDT,2025-01
2025-01-05,BTCUSDT,0.0393640493674438,1.0,0.0,BNBUSDT,0.0283804931692255,1.0,0.0,0.010983556198218301,False,True,True,True,False,False,BNBUSDT -> BTCUSDT,2025-01
2025-01-06,BTCUSDT,-0.0516550986153552,1.0,0.0,BTCUSDT,-0.0546550986153552,1.0,2.0,0.0029999999999999957,True,False,True,True,False,False,BTCUSDT -> BTCUSDT,2025-01
2025-01-07,BTCUSDT,-0.0195349143274362,1.0,0.0,BNBUSDT,-0.0058366355782868,1.0,2.0,-0.0136982787491494,False,True,True,True,False,False,BNBUSDT -> BTCUSDT,2025-01
2025-01-08,BTCUSDT,-0.0263844298916238,1.0,0.0,BNBUSDT,-0.0151573926411217,1.0,0.0,-0.0112270372505021,False,True,True,True,False,False,BNBUSDT -> BTCUSDT,2025-01
2025-01-09,BTCUSDT,0.0234852676573045,1.0,0.0,BNBUSDT,0.0112767695629341,1.0,0.0,0.0122084980943704,False,True,True,True,False,False,BNBUSDT -> BTCUSDT,2025-01
2025-01-10,SOLUSDT,-0.0008154305200341,1.0,2.0,BNBUSDT,0.0050345494150401,1.0,0.0,-0.0058499799350741994,False,True,True,True,False,False,BNBUSDT -> SOLUSDT,2025-01
2025-01-11,XRPUSDT,-0.030868343424934,1.0,2.0,XRPUSDT,-0.030868343424934,1.0,2.0,0.0,True,False,True,True,False,False,XRPUSDT -> XRPUSDT,2025-01
2025-01-12,XRPUSDT,0.0074263355426016,1.0,0.0,XRPUSDT,0.0074263355426016,1.0,0.0,0.0,True,False,True,True,False,False,XRPUSDT -> XRPUSDT,2025-01
2025-01-13,XRPUSDT,0.0571100190234621,1.0,0.0,XRPUSDT,0.0571100190234621,1.0,0.0,0.0,True,False,True,True,False,False,XRPUSDT -> XRPUSDT,2025-01
2025-01-14,XRPUSDT,0.178307651932666,1.0,0.0,XRPUSDT,0.178307651932666,1.0,0.0,0.0,True,False,True,True,False,False,XRPUSDT -> XRPUSDT,2025-01
2025-01-15,SOLUSDT,0.022648498979889,1.0,2.0,SOLUSDT,0.022648498979889,1.0,2.0,0.0,True,False,True,True,False,False,SOLUSDT -> SOLUSDT,2025-01
2025-01-16,SOLUSDT,0.0396419437340154,1.0,0.0,SOLUSDT,0.0396419437340154,1.0,0.0,0.0,True,False,True,True,False,False,SOLUSDT -> SOLUSDT,2025-01
2025-01-17,SOLUSDT,0.1934308231971211,1.0,0.0,SOLUSDT,0.1934308231971211,1.0,0.0,0.0,True,False,True,True,False,False,SOLUSDT -> SOLUSDT,2025-01
2025-01-18,BTCUSDT,-0.0338413951038593,1.0,2.0,BTCUSDT,-0.0338413951038593,1.0,2.0,0.0,True,False,True,True,False,False,BTCUSDT -> BTCUSDT,2025-01
2025-01-19,BTCUSDT,0.0091623962798561,1.0,0.0,BTCUSDT,0.0091623962798561,1.0,0.0,0.0,True,False,True,True,False,False,BTCUSDT -> BTCUSDT,2025-01
2025-01-20,BTCUSDT,0.0379797537668928,1.0,0.0,BTCUSDT,0.0379797537668928,1.0,0.0,0.0,True,False,True,True,False,False,BTCUSDT -> BTCUSDT,2025-01
2025-01-21,BTCUSDT,-0.022960922265658,1.0,0.0,BTCUSDT,-0.022960922265658,1.0,0.0,0.0,True,False,True,True,False,False,BTCUSDT -> BTCUSDT,2025-01
2025-01-22,BTCUSDT,0.0019640011547956,1.0,0.0,BTCUSDT,0.0019640011547956,1.0,0.0,0.0,True,False,True,True,False,False,BTCUSDT -> BTCUSDT,2025-01
2025-01-23,BTCUSDT,0.0092402738745731,1.0,0.0,BTCUSDT,0.0092402738745731,1.0,0.0,0.0,True,False,True,True,False,False,BTCUSDT -> BTCUSDT,2025-01
2025-01-24,BTCUSDT,-0.0011790732379457,1.0,0.0,BTCUSDT,-0.0011790732379457,1.0,0.0,0.0,True,False,True,True,False,False,BTCUSDT -> BTCUSDT,2025-01
2025-01-25,BTCUSDT,-0.0203046678730673,1.0,0.0,BTCUSDT,-0.0203046678730673,1.0,0.0,0.0,True,False,True,True,False,False,BTCUSDT -> BTCUSDT,2025-01
2025-01-26,ETHUSDT,-0.0185199668379421,1.0,2.0,BNBUSDT,0.0155354451054138,1.0,2.0,-0.0340554119433559,False,True,True,True,False,False,BNBUSDT -> ETHUSDT,2025-01
2025-01-27,ETHUSDT,-0.0329055693115974,1.0,0.0,BNBUSDT,-0.0271427310442228,1.0,0.0,-0.005762838267374604,False,True,True,True,False,False,BNBUSDT -> ETHUSDT,2025-01
2025-01-28,ETHUSDT,0.0117554553370677,1.0,0.0,BNBUSDT,0.0101014683421798,1.0,0.0,0.0016539869948878991,False,True,True,True,False,False,BNBUSDT -> ETHUSDT,2025-01
2025-01-29,BTCUSDT,0.0065408183529213,1.0,2.0,BTCUSDT,0.0065408183529213,1.0,2.0,0.0,True,False,True,True,False,False,BTCUSDT -> BTCUSDT,2025-01
2025-01-30,BTCUSDT,-0.0218994997657628,1.0,0.0,BTCUSDT,-0.0218994997657628,1.0,0.0,0.0,True,False,True,True,False,False,BTCUSDT -> BTCUSDT,2025-01
2025-01-31,BTCUSDT,-0.0175135966609639,1.0,0.0,BTCUSDT,-0.0175135966609639,1.0,0.0,0.0,True,False,True,True,False,False,BTCUSDT -> BTCUSDT,2025-01
2025-02-01,BTCUSDT,-0.0291652113341543,1.0,0.0,BTCUSDT,-0.0291652113341543,1.0,0.0,0.0,True,False,True,True,False,False,BTCUSDT -> BTCUSDT,2025-02
2025-02-02,BTCUSDT,0.0371331432082446,1.0,0.0,BTCUSDT,0.0371331432082446,1.0,0.0,0.0,True,False,True,True,False,False,BTCUSDT -> BTCUSDT,2025-02
2025-02-03,BTCUSDT,-0.035186441092794,1.0,0.0,BTCUSDT,-0.035186441092794,1.0,0.0,0.0,True,False,True,True,False,False,BTCUSDT -> BTCUSDT,2025-02
2025-02-04,BTCUSDT,-0.011770285996367,1.0,0.0,BTCUSDT,-0.011770285996367,1.0,0.0,0.0,True,False,True,True,False,False,BTCUSDT -> BTCUSDT,2025-02
2025-02-05,BTCUSDT,-0.0006011648811647,1.0,0.0,BTCUSDT,-0.0006011648811647,1.0,0.0,0.0,True,False,True,True,False,False,BTCUSDT -> BTCUSDT,2025-02
2025-02-06,BTCUSDT,-0.0004924687494659,1.0,0.0,BTCUSDT,-0.0004924687494659,1.0,0.0,0.0,True,False,True,True,False,False,BTCUSDT -> BTCUSDT,2025-02
2025-02-07,BTCUSDT,-0.0006430634939713,1.0,0.0,BTCUSDT,-0.0006430634939713,1.0,0.0,0.0,True,False,True,True,False,False,BTCUSDT -> BTCUSDT,2025-02
2025-02-08,BTCUSDT,0.0001867390590715,1.0,0.0,BTCUSDT,0.0001867390590715,1.0,0.0,0.0,True,False,True,True,False,False,BTCUSDT -> BTCUSDT,2025-02
2025-02-09,BTCUSDT,0.0100356873508169,1.0,0.0,BTCUSDT,0.0100356873508169,1.0,0.0,0.0,True,False,True,True,False,False,BTCUSDT -> BTCUSDT,2025-02
2025-02-10,BTCUSDT,-0.0169619838979083,1.0,0.0,BTCUSDT,-0.0169619838979083,1.0,0.0,0.0,True,False,True,True,False,False,BTCUSDT -> BTCUSDT,2025-02
2025-02-11,BTCUSDT,0.021839938524633,1.0,0.0,BTCUSDT,0.021839938524633,1.0,0.0,0.0,True,False,True,True,False,False,BTCUSDT -> BTCUSDT,2025-02
2025-02-12,BTCUSDT,-0.0128931248485874,1.0,0.0,BTCUSDT,-0.0128931248485874,1.0,0.0,0.0,True,False,True,True,False,False,BTCUSDT -> BTCUSDT,2025-02
2025-02-13,BTCUSDT,0.0092366957898164,1.0,0.0,BTCUSDT,0.0092366957898164,1.0,0.0,0.0,True,False,True,True,False,False,BTCUSDT -> BTCUSDT,2025-02
2025-02-14,BTCUSDT,0.0007095349684433,1.0,0.0,BTCUSDT,0.0007095349684433,1.0,0.0,0.0,True,False,True,True,False,False,BTCUSDT -> BTCUSDT,2025-02
2025-02-15,BTCUSDT,-0.0148769607273409,1.0,0.0,BTCUSDT,-0.0148769607273409,1.0,0.0,0.0,True,False,True,True,False,False,BTCUSDT -> BTCUSDT,2025-02
2025-02-16,BTCUSDT,-0.0035177550289164,1.0,0.0,BTCUSDT,-0.0035177550289164,1.0,0.0,0.0,True,False,True,True,False,False,BTCUSDT -> BTCUSDT,2025-02
2025-02-17,BTCUSDT,-0.0011302986009604,1.0,0.0,BTCUSDT,-0.0011302986009604,1.0,0.0,0.0,True,False,True,True,False,False,BTCUSDT -> BTCUSDT,2025-02
2025-02-18,CASH,-0.0015,0.0,1.0,CASH,-0.0015,0.0,1.0,0.0,True,False,False,False,False,False,CASH -> CASH,2025-02
2025-02-19,BTCUSDT,0.0156828943579435,1.0,1.0,BTCUSDT,0.0156828943579435,1.0,1.0,0.0,True,False,True,True,False,False,BTCUSDT -> BTCUSDT,2025-02
2025-02-20,BTCUSDT,-0.021596256548497,1.0,0.0,BTCUSDT,-0.021596256548497,1.0,0.0,0.0,True,False,True,True,False,False,BTCUSDT -> BTCUSDT,2025-02
2025-02-21,BTCUSDT,0.0038367893861199,1.0,0.0,BTCUSDT,0.0038367893861199,1.0,0.0,0.0,True,False,True,True,False,False,BTCUSDT -> BTCUSDT,2025-02
2025-02-22,BTCUSDT,-0.0030347688750226,1.0,0.0,BTCUSDT,-0.0030347688750226,1.0,0.0,0.0,True,False,True,True,False,False,BTCUSDT -> BTCUSDT,2025-02
2025-02-23,BTCUSDT,-0.0488803008581104,1.0,0.0,BTCUSDT,-0.0488803008581104,1.0,0.0,0.0,True,False,True,True,False,False,BTCUSDT -> BTCUSDT,2025-02
2025-02-24,CASH,-0.0015,0.0,1.0,CASH,-0.0015,0.0,1.0,0.0,True,False,False,False,False,False,CASH -> CASH,2025-02
2025-02-25,CASH,0.0,0.0,0.0,CASH,0.0,0.0,0.0,0.0,True,False,False,False,False,False,CASH -> CASH,2025-02
2025-02-26,CASH,0.0,0.0,0.0,CASH,0.0,0.0,0.0,0.0,True,False,False,False,False,False,CASH -> CASH,2025-02
2025-02-27,CASH,0.0,0.0,0.0,CASH,0.0,0.0,0.0,0.0,True,False,False,False,False,False,CASH -> CASH,2025-02
2025-02-28,CASH,0.0,0.0,0.0,CASH,0.0,0.0,0.0,0.0,True,False,False,False,False,False,CASH -> CASH,2025-02
2025-03-01,CASH,0.0,0.0,0.0,CASH,0.0,0.0,0.0,0.0,True,False,False,False,False,False,CASH -> CASH,2025-03
2025-03-02,CASH,0.0,0.0,0.0,CASH,0.0,0.0,0.0,0.0,True,False,False,False,False,False,CASH -> CASH,2025-03
2025-03-03,CASH,0.0,0.0,0.0,CASH,0.0,0.0,0.0,0.0,True,False,False,False,False,False,CASH -> CASH,2025-03
2025-03-04,CASH,0.0,0.0,0.0,CASH,0.0,0.0,0.0,0.0,True,False,False,False,False,False,CASH -> CASH,2025-03
2025-03-05,CASH,0.0,0.0,0.0,CASH,0.0,0.0,0.0,0.0,True,False,False,False,False,False,CASH -> CASH,2025-03
2025-03-06,CASH,0.0,0.0,0.0,CASH,0.0,0.0,0.0,0.0,True,False,False,False,False,False,CASH -> CASH,2025-03
2025-03-07,CASH,0.0,0.0,0.0,CASH,0.0,0.0,0.0,0.0,True,False,False,False,False,False,CASH -> CASH,2025-03
2025-03-08,CASH,0.0,0.0,0.0,CASH,0.0,0.0,0.0,0.0,True,False,False,False,False,False,CASH -> CASH,2025-03
2025-03-09,CASH,0.0,0.0,0.0,CASH,0.0,0.0,0.0,0.0,True,False,False,False,False,False,CASH -> CASH,2025-03
2025-03-10,CASH,0.0,0.0,0.0,CASH,0.0,0.0,0.0,0.0,True,False,False,False,False,False,CASH -> CASH,2025-03
2025-03-11,CASH,0.0,0.0,0.0,CASH,0.0,0.0,0.0,0.0,True,False,False,False,False,False,CASH -> CASH,2025-03
2025-03-12,CASH,0.0,0.0,0.0,CASH,0.0,0.0,0.0,0.0,True,False,False,False,False,False,CASH -> CASH,2025-03
2025-03-13,CASH,0.0,0.0,0.0,CASH,0.0,0.0,0.0,0.0,True,False,False,False,False,False,CASH -> CASH,2025-03
2025-03-14,CASH,0.0,0.0,0.0,CASH,0.0,0.0,0.0,0.0,True,False,False,False,False,False,CASH -> CASH,2025-03
2025-03-15,CASH,0.0,0.0,0.0,CASH,0.0,0.0,0.0,0.0,True,False,False,False,False,False,CASH -> CASH,2025-03
2025-03-16,CASH,0.0,0.0,0.0,CASH,0.0,0.0,0.0,0.0,True,False,False,False,False,False,CASH -> CASH,2025-03
2025-03-17,CASH,0.0,0.0,0.0,CASH,0.0,0.0,0.0,0.0,True,False,False,False,False,False,CASH -> CASH,2025-03
2025-03-18,CASH,0.0,0.0,0.0,CASH,0.0,0.0,0.0,0.0,True,False,False,False,False,False,CASH -> CASH,2025-03
2025-03-19,CASH,0.0,0.0,0.0,CASH,0.0,0.0,0.0,0.0,True,False,False,False,False,False,CASH -> CASH,2025-03
2025-03-20,CASH,0.0,0.0,0.0,CASH,0.0,0.0,0.0,0.0,True,False,False,False,False,False,CASH -> CASH,2025-03
2025-03-21,CASH,0.0,0.0,0.0,CASH,0.0,0.0,0.0,0.0,True,False,False,False,False,False,CASH -> CASH,2025-03
2025-03-22,CASH,0.0,0.0,0.0,CASH,0.0,0.0,0.0,0.0,True,False,False,False,False,False,CASH -> CASH,2025-03
2025-03-23,CASH,0.0,0.0,0.0,CASH,0.0,0.0,0.0,0.0,True,False,False,False,False,False,CASH -> CASH,2025-03
2025-03-24,CASH,0.0,0.0,0.0,CASH,0.0,0.0,0.0,0.0,True,False,False,False,False,False,CASH -> CASH,2025-03
2025-03-25,CASH,0.0,0.0,0.0,CASH,0.0,0.0,0.0,0.0,True,False,False,False,False,False,CASH -> CASH,2025-03
2025-03-26,CASH,0.0,0.0,0.0,CASH,0.0,0.0,0.0,0.0,True,False,False,False,False,False,CASH -> CASH,2025-03
2025-03-27,CASH,0.0,0.0,0.0,CASH,0.0,0.0,0.0,0.0,True,False,False,False,False,False,CASH -> CASH,2025-03
2025-03-28,CASH,0.0,0.0,0.0,CASH,0.0,0.0,0.0,0.0,True,False,False,False,False,False,CASH -> CASH,2025-03
2025-03-29,CASH,0.0,0.0,0.0,CASH,0.0,0.0,0.0,0.0,True,False,False,False,False,False,CASH -> CASH,2025-03
2025-03-30,CASH,0.0,0.0,0.0,CASH,0.0,0.0,0.0,0.0,True,False,False,False,False,False,CASH -> CASH,2025-03
2025-03-31,CASH,0.0,0.0,0.0,CASH,0.0,0.0,0.0,0.0,True,False,False,False,False,False,CASH -> CASH,2025-03
2025-04-01,CASH,0.0,0.0,0.0,CASH,0.0,0.0,0.0,0.0,True,False,False,False,False,False,CASH -> CASH,2025-04
2025-04-02,CASH,0.0,0.0,0.0,CASH,0.0,0.0,0.0,0.0,True,False,False,False,False,False,CASH -> CASH,2025-04
2025-04-03,CASH,0.0,0.0,0.0,CASH,0.0,0.0,0.0,0.0,True,False,False,False,False,False,CASH -> CASH,2025-04
2025-04-04,CASH,0.0,0.0,0.0,CASH,0.0,0.0,0.0,0.0,True,False,False,False,False,False,CASH -> CASH,2025-04
2025-04-05,CASH,0.0,0.0,0.0,CASH,0.0,0.0,0.0,0.0,True,False,False,False,False,False,CASH -> CASH,2025-04
2025-04-06,CASH,0.0,0.0,0.0,CASH,0.0,0.0,0.0,0.0,True,False,False,False,False,False,CASH -> CASH,2025-04
2025-04-07,CASH,0.0,0.0,0.0,CASH,0.0,0.0,0.0,0.0,True,False,False,False,False,False,CASH -> CASH,2025-04
2025-04-08,CASH,0.0,0.0,0.0,CASH,0.0,0.0,0.0,0.0,True,False,False,False,False,False,CASH -> CASH,2025-04
2025-04-09,CASH,0.0,0.0,0.0,CASH,0.0,0.0,0.0,0.0,True,False,False,False,False,False,CASH -> CASH,2025-04
2025-04-10,CASH,0.0,0.0,0.0,CASH,0.0,0.0,0.0,0.0,True,False,False,False,False,False,CASH -> CASH,2025-04
2025-04-11,CASH,0.0,0.0,0.0,CASH,0.0,0.0,0.0,0.0,True,False,False,False,False,False,CASH -> CASH,2025-04
2025-04-12,CASH,0.0,0.0,0.0,CASH,0.0,0.0,0.0,0.0,True,False,False,False,False,False,CASH -> CASH,2025-04
2025-04-13,CASH,0.0,0.0,0.0,CASH,0.0,0.0,0.0,0.0,True,False,False,False,False,False,CASH -> CASH,2025-04
2025-04-14,CASH,0.0,0.0,0.0,CASH,0.0,0.0,0.0,0.0,True,False,False,False,False,False,CASH -> CASH,2025-04
2025-04-15,CASH,0.0,0.0,0.0,CASH,0.0,0.0,0.0,0.0,True,False,False,False,False,False,CASH -> CASH,2025-04
2025-04-16,CASH,0.0,0.0,0.0,CASH,0.0,0.0,0.0,0.0,True,False,False,False,False,False,CASH -> CASH,2025-04
2025-04-17,CASH,0.0,0.0,0.0,CASH,0.0,0.0,0.0,0.0,True,False,False,False,False,False,CASH -> CASH,2025-04
2025-04-18,CASH,0.0,0.0,0.0,CASH,0.0,0.0,0.0,0.0,True,False,False,False,False,False,CASH -> CASH,2025-04
2025-04-19,CASH,0.0,0.0,0.0,CASH,0.0,0.0,0.0,0.0,True,False,False,False,False,False,CASH -> CASH,2025-04
2025-04-20,CASH,0.0,0.0,0.0,CASH,0.0,0.0,0.0,0.0,True,False,False,False,False,False,CASH -> CASH,2025-04
2025-04-21,CASH,0.0,0.0,0.0,CASH,0.0,0.0,0.0,0.0,True,False,False,False,False,False,CASH -> CASH,2025-04
2025-04-22,CASH,0.0,0.0,0.0,CASH,0.0,0.0,0.0,0.0,True,False,False,False,False,False,CASH -> CASH,2025-04
2025-04-23,CASH,0.0,0.0,0.0,CASH,0.0,0.0,0.0,0.0,True,False,False,False,False,False,CASH -> CASH,2025-04
2025-04-24,CASH,0.0,0.0,0.0,CASH,0.0,0.0,0.0,0.0,True,False,False,False,False,False,CASH -> CASH,2025-04
2025-04-25,CASH,0.0,0.0,0.0,CASH,0.0,0.0,0.0,0.0,True,False,False,False,False,False,CASH -> CASH,2025-04
2025-04-26,CASH,0.0,0.0,0.0,CASH,0.0,0.0,0.0,0.0,True,False,False,False,False,False,CASH -> CASH,2025-04
2025-04-27,CASH,0.0,0.0,0.0,CASH,0.0,0.0,0.0,0.0,True,False,False,False,False,False,CASH -> CASH,2025-04
2025-04-28,CASH,0.0,0.0,0.0,CASH,0.0,0.0,0.0,0.0,True,False,False,False,False,False,CASH -> CASH,2025-04
2025-04-29,CASH,0.0,0.0,0.0,CASH,0.0,0.0,0.0,0.0,True,False,False,False,False,False,CASH -> CASH,2025-04
2025-04-30,CASH,0.0,0.0,0.0,CASH,0.0,0.0,0.0,0.0,True,False,False,False,False,False,CASH -> CASH,2025-04
2025-05-01,CASH,0.0,0.0,0.0,CASH,0.0,0.0,0.0,0.0,True,False,False,False,False,False,CASH -> CASH,2025-05
2025-05-02,CASH,0.0,0.0,0.0,CASH,0.0,0.0,0.0,0.0,True,False,False,False,False,False,CASH -> CASH,2025-05
2025-05-03,CASH,0.0,0.0,0.0,CASH,0.0,0.0,0.0,0.0,True,False,False,False,False,False,CASH -> CASH,2025-05
2025-05-04,CASH,0.0,0.0,0.0,CASH,0.0,0.0,0.0,0.0,True,False,False,False,False,False,CASH -> CASH,2025-05
2025-05-05,CASH,0.0,0.0,0.0,CASH,0.0,0.0,0.0,0.0,True,False,False,False,False,False,CASH -> CASH,2025-05
2025-05-06,CASH,0.0,0.0,0.0,CASH,0.0,0.0,0.0,0.0,True,False,False,False,False,False,CASH -> CASH,2025-05
2025-05-07,CASH,0.0,0.0,0.0,CASH,0.0,0.0,0.0,0.0,True,False,False,False,False,False,CASH -> CASH,2025-05
2025-05-08,CASH,0.0,0.0,0.0,CASH,0.0,0.0,0.0,0.0,True,False,False,False,False,False,CASH -> CASH,2025-05
2025-05-09,CASH,0.0,0.0,0.0,CASH,0.0,0.0,0.0,0.0,True,False,False,False,False,False,CASH -> CASH,2025-05
2025-05-10,CASH,0.0,0.0,0.0,CASH,0.0,0.0,0.0,0.0,True,False,False,False,False,False,CASH -> CASH,2025-05
2025-05-11,CASH,0.0,0.0,0.0,CASH,0.0,0.0,0.0,0.0,True,False,False,False,False,False,CASH -> CASH,2025-05
2025-05-12,CASH,0.0,0.0,0.0,CASH,0.0,0.0,0.0,0.0,True,False,False,False,False,False,CASH -> CASH,2025-05
2025-05-13,CASH,0.0,0.0,0.0,CASH,0.0,0.0,0.0,0.0,True,False,False,False,False,False,CASH -> CASH,2025-05
2025-05-14,CASH,0.0,0.0,0.0,CASH,0.0,0.0,0.0,0.0,True,False,False,False,False,False,CASH -> CASH,2025-05
2025-05-15,CASH,0.0,0.0,0.0,CASH,0.0,0.0,0.0,0.0,True,False,False,False,False,False,CASH -> CASH,2025-05
2025-05-16,CASH,0.0,0.0,0.0,CASH,0.0,0.0,0.0,0.0,True,False,False,False,False,False,CASH -> CASH,2025-05
2025-05-17,CASH,0.0,0.0,0.0,CASH,0.0,0.0,0.0,0.0,True,False,False,False,False,False,CASH -> CASH,2025-05
2025-05-18,CASH,0.0,0.0,0.0,CASH,0.0,0.0,0.0,0.0,True,False,False,False,False,False,CASH -> CASH,2025-05
2025-05-19,CASH,0.0,0.0,0.0,CASH,0.0,0.0,0.0,0.0,True,False,False,False,False,False,CASH -> CASH,2025-05
2025-05-20,CASH,0.0,0.0,0.0,CASH,0.0,0.0,0.0,0.0,True,False,False,False,False,False,CASH -> CASH,2025-05
2025-05-21,CASH,0.0,0.0,0.0,CASH,0.0,0.0,0.0,0.0,True,False,False,False,False,False,CASH -> CASH,2025-05
2025-05-22,TRXUSDT,-0.0272339615802827,1.0,1.0,TRXUSDT,-0.0272339615802827,1.0,1.0,0.0,True,False,True,True,False,False,TRXUSDT -> TRXUSDT,2025-05
2025-05-23,CASH,-0.0015,0.0,1.0,CASH,-0.0015,0.0,1.0,0.0,True,False,False,False,False,False,CASH -> CASH,2025-05
2025-05-24,TRXUSDT,0.0058991860895301,1.0,1.0,TRXUSDT,0.0058991860895301,1.0,1.0,0.0,True,False,True,True,False,False,TRXUSDT -> TRXUSDT,2025-05
2025-05-25,BTCUSDT,0.0009503068643507,1.0,2.0,BTCUSDT,0.0009503068643507,1.0,2.0,0.0,True,False,True,True,False,False,BTCUSDT -> BTCUSDT,2025-05
2025-05-26,BTCUSDT,-0.0045380449855114,1.0,0.0,BTCUSDT,-0.0045380449855114,1.0,0.0,0.0,True,False,True,True,False,False,BTCUSDT -> BTCUSDT,2025-05
2025-05-27,BTCUSDT,-0.0106151039621833,1.0,0.0,BTCUSDT,-0.0106151039621833,1.0,0.0,0.0,True,False,True,True,False,False,BTCUSDT -> BTCUSDT,2025-05
2025-05-28,CASH,-0.0015,0.0,1.0,CASH,-0.0015,0.0,1.0,0.0,True,False,False,False,False,False,CASH -> CASH,2025-05
2025-05-29,CASH,0.0,0.0,0.0,CASH,0.0,0.0,0.0,0.0,True,False,False,False,False,False,CASH -> CASH,2025-05
2025-05-30,CASH,0.0,0.0,0.0,CASH,0.0,0.0,0.0,0.0,True,False,False,False,False,False,CASH -> CASH,2025-05
2025-05-31,CASH,0.0,0.0,0.0,CASH,0.0,0.0,0.0,0.0,True,False,False,False,False,False,CASH -> CASH,2025-05
2025-06-01,CASH,0.0,0.0,0.0,CASH,0.0,0.0,0.0,0.0,True,False,False,False,False,False,CASH -> CASH,2025-06
2025-06-02,CASH,0.0,0.0,0.0,CASH,0.0,0.0,0.0,0.0,True,False,False,False,False,False,CASH -> CASH,2025-06
2025-06-03,CASH,0.0,0.0,0.0,CASH,0.0,0.0,0.0,0.0,True,False,False,False,False,False,CASH -> CASH,2025-06
2025-06-04,CASH,0.0,0.0,0.0,CASH,0.0,0.0,0.0,0.0,True,False,False,False,False,False,CASH -> CASH,2025-06
2025-06-05,CASH,0.0,0.0,0.0,CASH,0.0,0.0,0.0,0.0,True,False,False,False,False,False,CASH -> CASH,2025-06
2025-06-06,CASH,0.0,0.0,0.0,CASH,0.0,0.0,0.0,0.0,True,False,False,False,False,False,CASH -> CASH,2025-06
2025-06-07,CASH,0.0,0.0,0.0,CASH,0.0,0.0,0.0,0.0,True,False,False,False,False,False,CASH -> CASH,2025-06
2025-06-08,CASH,0.0,0.0,0.0,CASH,0.0,0.0,0.0,0.0,True,False,False,False,False,False,CASH -> CASH,2025-06
2025-06-09,CASH,0.0,0.0,0.0,CASH,0.0,0.0,0.0,0.0,True,False,False,False,False,False,CASH -> CASH,2025-06
2025-06-10,CASH,0.0,0.0,0.0,CASH,0.0,0.0,0.0,0.0,True,False,False,False,False,False,CASH -> CASH,2025-06
2025-06-11,CASH,0.0,0.0,0.0,CASH,0.0,0.0,0.0,0.0,True,False,False,False,False,False,CASH -> CASH,2025-06
2025-06-12,CASH,0.0,0.0,0.0,CASH,0.0,0.0,0.0,0.0,True,False,False,False,False,False,CASH -> CASH,2025-06
2025-06-13,CASH,0.0,0.0,0.0,CASH,0.0,0.0,0.0,0.0,True,False,False,False,False,False,CASH -> CASH,2025-06
2025-06-14,CASH,0.0,0.0,0.0,CASH,0.0,0.0,0.0,0.0,True,False,False,False,False,False,CASH -> CASH,2025-06
2025-06-15,CASH,0.0,0.0,0.0,CASH,0.0,0.0,0.0,0.0,True,False,False,False,False,False,CASH -> CASH,2025-06
2025-06-16,CASH,0.0,0.0,0.0,CASH,0.0,0.0,0.0,0.0,True,False,False,False,False,False,CASH -> CASH,2025-06
2025-06-17,CASH,0.0,0.0,0.0,CASH,0.0,0.0,0.0,0.0,True,False,False,False,False,False,CASH -> CASH,2025-06
2025-06-18,CASH,0.0,0.0,0.0,CASH,0.0,0.0,0.0,0.0,True,False,False,False,False,False,CASH -> CASH,2025-06
2025-06-19,CASH,0.0,0.0,0.0,CASH,0.0,0.0,0.0,0.0,True,False,False,False,False,False,CASH -> CASH,2025-06
2025-06-20,CASH,0.0,0.0,0.0,CASH,0.0,0.0,0.0,0.0,True,False,False,False,False,False,CASH -> CASH,2025-06
2025-06-21,CASH,0.0,0.0,0.0,CASH,0.0,0.0,0.0,0.0,True,False,False,False,False,False,CASH -> CASH,2025-06
2025-06-22,CASH,0.0,0.0,0.0,CASH,0.0,0.0,0.0,0.0,True,False,False,False,False,False,CASH -> CASH,2025-06
2025-06-23,CASH,0.0,0.0,0.0,CASH,0.0,0.0,0.0,0.0,True,False,False,False,False,False,CASH -> CASH,2025-06
2025-06-24,CASH,0.0,0.0,0.0,CASH,0.0,0.0,0.0,0.0,True,False,False,False,False,False,CASH -> CASH,2025-06
2025-06-25,CASH,0.0,0.0,0.0,CASH,0.0,0.0,0.0,0.0,True,False,False,False,False,False,CASH -> CASH,2025-06
2025-06-26,CASH,0.0,0.0,0.0,CASH,0.0,0.0,0.0,0.0,True,False,False,False,False,False,CASH -> CASH,2025-06
2025-06-27,CASH,0.0,0.0,0.0,CASH,0.0,0.0,0.0,0.0,True,False,False,False,False,False,CASH -> CASH,2025-06
2025-06-28,CASH,0.0,0.0,0.0,CASH,0.0,0.0,0.0,0.0,True,False,False,False,False,False,CASH -> CASH,2025-06
2025-06-29,CASH,0.0,0.0,0.0,CASH,0.0,0.0,0.0,0.0,True,False,False,False,False,False,CASH -> CASH,2025-06
2025-06-30,CASH,0.0,0.0,0.0,CASH,0.0,0.0,0.0,0.0,True,False,False,False,False,False,CASH -> CASH,2025-06
2025-07-01,CASH,0.0,0.0,0.0,CASH,0.0,0.0,0.0,0.0,True,False,False,False,False,False,CASH -> CASH,2025-07
2025-07-02,CASH,0.0,0.0,0.0,CASH,0.0,0.0,0.0,0.0,True,False,False,False,False,False,CASH -> CASH,2025-07
2025-07-03,CASH,0.0,0.0,0.0,CASH,0.0,0.0,0.0,0.0,True,False,False,False,False,False,CASH -> CASH,2025-07
2025-07-04,CASH,0.0,0.0,0.0,CASH,0.0,0.0,0.0,0.0,True,False,False,False,False,False,CASH -> CASH,2025-07
2025-07-05,CASH,0.0,0.0,0.0,CASH,0.0,0.0,0.0,0.0,True,False,False,False,False,False,CASH -> CASH,2025-07
2025-07-06,CASH,0.0,0.0,0.0,CASH,0.0,0.0,0.0,0.0,True,False,False,False,False,False,CASH -> CASH,2025-07
2025-07-07,CASH,0.0,0.0,0.0,CASH,0.0,0.0,0.0,0.0,True,False,False,False,False,False,CASH -> CASH,2025-07
2025-07-08,CASH,0.0,0.0,0.0,CASH,0.0,0.0,0.0,0.0,True,False,False,False,False,False,CASH -> CASH,2025-07
2025-07-09,BTCUSDT,0.0414366059780826,1.0,1.0,BTCUSDT,0.0414366059780826,1.0,1.0,0.0,True,False,True,True,False,False,BTCUSDT -> BTCUSDT,2025-07
2025-07-10,BTCUSDT,0.0130821480906819,1.0,0.0,BTCUSDT,0.0130821480906819,1.0,0.0,0.0,True,False,True,True,False,False,BTCUSDT -> BTCUSDT,2025-07
2025-07-11,BTCUSDT,-0.0009160396795103,1.0,0.0,BTCUSDT,-0.0009160396795103,1.0,0.0,0.0,True,False,True,True,False,False,BTCUSDT -> BTCUSDT,2025-07
2025-07-12,BTCUSDT,0.0141938340998126,1.0,0.0,BTCUSDT,0.0141938340998126,1.0,0.0,0.0,True,False,True,True,False,False,BTCUSDT -> BTCUSDT,2025-07
2025-07-13,ETHUSDT,0.0109938022159937,1.0,2.0,ETHUSDT,0.0109938022159937,1.0,2.0,0.0,True,False,True,True,False,False,ETHUSDT -> ETHUSDT,2025-07
2025-07-14,ETHUSDT,0.0412361213424385,1.0,0.0,ETHUSDT,0.0412361213424385,1.0,0.0,0.0,True,False,True,True,False,False,ETHUSDT -> ETHUSDT,2025-07
2025-07-15,ETHUSDT,0.0744003135865183,1.0,0.0,ETHUSDT,0.0744003135865183,1.0,0.0,0.0,True,False,True,True,False,False,ETHUSDT -> ETHUSDT,2025-07
2025-07-16,ETHUSDT,0.0312990345113974,1.0,0.0,ETHUSDT,0.0312990345113974,1.0,0.0,0.0,True,False,True,True,False,False,ETHUSDT -> ETHUSDT,2025-07
2025-07-17,ETHUSDT,0.0201474314541527,1.0,0.0,ETHUSDT,0.0201474314541527,1.0,0.0,0.0,True,False,True,True,False,False,ETHUSDT -> ETHUSDT,2025-07
2025-07-18,ETHUSDT,0.0127124378333878,1.0,0.0,ETHUSDT,0.0127124378333878,1.0,0.0,0.0,True,False,True,True,False,False,ETHUSDT -> ETHUSDT,2025-07
2025-07-19,ETHUSDT,0.0458461975328576,1.0,0.0,ETHUSDT,0.0458461975328576,1.0,0.0,0.0,True,False,True,True,False,False,ETHUSDT -> ETHUSDT,2025-07
2025-07-20,ETHUSDT,0.0015013216421901,1.0,0.0,ETHUSDT,0.0015013216421901,1.0,0.0,0.0,True,False,True,True,False,False,ETHUSDT -> ETHUSDT,2025-07
2025-07-21,ETHUSDT,-0.0042845789710099,1.0,0.0,ETHUSDT,-0.0042845789710099,1.0,0.0,0.0,True,False,True,True,False,False,ETHUSDT -> ETHUSDT,2025-07
2025-07-22,ETHUSDT,-0.0314771462357956,1.0,0.0,ETHUSDT,-0.0314771462357956,1.0,0.0,0.0,True,False,True,True,False,False,ETHUSDT -> ETHUSDT,2025-07
2025-07-23,ETHUSDT,0.0216768780885761,1.0,0.0,ETHUSDT,0.0216768780885761,1.0,0.0,0.0,True,False,True,True,False,False,ETHUSDT -> ETHUSDT,2025-07
2025-07-24,ETHUSDT,0.0048611523250983,1.0,0.0,ETHUSDT,0.0048611523250983,1.0,0.0,0.0,True,False,True,True,False,False,ETHUSDT -> ETHUSDT,2025-07
2025-07-25,ETHUSDT,0.0043329324341736,1.0,0.0,ETHUSDT,0.0043329324341736,1.0,0.0,0.0,True,False,True,True,False,False,ETHUSDT -> ETHUSDT,2025-07
2025-07-26,ETHUSDT,0.0350164390152629,1.0,0.0,ETHUSDT,0.0350164390152629,1.0,0.0,0.0,True,False,True,True,False,False,ETHUSDT -> ETHUSDT,2025-07
2025-07-27,ETHUSDT,-0.0188786446631027,1.0,0.0,ETHUSDT,-0.0188786446631027,1.0,0.0,0.0,True,False,True,True,False,False,ETHUSDT -> ETHUSDT,2025-07
2025-07-28,ETHUSDT,-0.0013714135298762,1.0,0.0,ETHUSDT,-0.0013714135298762,1.0,0.0,0.0,True,False,True,True,False,False,ETHUSDT -> ETHUSDT,2025-07
2025-07-29,ETHUSDT,0.0042727720827984,1.0,0.0,ETHUSDT,0.0042727720827984,1.0,0.0,0.0,True,False,True,True,False,False,ETHUSDT -> ETHUSDT,2025-07
2025-07-30,ETHUSDT,-0.0292939632545932,1.0,0.0,ETHUSDT,-0.0292939632545932,1.0,0.0,0.0,True,False,True,True,False,False,ETHUSDT -> ETHUSDT,2025-07
2025-07-31,ETHUSDT,-0.056832838072783,1.0,0.0,ETHUSDT,-0.056832838072783,1.0,0.0,0.0,True,False,True,True,False,False,ETHUSDT -> ETHUSDT,2025-07
2025-08-01,ETHUSDT,-0.0270225331116334,1.0,0.0,ETHUSDT,-0.0270225331116334,1.0,0.0,0.0,True,False,True,True,False,False,ETHUSDT -> ETHUSDT,2025-08
2025-08-02,CASH,-0.0015,0.0,1.0,CASH,-0.0015,0.0,1.0,0.0,True,False,False,False,False,False,CASH -> CASH,2025-08
2025-08-03,ETHUSDT,0.062631162168191,1.0,1.0,ETHUSDT,0.062631162168191,1.0,1.0,0.0,True,False,True,True,False,False,ETHUSDT -> ETHUSDT,2025-08
2025-08-04,ETHUSDT,-0.0292905920198656,1.0,0.0,ETHUSDT,-0.0292905920198656,1.0,0.0,0.0,True,False,True,True,False,False,ETHUSDT -> ETHUSDT,2025-08
2025-08-05,TRXUSDT,0.0074853205512283,1.0,2.0,TRXUSDT,0.0074853205512283,1.0,2.0,0.0,True,False,True,True,False,False,TRXUSDT -> TRXUSDT,2025-08
2025-08-06,TRXUSDT,0.0032611918173732,1.0,0.0,TRXUSDT,0.0032611918173732,1.0,0.0,0.0,True,False,True,True,False,False,TRXUSDT -> TRXUSDT,2025-08
2025-08-07,TRXUSDT,-0.00177304964539,1.0,0.0,TRXUSDT,-0.00177304964539,1.0,0.0,0.0,True,False,True,True,False,False,TRXUSDT -> TRXUSDT,2025-08
2025-08-08,ETHUSDT,0.0596312507793989,1.0,2.0,ETHUSDT,0.0596312507793989,1.0,2.0,0.0,True,False,True,True,False,False,ETHUSDT -> ETHUSDT,2025-08
2025-08-09,ETHUSDT,-0.0023588116283546,1.0,0.0,ETHUSDT,-0.0023588116283546,1.0,0.0,0.0,True,False,True,True,False,False,ETHUSDT -> ETHUSDT,2025-08
2025-08-10,ETHUSDT,-0.0064344311468813,1.0,0.0,ETHUSDT,-0.0064344311468813,1.0,0.0,0.0,True,False,True,True,False,False,ETHUSDT -> ETHUSDT,2025-08
2025-08-11,ETHUSDT,0.0869715525120642,1.0,0.0,ETHUSDT,0.0869715525120642,1.0,0.0,0.0,True,False,True,True,False,False,ETHUSDT -> ETHUSDT,2025-08
2025-08-12,ETHUSDT,0.0345886740499985,1.0,0.0,ETHUSDT,0.0345886740499985,1.0,0.0,0.0,True,False,True,True,False,False,ETHUSDT -> ETHUSDT,2025-08
2025-08-13,ETHUSDT,-0.0426294401280188,1.0,0.0,ETHUSDT,-0.0426294401280188,1.0,0.0,0.0,True,False,True,True,False,False,ETHUSDT -> ETHUSDT,2025-08
2025-08-14,ETHUSDT,-0.0236142023911111,1.0,0.0,ETHUSDT,-0.0236142023911111,1.0,0.0,0.0,True,False,True,True,False,False,ETHUSDT -> ETHUSDT,2025-08
2025-08-15,ETHUSDT,-0.0039374069427207,1.0,0.0,ETHUSDT,-0.0039374069427207,1.0,0.0,0.0,True,False,True,True,False,False,ETHUSDT -> ETHUSDT,2025-08
2025-08-16,ETHUSDT,0.0113840148892241,1.0,0.0,ETHUSDT,0.0113840148892241,1.0,0.0,0.0,True,False,True,True,False,False,ETHUSDT -> ETHUSDT,2025-08
2025-08-17,ETHUSDT,-0.0356279612640391,1.0,0.0,ETHUSDT,-0.0356279612640391,1.0,0.0,0.0,True,False,True,True,False,False,ETHUSDT -> ETHUSDT,2025-08
2025-08-18,ETHUSDT,-0.0550430211987507,1.0,0.0,ETHUSDT,-0.0550430211987507,1.0,0.0,0.0,True,False,True,True,False,False,ETHUSDT -> ETHUSDT,2025-08
2025-08-19,ETHUSDT,0.0639343015367099,1.0,0.0,ETHUSDT,0.0639343015367099,1.0,0.0,0.0,True,False,True,True,False,False,ETHUSDT -> ETHUSDT,2025-08
2025-08-20,ETHUSDT,-0.0255663997638462,1.0,0.0,ETHUSDT,-0.0255663997638462,1.0,0.0,0.0,True,False,True,True,False,False,ETHUSDT -> ETHUSDT,2025-08
2025-08-21,ETHUSDT,0.143604004449388,1.0,0.0,ETHUSDT,0.143604004449388,1.0,0.0,0.0,True,False,True,True,False,False,ETHUSDT -> ETHUSDT,2025-08
2025-08-22,ETHUSDT,-0.0111070410817724,1.0,0.0,ETHUSDT,-0.0111070410817724,1.0,0.0,0.0,True,False,True,True,False,False,ETHUSDT -> ETHUSDT,2025-08
2025-08-23,ETHUSDT,0.0003662313745187,1.0,0.0,ETHUSDT,0.0003662313745187,1.0,0.0,0.0,True,False,True,True,False,False,ETHUSDT -> ETHUSDT,2025-08
2025-08-24,ETHUSDT,-0.0845099003169355,1.0,0.0,ETHUSDT,-0.0845099003169355,1.0,0.0,0.0,True,False,True,True,False,False,ETHUSDT -> ETHUSDT,2025-08
2025-08-25,ETHUSDT,0.0512890237604486,1.0,0.0,ETHUSDT,0.0512890237604486,1.0,0.0,0.0,True,False,True,True,False,False,ETHUSDT -> ETHUSDT,2025-08
2025-08-26,ETHUSDT,-0.0204145953923702,1.0,0.0,ETHUSDT,-0.0204145953923702,1.0,0.0,0.0,True,False,True,True,False,False,ETHUSDT -> ETHUSDT,2025-08
2025-08-27,ETHUSDT,0.0009985111089907,1.0,0.0,ETHUSDT,0.0009985111089907,1.0,0.0,0.0,True,False,True,True,False,False,ETHUSDT -> ETHUSDT,2025-08
2025-08-28,ETHUSDT,-0.0334788227548705,1.0,0.0,ETHUSDT,-0.0334788227548705,1.0,0.0,0.0,True,False,True,True,False,False,ETHUSDT -> ETHUSDT,2025-08
2025-08-29,ETHUSDT,0.0031007894169505,1.0,0.0,BNBUSDT,-0.0033479067609879,1.0,2.0,0.0064486961779384,False,True,True,True,False,False,BNBUSDT -> ETHUSDT,2025-08
2025-08-30,ETHUSDT,0.0041452317259986,1.0,0.0,BNBUSDT,-0.005046403712297,1.0,0.0,0.0091916354382956,False,True,True,True,False,False,BNBUSDT -> ETHUSDT,2025-08
2025-08-31,ETHUSDT,-0.0176076942868917,1.0,0.0,BNBUSDT,-0.0139567422608289,1.0,0.0,-0.003650952026062802,False,True,True,True,False,False,BNBUSDT -> ETHUSDT,2025-08
2025-09-01,TRXUSDT,-0.0006282241328193,1.0,2.0,BNBUSDT,0.0072367798694541,1.0,0.0,-0.0078650040022734,False,True,True,True,False,False,BNBUSDT -> TRXUSDT,2025-09
2025-09-02,ETHUSDT,0.0256513347971801,1.0,2.0,BNBUSDT,0.0034749941300775,1.0,0.0,0.0221763406671026,False,True,True,True,False,False,BNBUSDT -> ETHUSDT,2025-09
2025-09-03,SOLUSDT,-0.0430910945580491,1.0,2.0,SOLUSDT,-0.0430910945580491,1.0,2.0,0.0,True,False,True,True,False,False,SOLUSDT -> SOLUSDT,2025-09
2025-09-04,SOLUSDT,0.0051403716884144,1.0,0.0,SOLUSDT,0.0051403716884144,1.0,0.0,0.0,True,False,True,True,False,False,SOLUSDT -> SOLUSDT,2025-09
2025-09-05,SOLUSDT,-0.0157356412273801,1.0,0.0,SOLUSDT,-0.0157356412273801,1.0,0.0,0.0,True,False,True,True,False,False,SOLUSDT -> SOLUSDT,2025-09
2025-09-06,SOLUSDT,0.0309252597921663,1.0,0.0,SOLUSDT,0.0309252597921663,1.0,0.0,0.0,True,False,True,True,False,False,SOLUSDT -> SOLUSDT,2025-09
2025-09-07,SOLUSDT,0.0376060092076568,1.0,0.0,SOLUSDT,0.0376060092076568,1.0,0.0,0.0,True,False,True,True,False,False,SOLUSDT -> SOLUSDT,2025-09
2025-09-08,SOLUSDT,0.014478539068703,1.0,0.0,SOLUSDT,0.014478539068703,1.0,0.0,0.0,True,False,True,True,False,False,SOLUSDT -> SOLUSDT,2025-09
2025-09-09,SOLUSDT,0.0315823396712857,1.0,0.0,SOLUSDT,0.0315823396712857,1.0,0.0,0.0,True,False,True,True,False,False,SOLUSDT -> SOLUSDT,2025-09
2025-09-10,SOLUSDT,0.020797072343464,1.0,0.0,SOLUSDT,0.020797072343464,1.0,0.0,0.0,True,False,True,True,False,False,SOLUSDT -> SOLUSDT,2025-09
2025-09-11,SOLUSDT,0.0588029554496569,1.0,0.0,SOLUSDT,0.0588029554496569,1.0,0.0,0.0,True,False,True,True,False,False,SOLUSDT -> SOLUSDT,2025-09
2025-09-12,SOLUSDT,0.0008258320257659,1.0,0.0,SOLUSDT,0.0008258320257659,1.0,0.0,0.0,True,False,True,True,False,False,SOLUSDT -> SOLUSDT,2025-09
2025-09-13,SOLUSDT,-0.0108094727287729,1.0,0.0,SOLUSDT,-0.0108094727287729,1.0,0.0,0.0,True,False,True,True,False,False,SOLUSDT -> SOLUSDT,2025-09
2025-09-14,DOGEUSDT,-0.0377172255000719,1.0,2.0,DOGEUSDT,-0.0377172255000719,1.0,2.0,0.0,True,False,True,True,False,False,DOGEUSDT -> DOGEUSDT,2025-09
2025-09-15,DOGEUSDT,0.0061123327494316,1.0,0.0,AVAXUSDT,0.0060573633009056,1.0,2.0,5.4969448525999526e-05,False,True,True,True,False,False,AVAXUSDT -> DOGEUSDT,2025-09
2025-09-16,DOGEUSDT,0.0467123541396552,1.0,0.0,DOGEUSDT,0.0437123541396552,1.0,2.0,0.0030000000000000027,True,False,True,True,False,False,DOGEUSDT -> DOGEUSDT,2025-09
2025-09-17,AVAXUSDT,0.1029082338152104,1.0,2.0,AVAXUSDT,0.1029082338152104,1.0,2.0,0.0,True,False,True,True,False,False,AVAXUSDT -> AVAXUSDT,2025-09
2025-09-18,AVAXUSDT,-0.0409207161125318,1.0,0.0,AVAXUSDT,-0.0409207161125318,1.0,0.0,0.0,True,False,True,True,False,False,AVAXUSDT -> AVAXUSDT,2025-09
2025-09-19,AVAXUSDT,-0.017185185185185,1.0,0.0,AVAXUSDT,-0.017185185185185,1.0,0.0,0.0,True,False,True,True,False,False,AVAXUSDT -> AVAXUSDT,2025-09
2025-09-20,AVAXUSDT,-0.0039192041000905,1.0,0.0,AVAXUSDT,-0.0039192041000905,1.0,0.0,0.0,True,False,True,True,False,False,AVAXUSDT -> AVAXUSDT,2025-09
2025-09-21,AVAXUSDT,0.024818401937046,1.0,0.0,AVAXUSDT,0.024818401937046,1.0,0.0,0.0,True,False,True,True,False,False,AVAXUSDT -> AVAXUSDT,2025-09
2025-09-22,BNBUSDT,0.0202450397824555,1.0,2.0,BNBUSDT,0.0202450397824555,1.0,2.0,0.0,True,False,True,True,False,False,BNBUSDT -> BNBUSDT,2025-09
2025-09-23,BNBUSDT,0.0024705210732494,1.0,0.0,BNBUSDT,0.0024705210732494,1.0,0.0,0.0,True,False,True,True,False,False,BNBUSDT -> BNBUSDT,2025-09
2025-09-24,BNBUSDT,-0.0712721774391501,1.0,0.0,BNBUSDT,-0.0712721774391501,1.0,0.0,0.0,True,False,True,True,False,False,BNBUSDT -> BNBUSDT,2025-09
2025-09-25,TRXUSDT,0.0162829165411267,1.0,2.0,TRXUSDT,0.0162829165411267,1.0,2.0,0.0,True,False,True,True,False,False,TRXUSDT -> TRXUSDT,2025-09
2025-09-26,TRXUSDT,-0.0050251256281406,1.0,0.0,BNBUSDT,0.0049621149042465,1.0,2.0,-0.009987240532387101,False,True,True,True,False,False,BNBUSDT -> TRXUSDT,2025-09
2025-09-27,TRXUSDT,-0.0026737967914438,1.0,0.0,BNBUSDT,0.0253601115184056,1.0,0.0,-0.0280339083098494,False,True,True,True,False,False,BNBUSDT -> TRXUSDT,2025-09
2025-09-28,TRXUSDT,0.0032767351802203,1.0,0.0,BNBUSDT,0.0370389019244519,1.0,0.0,-0.0337621667442316,False,True,True,True,False,False,BNBUSDT -> TRXUSDT,2025-09
2025-09-29,TRXUSDT,-0.0095011876484559,1.0,0.0,BNBUSDT,-0.020664407306344,1.0,0.0,0.011163219657888102,False,True,True,True,False,False,BNBUSDT -> TRXUSDT,2025-09
2025-09-30,TRXUSDT,0.0236810551558752,1.0,0.0,BNBUSDT,0.0178381969440064,1.0,0.0,0.0058428582118688,False,True,True,True,False,False,BNBUSDT -> TRXUSDT,2025-09
2025-10-01,TRXUSDT,0.0032210834553441,1.0,0.0,BNBUSDT,0.0620750121773014,1.0,0.0,-0.0588539287219573,False,True,True,True,False,False,BNBUSDT -> TRXUSDT,2025-10
2025-10-02,BNBUSDT,0.0879724642732661,1.0,2.0,BNBUSDT,0.0909724642732661,1.0,0.0,-0.002999999999999989,True,False,True,True,False,False,BNBUSDT -> BNBUSDT,2025-10
2025-10-03,BNBUSDT,-0.0324953758197411,1.0,0.0,BNBUSDT,-0.0324953758197411,1.0,0.0,0.0,True,False,True,True,False,False,BNBUSDT -> BNBUSDT,2025-10
2025-10-04,BNBUSDT,0.0144514447099719,1.0,0.0,BNBUSDT,0.0144514447099719,1.0,0.0,0.0,True,False,True,True,False,False,BNBUSDT -> BNBUSDT,2025-10
2025-10-05,BNBUSDT,0.0478079117339682,1.0,0.0,BNBUSDT,0.0478079117339682,1.0,0.0,0.0,True,False,True,True,False,False,BNBUSDT -> BNBUSDT,2025-10
2025-10-06,BNBUSDT,0.0664165011159345,1.0,0.0,BNBUSDT,0.0664165011159345,1.0,0.0,0.0,True,False,True,True,False,False,BNBUSDT -> BNBUSDT,2025-10
2025-10-07,BNBUSDT,0.0022768565580368,1.0,0.0,BNBUSDT,0.0022768565580368,1.0,0.0,0.0,True,False,True,True,False,False,BNBUSDT -> BNBUSDT,2025-10
2025-10-08,BNBUSDT,-0.0398118402937128,1.0,0.0,BNBUSDT,-0.0398118402937128,1.0,0.0,0.0,True,False,True,True,False,False,BNBUSDT -> BNBUSDT,2025-10
2025-10-09,BNBUSDT,-0.1217827697454891,1.0,0.0,BNBUSDT,-0.1217827697454891,1.0,0.0,0.0,True,False,True,True,False,False,BNBUSDT -> BNBUSDT,2025-10
2025-10-10,TRXUSDT,-0.0220327613104523,1.0,2.0,TRXUSDT,-0.0220327613104523,1.0,2.0,0.0,True,False,True,True,False,False,TRXUSDT -> TRXUSDT,2025-10
2025-10-11,TRXUSDT,0.0263994910941474,1.0,0.0,TRXUSDT,0.0263994910941474,1.0,0.0,0.0,True,False,True,True,False,False,TRXUSDT -> TRXUSDT,2025-10
2025-10-12,TRXUSDT,0.0,1.0,0.0,TRXUSDT,0.0,1.0,0.0,0.0,True,False,True,True,False,False,TRXUSDT -> TRXUSDT,2025-10
2025-10-13,TRXUSDT,-0.0182832352029748,1.0,0.0,TRXUSDT,-0.0182832352029748,1.0,0.0,0.0,True,False,True,True,False,False,TRXUSDT -> TRXUSDT,2025-10
2025-10-14,TRXUSDT,0.0075757575757573,1.0,0.0,TRXUSDT,0.0075757575757573,1.0,0.0,0.0,True,False,True,True,False,False,TRXUSDT -> TRXUSDT,2025-10
2025-10-15,CASH,-0.0015,0.0,1.0,CASH,-0.0015,0.0,1.0,0.0,True,False,False,False,False,False,CASH -> CASH,2025-10
2025-10-16,CASH,0.0,0.0,0.0,CASH,0.0,0.0,0.0,0.0,True,False,False,False,False,False,CASH -> CASH,2025-10
2025-10-17,CASH,0.0,0.0,0.0,CASH,0.0,0.0,0.0,0.0,True,False,False,False,False,False,CASH -> CASH,2025-10
2025-10-18,CASH,0.0,0.0,0.0,CASH,0.0,0.0,0.0,0.0,True,False,False,False,False,False,CASH -> CASH,2025-10
2025-10-19,CASH,0.0,0.0,0.0,CASH,0.0,0.0,0.0,0.0,True,False,False,False,False,False,CASH -> CASH,2025-10
2025-10-20,CASH,0.0,0.0,0.0,CASH,0.0,0.0,0.0,0.0,True,False,False,False,False,False,CASH -> CASH,2025-10
2025-10-21,CASH,0.0,0.0,0.0,CASH,0.0,0.0,0.0,0.0,True,False,False,False,False,False,CASH -> CASH,2025-10
2025-10-22,CASH,0.0,0.0,0.0,CASH,0.0,0.0,0.0,0.0,True,False,False,False,False,False,CASH -> CASH,2025-10
2025-10-23,CASH,0.0,0.0,0.0,CASH,0.0,0.0,0.0,0.0,True,False,False,False,False,False,CASH -> CASH,2025-10
2025-10-24,CASH,0.0,0.0,0.0,CASH,0.0,0.0,0.0,0.0,True,False,False,False,False,False,CASH -> CASH,2025-10
2025-10-25,CASH,0.0,0.0,0.0,CASH,0.0,0.0,0.0,0.0,True,False,False,False,False,False,CASH -> CASH,2025-10
2025-10-26,CASH,0.0,0.0,0.0,CASH,0.0,0.0,0.0,0.0,True,False,False,False,False,False,CASH -> CASH,2025-10
2025-10-27,CASH,0.0,0.0,0.0,CASH,0.0,0.0,0.0,0.0,True,False,False,False,False,False,CASH -> CASH,2025-10
2025-10-28,CASH,0.0,0.0,0.0,CASH,0.0,0.0,0.0,0.0,True,False,False,False,False,False,CASH -> CASH,2025-10
2025-10-29,CASH,0.0,0.0,0.0,CASH,0.0,0.0,0.0,0.0,True,False,False,False,False,False,CASH -> CASH,2025-10
2025-10-30,CASH,0.0,0.0,0.0,CASH,0.0,0.0,0.0,0.0,True,False,False,False,False,False,CASH -> CASH,2025-10
2025-10-31,CASH,0.0,0.0,0.0,CASH,0.0,0.0,0.0,0.0,True,False,False,False,False,False,CASH -> CASH,2025-10
2025-11-01,CASH,0.0,0.0,0.0,CASH,0.0,0.0,0.0,0.0,True,False,False,False,False,False,CASH -> CASH,2025-11
2025-11-02,CASH,0.0,0.0,0.0,CASH,0.0,0.0,0.0,0.0,True,False,False,False,False,False,CASH -> CASH,2025-11
2025-11-03,CASH,0.0,0.0,0.0,CASH,0.0,0.0,0.0,0.0,True,False,False,False,False,False,CASH -> CASH,2025-11
2025-11-04,CASH,0.0,0.0,0.0,CASH,0.0,0.0,0.0,0.0,True,False,False,False,False,False,CASH -> CASH,2025-11
2025-11-05,CASH,0.0,0.0,0.0,CASH,0.0,0.0,0.0,0.0,True,False,False,False,False,False,CASH -> CASH,2025-11
2025-11-06,CASH,0.0,0.0,0.0,CASH,0.0,0.0,0.0,0.0,True,False,False,False,False,False,CASH -> CASH,2025-11
2025-11-07,CASH,0.0,0.0,0.0,CASH,0.0,0.0,0.0,0.0,True,False,False,False,False,False,CASH -> CASH,2025-11
2025-11-08,CASH,0.0,0.0,0.0,CASH,0.0,0.0,0.0,0.0,True,False,False,False,False,False,CASH -> CASH,2025-11
2025-11-09,CASH,0.0,0.0,0.0,CASH,0.0,0.0,0.0,0.0,True,False,False,False,False,False,CASH -> CASH,2025-11
2025-11-10,CASH,0.0,0.0,0.0,CASH,0.0,0.0,0.0,0.0,True,False,False,False,False,False,CASH -> CASH,2025-11
2025-11-11,CASH,0.0,0.0,0.0,CASH,0.0,0.0,0.0,0.0,True,False,False,False,False,False,CASH -> CASH,2025-11
2025-11-12,CASH,0.0,0.0,0.0,CASH,0.0,0.0,0.0,0.0,True,False,False,False,False,False,CASH -> CASH,2025-11
2025-11-13,CASH,0.0,0.0,0.0,CASH,0.0,0.0,0.0,0.0,True,False,False,False,False,False,CASH -> CASH,2025-11
2025-11-14,CASH,0.0,0.0,0.0,CASH,0.0,0.0,0.0,0.0,True,False,False,False,False,False,CASH -> CASH,2025-11
2025-11-15,CASH,0.0,0.0,0.0,CASH,0.0,0.0,0.0,0.0,True,False,False,False,False,False,CASH -> CASH,2025-11
2025-11-16,CASH,0.0,0.0,0.0,CASH,0.0,0.0,0.0,0.0,True,False,False,False,False,False,CASH -> CASH,2025-11
2025-11-17,CASH,0.0,0.0,0.0,CASH,0.0,0.0,0.0,0.0,True,False,False,False,False,False,CASH -> CASH,2025-11
2025-11-18,CASH,0.0,0.0,0.0,CASH,0.0,0.0,0.0,0.0,True,False,False,False,False,False,CASH -> CASH,2025-11
2025-11-19,CASH,0.0,0.0,0.0,CASH,0.0,0.0,0.0,0.0,True,False,False,False,False,False,CASH -> CASH,2025-11
2025-11-20,CASH,0.0,0.0,0.0,CASH,0.0,0.0,0.0,0.0,True,False,False,False,False,False,CASH -> CASH,2025-11
2025-11-21,CASH,0.0,0.0,0.0,CASH,0.0,0.0,0.0,0.0,True,False,False,False,False,False,CASH -> CASH,2025-11
2025-11-22,CASH,0.0,0.0,0.0,CASH,0.0,0.0,0.0,0.0,True,False,False,False,False,False,CASH -> CASH,2025-11
2025-11-23,CASH,0.0,0.0,0.0,CASH,0.0,0.0,0.0,0.0,True,False,False,False,False,False,CASH -> CASH,2025-11
2025-11-24,CASH,0.0,0.0,0.0,CASH,0.0,0.0,0.0,0.0,True,False,False,False,False,False,CASH -> CASH,2025-11
2025-11-25,CASH,0.0,0.0,0.0,CASH,0.0,0.0,0.0,0.0,True,False,False,False,False,False,CASH -> CASH,2025-11
2025-11-26,CASH,0.0,0.0,0.0,CASH,0.0,0.0,0.0,0.0,True,False,False,False,False,False,CASH -> CASH,2025-11
2025-11-27,CASH,0.0,0.0,0.0,CASH,0.0,0.0,0.0,0.0,True,False,False,False,False,False,CASH -> CASH,2025-11
2025-11-28,CASH,0.0,0.0,0.0,CASH,0.0,0.0,0.0,0.0,True,False,False,False,False,False,CASH -> CASH,2025-11
2025-11-29,CASH,0.0,0.0,0.0,CASH,0.0,0.0,0.0,0.0,True,False,False,False,False,False,CASH -> CASH,2025-11
2025-11-30,CASH,0.0,0.0,0.0,CASH,0.0,0.0,0.0,0.0,True,False,False,False,False,False,CASH -> CASH,2025-11
2025-12-01,CASH,0.0,0.0,0.0,CASH,0.0,0.0,0.0,0.0,True,False,False,False,False,False,CASH -> CASH,2025-12
2025-12-02,CASH,0.0,0.0,0.0,CASH,0.0,0.0,0.0,0.0,True,False,False,False,False,False,CASH -> CASH,2025-12
2025-12-03,CASH,0.0,0.0,0.0,CASH,0.0,0.0,0.0,0.0,True,False,False,False,False,False,CASH -> CASH,2025-12
2025-12-04,CASH,0.0,0.0,0.0,CASH,0.0,0.0,0.0,0.0,True,False,False,False,False,False,CASH -> CASH,2025-12
2025-12-05,CASH,0.0,0.0,0.0,CASH,0.0,0.0,0.0,0.0,True,False,False,False,False,False,CASH -> CASH,2025-12
2025-12-06,CASH,0.0,0.0,0.0,CASH,0.0,0.0,0.0,0.0,True,False,False,False,False,False,CASH -> CASH,2025-12
2025-12-07,CASH,0.0,0.0,0.0,CASH,0.0,0.0,0.0,0.0,True,False,False,False,False,False,CASH -> CASH,2025-12
2025-12-08,CASH,0.0,0.0,0.0,CASH,0.0,0.0,0.0,0.0,True,False,False,False,False,False,CASH -> CASH,2025-12
2025-12-09,CASH,0.0,0.0,0.0,CASH,0.0,0.0,0.0,0.0,True,False,False,False,False,False,CASH -> CASH,2025-12
2025-12-10,CASH,0.0,0.0,0.0,CASH,0.0,0.0,0.0,0.0,True,False,False,False,False,False,CASH -> CASH,2025-12
2025-12-11,CASH,0.0,0.0,0.0,CASH,0.0,0.0,0.0,0.0,True,False,False,False,False,False,CASH -> CASH,2025-12
2025-12-12,CASH,0.0,0.0,0.0,CASH,0.0,0.0,0.0,0.0,True,False,False,False,False,False,CASH -> CASH,2025-12
2025-12-13,CASH,0.0,0.0,0.0,CASH,0.0,0.0,0.0,0.0,True,False,False,False,False,False,CASH -> CASH,2025-12
2025-12-14,CASH,0.0,0.0,0.0,CASH,0.0,0.0,0.0,0.0,True,False,False,False,False,False,CASH -> CASH,2025-12
2025-12-15,CASH,0.0,0.0,0.0,CASH,0.0,0.0,0.0,0.0,True,False,False,False,False,False,CASH -> CASH,2025-12
2025-12-16,CASH,0.0,0.0,0.0,CASH,0.0,0.0,0.0,0.0,True,False,False,False,False,False,CASH -> CASH,2025-12
2025-12-17,CASH,0.0,0.0,0.0,CASH,0.0,0.0,0.0,0.0,True,False,False,False,False,False,CASH -> CASH,2025-12
2025-12-18,CASH,0.0,0.0,0.0,CASH,0.0,0.0,0.0,0.0,True,False,False,False,False,False,CASH -> CASH,2025-12
2025-12-19,CASH,0.0,0.0,0.0,CASH,0.0,0.0,0.0,0.0,True,False,False,False,False,False,CASH -> CASH,2025-12
2025-12-20,CASH,0.0,0.0,0.0,CASH,0.0,0.0,0.0,0.0,True,False,False,False,False,False,CASH -> CASH,2025-12
2025-12-21,CASH,0.0,0.0,0.0,CASH,0.0,0.0,0.0,0.0,True,False,False,False,False,False,CASH -> CASH,2025-12
2025-12-22,CASH,0.0,0.0,0.0,CASH,0.0,0.0,0.0,0.0,True,False,False,False,False,False,CASH -> CASH,2025-12
2025-12-23,CASH,0.0,0.0,0.0,CASH,0.0,0.0,0.0,0.0,True,False,False,False,False,False,CASH -> CASH,2025-12
2025-12-24,CASH,0.0,0.0,0.0,CASH,0.0,0.0,0.0,0.0,True,False,False,False,False,False,CASH -> CASH,2025-12
2025-12-25,CASH,0.0,0.0,0.0,CASH,0.0,0.0,0.0,0.0,True,False,False,False,False,False,CASH -> CASH,2025-12
2025-12-26,CASH,0.0,0.0,0.0,CASH,0.0,0.0,0.0,0.0,True,False,False,False,False,False,CASH -> CASH,2025-12
2025-12-27,CASH,0.0,0.0,0.0,CASH,0.0,0.0,0.0,0.0,True,False,False,False,False,False,CASH -> CASH,2025-12
2025-12-28,CASH,0.0,0.0,0.0,CASH,0.0,0.0,0.0,0.0,True,False,False,False,False,False,CASH -> CASH,2025-12
2025-12-29,CASH,0.0,0.0,0.0,CASH,0.0,0.0,0.0,0.0,True,False,False,False,False,False,CASH -> CASH,2025-12
2025-12-30,CASH,0.0,0.0,0.0,CASH,0.0,0.0,0.0,0.0,True,False,False,False,False,False,CASH -> CASH,2025-12
2025-12-31,CASH,0.0,0.0,0.0,CASH,0.0,0.0,0.0,0.0,True,False,False,False,False,False,CASH -> CASH,2025-12
2026-01-01,CASH,0.0,0.0,0.0,CASH,0.0,0.0,0.0,0.0,True,False,False,False,False,False,CASH -> CASH,2026-01
2026-01-02,CASH,0.0,0.0,0.0,CASH,0.0,0.0,0.0,0.0,True,False,False,False,False,False,CASH -> CASH,2026-01
2026-01-03,CASH,0.0,0.0,0.0,CASH,0.0,0.0,0.0,0.0,True,False,False,False,False,False,CASH -> CASH,2026-01
2026-01-04,CASH,0.0,0.0,0.0,CASH,0.0,0.0,0.0,0.0,True,False,False,False,False,False,CASH -> CASH,2026-01
2026-01-05,CASH,0.0,0.0,0.0,CASH,0.0,0.0,0.0,0.0,True,False,False,False,False,False,CASH -> CASH,2026-01
2026-01-06,CASH,0.0,0.0,0.0,CASH,0.0,0.0,0.0,0.0,True,False,False,False,False,False,CASH -> CASH,2026-01
2026-01-07,CASH,0.0,0.0,0.0,CASH,0.0,0.0,0.0,0.0,True,False,False,False,False,False,CASH -> CASH,2026-01
2026-01-08,CASH,0.0,0.0,0.0,CASH,0.0,0.0,0.0,0.0,True,False,False,False,False,False,CASH -> CASH,2026-01
2026-01-09,CASH,0.0,0.0,0.0,CASH,0.0,0.0,0.0,0.0,True,False,False,False,False,False,CASH -> CASH,2026-01
2026-01-10,CASH,0.0,0.0,0.0,CASH,0.0,0.0,0.0,0.0,True,False,False,False,False,False,CASH -> CASH,2026-01
2026-01-11,CASH,0.0,0.0,0.0,CASH,0.0,0.0,0.0,0.0,True,False,False,False,False,False,CASH -> CASH,2026-01
2026-01-12,CASH,0.0,0.0,0.0,CASH,0.0,0.0,0.0,0.0,True,False,False,False,False,False,CASH -> CASH,2026-01
2026-01-13,CASH,0.0,0.0,0.0,CASH,0.0,0.0,0.0,0.0,True,False,False,False,False,False,CASH -> CASH,2026-01
2026-01-14,CASH,0.0,0.0,0.0,CASH,0.0,0.0,0.0,0.0,True,False,False,False,False,False,CASH -> CASH,2026-01
2026-01-15,CASH,0.0,0.0,0.0,CASH,0.0,0.0,0.0,0.0,True,False,False,False,False,False,CASH -> CASH,2026-01
2026-01-16,CASH,0.0,0.0,0.0,CASH,0.0,0.0,0.0,0.0,True,False,False,False,False,False,CASH -> CASH,2026-01
2026-01-17,CASH,0.0,0.0,0.0,CASH,0.0,0.0,0.0,0.0,True,False,False,False,False,False,CASH -> CASH,2026-01
2026-01-18,CASH,0.0,0.0,0.0,CASH,0.0,0.0,0.0,0.0,True,False,False,False,False,False,CASH -> CASH,2026-01
2026-01-19,CASH,0.0,0.0,0.0,CASH,0.0,0.0,0.0,0.0,True,False,False,False,False,False,CASH -> CASH,2026-01
2026-01-20,CASH,0.0,0.0,0.0,CASH,0.0,0.0,0.0,0.0,True,False,False,False,False,False,CASH -> CASH,2026-01
2026-01-21,CASH,0.0,0.0,0.0,CASH,0.0,0.0,0.0,0.0,True,False,False,False,False,False,CASH -> CASH,2026-01
2026-01-22,CASH,0.0,0.0,0.0,CASH,0.0,0.0,0.0,0.0,True,False,False,False,False,False,CASH -> CASH,2026-01
2026-01-23,CASH,0.0,0.0,0.0,CASH,0.0,0.0,0.0,0.0,True,False,False,False,False,False,CASH -> CASH,2026-01
2026-01-24,CASH,0.0,0.0,0.0,CASH,0.0,0.0,0.0,0.0,True,False,False,False,False,False,CASH -> CASH,2026-01
2026-01-25,CASH,0.0,0.0,0.0,CASH,0.0,0.0,0.0,0.0,True,False,False,False,False,False,CASH -> CASH,2026-01
2026-01-26,CASH,0.0,0.0,0.0,CASH,0.0,0.0,0.0,0.0,True,False,False,False,False,False,CASH -> CASH,2026-01
2026-01-27,CASH,0.0,0.0,0.0,CASH,0.0,0.0,0.0,0.0,True,False,False,False,False,False,CASH -> CASH,2026-01
2026-01-28,CASH,0.0,0.0,0.0,CASH,0.0,0.0,0.0,0.0,True,False,False,False,False,False,CASH -> CASH,2026-01
2026-01-29,CASH,0.0,0.0,0.0,CASH,0.0,0.0,0.0,0.0,True,False,False,False,False,False,CASH -> CASH,2026-01
2026-01-30,CASH,0.0,0.0,0.0,CASH,0.0,0.0,0.0,0.0,True,False,False,False,False,False,CASH -> CASH,2026-01
2026-01-31,CASH,0.0,0.0,0.0,CASH,0.0,0.0,0.0,0.0,True,False,False,False,False,False,CASH -> CASH,2026-01
2026-02-01,CASH,0.0,0.0,0.0,CASH,0.0,0.0,0.0,0.0,True,False,False,False,False,False,CASH -> CASH,2026-02
2026-02-02,CASH,0.0,0.0,0.0,CASH,0.0,0.0,0.0,0.0,True,False,False,False,False,False,CASH -> CASH,2026-02
2026-02-03,CASH,0.0,0.0,0.0,CASH,0.0,0.0,0.0,0.0,True,False,False,False,False,False,CASH -> CASH,2026-02
2026-02-04,CASH,0.0,0.0,0.0,CASH,0.0,0.0,0.0,0.0,True,False,False,False,False,False,CASH -> CASH,2026-02
2026-02-05,CASH,0.0,0.0,0.0,CASH,0.0,0.0,0.0,0.0,True,False,False,False,False,False,CASH -> CASH,2026-02
2026-02-06,CASH,0.0,0.0,0.0,CASH,0.0,0.0,0.0,0.0,True,False,False,False,False,False,CASH -> CASH,2026-02
2026-02-07,CASH,0.0,0.0,0.0,CASH,0.0,0.0,0.0,0.0,True,False,False,False,False,False,CASH -> CASH,2026-02
2026-02-08,CASH,0.0,0.0,0.0,CASH,0.0,0.0,0.0,0.0,True,False,False,False,False,False,CASH -> CASH,2026-02
2026-02-09,CASH,0.0,0.0,0.0,CASH,0.0,0.0,0.0,0.0,True,False,False,False,False,False,CASH -> CASH,2026-02
2026-02-10,CASH,0.0,0.0,0.0,CASH,0.0,0.0,0.0,0.0,True,False,False,False,False,False,CASH -> CASH,2026-02
2026-02-11,CASH,0.0,0.0,0.0,CASH,0.0,0.0,0.0,0.0,True,False,False,False,False,False,CASH -> CASH,2026-02
2026-02-12,CASH,0.0,0.0,0.0,CASH,0.0,0.0,0.0,0.0,True,False,False,False,False,False,CASH -> CASH,2026-02
2026-02-13,CASH,0.0,0.0,0.0,CASH,0.0,0.0,0.0,0.0,True,False,False,False,False,False,CASH -> CASH,2026-02
2026-02-14,CASH,0.0,0.0,0.0,CASH,0.0,0.0,0.0,0.0,True,False,False,False,False,False,CASH -> CASH,2026-02
2026-02-15,CASH,0.0,0.0,0.0,CASH,0.0,0.0,0.0,0.0,True,False,False,False,False,False,CASH -> CASH,2026-02
2026-02-16,CASH,0.0,0.0,0.0,CASH,0.0,0.0,0.0,0.0,True,False,False,False,False,False,CASH -> CASH,2026-02
2026-02-17,CASH,0.0,0.0,0.0,CASH,0.0,0.0,0.0,0.0,True,False,False,False,False,False,CASH -> CASH,2026-02
2026-02-18,CASH,0.0,0.0,0.0,CASH,0.0,0.0,0.0,0.0,True,False,False,False,False,False,CASH -> CASH,2026-02
2026-02-19,CASH,0.0,0.0,0.0,CASH,0.0,0.0,0.0,0.0,True,False,False,False,False,False,CASH -> CASH,2026-02
2026-02-20,CASH,0.0,0.0,0.0,CASH,0.0,0.0,0.0,0.0,True,False,False,False,False,False,CASH -> CASH,2026-02
2026-02-21,CASH,0.0,0.0,0.0,CASH,0.0,0.0,0.0,0.0,True,False,False,False,False,False,CASH -> CASH,2026-02
2026-02-22,CASH,0.0,0.0,0.0,CASH,0.0,0.0,0.0,0.0,True,False,False,False,False,False,CASH -> CASH,2026-02
2026-02-23,CASH,0.0,0.0,0.0,CASH,0.0,0.0,0.0,0.0,True,False,False,False,False,False,CASH -> CASH,2026-02
2026-02-24,CASH,0.0,0.0,0.0,CASH,0.0,0.0,0.0,0.0,True,False,False,False,False,False,CASH -> CASH,2026-02
2026-02-25,CASH,0.0,0.0,0.0,CASH,0.0,0.0,0.0,0.0,True,False,False,False,False,False,CASH -> CASH,2026-02
2026-02-26,CASH,0.0,0.0,0.0,CASH,0.0,0.0,0.0,0.0,True,False,False,False,False,False,CASH -> CASH,2026-02
2026-02-27,CASH,0.0,0.0,0.0,CASH,0.0,0.0,0.0,0.0,True,False,False,False,False,False,CASH -> CASH,2026-02
2026-02-28,CASH,0.0,0.0,0.0,CASH,0.0,0.0,0.0,0.0,True,False,False,False,False,False,CASH -> CASH,2026-02
2026-03-01,CASH,0.0,0.0,0.0,CASH,0.0,0.0,0.0,0.0,True,False,False,False,False,False,CASH -> CASH,2026-03
2026-03-02,CASH,0.0,0.0,0.0,CASH,0.0,0.0,0.0,0.0,True,False,False,False,False,False,CASH -> CASH,2026-03
2026-03-03,CASH,0.0,0.0,0.0,CASH,0.0,0.0,0.0,0.0,True,False,False,False,False,False,CASH -> CASH,2026-03
2026-03-04,CASH,0.0,0.0,0.0,CASH,0.0,0.0,0.0,0.0,True,False,False,False,False,False,CASH -> CASH,2026-03
2026-03-05,CASH,0.0,0.0,0.0,CASH,0.0,0.0,0.0,0.0,True,False,False,False,False,False,CASH -> CASH,2026-03
2026-03-06,CASH,0.0,0.0,0.0,CASH,0.0,0.0,0.0,0.0,True,False,False,False,False,False,CASH -> CASH,2026-03
2026-03-07,CASH,0.0,0.0,0.0,CASH,0.0,0.0,0.0,0.0,True,False,False,False,False,False,CASH -> CASH,2026-03
2026-03-08,CASH,0.0,0.0,0.0,CASH,0.0,0.0,0.0,0.0,True,False,False,False,False,False,CASH -> CASH,2026-03
2026-03-09,CASH,0.0,0.0,0.0,CASH,0.0,0.0,0.0,0.0,True,False,False,False,False,False,CASH -> CASH,2026-03
2026-03-10,CASH,0.0,0.0,0.0,CASH,0.0,0.0,0.0,0.0,True,False,False,False,False,False,CASH -> CASH,2026-03
2026-03-11,CASH,0.0,0.0,0.0,CASH,0.0,0.0,0.0,0.0,True,False,False,False,False,False,CASH -> CASH,2026-03
2026-03-12,CASH,0.0,0.0,0.0,CASH,0.0,0.0,0.0,0.0,True,False,False,False,False,False,CASH -> CASH,2026-03
2026-03-13,CASH,0.0,0.0,0.0,CASH,0.0,0.0,0.0,0.0,True,False,False,False,False,False,CASH -> CASH,2026-03
2026-03-14,CASH,0.0,0.0,0.0,CASH,0.0,0.0,0.0,0.0,True,False,False,False,False,False,CASH -> CASH,2026-03
2026-03-15,CASH,0.0,0.0,0.0,CASH,0.0,0.0,0.0,0.0,True,False,False,False,False,False,CASH -> CASH,2026-03
2026-03-16,CASH,0.0,0.0,0.0,CASH,0.0,0.0,0.0,0.0,True,False,False,False,False,False,CASH -> CASH,2026-03
